[INFO] Scanning for projects...
[INFO] ------------------------------------------------------------------------
[INFO] Detecting the operating system and CPU architecture
[INFO] ------------------------------------------------------------------------
[INFO] os.detected.name: osx
[INFO] os.detected.arch: aarch_64
[INFO] os.detected.bitness: 64
[INFO] os.detected.version: 27.0
[INFO] os.detected.version.major: 27
[INFO] os.detected.version.minor: 0
[INFO] os.detected.classifier: osx-aarch_64
[INFO] 
[INFO] ---------------< io.akka.repro:akka-testkit-race-repro >----------------
[INFO] Building akka-testkit-race-repro 0.1.0-SNAPSHOT
[INFO]   from pom.xml
[INFO] --------------------------------[ jar ]---------------------------------
[INFO] 
[INFO] --- enforcer:3.5.0:enforce (enforce-build-rules) @ akka-testkit-race-repro ---
[INFO] No dependency conflicts with Akka runtime detected.
[INFO] Rule 0: akka.javasdk.enforcer.AkkaRuntimeDependencyRule(akkaRuntimeDependencyCheck) passed
[INFO] Rule 1: org.apache.maven.enforcer.rules.version.RequireMavenVersion passed
[INFO] Rule 2: org.apache.maven.enforcer.rules.version.RequireJavaVersion passed
[INFO] 
[INFO] --- antrun:3.1.0:run (clean-on-missing-descriptor) @ akka-testkit-race-repro ---
[INFO] Executing tasks
[INFO] Executed tasks
[INFO] 
[INFO] --- build-helper:3.2.0:add-source (add-java-source) @ akka-testkit-race-repro ---
[INFO] Source directory: /Users/jz/code/akka-testkit-race-repro/target/generated-sources/akka-grpc-java added.
[INFO] 
[INFO] --- resources:3.4.0:resources (default-resources) @ akka-testkit-race-repro ---
[INFO] Copying 1 resource from src/main/resources to target/classes
[INFO] 
[INFO] --- compiler:3.13.0:compile (default-compile) @ akka-testkit-race-repro ---
[INFO] Nothing to compile - all classes are up to date.
[INFO] 
[INFO] --- build-helper:3.2.0:add-test-source (add-integration-test-source) @ akka-testkit-race-repro ---
[INFO] Test Source directory: /Users/jz/code/akka-testkit-race-repro/src/it/java added.
[INFO] 
[INFO] --- build-helper:3.2.0:add-test-resource (add-integration-test-resource) @ akka-testkit-race-repro ---
[INFO] 
[INFO] --- resources:3.4.0:testResources (default-testResources) @ akka-testkit-race-repro ---
[INFO] Copying 2 resources from src/test/resources to target/test-classes
[INFO] skip non existing resourceDirectory /Users/jz/code/akka-testkit-race-repro/src/it/resources
[INFO] 
[INFO] --- compiler:3.13.0:testCompile (default-testCompile) @ akka-testkit-race-repro ---
[INFO] Nothing to compile - all classes are up to date.
[INFO] 
[INFO] --- surefire:2.22.2:test (default-test) @ akka-testkit-race-repro ---
[WARNING] The system property akka.javasdk.dev-mode.project-artifact-id is configured twice! The property appears in <argLine/> and any of <systemPropertyVariables/>, <systemProperties/> or user property.
[WARNING] The system property logback.configurationFile is configured twice! The property appears in <argLine/> and any of <systemPropertyVariables/>, <systemProperties/> or user property.
[INFO] 
[INFO] -------------------------------------------------------
[INFO]  T E S T S
[INFO] -------------------------------------------------------
[INFO] Running repro.BootstrapWorkTimingTest
08:08:29.928 INFO  akka.runtime.AkkaRuntimeMain - Starting Akka Runtime version [1.6.15]
08:08:30.126 INFO  akka.javasdk.impl.ComponentLocator$ - Looking for component descriptors matching pattern [META-INF/akka-javasdk-components_*.conf]
08:08:30.177 INFO  akka.javasdk.testkit.TestKit - Eventing TestKit booting up on port: 63288
08:08:30.229 DEBUG a.c.singleton.ClusterSingletonProxy - Creating singleton identification timer...
08:08:30.230 DEBUG a.c.singleton.ClusterSingletonProxy - Trying to identify singleton at [akka://akka-runtime@127.0.0.1:63289/system/singletonManagerschemaSingleton/schemaSingleton]
08:08:30.233 DEBUG a.c.singleton.ClusterSingletonProxy - Singleton not available, buffering message type [kalix.runtime.SchemaSingleton$ExecDdl]
08:08:30.237 INFO  a.c.s.ClusterSingletonManager - Singleton manager starting singleton actor [akka://akka-runtime/system/singletonManagerschemaSingleton/schemaSingleton]
08:08:30.237 INFO  a.c.s.ClusterSingletonManager - ClusterSingletonManager state change [Start -> Oldest]
08:08:30.284 INFO  akka.javasdk.testkit.TestKit - Checking runtime status
08:08:30.301 DEBUG a.c.singleton.ClusterSingletonProxy - Trying to identify singleton at [akka://akka-runtime@127.0.0.1:63289/system/singletonManagerschemaSingleton/schemaSingleton]
08:08:30.301 INFO  a.c.singleton.ClusterSingletonProxy - Singleton identified at [akka://akka-runtime/system/singletonManagerschemaSingleton/schemaSingleton]
08:08:30.301 DEBUG a.c.singleton.ClusterSingletonProxy - Sending buffered messages to current singleton instance
08:08:30.376 INFO  a.c.s.typed.scaladsl.ClusterSharding - Starting Shard Region [passivation-race-entity]...
08:08:30.387 INFO  a.c.s.ClusterSingletonManager - Singleton manager starting singleton actor [akka://akka-runtime/system/sharding/passivation-race-entityCoordinator/singleton]
08:08:30.388 INFO  a.c.s.ClusterSingletonManager - ClusterSingletonManager state change [Start -> Oldest]
08:08:30.393 DEBUG a.c.sharding.DDataShardCoordinator - passivation-race-entity: Initial coordinator is empty.
08:08:30.394 INFO  a.c.sharding.DDataShardCoordinator - passivation-race-entity: ShardCoordinator was moved to the active state with [0] shards
08:08:30.394 INFO  akka.cluster.sharding.ShardRegion - passivation-race-entity: Automatic entity passivation: composite strategy with limit of [10000] active entities, admission window (least recently used entities) with proportions [initial = 0.01, min = 0.01, max = 1.0] adapting with hill-climbing optimizer [adjust multiplier = 10.0, initial step = 0.0625, restart threshold = 0.05, step decay = 0.98], admit using frequency sketch [width multiplier = 4, reset multiplier = 10.0, depth = 4, counter bits = 4], main (least recently used entities (segmented with [2] levels with proportions of [0.20, 0.80]))
08:08:30.395 DEBUG a.c.sharding.DDataShardCoordinator - passivation-race-entity: ShardRegion registered: [Actor[akka://akka-runtime/system/sharding/passivation-race-entity#1859290688]]
08:08:30.399 DEBUG a.c.sharding.DDataShardCoordinator - passivation-race-entity: The coordinator state was successfully updated with ShardRegionRegistered(Actor[akka://akka-runtime/system/sharding/passivation-race-entity#1859290688])
08:08:30.450 DEBUG a.c.singleton.ClusterSingletonProxy - Forwarding message of type [SchemaSingleton$ExecDdl] to current singleton instance at [akka://akka-runtime/system/singletonManagerschemaSingleton/schemaSingleton]
08:08:30.455 INFO  akka.runtime.DiscoveryManager - Service components: EventSourcedEntity: [1], Consumer: [2], View: [1]
08:08:30.526 INFO  a.c.s.typed.scaladsl.ClusterSharding - Starting Shard Region [_timer]...
08:08:30.527 INFO  a.c.s.ClusterSingletonManager - Singleton manager starting singleton actor [akka://akka-runtime/system/sharding/_timerCoordinator/singleton]
08:08:30.527 INFO  a.c.s.ClusterSingletonManager - ClusterSingletonManager state change [Start -> Oldest]
08:08:30.528 DEBUG a.c.sharding.DDataShardCoordinator - _timer: Starting remember entities store from provider akka.cluster.sharding.internal.DDataRememberEntitiesProvider@35bef71c
08:08:30.529 DEBUG a.c.sharding.DDataShardCoordinator - _timer: Initial coordinator is empty.
08:08:30.529 INFO  a.c.sharding.DDataShardCoordinator - _timer: ShardCoordinator was moved to the active state with [0] shards
08:08:30.530 DEBUG a.c.sharding.DDataShardCoordinator - _timer: Received [0] remembered shard ids (after state initialized)
08:08:30.531 INFO  a.c.s.typed.scaladsl.ClusterSharding - Starting Shard Region [sharded-daemon-process-eventSourcedProjection-passivation-race-entity-passivation-race-consumer-a]...
08:08:30.532 INFO  akka.cluster.sharding.ShardRegion - sharded-daemon-process-eventSourcedProjection-passivation-race-entity-passivation-race-consumer-a: Automatic entity passivation: disabled
08:08:30.533 INFO  a.c.s.ClusterSingletonManager - Singleton manager starting singleton actor [akka://akka-runtime/system/sharding/sharded-daemon-process-eventSourcedProjection-passivation-race-entity-passivation-race-consumer-aCoordinator/singleton]
08:08:30.533 INFO  a.c.s.ClusterSingletonManager - ClusterSingletonManager state change [Start -> Oldest]
08:08:30.534 DEBUG a.c.sharding.DDataShardCoordinator - sharded-daemon-process-eventSourcedProjection-passivation-race-entity-passivation-race-consumer-a: Initial coordinator is empty.
08:08:30.534 INFO  a.c.sharding.DDataShardCoordinator - sharded-daemon-process-eventSourcedProjection-passivation-race-entity-passivation-race-consumer-a: ShardCoordinator was moved to the active state with [0] shards
08:08:30.534 DEBUG a.c.singleton.ClusterSingletonProxy - Creating singleton identification timer...
08:08:30.535 DEBUG a.c.singleton.ClusterSingletonProxy - Trying to identify singleton at [akka://akka-runtime@127.0.0.1:63289/system/singletonManagerShardedDaemonProcessCoordinator-eventSourcedProjection-passivation-race-entity-passivation-race-consumer-a/ShardedDaemonProcessCoordinator-eventSourcedProjection-passivation-race-entity-passivation-race-consumer-a]
08:08:30.535 INFO  a.c.s.typed.scaladsl.ClusterSharding - Starting Shard Region [sharded-daemon-process-eventSourcedProjection-passivation-race-entity-passivation-race-consumer-b]...
08:08:30.535 INFO  a.c.s.ClusterSingletonManager - Singleton manager starting singleton actor [akka://akka-runtime/system/singletonManagerShardedDaemonProcessCoordinator-eventSourcedProjection-passivation-race-entity-passivation-race-consumer-a/ShardedDaemonProcessCoordinator-eventSourcedProjection-passivation-race-entity-passivation-race-consumer-a]
08:08:30.535 INFO  a.c.s.ClusterSingletonManager - ClusterSingletonManager state change [Start -> Oldest]
08:08:30.535 INFO  akka.cluster.sharding.ShardRegion - sharded-daemon-process-eventSourcedProjection-passivation-race-entity-passivation-race-consumer-b: Automatic entity passivation: disabled
08:08:30.536 DEBUG a.c.s.t.i.ShardedDaemonProcessCoordinator$ - ShardedDaemonProcessCoordinator for [eventSourcedProjection-passivation-race-entity-passivation-race-consumer-a] starting
08:08:30.536 DEBUG a.c.singleton.ClusterSingletonProxy - Creating singleton identification timer...
08:08:30.536 DEBUG a.c.singleton.ClusterSingletonProxy - Trying to identify singleton at [akka://akka-runtime@127.0.0.1:63289/system/singletonManagerShardedDaemonProcessCoordinator-eventSourcedProjection-passivation-race-entity-passivation-race-consumer-b/ShardedDaemonProcessCoordinator-eventSourcedProjection-passivation-race-entity-passivation-race-consumer-b]
08:08:30.537 INFO  a.c.s.ClusterSingletonManager - Singleton manager starting singleton actor [akka://akka-runtime/system/sharding/sharded-daemon-process-eventSourcedProjection-passivation-race-entity-passivation-race-consumer-bCoordinator/singleton]
08:08:30.537 INFO  a.c.s.ClusterSingletonManager - ClusterSingletonManager state change [Start -> Oldest]
08:08:30.537 INFO  a.c.s.ClusterSingletonManager - Singleton manager starting singleton actor [akka://akka-runtime/system/singletonManagerShardedDaemonProcessCoordinator-eventSourcedProjection-passivation-race-entity-passivation-race-consumer-b/ShardedDaemonProcessCoordinator-eventSourcedProjection-passivation-race-entity-passivation-race-consumer-b]
08:08:30.537 INFO  a.c.s.ClusterSingletonManager - ClusterSingletonManager state change [Start -> Oldest]
08:08:30.537 DEBUG a.c.s.t.i.ShardedDaemonProcessCoordinator$ - ShardedDaemonProcessCoordinator for [eventSourcedProjection-passivation-race-entity-passivation-race-consumer-b] starting
08:08:30.537 INFO  a.c.s.typed.scaladsl.ClusterSharding - Starting Shard Region [sharded-daemon-process-eventSourcedProjection-passivation-race-entity-passivation-race-view]...
08:08:30.537 DEBUG a.c.sharding.DDataShardCoordinator - sharded-daemon-process-eventSourcedProjection-passivation-race-entity-passivation-race-consumer-b: Initial coordinator is empty.
08:08:30.537 INFO  a.c.sharding.DDataShardCoordinator - sharded-daemon-process-eventSourcedProjection-passivation-race-entity-passivation-race-consumer-b: ShardCoordinator was moved to the active state with [0] shards
08:08:30.538 INFO  akka.cluster.sharding.ShardRegion - sharded-daemon-process-eventSourcedProjection-passivation-race-entity-passivation-race-view: Automatic entity passivation: disabled
08:08:30.539 DEBUG a.c.singleton.ClusterSingletonProxy - Creating singleton identification timer...
08:08:30.539 DEBUG a.c.singleton.ClusterSingletonProxy - Trying to identify singleton at [akka://akka-runtime@127.0.0.1:63289/system/singletonManagerShardedDaemonProcessCoordinator-eventSourcedProjection-passivation-race-entity-passivation-race-view/ShardedDaemonProcessCoordinator-eventSourcedProjection-passivation-race-entity-passivation-race-view]
08:08:30.540 INFO  a.c.s.ClusterSingletonManager - Singleton manager starting singleton actor [akka://akka-runtime/system/sharding/sharded-daemon-process-eventSourcedProjection-passivation-race-entity-passivation-race-viewCoordinator/singleton]
08:08:30.540 INFO  a.c.s.ClusterSingletonManager - ClusterSingletonManager state change [Start -> Oldest]
08:08:30.540 DEBUG a.c.s.t.i.ShardedDaemonProcessCoordinator$ - eventSourcedProjection-passivation-race-entity-passivation-race-consumer-b: No previous state stored for Sharded Daemon Process
08:08:30.540 DEBUG a.c.s.t.i.ShardedDaemonProcessCoordinator$ - eventSourcedProjection-passivation-race-entity-passivation-race-consumer-a: No previous state stored for Sharded Daemon Process
08:08:30.540 INFO  a.c.s.ClusterSingletonManager - Singleton manager starting singleton actor [akka://akka-runtime/system/singletonManagerShardedDaemonProcessCoordinator-eventSourcedProjection-passivation-race-entity-passivation-race-view/ShardedDaemonProcessCoordinator-eventSourcedProjection-passivation-race-entity-passivation-race-view]
08:08:30.540 DEBUG a.c.sharding.DDataShardCoordinator - sharded-daemon-process-eventSourcedProjection-passivation-race-entity-passivation-race-view: Initial coordinator is empty.
08:08:30.541 INFO  a.c.sharding.DDataShardCoordinator - sharded-daemon-process-eventSourcedProjection-passivation-race-entity-passivation-race-view: ShardCoordinator was moved to the active state with [0] shards
08:08:30.541 DEBUG a.c.s.t.i.ShardedDaemonProcessCoordinator$ - ShardedDaemonProcessCoordinator for [eventSourcedProjection-passivation-race-entity-passivation-race-view] starting
08:08:30.541 INFO  a.c.s.ClusterSingletonManager - ClusterSingletonManager state change [Start -> Oldest]
08:08:30.541 DEBUG a.c.s.t.i.ShardedDaemonProcessCoordinator$ - eventSourcedProjection-passivation-race-entity-passivation-race-view: No previous state stored for Sharded Daemon Process
08:08:30.543 DEBUG a.c.s.t.i.ShardedDaemonProcessCoordinator$ - Sending periodic keep alive for Sharded Daemon Process [eventSourcedProjection-passivation-race-entity-passivation-race-view] to [1] processes (revision [0]).
08:08:30.543 DEBUG a.c.s.t.i.ShardedDaemonProcessCoordinator$ - Sending periodic keep alive for Sharded Daemon Process [eventSourcedProjection-passivation-race-entity-passivation-race-consumer-a] to [1] processes (revision [0]).
08:08:30.543 DEBUG a.c.s.t.i.ShardedDaemonProcessCoordinator$ - Sending periodic keep alive for Sharded Daemon Process [eventSourcedProjection-passivation-race-entity-passivation-race-consumer-b] to [1] processes (revision [0]).
08:08:30.579 INFO  akka.runtime.DiscoveryManager - Akka Runtime started at 127.0.0.1:63287
08:08:30.579 INFO  repro.Bootstrap - onStartup burst of 8 starting
08:08:30.593 DEBUG a.c.sharding.DDataShardCoordinator - passivation-race-entity: The coordinator state was successfully updated with ShardHomeAllocated(477,Actor[akka://akka-runtime/system/sharding/passivation-race-entity#1859290688])
08:08:30.593 DEBUG a.c.sharding.DDataShardCoordinator - passivation-race-entity: Shard [477] allocated at [Actor[akka://akka-runtime/system/sharding/passivation-race-entity#1859290688]]
08:08:30.600 DEBUG akka.cluster.sharding.Shard - passivation-race-entity: Shard initialized
08:08:30.600 DEBUG a.c.singleton.ClusterSingletonProxy - Trying to identify singleton at [akka://akka-runtime@127.0.0.1:63289/system/singletonManagerShardedDaemonProcessCoordinator-eventSourcedProjection-passivation-race-entity-passivation-race-consumer-a/ShardedDaemonProcessCoordinator-eventSourcedProjection-passivation-race-entity-passivation-race-consumer-a]
08:08:30.600 DEBUG a.c.singleton.ClusterSingletonProxy - Trying to identify singleton at [akka://akka-runtime@127.0.0.1:63289/system/singletonManagerShardedDaemonProcessCoordinator-eventSourcedProjection-passivation-race-entity-passivation-race-view/ShardedDaemonProcessCoordinator-eventSourcedProjection-passivation-race-entity-passivation-race-view]
08:08:30.601 DEBUG a.c.singleton.ClusterSingletonProxy - Trying to identify singleton at [akka://akka-runtime@127.0.0.1:63289/system/singletonManagerShardedDaemonProcessCoordinator-eventSourcedProjection-passivation-race-entity-passivation-race-consumer-b/ShardedDaemonProcessCoordinator-eventSourcedProjection-passivation-race-entity-passivation-race-consumer-b]
08:08:30.601 INFO  a.c.singleton.ClusterSingletonProxy - Singleton identified at [akka://akka-runtime/system/singletonManagerShardedDaemonProcessCoordinator-eventSourcedProjection-passivation-race-entity-passivation-race-consumer-a/ShardedDaemonProcessCoordinator-eventSourcedProjection-passivation-race-entity-passivation-race-consumer-a]
08:08:30.601 DEBUG a.c.singleton.ClusterSingletonProxy - Sending buffered messages to current singleton instance
08:08:30.601 INFO  a.c.singleton.ClusterSingletonProxy - Singleton identified at [akka://akka-runtime/system/singletonManagerShardedDaemonProcessCoordinator-eventSourcedProjection-passivation-race-entity-passivation-race-view/ShardedDaemonProcessCoordinator-eventSourcedProjection-passivation-race-entity-passivation-race-view]
08:08:30.601 INFO  a.c.singleton.ClusterSingletonProxy - Singleton identified at [akka://akka-runtime/system/singletonManagerShardedDaemonProcessCoordinator-eventSourcedProjection-passivation-race-entity-passivation-race-consumer-b/ShardedDaemonProcessCoordinator-eventSourcedProjection-passivation-race-entity-passivation-race-consumer-b]
08:08:30.601 DEBUG a.c.singleton.ClusterSingletonProxy - Sending buffered messages to current singleton instance
08:08:30.601 DEBUG a.c.singleton.ClusterSingletonProxy - Sending buffered messages to current singleton instance
08:08:30.602 DEBUG akka.cluster.sharding.Shard - passivation-race-entity: Started entity [Actor[akka://akka-runtime/system/sharding/passivation-race-entity/477/3300ff80-14e3-4489-a649-04b996e814ba#1606504502]] with entity id [3300ff80-14e3-4489-a649-04b996e814ba] in shard [477]
08:08:30.684 DEBUG a.c.sharding.DDataShardCoordinator - passivation-race-entity: The coordinator state was successfully updated with ShardHomeAllocated(31,Actor[akka://akka-runtime/system/sharding/passivation-race-entity#1859290688])
08:08:30.684 DEBUG a.c.sharding.DDataShardCoordinator - passivation-race-entity: Shard [31] allocated at [Actor[akka://akka-runtime/system/sharding/passivation-race-entity#1859290688]]
08:08:30.685 DEBUG akka.cluster.sharding.Shard - passivation-race-entity: Shard initialized
08:08:30.685 DEBUG akka.cluster.sharding.Shard - passivation-race-entity: Started entity [Actor[akka://akka-runtime/system/sharding/passivation-race-entity/31/9b11a338-f8bd-4240-b246-6b20cf7146df#-1500234774]] with entity id [9b11a338-f8bd-4240-b246-6b20cf7146df] in shard [31]
08:08:30.691 DEBUG a.c.sharding.DDataShardCoordinator - passivation-race-entity: The coordinator state was successfully updated with ShardHomeAllocated(653,Actor[akka://akka-runtime/system/sharding/passivation-race-entity#1859290688])
08:08:30.691 DEBUG a.c.sharding.DDataShardCoordinator - passivation-race-entity: Shard [653] allocated at [Actor[akka://akka-runtime/system/sharding/passivation-race-entity#1859290688]]
08:08:30.691 DEBUG akka.cluster.sharding.Shard - passivation-race-entity: Shard initialized
08:08:30.691 DEBUG akka.cluster.sharding.Shard - passivation-race-entity: Started entity [Actor[akka://akka-runtime/system/sharding/passivation-race-entity/653/8cd93ce5-3b68-49b4-a05a-700be47b9c09#1734743543]] with entity id [8cd93ce5-3b68-49b4-a05a-700be47b9c09] in shard [653]
08:08:30.696 DEBUG a.c.sharding.DDataShardCoordinator - passivation-race-entity: The coordinator state was successfully updated with ShardHomeAllocated(206,Actor[akka://akka-runtime/system/sharding/passivation-race-entity#1859290688])
08:08:30.696 DEBUG a.c.sharding.DDataShardCoordinator - passivation-race-entity: Shard [206] allocated at [Actor[akka://akka-runtime/system/sharding/passivation-race-entity#1859290688]]
08:08:30.696 DEBUG akka.cluster.sharding.Shard - passivation-race-entity: Shard initialized
08:08:30.696 DEBUG akka.cluster.sharding.Shard - passivation-race-entity: Started entity [Actor[akka://akka-runtime/system/sharding/passivation-race-entity/206/eeff98e4-8e19-4f29-8573-89b293c9ed92#-122685882]] with entity id [eeff98e4-8e19-4f29-8573-89b293c9ed92] in shard [206]
08:08:30.700 DEBUG a.c.sharding.DDataShardCoordinator - passivation-race-entity: The coordinator state was successfully updated with ShardHomeAllocated(465,Actor[akka://akka-runtime/system/sharding/passivation-race-entity#1859290688])
08:08:30.701 DEBUG a.c.sharding.DDataShardCoordinator - passivation-race-entity: Shard [465] allocated at [Actor[akka://akka-runtime/system/sharding/passivation-race-entity#1859290688]]
08:08:30.701 DEBUG akka.cluster.sharding.Shard - passivation-race-entity: Shard initialized
08:08:30.701 DEBUG akka.cluster.sharding.Shard - passivation-race-entity: Started entity [Actor[akka://akka-runtime/system/sharding/passivation-race-entity/465/fa9df6d0-4d38-4fc7-9004-c2de0527dfd9#837109403]] with entity id [fa9df6d0-4d38-4fc7-9004-c2de0527dfd9] in shard [465]
08:08:30.705 DEBUG a.c.sharding.DDataShardCoordinator - passivation-race-entity: The coordinator state was successfully updated with ShardHomeAllocated(387,Actor[akka://akka-runtime/system/sharding/passivation-race-entity#1859290688])
08:08:30.705 DEBUG a.c.sharding.DDataShardCoordinator - passivation-race-entity: Shard [387] allocated at [Actor[akka://akka-runtime/system/sharding/passivation-race-entity#1859290688]]
08:08:30.705 DEBUG akka.cluster.sharding.Shard - passivation-race-entity: Shard initialized
08:08:30.705 DEBUG akka.cluster.sharding.Shard - passivation-race-entity: Started entity [Actor[akka://akka-runtime/system/sharding/passivation-race-entity/387/431e329f-acef-482d-9373-72e5e666070d#-1427285688]] with entity id [431e329f-acef-482d-9373-72e5e666070d] in shard [387]
08:08:30.709 DEBUG a.c.sharding.DDataShardCoordinator - passivation-race-entity: The coordinator state was successfully updated with ShardHomeAllocated(969,Actor[akka://akka-runtime/system/sharding/passivation-race-entity#1859290688])
08:08:30.709 DEBUG a.c.sharding.DDataShardCoordinator - passivation-race-entity: Shard [969] allocated at [Actor[akka://akka-runtime/system/sharding/passivation-race-entity#1859290688]]
08:08:30.710 DEBUG akka.cluster.sharding.Shard - passivation-race-entity: Shard initialized
08:08:30.710 DEBUG akka.cluster.sharding.Shard - passivation-race-entity: Started entity [Actor[akka://akka-runtime/system/sharding/passivation-race-entity/969/9f79f8fa-1381-44b4-be55-927a1c02f3b5#1795154915]] with entity id [9f79f8fa-1381-44b4-be55-927a1c02f3b5] in shard [969]
08:08:30.714 DEBUG a.c.sharding.DDataShardCoordinator - passivation-race-entity: The coordinator state was successfully updated with ShardHomeAllocated(770,Actor[akka://akka-runtime/system/sharding/passivation-race-entity#1859290688])
08:08:30.714 DEBUG a.c.sharding.DDataShardCoordinator - passivation-race-entity: Shard [770] allocated at [Actor[akka://akka-runtime/system/sharding/passivation-race-entity#1859290688]]
08:08:30.715 DEBUG akka.cluster.sharding.Shard - passivation-race-entity: Shard initialized
08:08:30.715 DEBUG akka.cluster.sharding.Shard - passivation-race-entity: Started entity [Actor[akka://akka-runtime/system/sharding/passivation-race-entity/770/9b9ae229-4b8b-4417-b020-17747cd0323d#-1513318135]] with entity id [9b9ae229-4b8b-4417-b020-17747cd0323d] in shard [770]
08:08:30.721 INFO  repro.Bootstrap - onStartup burst of 8 done
08:08:30.732 INFO  akka.javasdk.testkit.TestKit - Runtime started
08:08:30.735 INFO  akka.actor.CoordinatedShutdown - Running CoordinatedShutdown with reason [ActorSystemTerminateReason]
08:08:30.735 DEBUG akka.actor.CoordinatedShutdown - Performing phase [before-service-unbind] with [0] tasks
08:08:30.735 DEBUG akka.actor.CoordinatedShutdown - Performing phase [service-unbind] with [1] tasks.
08:08:30.735 DEBUG akka.actor.CoordinatedShutdown - Performing task [http-unbind-/127.0.0.1:63287] in CoordinatedShutdown phase [service-unbind]
08:08:30.736 DEBUG akka.actor.CoordinatedShutdown - Performing phase [service-requests-done] with [1] tasks.
08:08:30.736 DEBUG akka.actor.CoordinatedShutdown - Performing task [http-terminate-/127.0.0.1:63287] in CoordinatedShutdown phase [service-requests-done]
08:08:30.738 DEBUG akka.actor.CoordinatedShutdown - Performing phase [service-stop] with [1] tasks.
08:08:30.738 DEBUG akka.actor.CoordinatedShutdown - Performing task [stop-grpc-clients] in CoordinatedShutdown phase [service-stop]
08:08:30.738 DEBUG akka.actor.CoordinatedShutdown - Performing phase [before-cluster-shutdown] with [0] tasks
08:08:30.738 DEBUG akka.actor.CoordinatedShutdown - Performing phase [cluster-sharding-shutdown-region] with [5] tasks.
08:08:30.738 DEBUG akka.actor.CoordinatedShutdown - Performing task [region-shutdown] in CoordinatedShutdown phase [cluster-sharding-shutdown-region]
08:08:30.738 DEBUG akka.actor.CoordinatedShutdown - Performing task [region-shutdown] in CoordinatedShutdown phase [cluster-sharding-shutdown-region]
08:08:30.738 DEBUG akka.actor.CoordinatedShutdown - Performing task [region-shutdown] in CoordinatedShutdown phase [cluster-sharding-shutdown-region]
08:08:30.739 DEBUG akka.actor.CoordinatedShutdown - Performing task [region-shutdown] in CoordinatedShutdown phase [cluster-sharding-shutdown-region]
08:08:30.739 DEBUG akka.actor.CoordinatedShutdown - Performing task [region-shutdown] in CoordinatedShutdown phase [cluster-sharding-shutdown-region]
08:08:30.739 DEBUG a.c.sharding.DDataShardCoordinator - sharded-daemon-process-eventSourcedProjection-passivation-race-entity-passivation-race-consumer-a: Unknown region requested graceful shutdown [Actor[akka://akka-runtime/system/sharding/sharded-daemon-process-eventSourcedProjection-passivation-race-entity-passivation-race-consumer-a#-1652377757]]
08:08:30.739 DEBUG a.c.sharding.DDataShardCoordinator - sharded-daemon-process-eventSourcedProjection-passivation-race-entity-passivation-race-consumer-b: Unknown region requested graceful shutdown [Actor[akka://akka-runtime/system/sharding/sharded-daemon-process-eventSourcedProjection-passivation-race-entity-passivation-race-consumer-b#1465349715]]
08:08:30.739 DEBUG a.c.sharding.DDataShardCoordinator - passivation-race-entity: Graceful shutdown of region [Actor[akka://akka-runtime/system/sharding/passivation-race-entity#1859290688]] with [8] shards
08:08:30.739 DEBUG a.c.sharding.DDataShardCoordinator - sharded-daemon-process-eventSourcedProjection-passivation-race-entity-passivation-race-view: Unknown region requested graceful shutdown [Actor[akka://akka-runtime/system/sharding/sharded-daemon-process-eventSourcedProjection-passivation-race-entity-passivation-race-view#1039396477]]
08:08:30.739 INFO  a.c.sharding.DDataShardCoordinator - passivation-race-entity: Starting shutting down shards [770,206,387,653,31,477,969,465] due to region shutting down or explicit stopping of shards.
08:08:30.739 DEBUG a.c.sharding.DDataShardCoordinator - _timer: Unknown region requested graceful shutdown [Actor[akka://akka-runtime/system/sharding/_timer#1537777589]]
08:08:30.741 DEBUG a.c.s.ShardCoordinator$RebalanceWorker - passivation-race-entity: Shutting down shard [206] from region [Actor[akka://akka-runtime/system/sharding/passivation-race-entity#1859290688]]. Asking [1] region(s) to hand-off shard
08:08:30.741 DEBUG a.c.s.ShardCoordinator$RebalanceWorker - passivation-race-entity: Shutting down shard [969] from region [Actor[akka://akka-runtime/system/sharding/passivation-race-entity#1859290688]]. Asking [1] region(s) to hand-off shard
08:08:30.741 DEBUG a.c.s.ShardCoordinator$RebalanceWorker - passivation-race-entity: Shutting down shard [477] from region [Actor[akka://akka-runtime/system/sharding/passivation-race-entity#1859290688]]. Asking [1] region(s) to hand-off shard
08:08:30.741 DEBUG a.c.s.ShardCoordinator$RebalanceWorker - passivation-race-entity: Shutting down shard [653] from region [Actor[akka://akka-runtime/system/sharding/passivation-race-entity#1859290688]]. Asking [1] region(s) to hand-off shard
08:08:30.741 DEBUG a.c.s.ShardCoordinator$RebalanceWorker - passivation-race-entity: Shutting down shard [31] from region [Actor[akka://akka-runtime/system/sharding/passivation-race-entity#1859290688]]. Asking [1] region(s) to hand-off shard
08:08:30.741 DEBUG a.c.s.ShardCoordinator$RebalanceWorker - passivation-race-entity: Shutting down shard [465] from region [Actor[akka://akka-runtime/system/sharding/passivation-race-entity#1859290688]]. Asking [1] region(s) to hand-off shard
08:08:30.741 DEBUG a.c.s.ShardCoordinator$RebalanceWorker - passivation-race-entity: Shutting down shard [387] from region [Actor[akka://akka-runtime/system/sharding/passivation-race-entity#1859290688]]. Asking [1] region(s) to hand-off shard
08:08:30.741 DEBUG a.c.s.ShardCoordinator$RebalanceWorker - passivation-race-entity: Shutting down shard [770] from region [Actor[akka://akka-runtime/system/sharding/passivation-race-entity#1859290688]]. Asking [1] region(s) to hand-off shard
08:08:30.741 DEBUG a.c.s.ShardCoordinator$RebalanceWorker - passivation-race-entity: BeginHandOffAck for shard [206] received from [Actor[akka://akka-runtime/system/sharding/passivation-race-entity#1859290688]].
08:08:30.741 DEBUG a.c.s.ShardCoordinator$RebalanceWorker - passivation-race-entity: All shard regions acked, handing off shard [206].
08:08:30.741 DEBUG a.c.s.ShardCoordinator$RebalanceWorker - passivation-race-entity: BeginHandOffAck for shard [477] received from [Actor[akka://akka-runtime/system/sharding/passivation-race-entity#1859290688]].
08:08:30.741 DEBUG a.c.s.ShardCoordinator$RebalanceWorker - passivation-race-entity: All shard regions acked, handing off shard [477].
08:08:30.741 DEBUG a.c.s.ShardCoordinator$RebalanceWorker - passivation-race-entity: BeginHandOffAck for shard [653] received from [Actor[akka://akka-runtime/system/sharding/passivation-race-entity#1859290688]].
08:08:30.741 DEBUG a.c.s.ShardCoordinator$RebalanceWorker - passivation-race-entity: All shard regions acked, handing off shard [653].
08:08:30.741 DEBUG a.c.s.ShardCoordinator$RebalanceWorker - passivation-race-entity: BeginHandOffAck for shard [387] received from [Actor[akka://akka-runtime/system/sharding/passivation-race-entity#1859290688]].
08:08:30.741 DEBUG a.c.s.ShardCoordinator$RebalanceWorker - passivation-race-entity: All shard regions acked, handing off shard [387].
08:08:30.741 DEBUG a.c.s.ShardCoordinator$RebalanceWorker - passivation-race-entity: BeginHandOffAck for shard [969] received from [Actor[akka://akka-runtime/system/sharding/passivation-race-entity#1859290688]].
08:08:30.741 DEBUG a.c.s.ShardCoordinator$RebalanceWorker - passivation-race-entity: BeginHandOffAck for shard [465] received from [Actor[akka://akka-runtime/system/sharding/passivation-race-entity#1859290688]].
08:08:30.741 DEBUG a.c.s.ShardCoordinator$RebalanceWorker - passivation-race-entity: All shard regions acked, handing off shard [969].
08:08:30.741 DEBUG a.c.s.ShardCoordinator$RebalanceWorker - passivation-race-entity: All shard regions acked, handing off shard [465].
08:08:30.741 DEBUG a.c.s.ShardCoordinator$RebalanceWorker - passivation-race-entity: BeginHandOffAck for shard [31] received from [Actor[akka://akka-runtime/system/sharding/passivation-race-entity#1859290688]].
08:08:30.741 DEBUG a.c.s.ShardCoordinator$RebalanceWorker - passivation-race-entity: All shard regions acked, handing off shard [31].
08:08:30.741 DEBUG a.c.s.ShardCoordinator$RebalanceWorker - passivation-race-entity: BeginHandOffAck for shard [770] received from [Actor[akka://akka-runtime/system/sharding/passivation-race-entity#1859290688]].
08:08:30.741 DEBUG a.c.s.ShardCoordinator$RebalanceWorker - passivation-race-entity: All shard regions acked, handing off shard [770].
08:08:30.741 DEBUG akka.cluster.sharding.Shard - passivation-race-entity: HandOff shard [653]
08:08:30.741 DEBUG akka.cluster.sharding.Shard - passivation-race-entity: HandOff shard [206]
08:08:30.741 DEBUG akka.cluster.sharding.Shard - passivation-race-entity: HandOff shard [477]
08:08:30.741 DEBUG akka.cluster.sharding.Shard - passivation-race-entity: Starting HandOffStopper for shard [653] to terminate [1] entities.
08:08:30.741 DEBUG akka.cluster.sharding.Shard - passivation-race-entity: Starting HandOffStopper for shard [477] to terminate [1] entities.
08:08:30.741 DEBUG akka.cluster.sharding.Shard - passivation-race-entity: Starting HandOffStopper for shard [206] to terminate [1] entities.
08:08:30.741 DEBUG akka.cluster.sharding.Shard - passivation-race-entity: HandOff shard [387]
08:08:30.741 DEBUG akka.cluster.sharding.Shard - passivation-race-entity: Starting HandOffStopper for shard [387] to terminate [1] entities.
08:08:30.741 DEBUG akka.cluster.sharding.Shard - passivation-race-entity: HandOff shard [969]
08:08:30.741 DEBUG akka.cluster.sharding.Shard - passivation-race-entity: Starting HandOffStopper for shard [969] to terminate [1] entities.
08:08:30.741 DEBUG akka.cluster.sharding.Shard - passivation-race-entity: HandOff shard [465]
08:08:30.741 DEBUG akka.cluster.sharding.Shard - passivation-race-entity: HandOff shard [31]
08:08:30.741 DEBUG akka.cluster.sharding.Shard - passivation-race-entity: Starting HandOffStopper for shard [465] to terminate [1] entities.
08:08:30.741 DEBUG akka.cluster.sharding.Shard - passivation-race-entity: Starting HandOffStopper for shard [31] to terminate [1] entities.
08:08:30.741 DEBUG akka.cluster.sharding.Shard - passivation-race-entity: HandOff shard [770]
08:08:30.742 DEBUG akka.cluster.sharding.Shard - passivation-race-entity: Starting HandOffStopper for shard [770] to terminate [1] entities.
08:08:30.746 DEBUG akka.cluster.sharding.Shard - passivation-race-entity: Shard [969] shutting down
08:08:30.746 DEBUG akka.cluster.sharding.Shard - passivation-race-entity: Shard [770] shutting down
08:08:30.746 DEBUG akka.cluster.sharding.Shard - passivation-race-entity: Shard [653] shutting down
08:08:30.746 DEBUG a.c.sharding.DDataShardCoordinator - passivation-race-entity: Shard [387] deallocation completed successfully.
08:08:30.746 DEBUG akka.cluster.sharding.Shard - passivation-race-entity: Shard [31] shutting down
08:08:30.746 DEBUG akka.cluster.sharding.Shard - passivation-race-entity: Shard [387] shutting down
08:08:30.747 DEBUG akka.cluster.sharding.Shard - passivation-race-entity: Shard [465] shutting down
08:08:30.747 DEBUG akka.cluster.sharding.Shard - passivation-race-entity: Shard [206] shutting down
08:08:30.747 DEBUG akka.cluster.sharding.Shard - passivation-race-entity: Shard [477] shutting down
08:08:30.748 DEBUG a.c.sharding.DDataShardCoordinator - passivation-race-entity: The coordinator state was successfully updated with ShardHomeDeallocated(387)
08:08:30.748 DEBUG a.c.sharding.DDataShardCoordinator - passivation-race-entity: Shard [387] deallocated after
08:08:30.748 DEBUG a.c.sharding.DDataShardCoordinator - passivation-race-entity: Shard [969] deallocation completed successfully.
08:08:30.748 DEBUG a.c.sharding.DDataShardCoordinator - passivation-race-entity: GetShardHome [387] request from [Actor[akka://local/ignore]] stashed, because waiting for initial state or update of state. It will be handled afterwards.
08:08:30.748 DEBUG a.c.sharding.DDataShardCoordinator - passivation-race-entity: The coordinator state was successfully updated with ShardHomeDeallocated(969)
08:08:30.748 DEBUG a.c.sharding.DDataShardCoordinator - passivation-race-entity: Shard [969] deallocated after
08:08:30.749 DEBUG a.c.sharding.DDataShardCoordinator - passivation-race-entity: ShardRegion terminated (gracefully): [Actor[akka://akka-runtime/system/sharding/passivation-race-entity#1859290688]] {}
08:08:30.750 DEBUG a.c.sharding.DDataShardCoordinator - passivation-race-entity: GetShardHome [969] request from [Actor[akka://local/ignore]] stashed, because waiting for initial state or update of state. It will be handled afterwards.
08:08:30.750 DEBUG a.c.sharding.DDataShardCoordinator - passivation-race-entity: GetShardHome [387] request from [Actor[akka://local/ignore]] stashed, because waiting for initial state or update of state. It will be handled afterwards.
08:08:30.750 DEBUG a.c.sharding.DDataShardCoordinator - passivation-race-entity: GetShardHome [477] request from [Actor[akka://local/ignore]] deferred, because rebalance is in progress for this shard. It will be handled when rebalance is done.
08:08:30.750 DEBUG a.c.sharding.DDataShardCoordinator - passivation-race-entity: GetShardHome [31] request from [Actor[akka://local/ignore]] deferred, because rebalance is in progress for this shard. It will be handled when rebalance is done.
08:08:30.750 DEBUG a.c.sharding.DDataShardCoordinator - passivation-race-entity: GetShardHome [653] request from [Actor[akka://local/ignore]] deferred, because rebalance is in progress for this shard. It will be handled when rebalance is done.
08:08:30.750 DEBUG a.c.sharding.DDataShardCoordinator - passivation-race-entity: GetShardHome [206] request from [Actor[akka://local/ignore]] deferred, because rebalance is in progress for this shard. It will be handled when rebalance is done.
08:08:30.750 DEBUG a.c.sharding.DDataShardCoordinator - passivation-race-entity: GetShardHome [465] request from [Actor[akka://local/ignore]] deferred, because rebalance is in progress for this shard. It will be handled when rebalance is done.
08:08:30.750 DEBUG a.c.sharding.DDataShardCoordinator - passivation-race-entity: GetShardHome [770] request from [Actor[akka://local/ignore]] deferred, because rebalance is in progress for this shard. It will be handled when rebalance is done.
08:08:30.750 DEBUG a.c.sharding.DDataShardCoordinator - passivation-race-entity: GetShardHome [969] request from [Actor[akka://local/ignore]] stashed, because waiting for initial state or update of state. It will be handled afterwards.
08:08:30.750 DEBUG a.c.sharding.DDataShardCoordinator - passivation-race-entity: GetShardHome [387] request from [Actor[akka://local/ignore]] stashed, because waiting for initial state or update of state. It will be handled afterwards.
08:08:30.750 DEBUG a.c.sharding.DDataShardCoordinator - passivation-race-entity: The coordinator state was successfully updated with ShardRegionTerminated(Actor[akka://akka-runtime/system/sharding/passivation-race-entity#1859290688])
08:08:30.750 DEBUG a.c.sharding.DDataShardCoordinator - passivation-race-entity: Shard [206] deallocation completed successfully.
08:08:30.750 DEBUG a.c.sharding.DDataShardCoordinator - passivation-race-entity: Shard [653] deallocation completed successfully.
08:08:30.750 DEBUG a.c.sharding.DDataShardCoordinator - passivation-race-entity: Shard [477] deallocation completed successfully.
08:08:30.750 DEBUG a.c.sharding.DDataShardCoordinator - passivation-race-entity: Shard [465] deallocation completed successfully.
08:08:30.750 DEBUG a.c.sharding.DDataShardCoordinator - passivation-race-entity: Shard [770] deallocation completed successfully.
08:08:30.750 DEBUG a.c.sharding.DDataShardCoordinator - passivation-race-entity: Shard [31] deallocation completed successfully.
08:08:30.750 DEBUG a.c.sharding.DDataShardCoordinator - passivation-race-entity: ShardRegion stopped: [Actor[akka://akka-runtime/system/sharding/passivation-race-entity#1859290688]]
08:08:30.792 DEBUG a.c.sharding.DDataShardCoordinator - _timer: ShardRegion registered: [Actor[akka://akka-runtime/system/sharding/_timer#1537777589]]
08:08:30.792 DEBUG a.c.sharding.DDataShardCoordinator - _timer: The coordinator state was successfully updated with ShardRegionRegistered(Actor[akka://akka-runtime/system/sharding/_timer#1537777589])
08:08:30.793 DEBUG a.c.sharding.DDataShardCoordinator - _timer: Remembering shard allocation [993]
08:08:30.793 DEBUG a.c.sharding.DDataShardCoordinator - _timer: The coordinator state was successfully updated with ShardHomeAllocated(993,Actor[akka://akka-runtime/system/sharding/_timer#1537777589]), waiting for remember shard update
08:08:30.794 DEBUG a.c.s.i.DDataRememberEntitiesCoordinatorStore - Remember entities coordinator store shards successfully updated with 993
08:08:30.794 DEBUG a.c.sharding.DDataShardCoordinator - _timer: The ShardCoordinator saw remember shard start successfully written ShardHomeAllocated(993,Actor[akka://akka-runtime/system/sharding/_timer#1537777589])
08:08:30.794 DEBUG a.c.sharding.DDataShardCoordinator - _timer: Shard [993] allocated at [Actor[akka://akka-runtime/system/sharding/_timer#1537777589]]
08:08:30.794 DEBUG a.c.sharding.DDataShardCoordinator - _timer: Graceful shutdown of region [Actor[akka://akka-runtime/system/sharding/_timer#1537777589]] with [1] shards
08:08:30.794 INFO  a.c.sharding.DDataShardCoordinator - _timer: Starting shutting down shards [993] due to region shutting down or explicit stopping of shards.
08:08:30.794 DEBUG a.c.s.ShardCoordinator$RebalanceWorker - _timer: Shutting down shard [993] from region [Actor[akka://akka-runtime/system/sharding/_timer#1537777589]]. Asking [1] region(s) to hand-off shard
08:08:30.794 DEBUG a.c.s.ShardCoordinator$RebalanceWorker - _timer: BeginHandOffAck for shard [993] received from [Actor[akka://akka-runtime/system/sharding/_timer#1537777589]].
08:08:30.794 DEBUG a.c.s.ShardCoordinator$RebalanceWorker - _timer: All shard regions acked, handing off shard [993].
08:08:30.795 WARN  akka.cluster.sharding.ShardRegion - _timer: Dropping [1] buffered messages to shard [993] during hand off to avoid re-ordering
08:08:30.796 DEBUG akka.cluster.sharding.Shard - _timer: Waiting for load of entity ids using [Actor[akka://akka-runtime/system/sharding/_timer/993/RememberEntitiesStore#3917927]] to complete
08:08:30.796 DEBUG a.c.s.i.DDataRememberEntitiesShardStore - Starting up DDataRememberEntitiesStore, read timeout: [2.000 s], write timeout: [5.000 s], majority min cap: [2]
08:08:30.796 DEBUG a.c.s.i.DDataRememberEntitiesShardStore - Remember entities shard store got request from shard, waiting for all remembered entities to arrive
08:08:30.797 DEBUG a.c.s.i.DDataRememberEntitiesShardStore - Shard waiting for remembered entities, sending remembered and going idle
08:08:30.797 DEBUG akka.cluster.sharding.Shard - _timer: Shard initialized
08:08:30.797 DEBUG akka.cluster.sharding.Shard - _timer: HandOff shard [993]
08:08:30.797 DEBUG a.c.sharding.DDataShardCoordinator - _timer: Shard [993] deallocation completed successfully.
08:08:30.797 DEBUG a.c.sharding.DDataShardCoordinator - _timer: The coordinator state was successfully updated with ShardHomeDeallocated(993)
08:08:30.797 DEBUG a.c.sharding.DDataShardCoordinator - _timer: Shard [993] deallocated after
08:08:30.798 DEBUG akka.cluster.sharding.Shard - _timer: Shard [993] shutting down
08:08:30.798 DEBUG a.c.sharding.DDataShardCoordinator - _timer: ShardRegion stopped: [Actor[akka://akka-runtime/system/sharding/_timer#1537777589]]
08:08:30.798 DEBUG a.c.sharding.DDataShardCoordinator - _timer: ShardRegion terminated (gracefully): [Actor[akka://akka-runtime/system/sharding/_timer#1537777589]] {}
08:08:30.798 DEBUG a.c.sharding.DDataShardCoordinator - _timer: The coordinator state was successfully updated with ShardRegionTerminated(Actor[akka://akka-runtime/system/sharding/_timer#1537777589])
08:08:30.801 DEBUG a.c.sharding.DDataShardCoordinator - sharded-daemon-process-eventSourcedProjection-passivation-race-entity-passivation-race-consumer-a: ShardRegion registered: [Actor[akka://akka-runtime/system/sharding/sharded-daemon-process-eventSourcedProjection-passivation-race-entity-passivation-race-consumer-a#-1652377757]]
08:08:30.801 DEBUG a.c.sharding.DDataShardCoordinator - sharded-daemon-process-eventSourcedProjection-passivation-race-entity-passivation-race-consumer-b: ShardRegion registered: [Actor[akka://akka-runtime/system/sharding/sharded-daemon-process-eventSourcedProjection-passivation-race-entity-passivation-race-consumer-b#1465349715]]
08:08:30.801 DEBUG a.c.sharding.DDataShardCoordinator - sharded-daemon-process-eventSourcedProjection-passivation-race-entity-passivation-race-view: ShardRegion registered: [Actor[akka://akka-runtime/system/sharding/sharded-daemon-process-eventSourcedProjection-passivation-race-entity-passivation-race-view#1039396477]]
08:08:30.801 DEBUG a.c.sharding.DDataShardCoordinator - sharded-daemon-process-eventSourcedProjection-passivation-race-entity-passivation-race-consumer-a: The coordinator state was successfully updated with ShardRegionRegistered(Actor[akka://akka-runtime/system/sharding/sharded-daemon-process-eventSourcedProjection-passivation-race-entity-passivation-race-consumer-a#-1652377757])
08:08:30.801 DEBUG a.c.sharding.DDataShardCoordinator - sharded-daemon-process-eventSourcedProjection-passivation-race-entity-passivation-race-view: The coordinator state was successfully updated with ShardRegionRegistered(Actor[akka://akka-runtime/system/sharding/sharded-daemon-process-eventSourcedProjection-passivation-race-entity-passivation-race-view#1039396477])
08:08:30.801 DEBUG a.c.sharding.DDataShardCoordinator - sharded-daemon-process-eventSourcedProjection-passivation-race-entity-passivation-race-consumer-b: The coordinator state was successfully updated with ShardRegionRegistered(Actor[akka://akka-runtime/system/sharding/sharded-daemon-process-eventSourcedProjection-passivation-race-entity-passivation-race-consumer-b#1465349715])
08:08:30.801 DEBUG a.c.sharding.DDataShardCoordinator - sharded-daemon-process-eventSourcedProjection-passivation-race-entity-passivation-race-consumer-a: The coordinator state was successfully updated with ShardHomeAllocated(0,Actor[akka://akka-runtime/system/sharding/sharded-daemon-process-eventSourcedProjection-passivation-race-entity-passivation-race-consumer-a#-1652377757])
08:08:30.801 DEBUG a.c.sharding.DDataShardCoordinator - sharded-daemon-process-eventSourcedProjection-passivation-race-entity-passivation-race-view: The coordinator state was successfully updated with ShardHomeAllocated(0,Actor[akka://akka-runtime/system/sharding/sharded-daemon-process-eventSourcedProjection-passivation-race-entity-passivation-race-view#1039396477])
08:08:30.802 DEBUG a.c.sharding.DDataShardCoordinator - sharded-daemon-process-eventSourcedProjection-passivation-race-entity-passivation-race-consumer-a: Shard [0] allocated at [Actor[akka://akka-runtime/system/sharding/sharded-daemon-process-eventSourcedProjection-passivation-race-entity-passivation-race-consumer-a#-1652377757]]
08:08:30.802 DEBUG a.c.sharding.DDataShardCoordinator - sharded-daemon-process-eventSourcedProjection-passivation-race-entity-passivation-race-view: Shard [0] allocated at [Actor[akka://akka-runtime/system/sharding/sharded-daemon-process-eventSourcedProjection-passivation-race-entity-passivation-race-view#1039396477]]
08:08:30.802 DEBUG a.c.sharding.DDataShardCoordinator - sharded-daemon-process-eventSourcedProjection-passivation-race-entity-passivation-race-consumer-b: The coordinator state was successfully updated with ShardHomeAllocated(0,Actor[akka://akka-runtime/system/sharding/sharded-daemon-process-eventSourcedProjection-passivation-race-entity-passivation-race-consumer-b#1465349715])
08:08:30.802 DEBUG a.c.sharding.DDataShardCoordinator - sharded-daemon-process-eventSourcedProjection-passivation-race-entity-passivation-race-consumer-b: Shard [0] allocated at [Actor[akka://akka-runtime/system/sharding/sharded-daemon-process-eventSourcedProjection-passivation-race-entity-passivation-race-consumer-b#1465349715]]
08:08:30.802 DEBUG a.c.sharding.DDataShardCoordinator - sharded-daemon-process-eventSourcedProjection-passivation-race-entity-passivation-race-view: Graceful shutdown of region [Actor[akka://akka-runtime/system/sharding/sharded-daemon-process-eventSourcedProjection-passivation-race-entity-passivation-race-view#1039396477]] with [1] shards
08:08:30.802 INFO  a.c.sharding.DDataShardCoordinator - sharded-daemon-process-eventSourcedProjection-passivation-race-entity-passivation-race-view: Starting shutting down shards [0] due to region shutting down or explicit stopping of shards.
08:08:30.802 DEBUG a.c.sharding.DDataShardCoordinator - sharded-daemon-process-eventSourcedProjection-passivation-race-entity-passivation-race-consumer-b: Graceful shutdown of region [Actor[akka://akka-runtime/system/sharding/sharded-daemon-process-eventSourcedProjection-passivation-race-entity-passivation-race-consumer-b#1465349715]] with [1] shards
08:08:30.802 INFO  a.c.sharding.DDataShardCoordinator - sharded-daemon-process-eventSourcedProjection-passivation-race-entity-passivation-race-consumer-b: Starting shutting down shards [0] due to region shutting down or explicit stopping of shards.
08:08:30.802 DEBUG akka.cluster.sharding.Shard - sharded-daemon-process-eventSourcedProjection-passivation-race-entity-passivation-race-view: Shard initialized
08:08:30.802 DEBUG a.c.sharding.DDataShardCoordinator - sharded-daemon-process-eventSourcedProjection-passivation-race-entity-passivation-race-consumer-a: Graceful shutdown of region [Actor[akka://akka-runtime/system/sharding/sharded-daemon-process-eventSourcedProjection-passivation-race-entity-passivation-race-consumer-a#-1652377757]] with [1] shards
08:08:30.802 INFO  a.c.sharding.DDataShardCoordinator - sharded-daemon-process-eventSourcedProjection-passivation-race-entity-passivation-race-consumer-a: Starting shutting down shards [0] due to region shutting down or explicit stopping of shards.
08:08:30.802 DEBUG a.c.s.ShardCoordinator$RebalanceWorker - sharded-daemon-process-eventSourcedProjection-passivation-race-entity-passivation-race-consumer-b: Shutting down shard [0] from region [Actor[akka://akka-runtime/system/sharding/sharded-daemon-process-eventSourcedProjection-passivation-race-entity-passivation-race-consumer-b#1465349715]]. Asking [1] region(s) to hand-off shard
08:08:30.802 DEBUG akka.cluster.sharding.Shard - sharded-daemon-process-eventSourcedProjection-passivation-race-entity-passivation-race-consumer-b: Shard initialized
08:08:30.802 DEBUG a.c.s.ShardCoordinator$RebalanceWorker - sharded-daemon-process-eventSourcedProjection-passivation-race-entity-passivation-race-consumer-b: BeginHandOffAck for shard [0] received from [Actor[akka://akka-runtime/system/sharding/sharded-daemon-process-eventSourcedProjection-passivation-race-entity-passivation-race-consumer-b#1465349715]].
08:08:30.802 DEBUG a.c.s.ShardCoordinator$RebalanceWorker - sharded-daemon-process-eventSourcedProjection-passivation-race-entity-passivation-race-consumer-b: All shard regions acked, handing off shard [0].
08:08:30.802 DEBUG a.c.s.ShardCoordinator$RebalanceWorker - sharded-daemon-process-eventSourcedProjection-passivation-race-entity-passivation-race-view: Shutting down shard [0] from region [Actor[akka://akka-runtime/system/sharding/sharded-daemon-process-eventSourcedProjection-passivation-race-entity-passivation-race-view#1039396477]]. Asking [1] region(s) to hand-off shard
08:08:30.802 DEBUG akka.cluster.sharding.Shard - sharded-daemon-process-eventSourcedProjection-passivation-race-entity-passivation-race-consumer-a: Shard initialized
08:08:30.802 DEBUG a.c.s.ShardCoordinator$RebalanceWorker - sharded-daemon-process-eventSourcedProjection-passivation-race-entity-passivation-race-consumer-a: Shutting down shard [0] from region [Actor[akka://akka-runtime/system/sharding/sharded-daemon-process-eventSourcedProjection-passivation-race-entity-passivation-race-consumer-a#-1652377757]]. Asking [1] region(s) to hand-off shard
08:08:30.802 DEBUG a.c.s.ShardCoordinator$RebalanceWorker - sharded-daemon-process-eventSourcedProjection-passivation-race-entity-passivation-race-view: BeginHandOffAck for shard [0] received from [Actor[akka://akka-runtime/system/sharding/sharded-daemon-process-eventSourcedProjection-passivation-race-entity-passivation-race-view#1039396477]].
08:08:30.802 DEBUG a.c.s.ShardCoordinator$RebalanceWorker - sharded-daemon-process-eventSourcedProjection-passivation-race-entity-passivation-race-view: All shard regions acked, handing off shard [0].
08:08:30.802 DEBUG a.c.s.ShardCoordinator$RebalanceWorker - sharded-daemon-process-eventSourcedProjection-passivation-race-entity-passivation-race-consumer-a: BeginHandOffAck for shard [0] received from [Actor[akka://akka-runtime/system/sharding/sharded-daemon-process-eventSourcedProjection-passivation-race-entity-passivation-race-consumer-a#-1652377757]].
08:08:30.802 DEBUG akka.cluster.sharding.Shard - sharded-daemon-process-eventSourcedProjection-passivation-race-entity-passivation-race-consumer-b: Request to start entity [0] and ack to [Some(Actor[akka://akka-runtime/deadLetters])]
08:08:30.802 DEBUG akka.cluster.sharding.Shard - sharded-daemon-process-eventSourcedProjection-passivation-race-entity-passivation-race-consumer-a: Request to start entity [0] and ack to [Some(Actor[akka://akka-runtime/deadLetters])]
08:08:30.802 DEBUG a.c.s.ShardCoordinator$RebalanceWorker - sharded-daemon-process-eventSourcedProjection-passivation-race-entity-passivation-race-consumer-a: All shard regions acked, handing off shard [0].
08:08:30.802 DEBUG akka.cluster.sharding.Shard - sharded-daemon-process-eventSourcedProjection-passivation-race-entity-passivation-race-view: Request to start entity [0] and ack to [Some(Actor[akka://akka-runtime/deadLetters])]
08:08:30.803 DEBUG akka.cluster.sharding.Shard - sharded-daemon-process-eventSourcedProjection-passivation-race-entity-passivation-race-consumer-a: Started entity [Actor[akka://akka-runtime/system/sharding/sharded-daemon-process-eventSourcedProjection-passivation-race-entity-passivation-race-consumer-a/0/0#-135499148]] with entity id [0] in shard [0]
08:08:30.803 DEBUG a.c.s.t.i.ShardedDaemonProcessState$ - eventSourcedProjection-passivation-race-entity-passivation-race-consumer-a: Deferred start of worker to verify its revision [0] is the latest
08:08:30.803 DEBUG akka.cluster.sharding.Shard - sharded-daemon-process-eventSourcedProjection-passivation-race-entity-passivation-race-view: Started entity [Actor[akka://akka-runtime/system/sharding/sharded-daemon-process-eventSourcedProjection-passivation-race-entity-passivation-race-view/0/0#-755114096]] with entity id [0] in shard [0]
08:08:30.803 DEBUG akka.cluster.sharding.Shard - sharded-daemon-process-eventSourcedProjection-passivation-race-entity-passivation-race-consumer-b: Started entity [Actor[akka://akka-runtime/system/sharding/sharded-daemon-process-eventSourcedProjection-passivation-race-entity-passivation-race-consumer-b/0/0#-1630173765]] with entity id [0] in shard [0]
08:08:30.803 DEBUG a.c.s.t.i.ShardedDaemonProcessState$ - eventSourcedProjection-passivation-race-entity-passivation-race-view: Deferred start of worker to verify its revision [0] is the latest
08:08:30.803 DEBUG akka.cluster.sharding.Shard - sharded-daemon-process-eventSourcedProjection-passivation-race-entity-passivation-race-consumer-a: HandOff shard [0]
08:08:30.803 DEBUG a.c.s.t.i.ShardedDaemonProcessState$ - eventSourcedProjection-passivation-race-entity-passivation-race-consumer-b: Deferred start of worker to verify its revision [0] is the latest
08:08:30.803 DEBUG akka.cluster.sharding.Shard - sharded-daemon-process-eventSourcedProjection-passivation-race-entity-passivation-race-consumer-a: Starting HandOffStopper for shard [0] to terminate [1] entities.
08:08:30.803 DEBUG akka.cluster.sharding.Shard - sharded-daemon-process-eventSourcedProjection-passivation-race-entity-passivation-race-view: HandOff shard [0]
08:08:30.804 DEBUG akka.cluster.sharding.Shard - sharded-daemon-process-eventSourcedProjection-passivation-race-entity-passivation-race-view: Starting HandOffStopper for shard [0] to terminate [1] entities.
08:08:30.804 DEBUG akka.cluster.sharding.Shard - sharded-daemon-process-eventSourcedProjection-passivation-race-entity-passivation-race-consumer-b: HandOff shard [0]
08:08:30.804 DEBUG akka.cluster.sharding.Shard - sharded-daemon-process-eventSourcedProjection-passivation-race-entity-passivation-race-consumer-b: Starting HandOffStopper for shard [0] to terminate [1] entities.
08:08:30.804 INFO  a.c.s.t.i.ShardedDaemonProcessState$ - eventSourcedProjection-passivation-race-entity-passivation-race-consumer-a: Starting Sharded Daemon Process [0] out of a total [1] (revision [0] and no state found)
08:08:30.804 INFO  a.c.s.t.i.ShardedDaemonProcessState$ - eventSourcedProjection-passivation-race-entity-passivation-race-consumer-b: Starting Sharded Daemon Process [0] out of a total [1] (revision [0] and no state found)
08:08:30.804 INFO  a.c.s.t.i.ShardedDaemonProcessState$ - eventSourcedProjection-passivation-race-entity-passivation-race-view: Starting Sharded Daemon Process [0] out of a total [1] (revision [0] and no state found)
08:08:31.572 WARN  a.c.s.ShardRegion$HandOffStopper - sharded-daemon-process-eventSourcedProjection-passivation-race-entity-passivation-race-consumer-a: [1] of the entities in shard [0] not stopped after [750 milliseconds]. Maybe the handOffStopMessage [akka.projection.ProjectionBehavior$Stop$] is not handled? Waiting additional [250 milliseconds] before stopping the remaining entities.
08:08:31.572 WARN  a.c.s.ShardRegion$HandOffStopper - sharded-daemon-process-eventSourcedProjection-passivation-race-entity-passivation-race-view: [1] of the entities in shard [0] not stopped after [750 milliseconds]. Maybe the handOffStopMessage [akka.projection.ProjectionBehavior$Stop$] is not handled? Waiting additional [250 milliseconds] before stopping the remaining entities.
08:08:31.573 WARN  a.c.s.ShardRegion$HandOffStopper - sharded-daemon-process-eventSourcedProjection-passivation-race-entity-passivation-race-consumer-b: [1] of the entities in shard [0] not stopped after [750 milliseconds]. Maybe the handOffStopMessage [akka.projection.ProjectionBehavior$Stop$] is not handled? Waiting additional [250 milliseconds] before stopping the remaining entities.
08:08:31.822 WARN  a.c.s.ShardRegion$HandOffStopper - sharded-daemon-process-eventSourcedProjection-passivation-race-entity-passivation-race-view: HandOffStopMessage [akka.projection.ProjectionBehavior$Stop$] is not handled by some of the entities in shard [0] after [1 second], stopping the remaining [1] entities.
08:08:31.822 WARN  a.c.s.ShardRegion$HandOffStopper - sharded-daemon-process-eventSourcedProjection-passivation-race-entity-passivation-race-consumer-a: HandOffStopMessage [akka.projection.ProjectionBehavior$Stop$] is not handled by some of the entities in shard [0] after [1 second], stopping the remaining [1] entities.
08:08:31.822 WARN  a.c.s.ShardRegion$HandOffStopper - sharded-daemon-process-eventSourcedProjection-passivation-race-entity-passivation-race-consumer-b: HandOffStopMessage [akka.projection.ProjectionBehavior$Stop$] is not handled by some of the entities in shard [0] after [1 second], stopping the remaining [1] entities.
08:08:31.826 DEBUG akka.cluster.sharding.Shard - sharded-daemon-process-eventSourcedProjection-passivation-race-entity-passivation-race-consumer-a: Shard [0] shutting down
08:08:31.826 DEBUG a.c.sharding.DDataShardCoordinator - sharded-daemon-process-eventSourcedProjection-passivation-race-entity-passivation-race-view: Shard [0] deallocation completed successfully.
08:08:31.826 DEBUG akka.cluster.sharding.Shard - sharded-daemon-process-eventSourcedProjection-passivation-race-entity-passivation-race-consumer-b: Shard [0] shutting down
08:08:31.826 DEBUG akka.cluster.sharding.Shard - sharded-daemon-process-eventSourcedProjection-passivation-race-entity-passivation-race-view: Shard [0] shutting down
08:08:31.826 DEBUG a.c.sharding.DDataShardCoordinator - sharded-daemon-process-eventSourcedProjection-passivation-race-entity-passivation-race-consumer-a: Shard [0] deallocation completed successfully.
08:08:31.827 DEBUG a.c.sharding.DDataShardCoordinator - sharded-daemon-process-eventSourcedProjection-passivation-race-entity-passivation-race-consumer-b: Shard [0] deallocation completed successfully.
08:08:31.827 DEBUG akka.actor.CoordinatedShutdown - Performing phase [cluster-leave] with [1] tasks.
08:08:31.827 DEBUG akka.actor.CoordinatedShutdown - Performing task [leave] in CoordinatedShutdown phase [cluster-leave]
08:08:31.827 DEBUG a.c.sharding.DDataShardCoordinator - sharded-daemon-process-eventSourcedProjection-passivation-race-entity-passivation-race-consumer-a: The coordinator state was successfully updated with ShardHomeDeallocated(0)
08:08:31.827 DEBUG a.c.sharding.DDataShardCoordinator - sharded-daemon-process-eventSourcedProjection-passivation-race-entity-passivation-race-consumer-a: Shard [0] deallocated after
08:08:31.827 DEBUG a.c.sharding.DDataShardCoordinator - sharded-daemon-process-eventSourcedProjection-passivation-race-entity-passivation-race-consumer-a: ShardRegion terminated (gracefully): [Actor[akka://akka-runtime/system/sharding/sharded-daemon-process-eventSourcedProjection-passivation-race-entity-passivation-race-consumer-a#-1652377757]] {}
08:08:31.827 DEBUG a.c.sharding.DDataShardCoordinator - sharded-daemon-process-eventSourcedProjection-passivation-race-entity-passivation-race-consumer-a: GetShardHome [0] request from [Actor[akka://local/ignore]] stashed, because waiting for initial state or update of state. It will be handled afterwards.
08:08:31.827 DEBUG a.c.sharding.DDataShardCoordinator - sharded-daemon-process-eventSourcedProjection-passivation-race-entity-passivation-race-consumer-b: The coordinator state was successfully updated with ShardHomeDeallocated(0)
08:08:31.827 DEBUG a.c.sharding.DDataShardCoordinator - sharded-daemon-process-eventSourcedProjection-passivation-race-entity-passivation-race-consumer-b: Shard [0] deallocated after
08:08:31.827 DEBUG a.c.sharding.DDataShardCoordinator - sharded-daemon-process-eventSourcedProjection-passivation-race-entity-passivation-race-view: The coordinator state was successfully updated with ShardHomeDeallocated(0)
08:08:31.827 DEBUG a.c.sharding.DDataShardCoordinator - sharded-daemon-process-eventSourcedProjection-passivation-race-entity-passivation-race-view: Shard [0] deallocated after
08:08:31.827 DEBUG a.c.sharding.DDataShardCoordinator - sharded-daemon-process-eventSourcedProjection-passivation-race-entity-passivation-race-consumer-b: ShardRegion terminated (gracefully): [Actor[akka://akka-runtime/system/sharding/sharded-daemon-process-eventSourcedProjection-passivation-race-entity-passivation-race-consumer-b#1465349715]] {}
08:08:31.827 DEBUG a.c.sharding.DDataShardCoordinator - sharded-daemon-process-eventSourcedProjection-passivation-race-entity-passivation-race-consumer-a: The coordinator state was successfully updated with ShardRegionTerminated(Actor[akka://akka-runtime/system/sharding/sharded-daemon-process-eventSourcedProjection-passivation-race-entity-passivation-race-consumer-a#-1652377757])
08:08:31.827 DEBUG a.c.sharding.DDataShardCoordinator - sharded-daemon-process-eventSourcedProjection-passivation-race-entity-passivation-race-view: ShardRegion terminated (gracefully): [Actor[akka://akka-runtime/system/sharding/sharded-daemon-process-eventSourcedProjection-passivation-race-entity-passivation-race-view#1039396477]] {}
08:08:31.827 DEBUG a.c.sharding.DDataShardCoordinator - sharded-daemon-process-eventSourcedProjection-passivation-race-entity-passivation-race-consumer-a: ShardRegion stopped: [Actor[akka://akka-runtime/system/sharding/sharded-daemon-process-eventSourcedProjection-passivation-race-entity-passivation-race-consumer-a#-1652377757]]
08:08:31.827 DEBUG a.c.sharding.DDataShardCoordinator - sharded-daemon-process-eventSourcedProjection-passivation-race-entity-passivation-race-view: GetShardHome [0] request from [Actor[akka://local/ignore]] stashed, because waiting for initial state or update of state. It will be handled afterwards.
08:08:31.828 DEBUG a.c.sharding.DDataShardCoordinator - sharded-daemon-process-eventSourcedProjection-passivation-race-entity-passivation-race-view: The coordinator state was successfully updated with ShardRegionTerminated(Actor[akka://akka-runtime/system/sharding/sharded-daemon-process-eventSourcedProjection-passivation-race-entity-passivation-race-view#1039396477])
08:08:31.828 DEBUG a.c.sharding.DDataShardCoordinator - sharded-daemon-process-eventSourcedProjection-passivation-race-entity-passivation-race-view: ShardRegion stopped: [Actor[akka://akka-runtime/system/sharding/sharded-daemon-process-eventSourcedProjection-passivation-race-entity-passivation-race-view#1039396477]]
08:08:31.828 DEBUG a.c.sharding.DDataShardCoordinator - sharded-daemon-process-eventSourcedProjection-passivation-race-entity-passivation-race-consumer-b: GetShardHome [0] request from [Actor[akka://local/ignore]] stashed, because waiting for initial state or update of state. It will be handled afterwards.
08:08:31.828 DEBUG a.c.sharding.DDataShardCoordinator - sharded-daemon-process-eventSourcedProjection-passivation-race-entity-passivation-race-consumer-b: The coordinator state was successfully updated with ShardRegionTerminated(Actor[akka://akka-runtime/system/sharding/sharded-daemon-process-eventSourcedProjection-passivation-race-entity-passivation-race-consumer-b#1465349715])
08:08:31.828 DEBUG a.c.sharding.DDataShardCoordinator - sharded-daemon-process-eventSourcedProjection-passivation-race-entity-passivation-race-consumer-b: ShardRegion stopped: [Actor[akka://akka-runtime/system/sharding/sharded-daemon-process-eventSourcedProjection-passivation-race-entity-passivation-race-consumer-b#1465349715]]
08:08:31.833 WARN  a.s.s.RestartWithBackoffSource - Restarting stream due to failure [1]: akka.projection.r2dbc.internal.R2dbcOffsetStore$AttemptToUseStoppedOffsetStore: eventSourcedProjection-passivation-race-entity-passivation-race-consumer-b [0-1023], correlation [886eb349-f7f5-4612-88a3-c2eeffd9296c]: R2dbcOffsetStore was stopped
08:08:31.834 WARN  a.s.s.RestartWithBackoffSource - Restarting stream due to failure [1]: akka.projection.r2dbc.internal.R2dbcOffsetStore$AttemptToUseStoppedOffsetStore: eventSourcedProjection-passivation-race-entity-passivation-race-consumer-a [0-1023], correlation [c6bd389f-6c3c-4c95-add0-97359ce43540]: R2dbcOffsetStore was stopped
08:08:31.834 WARN  a.s.s.RestartWithBackoffSource - Restarting stream due to failure [1]: akka.projection.r2dbc.internal.R2dbcOffsetStore$AttemptToUseStoppedOffsetStore: eventSourcedProjection-passivation-race-entity-passivation-race-view [0-1023], correlation [8c9cd166-e97b-4792-8e1a-820a79f626c9]: R2dbcOffsetStore was stopped
08:08:31.839 DEBUG a.c.singleton.ClusterSingletonProxy - Creating singleton identification timer...
08:08:31.839 DEBUG a.c.singleton.ClusterSingletonProxy - Creating singleton identification timer...
08:08:31.839 DEBUG a.c.singleton.ClusterSingletonProxy - Creating singleton identification timer...
08:08:31.839 DEBUG a.c.singleton.ClusterSingletonProxy - Creating singleton identification timer...
08:08:31.840 DEBUG akka.actor.CoordinatedShutdown - Performing phase [cluster-exiting] with [28] tasks.
08:08:31.840 DEBUG akka.actor.CoordinatedShutdown - Performing task [wait-singleton-exiting] in CoordinatedShutdown phase [cluster-exiting]
08:08:31.840 DEBUG akka.actor.CoordinatedShutdown - Performing task [singleton-exiting-2] in CoordinatedShutdown phase [cluster-exiting]
08:08:31.840 DEBUG akka.actor.CoordinatedShutdown - Performing task [singleton-exiting-1] in CoordinatedShutdown phase [cluster-exiting]
08:08:31.840 DEBUG akka.actor.CoordinatedShutdown - Performing task [wait-singleton-exiting] in CoordinatedShutdown phase [cluster-exiting]
08:08:31.840 DEBUG akka.actor.CoordinatedShutdown - Performing task [wait-singleton-exiting] in CoordinatedShutdown phase [cluster-exiting]
08:08:31.840 DEBUG akka.actor.CoordinatedShutdown - Performing task [singleton-exiting-2] in CoordinatedShutdown phase [cluster-exiting]
08:08:31.840 DEBUG akka.actor.CoordinatedShutdown - Performing task [singleton-exiting-2] in CoordinatedShutdown phase [cluster-exiting]
08:08:31.840 DEBUG akka.actor.CoordinatedShutdown - Performing task [wait-singleton-exiting] in CoordinatedShutdown phase [cluster-exiting]
08:08:31.840 DEBUG akka.actor.CoordinatedShutdown - Performing task [singleton-exiting-1] in CoordinatedShutdown phase [cluster-exiting]
08:08:31.840 DEBUG akka.actor.CoordinatedShutdown - Performing task [wait-exiting] in CoordinatedShutdown phase [cluster-exiting]
08:08:31.840 DEBUG akka.actor.CoordinatedShutdown - Performing task [singleton-exiting-1] in CoordinatedShutdown phase [cluster-exiting]
08:08:31.840 DEBUG akka.actor.CoordinatedShutdown - Performing task [singleton-exiting-2] in CoordinatedShutdown phase [cluster-exiting]
08:08:31.840 DEBUG akka.actor.CoordinatedShutdown - Performing task [wait-singleton-exiting] in CoordinatedShutdown phase [cluster-exiting]
08:08:31.841 DEBUG akka.actor.CoordinatedShutdown - Performing task [singleton-exiting-2] in CoordinatedShutdown phase [cluster-exiting]
08:08:31.841 DEBUG akka.actor.CoordinatedShutdown - Performing task [singleton-exiting-1] in CoordinatedShutdown phase [cluster-exiting]
08:08:31.841 DEBUG akka.actor.CoordinatedShutdown - Performing task [singleton-exiting-2] in CoordinatedShutdown phase [cluster-exiting]
08:08:31.841 DEBUG akka.actor.CoordinatedShutdown - Performing task [singleton-exiting-1] in CoordinatedShutdown phase [cluster-exiting]
08:08:31.841 DEBUG akka.actor.CoordinatedShutdown - Performing task [singleton-exiting-2] in CoordinatedShutdown phase [cluster-exiting]
08:08:31.841 DEBUG akka.actor.CoordinatedShutdown - Performing task [singleton-exiting-2] in CoordinatedShutdown phase [cluster-exiting]
08:08:31.841 DEBUG akka.actor.CoordinatedShutdown - Performing task [wait-singleton-exiting] in CoordinatedShutdown phase [cluster-exiting]
08:08:31.841 INFO  a.c.s.ClusterSingletonManager - Exited [akka://akka-runtime@127.0.0.1:63289].
08:08:31.841 INFO  a.c.s.ClusterSingletonManager - Exited [akka://akka-runtime@127.0.0.1:63289].
08:08:31.841 DEBUG akka.actor.CoordinatedShutdown - Performing task [singleton-exiting-1] in CoordinatedShutdown phase [cluster-exiting]
08:08:31.841 DEBUG akka.actor.CoordinatedShutdown - Performing task [wait-singleton-exiting] in CoordinatedShutdown phase [cluster-exiting]
08:08:31.841 DEBUG akka.actor.CoordinatedShutdown - Performing task [singleton-exiting-1] in CoordinatedShutdown phase [cluster-exiting]
08:08:31.841 DEBUG akka.actor.CoordinatedShutdown - Performing task [wait-singleton-exiting] in CoordinatedShutdown phase [cluster-exiting]
08:08:31.841 DEBUG akka.actor.CoordinatedShutdown - Performing task [singleton-exiting-1] in CoordinatedShutdown phase [cluster-exiting]
08:08:31.841 INFO  a.c.s.ClusterSingletonManager - Exited [akka://akka-runtime@127.0.0.1:63289].
08:08:31.841 DEBUG akka.actor.CoordinatedShutdown - Performing task [singleton-exiting-1] in CoordinatedShutdown phase [cluster-exiting]
08:08:31.841 INFO  a.c.s.ClusterSingletonManager - Exited [akka://akka-runtime@127.0.0.1:63289].
08:08:31.841 DEBUG akka.actor.CoordinatedShutdown - Performing task [singleton-exiting-2] in CoordinatedShutdown phase [cluster-exiting]
08:08:31.841 DEBUG akka.actor.CoordinatedShutdown - Performing task [wait-singleton-exiting] in CoordinatedShutdown phase [cluster-exiting]
08:08:31.841 INFO  a.c.s.ClusterSingletonManager - Exited [akka://akka-runtime@127.0.0.1:63289].
08:08:31.841 INFO  a.c.s.ClusterSingletonManager - Exited [akka://akka-runtime@127.0.0.1:63289].
08:08:31.841 INFO  a.c.s.ClusterSingletonManager - Exited [akka://akka-runtime@127.0.0.1:63289].
08:08:31.841 INFO  a.c.s.ClusterSingletonManager - Oldest observed OldestChanged: [akka://akka-runtime@127.0.0.1:63289 -> None]
08:08:31.841 INFO  a.c.s.ClusterSingletonManager - Oldest observed OldestChanged: [akka://akka-runtime@127.0.0.1:63289 -> None]
08:08:31.841 INFO  a.c.s.ClusterSingletonManager - Exited [akka://akka-runtime@127.0.0.1:63289].
08:08:31.841 INFO  a.c.s.ClusterSingletonManager - Oldest observed OldestChanged: [akka://akka-runtime@127.0.0.1:63289 -> None]
08:08:31.841 INFO  a.c.s.ClusterSingletonManager - Oldest observed OldestChanged: [akka://akka-runtime@127.0.0.1:63289 -> None]
08:08:31.841 INFO  a.c.s.ClusterSingletonManager - Oldest observed OldestChanged: [akka://akka-runtime@127.0.0.1:63289 -> None]
08:08:31.841 INFO  a.c.s.ClusterSingletonManager - Oldest observed OldestChanged: [akka://akka-runtime@127.0.0.1:63289 -> None]
08:08:31.842 INFO  a.c.s.ClusterSingletonManager - Exited [akka://akka-runtime@127.0.0.1:63289].
08:08:31.842 INFO  a.c.s.ClusterSingletonManager - Oldest observed OldestChanged: [akka://akka-runtime@127.0.0.1:63289 -> None]
08:08:31.842 INFO  a.c.s.ClusterSingletonManager - Oldest observed OldestChanged: [akka://akka-runtime@127.0.0.1:63289 -> None]
08:08:31.842 INFO  a.c.s.ClusterSingletonManager - Oldest observed OldestChanged: [akka://akka-runtime@127.0.0.1:63289 -> None]
08:08:31.842 INFO  a.c.s.ClusterSingletonManager - ClusterSingletonManager state change [Oldest -> WasOldest]
08:08:31.842 INFO  a.c.s.ClusterSingletonManager - ClusterSingletonManager state change [Oldest -> WasOldest]
08:08:31.842 INFO  a.c.s.ClusterSingletonManager - ClusterSingletonManager state change [Oldest -> WasOldest]
08:08:31.842 INFO  a.c.s.ClusterSingletonManager - ClusterSingletonManager state change [Oldest -> WasOldest]
08:08:31.842 INFO  a.c.s.ClusterSingletonManager - ClusterSingletonManager state change [Oldest -> WasOldest]
08:08:31.842 INFO  a.c.s.ClusterSingletonManager - ClusterSingletonManager state change [Oldest -> WasOldest]
08:08:31.842 INFO  a.c.s.ClusterSingletonManager - ClusterSingletonManager state change [Oldest -> WasOldest]
08:08:31.842 INFO  a.c.s.ClusterSingletonManager - ClusterSingletonManager state change [Oldest -> WasOldest]
08:08:31.842 INFO  a.c.s.ClusterSingletonManager - Singleton manager stopping singleton actor [akka://akka-runtime/system/singletonManagerschemaSingleton/schemaSingleton]
08:08:31.842 INFO  a.c.s.ClusterSingletonManager - Singleton manager stopping singleton actor [akka://akka-runtime/system/sharding/_timerCoordinator/singleton]
08:08:31.842 INFO  a.c.s.ClusterSingletonManager - Singleton manager stopping singleton actor [akka://akka-runtime/system/singletonManagerShardedDaemonProcessCoordinator-eventSourcedProjection-passivation-race-entity-passivation-race-consumer-b/ShardedDaemonProcessCoordinator-eventSourcedProjection-passivation-race-entity-passivation-race-consumer-b]
08:08:31.842 INFO  a.c.s.ClusterSingletonManager - Singleton manager stopping singleton actor [akka://akka-runtime/system/singletonManagerShardedDaemonProcessCoordinator-eventSourcedProjection-passivation-race-entity-passivation-race-view/ShardedDaemonProcessCoordinator-eventSourcedProjection-passivation-race-entity-passivation-race-view]
08:08:31.842 INFO  a.c.s.ClusterSingletonManager - Singleton manager stopping singleton actor [akka://akka-runtime/system/sharding/passivation-race-entityCoordinator/singleton]
08:08:31.843 INFO  a.c.s.ClusterSingletonManager - Singleton manager stopping singleton actor [akka://akka-runtime/system/singletonManagerShardedDaemonProcessCoordinator-eventSourcedProjection-passivation-race-entity-passivation-race-consumer-a/ShardedDaemonProcessCoordinator-eventSourcedProjection-passivation-race-entity-passivation-race-consumer-a]
08:08:31.843 INFO  a.c.s.ClusterSingletonManager - ClusterSingletonManager state change [WasOldest -> Stopping]
08:08:31.843 INFO  a.c.s.ClusterSingletonManager - ClusterSingletonManager state change [WasOldest -> Stopping]
08:08:31.843 INFO  a.c.s.ClusterSingletonManager - ClusterSingletonManager state change [WasOldest -> Stopping]
08:08:31.843 INFO  a.c.s.ClusterSingletonManager - Singleton manager stopping singleton actor [akka://akka-runtime/system/sharding/sharded-daemon-process-eventSourcedProjection-passivation-race-entity-passivation-race-viewCoordinator/singleton]
08:08:31.843 INFO  a.c.s.ClusterSingletonManager - ClusterSingletonManager state change [WasOldest -> Stopping]
08:08:31.843 INFO  a.c.s.ClusterSingletonManager - Singleton manager stopping singleton actor [akka://akka-runtime/system/sharding/sharded-daemon-process-eventSourcedProjection-passivation-race-entity-passivation-race-consumer-bCoordinator/singleton]
08:08:31.843 INFO  a.c.s.ClusterSingletonManager - ClusterSingletonManager state change [Oldest -> WasOldest]
08:08:31.843 INFO  a.c.s.ClusterSingletonManager - Singleton manager stopping singleton actor [akka://akka-runtime/system/sharding/sharded-daemon-process-eventSourcedProjection-passivation-race-entity-passivation-race-consumer-aCoordinator/singleton]
08:08:31.843 INFO  a.c.s.ClusterSingletonManager - ClusterSingletonManager state change [WasOldest -> Stopping]
08:08:31.843 INFO  a.c.s.ClusterSingletonManager - ClusterSingletonManager state change [WasOldest -> Stopping]
08:08:31.843 INFO  a.c.s.ClusterSingletonManager - ClusterSingletonManager state change [WasOldest -> Stopping]
08:08:31.843 INFO  a.c.s.ClusterSingletonManager - ClusterSingletonManager state change [WasOldest -> Stopping]
08:08:31.843 INFO  a.c.s.ClusterSingletonManager - Singleton actor [akka://akka-runtime/system/singletonManagerShardedDaemonProcessCoordinator-eventSourcedProjection-passivation-race-entity-passivation-race-view/ShardedDaemonProcessCoordinator-eventSourcedProjection-passivation-race-entity-passivation-race-view] was terminated
08:08:31.843 INFO  a.c.s.ClusterSingletonManager - Singleton actor [akka://akka-runtime/system/singletonManagerShardedDaemonProcessCoordinator-eventSourcedProjection-passivation-race-entity-passivation-race-consumer-b/ShardedDaemonProcessCoordinator-eventSourcedProjection-passivation-race-entity-passivation-race-consumer-b] was terminated
08:08:31.843 INFO  a.c.s.ClusterSingletonManager - Singleton actor [akka://akka-runtime/system/singletonManagerShardedDaemonProcessCoordinator-eventSourcedProjection-passivation-race-entity-passivation-race-consumer-a/ShardedDaemonProcessCoordinator-eventSourcedProjection-passivation-race-entity-passivation-race-consumer-a] was terminated
08:08:31.843 INFO  a.c.s.ClusterSingletonManager - ClusterSingletonManager state change [WasOldest -> Stopping]
08:08:31.843 INFO  a.c.s.ClusterSingletonManager - Singleton actor [akka://akka-runtime/system/singletonManagerschemaSingleton/schemaSingleton] was terminated
08:08:31.844 DEBUG a.c.sharding.DDataShardCoordinator - passivation-race-entity: Received termination message.
08:08:31.844 DEBUG a.c.sharding.DDataShardCoordinator - _timer: Received termination message.
08:08:31.844 DEBUG a.c.sharding.DDataShardCoordinator - sharded-daemon-process-eventSourcedProjection-passivation-race-entity-passivation-race-consumer-b: Received termination message.
08:08:31.844 INFO  a.c.s.ClusterSingletonManager - Singleton actor [akka://akka-runtime/system/sharding/_timerCoordinator/singleton] was terminated
08:08:31.844 INFO  a.c.s.ClusterSingletonManager - Singleton actor [akka://akka-runtime/system/sharding/passivation-race-entityCoordinator/singleton] was terminated
08:08:31.845 INFO  a.c.s.ClusterSingletonManager - Singleton actor [akka://akka-runtime/system/sharding/sharded-daemon-process-eventSourcedProjection-passivation-race-entity-passivation-race-consumer-bCoordinator/singleton] was terminated
08:08:31.845 DEBUG a.c.sharding.DDataShardCoordinator - sharded-daemon-process-eventSourcedProjection-passivation-race-entity-passivation-race-view: Received termination message.
08:08:31.845 DEBUG a.c.sharding.DDataShardCoordinator - sharded-daemon-process-eventSourcedProjection-passivation-race-entity-passivation-race-consumer-a: Received termination message.
08:08:31.845 INFO  a.c.s.ClusterSingletonManager - Singleton actor [akka://akka-runtime/system/sharding/sharded-daemon-process-eventSourcedProjection-passivation-race-entity-passivation-race-viewCoordinator/singleton] was terminated
08:08:31.845 INFO  a.c.s.ClusterSingletonManager - Singleton actor [akka://akka-runtime/system/sharding/sharded-daemon-process-eventSourcedProjection-passivation-race-entity-passivation-race-consumer-aCoordinator/singleton] was terminated
08:08:31.845 DEBUG akka.actor.CoordinatedShutdown - Performing phase [cluster-exiting-done] with [1] tasks.
08:08:31.845 DEBUG akka.actor.CoordinatedShutdown - Performing task [exiting-completed] in CoordinatedShutdown phase [cluster-exiting-done]
08:08:31.848 DEBUG akka.actor.CoordinatedShutdown - Performing phase [cluster-shutdown] with [1] tasks.
08:08:31.848 DEBUG akka.actor.CoordinatedShutdown - Performing task [wait-shutdown] in CoordinatedShutdown phase [cluster-shutdown]
08:08:31.850 DEBUG akka.actor.CoordinatedShutdown - Performing phase [before-actor-system-terminate] with [2] tasks.
08:08:31.850 DEBUG akka.actor.CoordinatedShutdown - Performing task [close connection pools] in CoordinatedShutdown phase [before-actor-system-terminate]
08:08:31.852 DEBUG akka.actor.CoordinatedShutdown - Performing task [close-grpc-channels] in CoordinatedShutdown phase [before-actor-system-terminate]
08:08:31.854 DEBUG akka.actor.CoordinatedShutdown - Performing phase [actor-system-terminate] with [1] tasks.
08:08:31.854 DEBUG akka.actor.CoordinatedShutdown - Performing task [terminate-system] in CoordinatedShutdown phase [actor-system-terminate]
08:08:31.973 INFO  akka.runtime.AkkaRuntimeMain - Starting Akka Runtime version [1.6.15]
08:08:31.990 INFO  akka.javasdk.impl.ComponentLocator$ - Looking for component descriptors matching pattern [META-INF/akka-javasdk-components_*.conf]
08:08:32.003 INFO  akka.javasdk.testkit.TestKit - Eventing TestKit booting up on port: 63294
08:08:32.006 DEBUG a.c.singleton.ClusterSingletonProxy - Singleton not available, buffering message type [kalix.runtime.SchemaSingleton$ExecDdl]
08:08:32.007 DEBUG a.c.singleton.ClusterSingletonProxy - Creating singleton identification timer...
08:08:32.007 DEBUG a.c.singleton.ClusterSingletonProxy - Trying to identify singleton at [akka://akka-runtime@127.0.0.1:63295/system/singletonManagerschemaSingleton/schemaSingleton]
08:08:32.007 INFO  a.c.s.ClusterSingletonManager - Singleton manager starting singleton actor [akka://akka-runtime/system/singletonManagerschemaSingleton/schemaSingleton]
08:08:32.007 INFO  a.c.s.ClusterSingletonManager - ClusterSingletonManager state change [Start -> Oldest]
08:08:32.009 INFO  akka.javasdk.testkit.TestKit - Checking runtime status
08:08:32.068 DEBUG a.c.singleton.ClusterSingletonProxy - Trying to identify singleton at [akka://akka-runtime@127.0.0.1:63295/system/singletonManagerschemaSingleton/schemaSingleton]
08:08:32.068 INFO  a.c.singleton.ClusterSingletonProxy - Singleton identified at [akka://akka-runtime/system/singletonManagerschemaSingleton/schemaSingleton]
08:08:32.068 DEBUG a.c.singleton.ClusterSingletonProxy - Sending buffered messages to current singleton instance
08:08:32.070 INFO  a.c.s.typed.scaladsl.ClusterSharding - Starting Shard Region [passivation-race-entity]...
08:08:32.071 INFO  akka.cluster.sharding.ShardRegion - passivation-race-entity: Automatic entity passivation: composite strategy with limit of [10000] active entities, admission window (least recently used entities) with proportions [initial = 0.01, min = 0.01, max = 1.0] adapting with hill-climbing optimizer [adjust multiplier = 10.0, initial step = 0.0625, restart threshold = 0.05, step decay = 0.98], admit using frequency sketch [width multiplier = 4, reset multiplier = 10.0, depth = 4, counter bits = 4], main (least recently used entities (segmented with [2] levels with proportions of [0.20, 0.80]))
08:08:32.072 INFO  a.c.s.ClusterSingletonManager - Singleton manager starting singleton actor [akka://akka-runtime/system/sharding/passivation-race-entityCoordinator/singleton]
08:08:32.072 INFO  a.c.s.ClusterSingletonManager - ClusterSingletonManager state change [Start -> Oldest]
08:08:32.072 DEBUG a.c.sharding.DDataShardCoordinator - passivation-race-entity: Initial coordinator is empty.
08:08:32.072 INFO  a.c.sharding.DDataShardCoordinator - passivation-race-entity: ShardCoordinator was moved to the active state with [0] shards
08:08:32.074 DEBUG a.c.singleton.ClusterSingletonProxy - Forwarding message of type [SchemaSingleton$ExecDdl] to current singleton instance at [akka://akka-runtime/system/singletonManagerschemaSingleton/schemaSingleton]
08:08:32.076 INFO  akka.runtime.DiscoveryManager - Service components: EventSourcedEntity: [1], Consumer: [2], View: [1]
08:08:32.077 INFO  a.c.s.typed.scaladsl.ClusterSharding - Starting Shard Region [_timer]...
08:08:32.078 INFO  a.c.s.typed.scaladsl.ClusterSharding - Starting Shard Region [sharded-daemon-process-eventSourcedProjection-passivation-race-entity-passivation-race-consumer-a]...
08:08:32.079 INFO  akka.cluster.sharding.ShardRegion - sharded-daemon-process-eventSourcedProjection-passivation-race-entity-passivation-race-consumer-a: Automatic entity passivation: disabled
08:08:32.079 INFO  a.c.s.ClusterSingletonManager - Singleton manager starting singleton actor [akka://akka-runtime/system/sharding/_timerCoordinator/singleton]
08:08:32.079 INFO  a.c.s.ClusterSingletonManager - ClusterSingletonManager state change [Start -> Oldest]
08:08:32.079 INFO  a.c.s.typed.scaladsl.ClusterSharding - Starting Shard Region [sharded-daemon-process-eventSourcedProjection-passivation-race-entity-passivation-race-consumer-b]...
08:08:32.079 DEBUG a.c.singleton.ClusterSingletonProxy - Creating singleton identification timer...
08:08:32.080 DEBUG a.c.sharding.DDataShardCoordinator - _timer: Starting remember entities store from provider akka.cluster.sharding.internal.DDataRememberEntitiesProvider@1087aa10
08:08:32.080 DEBUG a.c.singleton.ClusterSingletonProxy - Trying to identify singleton at [akka://akka-runtime@127.0.0.1:63295/system/singletonManagerShardedDaemonProcessCoordinator-eventSourcedProjection-passivation-race-entity-passivation-race-consumer-a/ShardedDaemonProcessCoordinator-eventSourcedProjection-passivation-race-entity-passivation-race-consumer-a]
08:08:32.080 INFO  a.c.s.ClusterSingletonManager - Singleton manager starting singleton actor [akka://akka-runtime/system/sharding/sharded-daemon-process-eventSourcedProjection-passivation-race-entity-passivation-race-consumer-aCoordinator/singleton]
08:08:32.080 INFO  a.c.s.ClusterSingletonManager - ClusterSingletonManager state change [Start -> Oldest]
08:08:32.080 DEBUG a.c.sharding.DDataShardCoordinator - _timer: Initial coordinator is empty.
08:08:32.080 INFO  a.c.sharding.DDataShardCoordinator - _timer: ShardCoordinator was moved to the active state with [0] shards
08:08:32.080 DEBUG a.c.sharding.DDataShardCoordinator - _timer: Received [0] remembered shard ids (after state initialized)
08:08:32.080 INFO  akka.cluster.sharding.ShardRegion - sharded-daemon-process-eventSourcedProjection-passivation-race-entity-passivation-race-consumer-b: Automatic entity passivation: disabled
08:08:32.080 DEBUG a.c.sharding.DDataShardCoordinator - sharded-daemon-process-eventSourcedProjection-passivation-race-entity-passivation-race-consumer-a: Initial coordinator is empty.
08:08:32.080 INFO  a.c.sharding.DDataShardCoordinator - sharded-daemon-process-eventSourcedProjection-passivation-race-entity-passivation-race-consumer-a: ShardCoordinator was moved to the active state with [0] shards
08:08:32.080 INFO  a.c.s.ClusterSingletonManager - Singleton manager starting singleton actor [akka://akka-runtime/system/singletonManagerShardedDaemonProcessCoordinator-eventSourcedProjection-passivation-race-entity-passivation-race-consumer-a/ShardedDaemonProcessCoordinator-eventSourcedProjection-passivation-race-entity-passivation-race-consumer-a]
08:08:32.081 INFO  a.c.s.ClusterSingletonManager - ClusterSingletonManager state change [Start -> Oldest]
08:08:32.081 DEBUG a.c.s.t.i.ShardedDaemonProcessCoordinator$ - ShardedDaemonProcessCoordinator for [eventSourcedProjection-passivation-race-entity-passivation-race-consumer-a] starting
08:08:32.081 INFO  a.c.s.typed.scaladsl.ClusterSharding - Starting Shard Region [sharded-daemon-process-eventSourcedProjection-passivation-race-entity-passivation-race-view]...
08:08:32.081 DEBUG a.c.singleton.ClusterSingletonProxy - Creating singleton identification timer...
08:08:32.081 DEBUG a.c.s.t.i.ShardedDaemonProcessCoordinator$ - eventSourcedProjection-passivation-race-entity-passivation-race-consumer-a: No previous state stored for Sharded Daemon Process
08:08:32.081 DEBUG a.c.singleton.ClusterSingletonProxy - Trying to identify singleton at [akka://akka-runtime@127.0.0.1:63295/system/singletonManagerShardedDaemonProcessCoordinator-eventSourcedProjection-passivation-race-entity-passivation-race-consumer-b/ShardedDaemonProcessCoordinator-eventSourcedProjection-passivation-race-entity-passivation-race-consumer-b]
08:08:32.081 DEBUG a.c.s.t.i.ShardedDaemonProcessCoordinator$ - Sending periodic keep alive for Sharded Daemon Process [eventSourcedProjection-passivation-race-entity-passivation-race-consumer-a] to [1] processes (revision [0]).
08:08:32.081 INFO  a.c.s.ClusterSingletonManager - Singleton manager starting singleton actor [akka://akka-runtime/system/sharding/sharded-daemon-process-eventSourcedProjection-passivation-race-entity-passivation-race-consumer-bCoordinator/singleton]
08:08:32.082 INFO  a.c.s.ClusterSingletonManager - ClusterSingletonManager state change [Start -> Oldest]
08:08:32.082 INFO  akka.cluster.sharding.ShardRegion - sharded-daemon-process-eventSourcedProjection-passivation-race-entity-passivation-race-view: Automatic entity passivation: disabled
08:08:32.082 DEBUG a.c.sharding.DDataShardCoordinator - sharded-daemon-process-eventSourcedProjection-passivation-race-entity-passivation-race-consumer-b: Initial coordinator is empty.
08:08:32.082 INFO  a.c.sharding.DDataShardCoordinator - sharded-daemon-process-eventSourcedProjection-passivation-race-entity-passivation-race-consumer-b: ShardCoordinator was moved to the active state with [0] shards
08:08:32.082 INFO  a.c.s.ClusterSingletonManager - Singleton manager starting singleton actor [akka://akka-runtime/system/singletonManagerShardedDaemonProcessCoordinator-eventSourcedProjection-passivation-race-entity-passivation-race-consumer-b/ShardedDaemonProcessCoordinator-eventSourcedProjection-passivation-race-entity-passivation-race-consumer-b]
08:08:32.082 INFO  a.c.s.ClusterSingletonManager - ClusterSingletonManager state change [Start -> Oldest]
08:08:32.082 DEBUG a.c.s.t.i.ShardedDaemonProcessCoordinator$ - ShardedDaemonProcessCoordinator for [eventSourcedProjection-passivation-race-entity-passivation-race-consumer-b] starting
08:08:32.082 DEBUG a.c.s.t.i.ShardedDaemonProcessCoordinator$ - eventSourcedProjection-passivation-race-entity-passivation-race-consumer-b: No previous state stored for Sharded Daemon Process
08:08:32.082 DEBUG a.c.s.t.i.ShardedDaemonProcessCoordinator$ - Sending periodic keep alive for Sharded Daemon Process [eventSourcedProjection-passivation-race-entity-passivation-race-consumer-b] to [1] processes (revision [0]).
08:08:32.083 DEBUG a.c.singleton.ClusterSingletonProxy - Creating singleton identification timer...
08:08:32.083 DEBUG a.c.singleton.ClusterSingletonProxy - Trying to identify singleton at [akka://akka-runtime@127.0.0.1:63295/system/singletonManagerShardedDaemonProcessCoordinator-eventSourcedProjection-passivation-race-entity-passivation-race-view/ShardedDaemonProcessCoordinator-eventSourcedProjection-passivation-race-entity-passivation-race-view]
08:08:32.083 INFO  a.c.s.ClusterSingletonManager - Singleton manager starting singleton actor [akka://akka-runtime/system/sharding/sharded-daemon-process-eventSourcedProjection-passivation-race-entity-passivation-race-viewCoordinator/singleton]
08:08:32.083 INFO  a.c.s.ClusterSingletonManager - ClusterSingletonManager state change [Start -> Oldest]
08:08:32.083 INFO  a.c.s.ClusterSingletonManager - Singleton manager starting singleton actor [akka://akka-runtime/system/singletonManagerShardedDaemonProcessCoordinator-eventSourcedProjection-passivation-race-entity-passivation-race-view/ShardedDaemonProcessCoordinator-eventSourcedProjection-passivation-race-entity-passivation-race-view]
08:08:32.084 DEBUG a.c.s.t.i.ShardedDaemonProcessCoordinator$ - ShardedDaemonProcessCoordinator for [eventSourcedProjection-passivation-race-entity-passivation-race-view] starting
08:08:32.084 INFO  a.c.s.ClusterSingletonManager - ClusterSingletonManager state change [Start -> Oldest]
08:08:32.084 DEBUG a.c.sharding.DDataShardCoordinator - sharded-daemon-process-eventSourcedProjection-passivation-race-entity-passivation-race-view: Initial coordinator is empty.
08:08:32.084 INFO  a.c.sharding.DDataShardCoordinator - sharded-daemon-process-eventSourcedProjection-passivation-race-entity-passivation-race-view: ShardCoordinator was moved to the active state with [0] shards
08:08:32.084 INFO  akka.runtime.DiscoveryManager - Akka Runtime started at 127.0.0.1:63293
08:08:32.084 DEBUG a.c.s.t.i.ShardedDaemonProcessCoordinator$ - eventSourcedProjection-passivation-race-entity-passivation-race-view: No previous state stored for Sharded Daemon Process
08:08:32.084 DEBUG a.c.s.t.i.ShardedDaemonProcessCoordinator$ - Sending periodic keep alive for Sharded Daemon Process [eventSourcedProjection-passivation-race-entity-passivation-race-view] to [1] processes (revision [0]).
08:08:32.084 INFO  repro.Bootstrap - onStartup burst of 8 starting
08:08:32.131 INFO  akka.javasdk.testkit.TestKit - Runtime started
08:08:32.131 INFO  akka.actor.CoordinatedShutdown - Running CoordinatedShutdown with reason [ActorSystemTerminateReason]
08:08:32.132 DEBUG akka.actor.CoordinatedShutdown - Performing phase [before-service-unbind] with [0] tasks
08:08:32.132 DEBUG akka.actor.CoordinatedShutdown - Performing phase [service-unbind] with [1] tasks.
08:08:32.132 DEBUG akka.actor.CoordinatedShutdown - Performing task [http-unbind-/127.0.0.1:63293] in CoordinatedShutdown phase [service-unbind]
08:08:32.132 DEBUG akka.actor.CoordinatedShutdown - Performing phase [service-requests-done] with [1] tasks.
08:08:32.132 DEBUG akka.actor.CoordinatedShutdown - Performing task [http-terminate-/127.0.0.1:63293] in CoordinatedShutdown phase [service-requests-done]
08:08:32.132 DEBUG akka.actor.CoordinatedShutdown - Performing phase [service-stop] with [1] tasks.
08:08:32.132 DEBUG akka.actor.CoordinatedShutdown - Performing task [stop-grpc-clients] in CoordinatedShutdown phase [service-stop]
08:08:32.132 DEBUG akka.actor.CoordinatedShutdown - Performing phase [before-cluster-shutdown] with [0] tasks
08:08:32.132 DEBUG akka.actor.CoordinatedShutdown - Performing phase [cluster-sharding-shutdown-region] with [5] tasks.
08:08:32.132 DEBUG akka.actor.CoordinatedShutdown - Performing task [region-shutdown] in CoordinatedShutdown phase [cluster-sharding-shutdown-region]
08:08:32.132 DEBUG akka.actor.CoordinatedShutdown - Performing task [region-shutdown] in CoordinatedShutdown phase [cluster-sharding-shutdown-region]
08:08:32.133 DEBUG akka.actor.CoordinatedShutdown - Performing task [region-shutdown] in CoordinatedShutdown phase [cluster-sharding-shutdown-region]
08:08:32.133 DEBUG akka.actor.CoordinatedShutdown - Performing task [region-shutdown] in CoordinatedShutdown phase [cluster-sharding-shutdown-region]
08:08:32.133 DEBUG akka.actor.CoordinatedShutdown - Performing task [region-shutdown] in CoordinatedShutdown phase [cluster-sharding-shutdown-region]
08:08:32.133 DEBUG a.c.sharding.DDataShardCoordinator - sharded-daemon-process-eventSourcedProjection-passivation-race-entity-passivation-race-consumer-a: Unknown region requested graceful shutdown [Actor[akka://akka-runtime/system/sharding/sharded-daemon-process-eventSourcedProjection-passivation-race-entity-passivation-race-consumer-a#1586785482]]
08:08:32.133 DEBUG a.c.sharding.DDataShardCoordinator - sharded-daemon-process-eventSourcedProjection-passivation-race-entity-passivation-race-view: Unknown region requested graceful shutdown [Actor[akka://akka-runtime/system/sharding/sharded-daemon-process-eventSourcedProjection-passivation-race-entity-passivation-race-view#283680395]]
08:08:32.133 DEBUG a.c.sharding.DDataShardCoordinator - _timer: Unknown region requested graceful shutdown [Actor[akka://akka-runtime/system/sharding/_timer#-1918696045]]
08:08:32.133 DEBUG a.c.sharding.DDataShardCoordinator - passivation-race-entity: Unknown region requested graceful shutdown [Actor[akka://akka-runtime/system/sharding/passivation-race-entity#33526077]]
08:08:32.133 DEBUG a.c.sharding.DDataShardCoordinator - sharded-daemon-process-eventSourcedProjection-passivation-race-entity-passivation-race-consumer-b: Unknown region requested graceful shutdown [Actor[akka://akka-runtime/system/sharding/sharded-daemon-process-eventSourcedProjection-passivation-race-entity-passivation-race-consumer-b#1200658830]]
08:08:32.148 DEBUG a.c.singleton.ClusterSingletonProxy - Trying to identify singleton at [akka://akka-runtime@127.0.0.1:63295/system/singletonManagerShardedDaemonProcessCoordinator-eventSourcedProjection-passivation-race-entity-passivation-race-consumer-a/ShardedDaemonProcessCoordinator-eventSourcedProjection-passivation-race-entity-passivation-race-consumer-a]
08:08:32.148 DEBUG a.c.singleton.ClusterSingletonProxy - Trying to identify singleton at [akka://akka-runtime@127.0.0.1:63295/system/singletonManagerShardedDaemonProcessCoordinator-eventSourcedProjection-passivation-race-entity-passivation-race-view/ShardedDaemonProcessCoordinator-eventSourcedProjection-passivation-race-entity-passivation-race-view]
08:08:32.148 DEBUG a.c.singleton.ClusterSingletonProxy - Trying to identify singleton at [akka://akka-runtime@127.0.0.1:63295/system/singletonManagerShardedDaemonProcessCoordinator-eventSourcedProjection-passivation-race-entity-passivation-race-consumer-b/ShardedDaemonProcessCoordinator-eventSourcedProjection-passivation-race-entity-passivation-race-consumer-b]
08:08:32.148 INFO  a.c.singleton.ClusterSingletonProxy - Singleton identified at [akka://akka-runtime/system/singletonManagerShardedDaemonProcessCoordinator-eventSourcedProjection-passivation-race-entity-passivation-race-consumer-a/ShardedDaemonProcessCoordinator-eventSourcedProjection-passivation-race-entity-passivation-race-consumer-a]
08:08:32.148 INFO  a.c.singleton.ClusterSingletonProxy - Singleton identified at [akka://akka-runtime/system/singletonManagerShardedDaemonProcessCoordinator-eventSourcedProjection-passivation-race-entity-passivation-race-consumer-b/ShardedDaemonProcessCoordinator-eventSourcedProjection-passivation-race-entity-passivation-race-consumer-b]
08:08:32.149 INFO  a.c.singleton.ClusterSingletonProxy - Singleton identified at [akka://akka-runtime/system/singletonManagerShardedDaemonProcessCoordinator-eventSourcedProjection-passivation-race-entity-passivation-race-view/ShardedDaemonProcessCoordinator-eventSourcedProjection-passivation-race-entity-passivation-race-view]
08:08:32.149 DEBUG a.c.singleton.ClusterSingletonProxy - Sending buffered messages to current singleton instance
08:08:32.149 DEBUG a.c.singleton.ClusterSingletonProxy - Sending buffered messages to current singleton instance
08:08:32.149 DEBUG a.c.singleton.ClusterSingletonProxy - Sending buffered messages to current singleton instance
08:08:32.338 DEBUG a.c.sharding.DDataShardCoordinator - passivation-race-entity: ShardRegion registered: [Actor[akka://akka-runtime/system/sharding/passivation-race-entity#33526077]]
08:08:32.338 DEBUG a.c.sharding.DDataShardCoordinator - passivation-race-entity: The coordinator state was successfully updated with ShardRegionRegistered(Actor[akka://akka-runtime/system/sharding/passivation-race-entity#33526077])
08:08:32.338 DEBUG a.c.sharding.DDataShardCoordinator - passivation-race-entity: The coordinator state was successfully updated with ShardHomeAllocated(236,Actor[akka://akka-runtime/system/sharding/passivation-race-entity#33526077])
08:08:32.338 DEBUG a.c.sharding.DDataShardCoordinator - passivation-race-entity: Shard [236] allocated at [Actor[akka://akka-runtime/system/sharding/passivation-race-entity#33526077]]
08:08:32.338 DEBUG a.c.sharding.DDataShardCoordinator - passivation-race-entity: Graceful shutdown of region [Actor[akka://akka-runtime/system/sharding/passivation-race-entity#33526077]] with [1] shards
08:08:32.338 INFO  a.c.sharding.DDataShardCoordinator - passivation-race-entity: Starting shutting down shards [236] due to region shutting down or explicit stopping of shards.
08:08:32.339 DEBUG a.c.s.ShardCoordinator$RebalanceWorker - passivation-race-entity: Shutting down shard [236] from region [Actor[akka://akka-runtime/system/sharding/passivation-race-entity#33526077]]. Asking [1] region(s) to hand-off shard
08:08:32.339 DEBUG a.c.s.ShardCoordinator$RebalanceWorker - passivation-race-entity: BeginHandOffAck for shard [236] received from [Actor[akka://akka-runtime/system/sharding/passivation-race-entity#33526077]].
08:08:32.339 DEBUG akka.cluster.sharding.Shard - passivation-race-entity: Shard initialized
08:08:32.339 DEBUG a.c.s.ShardCoordinator$RebalanceWorker - passivation-race-entity: All shard regions acked, handing off shard [236].
08:08:32.339 DEBUG akka.cluster.sharding.Shard - passivation-race-entity: Started entity [Actor[akka://akka-runtime/system/sharding/passivation-race-entity/236/d834986b-0a82-4999-b929-c8a25af83bf3#-1350323877]] with entity id [d834986b-0a82-4999-b929-c8a25af83bf3] in shard [236]
08:08:32.339 DEBUG akka.cluster.sharding.Shard - passivation-race-entity: HandOff shard [236]
08:08:32.339 DEBUG akka.cluster.sharding.Shard - passivation-race-entity: Starting HandOffStopper for shard [236] to terminate [1] entities.
08:08:32.348 DEBUG a.c.sharding.DDataShardCoordinator - sharded-daemon-process-eventSourcedProjection-passivation-race-entity-passivation-race-consumer-a: ShardRegion registered: [Actor[akka://akka-runtime/system/sharding/sharded-daemon-process-eventSourcedProjection-passivation-race-entity-passivation-race-consumer-a#1586785482]]
08:08:32.348 DEBUG a.c.sharding.DDataShardCoordinator - sharded-daemon-process-eventSourcedProjection-passivation-race-entity-passivation-race-view: ShardRegion registered: [Actor[akka://akka-runtime/system/sharding/sharded-daemon-process-eventSourcedProjection-passivation-race-entity-passivation-race-view#283680395]]
08:08:32.348 DEBUG a.c.sharding.DDataShardCoordinator - sharded-daemon-process-eventSourcedProjection-passivation-race-entity-passivation-race-consumer-b: ShardRegion registered: [Actor[akka://akka-runtime/system/sharding/sharded-daemon-process-eventSourcedProjection-passivation-race-entity-passivation-race-consumer-b#1200658830]]
08:08:32.348 DEBUG a.c.sharding.DDataShardCoordinator - sharded-daemon-process-eventSourcedProjection-passivation-race-entity-passivation-race-consumer-a: The coordinator state was successfully updated with ShardRegionRegistered(Actor[akka://akka-runtime/system/sharding/sharded-daemon-process-eventSourcedProjection-passivation-race-entity-passivation-race-consumer-a#1586785482])
08:08:32.348 DEBUG a.c.sharding.DDataShardCoordinator - sharded-daemon-process-eventSourcedProjection-passivation-race-entity-passivation-race-view: The coordinator state was successfully updated with ShardRegionRegistered(Actor[akka://akka-runtime/system/sharding/sharded-daemon-process-eventSourcedProjection-passivation-race-entity-passivation-race-view#283680395])
08:08:32.349 DEBUG a.c.sharding.DDataShardCoordinator - sharded-daemon-process-eventSourcedProjection-passivation-race-entity-passivation-race-consumer-b: The coordinator state was successfully updated with ShardRegionRegistered(Actor[akka://akka-runtime/system/sharding/sharded-daemon-process-eventSourcedProjection-passivation-race-entity-passivation-race-consumer-b#1200658830])
08:08:32.349 DEBUG a.c.sharding.DDataShardCoordinator - sharded-daemon-process-eventSourcedProjection-passivation-race-entity-passivation-race-consumer-a: The coordinator state was successfully updated with ShardHomeAllocated(0,Actor[akka://akka-runtime/system/sharding/sharded-daemon-process-eventSourcedProjection-passivation-race-entity-passivation-race-consumer-a#1586785482])
08:08:32.349 DEBUG a.c.sharding.DDataShardCoordinator - sharded-daemon-process-eventSourcedProjection-passivation-race-entity-passivation-race-consumer-a: Shard [0] allocated at [Actor[akka://akka-runtime/system/sharding/sharded-daemon-process-eventSourcedProjection-passivation-race-entity-passivation-race-consumer-a#1586785482]]
08:08:32.349 DEBUG a.c.sharding.DDataShardCoordinator - sharded-daemon-process-eventSourcedProjection-passivation-race-entity-passivation-race-view: The coordinator state was successfully updated with ShardHomeAllocated(0,Actor[akka://akka-runtime/system/sharding/sharded-daemon-process-eventSourcedProjection-passivation-race-entity-passivation-race-view#283680395])
08:08:32.349 DEBUG a.c.sharding.DDataShardCoordinator - sharded-daemon-process-eventSourcedProjection-passivation-race-entity-passivation-race-view: Shard [0] allocated at [Actor[akka://akka-runtime/system/sharding/sharded-daemon-process-eventSourcedProjection-passivation-race-entity-passivation-race-view#283680395]]
08:08:32.349 DEBUG a.c.sharding.DDataShardCoordinator - sharded-daemon-process-eventSourcedProjection-passivation-race-entity-passivation-race-consumer-b: The coordinator state was successfully updated with ShardHomeAllocated(0,Actor[akka://akka-runtime/system/sharding/sharded-daemon-process-eventSourcedProjection-passivation-race-entity-passivation-race-consumer-b#1200658830])
08:08:32.349 DEBUG a.c.sharding.DDataShardCoordinator - sharded-daemon-process-eventSourcedProjection-passivation-race-entity-passivation-race-consumer-a: Graceful shutdown of region [Actor[akka://akka-runtime/system/sharding/sharded-daemon-process-eventSourcedProjection-passivation-race-entity-passivation-race-consumer-a#1586785482]] with [1] shards
08:08:32.349 DEBUG a.c.sharding.DDataShardCoordinator - sharded-daemon-process-eventSourcedProjection-passivation-race-entity-passivation-race-consumer-b: Shard [0] allocated at [Actor[akka://akka-runtime/system/sharding/sharded-daemon-process-eventSourcedProjection-passivation-race-entity-passivation-race-consumer-b#1200658830]]
08:08:32.349 INFO  a.c.sharding.DDataShardCoordinator - sharded-daemon-process-eventSourcedProjection-passivation-race-entity-passivation-race-consumer-a: Starting shutting down shards [0] due to region shutting down or explicit stopping of shards.
08:08:32.350 DEBUG a.c.sharding.DDataShardCoordinator - sharded-daemon-process-eventSourcedProjection-passivation-race-entity-passivation-race-view: Graceful shutdown of region [Actor[akka://akka-runtime/system/sharding/sharded-daemon-process-eventSourcedProjection-passivation-race-entity-passivation-race-view#283680395]] with [1] shards
08:08:32.350 DEBUG a.c.s.t.i.ShardedDaemonProcessState$ - eventSourcedProjection-passivation-race-entity-passivation-race-view: Deferred start of worker to verify its revision [0] is the latest
08:08:32.350 INFO  a.c.sharding.DDataShardCoordinator - sharded-daemon-process-eventSourcedProjection-passivation-race-entity-passivation-race-view: Starting shutting down shards [0] due to region shutting down or explicit stopping of shards.
08:08:32.350 DEBUG akka.cluster.sharding.Shard - sharded-daemon-process-eventSourcedProjection-passivation-race-entity-passivation-race-consumer-a: Shard initialized
08:08:32.350 DEBUG a.c.s.ShardCoordinator$RebalanceWorker - sharded-daemon-process-eventSourcedProjection-passivation-race-entity-passivation-race-consumer-a: Shutting down shard [0] from region [Actor[akka://akka-runtime/system/sharding/sharded-daemon-process-eventSourcedProjection-passivation-race-entity-passivation-race-consumer-a#1586785482]]. Asking [1] region(s) to hand-off shard
08:08:32.350 DEBUG akka.cluster.sharding.Shard - sharded-daemon-process-eventSourcedProjection-passivation-race-entity-passivation-race-view: Shard initialized
08:08:32.350 DEBUG a.c.s.ShardCoordinator$RebalanceWorker - sharded-daemon-process-eventSourcedProjection-passivation-race-entity-passivation-race-view: Shutting down shard [0] from region [Actor[akka://akka-runtime/system/sharding/sharded-daemon-process-eventSourcedProjection-passivation-race-entity-passivation-race-view#283680395]]. Asking [1] region(s) to hand-off shard
08:08:32.350 DEBUG a.c.s.t.i.ShardedDaemonProcessState$ - eventSourcedProjection-passivation-race-entity-passivation-race-consumer-a: Deferred start of worker to verify its revision [0] is the latest
08:08:32.350 INFO  a.c.s.t.i.ShardedDaemonProcessState$ - eventSourcedProjection-passivation-race-entity-passivation-race-view: Starting Sharded Daemon Process [0] out of a total [1] (revision [0] and no state found)
08:08:32.350 INFO  a.c.s.t.i.ShardedDaemonProcessState$ - eventSourcedProjection-passivation-race-entity-passivation-race-consumer-a: Starting Sharded Daemon Process [0] out of a total [1] (revision [0] and no state found)
08:08:32.351 DEBUG a.c.s.t.i.ShardedDaemonProcessState$ - eventSourcedProjection-passivation-race-entity-passivation-race-consumer-b: Deferred start of worker to verify its revision [0] is the latest
08:08:32.350 DEBUG akka.cluster.sharding.Shard - sharded-daemon-process-eventSourcedProjection-passivation-race-entity-passivation-race-consumer-a: Request to start entity [0] and ack to [Some(Actor[akka://akka-runtime/deadLetters])]
08:08:32.351 DEBUG akka.cluster.sharding.Shard - sharded-daemon-process-eventSourcedProjection-passivation-race-entity-passivation-race-view: Request to start entity [0] and ack to [Some(Actor[akka://akka-runtime/deadLetters])]
08:08:32.351 DEBUG akka.cluster.sharding.Shard - sharded-daemon-process-eventSourcedProjection-passivation-race-entity-passivation-race-view: Started entity [Actor[akka://akka-runtime/system/sharding/sharded-daemon-process-eventSourcedProjection-passivation-race-entity-passivation-race-view/0/0#259872243]] with entity id [0] in shard [0]
08:08:32.351 DEBUG a.c.s.ShardCoordinator$RebalanceWorker - sharded-daemon-process-eventSourcedProjection-passivation-race-entity-passivation-race-view: BeginHandOffAck for shard [0] received from [Actor[akka://akka-runtime/system/sharding/sharded-daemon-process-eventSourcedProjection-passivation-race-entity-passivation-race-view#283680395]].
08:08:32.351 DEBUG a.c.s.ShardCoordinator$RebalanceWorker - sharded-daemon-process-eventSourcedProjection-passivation-race-entity-passivation-race-view: All shard regions acked, handing off shard [0].
08:08:32.351 DEBUG akka.cluster.sharding.Shard - sharded-daemon-process-eventSourcedProjection-passivation-race-entity-passivation-race-consumer-a: Started entity [Actor[akka://akka-runtime/system/sharding/sharded-daemon-process-eventSourcedProjection-passivation-race-entity-passivation-race-consumer-a/0/0#1020049360]] with entity id [0] in shard [0]
08:08:32.351 DEBUG a.c.s.ShardCoordinator$RebalanceWorker - sharded-daemon-process-eventSourcedProjection-passivation-race-entity-passivation-race-consumer-a: BeginHandOffAck for shard [0] received from [Actor[akka://akka-runtime/system/sharding/sharded-daemon-process-eventSourcedProjection-passivation-race-entity-passivation-race-consumer-a#1586785482]].
08:08:32.351 DEBUG a.c.s.ShardCoordinator$RebalanceWorker - sharded-daemon-process-eventSourcedProjection-passivation-race-entity-passivation-race-consumer-a: All shard regions acked, handing off shard [0].
08:08:32.351 DEBUG akka.cluster.sharding.Shard - sharded-daemon-process-eventSourcedProjection-passivation-race-entity-passivation-race-consumer-a: HandOff shard [0]
08:08:32.351 DEBUG akka.cluster.sharding.Shard - sharded-daemon-process-eventSourcedProjection-passivation-race-entity-passivation-race-consumer-a: Starting HandOffStopper for shard [0] to terminate [1] entities.
08:08:32.351 DEBUG a.c.sharding.DDataShardCoordinator - sharded-daemon-process-eventSourcedProjection-passivation-race-entity-passivation-race-consumer-b: Graceful shutdown of region [Actor[akka://akka-runtime/system/sharding/sharded-daemon-process-eventSourcedProjection-passivation-race-entity-passivation-race-consumer-b#1200658830]] with [1] shards
08:08:32.351 DEBUG akka.cluster.sharding.Shard - sharded-daemon-process-eventSourcedProjection-passivation-race-entity-passivation-race-view: HandOff shard [0]
08:08:32.351 INFO  a.c.sharding.DDataShardCoordinator - sharded-daemon-process-eventSourcedProjection-passivation-race-entity-passivation-race-consumer-b: Starting shutting down shards [0] due to region shutting down or explicit stopping of shards.
08:08:32.351 DEBUG akka.cluster.sharding.Shard - sharded-daemon-process-eventSourcedProjection-passivation-race-entity-passivation-race-view: Starting HandOffStopper for shard [0] to terminate [1] entities.
08:08:32.351 DEBUG akka.cluster.sharding.Shard - passivation-race-entity: Shard [236] shutting down
08:08:32.351 DEBUG a.c.sharding.DDataShardCoordinator - passivation-race-entity: Shard [236] deallocation completed successfully.
08:08:32.351 DEBUG akka.cluster.sharding.Shard - sharded-daemon-process-eventSourcedProjection-passivation-race-entity-passivation-race-consumer-b: Shard initialized
08:08:32.351 DEBUG a.c.s.ShardCoordinator$RebalanceWorker - sharded-daemon-process-eventSourcedProjection-passivation-race-entity-passivation-race-consumer-b: Shutting down shard [0] from region [Actor[akka://akka-runtime/system/sharding/sharded-daemon-process-eventSourcedProjection-passivation-race-entity-passivation-race-consumer-b#1200658830]]. Asking [1] region(s) to hand-off shard
08:08:32.351 DEBUG a.c.sharding.DDataShardCoordinator - passivation-race-entity: The coordinator state was successfully updated with ShardHomeDeallocated(236)
08:08:32.351 DEBUG akka.cluster.sharding.Shard - sharded-daemon-process-eventSourcedProjection-passivation-race-entity-passivation-race-consumer-b: Request to start entity [0] and ack to [Some(Actor[akka://akka-runtime/deadLetters])]
08:08:32.351 DEBUG a.c.sharding.DDataShardCoordinator - passivation-race-entity: Shard [236] deallocated after
08:08:32.351 DEBUG a.c.s.ShardCoordinator$RebalanceWorker - sharded-daemon-process-eventSourcedProjection-passivation-race-entity-passivation-race-consumer-b: BeginHandOffAck for shard [0] received from [Actor[akka://akka-runtime/system/sharding/sharded-daemon-process-eventSourcedProjection-passivation-race-entity-passivation-race-consumer-b#1200658830]].
08:08:32.351 DEBUG a.c.s.ShardCoordinator$RebalanceWorker - sharded-daemon-process-eventSourcedProjection-passivation-race-entity-passivation-race-consumer-b: All shard regions acked, handing off shard [0].
08:08:32.351 DEBUG akka.cluster.sharding.Shard - sharded-daemon-process-eventSourcedProjection-passivation-race-entity-passivation-race-consumer-b: Started entity [Actor[akka://akka-runtime/system/sharding/sharded-daemon-process-eventSourcedProjection-passivation-race-entity-passivation-race-consumer-b/0/0#158897246]] with entity id [0] in shard [0]
08:08:32.351 DEBUG akka.cluster.sharding.Shard - sharded-daemon-process-eventSourcedProjection-passivation-race-entity-passivation-race-consumer-b: HandOff shard [0]
08:08:32.351 DEBUG akka.cluster.sharding.Shard - sharded-daemon-process-eventSourcedProjection-passivation-race-entity-passivation-race-consumer-b: Starting HandOffStopper for shard [0] to terminate [1] entities.
08:08:32.351 DEBUG a.c.sharding.DDataShardCoordinator - passivation-race-entity: ShardRegion terminated (gracefully): [Actor[akka://akka-runtime/system/sharding/passivation-race-entity#33526077]] {}
08:08:32.351 DEBUG a.c.sharding.DDataShardCoordinator - passivation-race-entity: GetShardHome [236] request from [Actor[akka://local/ignore]] stashed, because waiting for initial state or update of state. It will be handled afterwards.
08:08:32.352 DEBUG a.c.sharding.DDataShardCoordinator - passivation-race-entity: The coordinator state was successfully updated with ShardRegionTerminated(Actor[akka://akka-runtime/system/sharding/passivation-race-entity#33526077])
08:08:32.352 DEBUG a.c.sharding.DDataShardCoordinator - passivation-race-entity: ShardRegion stopped: [Actor[akka://akka-runtime/system/sharding/passivation-race-entity#33526077]]
08:08:32.351 INFO  a.c.s.t.i.ShardedDaemonProcessState$ - eventSourcedProjection-passivation-race-entity-passivation-race-consumer-b: Starting Sharded Daemon Process [0] out of a total [1] (revision [0] and no state found)
08:08:32.356 ERROR repro.Bootstrap - onStartup() threw an exception
java.util.concurrent.TimeoutException: Command to entity [passivation-race-entity] id [6d88513b-9a40-446a-bc3b-d86bb85e1b27] timed out.
	at kalix.runtime.eventsourcedentity.EventSourcedSupport$$anonfun$$nestedInanonfun$handleCommand$1$1.applyOrElse(EventSourcedEntitySupportFactory.scala:191)
	at kalix.runtime.eventsourcedentity.EventSourcedSupport$$anonfun$$nestedInanonfun$handleCommand$1$1.applyOrElse(EventSourcedEntitySupportFactory.scala:189)
	at scala.concurrent.impl.Promise$Transformation.run(Promise.scala:523)
	at akka.dispatch.BatchingExecutor$AbstractBatch.processBatch(BatchingExecutor.scala:64)
	at akka.dispatch.BatchingExecutor$BlockableBatch.$anonfun$run$1(BatchingExecutor.scala:101)
	at scala.runtime.java8.JFunction0$mcV$sp.apply(JFunction0$mcV$sp.scala:18)
	at scala.concurrent.BlockContext$.withBlockContext(BlockContext.scala:94)
	at akka.dispatch.BatchingExecutor$BlockableBatch.run(BatchingExecutor.scala:101)
	at akka.dispatch.TaskInvocation.run(AbstractDispatcher.scala:48)
	at akka.dispatch.ForkJoinExecutorConfigurator$AkkaForkJoinTask.exec(ForkJoinExecutorConfigurator.scala:60)
	at java.base/java.util.concurrent.ForkJoinTask.doExec(ForkJoinTask.java:507)
	at java.base/java.util.concurrent.ForkJoinPool$WorkQueue.topLevelExec(ForkJoinPool.java:1450)
	at java.base/java.util.concurrent.ForkJoinPool.runWorker(ForkJoinPool.java:2019)
	at java.base/java.util.concurrent.ForkJoinWorkerThread.run(ForkJoinWorkerThread.java:187)
08:08:33.119 WARN  a.c.s.ShardRegion$HandOffStopper - sharded-daemon-process-eventSourcedProjection-passivation-race-entity-passivation-race-consumer-a: [1] of the entities in shard [0] not stopped after [750 milliseconds]. Maybe the handOffStopMessage [akka.projection.ProjectionBehavior$Stop$] is not handled? Waiting additional [250 milliseconds] before stopping the remaining entities.
08:08:33.119 WARN  a.c.s.ShardRegion$HandOffStopper - sharded-daemon-process-eventSourcedProjection-passivation-race-entity-passivation-race-consumer-b: [1] of the entities in shard [0] not stopped after [750 milliseconds]. Maybe the handOffStopMessage [akka.projection.ProjectionBehavior$Stop$] is not handled? Waiting additional [250 milliseconds] before stopping the remaining entities.
08:08:33.119 WARN  a.c.s.ShardRegion$HandOffStopper - sharded-daemon-process-eventSourcedProjection-passivation-race-entity-passivation-race-view: [1] of the entities in shard [0] not stopped after [750 milliseconds]. Maybe the handOffStopMessage [akka.projection.ProjectionBehavior$Stop$] is not handled? Waiting additional [250 milliseconds] before stopping the remaining entities.
08:08:33.368 WARN  a.c.s.ShardRegion$HandOffStopper - sharded-daemon-process-eventSourcedProjection-passivation-race-entity-passivation-race-consumer-b: HandOffStopMessage [akka.projection.ProjectionBehavior$Stop$] is not handled by some of the entities in shard [0] after [1 second], stopping the remaining [1] entities.
08:08:33.368 WARN  a.c.s.ShardRegion$HandOffStopper - sharded-daemon-process-eventSourcedProjection-passivation-race-entity-passivation-race-consumer-a: HandOffStopMessage [akka.projection.ProjectionBehavior$Stop$] is not handled by some of the entities in shard [0] after [1 second], stopping the remaining [1] entities.
08:08:33.368 WARN  a.c.s.ShardRegion$HandOffStopper - sharded-daemon-process-eventSourcedProjection-passivation-race-entity-passivation-race-view: HandOffStopMessage [akka.projection.ProjectionBehavior$Stop$] is not handled by some of the entities in shard [0] after [1 second], stopping the remaining [1] entities.
08:08:33.368 DEBUG akka.cluster.sharding.Shard - sharded-daemon-process-eventSourcedProjection-passivation-race-entity-passivation-race-consumer-b: Shard [0] shutting down
08:08:33.368 DEBUG a.c.sharding.DDataShardCoordinator - sharded-daemon-process-eventSourcedProjection-passivation-race-entity-passivation-race-view: Shard [0] deallocation completed successfully.
08:08:33.368 DEBUG a.c.sharding.DDataShardCoordinator - sharded-daemon-process-eventSourcedProjection-passivation-race-entity-passivation-race-consumer-a: Shard [0] deallocation completed successfully.
08:08:33.368 DEBUG a.c.sharding.DDataShardCoordinator - sharded-daemon-process-eventSourcedProjection-passivation-race-entity-passivation-race-consumer-b: Shard [0] deallocation completed successfully.
08:08:33.369 DEBUG a.c.sharding.DDataShardCoordinator - sharded-daemon-process-eventSourcedProjection-passivation-race-entity-passivation-race-consumer-b: The coordinator state was successfully updated with ShardHomeDeallocated(0)
08:08:33.369 DEBUG a.c.sharding.DDataShardCoordinator - sharded-daemon-process-eventSourcedProjection-passivation-race-entity-passivation-race-consumer-b: Shard [0] deallocated after
08:08:33.369 DEBUG a.c.sharding.DDataShardCoordinator - sharded-daemon-process-eventSourcedProjection-passivation-race-entity-passivation-race-view: The coordinator state was successfully updated with ShardHomeDeallocated(0)
08:08:33.369 DEBUG a.c.sharding.DDataShardCoordinator - sharded-daemon-process-eventSourcedProjection-passivation-race-entity-passivation-race-view: Shard [0] deallocated after
08:08:33.369 DEBUG a.c.sharding.DDataShardCoordinator - sharded-daemon-process-eventSourcedProjection-passivation-race-entity-passivation-race-consumer-b: ShardRegion terminated (gracefully): [Actor[akka://akka-runtime/system/sharding/sharded-daemon-process-eventSourcedProjection-passivation-race-entity-passivation-race-consumer-b#1200658830]] {}
08:08:33.369 DEBUG a.c.sharding.DDataShardCoordinator - sharded-daemon-process-eventSourcedProjection-passivation-race-entity-passivation-race-consumer-b: GetShardHome [0] request from [Actor[akka://local/ignore]] stashed, because waiting for initial state or update of state. It will be handled afterwards.
08:08:33.369 DEBUG a.c.sharding.DDataShardCoordinator - sharded-daemon-process-eventSourcedProjection-passivation-race-entity-passivation-race-consumer-a: The coordinator state was successfully updated with ShardHomeDeallocated(0)
08:08:33.369 DEBUG a.c.sharding.DDataShardCoordinator - sharded-daemon-process-eventSourcedProjection-passivation-race-entity-passivation-race-consumer-a: Shard [0] deallocated after
08:08:33.369 DEBUG akka.cluster.sharding.Shard - sharded-daemon-process-eventSourcedProjection-passivation-race-entity-passivation-race-consumer-a: Shard [0] shutting down
08:08:33.369 DEBUG akka.cluster.sharding.Shard - sharded-daemon-process-eventSourcedProjection-passivation-race-entity-passivation-race-view: Shard [0] shutting down
08:08:33.369 DEBUG a.c.sharding.DDataShardCoordinator - sharded-daemon-process-eventSourcedProjection-passivation-race-entity-passivation-race-consumer-a: ShardRegion stopped: [Actor[akka://akka-runtime/system/sharding/sharded-daemon-process-eventSourcedProjection-passivation-race-entity-passivation-race-consumer-a#1586785482]]
08:08:33.369 DEBUG a.c.sharding.DDataShardCoordinator - sharded-daemon-process-eventSourcedProjection-passivation-race-entity-passivation-race-consumer-a: ShardRegion terminated (gracefully): [Actor[akka://akka-runtime/system/sharding/sharded-daemon-process-eventSourcedProjection-passivation-race-entity-passivation-race-consumer-a#1586785482]] {}
08:08:33.369 DEBUG a.c.sharding.DDataShardCoordinator - sharded-daemon-process-eventSourcedProjection-passivation-race-entity-passivation-race-consumer-b: The coordinator state was successfully updated with ShardRegionTerminated(Actor[akka://akka-runtime/system/sharding/sharded-daemon-process-eventSourcedProjection-passivation-race-entity-passivation-race-consumer-b#1200658830])
08:08:33.369 DEBUG a.c.sharding.DDataShardCoordinator - sharded-daemon-process-eventSourcedProjection-passivation-race-entity-passivation-race-consumer-b: ShardRegion stopped: [Actor[akka://akka-runtime/system/sharding/sharded-daemon-process-eventSourcedProjection-passivation-race-entity-passivation-race-consumer-b#1200658830]]
08:08:33.369 DEBUG a.c.sharding.DDataShardCoordinator - sharded-daemon-process-eventSourcedProjection-passivation-race-entity-passivation-race-view: ShardRegion stopped: [Actor[akka://akka-runtime/system/sharding/sharded-daemon-process-eventSourcedProjection-passivation-race-entity-passivation-race-view#283680395]]
08:08:33.369 DEBUG a.c.sharding.DDataShardCoordinator - sharded-daemon-process-eventSourcedProjection-passivation-race-entity-passivation-race-view: ShardRegion terminated (gracefully): [Actor[akka://akka-runtime/system/sharding/sharded-daemon-process-eventSourcedProjection-passivation-race-entity-passivation-race-view#283680395]] {}
08:08:33.369 DEBUG a.c.sharding.DDataShardCoordinator - sharded-daemon-process-eventSourcedProjection-passivation-race-entity-passivation-race-consumer-a: The coordinator state was successfully updated with ShardRegionTerminated(Actor[akka://akka-runtime/system/sharding/sharded-daemon-process-eventSourcedProjection-passivation-race-entity-passivation-race-consumer-a#1586785482])
08:08:33.369 DEBUG akka.actor.CoordinatedShutdown - Performing phase [cluster-leave] with [1] tasks.
08:08:33.369 DEBUG akka.actor.CoordinatedShutdown - Performing task [leave] in CoordinatedShutdown phase [cluster-leave]
08:08:33.369 DEBUG a.c.sharding.DDataShardCoordinator - sharded-daemon-process-eventSourcedProjection-passivation-race-entity-passivation-race-view: The coordinator state was successfully updated with ShardRegionTerminated(Actor[akka://akka-runtime/system/sharding/sharded-daemon-process-eventSourcedProjection-passivation-race-entity-passivation-race-view#283680395])
08:08:33.370 WARN  a.s.s.RestartWithBackoffSource - Restarting stream due to failure [1]: akka.projection.r2dbc.internal.R2dbcOffsetStore$AttemptToUseStoppedOffsetStore: eventSourcedProjection-passivation-race-entity-passivation-race-consumer-a [0-1023], correlation [9376a290-93f5-4a12-bd9a-2cf9df5e32e7]: R2dbcOffsetStore was stopped
08:08:33.370 WARN  a.s.s.RestartWithBackoffSource - Restarting stream due to failure [1]: akka.projection.r2dbc.internal.R2dbcOffsetStore$AttemptToUseStoppedOffsetStore: eventSourcedProjection-passivation-race-entity-passivation-race-consumer-b [0-1023], correlation [028ea2b4-fdb2-4fe6-bad6-bf75737ccd54]: R2dbcOffsetStore was stopped
08:08:33.370 WARN  a.s.s.RestartWithBackoffSource - Restarting stream due to failure [1]: akka.projection.r2dbc.internal.R2dbcOffsetStore$AttemptToUseStoppedOffsetStore: eventSourcedProjection-passivation-race-entity-passivation-race-view [0-1023], correlation [d592e53c-7145-47ff-aabe-68a03e9c3efb]: R2dbcOffsetStore was stopped
08:08:33.370 DEBUG a.c.singleton.ClusterSingletonProxy - Creating singleton identification timer...
08:08:33.370 DEBUG a.c.singleton.ClusterSingletonProxy - Creating singleton identification timer...
08:08:33.370 DEBUG a.c.singleton.ClusterSingletonProxy - Creating singleton identification timer...
08:08:33.370 DEBUG a.c.singleton.ClusterSingletonProxy - Creating singleton identification timer...
08:08:33.371 DEBUG akka.actor.CoordinatedShutdown - Performing phase [cluster-exiting] with [28] tasks.
08:08:33.371 DEBUG akka.actor.CoordinatedShutdown - Performing task [wait-singleton-exiting] in CoordinatedShutdown phase [cluster-exiting]
08:08:33.371 DEBUG akka.actor.CoordinatedShutdown - Performing task [singleton-exiting-1] in CoordinatedShutdown phase [cluster-exiting]
08:08:33.371 DEBUG akka.actor.CoordinatedShutdown - Performing task [singleton-exiting-1] in CoordinatedShutdown phase [cluster-exiting]
08:08:33.371 DEBUG akka.actor.CoordinatedShutdown - Performing task [singleton-exiting-2] in CoordinatedShutdown phase [cluster-exiting]
08:08:33.371 DEBUG akka.actor.CoordinatedShutdown - Performing task [wait-exiting] in CoordinatedShutdown phase [cluster-exiting]
08:08:33.371 DEBUG akka.actor.CoordinatedShutdown - Performing task [wait-singleton-exiting] in CoordinatedShutdown phase [cluster-exiting]
08:08:33.371 DEBUG akka.actor.CoordinatedShutdown - Performing task [wait-singleton-exiting] in CoordinatedShutdown phase [cluster-exiting]
08:08:33.371 DEBUG akka.actor.CoordinatedShutdown - Performing task [wait-singleton-exiting] in CoordinatedShutdown phase [cluster-exiting]
08:08:33.371 DEBUG akka.actor.CoordinatedShutdown - Performing task [singleton-exiting-2] in CoordinatedShutdown phase [cluster-exiting]
08:08:33.371 DEBUG akka.actor.CoordinatedShutdown - Performing task [wait-singleton-exiting] in CoordinatedShutdown phase [cluster-exiting]
08:08:33.371 DEBUG akka.actor.CoordinatedShutdown - Performing task [singleton-exiting-2] in CoordinatedShutdown phase [cluster-exiting]
08:08:33.371 INFO  a.c.s.ClusterSingletonManager - Exited [akka://akka-runtime@127.0.0.1:63295].
08:08:33.371 DEBUG akka.actor.CoordinatedShutdown - Performing task [wait-singleton-exiting] in CoordinatedShutdown phase [cluster-exiting]
08:08:33.371 INFO  a.c.s.ClusterSingletonManager - Oldest observed OldestChanged: [akka://akka-runtime@127.0.0.1:63295 -> None]
08:08:33.371 DEBUG akka.actor.CoordinatedShutdown - Performing task [singleton-exiting-2] in CoordinatedShutdown phase [cluster-exiting]
08:08:33.371 INFO  a.c.s.ClusterSingletonManager - Oldest observed OldestChanged: [akka://akka-runtime@127.0.0.1:63295 -> None]
08:08:33.371 DEBUG akka.actor.CoordinatedShutdown - Performing task [singleton-exiting-1] in CoordinatedShutdown phase [cluster-exiting]
08:08:33.371 DEBUG akka.actor.CoordinatedShutdown - Performing task [singleton-exiting-1] in CoordinatedShutdown phase [cluster-exiting]
08:08:33.371 INFO  a.c.s.ClusterSingletonManager - ClusterSingletonManager state change [Oldest -> WasOldest]
08:08:33.371 DEBUG akka.actor.CoordinatedShutdown - Performing task [singleton-exiting-1] in CoordinatedShutdown phase [cluster-exiting]
08:08:33.371 INFO  a.c.s.ClusterSingletonManager - ClusterSingletonManager state change [Oldest -> WasOldest]
08:08:33.371 DEBUG akka.actor.CoordinatedShutdown - Performing task [singleton-exiting-2] in CoordinatedShutdown phase [cluster-exiting]
08:08:33.371 DEBUG akka.actor.CoordinatedShutdown - Performing task [singleton-exiting-2] in CoordinatedShutdown phase [cluster-exiting]
08:08:33.371 INFO  a.c.s.ClusterSingletonManager - Exited [akka://akka-runtime@127.0.0.1:63295].
08:08:33.371 DEBUG akka.actor.CoordinatedShutdown - Performing task [singleton-exiting-1] in CoordinatedShutdown phase [cluster-exiting]
08:08:33.371 INFO  a.c.s.ClusterSingletonManager - Singleton manager stopping singleton actor [akka://akka-runtime/system/sharding/passivation-race-entityCoordinator/singleton]
08:08:33.371 DEBUG akka.actor.CoordinatedShutdown - Performing task [singleton-exiting-2] in CoordinatedShutdown phase [cluster-exiting]
08:08:33.371 INFO  a.c.s.ClusterSingletonManager - ClusterSingletonManager state change [WasOldest -> Stopping]
08:08:33.371 DEBUG akka.actor.CoordinatedShutdown - Performing task [singleton-exiting-2] in CoordinatedShutdown phase [cluster-exiting]
08:08:33.371 INFO  a.c.s.ClusterSingletonManager - Exited [akka://akka-runtime@127.0.0.1:63295].
08:08:33.371 DEBUG akka.actor.CoordinatedShutdown - Performing task [wait-singleton-exiting] in CoordinatedShutdown phase [cluster-exiting]
08:08:33.371 DEBUG akka.actor.CoordinatedShutdown - Performing task [singleton-exiting-1] in CoordinatedShutdown phase [cluster-exiting]
08:08:33.371 DEBUG akka.actor.CoordinatedShutdown - Performing task [wait-singleton-exiting] in CoordinatedShutdown phase [cluster-exiting]
08:08:33.371 DEBUG akka.actor.CoordinatedShutdown - Performing task [wait-singleton-exiting] in CoordinatedShutdown phase [cluster-exiting]
08:08:33.371 DEBUG a.c.sharding.DDataShardCoordinator - passivation-race-entity: Received termination message.
08:08:33.371 DEBUG akka.actor.CoordinatedShutdown - Performing task [singleton-exiting-1] in CoordinatedShutdown phase [cluster-exiting]
08:08:33.371 INFO  a.c.s.ClusterSingletonManager - Exited [akka://akka-runtime@127.0.0.1:63295].
08:08:33.371 DEBUG akka.actor.CoordinatedShutdown - Performing task [singleton-exiting-1] in CoordinatedShutdown phase [cluster-exiting]
08:08:33.371 DEBUG akka.actor.CoordinatedShutdown - Performing task [singleton-exiting-2] in CoordinatedShutdown phase [cluster-exiting]
08:08:33.371 INFO  a.c.s.ClusterSingletonManager - Oldest observed OldestChanged: [akka://akka-runtime@127.0.0.1:63295 -> None]
08:08:33.371 INFO  a.c.s.ClusterSingletonManager - ClusterSingletonManager state change [Oldest -> WasOldest]
08:08:33.371 INFO  a.c.s.ClusterSingletonManager - Exited [akka://akka-runtime@127.0.0.1:63295].
08:08:33.371 INFO  a.c.s.ClusterSingletonManager - Singleton manager stopping singleton actor [akka://akka-runtime/system/singletonManagerShardedDaemonProcessCoordinator-eventSourcedProjection-passivation-race-entity-passivation-race-view/ShardedDaemonProcessCoordinator-eventSourcedProjection-passivation-race-entity-passivation-race-view]
08:08:33.371 INFO  a.c.s.ClusterSingletonManager - ClusterSingletonManager state change [WasOldest -> Stopping]
08:08:33.371 INFO  a.c.s.ClusterSingletonManager - Exited [akka://akka-runtime@127.0.0.1:63295].
08:08:33.371 INFO  a.c.s.ClusterSingletonManager - Exited [akka://akka-runtime@127.0.0.1:63295].
08:08:33.371 INFO  a.c.s.ClusterSingletonManager - Exited [akka://akka-runtime@127.0.0.1:63295].
08:08:33.371 INFO  a.c.s.ClusterSingletonManager - Oldest observed OldestChanged: [akka://akka-runtime@127.0.0.1:63295 -> None]
08:08:33.371 INFO  a.c.s.ClusterSingletonManager - Oldest observed OldestChanged: [akka://akka-runtime@127.0.0.1:63295 -> None]
08:08:33.371 INFO  a.c.s.ClusterSingletonManager - Exited [akka://akka-runtime@127.0.0.1:63295].
08:08:33.371 INFO  a.c.s.ClusterSingletonManager - ClusterSingletonManager state change [Oldest -> WasOldest]
08:08:33.371 INFO  a.c.s.ClusterSingletonManager - ClusterSingletonManager state change [Oldest -> WasOldest]
08:08:33.371 INFO  a.c.s.ClusterSingletonManager - Singleton manager stopping singleton actor [akka://akka-runtime/system/sharding/sharded-daemon-process-eventSourcedProjection-passivation-race-entity-passivation-race-viewCoordinator/singleton]
08:08:33.371 INFO  a.c.s.ClusterSingletonManager - Singleton actor [akka://akka-runtime/system/sharding/passivation-race-entityCoordinator/singleton] was terminated
08:08:33.372 INFO  a.c.s.ClusterSingletonManager - ClusterSingletonManager state change [WasOldest -> Stopping]
08:08:33.372 INFO  a.c.s.ClusterSingletonManager - Singleton manager stopping singleton actor [akka://akka-runtime/system/sharding/_timerCoordinator/singleton]
08:08:33.372 DEBUG a.c.sharding.DDataShardCoordinator - sharded-daemon-process-eventSourcedProjection-passivation-race-entity-passivation-race-view: Received termination message.
08:08:33.372 INFO  a.c.s.ClusterSingletonManager - ClusterSingletonManager state change [WasOldest -> Stopping]
08:08:33.372 INFO  a.c.s.ClusterSingletonManager - Singleton manager stopping singleton actor [akka://akka-runtime/system/singletonManagerschemaSingleton/schemaSingleton]
08:08:33.372 INFO  a.c.s.ClusterSingletonManager - Oldest observed OldestChanged: [akka://akka-runtime@127.0.0.1:63295 -> None]
08:08:33.372 INFO  a.c.s.ClusterSingletonManager - ClusterSingletonManager state change [WasOldest -> Stopping]
08:08:33.372 DEBUG a.c.sharding.DDataShardCoordinator - _timer: Received termination message.
08:08:33.372 INFO  a.c.s.ClusterSingletonManager - ClusterSingletonManager state change [Oldest -> WasOldest]
08:08:33.372 INFO  a.c.s.ClusterSingletonManager - Oldest observed OldestChanged: [akka://akka-runtime@127.0.0.1:63295 -> None]
08:08:33.372 INFO  a.c.s.ClusterSingletonManager - ClusterSingletonManager state change [Oldest -> WasOldest]
08:08:33.372 INFO  a.c.s.ClusterSingletonManager - Oldest observed OldestChanged: [akka://akka-runtime@127.0.0.1:63295 -> None]
08:08:33.372 INFO  a.c.s.ClusterSingletonManager - ClusterSingletonManager state change [Oldest -> WasOldest]
08:08:33.372 INFO  a.c.s.ClusterSingletonManager - Oldest observed OldestChanged: [akka://akka-runtime@127.0.0.1:63295 -> None]
08:08:33.372 INFO  a.c.s.ClusterSingletonManager - ClusterSingletonManager state change [Oldest -> WasOldest]
08:08:33.372 INFO  a.c.s.ClusterSingletonManager - Singleton manager stopping singleton actor [akka://akka-runtime/system/sharding/sharded-daemon-process-eventSourcedProjection-passivation-race-entity-passivation-race-consumer-bCoordinator/singleton]
08:08:33.372 INFO  a.c.s.ClusterSingletonManager - ClusterSingletonManager state change [WasOldest -> Stopping]
08:08:33.372 INFO  a.c.s.ClusterSingletonManager - Singleton actor [akka://akka-runtime/system/sharding/sharded-daemon-process-eventSourcedProjection-passivation-race-entity-passivation-race-viewCoordinator/singleton] was terminated
08:08:33.372 INFO  a.c.s.ClusterSingletonManager - Singleton actor [akka://akka-runtime/system/singletonManagerschemaSingleton/schemaSingleton] was terminated
08:08:33.372 INFO  a.c.s.ClusterSingletonManager - Singleton manager stopping singleton actor [akka://akka-runtime/system/singletonManagerShardedDaemonProcessCoordinator-eventSourcedProjection-passivation-race-entity-passivation-race-consumer-b/ShardedDaemonProcessCoordinator-eventSourcedProjection-passivation-race-entity-passivation-race-consumer-b]
08:08:33.372 INFO  a.c.s.ClusterSingletonManager - ClusterSingletonManager state change [WasOldest -> Stopping]
08:08:33.372 INFO  a.c.s.ClusterSingletonManager - Singleton manager stopping singleton actor [akka://akka-runtime/system/sharding/sharded-daemon-process-eventSourcedProjection-passivation-race-entity-passivation-race-consumer-aCoordinator/singleton]
08:08:33.372 INFO  a.c.s.ClusterSingletonManager - ClusterSingletonManager state change [WasOldest -> Stopping]
08:08:33.372 INFO  a.c.s.ClusterSingletonManager - Singleton manager stopping singleton actor [akka://akka-runtime/system/singletonManagerShardedDaemonProcessCoordinator-eventSourcedProjection-passivation-race-entity-passivation-race-consumer-a/ShardedDaemonProcessCoordinator-eventSourcedProjection-passivation-race-entity-passivation-race-consumer-a]
08:08:33.372 INFO  a.c.s.ClusterSingletonManager - ClusterSingletonManager state change [WasOldest -> Stopping]
08:08:33.372 INFO  a.c.s.ClusterSingletonManager - Singleton actor [akka://akka-runtime/system/sharding/_timerCoordinator/singleton] was terminated
08:08:33.372 DEBUG a.c.sharding.DDataShardCoordinator - sharded-daemon-process-eventSourcedProjection-passivation-race-entity-passivation-race-consumer-b: Received termination message.
08:08:33.372 INFO  a.c.s.ClusterSingletonManager - Singleton actor [akka://akka-runtime/system/singletonManagerShardedDaemonProcessCoordinator-eventSourcedProjection-passivation-race-entity-passivation-race-consumer-b/ShardedDaemonProcessCoordinator-eventSourcedProjection-passivation-race-entity-passivation-race-consumer-b] was terminated
08:08:33.372 DEBUG a.c.sharding.DDataShardCoordinator - sharded-daemon-process-eventSourcedProjection-passivation-race-entity-passivation-race-consumer-a: Received termination message.
08:08:33.372 INFO  a.c.s.ClusterSingletonManager - Singleton actor [akka://akka-runtime/system/singletonManagerShardedDaemonProcessCoordinator-eventSourcedProjection-passivation-race-entity-passivation-race-consumer-a/ShardedDaemonProcessCoordinator-eventSourcedProjection-passivation-race-entity-passivation-race-consumer-a] was terminated
08:08:33.372 INFO  a.c.s.ClusterSingletonManager - Singleton actor [akka://akka-runtime/system/sharding/sharded-daemon-process-eventSourcedProjection-passivation-race-entity-passivation-race-consumer-bCoordinator/singleton] was terminated
08:08:33.372 INFO  a.c.s.ClusterSingletonManager - Singleton actor [akka://akka-runtime/system/sharding/sharded-daemon-process-eventSourcedProjection-passivation-race-entity-passivation-race-consumer-aCoordinator/singleton] was terminated
08:08:33.372 INFO  a.c.s.ClusterSingletonManager - Singleton actor [akka://akka-runtime/system/singletonManagerShardedDaemonProcessCoordinator-eventSourcedProjection-passivation-race-entity-passivation-race-view/ShardedDaemonProcessCoordinator-eventSourcedProjection-passivation-race-entity-passivation-race-view] was terminated
08:08:33.372 DEBUG akka.actor.CoordinatedShutdown - Performing phase [cluster-exiting-done] with [1] tasks.
08:08:33.372 DEBUG akka.actor.CoordinatedShutdown - Performing task [exiting-completed] in CoordinatedShutdown phase [cluster-exiting-done]
08:08:33.372 DEBUG akka.actor.CoordinatedShutdown - Performing phase [cluster-shutdown] with [1] tasks.
08:08:33.373 DEBUG akka.actor.CoordinatedShutdown - Performing task [wait-shutdown] in CoordinatedShutdown phase [cluster-shutdown]
08:08:33.373 DEBUG akka.actor.CoordinatedShutdown - Performing phase [before-actor-system-terminate] with [2] tasks.
08:08:33.373 DEBUG akka.actor.CoordinatedShutdown - Performing task [close connection pools] in CoordinatedShutdown phase [before-actor-system-terminate]
08:08:33.374 DEBUG akka.actor.CoordinatedShutdown - Performing task [close-grpc-channels] in CoordinatedShutdown phase [before-actor-system-terminate]
08:08:33.374 DEBUG akka.actor.CoordinatedShutdown - Performing phase [actor-system-terminate] with [1] tasks.
08:08:33.374 DEBUG akka.actor.CoordinatedShutdown - Performing task [terminate-system] in CoordinatedShutdown phase [actor-system-terminate]
08:08:33.466 INFO  akka.runtime.AkkaRuntimeMain - Starting Akka Runtime version [1.6.15]
08:08:33.476 INFO  akka.javasdk.impl.ComponentLocator$ - Looking for component descriptors matching pattern [META-INF/akka-javasdk-components_*.conf]
08:08:33.485 INFO  akka.javasdk.testkit.TestKit - Eventing TestKit booting up on port: 63299
08:08:33.487 DEBUG a.c.singleton.ClusterSingletonProxy - Creating singleton identification timer...
08:08:33.487 DEBUG a.c.singleton.ClusterSingletonProxy - Singleton not available, buffering message type [kalix.runtime.SchemaSingleton$ExecDdl]
08:08:33.487 DEBUG a.c.singleton.ClusterSingletonProxy - Trying to identify singleton at [akka://akka-runtime@127.0.0.1:63300/system/singletonManagerschemaSingleton/schemaSingleton]
08:08:33.488 INFO  a.c.s.ClusterSingletonManager - Singleton manager starting singleton actor [akka://akka-runtime/system/singletonManagerschemaSingleton/schemaSingleton]
08:08:33.488 INFO  a.c.s.ClusterSingletonManager - ClusterSingletonManager state change [Start -> Oldest]
08:08:33.488 INFO  akka.javasdk.testkit.TestKit - Checking runtime status
08:08:33.552 DEBUG a.c.singleton.ClusterSingletonProxy - Trying to identify singleton at [akka://akka-runtime@127.0.0.1:63300/system/singletonManagerschemaSingleton/schemaSingleton]
08:08:33.552 INFO  a.c.singleton.ClusterSingletonProxy - Singleton identified at [akka://akka-runtime/system/singletonManagerschemaSingleton/schemaSingleton]
08:08:33.552 DEBUG a.c.singleton.ClusterSingletonProxy - Sending buffered messages to current singleton instance
08:08:33.554 INFO  a.c.s.typed.scaladsl.ClusterSharding - Starting Shard Region [passivation-race-entity]...
08:08:33.555 INFO  akka.cluster.sharding.ShardRegion - passivation-race-entity: Automatic entity passivation: composite strategy with limit of [10000] active entities, admission window (least recently used entities) with proportions [initial = 0.01, min = 0.01, max = 1.0] adapting with hill-climbing optimizer [adjust multiplier = 10.0, initial step = 0.0625, restart threshold = 0.05, step decay = 0.98], admit using frequency sketch [width multiplier = 4, reset multiplier = 10.0, depth = 4, counter bits = 4], main (least recently used entities (segmented with [2] levels with proportions of [0.20, 0.80]))
08:08:33.556 INFO  a.c.s.ClusterSingletonManager - Singleton manager starting singleton actor [akka://akka-runtime/system/sharding/passivation-race-entityCoordinator/singleton]
08:08:33.556 INFO  a.c.s.ClusterSingletonManager - ClusterSingletonManager state change [Start -> Oldest]
08:08:33.556 DEBUG a.c.sharding.DDataShardCoordinator - passivation-race-entity: Initial coordinator is empty.
08:08:33.556 INFO  a.c.sharding.DDataShardCoordinator - passivation-race-entity: ShardCoordinator was moved to the active state with [0] shards
08:08:33.557 DEBUG a.c.singleton.ClusterSingletonProxy - Forwarding message of type [SchemaSingleton$ExecDdl] to current singleton instance at [akka://akka-runtime/system/singletonManagerschemaSingleton/schemaSingleton]
08:08:33.558 INFO  akka.runtime.DiscoveryManager - Service components: EventSourcedEntity: [1], Consumer: [2], View: [1]
08:08:33.559 INFO  a.c.s.typed.scaladsl.ClusterSharding - Starting Shard Region [_timer]...
08:08:33.559 INFO  a.c.s.typed.scaladsl.ClusterSharding - Starting Shard Region [sharded-daemon-process-eventSourcedProjection-passivation-race-entity-passivation-race-consumer-a]...
08:08:33.560 INFO  akka.cluster.sharding.ShardRegion - sharded-daemon-process-eventSourcedProjection-passivation-race-entity-passivation-race-consumer-a: Automatic entity passivation: disabled
08:08:33.560 INFO  a.c.s.typed.scaladsl.ClusterSharding - Starting Shard Region [sharded-daemon-process-eventSourcedProjection-passivation-race-entity-passivation-race-consumer-b]...
08:08:33.560 INFO  a.c.s.ClusterSingletonManager - Singleton manager starting singleton actor [akka://akka-runtime/system/sharding/_timerCoordinator/singleton]
08:08:33.560 INFO  a.c.s.ClusterSingletonManager - ClusterSingletonManager state change [Start -> Oldest]
08:08:33.560 DEBUG a.c.singleton.ClusterSingletonProxy - Creating singleton identification timer...
08:08:33.560 DEBUG a.c.singleton.ClusterSingletonProxy - Trying to identify singleton at [akka://akka-runtime@127.0.0.1:63300/system/singletonManagerShardedDaemonProcessCoordinator-eventSourcedProjection-passivation-race-entity-passivation-race-consumer-a/ShardedDaemonProcessCoordinator-eventSourcedProjection-passivation-race-entity-passivation-race-consumer-a]
08:08:33.561 DEBUG a.c.sharding.DDataShardCoordinator - _timer: Starting remember entities store from provider akka.cluster.sharding.internal.DDataRememberEntitiesProvider@1c29d7a
08:08:33.561 INFO  akka.cluster.sharding.ShardRegion - sharded-daemon-process-eventSourcedProjection-passivation-race-entity-passivation-race-consumer-b: Automatic entity passivation: disabled
08:08:33.561 INFO  a.c.s.ClusterSingletonManager - Singleton manager starting singleton actor [akka://akka-runtime/system/sharding/sharded-daemon-process-eventSourcedProjection-passivation-race-entity-passivation-race-consumer-aCoordinator/singleton]
08:08:33.561 INFO  a.c.s.ClusterSingletonManager - ClusterSingletonManager state change [Start -> Oldest]
08:08:33.561 DEBUG a.c.sharding.DDataShardCoordinator - _timer: Initial coordinator is empty.
08:08:33.561 INFO  a.c.sharding.DDataShardCoordinator - _timer: ShardCoordinator was moved to the active state with [0] shards
08:08:33.561 DEBUG a.c.sharding.DDataShardCoordinator - _timer: Received [0] remembered shard ids (after state initialized)
08:08:33.561 DEBUG a.c.sharding.DDataShardCoordinator - sharded-daemon-process-eventSourcedProjection-passivation-race-entity-passivation-race-consumer-a: Initial coordinator is empty.
08:08:33.561 INFO  a.c.sharding.DDataShardCoordinator - sharded-daemon-process-eventSourcedProjection-passivation-race-entity-passivation-race-consumer-a: ShardCoordinator was moved to the active state with [0] shards
08:08:33.561 INFO  a.c.s.typed.scaladsl.ClusterSharding - Starting Shard Region [sharded-daemon-process-eventSourcedProjection-passivation-race-entity-passivation-race-view]...
08:08:33.562 INFO  akka.cluster.sharding.ShardRegion - sharded-daemon-process-eventSourcedProjection-passivation-race-entity-passivation-race-view: Automatic entity passivation: disabled
08:08:33.562 INFO  a.c.s.ClusterSingletonManager - Singleton manager starting singleton actor [akka://akka-runtime/system/singletonManagerShardedDaemonProcessCoordinator-eventSourcedProjection-passivation-race-entity-passivation-race-consumer-a/ShardedDaemonProcessCoordinator-eventSourcedProjection-passivation-race-entity-passivation-race-consumer-a]
08:08:33.562 INFO  a.c.s.ClusterSingletonManager - ClusterSingletonManager state change [Start -> Oldest]
08:08:33.562 DEBUG a.c.s.t.i.ShardedDaemonProcessCoordinator$ - ShardedDaemonProcessCoordinator for [eventSourcedProjection-passivation-race-entity-passivation-race-consumer-a] starting
08:08:33.562 INFO  akka.runtime.DiscoveryManager - Akka Runtime started at 127.0.0.1:63298
08:08:33.562 DEBUG a.c.singleton.ClusterSingletonProxy - Creating singleton identification timer...
08:08:33.562 DEBUG a.c.singleton.ClusterSingletonProxy - Trying to identify singleton at [akka://akka-runtime@127.0.0.1:63300/system/singletonManagerShardedDaemonProcessCoordinator-eventSourcedProjection-passivation-race-entity-passivation-race-consumer-b/ShardedDaemonProcessCoordinator-eventSourcedProjection-passivation-race-entity-passivation-race-consumer-b]
08:08:33.562 DEBUG a.c.s.t.i.ShardedDaemonProcessCoordinator$ - eventSourcedProjection-passivation-race-entity-passivation-race-consumer-a: No previous state stored for Sharded Daemon Process
08:08:33.562 DEBUG a.c.s.t.i.ShardedDaemonProcessCoordinator$ - Sending periodic keep alive for Sharded Daemon Process [eventSourcedProjection-passivation-race-entity-passivation-race-consumer-a] to [1] processes (revision [0]).
08:08:33.562 INFO  repro.Bootstrap - onStartup burst of 8 starting
08:08:33.562 INFO  a.c.s.ClusterSingletonManager - Singleton manager starting singleton actor [akka://akka-runtime/system/sharding/sharded-daemon-process-eventSourcedProjection-passivation-race-entity-passivation-race-consumer-bCoordinator/singleton]
08:08:33.563 INFO  a.c.s.ClusterSingletonManager - ClusterSingletonManager state change [Start -> Oldest]
08:08:33.563 DEBUG a.c.sharding.DDataShardCoordinator - sharded-daemon-process-eventSourcedProjection-passivation-race-entity-passivation-race-consumer-b: Initial coordinator is empty.
08:08:33.563 INFO  a.c.sharding.DDataShardCoordinator - sharded-daemon-process-eventSourcedProjection-passivation-race-entity-passivation-race-consumer-b: ShardCoordinator was moved to the active state with [0] shards
08:08:33.563 DEBUG a.c.singleton.ClusterSingletonProxy - Creating singleton identification timer...
08:08:33.563 DEBUG a.c.singleton.ClusterSingletonProxy - Trying to identify singleton at [akka://akka-runtime@127.0.0.1:63300/system/singletonManagerShardedDaemonProcessCoordinator-eventSourcedProjection-passivation-race-entity-passivation-race-view/ShardedDaemonProcessCoordinator-eventSourcedProjection-passivation-race-entity-passivation-race-view]
08:08:33.563 INFO  a.c.s.ClusterSingletonManager - Singleton manager starting singleton actor [akka://akka-runtime/system/singletonManagerShardedDaemonProcessCoordinator-eventSourcedProjection-passivation-race-entity-passivation-race-consumer-b/ShardedDaemonProcessCoordinator-eventSourcedProjection-passivation-race-entity-passivation-race-consumer-b]
08:08:33.563 INFO  a.c.s.ClusterSingletonManager - ClusterSingletonManager state change [Start -> Oldest]
08:08:33.564 DEBUG a.c.s.t.i.ShardedDaemonProcessCoordinator$ - ShardedDaemonProcessCoordinator for [eventSourcedProjection-passivation-race-entity-passivation-race-consumer-b] starting
08:08:33.564 DEBUG a.c.s.t.i.ShardedDaemonProcessCoordinator$ - eventSourcedProjection-passivation-race-entity-passivation-race-consumer-b: No previous state stored for Sharded Daemon Process
08:08:33.564 DEBUG a.c.s.t.i.ShardedDaemonProcessCoordinator$ - Sending periodic keep alive for Sharded Daemon Process [eventSourcedProjection-passivation-race-entity-passivation-race-consumer-b] to [1] processes (revision [0]).
08:08:33.564 INFO  a.c.s.ClusterSingletonManager - Singleton manager starting singleton actor [akka://akka-runtime/system/singletonManagerShardedDaemonProcessCoordinator-eventSourcedProjection-passivation-race-entity-passivation-race-view/ShardedDaemonProcessCoordinator-eventSourcedProjection-passivation-race-entity-passivation-race-view]
08:08:33.564 INFO  a.c.s.ClusterSingletonManager - Singleton manager starting singleton actor [akka://akka-runtime/system/sharding/sharded-daemon-process-eventSourcedProjection-passivation-race-entity-passivation-race-viewCoordinator/singleton]
08:08:33.564 INFO  a.c.s.ClusterSingletonManager - ClusterSingletonManager state change [Start -> Oldest]
08:08:33.564 DEBUG a.c.s.t.i.ShardedDaemonProcessCoordinator$ - ShardedDaemonProcessCoordinator for [eventSourcedProjection-passivation-race-entity-passivation-race-view] starting
08:08:33.564 INFO  a.c.s.ClusterSingletonManager - ClusterSingletonManager state change [Start -> Oldest]
08:08:33.564 DEBUG a.c.s.t.i.ShardedDaemonProcessCoordinator$ - eventSourcedProjection-passivation-race-entity-passivation-race-view: No previous state stored for Sharded Daemon Process
08:08:33.564 DEBUG a.c.s.t.i.ShardedDaemonProcessCoordinator$ - Sending periodic keep alive for Sharded Daemon Process [eventSourcedProjection-passivation-race-entity-passivation-race-view] to [1] processes (revision [0]).
08:08:33.564 DEBUG a.c.sharding.DDataShardCoordinator - sharded-daemon-process-eventSourcedProjection-passivation-race-entity-passivation-race-view: Initial coordinator is empty.
08:08:33.564 INFO  a.c.sharding.DDataShardCoordinator - sharded-daemon-process-eventSourcedProjection-passivation-race-entity-passivation-race-view: ShardCoordinator was moved to the active state with [0] shards
08:08:33.614 INFO  akka.javasdk.testkit.TestKit - Runtime started
08:08:33.614 INFO  akka.actor.CoordinatedShutdown - Running CoordinatedShutdown with reason [ActorSystemTerminateReason]
08:08:33.614 DEBUG akka.actor.CoordinatedShutdown - Performing phase [before-service-unbind] with [0] tasks
08:08:33.614 DEBUG akka.actor.CoordinatedShutdown - Performing phase [service-unbind] with [1] tasks.
08:08:33.614 DEBUG akka.actor.CoordinatedShutdown - Performing task [http-unbind-/127.0.0.1:63298] in CoordinatedShutdown phase [service-unbind]
08:08:33.614 DEBUG akka.actor.CoordinatedShutdown - Performing phase [service-requests-done] with [1] tasks.
08:08:33.614 DEBUG akka.actor.CoordinatedShutdown - Performing task [http-terminate-/127.0.0.1:63298] in CoordinatedShutdown phase [service-requests-done]
08:08:33.615 DEBUG akka.actor.CoordinatedShutdown - Performing phase [service-stop] with [1] tasks.
08:08:33.615 DEBUG akka.actor.CoordinatedShutdown - Performing task [stop-grpc-clients] in CoordinatedShutdown phase [service-stop]
08:08:33.615 DEBUG akka.actor.CoordinatedShutdown - Performing phase [before-cluster-shutdown] with [0] tasks
08:08:33.615 DEBUG akka.actor.CoordinatedShutdown - Performing phase [cluster-sharding-shutdown-region] with [5] tasks.
08:08:33.615 DEBUG akka.actor.CoordinatedShutdown - Performing task [region-shutdown] in CoordinatedShutdown phase [cluster-sharding-shutdown-region]
08:08:33.615 DEBUG akka.actor.CoordinatedShutdown - Performing task [region-shutdown] in CoordinatedShutdown phase [cluster-sharding-shutdown-region]
08:08:33.615 DEBUG akka.actor.CoordinatedShutdown - Performing task [region-shutdown] in CoordinatedShutdown phase [cluster-sharding-shutdown-region]
08:08:33.615 DEBUG akka.actor.CoordinatedShutdown - Performing task [region-shutdown] in CoordinatedShutdown phase [cluster-sharding-shutdown-region]
08:08:33.615 DEBUG akka.actor.CoordinatedShutdown - Performing task [region-shutdown] in CoordinatedShutdown phase [cluster-sharding-shutdown-region]
08:08:33.615 DEBUG a.c.sharding.DDataShardCoordinator - sharded-daemon-process-eventSourcedProjection-passivation-race-entity-passivation-race-consumer-b: Unknown region requested graceful shutdown [Actor[akka://akka-runtime/system/sharding/sharded-daemon-process-eventSourcedProjection-passivation-race-entity-passivation-race-consumer-b#-753771849]]
08:08:33.615 DEBUG a.c.sharding.DDataShardCoordinator - sharded-daemon-process-eventSourcedProjection-passivation-race-entity-passivation-race-consumer-a: Unknown region requested graceful shutdown [Actor[akka://akka-runtime/system/sharding/sharded-daemon-process-eventSourcedProjection-passivation-race-entity-passivation-race-consumer-a#-1586998633]]
08:08:33.615 DEBUG a.c.sharding.DDataShardCoordinator - _timer: Unknown region requested graceful shutdown [Actor[akka://akka-runtime/system/sharding/_timer#1894656583]]
08:08:33.615 DEBUG a.c.sharding.DDataShardCoordinator - passivation-race-entity: Unknown region requested graceful shutdown [Actor[akka://akka-runtime/system/sharding/passivation-race-entity#-1411975236]]
08:08:33.615 DEBUG a.c.sharding.DDataShardCoordinator - sharded-daemon-process-eventSourcedProjection-passivation-race-entity-passivation-race-view: Unknown region requested graceful shutdown [Actor[akka://akka-runtime/system/sharding/sharded-daemon-process-eventSourcedProjection-passivation-race-entity-passivation-race-view#-1278311570]]
08:08:33.622 DEBUG a.c.singleton.ClusterSingletonProxy - Trying to identify singleton at [akka://akka-runtime@127.0.0.1:63300/system/singletonManagerShardedDaemonProcessCoordinator-eventSourcedProjection-passivation-race-entity-passivation-race-consumer-a/ShardedDaemonProcessCoordinator-eventSourcedProjection-passivation-race-entity-passivation-race-consumer-a]
08:08:33.622 INFO  a.c.singleton.ClusterSingletonProxy - Singleton identified at [akka://akka-runtime/system/singletonManagerShardedDaemonProcessCoordinator-eventSourcedProjection-passivation-race-entity-passivation-race-consumer-a/ShardedDaemonProcessCoordinator-eventSourcedProjection-passivation-race-entity-passivation-race-consumer-a]
08:08:33.622 DEBUG a.c.singleton.ClusterSingletonProxy - Sending buffered messages to current singleton instance
08:08:33.631 DEBUG a.c.singleton.ClusterSingletonProxy - Trying to identify singleton at [akka://akka-runtime@127.0.0.1:63300/system/singletonManagerShardedDaemonProcessCoordinator-eventSourcedProjection-passivation-race-entity-passivation-race-view/ShardedDaemonProcessCoordinator-eventSourcedProjection-passivation-race-entity-passivation-race-view]
08:08:33.631 DEBUG a.c.singleton.ClusterSingletonProxy - Trying to identify singleton at [akka://akka-runtime@127.0.0.1:63300/system/singletonManagerShardedDaemonProcessCoordinator-eventSourcedProjection-passivation-race-entity-passivation-race-consumer-b/ShardedDaemonProcessCoordinator-eventSourcedProjection-passivation-race-entity-passivation-race-consumer-b]
08:08:33.631 INFO  a.c.singleton.ClusterSingletonProxy - Singleton identified at [akka://akka-runtime/system/singletonManagerShardedDaemonProcessCoordinator-eventSourcedProjection-passivation-race-entity-passivation-race-consumer-b/ShardedDaemonProcessCoordinator-eventSourcedProjection-passivation-race-entity-passivation-race-consumer-b]
08:08:33.631 DEBUG a.c.singleton.ClusterSingletonProxy - Sending buffered messages to current singleton instance
08:08:33.631 INFO  a.c.singleton.ClusterSingletonProxy - Singleton identified at [akka://akka-runtime/system/singletonManagerShardedDaemonProcessCoordinator-eventSourcedProjection-passivation-race-entity-passivation-race-view/ShardedDaemonProcessCoordinator-eventSourcedProjection-passivation-race-entity-passivation-race-view]
08:08:33.631 DEBUG a.c.singleton.ClusterSingletonProxy - Sending buffered messages to current singleton instance
08:08:33.822 DEBUG a.c.sharding.DDataShardCoordinator - sharded-daemon-process-eventSourcedProjection-passivation-race-entity-passivation-race-consumer-a: ShardRegion registered: [Actor[akka://akka-runtime/system/sharding/sharded-daemon-process-eventSourcedProjection-passivation-race-entity-passivation-race-consumer-a#-1586998633]]
08:08:33.822 DEBUG a.c.sharding.DDataShardCoordinator - passivation-race-entity: ShardRegion registered: [Actor[akka://akka-runtime/system/sharding/passivation-race-entity#-1411975236]]
08:08:33.823 DEBUG a.c.sharding.DDataShardCoordinator - sharded-daemon-process-eventSourcedProjection-passivation-race-entity-passivation-race-consumer-a: The coordinator state was successfully updated with ShardRegionRegistered(Actor[akka://akka-runtime/system/sharding/sharded-daemon-process-eventSourcedProjection-passivation-race-entity-passivation-race-consumer-a#-1586998633])
08:08:33.823 DEBUG a.c.sharding.DDataShardCoordinator - passivation-race-entity: The coordinator state was successfully updated with ShardRegionRegistered(Actor[akka://akka-runtime/system/sharding/passivation-race-entity#-1411975236])
08:08:33.823 DEBUG a.c.sharding.DDataShardCoordinator - passivation-race-entity: The coordinator state was successfully updated with ShardHomeAllocated(436,Actor[akka://akka-runtime/system/sharding/passivation-race-entity#-1411975236])
08:08:33.823 DEBUG a.c.sharding.DDataShardCoordinator - sharded-daemon-process-eventSourcedProjection-passivation-race-entity-passivation-race-consumer-a: The coordinator state was successfully updated with ShardHomeAllocated(0,Actor[akka://akka-runtime/system/sharding/sharded-daemon-process-eventSourcedProjection-passivation-race-entity-passivation-race-consumer-a#-1586998633])
08:08:33.823 DEBUG a.c.sharding.DDataShardCoordinator - passivation-race-entity: Shard [436] allocated at [Actor[akka://akka-runtime/system/sharding/passivation-race-entity#-1411975236]]
08:08:33.823 DEBUG a.c.sharding.DDataShardCoordinator - sharded-daemon-process-eventSourcedProjection-passivation-race-entity-passivation-race-consumer-a: Shard [0] allocated at [Actor[akka://akka-runtime/system/sharding/sharded-daemon-process-eventSourcedProjection-passivation-race-entity-passivation-race-consumer-a#-1586998633]]
08:08:33.824 DEBUG a.c.sharding.DDataShardCoordinator - passivation-race-entity: Graceful shutdown of region [Actor[akka://akka-runtime/system/sharding/passivation-race-entity#-1411975236]] with [1] shards
08:08:33.824 INFO  a.c.sharding.DDataShardCoordinator - passivation-race-entity: Starting shutting down shards [436] due to region shutting down or explicit stopping of shards.
08:08:33.824 DEBUG a.c.sharding.DDataShardCoordinator - sharded-daemon-process-eventSourcedProjection-passivation-race-entity-passivation-race-consumer-a: Graceful shutdown of region [Actor[akka://akka-runtime/system/sharding/sharded-daemon-process-eventSourcedProjection-passivation-race-entity-passivation-race-consumer-a#-1586998633]] with [1] shards
08:08:33.824 INFO  a.c.sharding.DDataShardCoordinator - sharded-daemon-process-eventSourcedProjection-passivation-race-entity-passivation-race-consumer-a: Starting shutting down shards [0] due to region shutting down or explicit stopping of shards.
08:08:33.824 DEBUG a.c.s.ShardCoordinator$RebalanceWorker - passivation-race-entity: Shutting down shard [436] from region [Actor[akka://akka-runtime/system/sharding/passivation-race-entity#-1411975236]]. Asking [1] region(s) to hand-off shard
08:08:33.824 DEBUG a.c.s.ShardCoordinator$RebalanceWorker - passivation-race-entity: BeginHandOffAck for shard [436] received from [Actor[akka://akka-runtime/system/sharding/passivation-race-entity#-1411975236]].
08:08:33.824 DEBUG a.c.s.ShardCoordinator$RebalanceWorker - passivation-race-entity: All shard regions acked, handing off shard [436].
08:08:33.824 WARN  akka.cluster.sharding.ShardRegion - passivation-race-entity: Dropping [1] buffered messages to shard [436] during hand off to avoid re-ordering
08:08:33.824 DEBUG a.c.s.ShardCoordinator$RebalanceWorker - sharded-daemon-process-eventSourcedProjection-passivation-race-entity-passivation-race-consumer-a: Shutting down shard [0] from region [Actor[akka://akka-runtime/system/sharding/sharded-daemon-process-eventSourcedProjection-passivation-race-entity-passivation-race-consumer-a#-1586998633]]. Asking [1] region(s) to hand-off shard
08:08:33.824 DEBUG akka.cluster.sharding.Shard - sharded-daemon-process-eventSourcedProjection-passivation-race-entity-passivation-race-consumer-a: Shard initialized
08:08:33.824 DEBUG a.c.s.ShardCoordinator$RebalanceWorker - sharded-daemon-process-eventSourcedProjection-passivation-race-entity-passivation-race-consumer-a: BeginHandOffAck for shard [0] received from [Actor[akka://akka-runtime/system/sharding/sharded-daemon-process-eventSourcedProjection-passivation-race-entity-passivation-race-consumer-a#-1586998633]].
08:08:33.824 DEBUG a.c.s.ShardCoordinator$RebalanceWorker - sharded-daemon-process-eventSourcedProjection-passivation-race-entity-passivation-race-consumer-a: All shard regions acked, handing off shard [0].
08:08:33.824 DEBUG akka.cluster.sharding.Shard - sharded-daemon-process-eventSourcedProjection-passivation-race-entity-passivation-race-consumer-a: Request to start entity [0] and ack to [Some(Actor[akka://akka-runtime/deadLetters])]
08:08:33.824 DEBUG akka.cluster.sharding.Shard - passivation-race-entity: Shard initialized
08:08:33.824 DEBUG akka.cluster.sharding.Shard - passivation-race-entity: HandOff shard [436]
08:08:33.824 DEBUG akka.cluster.sharding.Shard - passivation-race-entity: Shard [436] shutting down
08:08:33.824 DEBUG akka.cluster.sharding.Shard - sharded-daemon-process-eventSourcedProjection-passivation-race-entity-passivation-race-consumer-a: Started entity [Actor[akka://akka-runtime/system/sharding/sharded-daemon-process-eventSourcedProjection-passivation-race-entity-passivation-race-consumer-a/0/0#1473380816]] with entity id [0] in shard [0]
08:08:33.824 DEBUG a.c.sharding.DDataShardCoordinator - passivation-race-entity: Shard [436] deallocation completed successfully.
08:08:33.824 DEBUG akka.cluster.sharding.Shard - sharded-daemon-process-eventSourcedProjection-passivation-race-entity-passivation-race-consumer-a: HandOff shard [0]
08:08:33.824 DEBUG akka.cluster.sharding.Shard - sharded-daemon-process-eventSourcedProjection-passivation-race-entity-passivation-race-consumer-a: Starting HandOffStopper for shard [0] to terminate [1] entities.
08:08:33.824 DEBUG a.c.s.t.i.ShardedDaemonProcessState$ - eventSourcedProjection-passivation-race-entity-passivation-race-consumer-a: Deferred start of worker to verify its revision [0] is the latest
08:08:33.824 DEBUG a.c.sharding.DDataShardCoordinator - passivation-race-entity: The coordinator state was successfully updated with ShardHomeDeallocated(436)
08:08:33.824 DEBUG a.c.sharding.DDataShardCoordinator - passivation-race-entity: Shard [436] deallocated after
08:08:33.825 DEBUG a.c.sharding.DDataShardCoordinator - passivation-race-entity: ShardRegion stopped: [Actor[akka://akka-runtime/system/sharding/passivation-race-entity#-1411975236]]
08:08:33.825 DEBUG a.c.sharding.DDataShardCoordinator - passivation-race-entity: ShardRegion terminated (gracefully): [Actor[akka://akka-runtime/system/sharding/passivation-race-entity#-1411975236]] {}
08:08:33.825 DEBUG a.c.sharding.DDataShardCoordinator - passivation-race-entity: GetShardHome [436] request from [Actor[akka://local/ignore]] stashed, because waiting for initial state or update of state. It will be handled afterwards.
08:08:33.825 INFO  a.c.s.t.i.ShardedDaemonProcessState$ - eventSourcedProjection-passivation-race-entity-passivation-race-consumer-a: Starting Sharded Daemon Process [0] out of a total [1] (revision [0] and no state found)
08:08:33.825 DEBUG a.c.sharding.DDataShardCoordinator - passivation-race-entity: The coordinator state was successfully updated with ShardRegionTerminated(Actor[akka://akka-runtime/system/sharding/passivation-race-entity#-1411975236])
08:08:33.831 DEBUG a.c.sharding.DDataShardCoordinator - sharded-daemon-process-eventSourcedProjection-passivation-race-entity-passivation-race-consumer-b: ShardRegion registered: [Actor[akka://akka-runtime/system/sharding/sharded-daemon-process-eventSourcedProjection-passivation-race-entity-passivation-race-consumer-b#-753771849]]
08:08:33.831 DEBUG a.c.sharding.DDataShardCoordinator - sharded-daemon-process-eventSourcedProjection-passivation-race-entity-passivation-race-view: ShardRegion registered: [Actor[akka://akka-runtime/system/sharding/sharded-daemon-process-eventSourcedProjection-passivation-race-entity-passivation-race-view#-1278311570]]
08:08:33.832 DEBUG a.c.sharding.DDataShardCoordinator - sharded-daemon-process-eventSourcedProjection-passivation-race-entity-passivation-race-view: The coordinator state was successfully updated with ShardRegionRegistered(Actor[akka://akka-runtime/system/sharding/sharded-daemon-process-eventSourcedProjection-passivation-race-entity-passivation-race-view#-1278311570])
08:08:33.832 DEBUG a.c.sharding.DDataShardCoordinator - sharded-daemon-process-eventSourcedProjection-passivation-race-entity-passivation-race-consumer-b: The coordinator state was successfully updated with ShardRegionRegistered(Actor[akka://akka-runtime/system/sharding/sharded-daemon-process-eventSourcedProjection-passivation-race-entity-passivation-race-consumer-b#-753771849])
08:08:33.832 DEBUG a.c.sharding.DDataShardCoordinator - sharded-daemon-process-eventSourcedProjection-passivation-race-entity-passivation-race-view: The coordinator state was successfully updated with ShardHomeAllocated(0,Actor[akka://akka-runtime/system/sharding/sharded-daemon-process-eventSourcedProjection-passivation-race-entity-passivation-race-view#-1278311570])
08:08:33.832 DEBUG a.c.sharding.DDataShardCoordinator - sharded-daemon-process-eventSourcedProjection-passivation-race-entity-passivation-race-consumer-b: The coordinator state was successfully updated with ShardHomeAllocated(0,Actor[akka://akka-runtime/system/sharding/sharded-daemon-process-eventSourcedProjection-passivation-race-entity-passivation-race-consumer-b#-753771849])
08:08:33.832 DEBUG a.c.sharding.DDataShardCoordinator - sharded-daemon-process-eventSourcedProjection-passivation-race-entity-passivation-race-consumer-b: Shard [0] allocated at [Actor[akka://akka-runtime/system/sharding/sharded-daemon-process-eventSourcedProjection-passivation-race-entity-passivation-race-consumer-b#-753771849]]
08:08:33.832 DEBUG a.c.sharding.DDataShardCoordinator - sharded-daemon-process-eventSourcedProjection-passivation-race-entity-passivation-race-view: Shard [0] allocated at [Actor[akka://akka-runtime/system/sharding/sharded-daemon-process-eventSourcedProjection-passivation-race-entity-passivation-race-view#-1278311570]]
08:08:33.833 DEBUG a.c.sharding.DDataShardCoordinator - sharded-daemon-process-eventSourcedProjection-passivation-race-entity-passivation-race-consumer-b: Graceful shutdown of region [Actor[akka://akka-runtime/system/sharding/sharded-daemon-process-eventSourcedProjection-passivation-race-entity-passivation-race-consumer-b#-753771849]] with [1] shards
08:08:33.833 INFO  a.c.sharding.DDataShardCoordinator - sharded-daemon-process-eventSourcedProjection-passivation-race-entity-passivation-race-consumer-b: Starting shutting down shards [0] due to region shutting down or explicit stopping of shards.
08:08:33.833 DEBUG a.c.sharding.DDataShardCoordinator - sharded-daemon-process-eventSourcedProjection-passivation-race-entity-passivation-race-view: Graceful shutdown of region [Actor[akka://akka-runtime/system/sharding/sharded-daemon-process-eventSourcedProjection-passivation-race-entity-passivation-race-view#-1278311570]] with [1] shards
08:08:33.833 DEBUG akka.cluster.sharding.Shard - sharded-daemon-process-eventSourcedProjection-passivation-race-entity-passivation-race-consumer-b: Shard initialized
08:08:33.833 INFO  a.c.sharding.DDataShardCoordinator - sharded-daemon-process-eventSourcedProjection-passivation-race-entity-passivation-race-view: Starting shutting down shards [0] due to region shutting down or explicit stopping of shards.
08:08:33.833 DEBUG a.c.s.ShardCoordinator$RebalanceWorker - sharded-daemon-process-eventSourcedProjection-passivation-race-entity-passivation-race-consumer-b: Shutting down shard [0] from region [Actor[akka://akka-runtime/system/sharding/sharded-daemon-process-eventSourcedProjection-passivation-race-entity-passivation-race-consumer-b#-753771849]]. Asking [1] region(s) to hand-off shard
08:08:33.833 DEBUG akka.cluster.sharding.Shard - sharded-daemon-process-eventSourcedProjection-passivation-race-entity-passivation-race-view: Shard initialized
08:08:33.833 DEBUG a.c.s.ShardCoordinator$RebalanceWorker - sharded-daemon-process-eventSourcedProjection-passivation-race-entity-passivation-race-view: Shutting down shard [0] from region [Actor[akka://akka-runtime/system/sharding/sharded-daemon-process-eventSourcedProjection-passivation-race-entity-passivation-race-view#-1278311570]]. Asking [1] region(s) to hand-off shard
08:08:33.833 DEBUG a.c.s.ShardCoordinator$RebalanceWorker - sharded-daemon-process-eventSourcedProjection-passivation-race-entity-passivation-race-view: BeginHandOffAck for shard [0] received from [Actor[akka://akka-runtime/system/sharding/sharded-daemon-process-eventSourcedProjection-passivation-race-entity-passivation-race-view#-1278311570]].
08:08:33.833 DEBUG akka.cluster.sharding.Shard - sharded-daemon-process-eventSourcedProjection-passivation-race-entity-passivation-race-view: Request to start entity [0] and ack to [Some(Actor[akka://akka-runtime/deadLetters])]
08:08:33.833 DEBUG a.c.s.ShardCoordinator$RebalanceWorker - sharded-daemon-process-eventSourcedProjection-passivation-race-entity-passivation-race-view: All shard regions acked, handing off shard [0].
08:08:33.833 DEBUG akka.cluster.sharding.Shard - sharded-daemon-process-eventSourcedProjection-passivation-race-entity-passivation-race-consumer-b: Request to start entity [0] and ack to [Some(Actor[akka://akka-runtime/deadLetters])]
08:08:33.833 DEBUG akka.cluster.sharding.Shard - sharded-daemon-process-eventSourcedProjection-passivation-race-entity-passivation-race-view: Started entity [Actor[akka://akka-runtime/system/sharding/sharded-daemon-process-eventSourcedProjection-passivation-race-entity-passivation-race-view/0/0#519135232]] with entity id [0] in shard [0]
08:08:33.833 DEBUG akka.cluster.sharding.Shard - sharded-daemon-process-eventSourcedProjection-passivation-race-entity-passivation-race-view: HandOff shard [0]
08:08:33.833 DEBUG akka.cluster.sharding.Shard - sharded-daemon-process-eventSourcedProjection-passivation-race-entity-passivation-race-view: Starting HandOffStopper for shard [0] to terminate [1] entities.
08:08:33.833 DEBUG a.c.s.t.i.ShardedDaemonProcessState$ - eventSourcedProjection-passivation-race-entity-passivation-race-view: Deferred start of worker to verify its revision [0] is the latest
08:08:33.833 DEBUG a.c.s.t.i.ShardedDaemonProcessState$ - eventSourcedProjection-passivation-race-entity-passivation-race-consumer-b: Deferred start of worker to verify its revision [0] is the latest
08:08:33.833 DEBUG akka.cluster.sharding.Shard - sharded-daemon-process-eventSourcedProjection-passivation-race-entity-passivation-race-consumer-b: Started entity [Actor[akka://akka-runtime/system/sharding/sharded-daemon-process-eventSourcedProjection-passivation-race-entity-passivation-race-consumer-b/0/0#-1846704642]] with entity id [0] in shard [0]
08:08:33.833 DEBUG a.c.s.ShardCoordinator$RebalanceWorker - sharded-daemon-process-eventSourcedProjection-passivation-race-entity-passivation-race-consumer-b: BeginHandOffAck for shard [0] received from [Actor[akka://akka-runtime/system/sharding/sharded-daemon-process-eventSourcedProjection-passivation-race-entity-passivation-race-consumer-b#-753771849]].
08:08:33.833 DEBUG a.c.s.ShardCoordinator$RebalanceWorker - sharded-daemon-process-eventSourcedProjection-passivation-race-entity-passivation-race-consumer-b: All shard regions acked, handing off shard [0].
08:08:33.833 DEBUG akka.cluster.sharding.Shard - sharded-daemon-process-eventSourcedProjection-passivation-race-entity-passivation-race-consumer-b: HandOff shard [0]
08:08:33.833 DEBUG akka.cluster.sharding.Shard - sharded-daemon-process-eventSourcedProjection-passivation-race-entity-passivation-race-consumer-b: Starting HandOffStopper for shard [0] to terminate [1] entities.
08:08:33.833 INFO  a.c.s.t.i.ShardedDaemonProcessState$ - eventSourcedProjection-passivation-race-entity-passivation-race-consumer-b: Starting Sharded Daemon Process [0] out of a total [1] (revision [0] and no state found)
08:08:33.834 DEBUG a.c.sharding.DDataShardCoordinator - sharded-daemon-process-eventSourcedProjection-passivation-race-entity-passivation-race-consumer-b: Shard [0] deallocation completed successfully.
08:08:33.834 DEBUG akka.cluster.sharding.Shard - sharded-daemon-process-eventSourcedProjection-passivation-race-entity-passivation-race-consumer-b: Shard [0] shutting down
08:08:33.834 DEBUG a.c.sharding.DDataShardCoordinator - sharded-daemon-process-eventSourcedProjection-passivation-race-entity-passivation-race-consumer-b: The coordinator state was successfully updated with ShardHomeDeallocated(0)
08:08:33.834 DEBUG a.c.sharding.DDataShardCoordinator - sharded-daemon-process-eventSourcedProjection-passivation-race-entity-passivation-race-consumer-b: Shard [0] deallocated after
08:08:33.834 DEBUG a.c.sharding.DDataShardCoordinator - sharded-daemon-process-eventSourcedProjection-passivation-race-entity-passivation-race-consumer-b: ShardRegion stopped: [Actor[akka://akka-runtime/system/sharding/sharded-daemon-process-eventSourcedProjection-passivation-race-entity-passivation-race-consumer-b#-753771849]]
08:08:33.834 DEBUG a.c.sharding.DDataShardCoordinator - sharded-daemon-process-eventSourcedProjection-passivation-race-entity-passivation-race-consumer-b: ShardRegion terminated (gracefully): [Actor[akka://akka-runtime/system/sharding/sharded-daemon-process-eventSourcedProjection-passivation-race-entity-passivation-race-consumer-b#-753771849]] {}
08:08:33.834 DEBUG a.c.sharding.DDataShardCoordinator - sharded-daemon-process-eventSourcedProjection-passivation-race-entity-passivation-race-consumer-b: GetShardHome [0] request from [Actor[akka://local/ignore]] stashed, because waiting for initial state or update of state. It will be handled afterwards.
08:08:33.834 DEBUG a.c.sharding.DDataShardCoordinator - sharded-daemon-process-eventSourcedProjection-passivation-race-entity-passivation-race-consumer-b: The coordinator state was successfully updated with ShardRegionTerminated(Actor[akka://akka-runtime/system/sharding/sharded-daemon-process-eventSourcedProjection-passivation-race-entity-passivation-race-consumer-b#-753771849])
08:08:33.833 INFO  a.c.s.t.i.ShardedDaemonProcessState$ - eventSourcedProjection-passivation-race-entity-passivation-race-view: Starting Sharded Daemon Process [0] out of a total [1] (revision [0] and no state found)
08:08:34.589 WARN  a.c.s.ShardRegion$HandOffStopper - sharded-daemon-process-eventSourcedProjection-passivation-race-entity-passivation-race-consumer-a: [1] of the entities in shard [0] not stopped after [750 milliseconds]. Maybe the handOffStopMessage [akka.projection.ProjectionBehavior$Stop$] is not handled? Waiting additional [250 milliseconds] before stopping the remaining entities.
08:08:34.600 WARN  a.c.s.ShardRegion$HandOffStopper - sharded-daemon-process-eventSourcedProjection-passivation-race-entity-passivation-race-view: [1] of the entities in shard [0] not stopped after [750 milliseconds]. Maybe the handOffStopMessage [akka.projection.ProjectionBehavior$Stop$] is not handled? Waiting additional [250 milliseconds] before stopping the remaining entities.
08:08:34.841 WARN  a.c.s.ShardRegion$HandOffStopper - sharded-daemon-process-eventSourcedProjection-passivation-race-entity-passivation-race-consumer-a: HandOffStopMessage [akka.projection.ProjectionBehavior$Stop$] is not handled by some of the entities in shard [0] after [1 second], stopping the remaining [1] entities.
08:08:34.842 DEBUG akka.cluster.sharding.Shard - sharded-daemon-process-eventSourcedProjection-passivation-race-entity-passivation-race-consumer-a: Shard [0] shutting down
08:08:34.843 DEBUG a.c.sharding.DDataShardCoordinator - sharded-daemon-process-eventSourcedProjection-passivation-race-entity-passivation-race-consumer-a: Shard [0] deallocation completed successfully.
08:08:34.843 DEBUG a.c.sharding.DDataShardCoordinator - sharded-daemon-process-eventSourcedProjection-passivation-race-entity-passivation-race-consumer-a: The coordinator state was successfully updated with ShardHomeDeallocated(0)
08:08:34.843 DEBUG a.c.sharding.DDataShardCoordinator - sharded-daemon-process-eventSourcedProjection-passivation-race-entity-passivation-race-consumer-a: Shard [0] deallocated after
08:08:34.843 DEBUG a.c.sharding.DDataShardCoordinator - sharded-daemon-process-eventSourcedProjection-passivation-race-entity-passivation-race-consumer-a: ShardRegion terminated (gracefully): [Actor[akka://akka-runtime/system/sharding/sharded-daemon-process-eventSourcedProjection-passivation-race-entity-passivation-race-consumer-a#-1586998633]] {}
08:08:34.844 DEBUG a.c.sharding.DDataShardCoordinator - sharded-daemon-process-eventSourcedProjection-passivation-race-entity-passivation-race-consumer-a: GetShardHome [0] request from [Actor[akka://local/ignore]] stashed, because waiting for initial state or update of state. It will be handled afterwards.
08:08:34.844 DEBUG a.c.sharding.DDataShardCoordinator - sharded-daemon-process-eventSourcedProjection-passivation-race-entity-passivation-race-consumer-a: The coordinator state was successfully updated with ShardRegionTerminated(Actor[akka://akka-runtime/system/sharding/sharded-daemon-process-eventSourcedProjection-passivation-race-entity-passivation-race-consumer-a#-1586998633])
08:08:34.844 DEBUG a.c.sharding.DDataShardCoordinator - sharded-daemon-process-eventSourcedProjection-passivation-race-entity-passivation-race-consumer-a: ShardRegion stopped: [Actor[akka://akka-runtime/system/sharding/sharded-daemon-process-eventSourcedProjection-passivation-race-entity-passivation-race-consumer-a#-1586998633]]
08:08:34.851 WARN  a.c.s.ShardRegion$HandOffStopper - sharded-daemon-process-eventSourcedProjection-passivation-race-entity-passivation-race-view: HandOffStopMessage [akka.projection.ProjectionBehavior$Stop$] is not handled by some of the entities in shard [0] after [1 second], stopping the remaining [1] entities.
08:08:34.852 DEBUG a.c.sharding.DDataShardCoordinator - sharded-daemon-process-eventSourcedProjection-passivation-race-entity-passivation-race-view: Shard [0] deallocation completed successfully.
08:08:34.852 DEBUG akka.cluster.sharding.Shard - sharded-daemon-process-eventSourcedProjection-passivation-race-entity-passivation-race-view: Shard [0] shutting down
08:08:34.852 DEBUG akka.actor.CoordinatedShutdown - Performing phase [cluster-leave] with [1] tasks.
08:08:34.852 DEBUG akka.actor.CoordinatedShutdown - Performing task [leave] in CoordinatedShutdown phase [cluster-leave]
08:08:34.852 DEBUG a.c.sharding.DDataShardCoordinator - sharded-daemon-process-eventSourcedProjection-passivation-race-entity-passivation-race-view: The coordinator state was successfully updated with ShardHomeDeallocated(0)
08:08:34.852 DEBUG a.c.sharding.DDataShardCoordinator - sharded-daemon-process-eventSourcedProjection-passivation-race-entity-passivation-race-view: Shard [0] deallocated after
08:08:34.853 DEBUG a.c.sharding.DDataShardCoordinator - sharded-daemon-process-eventSourcedProjection-passivation-race-entity-passivation-race-view: ShardRegion terminated (gracefully): [Actor[akka://akka-runtime/system/sharding/sharded-daemon-process-eventSourcedProjection-passivation-race-entity-passivation-race-view#-1278311570]] {}
08:08:34.853 DEBUG a.c.sharding.DDataShardCoordinator - sharded-daemon-process-eventSourcedProjection-passivation-race-entity-passivation-race-view: GetShardHome [0] request from [Actor[akka://local/ignore]] stashed, because waiting for initial state or update of state. It will be handled afterwards.
08:08:34.853 DEBUG a.c.sharding.DDataShardCoordinator - sharded-daemon-process-eventSourcedProjection-passivation-race-entity-passivation-race-view: The coordinator state was successfully updated with ShardRegionTerminated(Actor[akka://akka-runtime/system/sharding/sharded-daemon-process-eventSourcedProjection-passivation-race-entity-passivation-race-view#-1278311570])
08:08:34.853 DEBUG a.c.sharding.DDataShardCoordinator - sharded-daemon-process-eventSourcedProjection-passivation-race-entity-passivation-race-view: ShardRegion stopped: [Actor[akka://akka-runtime/system/sharding/sharded-daemon-process-eventSourcedProjection-passivation-race-entity-passivation-race-view#-1278311570]]
08:08:34.854 DEBUG a.c.singleton.ClusterSingletonProxy - Creating singleton identification timer...
08:08:34.854 DEBUG a.c.singleton.ClusterSingletonProxy - Creating singleton identification timer...
08:08:34.854 DEBUG a.c.singleton.ClusterSingletonProxy - Creating singleton identification timer...
08:08:34.854 DEBUG a.c.singleton.ClusterSingletonProxy - Creating singleton identification timer...
08:08:34.854 DEBUG akka.actor.CoordinatedShutdown - Performing phase [cluster-exiting] with [28] tasks.
08:08:34.854 DEBUG akka.actor.CoordinatedShutdown - Performing task [singleton-exiting-1] in CoordinatedShutdown phase [cluster-exiting]
08:08:34.854 DEBUG akka.actor.CoordinatedShutdown - Performing task [wait-singleton-exiting] in CoordinatedShutdown phase [cluster-exiting]
08:08:34.854 DEBUG akka.actor.CoordinatedShutdown - Performing task [singleton-exiting-1] in CoordinatedShutdown phase [cluster-exiting]
08:08:34.854 DEBUG akka.actor.CoordinatedShutdown - Performing task [singleton-exiting-2] in CoordinatedShutdown phase [cluster-exiting]
08:08:34.855 DEBUG akka.actor.CoordinatedShutdown - Performing task [singleton-exiting-1] in CoordinatedShutdown phase [cluster-exiting]
08:08:34.855 DEBUG akka.actor.CoordinatedShutdown - Performing task [singleton-exiting-1] in CoordinatedShutdown phase [cluster-exiting]
08:08:34.855 DEBUG akka.actor.CoordinatedShutdown - Performing task [singleton-exiting-1] in CoordinatedShutdown phase [cluster-exiting]
08:08:34.855 DEBUG akka.actor.CoordinatedShutdown - Performing task [wait-singleton-exiting] in CoordinatedShutdown phase [cluster-exiting]
08:08:34.855 DEBUG akka.actor.CoordinatedShutdown - Performing task [wait-singleton-exiting] in CoordinatedShutdown phase [cluster-exiting]
08:08:34.855 DEBUG akka.actor.CoordinatedShutdown - Performing task [wait-singleton-exiting] in CoordinatedShutdown phase [cluster-exiting]
08:08:34.855 DEBUG akka.actor.CoordinatedShutdown - Performing task [wait-singleton-exiting] in CoordinatedShutdown phase [cluster-exiting]
08:08:34.855 DEBUG akka.actor.CoordinatedShutdown - Performing task [singleton-exiting-1] in CoordinatedShutdown phase [cluster-exiting]
08:08:34.855 INFO  a.c.s.ClusterSingletonManager - Oldest observed OldestChanged: [akka://akka-runtime@127.0.0.1:63300 -> None]
08:08:34.855 INFO  a.c.s.ClusterSingletonManager - Oldest observed OldestChanged: [akka://akka-runtime@127.0.0.1:63300 -> None]
08:08:34.855 DEBUG akka.actor.CoordinatedShutdown - Performing task [singleton-exiting-2] in CoordinatedShutdown phase [cluster-exiting]
08:08:34.855 DEBUG akka.actor.CoordinatedShutdown - Performing task [singleton-exiting-2] in CoordinatedShutdown phase [cluster-exiting]
08:08:34.855 INFO  a.c.s.ClusterSingletonManager - Exited [akka://akka-runtime@127.0.0.1:63300].
08:08:34.855 DEBUG akka.actor.CoordinatedShutdown - Performing task [singleton-exiting-1] in CoordinatedShutdown phase [cluster-exiting]
08:08:34.855 DEBUG akka.actor.CoordinatedShutdown - Performing task [singleton-exiting-1] in CoordinatedShutdown phase [cluster-exiting]
08:08:34.855 DEBUG akka.actor.CoordinatedShutdown - Performing task [singleton-exiting-2] in CoordinatedShutdown phase [cluster-exiting]
08:08:34.855 DEBUG akka.actor.CoordinatedShutdown - Performing task [wait-singleton-exiting] in CoordinatedShutdown phase [cluster-exiting]
08:08:34.855 INFO  a.c.s.ClusterSingletonManager - ClusterSingletonManager state change [Oldest -> WasOldest]
08:08:34.855 INFO  a.c.s.ClusterSingletonManager - ClusterSingletonManager state change [Oldest -> WasOldest]
08:08:34.855 DEBUG akka.actor.CoordinatedShutdown - Performing task [singleton-exiting-2] in CoordinatedShutdown phase [cluster-exiting]
08:08:34.855 DEBUG akka.actor.CoordinatedShutdown - Performing task [singleton-exiting-2] in CoordinatedShutdown phase [cluster-exiting]
08:08:34.855 DEBUG akka.actor.CoordinatedShutdown - Performing task [wait-singleton-exiting] in CoordinatedShutdown phase [cluster-exiting]
08:08:34.855 DEBUG akka.actor.CoordinatedShutdown - Performing task [singleton-exiting-1] in CoordinatedShutdown phase [cluster-exiting]
08:08:34.855 INFO  a.c.s.ClusterSingletonManager - Oldest observed OldestChanged: [akka://akka-runtime@127.0.0.1:63300 -> None]
08:08:34.855 INFO  a.c.s.ClusterSingletonManager - Exited [akka://akka-runtime@127.0.0.1:63300].
08:08:34.855 INFO  a.c.s.ClusterSingletonManager - Exited [akka://akka-runtime@127.0.0.1:63300].
08:08:34.855 DEBUG akka.actor.CoordinatedShutdown - Performing task [wait-exiting] in CoordinatedShutdown phase [cluster-exiting]
08:08:34.855 DEBUG akka.actor.CoordinatedShutdown - Performing task [singleton-exiting-2] in CoordinatedShutdown phase [cluster-exiting]
08:08:34.855 DEBUG akka.actor.CoordinatedShutdown - Performing task [wait-singleton-exiting] in CoordinatedShutdown phase [cluster-exiting]
08:08:34.855 INFO  a.c.s.ClusterSingletonManager - ClusterSingletonManager state change [Oldest -> WasOldest]
08:08:34.855 DEBUG akka.actor.CoordinatedShutdown - Performing task [wait-singleton-exiting] in CoordinatedShutdown phase [cluster-exiting]
08:08:34.855 DEBUG akka.actor.CoordinatedShutdown - Performing task [singleton-exiting-2] in CoordinatedShutdown phase [cluster-exiting]
08:08:34.855 DEBUG akka.actor.CoordinatedShutdown - Performing task [singleton-exiting-2] in CoordinatedShutdown phase [cluster-exiting]
08:08:34.855 INFO  a.c.s.ClusterSingletonManager - Singleton manager stopping singleton actor [akka://akka-runtime/system/sharding/_timerCoordinator/singleton]
08:08:34.855 INFO  a.c.s.ClusterSingletonManager - Singleton manager stopping singleton actor [akka://akka-runtime/system/singletonManagerShardedDaemonProcessCoordinator-eventSourcedProjection-passivation-race-entity-passivation-race-consumer-b/ShardedDaemonProcessCoordinator-eventSourcedProjection-passivation-race-entity-passivation-race-consumer-b]
08:08:34.855 INFO  a.c.s.ClusterSingletonManager - Exited [akka://akka-runtime@127.0.0.1:63300].
08:08:34.855 INFO  a.c.s.ClusterSingletonManager - ClusterSingletonManager state change [WasOldest -> Stopping]
08:08:34.855 INFO  a.c.s.ClusterSingletonManager - ClusterSingletonManager state change [WasOldest -> Stopping]
08:08:34.855 INFO  a.c.s.ClusterSingletonManager - Exited [akka://akka-runtime@127.0.0.1:63300].
08:08:34.855 DEBUG a.c.sharding.DDataShardCoordinator - _timer: Received termination message.
08:08:34.855 INFO  a.c.s.ClusterSingletonManager - Exited [akka://akka-runtime@127.0.0.1:63300].
08:08:34.855 INFO  a.c.s.ClusterSingletonManager - Oldest observed OldestChanged: [akka://akka-runtime@127.0.0.1:63300 -> None]
08:08:34.855 INFO  a.c.s.ClusterSingletonManager - ClusterSingletonManager state change [Oldest -> WasOldest]
08:08:34.855 INFO  a.c.s.ClusterSingletonManager - Exited [akka://akka-runtime@127.0.0.1:63300].
08:08:34.855 INFO  a.c.s.ClusterSingletonManager - Oldest observed OldestChanged: [akka://akka-runtime@127.0.0.1:63300 -> None]
08:08:34.855 INFO  a.c.s.ClusterSingletonManager - Exited [akka://akka-runtime@127.0.0.1:63300].
08:08:34.855 INFO  a.c.s.ClusterSingletonManager - Singleton actor [akka://akka-runtime/system/singletonManagerShardedDaemonProcessCoordinator-eventSourcedProjection-passivation-race-entity-passivation-race-consumer-b/ShardedDaemonProcessCoordinator-eventSourcedProjection-passivation-race-entity-passivation-race-consumer-b] was terminated
08:08:34.855 INFO  a.c.s.ClusterSingletonManager - Oldest observed OldestChanged: [akka://akka-runtime@127.0.0.1:63300 -> None]
08:08:34.855 INFO  a.c.s.ClusterSingletonManager - ClusterSingletonManager state change [Oldest -> WasOldest]
08:08:34.855 INFO  a.c.s.ClusterSingletonManager - Exited [akka://akka-runtime@127.0.0.1:63300].
08:08:34.855 INFO  a.c.s.ClusterSingletonManager - ClusterSingletonManager state change [Oldest -> WasOldest]
08:08:34.855 INFO  a.c.s.ClusterSingletonManager - Oldest observed OldestChanged: [akka://akka-runtime@127.0.0.1:63300 -> None]
08:08:34.855 INFO  a.c.s.ClusterSingletonManager - Singleton manager stopping singleton actor [akka://akka-runtime/system/singletonManagerShardedDaemonProcessCoordinator-eventSourcedProjection-passivation-race-entity-passivation-race-view/ShardedDaemonProcessCoordinator-eventSourcedProjection-passivation-race-entity-passivation-race-view]
08:08:34.855 INFO  a.c.s.ClusterSingletonManager - ClusterSingletonManager state change [Oldest -> WasOldest]
08:08:34.855 INFO  a.c.s.ClusterSingletonManager - ClusterSingletonManager state change [WasOldest -> Stopping]
08:08:34.855 INFO  a.c.s.ClusterSingletonManager - Oldest observed OldestChanged: [akka://akka-runtime@127.0.0.1:63300 -> None]
08:08:34.855 INFO  a.c.s.ClusterSingletonManager - ClusterSingletonManager state change [Oldest -> WasOldest]
08:08:34.855 INFO  a.c.s.ClusterSingletonManager - Oldest observed OldestChanged: [akka://akka-runtime@127.0.0.1:63300 -> None]
08:08:34.855 INFO  a.c.s.ClusterSingletonManager - ClusterSingletonManager state change [Oldest -> WasOldest]
08:08:34.855 INFO  a.c.s.ClusterSingletonManager - Singleton manager stopping singleton actor [akka://akka-runtime/system/singletonManagerShardedDaemonProcessCoordinator-eventSourcedProjection-passivation-race-entity-passivation-race-consumer-a/ShardedDaemonProcessCoordinator-eventSourcedProjection-passivation-race-entity-passivation-race-consumer-a]
08:08:34.855 INFO  a.c.s.ClusterSingletonManager - Singleton manager stopping singleton actor [akka://akka-runtime/system/singletonManagerschemaSingleton/schemaSingleton]
08:08:34.855 INFO  a.c.s.ClusterSingletonManager - Singleton actor [akka://akka-runtime/system/singletonManagerShardedDaemonProcessCoordinator-eventSourcedProjection-passivation-race-entity-passivation-race-view/ShardedDaemonProcessCoordinator-eventSourcedProjection-passivation-race-entity-passivation-race-view] was terminated
08:08:34.856 INFO  a.c.s.ClusterSingletonManager - ClusterSingletonManager state change [WasOldest -> Stopping]
08:08:34.856 INFO  a.c.s.ClusterSingletonManager - ClusterSingletonManager state change [WasOldest -> Stopping]
08:08:34.856 INFO  a.c.s.ClusterSingletonManager - Singleton manager stopping singleton actor [akka://akka-runtime/system/sharding/sharded-daemon-process-eventSourcedProjection-passivation-race-entity-passivation-race-consumer-aCoordinator/singleton]
08:08:34.856 INFO  a.c.s.ClusterSingletonManager - Singleton manager stopping singleton actor [akka://akka-runtime/system/sharding/sharded-daemon-process-eventSourcedProjection-passivation-race-entity-passivation-race-consumer-bCoordinator/singleton]
08:08:34.856 INFO  a.c.s.ClusterSingletonManager - ClusterSingletonManager state change [WasOldest -> Stopping]
08:08:34.856 INFO  a.c.s.ClusterSingletonManager - ClusterSingletonManager state change [WasOldest -> Stopping]
08:08:34.856 INFO  a.c.s.ClusterSingletonManager - Singleton manager stopping singleton actor [akka://akka-runtime/system/sharding/sharded-daemon-process-eventSourcedProjection-passivation-race-entity-passivation-race-viewCoordinator/singleton]
08:08:34.856 INFO  a.c.s.ClusterSingletonManager - ClusterSingletonManager state change [WasOldest -> Stopping]
08:08:34.856 DEBUG a.c.sharding.DDataShardCoordinator - sharded-daemon-process-eventSourcedProjection-passivation-race-entity-passivation-race-consumer-b: Received termination message.
08:08:34.856 INFO  a.c.s.ClusterSingletonManager - Singleton manager stopping singleton actor [akka://akka-runtime/system/sharding/passivation-race-entityCoordinator/singleton]
08:08:34.856 INFO  a.c.s.ClusterSingletonManager - ClusterSingletonManager state change [WasOldest -> Stopping]
08:08:34.856 INFO  a.c.s.ClusterSingletonManager - Singleton actor [akka://akka-runtime/system/sharding/_timerCoordinator/singleton] was terminated
08:08:34.856 INFO  a.c.s.ClusterSingletonManager - Singleton actor [akka://akka-runtime/system/sharding/sharded-daemon-process-eventSourcedProjection-passivation-race-entity-passivation-race-consumer-bCoordinator/singleton] was terminated
08:08:34.856 INFO  a.c.s.ClusterSingletonManager - Singleton actor [akka://akka-runtime/system/singletonManagerShardedDaemonProcessCoordinator-eventSourcedProjection-passivation-race-entity-passivation-race-consumer-a/ShardedDaemonProcessCoordinator-eventSourcedProjection-passivation-race-entity-passivation-race-consumer-a] was terminated
08:08:34.856 INFO  a.c.s.ClusterSingletonManager - Singleton actor [akka://akka-runtime/system/singletonManagerschemaSingleton/schemaSingleton] was terminated
08:08:34.856 DEBUG a.c.sharding.DDataShardCoordinator - sharded-daemon-process-eventSourcedProjection-passivation-race-entity-passivation-race-consumer-a: Received termination message.
08:08:34.856 DEBUG a.c.sharding.DDataShardCoordinator - sharded-daemon-process-eventSourcedProjection-passivation-race-entity-passivation-race-view: Received termination message.
08:08:34.856 DEBUG a.c.sharding.DDataShardCoordinator - passivation-race-entity: Received termination message.
08:08:34.856 INFO  a.c.s.ClusterSingletonManager - Singleton actor [akka://akka-runtime/system/sharding/sharded-daemon-process-eventSourcedProjection-passivation-race-entity-passivation-race-viewCoordinator/singleton] was terminated
08:08:34.856 INFO  a.c.s.ClusterSingletonManager - Singleton actor [akka://akka-runtime/system/sharding/sharded-daemon-process-eventSourcedProjection-passivation-race-entity-passivation-race-consumer-aCoordinator/singleton] was terminated
08:08:34.856 INFO  a.c.s.ClusterSingletonManager - Singleton actor [akka://akka-runtime/system/sharding/passivation-race-entityCoordinator/singleton] was terminated
08:08:34.856 DEBUG akka.actor.CoordinatedShutdown - Performing phase [cluster-exiting-done] with [1] tasks.
08:08:34.856 DEBUG akka.actor.CoordinatedShutdown - Performing task [exiting-completed] in CoordinatedShutdown phase [cluster-exiting-done]
08:08:34.856 DEBUG akka.actor.CoordinatedShutdown - Performing phase [cluster-shutdown] with [1] tasks.
08:08:34.857 DEBUG akka.actor.CoordinatedShutdown - Performing task [wait-shutdown] in CoordinatedShutdown phase [cluster-shutdown]
08:08:34.858 DEBUG akka.actor.CoordinatedShutdown - Performing phase [before-actor-system-terminate] with [2] tasks.
08:08:34.858 DEBUG akka.actor.CoordinatedShutdown - Performing task [close connection pools] in CoordinatedShutdown phase [before-actor-system-terminate]
08:08:34.858 DEBUG akka.actor.CoordinatedShutdown - Performing task [close-grpc-channels] in CoordinatedShutdown phase [before-actor-system-terminate]
08:08:34.859 DEBUG akka.actor.CoordinatedShutdown - Performing phase [actor-system-terminate] with [1] tasks.
08:08:34.859 DEBUG akka.actor.CoordinatedShutdown - Performing task [terminate-system] in CoordinatedShutdown phase [actor-system-terminate]
08:08:34.927 INFO  akka.runtime.AkkaRuntimeMain - Starting Akka Runtime version [1.6.15]
08:08:34.938 INFO  akka.javasdk.impl.ComponentLocator$ - Looking for component descriptors matching pattern [META-INF/akka-javasdk-components_*.conf]
08:08:34.944 INFO  akka.javasdk.testkit.TestKit - Eventing TestKit booting up on port: 63304
08:08:34.946 DEBUG a.c.singleton.ClusterSingletonProxy - Creating singleton identification timer...
08:08:34.946 DEBUG a.c.singleton.ClusterSingletonProxy - Singleton not available, buffering message type [kalix.runtime.SchemaSingleton$ExecDdl]
08:08:34.946 DEBUG a.c.singleton.ClusterSingletonProxy - Trying to identify singleton at [akka://akka-runtime@127.0.0.1:63305/system/singletonManagerschemaSingleton/schemaSingleton]
08:08:34.946 INFO  a.c.s.ClusterSingletonManager - Singleton manager starting singleton actor [akka://akka-runtime/system/singletonManagerschemaSingleton/schemaSingleton]
08:08:34.946 INFO  a.c.s.ClusterSingletonManager - ClusterSingletonManager state change [Start -> Oldest]
08:08:34.947 INFO  akka.javasdk.testkit.TestKit - Checking runtime status
08:08:35.009 DEBUG a.c.singleton.ClusterSingletonProxy - Trying to identify singleton at [akka://akka-runtime@127.0.0.1:63305/system/singletonManagerschemaSingleton/schemaSingleton]
08:08:35.009 INFO  a.c.singleton.ClusterSingletonProxy - Singleton identified at [akka://akka-runtime/system/singletonManagerschemaSingleton/schemaSingleton]
08:08:35.009 DEBUG a.c.singleton.ClusterSingletonProxy - Sending buffered messages to current singleton instance
08:08:35.012 INFO  a.c.s.typed.scaladsl.ClusterSharding - Starting Shard Region [passivation-race-entity]...
08:08:35.012 INFO  akka.cluster.sharding.ShardRegion - passivation-race-entity: Automatic entity passivation: composite strategy with limit of [10000] active entities, admission window (least recently used entities) with proportions [initial = 0.01, min = 0.01, max = 1.0] adapting with hill-climbing optimizer [adjust multiplier = 10.0, initial step = 0.0625, restart threshold = 0.05, step decay = 0.98], admit using frequency sketch [width multiplier = 4, reset multiplier = 10.0, depth = 4, counter bits = 4], main (least recently used entities (segmented with [2] levels with proportions of [0.20, 0.80]))
08:08:35.013 INFO  a.c.s.ClusterSingletonManager - Singleton manager starting singleton actor [akka://akka-runtime/system/sharding/passivation-race-entityCoordinator/singleton]
08:08:35.013 INFO  a.c.s.ClusterSingletonManager - ClusterSingletonManager state change [Start -> Oldest]
08:08:35.014 DEBUG a.c.sharding.DDataShardCoordinator - passivation-race-entity: Initial coordinator is empty.
08:08:35.014 INFO  a.c.sharding.DDataShardCoordinator - passivation-race-entity: ShardCoordinator was moved to the active state with [0] shards
08:08:35.015 DEBUG a.c.singleton.ClusterSingletonProxy - Forwarding message of type [SchemaSingleton$ExecDdl] to current singleton instance at [akka://akka-runtime/system/singletonManagerschemaSingleton/schemaSingleton]
08:08:35.016 INFO  akka.runtime.DiscoveryManager - Service components: EventSourcedEntity: [1], Consumer: [2], View: [1]
08:08:35.017 INFO  a.c.s.typed.scaladsl.ClusterSharding - Starting Shard Region [_timer]...
08:08:35.018 INFO  a.c.s.typed.scaladsl.ClusterSharding - Starting Shard Region [sharded-daemon-process-eventSourcedProjection-passivation-race-entity-passivation-race-consumer-a]...
08:08:35.018 INFO  akka.cluster.sharding.ShardRegion - sharded-daemon-process-eventSourcedProjection-passivation-race-entity-passivation-race-consumer-a: Automatic entity passivation: disabled
08:08:35.018 INFO  a.c.s.ClusterSingletonManager - Singleton manager starting singleton actor [akka://akka-runtime/system/sharding/_timerCoordinator/singleton]
08:08:35.018 INFO  a.c.s.typed.scaladsl.ClusterSharding - Starting Shard Region [sharded-daemon-process-eventSourcedProjection-passivation-race-entity-passivation-race-consumer-b]...
08:08:35.018 INFO  a.c.s.ClusterSingletonManager - ClusterSingletonManager state change [Start -> Oldest]
08:08:35.018 DEBUG a.c.sharding.DDataShardCoordinator - _timer: Starting remember entities store from provider akka.cluster.sharding.internal.DDataRememberEntitiesProvider@455eeac1
08:08:35.019 INFO  akka.cluster.sharding.ShardRegion - sharded-daemon-process-eventSourcedProjection-passivation-race-entity-passivation-race-consumer-b: Automatic entity passivation: disabled
08:08:35.019 DEBUG a.c.sharding.DDataShardCoordinator - _timer: Initial coordinator is empty.
08:08:35.019 INFO  a.c.s.typed.scaladsl.ClusterSharding - Starting Shard Region [sharded-daemon-process-eventSourcedProjection-passivation-race-entity-passivation-race-view]...
08:08:35.019 INFO  a.c.sharding.DDataShardCoordinator - _timer: ShardCoordinator was moved to the active state with [0] shards
08:08:35.019 DEBUG a.c.sharding.DDataShardCoordinator - _timer: Received [0] remembered shard ids (after state initialized)
08:08:35.019 DEBUG a.c.singleton.ClusterSingletonProxy - Creating singleton identification timer...
08:08:35.019 INFO  akka.cluster.sharding.ShardRegion - sharded-daemon-process-eventSourcedProjection-passivation-race-entity-passivation-race-view: Automatic entity passivation: disabled
08:08:35.019 DEBUG a.c.singleton.ClusterSingletonProxy - Trying to identify singleton at [akka://akka-runtime@127.0.0.1:63305/system/singletonManagerShardedDaemonProcessCoordinator-eventSourcedProjection-passivation-race-entity-passivation-race-consumer-a/ShardedDaemonProcessCoordinator-eventSourcedProjection-passivation-race-entity-passivation-race-consumer-a]
08:08:35.020 DEBUG a.c.singleton.ClusterSingletonProxy - Creating singleton identification timer...
08:08:35.020 DEBUG a.c.singleton.ClusterSingletonProxy - Trying to identify singleton at [akka://akka-runtime@127.0.0.1:63305/system/singletonManagerShardedDaemonProcessCoordinator-eventSourcedProjection-passivation-race-entity-passivation-race-consumer-b/ShardedDaemonProcessCoordinator-eventSourcedProjection-passivation-race-entity-passivation-race-consumer-b]
08:08:35.020 INFO  a.c.s.ClusterSingletonManager - Singleton manager starting singleton actor [akka://akka-runtime/system/sharding/sharded-daemon-process-eventSourcedProjection-passivation-race-entity-passivation-race-consumer-aCoordinator/singleton]
08:08:35.020 INFO  a.c.s.ClusterSingletonManager - ClusterSingletonManager state change [Start -> Oldest]
08:08:35.020 INFO  a.c.s.ClusterSingletonManager - Singleton manager starting singleton actor [akka://akka-runtime/system/singletonManagerShardedDaemonProcessCoordinator-eventSourcedProjection-passivation-race-entity-passivation-race-consumer-a/ShardedDaemonProcessCoordinator-eventSourcedProjection-passivation-race-entity-passivation-race-consumer-a]
08:08:35.020 DEBUG a.c.singleton.ClusterSingletonProxy - Creating singleton identification timer...
08:08:35.020 DEBUG a.c.singleton.ClusterSingletonProxy - Trying to identify singleton at [akka://akka-runtime@127.0.0.1:63305/system/singletonManagerShardedDaemonProcessCoordinator-eventSourcedProjection-passivation-race-entity-passivation-race-view/ShardedDaemonProcessCoordinator-eventSourcedProjection-passivation-race-entity-passivation-race-view]
08:08:35.020 INFO  a.c.s.ClusterSingletonManager - ClusterSingletonManager state change [Start -> Oldest]
08:08:35.020 INFO  akka.runtime.DiscoveryManager - Akka Runtime started at 127.0.0.1:63303
08:08:35.020 DEBUG a.c.sharding.DDataShardCoordinator - sharded-daemon-process-eventSourcedProjection-passivation-race-entity-passivation-race-consumer-a: Initial coordinator is empty.
08:08:35.021 INFO  a.c.sharding.DDataShardCoordinator - sharded-daemon-process-eventSourcedProjection-passivation-race-entity-passivation-race-consumer-a: ShardCoordinator was moved to the active state with [0] shards
08:08:35.021 DEBUG a.c.s.t.i.ShardedDaemonProcessCoordinator$ - ShardedDaemonProcessCoordinator for [eventSourcedProjection-passivation-race-entity-passivation-race-consumer-a] starting
08:08:35.021 INFO  repro.Bootstrap - onStartup burst of 8 starting
08:08:35.021 INFO  a.c.s.ClusterSingletonManager - Singleton manager starting singleton actor [akka://akka-runtime/system/singletonManagerShardedDaemonProcessCoordinator-eventSourcedProjection-passivation-race-entity-passivation-race-consumer-b/ShardedDaemonProcessCoordinator-eventSourcedProjection-passivation-race-entity-passivation-race-consumer-b]
08:08:35.021 INFO  a.c.s.ClusterSingletonManager - ClusterSingletonManager state change [Start -> Oldest]
08:08:35.021 DEBUG a.c.s.t.i.ShardedDaemonProcessCoordinator$ - eventSourcedProjection-passivation-race-entity-passivation-race-consumer-a: No previous state stored for Sharded Daemon Process
08:08:35.021 DEBUG a.c.s.t.i.ShardedDaemonProcessCoordinator$ - ShardedDaemonProcessCoordinator for [eventSourcedProjection-passivation-race-entity-passivation-race-consumer-b] starting
08:08:35.021 DEBUG a.c.s.t.i.ShardedDaemonProcessCoordinator$ - Sending periodic keep alive for Sharded Daemon Process [eventSourcedProjection-passivation-race-entity-passivation-race-consumer-a] to [1] processes (revision [0]).
08:08:35.021 INFO  a.c.s.ClusterSingletonManager - Singleton manager starting singleton actor [akka://akka-runtime/system/sharding/sharded-daemon-process-eventSourcedProjection-passivation-race-entity-passivation-race-consumer-bCoordinator/singleton]
08:08:35.021 INFO  a.c.s.ClusterSingletonManager - ClusterSingletonManager state change [Start -> Oldest]
08:08:35.021 DEBUG a.c.s.t.i.ShardedDaemonProcessCoordinator$ - eventSourcedProjection-passivation-race-entity-passivation-race-consumer-b: No previous state stored for Sharded Daemon Process
08:08:35.021 DEBUG a.c.sharding.DDataShardCoordinator - sharded-daemon-process-eventSourcedProjection-passivation-race-entity-passivation-race-consumer-b: Initial coordinator is empty.
08:08:35.021 INFO  a.c.sharding.DDataShardCoordinator - sharded-daemon-process-eventSourcedProjection-passivation-race-entity-passivation-race-consumer-b: ShardCoordinator was moved to the active state with [0] shards
08:08:35.021 INFO  a.c.s.ClusterSingletonManager - Singleton manager starting singleton actor [akka://akka-runtime/system/sharding/sharded-daemon-process-eventSourcedProjection-passivation-race-entity-passivation-race-viewCoordinator/singleton]
08:08:35.021 DEBUG a.c.s.t.i.ShardedDaemonProcessCoordinator$ - Sending periodic keep alive for Sharded Daemon Process [eventSourcedProjection-passivation-race-entity-passivation-race-consumer-b] to [1] processes (revision [0]).
08:08:35.022 INFO  a.c.s.ClusterSingletonManager - ClusterSingletonManager state change [Start -> Oldest]
08:08:35.022 DEBUG a.c.sharding.DDataShardCoordinator - sharded-daemon-process-eventSourcedProjection-passivation-race-entity-passivation-race-view: Initial coordinator is empty.
08:08:35.022 INFO  a.c.sharding.DDataShardCoordinator - sharded-daemon-process-eventSourcedProjection-passivation-race-entity-passivation-race-view: ShardCoordinator was moved to the active state with [0] shards
08:08:35.022 INFO  a.c.s.ClusterSingletonManager - Singleton manager starting singleton actor [akka://akka-runtime/system/singletonManagerShardedDaemonProcessCoordinator-eventSourcedProjection-passivation-race-entity-passivation-race-view/ShardedDaemonProcessCoordinator-eventSourcedProjection-passivation-race-entity-passivation-race-view]
08:08:35.022 INFO  a.c.s.ClusterSingletonManager - ClusterSingletonManager state change [Start -> Oldest]
08:08:35.022 DEBUG a.c.s.t.i.ShardedDaemonProcessCoordinator$ - ShardedDaemonProcessCoordinator for [eventSourcedProjection-passivation-race-entity-passivation-race-view] starting
08:08:35.022 DEBUG a.c.s.t.i.ShardedDaemonProcessCoordinator$ - eventSourcedProjection-passivation-race-entity-passivation-race-view: No previous state stored for Sharded Daemon Process
08:08:35.022 DEBUG a.c.s.t.i.ShardedDaemonProcessCoordinator$ - Sending periodic keep alive for Sharded Daemon Process [eventSourcedProjection-passivation-race-entity-passivation-race-view] to [1] processes (revision [0]).
08:08:35.063 INFO  akka.javasdk.testkit.TestKit - Runtime started
08:08:35.063 INFO  akka.actor.CoordinatedShutdown - Running CoordinatedShutdown with reason [ActorSystemTerminateReason]
08:08:35.063 DEBUG akka.actor.CoordinatedShutdown - Performing phase [before-service-unbind] with [0] tasks
08:08:35.063 DEBUG akka.actor.CoordinatedShutdown - Performing phase [service-unbind] with [1] tasks.
08:08:35.063 DEBUG akka.actor.CoordinatedShutdown - Performing task [http-unbind-/127.0.0.1:63303] in CoordinatedShutdown phase [service-unbind]
08:08:35.063 DEBUG akka.actor.CoordinatedShutdown - Performing phase [service-requests-done] with [1] tasks.
08:08:35.063 DEBUG akka.actor.CoordinatedShutdown - Performing task [http-terminate-/127.0.0.1:63303] in CoordinatedShutdown phase [service-requests-done]
08:08:35.063 DEBUG akka.actor.CoordinatedShutdown - Performing phase [service-stop] with [1] tasks.
08:08:35.063 DEBUG akka.actor.CoordinatedShutdown - Performing task [stop-grpc-clients] in CoordinatedShutdown phase [service-stop]
08:08:35.063 DEBUG akka.actor.CoordinatedShutdown - Performing phase [before-cluster-shutdown] with [0] tasks
08:08:35.063 DEBUG akka.actor.CoordinatedShutdown - Performing phase [cluster-sharding-shutdown-region] with [5] tasks.
08:08:35.063 DEBUG akka.actor.CoordinatedShutdown - Performing task [region-shutdown] in CoordinatedShutdown phase [cluster-sharding-shutdown-region]
08:08:35.063 DEBUG akka.actor.CoordinatedShutdown - Performing task [region-shutdown] in CoordinatedShutdown phase [cluster-sharding-shutdown-region]
08:08:35.063 DEBUG akka.actor.CoordinatedShutdown - Performing task [region-shutdown] in CoordinatedShutdown phase [cluster-sharding-shutdown-region]
08:08:35.063 DEBUG akka.actor.CoordinatedShutdown - Performing task [region-shutdown] in CoordinatedShutdown phase [cluster-sharding-shutdown-region]
08:08:35.063 DEBUG akka.actor.CoordinatedShutdown - Performing task [region-shutdown] in CoordinatedShutdown phase [cluster-sharding-shutdown-region]
08:08:35.064 DEBUG a.c.sharding.DDataShardCoordinator - sharded-daemon-process-eventSourcedProjection-passivation-race-entity-passivation-race-view: Unknown region requested graceful shutdown [Actor[akka://akka-runtime/system/sharding/sharded-daemon-process-eventSourcedProjection-passivation-race-entity-passivation-race-view#-172412263]]
08:08:35.064 DEBUG a.c.sharding.DDataShardCoordinator - passivation-race-entity: Unknown region requested graceful shutdown [Actor[akka://akka-runtime/system/sharding/passivation-race-entity#697314265]]
08:08:35.064 DEBUG a.c.sharding.DDataShardCoordinator - sharded-daemon-process-eventSourcedProjection-passivation-race-entity-passivation-race-consumer-b: Unknown region requested graceful shutdown [Actor[akka://akka-runtime/system/sharding/sharded-daemon-process-eventSourcedProjection-passivation-race-entity-passivation-race-consumer-b#1560708089]]
08:08:35.064 DEBUG a.c.sharding.DDataShardCoordinator - _timer: Unknown region requested graceful shutdown [Actor[akka://akka-runtime/system/sharding/_timer#-955957585]]
08:08:35.064 DEBUG a.c.sharding.DDataShardCoordinator - sharded-daemon-process-eventSourcedProjection-passivation-race-entity-passivation-race-consumer-a: Unknown region requested graceful shutdown [Actor[akka://akka-runtime/system/sharding/sharded-daemon-process-eventSourcedProjection-passivation-race-entity-passivation-race-consumer-a#-107344176]]
08:08:35.079 DEBUG a.c.singleton.ClusterSingletonProxy - Trying to identify singleton at [akka://akka-runtime@127.0.0.1:63305/system/singletonManagerShardedDaemonProcessCoordinator-eventSourcedProjection-passivation-race-entity-passivation-race-consumer-a/ShardedDaemonProcessCoordinator-eventSourcedProjection-passivation-race-entity-passivation-race-consumer-a]
08:08:35.079 INFO  a.c.singleton.ClusterSingletonProxy - Singleton identified at [akka://akka-runtime/system/singletonManagerShardedDaemonProcessCoordinator-eventSourcedProjection-passivation-race-entity-passivation-race-consumer-a/ShardedDaemonProcessCoordinator-eventSourcedProjection-passivation-race-entity-passivation-race-consumer-a]
08:08:35.079 DEBUG a.c.singleton.ClusterSingletonProxy - Sending buffered messages to current singleton instance
08:08:35.089 DEBUG a.c.singleton.ClusterSingletonProxy - Trying to identify singleton at [akka://akka-runtime@127.0.0.1:63305/system/singletonManagerShardedDaemonProcessCoordinator-eventSourcedProjection-passivation-race-entity-passivation-race-view/ShardedDaemonProcessCoordinator-eventSourcedProjection-passivation-race-entity-passivation-race-view]
08:08:35.089 DEBUG a.c.singleton.ClusterSingletonProxy - Trying to identify singleton at [akka://akka-runtime@127.0.0.1:63305/system/singletonManagerShardedDaemonProcessCoordinator-eventSourcedProjection-passivation-race-entity-passivation-race-consumer-b/ShardedDaemonProcessCoordinator-eventSourcedProjection-passivation-race-entity-passivation-race-consumer-b]
08:08:35.089 INFO  a.c.singleton.ClusterSingletonProxy - Singleton identified at [akka://akka-runtime/system/singletonManagerShardedDaemonProcessCoordinator-eventSourcedProjection-passivation-race-entity-passivation-race-view/ShardedDaemonProcessCoordinator-eventSourcedProjection-passivation-race-entity-passivation-race-view]
08:08:35.089 DEBUG a.c.singleton.ClusterSingletonProxy - Sending buffered messages to current singleton instance
08:08:35.089 INFO  a.c.singleton.ClusterSingletonProxy - Singleton identified at [akka://akka-runtime/system/singletonManagerShardedDaemonProcessCoordinator-eventSourcedProjection-passivation-race-entity-passivation-race-consumer-b/ShardedDaemonProcessCoordinator-eventSourcedProjection-passivation-race-entity-passivation-race-consumer-b]
08:08:35.089 DEBUG a.c.singleton.ClusterSingletonProxy - Sending buffered messages to current singleton instance
08:08:35.280 DEBUG a.c.sharding.DDataShardCoordinator - passivation-race-entity: ShardRegion registered: [Actor[akka://akka-runtime/system/sharding/passivation-race-entity#697314265]]
08:08:35.280 DEBUG a.c.sharding.DDataShardCoordinator - sharded-daemon-process-eventSourcedProjection-passivation-race-entity-passivation-race-consumer-a: ShardRegion registered: [Actor[akka://akka-runtime/system/sharding/sharded-daemon-process-eventSourcedProjection-passivation-race-entity-passivation-race-consumer-a#-107344176]]
08:08:35.280 DEBUG a.c.sharding.DDataShardCoordinator - passivation-race-entity: The coordinator state was successfully updated with ShardRegionRegistered(Actor[akka://akka-runtime/system/sharding/passivation-race-entity#697314265])
08:08:35.281 DEBUG a.c.sharding.DDataShardCoordinator - sharded-daemon-process-eventSourcedProjection-passivation-race-entity-passivation-race-consumer-a: The coordinator state was successfully updated with ShardRegionRegistered(Actor[akka://akka-runtime/system/sharding/sharded-daemon-process-eventSourcedProjection-passivation-race-entity-passivation-race-consumer-a#-107344176])
08:08:35.281 DEBUG a.c.sharding.DDataShardCoordinator - sharded-daemon-process-eventSourcedProjection-passivation-race-entity-passivation-race-consumer-a: The coordinator state was successfully updated with ShardHomeAllocated(0,Actor[akka://akka-runtime/system/sharding/sharded-daemon-process-eventSourcedProjection-passivation-race-entity-passivation-race-consumer-a#-107344176])
08:08:35.281 DEBUG a.c.sharding.DDataShardCoordinator - passivation-race-entity: The coordinator state was successfully updated with ShardHomeAllocated(273,Actor[akka://akka-runtime/system/sharding/passivation-race-entity#697314265])
08:08:35.281 DEBUG a.c.sharding.DDataShardCoordinator - sharded-daemon-process-eventSourcedProjection-passivation-race-entity-passivation-race-consumer-a: Shard [0] allocated at [Actor[akka://akka-runtime/system/sharding/sharded-daemon-process-eventSourcedProjection-passivation-race-entity-passivation-race-consumer-a#-107344176]]
08:08:35.281 DEBUG a.c.sharding.DDataShardCoordinator - passivation-race-entity: Shard [273] allocated at [Actor[akka://akka-runtime/system/sharding/passivation-race-entity#697314265]]
08:08:35.281 DEBUG a.c.sharding.DDataShardCoordinator - passivation-race-entity: Graceful shutdown of region [Actor[akka://akka-runtime/system/sharding/passivation-race-entity#697314265]] with [1] shards
08:08:35.281 DEBUG a.c.sharding.DDataShardCoordinator - sharded-daemon-process-eventSourcedProjection-passivation-race-entity-passivation-race-consumer-a: Graceful shutdown of region [Actor[akka://akka-runtime/system/sharding/sharded-daemon-process-eventSourcedProjection-passivation-race-entity-passivation-race-consumer-a#-107344176]] with [1] shards
08:08:35.281 INFO  a.c.sharding.DDataShardCoordinator - sharded-daemon-process-eventSourcedProjection-passivation-race-entity-passivation-race-consumer-a: Starting shutting down shards [0] due to region shutting down or explicit stopping of shards.
08:08:35.281 INFO  a.c.sharding.DDataShardCoordinator - passivation-race-entity: Starting shutting down shards [273] due to region shutting down or explicit stopping of shards.
08:08:35.282 DEBUG a.c.s.ShardCoordinator$RebalanceWorker - sharded-daemon-process-eventSourcedProjection-passivation-race-entity-passivation-race-consumer-a: Shutting down shard [0] from region [Actor[akka://akka-runtime/system/sharding/sharded-daemon-process-eventSourcedProjection-passivation-race-entity-passivation-race-consumer-a#-107344176]]. Asking [1] region(s) to hand-off shard
08:08:35.282 DEBUG akka.cluster.sharding.Shard - sharded-daemon-process-eventSourcedProjection-passivation-race-entity-passivation-race-consumer-a: Shard initialized
08:08:35.282 DEBUG a.c.s.ShardCoordinator$RebalanceWorker - passivation-race-entity: Shutting down shard [273] from region [Actor[akka://akka-runtime/system/sharding/passivation-race-entity#697314265]]. Asking [1] region(s) to hand-off shard
08:08:35.282 DEBUG a.c.s.ShardCoordinator$RebalanceWorker - passivation-race-entity: BeginHandOffAck for shard [273] received from [Actor[akka://akka-runtime/system/sharding/passivation-race-entity#697314265]].
08:08:35.282 DEBUG a.c.s.ShardCoordinator$RebalanceWorker - passivation-race-entity: All shard regions acked, handing off shard [273].
08:08:35.282 DEBUG akka.cluster.sharding.Shard - sharded-daemon-process-eventSourcedProjection-passivation-race-entity-passivation-race-consumer-a: Request to start entity [0] and ack to [Some(Actor[akka://akka-runtime/deadLetters])]
08:08:35.282 DEBUG a.c.s.ShardCoordinator$RebalanceWorker - sharded-daemon-process-eventSourcedProjection-passivation-race-entity-passivation-race-consumer-a: BeginHandOffAck for shard [0] received from [Actor[akka://akka-runtime/system/sharding/sharded-daemon-process-eventSourcedProjection-passivation-race-entity-passivation-race-consumer-a#-107344176]].
08:08:35.282 DEBUG a.c.s.ShardCoordinator$RebalanceWorker - sharded-daemon-process-eventSourcedProjection-passivation-race-entity-passivation-race-consumer-a: All shard regions acked, handing off shard [0].
08:08:35.282 DEBUG akka.cluster.sharding.Shard - passivation-race-entity: Shard initialized
08:08:35.282 DEBUG akka.cluster.sharding.Shard - sharded-daemon-process-eventSourcedProjection-passivation-race-entity-passivation-race-consumer-a: Started entity [Actor[akka://akka-runtime/system/sharding/sharded-daemon-process-eventSourcedProjection-passivation-race-entity-passivation-race-consumer-a/0/0#-1585897429]] with entity id [0] in shard [0]
08:08:35.282 WARN  akka.cluster.sharding.ShardRegion - passivation-race-entity: Dropping [1] buffered messages to shard [273] during hand off to avoid re-ordering
08:08:35.282 DEBUG akka.cluster.sharding.Shard - sharded-daemon-process-eventSourcedProjection-passivation-race-entity-passivation-race-consumer-a: HandOff shard [0]
08:08:35.282 DEBUG akka.cluster.sharding.Shard - sharded-daemon-process-eventSourcedProjection-passivation-race-entity-passivation-race-consumer-a: Starting HandOffStopper for shard [0] to terminate [1] entities.
08:08:35.282 DEBUG akka.cluster.sharding.Shard - passivation-race-entity: HandOff shard [273]
08:08:35.282 DEBUG akka.cluster.sharding.Shard - passivation-race-entity: Shard [273] shutting down
08:08:35.282 DEBUG a.c.sharding.DDataShardCoordinator - passivation-race-entity: Shard [273] deallocation completed successfully.
08:08:35.282 DEBUG a.c.s.t.i.ShardedDaemonProcessState$ - eventSourcedProjection-passivation-race-entity-passivation-race-consumer-a: Deferred start of worker to verify its revision [0] is the latest
08:08:35.282 INFO  a.c.s.t.i.ShardedDaemonProcessState$ - eventSourcedProjection-passivation-race-entity-passivation-race-consumer-a: Starting Sharded Daemon Process [0] out of a total [1] (revision [0] and no state found)
08:08:35.282 DEBUG a.c.sharding.DDataShardCoordinator - passivation-race-entity: The coordinator state was successfully updated with ShardHomeDeallocated(273)
08:08:35.282 DEBUG a.c.sharding.DDataShardCoordinator - passivation-race-entity: Shard [273] deallocated after
08:08:35.282 DEBUG a.c.sharding.DDataShardCoordinator - passivation-race-entity: ShardRegion stopped: [Actor[akka://akka-runtime/system/sharding/passivation-race-entity#697314265]]
08:08:35.282 DEBUG a.c.sharding.DDataShardCoordinator - passivation-race-entity: ShardRegion terminated (gracefully): [Actor[akka://akka-runtime/system/sharding/passivation-race-entity#697314265]] {}
08:08:35.282 DEBUG a.c.sharding.DDataShardCoordinator - passivation-race-entity: GetShardHome [273] request from [Actor[akka://local/ignore]] stashed, because waiting for initial state or update of state. It will be handled afterwards.
08:08:35.282 DEBUG a.c.sharding.DDataShardCoordinator - passivation-race-entity: The coordinator state was successfully updated with ShardRegionTerminated(Actor[akka://akka-runtime/system/sharding/passivation-race-entity#697314265])
08:08:35.290 DEBUG a.c.sharding.DDataShardCoordinator - sharded-daemon-process-eventSourcedProjection-passivation-race-entity-passivation-race-view: ShardRegion registered: [Actor[akka://akka-runtime/system/sharding/sharded-daemon-process-eventSourcedProjection-passivation-race-entity-passivation-race-view#-172412263]]
08:08:35.290 DEBUG a.c.sharding.DDataShardCoordinator - sharded-daemon-process-eventSourcedProjection-passivation-race-entity-passivation-race-consumer-b: ShardRegion registered: [Actor[akka://akka-runtime/system/sharding/sharded-daemon-process-eventSourcedProjection-passivation-race-entity-passivation-race-consumer-b#1560708089]]
08:08:35.290 DEBUG a.c.sharding.DDataShardCoordinator - sharded-daemon-process-eventSourcedProjection-passivation-race-entity-passivation-race-view: The coordinator state was successfully updated with ShardRegionRegistered(Actor[akka://akka-runtime/system/sharding/sharded-daemon-process-eventSourcedProjection-passivation-race-entity-passivation-race-view#-172412263])
08:08:35.290 DEBUG a.c.sharding.DDataShardCoordinator - sharded-daemon-process-eventSourcedProjection-passivation-race-entity-passivation-race-consumer-b: The coordinator state was successfully updated with ShardRegionRegistered(Actor[akka://akka-runtime/system/sharding/sharded-daemon-process-eventSourcedProjection-passivation-race-entity-passivation-race-consumer-b#1560708089])
08:08:35.291 DEBUG a.c.sharding.DDataShardCoordinator - sharded-daemon-process-eventSourcedProjection-passivation-race-entity-passivation-race-consumer-b: The coordinator state was successfully updated with ShardHomeAllocated(0,Actor[akka://akka-runtime/system/sharding/sharded-daemon-process-eventSourcedProjection-passivation-race-entity-passivation-race-consumer-b#1560708089])
08:08:35.291 DEBUG a.c.sharding.DDataShardCoordinator - sharded-daemon-process-eventSourcedProjection-passivation-race-entity-passivation-race-consumer-b: Shard [0] allocated at [Actor[akka://akka-runtime/system/sharding/sharded-daemon-process-eventSourcedProjection-passivation-race-entity-passivation-race-consumer-b#1560708089]]
08:08:35.291 DEBUG a.c.sharding.DDataShardCoordinator - sharded-daemon-process-eventSourcedProjection-passivation-race-entity-passivation-race-view: The coordinator state was successfully updated with ShardHomeAllocated(0,Actor[akka://akka-runtime/system/sharding/sharded-daemon-process-eventSourcedProjection-passivation-race-entity-passivation-race-view#-172412263])
08:08:35.291 DEBUG a.c.sharding.DDataShardCoordinator - sharded-daemon-process-eventSourcedProjection-passivation-race-entity-passivation-race-view: Shard [0] allocated at [Actor[akka://akka-runtime/system/sharding/sharded-daemon-process-eventSourcedProjection-passivation-race-entity-passivation-race-view#-172412263]]
08:08:35.291 DEBUG a.c.sharding.DDataShardCoordinator - sharded-daemon-process-eventSourcedProjection-passivation-race-entity-passivation-race-consumer-b: Graceful shutdown of region [Actor[akka://akka-runtime/system/sharding/sharded-daemon-process-eventSourcedProjection-passivation-race-entity-passivation-race-consumer-b#1560708089]] with [1] shards
08:08:35.291 INFO  a.c.sharding.DDataShardCoordinator - sharded-daemon-process-eventSourcedProjection-passivation-race-entity-passivation-race-consumer-b: Starting shutting down shards [0] due to region shutting down or explicit stopping of shards.
08:08:35.291 DEBUG a.c.sharding.DDataShardCoordinator - sharded-daemon-process-eventSourcedProjection-passivation-race-entity-passivation-race-view: Graceful shutdown of region [Actor[akka://akka-runtime/system/sharding/sharded-daemon-process-eventSourcedProjection-passivation-race-entity-passivation-race-view#-172412263]] with [1] shards
08:08:35.291 INFO  a.c.sharding.DDataShardCoordinator - sharded-daemon-process-eventSourcedProjection-passivation-race-entity-passivation-race-view: Starting shutting down shards [0] due to region shutting down or explicit stopping of shards.
08:08:35.291 DEBUG akka.cluster.sharding.Shard - sharded-daemon-process-eventSourcedProjection-passivation-race-entity-passivation-race-consumer-b: Shard initialized
08:08:35.291 DEBUG akka.cluster.sharding.Shard - sharded-daemon-process-eventSourcedProjection-passivation-race-entity-passivation-race-view: Shard initialized
08:08:35.291 DEBUG a.c.s.ShardCoordinator$RebalanceWorker - sharded-daemon-process-eventSourcedProjection-passivation-race-entity-passivation-race-consumer-b: Shutting down shard [0] from region [Actor[akka://akka-runtime/system/sharding/sharded-daemon-process-eventSourcedProjection-passivation-race-entity-passivation-race-consumer-b#1560708089]]. Asking [1] region(s) to hand-off shard
08:08:35.291 DEBUG a.c.s.ShardCoordinator$RebalanceWorker - sharded-daemon-process-eventSourcedProjection-passivation-race-entity-passivation-race-view: Shutting down shard [0] from region [Actor[akka://akka-runtime/system/sharding/sharded-daemon-process-eventSourcedProjection-passivation-race-entity-passivation-race-view#-172412263]]. Asking [1] region(s) to hand-off shard
08:08:35.291 DEBUG a.c.s.ShardCoordinator$RebalanceWorker - sharded-daemon-process-eventSourcedProjection-passivation-race-entity-passivation-race-consumer-b: BeginHandOffAck for shard [0] received from [Actor[akka://akka-runtime/system/sharding/sharded-daemon-process-eventSourcedProjection-passivation-race-entity-passivation-race-consumer-b#1560708089]].
08:08:35.291 DEBUG a.c.s.ShardCoordinator$RebalanceWorker - sharded-daemon-process-eventSourcedProjection-passivation-race-entity-passivation-race-consumer-b: All shard regions acked, handing off shard [0].
08:08:35.291 DEBUG a.c.s.ShardCoordinator$RebalanceWorker - sharded-daemon-process-eventSourcedProjection-passivation-race-entity-passivation-race-view: BeginHandOffAck for shard [0] received from [Actor[akka://akka-runtime/system/sharding/sharded-daemon-process-eventSourcedProjection-passivation-race-entity-passivation-race-view#-172412263]].
08:08:35.291 DEBUG a.c.s.ShardCoordinator$RebalanceWorker - sharded-daemon-process-eventSourcedProjection-passivation-race-entity-passivation-race-view: All shard regions acked, handing off shard [0].
08:08:35.291 DEBUG akka.cluster.sharding.Shard - sharded-daemon-process-eventSourcedProjection-passivation-race-entity-passivation-race-view: Request to start entity [0] and ack to [Some(Actor[akka://akka-runtime/deadLetters])]
08:08:35.292 DEBUG akka.cluster.sharding.Shard - sharded-daemon-process-eventSourcedProjection-passivation-race-entity-passivation-race-view: Started entity [Actor[akka://akka-runtime/system/sharding/sharded-daemon-process-eventSourcedProjection-passivation-race-entity-passivation-race-view/0/0#-1096649730]] with entity id [0] in shard [0]
08:08:35.292 DEBUG akka.cluster.sharding.Shard - sharded-daemon-process-eventSourcedProjection-passivation-race-entity-passivation-race-view: HandOff shard [0]
08:08:35.292 DEBUG akka.cluster.sharding.Shard - sharded-daemon-process-eventSourcedProjection-passivation-race-entity-passivation-race-consumer-b: Request to start entity [0] and ack to [Some(Actor[akka://akka-runtime/deadLetters])]
08:08:35.292 DEBUG akka.cluster.sharding.Shard - sharded-daemon-process-eventSourcedProjection-passivation-race-entity-passivation-race-view: Starting HandOffStopper for shard [0] to terminate [1] entities.
08:08:35.292 DEBUG akka.cluster.sharding.Shard - sharded-daemon-process-eventSourcedProjection-passivation-race-entity-passivation-race-consumer-b: Started entity [Actor[akka://akka-runtime/system/sharding/sharded-daemon-process-eventSourcedProjection-passivation-race-entity-passivation-race-consumer-b/0/0#470136584]] with entity id [0] in shard [0]
08:08:35.292 DEBUG akka.cluster.sharding.Shard - sharded-daemon-process-eventSourcedProjection-passivation-race-entity-passivation-race-consumer-b: HandOff shard [0]
08:08:35.292 DEBUG akka.cluster.sharding.Shard - sharded-daemon-process-eventSourcedProjection-passivation-race-entity-passivation-race-consumer-b: Starting HandOffStopper for shard [0] to terminate [1] entities.
08:08:35.292 DEBUG a.c.s.t.i.ShardedDaemonProcessState$ - eventSourcedProjection-passivation-race-entity-passivation-race-view: Deferred start of worker to verify its revision [0] is the latest
08:08:35.292 INFO  a.c.s.t.i.ShardedDaemonProcessState$ - eventSourcedProjection-passivation-race-entity-passivation-race-view: Starting Sharded Daemon Process [0] out of a total [1] (revision [0] and no state found)
08:08:35.292 DEBUG a.c.s.t.i.ShardedDaemonProcessState$ - eventSourcedProjection-passivation-race-entity-passivation-race-consumer-b: Deferred start of worker to verify its revision [0] is the latest
08:08:35.293 INFO  a.c.s.t.i.ShardedDaemonProcessState$ - eventSourcedProjection-passivation-race-entity-passivation-race-consumer-b: Starting Sharded Daemon Process [0] out of a total [1] (revision [0] and no state found)
08:08:36.049 WARN  a.c.s.ShardRegion$HandOffStopper - sharded-daemon-process-eventSourcedProjection-passivation-race-entity-passivation-race-consumer-a: [1] of the entities in shard [0] not stopped after [750 milliseconds]. Maybe the handOffStopMessage [akka.projection.ProjectionBehavior$Stop$] is not handled? Waiting additional [250 milliseconds] before stopping the remaining entities.
08:08:36.059 WARN  a.c.s.ShardRegion$HandOffStopper - sharded-daemon-process-eventSourcedProjection-passivation-race-entity-passivation-race-consumer-b: [1] of the entities in shard [0] not stopped after [750 milliseconds]. Maybe the handOffStopMessage [akka.projection.ProjectionBehavior$Stop$] is not handled? Waiting additional [250 milliseconds] before stopping the remaining entities.
08:08:36.059 WARN  a.c.s.ShardRegion$HandOffStopper - sharded-daemon-process-eventSourcedProjection-passivation-race-entity-passivation-race-view: [1] of the entities in shard [0] not stopped after [750 milliseconds]. Maybe the handOffStopMessage [akka.projection.ProjectionBehavior$Stop$] is not handled? Waiting additional [250 milliseconds] before stopping the remaining entities.
08:08:36.299 WARN  a.c.s.ShardRegion$HandOffStopper - sharded-daemon-process-eventSourcedProjection-passivation-race-entity-passivation-race-consumer-a: HandOffStopMessage [akka.projection.ProjectionBehavior$Stop$] is not handled by some of the entities in shard [0] after [1 second], stopping the remaining [1] entities.
08:08:36.300 DEBUG akka.cluster.sharding.Shard - sharded-daemon-process-eventSourcedProjection-passivation-race-entity-passivation-race-consumer-a: Shard [0] shutting down
08:08:36.300 DEBUG a.c.sharding.DDataShardCoordinator - sharded-daemon-process-eventSourcedProjection-passivation-race-entity-passivation-race-consumer-a: Shard [0] deallocation completed successfully.
08:08:36.300 DEBUG a.c.sharding.DDataShardCoordinator - sharded-daemon-process-eventSourcedProjection-passivation-race-entity-passivation-race-consumer-a: The coordinator state was successfully updated with ShardHomeDeallocated(0)
08:08:36.300 DEBUG a.c.sharding.DDataShardCoordinator - sharded-daemon-process-eventSourcedProjection-passivation-race-entity-passivation-race-consumer-a: Shard [0] deallocated after
08:08:36.300 DEBUG a.c.sharding.DDataShardCoordinator - sharded-daemon-process-eventSourcedProjection-passivation-race-entity-passivation-race-consumer-a: ShardRegion terminated (gracefully): [Actor[akka://akka-runtime/system/sharding/sharded-daemon-process-eventSourcedProjection-passivation-race-entity-passivation-race-consumer-a#-107344176]] {}
08:08:36.300 DEBUG a.c.sharding.DDataShardCoordinator - sharded-daemon-process-eventSourcedProjection-passivation-race-entity-passivation-race-consumer-a: GetShardHome [0] request from [Actor[akka://local/ignore]] stashed, because waiting for initial state or update of state. It will be handled afterwards.
08:08:36.301 DEBUG a.c.sharding.DDataShardCoordinator - sharded-daemon-process-eventSourcedProjection-passivation-race-entity-passivation-race-consumer-a: The coordinator state was successfully updated with ShardRegionTerminated(Actor[akka://akka-runtime/system/sharding/sharded-daemon-process-eventSourcedProjection-passivation-race-entity-passivation-race-consumer-a#-107344176])
08:08:36.301 DEBUG a.c.sharding.DDataShardCoordinator - sharded-daemon-process-eventSourcedProjection-passivation-race-entity-passivation-race-consumer-a: ShardRegion stopped: [Actor[akka://akka-runtime/system/sharding/sharded-daemon-process-eventSourcedProjection-passivation-race-entity-passivation-race-consumer-a#-107344176]]
08:08:36.309 WARN  a.c.s.ShardRegion$HandOffStopper - sharded-daemon-process-eventSourcedProjection-passivation-race-entity-passivation-race-consumer-b: HandOffStopMessage [akka.projection.ProjectionBehavior$Stop$] is not handled by some of the entities in shard [0] after [1 second], stopping the remaining [1] entities.
08:08:36.309 WARN  a.c.s.ShardRegion$HandOffStopper - sharded-daemon-process-eventSourcedProjection-passivation-race-entity-passivation-race-view: HandOffStopMessage [akka.projection.ProjectionBehavior$Stop$] is not handled by some of the entities in shard [0] after [1 second], stopping the remaining [1] entities.
08:08:36.310 DEBUG a.c.sharding.DDataShardCoordinator - sharded-daemon-process-eventSourcedProjection-passivation-race-entity-passivation-race-consumer-b: Shard [0] deallocation completed successfully.
08:08:36.310 DEBUG akka.cluster.sharding.Shard - sharded-daemon-process-eventSourcedProjection-passivation-race-entity-passivation-race-consumer-b: Shard [0] shutting down
08:08:36.310 DEBUG a.c.sharding.DDataShardCoordinator - sharded-daemon-process-eventSourcedProjection-passivation-race-entity-passivation-race-view: Shard [0] deallocation completed successfully.
08:08:36.310 DEBUG akka.cluster.sharding.Shard - sharded-daemon-process-eventSourcedProjection-passivation-race-entity-passivation-race-view: Shard [0] shutting down
08:08:36.310 DEBUG a.c.sharding.DDataShardCoordinator - sharded-daemon-process-eventSourcedProjection-passivation-race-entity-passivation-race-consumer-b: The coordinator state was successfully updated with ShardHomeDeallocated(0)
08:08:36.310 DEBUG a.c.sharding.DDataShardCoordinator - sharded-daemon-process-eventSourcedProjection-passivation-race-entity-passivation-race-consumer-b: Shard [0] deallocated after
08:08:36.310 DEBUG a.c.sharding.DDataShardCoordinator - sharded-daemon-process-eventSourcedProjection-passivation-race-entity-passivation-race-consumer-b: ShardRegion terminated (gracefully): [Actor[akka://akka-runtime/system/sharding/sharded-daemon-process-eventSourcedProjection-passivation-race-entity-passivation-race-consumer-b#1560708089]] {}
08:08:36.310 DEBUG a.c.sharding.DDataShardCoordinator - sharded-daemon-process-eventSourcedProjection-passivation-race-entity-passivation-race-consumer-b: GetShardHome [0] request from [Actor[akka://local/ignore]] stashed, because waiting for initial state or update of state. It will be handled afterwards.
08:08:36.310 DEBUG akka.actor.CoordinatedShutdown - Performing phase [cluster-leave] with [1] tasks.
08:08:36.310 DEBUG a.c.sharding.DDataShardCoordinator - sharded-daemon-process-eventSourcedProjection-passivation-race-entity-passivation-race-view: The coordinator state was successfully updated with ShardHomeDeallocated(0)
08:08:36.310 DEBUG a.c.sharding.DDataShardCoordinator - sharded-daemon-process-eventSourcedProjection-passivation-race-entity-passivation-race-view: Shard [0] deallocated after
08:08:36.310 DEBUG akka.actor.CoordinatedShutdown - Performing task [leave] in CoordinatedShutdown phase [cluster-leave]
08:08:36.310 DEBUG a.c.sharding.DDataShardCoordinator - sharded-daemon-process-eventSourcedProjection-passivation-race-entity-passivation-race-view: ShardRegion terminated (gracefully): [Actor[akka://akka-runtime/system/sharding/sharded-daemon-process-eventSourcedProjection-passivation-race-entity-passivation-race-view#-172412263]] {}
08:08:36.310 DEBUG a.c.sharding.DDataShardCoordinator - sharded-daemon-process-eventSourcedProjection-passivation-race-entity-passivation-race-view: GetShardHome [0] request from [Actor[akka://local/ignore]] stashed, because waiting for initial state or update of state. It will be handled afterwards.
08:08:36.310 DEBUG a.c.sharding.DDataShardCoordinator - sharded-daemon-process-eventSourcedProjection-passivation-race-entity-passivation-race-consumer-b: The coordinator state was successfully updated with ShardRegionTerminated(Actor[akka://akka-runtime/system/sharding/sharded-daemon-process-eventSourcedProjection-passivation-race-entity-passivation-race-consumer-b#1560708089])
08:08:36.310 DEBUG a.c.sharding.DDataShardCoordinator - sharded-daemon-process-eventSourcedProjection-passivation-race-entity-passivation-race-view: The coordinator state was successfully updated with ShardRegionTerminated(Actor[akka://akka-runtime/system/sharding/sharded-daemon-process-eventSourcedProjection-passivation-race-entity-passivation-race-view#-172412263])
08:08:36.310 DEBUG a.c.sharding.DDataShardCoordinator - sharded-daemon-process-eventSourcedProjection-passivation-race-entity-passivation-race-consumer-b: ShardRegion stopped: [Actor[akka://akka-runtime/system/sharding/sharded-daemon-process-eventSourcedProjection-passivation-race-entity-passivation-race-consumer-b#1560708089]]
08:08:36.311 DEBUG a.c.sharding.DDataShardCoordinator - sharded-daemon-process-eventSourcedProjection-passivation-race-entity-passivation-race-view: ShardRegion stopped: [Actor[akka://akka-runtime/system/sharding/sharded-daemon-process-eventSourcedProjection-passivation-race-entity-passivation-race-view#-172412263]]
08:08:36.311 DEBUG a.c.singleton.ClusterSingletonProxy - Creating singleton identification timer...
08:08:36.311 DEBUG a.c.singleton.ClusterSingletonProxy - Creating singleton identification timer...
08:08:36.311 DEBUG a.c.singleton.ClusterSingletonProxy - Creating singleton identification timer...
08:08:36.311 DEBUG a.c.singleton.ClusterSingletonProxy - Creating singleton identification timer...
08:08:36.311 DEBUG akka.actor.CoordinatedShutdown - Performing phase [cluster-exiting] with [28] tasks.
08:08:36.311 DEBUG akka.actor.CoordinatedShutdown - Performing task [singleton-exiting-2] in CoordinatedShutdown phase [cluster-exiting]
08:08:36.311 DEBUG akka.actor.CoordinatedShutdown - Performing task [singleton-exiting-2] in CoordinatedShutdown phase [cluster-exiting]
08:08:36.312 DEBUG akka.actor.CoordinatedShutdown - Performing task [singleton-exiting-1] in CoordinatedShutdown phase [cluster-exiting]
08:08:36.312 DEBUG akka.actor.CoordinatedShutdown - Performing task [singleton-exiting-1] in CoordinatedShutdown phase [cluster-exiting]
08:08:36.312 DEBUG akka.actor.CoordinatedShutdown - Performing task [singleton-exiting-1] in CoordinatedShutdown phase [cluster-exiting]
08:08:36.312 DEBUG akka.actor.CoordinatedShutdown - Performing task [wait-singleton-exiting] in CoordinatedShutdown phase [cluster-exiting]
08:08:36.312 DEBUG akka.actor.CoordinatedShutdown - Performing task [singleton-exiting-1] in CoordinatedShutdown phase [cluster-exiting]
08:08:36.312 DEBUG akka.actor.CoordinatedShutdown - Performing task [singleton-exiting-1] in CoordinatedShutdown phase [cluster-exiting]
08:08:36.312 DEBUG akka.actor.CoordinatedShutdown - Performing task [singleton-exiting-2] in CoordinatedShutdown phase [cluster-exiting]
08:08:36.312 DEBUG akka.actor.CoordinatedShutdown - Performing task [wait-singleton-exiting] in CoordinatedShutdown phase [cluster-exiting]
08:08:36.312 INFO  a.c.s.ClusterSingletonManager - Exited [akka://akka-runtime@127.0.0.1:63305].
08:08:36.312 DEBUG akka.actor.CoordinatedShutdown - Performing task [singleton-exiting-1] in CoordinatedShutdown phase [cluster-exiting]
08:08:36.312 DEBUG akka.actor.CoordinatedShutdown - Performing task [wait-singleton-exiting] in CoordinatedShutdown phase [cluster-exiting]
08:08:36.312 DEBUG akka.actor.CoordinatedShutdown - Performing task [singleton-exiting-2] in CoordinatedShutdown phase [cluster-exiting]
08:08:36.312 DEBUG akka.actor.CoordinatedShutdown - Performing task [singleton-exiting-1] in CoordinatedShutdown phase [cluster-exiting]
08:08:36.312 DEBUG akka.actor.CoordinatedShutdown - Performing task [wait-singleton-exiting] in CoordinatedShutdown phase [cluster-exiting]
08:08:36.312 INFO  a.c.s.ClusterSingletonManager - Exited [akka://akka-runtime@127.0.0.1:63305].
08:08:36.312 DEBUG akka.actor.CoordinatedShutdown - Performing task [singleton-exiting-2] in CoordinatedShutdown phase [cluster-exiting]
08:08:36.312 DEBUG akka.actor.CoordinatedShutdown - Performing task [singleton-exiting-2] in CoordinatedShutdown phase [cluster-exiting]
08:08:36.312 DEBUG akka.actor.CoordinatedShutdown - Performing task [singleton-exiting-1] in CoordinatedShutdown phase [cluster-exiting]
08:08:36.312 DEBUG akka.actor.CoordinatedShutdown - Performing task [wait-singleton-exiting] in CoordinatedShutdown phase [cluster-exiting]
08:08:36.312 INFO  a.c.s.ClusterSingletonManager - Oldest observed OldestChanged: [akka://akka-runtime@127.0.0.1:63305 -> None]
08:08:36.312 DEBUG akka.actor.CoordinatedShutdown - Performing task [singleton-exiting-2] in CoordinatedShutdown phase [cluster-exiting]
08:08:36.312 DEBUG akka.actor.CoordinatedShutdown - Performing task [wait-singleton-exiting] in CoordinatedShutdown phase [cluster-exiting]
08:08:36.312 DEBUG akka.actor.CoordinatedShutdown - Performing task [wait-singleton-exiting] in CoordinatedShutdown phase [cluster-exiting]
08:08:36.312 DEBUG akka.actor.CoordinatedShutdown - Performing task [singleton-exiting-2] in CoordinatedShutdown phase [cluster-exiting]
08:08:36.312 INFO  a.c.s.ClusterSingletonManager - ClusterSingletonManager state change [Oldest -> WasOldest]
08:08:36.312 DEBUG akka.actor.CoordinatedShutdown - Performing task [wait-exiting] in CoordinatedShutdown phase [cluster-exiting]
08:08:36.312 DEBUG akka.actor.CoordinatedShutdown - Performing task [wait-singleton-exiting] in CoordinatedShutdown phase [cluster-exiting]
08:08:36.312 DEBUG akka.actor.CoordinatedShutdown - Performing task [wait-singleton-exiting] in CoordinatedShutdown phase [cluster-exiting]
08:08:36.312 DEBUG akka.actor.CoordinatedShutdown - Performing task [singleton-exiting-2] in CoordinatedShutdown phase [cluster-exiting]
08:08:36.312 INFO  a.c.s.ClusterSingletonManager - Exited [akka://akka-runtime@127.0.0.1:63305].
08:08:36.312 DEBUG akka.actor.CoordinatedShutdown - Performing task [singleton-exiting-1] in CoordinatedShutdown phase [cluster-exiting]
08:08:36.312 INFO  a.c.s.ClusterSingletonManager - Oldest observed OldestChanged: [akka://akka-runtime@127.0.0.1:63305 -> None]
08:08:36.312 INFO  a.c.s.ClusterSingletonManager - Singleton manager stopping singleton actor [akka://akka-runtime/system/singletonManagerShardedDaemonProcessCoordinator-eventSourcedProjection-passivation-race-entity-passivation-race-view/ShardedDaemonProcessCoordinator-eventSourcedProjection-passivation-race-entity-passivation-race-view]
08:08:36.312 INFO  a.c.s.ClusterSingletonManager - ClusterSingletonManager state change [Oldest -> WasOldest]
08:08:36.312 INFO  a.c.s.ClusterSingletonManager - ClusterSingletonManager state change [WasOldest -> Stopping]
08:08:36.312 INFO  a.c.s.ClusterSingletonManager - Singleton manager stopping singleton actor [akka://akka-runtime/system/sharding/passivation-race-entityCoordinator/singleton]
08:08:36.312 INFO  a.c.s.ClusterSingletonManager - ClusterSingletonManager state change [WasOldest -> Stopping]
08:08:36.312 INFO  a.c.s.ClusterSingletonManager - Exited [akka://akka-runtime@127.0.0.1:63305].
08:08:36.312 DEBUG a.c.sharding.DDataShardCoordinator - passivation-race-entity: Received termination message.
08:08:36.312 INFO  a.c.s.ClusterSingletonManager - Oldest observed OldestChanged: [akka://akka-runtime@127.0.0.1:63305 -> None]
08:08:36.312 INFO  a.c.s.ClusterSingletonManager - ClusterSingletonManager state change [Oldest -> WasOldest]
08:08:36.312 INFO  a.c.s.ClusterSingletonManager - Exited [akka://akka-runtime@127.0.0.1:63305].
08:08:36.312 INFO  a.c.s.ClusterSingletonManager - Singleton actor [akka://akka-runtime/system/singletonManagerShardedDaemonProcessCoordinator-eventSourcedProjection-passivation-race-entity-passivation-race-view/ShardedDaemonProcessCoordinator-eventSourcedProjection-passivation-race-entity-passivation-race-view] was terminated
08:08:36.312 INFO  a.c.s.ClusterSingletonManager - Oldest observed OldestChanged: [akka://akka-runtime@127.0.0.1:63305 -> None]
08:08:36.312 INFO  a.c.s.ClusterSingletonManager - ClusterSingletonManager state change [Oldest -> WasOldest]
08:08:36.312 INFO  a.c.s.ClusterSingletonManager - Exited [akka://akka-runtime@127.0.0.1:63305].
08:08:36.312 INFO  a.c.s.ClusterSingletonManager - Singleton actor [akka://akka-runtime/system/sharding/passivation-race-entityCoordinator/singleton] was terminated
08:08:36.312 INFO  a.c.s.ClusterSingletonManager - Exited [akka://akka-runtime@127.0.0.1:63305].
08:08:36.312 INFO  a.c.s.ClusterSingletonManager - Exited [akka://akka-runtime@127.0.0.1:63305].
08:08:36.312 INFO  a.c.s.ClusterSingletonManager - Oldest observed OldestChanged: [akka://akka-runtime@127.0.0.1:63305 -> None]
08:08:36.312 INFO  a.c.s.ClusterSingletonManager - ClusterSingletonManager state change [Oldest -> WasOldest]
08:08:36.312 INFO  a.c.s.ClusterSingletonManager - Exited [akka://akka-runtime@127.0.0.1:63305].
08:08:36.312 INFO  a.c.s.ClusterSingletonManager - Oldest observed OldestChanged: [akka://akka-runtime@127.0.0.1:63305 -> None]
08:08:36.312 INFO  a.c.s.ClusterSingletonManager - Singleton manager stopping singleton actor [akka://akka-runtime/system/singletonManagerschemaSingleton/schemaSingleton]
08:08:36.312 INFO  a.c.s.ClusterSingletonManager - Singleton manager stopping singleton actor [akka://akka-runtime/system/sharding/sharded-daemon-process-eventSourcedProjection-passivation-race-entity-passivation-race-consumer-bCoordinator/singleton]
08:08:36.312 INFO  a.c.s.ClusterSingletonManager - Oldest observed OldestChanged: [akka://akka-runtime@127.0.0.1:63305 -> None]
08:08:36.312 INFO  a.c.s.ClusterSingletonManager - ClusterSingletonManager state change [WasOldest -> Stopping]
08:08:36.312 INFO  a.c.s.ClusterSingletonManager - ClusterSingletonManager state change [Oldest -> WasOldest]
08:08:36.313 INFO  a.c.s.ClusterSingletonManager - ClusterSingletonManager state change [WasOldest -> Stopping]
08:08:36.313 INFO  a.c.s.ClusterSingletonManager - ClusterSingletonManager state change [Oldest -> WasOldest]
08:08:36.313 INFO  a.c.s.ClusterSingletonManager - Oldest observed OldestChanged: [akka://akka-runtime@127.0.0.1:63305 -> None]
08:08:36.313 DEBUG a.c.sharding.DDataShardCoordinator - sharded-daemon-process-eventSourcedProjection-passivation-race-entity-passivation-race-consumer-b: Received termination message.
08:08:36.313 INFO  a.c.s.ClusterSingletonManager - Singleton manager stopping singleton actor [akka://akka-runtime/system/sharding/sharded-daemon-process-eventSourcedProjection-passivation-race-entity-passivation-race-viewCoordinator/singleton]
08:08:36.313 INFO  a.c.s.ClusterSingletonManager - ClusterSingletonManager state change [Oldest -> WasOldest]
08:08:36.313 INFO  a.c.s.ClusterSingletonManager - ClusterSingletonManager state change [WasOldest -> Stopping]
08:08:36.313 INFO  a.c.s.ClusterSingletonManager - Oldest observed OldestChanged: [akka://akka-runtime@127.0.0.1:63305 -> None]
08:08:36.313 DEBUG a.c.sharding.DDataShardCoordinator - sharded-daemon-process-eventSourcedProjection-passivation-race-entity-passivation-race-view: Received termination message.
08:08:36.313 INFO  a.c.s.ClusterSingletonManager - ClusterSingletonManager state change [Oldest -> WasOldest]
08:08:36.313 INFO  a.c.s.ClusterSingletonManager - Singleton actor [akka://akka-runtime/system/singletonManagerschemaSingleton/schemaSingleton] was terminated
08:08:36.313 INFO  a.c.s.ClusterSingletonManager - Singleton actor [akka://akka-runtime/system/sharding/sharded-daemon-process-eventSourcedProjection-passivation-race-entity-passivation-race-consumer-bCoordinator/singleton] was terminated
08:08:36.313 INFO  a.c.s.ClusterSingletonManager - Singleton actor [akka://akka-runtime/system/sharding/sharded-daemon-process-eventSourcedProjection-passivation-race-entity-passivation-race-viewCoordinator/singleton] was terminated
08:08:36.313 INFO  a.c.s.ClusterSingletonManager - Singleton manager stopping singleton actor [akka://akka-runtime/system/singletonManagerShardedDaemonProcessCoordinator-eventSourcedProjection-passivation-race-entity-passivation-race-consumer-b/ShardedDaemonProcessCoordinator-eventSourcedProjection-passivation-race-entity-passivation-race-consumer-b]
08:08:36.313 INFO  a.c.s.ClusterSingletonManager - ClusterSingletonManager state change [WasOldest -> Stopping]
08:08:36.313 INFO  a.c.s.ClusterSingletonManager - Singleton manager stopping singleton actor [akka://akka-runtime/system/sharding/_timerCoordinator/singleton]
08:08:36.313 INFO  a.c.s.ClusterSingletonManager - ClusterSingletonManager state change [WasOldest -> Stopping]
08:08:36.313 INFO  a.c.s.ClusterSingletonManager - Singleton manager stopping singleton actor [akka://akka-runtime/system/sharding/sharded-daemon-process-eventSourcedProjection-passivation-race-entity-passivation-race-consumer-aCoordinator/singleton]
08:08:36.313 INFO  a.c.s.ClusterSingletonManager - ClusterSingletonManager state change [WasOldest -> Stopping]
08:08:36.313 DEBUG a.c.sharding.DDataShardCoordinator - _timer: Received termination message.
08:08:36.313 INFO  a.c.s.ClusterSingletonManager - Singleton manager stopping singleton actor [akka://akka-runtime/system/singletonManagerShardedDaemonProcessCoordinator-eventSourcedProjection-passivation-race-entity-passivation-race-consumer-a/ShardedDaemonProcessCoordinator-eventSourcedProjection-passivation-race-entity-passivation-race-consumer-a]
08:08:36.313 INFO  a.c.s.ClusterSingletonManager - ClusterSingletonManager state change [WasOldest -> Stopping]
08:08:36.313 INFO  a.c.s.ClusterSingletonManager - Singleton actor [akka://akka-runtime/system/singletonManagerShardedDaemonProcessCoordinator-eventSourcedProjection-passivation-race-entity-passivation-race-consumer-b/ShardedDaemonProcessCoordinator-eventSourcedProjection-passivation-race-entity-passivation-race-consumer-b] was terminated
08:08:36.313 INFO  a.c.s.ClusterSingletonManager - Singleton actor [akka://akka-runtime/system/singletonManagerShardedDaemonProcessCoordinator-eventSourcedProjection-passivation-race-entity-passivation-race-consumer-a/ShardedDaemonProcessCoordinator-eventSourcedProjection-passivation-race-entity-passivation-race-consumer-a] was terminated
08:08:36.313 DEBUG a.c.sharding.DDataShardCoordinator - sharded-daemon-process-eventSourcedProjection-passivation-race-entity-passivation-race-consumer-a: Received termination message.
08:08:36.313 INFO  a.c.s.ClusterSingletonManager - Singleton actor [akka://akka-runtime/system/sharding/_timerCoordinator/singleton] was terminated
08:08:36.313 INFO  a.c.s.ClusterSingletonManager - Singleton actor [akka://akka-runtime/system/sharding/sharded-daemon-process-eventSourcedProjection-passivation-race-entity-passivation-race-consumer-aCoordinator/singleton] was terminated
08:08:36.313 DEBUG akka.actor.CoordinatedShutdown - Performing phase [cluster-exiting-done] with [1] tasks.
08:08:36.313 DEBUG akka.actor.CoordinatedShutdown - Performing task [exiting-completed] in CoordinatedShutdown phase [cluster-exiting-done]
08:08:36.313 DEBUG akka.actor.CoordinatedShutdown - Performing phase [cluster-shutdown] with [1] tasks.
08:08:36.313 DEBUG akka.actor.CoordinatedShutdown - Performing task [wait-shutdown] in CoordinatedShutdown phase [cluster-shutdown]
08:08:36.314 DEBUG akka.actor.CoordinatedShutdown - Performing phase [before-actor-system-terminate] with [2] tasks.
08:08:36.314 DEBUG akka.actor.CoordinatedShutdown - Performing task [close connection pools] in CoordinatedShutdown phase [before-actor-system-terminate]
08:08:36.314 DEBUG akka.actor.CoordinatedShutdown - Performing task [close-grpc-channels] in CoordinatedShutdown phase [before-actor-system-terminate]
08:08:36.314 DEBUG akka.actor.CoordinatedShutdown - Performing phase [actor-system-terminate] with [1] tasks.
08:08:36.314 DEBUG akka.actor.CoordinatedShutdown - Performing task [terminate-system] in CoordinatedShutdown phase [actor-system-terminate]
08:08:36.395 INFO  akka.runtime.AkkaRuntimeMain - Starting Akka Runtime version [1.6.15]
08:08:36.405 INFO  akka.javasdk.impl.ComponentLocator$ - Looking for component descriptors matching pattern [META-INF/akka-javasdk-components_*.conf]
08:08:36.415 INFO  akka.javasdk.testkit.TestKit - Eventing TestKit booting up on port: 63309
08:08:36.417 DEBUG a.c.singleton.ClusterSingletonProxy - Creating singleton identification timer...
08:08:36.417 DEBUG a.c.singleton.ClusterSingletonProxy - Trying to identify singleton at [akka://akka-runtime@127.0.0.1:63310/system/singletonManagerschemaSingleton/schemaSingleton]
08:08:36.417 DEBUG a.c.singleton.ClusterSingletonProxy - Singleton not available, buffering message type [kalix.runtime.SchemaSingleton$ExecDdl]
08:08:36.418 INFO  a.c.s.ClusterSingletonManager - Singleton manager starting singleton actor [akka://akka-runtime/system/singletonManagerschemaSingleton/schemaSingleton]
08:08:36.418 INFO  a.c.s.ClusterSingletonManager - ClusterSingletonManager state change [Start -> Oldest]
08:08:36.420 INFO  akka.javasdk.testkit.TestKit - Checking runtime status
08:08:36.485 DEBUG a.c.singleton.ClusterSingletonProxy - Trying to identify singleton at [akka://akka-runtime@127.0.0.1:63310/system/singletonManagerschemaSingleton/schemaSingleton]
08:08:36.485 INFO  a.c.singleton.ClusterSingletonProxy - Singleton identified at [akka://akka-runtime/system/singletonManagerschemaSingleton/schemaSingleton]
08:08:36.485 DEBUG a.c.singleton.ClusterSingletonProxy - Sending buffered messages to current singleton instance
08:08:36.487 INFO  a.c.s.typed.scaladsl.ClusterSharding - Starting Shard Region [passivation-race-entity]...
08:08:36.487 INFO  akka.cluster.sharding.ShardRegion - passivation-race-entity: Automatic entity passivation: composite strategy with limit of [10000] active entities, admission window (least recently used entities) with proportions [initial = 0.01, min = 0.01, max = 1.0] adapting with hill-climbing optimizer [adjust multiplier = 10.0, initial step = 0.0625, restart threshold = 0.05, step decay = 0.98], admit using frequency sketch [width multiplier = 4, reset multiplier = 10.0, depth = 4, counter bits = 4], main (least recently used entities (segmented with [2] levels with proportions of [0.20, 0.80]))
08:08:36.488 INFO  a.c.s.ClusterSingletonManager - Singleton manager starting singleton actor [akka://akka-runtime/system/sharding/passivation-race-entityCoordinator/singleton]
08:08:36.488 INFO  a.c.s.ClusterSingletonManager - ClusterSingletonManager state change [Start -> Oldest]
08:08:36.489 DEBUG a.c.sharding.DDataShardCoordinator - passivation-race-entity: Initial coordinator is empty.
08:08:36.489 INFO  a.c.sharding.DDataShardCoordinator - passivation-race-entity: ShardCoordinator was moved to the active state with [0] shards
08:08:36.490 DEBUG a.c.singleton.ClusterSingletonProxy - Forwarding message of type [SchemaSingleton$ExecDdl] to current singleton instance at [akka://akka-runtime/system/singletonManagerschemaSingleton/schemaSingleton]
08:08:36.491 INFO  akka.runtime.DiscoveryManager - Service components: EventSourcedEntity: [1], Consumer: [2], View: [1]
08:08:36.492 INFO  a.c.s.typed.scaladsl.ClusterSharding - Starting Shard Region [_timer]...
08:08:36.493 INFO  a.c.s.typed.scaladsl.ClusterSharding - Starting Shard Region [sharded-daemon-process-eventSourcedProjection-passivation-race-entity-passivation-race-consumer-a]...
08:08:36.493 INFO  a.c.s.ClusterSingletonManager - Singleton manager starting singleton actor [akka://akka-runtime/system/sharding/_timerCoordinator/singleton]
08:08:36.493 INFO  akka.cluster.sharding.ShardRegion - sharded-daemon-process-eventSourcedProjection-passivation-race-entity-passivation-race-consumer-a: Automatic entity passivation: disabled
08:08:36.493 INFO  a.c.s.ClusterSingletonManager - ClusterSingletonManager state change [Start -> Oldest]
08:08:36.494 DEBUG a.c.sharding.DDataShardCoordinator - _timer: Starting remember entities store from provider akka.cluster.sharding.internal.DDataRememberEntitiesProvider@71aebc0a
08:08:36.494 DEBUG a.c.sharding.DDataShardCoordinator - _timer: Initial coordinator is empty.
08:08:36.494 INFO  a.c.sharding.DDataShardCoordinator - _timer: ShardCoordinator was moved to the active state with [0] shards
08:08:36.494 DEBUG a.c.sharding.DDataShardCoordinator - _timer: Received [0] remembered shard ids (after state initialized)
08:08:36.494 INFO  a.c.s.typed.scaladsl.ClusterSharding - Starting Shard Region [sharded-daemon-process-eventSourcedProjection-passivation-race-entity-passivation-race-consumer-b]...
08:08:36.494 INFO  akka.cluster.sharding.ShardRegion - sharded-daemon-process-eventSourcedProjection-passivation-race-entity-passivation-race-consumer-b: Automatic entity passivation: disabled
08:08:36.494 DEBUG a.c.singleton.ClusterSingletonProxy - Creating singleton identification timer...
08:08:36.494 DEBUG a.c.singleton.ClusterSingletonProxy - Trying to identify singleton at [akka://akka-runtime@127.0.0.1:63310/system/singletonManagerShardedDaemonProcessCoordinator-eventSourcedProjection-passivation-race-entity-passivation-race-consumer-a/ShardedDaemonProcessCoordinator-eventSourcedProjection-passivation-race-entity-passivation-race-consumer-a]
08:08:36.495 INFO  a.c.s.ClusterSingletonManager - Singleton manager starting singleton actor [akka://akka-runtime/system/sharding/sharded-daemon-process-eventSourcedProjection-passivation-race-entity-passivation-race-consumer-aCoordinator/singleton]
08:08:36.495 INFO  a.c.s.ClusterSingletonManager - ClusterSingletonManager state change [Start -> Oldest]
08:08:36.495 INFO  a.c.s.typed.scaladsl.ClusterSharding - Starting Shard Region [sharded-daemon-process-eventSourcedProjection-passivation-race-entity-passivation-race-view]...
08:08:36.495 DEBUG a.c.singleton.ClusterSingletonProxy - Creating singleton identification timer...
08:08:36.495 DEBUG a.c.sharding.DDataShardCoordinator - sharded-daemon-process-eventSourcedProjection-passivation-race-entity-passivation-race-consumer-a: Initial coordinator is empty.
08:08:36.495 INFO  a.c.sharding.DDataShardCoordinator - sharded-daemon-process-eventSourcedProjection-passivation-race-entity-passivation-race-consumer-a: ShardCoordinator was moved to the active state with [0] shards
08:08:36.495 DEBUG a.c.singleton.ClusterSingletonProxy - Trying to identify singleton at [akka://akka-runtime@127.0.0.1:63310/system/singletonManagerShardedDaemonProcessCoordinator-eventSourcedProjection-passivation-race-entity-passivation-race-consumer-b/ShardedDaemonProcessCoordinator-eventSourcedProjection-passivation-race-entity-passivation-race-consumer-b]
08:08:36.495 INFO  akka.cluster.sharding.ShardRegion - sharded-daemon-process-eventSourcedProjection-passivation-race-entity-passivation-race-view: Automatic entity passivation: disabled
08:08:36.495 INFO  a.c.s.ClusterSingletonManager - Singleton manager starting singleton actor [akka://akka-runtime/system/singletonManagerShardedDaemonProcessCoordinator-eventSourcedProjection-passivation-race-entity-passivation-race-consumer-a/ShardedDaemonProcessCoordinator-eventSourcedProjection-passivation-race-entity-passivation-race-consumer-a]
08:08:36.495 INFO  a.c.s.ClusterSingletonManager - ClusterSingletonManager state change [Start -> Oldest]
08:08:36.495 DEBUG a.c.s.t.i.ShardedDaemonProcessCoordinator$ - ShardedDaemonProcessCoordinator for [eventSourcedProjection-passivation-race-entity-passivation-race-consumer-a] starting
08:08:36.496 DEBUG a.c.s.t.i.ShardedDaemonProcessCoordinator$ - eventSourcedProjection-passivation-race-entity-passivation-race-consumer-a: No previous state stored for Sharded Daemon Process
08:08:36.496 INFO  a.c.s.ClusterSingletonManager - Singleton manager starting singleton actor [akka://akka-runtime/system/sharding/sharded-daemon-process-eventSourcedProjection-passivation-race-entity-passivation-race-consumer-bCoordinator/singleton]
08:08:36.496 DEBUG a.c.s.t.i.ShardedDaemonProcessCoordinator$ - Sending periodic keep alive for Sharded Daemon Process [eventSourcedProjection-passivation-race-entity-passivation-race-consumer-a] to [1] processes (revision [0]).
08:08:36.496 INFO  a.c.s.ClusterSingletonManager - ClusterSingletonManager state change [Start -> Oldest]
08:08:36.496 DEBUG a.c.sharding.DDataShardCoordinator - sharded-daemon-process-eventSourcedProjection-passivation-race-entity-passivation-race-consumer-b: Initial coordinator is empty.
08:08:36.496 DEBUG a.c.singleton.ClusterSingletonProxy - Creating singleton identification timer...
08:08:36.496 INFO  a.c.sharding.DDataShardCoordinator - sharded-daemon-process-eventSourcedProjection-passivation-race-entity-passivation-race-consumer-b: ShardCoordinator was moved to the active state with [0] shards
08:08:36.496 DEBUG a.c.singleton.ClusterSingletonProxy - Trying to identify singleton at [akka://akka-runtime@127.0.0.1:63310/system/singletonManagerShardedDaemonProcessCoordinator-eventSourcedProjection-passivation-race-entity-passivation-race-view/ShardedDaemonProcessCoordinator-eventSourcedProjection-passivation-race-entity-passivation-race-view]
08:08:36.496 INFO  a.c.s.ClusterSingletonManager - Singleton manager starting singleton actor [akka://akka-runtime/system/singletonManagerShardedDaemonProcessCoordinator-eventSourcedProjection-passivation-race-entity-passivation-race-consumer-b/ShardedDaemonProcessCoordinator-eventSourcedProjection-passivation-race-entity-passivation-race-consumer-b]
08:08:36.496 INFO  a.c.s.ClusterSingletonManager - ClusterSingletonManager state change [Start -> Oldest]
08:08:36.496 DEBUG a.c.s.t.i.ShardedDaemonProcessCoordinator$ - ShardedDaemonProcessCoordinator for [eventSourcedProjection-passivation-race-entity-passivation-race-consumer-b] starting
08:08:36.497 DEBUG a.c.s.t.i.ShardedDaemonProcessCoordinator$ - eventSourcedProjection-passivation-race-entity-passivation-race-consumer-b: No previous state stored for Sharded Daemon Process
08:08:36.497 INFO  a.c.s.ClusterSingletonManager - Singleton manager starting singleton actor [akka://akka-runtime/system/singletonManagerShardedDaemonProcessCoordinator-eventSourcedProjection-passivation-race-entity-passivation-race-view/ShardedDaemonProcessCoordinator-eventSourcedProjection-passivation-race-entity-passivation-race-view]
08:08:36.497 INFO  a.c.s.ClusterSingletonManager - Singleton manager starting singleton actor [akka://akka-runtime/system/sharding/sharded-daemon-process-eventSourcedProjection-passivation-race-entity-passivation-race-viewCoordinator/singleton]
08:08:36.497 INFO  a.c.s.ClusterSingletonManager - ClusterSingletonManager state change [Start -> Oldest]
08:08:36.497 INFO  a.c.s.ClusterSingletonManager - ClusterSingletonManager state change [Start -> Oldest]
08:08:36.497 DEBUG a.c.s.t.i.ShardedDaemonProcessCoordinator$ - Sending periodic keep alive for Sharded Daemon Process [eventSourcedProjection-passivation-race-entity-passivation-race-consumer-b] to [1] processes (revision [0]).
08:08:36.498 DEBUG a.c.s.t.i.ShardedDaemonProcessCoordinator$ - ShardedDaemonProcessCoordinator for [eventSourcedProjection-passivation-race-entity-passivation-race-view] starting
08:08:36.498 DEBUG a.c.sharding.DDataShardCoordinator - sharded-daemon-process-eventSourcedProjection-passivation-race-entity-passivation-race-view: Initial coordinator is empty.
08:08:36.498 INFO  a.c.sharding.DDataShardCoordinator - sharded-daemon-process-eventSourcedProjection-passivation-race-entity-passivation-race-view: ShardCoordinator was moved to the active state with [0] shards
08:08:36.498 DEBUG a.c.s.t.i.ShardedDaemonProcessCoordinator$ - eventSourcedProjection-passivation-race-entity-passivation-race-view: No previous state stored for Sharded Daemon Process
08:08:36.498 DEBUG a.c.s.t.i.ShardedDaemonProcessCoordinator$ - Sending periodic keep alive for Sharded Daemon Process [eventSourcedProjection-passivation-race-entity-passivation-race-view] to [1] processes (revision [0]).
08:08:36.498 INFO  akka.runtime.DiscoveryManager - Akka Runtime started at 127.0.0.1:63308
08:08:36.498 INFO  repro.Bootstrap - onStartup burst of 8 starting
08:08:36.549 INFO  akka.javasdk.testkit.TestKit - Runtime started
08:08:36.549 INFO  akka.actor.CoordinatedShutdown - Running CoordinatedShutdown with reason [ActorSystemTerminateReason]
08:08:36.549 DEBUG akka.actor.CoordinatedShutdown - Performing phase [before-service-unbind] with [0] tasks
08:08:36.549 DEBUG akka.actor.CoordinatedShutdown - Performing phase [service-unbind] with [1] tasks.
08:08:36.549 DEBUG akka.actor.CoordinatedShutdown - Performing task [http-unbind-/127.0.0.1:63308] in CoordinatedShutdown phase [service-unbind]
08:08:36.550 DEBUG akka.actor.CoordinatedShutdown - Performing phase [service-requests-done] with [1] tasks.
08:08:36.550 DEBUG akka.actor.CoordinatedShutdown - Performing task [http-terminate-/127.0.0.1:63308] in CoordinatedShutdown phase [service-requests-done]
08:08:36.550 DEBUG akka.actor.CoordinatedShutdown - Performing phase [service-stop] with [1] tasks.
08:08:36.550 DEBUG akka.actor.CoordinatedShutdown - Performing task [stop-grpc-clients] in CoordinatedShutdown phase [service-stop]
08:08:36.550 DEBUG akka.actor.CoordinatedShutdown - Performing phase [before-cluster-shutdown] with [0] tasks
08:08:36.550 DEBUG akka.actor.CoordinatedShutdown - Performing phase [cluster-sharding-shutdown-region] with [5] tasks.
08:08:36.550 DEBUG akka.actor.CoordinatedShutdown - Performing task [region-shutdown] in CoordinatedShutdown phase [cluster-sharding-shutdown-region]
08:08:36.550 DEBUG akka.actor.CoordinatedShutdown - Performing task [region-shutdown] in CoordinatedShutdown phase [cluster-sharding-shutdown-region]
08:08:36.550 DEBUG akka.actor.CoordinatedShutdown - Performing task [region-shutdown] in CoordinatedShutdown phase [cluster-sharding-shutdown-region]
08:08:36.550 DEBUG akka.actor.CoordinatedShutdown - Performing task [region-shutdown] in CoordinatedShutdown phase [cluster-sharding-shutdown-region]
08:08:36.550 DEBUG akka.actor.CoordinatedShutdown - Performing task [region-shutdown] in CoordinatedShutdown phase [cluster-sharding-shutdown-region]
08:08:36.550 DEBUG a.c.sharding.DDataShardCoordinator - sharded-daemon-process-eventSourcedProjection-passivation-race-entity-passivation-race-view: Unknown region requested graceful shutdown [Actor[akka://akka-runtime/system/sharding/sharded-daemon-process-eventSourcedProjection-passivation-race-entity-passivation-race-view#-966277532]]
08:08:36.551 DEBUG a.c.sharding.DDataShardCoordinator - passivation-race-entity: Unknown region requested graceful shutdown [Actor[akka://akka-runtime/system/sharding/passivation-race-entity#74281961]]
08:08:36.551 DEBUG a.c.sharding.DDataShardCoordinator - sharded-daemon-process-eventSourcedProjection-passivation-race-entity-passivation-race-consumer-a: Unknown region requested graceful shutdown [Actor[akka://akka-runtime/system/sharding/sharded-daemon-process-eventSourcedProjection-passivation-race-entity-passivation-race-consumer-a#585773521]]
08:08:36.551 DEBUG a.c.sharding.DDataShardCoordinator - _timer: Unknown region requested graceful shutdown [Actor[akka://akka-runtime/system/sharding/_timer#-773666724]]
08:08:36.551 DEBUG a.c.sharding.DDataShardCoordinator - sharded-daemon-process-eventSourcedProjection-passivation-race-entity-passivation-race-consumer-b: Unknown region requested graceful shutdown [Actor[akka://akka-runtime/system/sharding/sharded-daemon-process-eventSourcedProjection-passivation-race-entity-passivation-race-consumer-b#1428280583]]
08:08:36.564 DEBUG a.c.singleton.ClusterSingletonProxy - Trying to identify singleton at [akka://akka-runtime@127.0.0.1:63310/system/singletonManagerShardedDaemonProcessCoordinator-eventSourcedProjection-passivation-race-entity-passivation-race-consumer-b/ShardedDaemonProcessCoordinator-eventSourcedProjection-passivation-race-entity-passivation-race-consumer-b]
08:08:36.564 DEBUG a.c.singleton.ClusterSingletonProxy - Trying to identify singleton at [akka://akka-runtime@127.0.0.1:63310/system/singletonManagerShardedDaemonProcessCoordinator-eventSourcedProjection-passivation-race-entity-passivation-race-view/ShardedDaemonProcessCoordinator-eventSourcedProjection-passivation-race-entity-passivation-race-view]
08:08:36.564 DEBUG a.c.singleton.ClusterSingletonProxy - Trying to identify singleton at [akka://akka-runtime@127.0.0.1:63310/system/singletonManagerShardedDaemonProcessCoordinator-eventSourcedProjection-passivation-race-entity-passivation-race-consumer-a/ShardedDaemonProcessCoordinator-eventSourcedProjection-passivation-race-entity-passivation-race-consumer-a]
08:08:36.564 INFO  a.c.singleton.ClusterSingletonProxy - Singleton identified at [akka://akka-runtime/system/singletonManagerShardedDaemonProcessCoordinator-eventSourcedProjection-passivation-race-entity-passivation-race-view/ShardedDaemonProcessCoordinator-eventSourcedProjection-passivation-race-entity-passivation-race-view]
08:08:36.564 INFO  a.c.singleton.ClusterSingletonProxy - Singleton identified at [akka://akka-runtime/system/singletonManagerShardedDaemonProcessCoordinator-eventSourcedProjection-passivation-race-entity-passivation-race-consumer-a/ShardedDaemonProcessCoordinator-eventSourcedProjection-passivation-race-entity-passivation-race-consumer-a]
08:08:36.564 DEBUG a.c.singleton.ClusterSingletonProxy - Sending buffered messages to current singleton instance
08:08:36.564 DEBUG a.c.singleton.ClusterSingletonProxy - Sending buffered messages to current singleton instance
08:08:36.564 INFO  a.c.singleton.ClusterSingletonProxy - Singleton identified at [akka://akka-runtime/system/singletonManagerShardedDaemonProcessCoordinator-eventSourcedProjection-passivation-race-entity-passivation-race-consumer-b/ShardedDaemonProcessCoordinator-eventSourcedProjection-passivation-race-entity-passivation-race-consumer-b]
08:08:36.564 DEBUG a.c.singleton.ClusterSingletonProxy - Sending buffered messages to current singleton instance
08:08:36.754 DEBUG a.c.sharding.DDataShardCoordinator - passivation-race-entity: ShardRegion registered: [Actor[akka://akka-runtime/system/sharding/passivation-race-entity#74281961]]
08:08:36.755 DEBUG a.c.sharding.DDataShardCoordinator - passivation-race-entity: The coordinator state was successfully updated with ShardRegionRegistered(Actor[akka://akka-runtime/system/sharding/passivation-race-entity#74281961])
08:08:36.756 DEBUG a.c.sharding.DDataShardCoordinator - passivation-race-entity: The coordinator state was successfully updated with ShardHomeAllocated(940,Actor[akka://akka-runtime/system/sharding/passivation-race-entity#74281961])
08:08:36.756 DEBUG a.c.sharding.DDataShardCoordinator - passivation-race-entity: Shard [940] allocated at [Actor[akka://akka-runtime/system/sharding/passivation-race-entity#74281961]]
08:08:36.756 DEBUG a.c.sharding.DDataShardCoordinator - passivation-race-entity: Graceful shutdown of region [Actor[akka://akka-runtime/system/sharding/passivation-race-entity#74281961]] with [1] shards
08:08:36.756 INFO  a.c.sharding.DDataShardCoordinator - passivation-race-entity: Starting shutting down shards [940] due to region shutting down or explicit stopping of shards.
08:08:36.756 DEBUG a.c.s.ShardCoordinator$RebalanceWorker - passivation-race-entity: Shutting down shard [940] from region [Actor[akka://akka-runtime/system/sharding/passivation-race-entity#74281961]]. Asking [1] region(s) to hand-off shard
08:08:36.757 DEBUG a.c.s.ShardCoordinator$RebalanceWorker - passivation-race-entity: BeginHandOffAck for shard [940] received from [Actor[akka://akka-runtime/system/sharding/passivation-race-entity#74281961]].
08:08:36.757 DEBUG a.c.s.ShardCoordinator$RebalanceWorker - passivation-race-entity: All shard regions acked, handing off shard [940].
08:08:36.757 WARN  akka.cluster.sharding.ShardRegion - passivation-race-entity: Dropping [1] buffered messages to shard [940] during hand off to avoid re-ordering
08:08:36.757 DEBUG akka.cluster.sharding.Shard - passivation-race-entity: Shard initialized
08:08:36.757 DEBUG akka.cluster.sharding.Shard - passivation-race-entity: HandOff shard [940]
08:08:36.757 DEBUG akka.cluster.sharding.Shard - passivation-race-entity: Shard [940] shutting down
08:08:36.757 DEBUG a.c.sharding.DDataShardCoordinator - passivation-race-entity: Shard [940] deallocation completed successfully.
08:08:36.758 DEBUG a.c.sharding.DDataShardCoordinator - passivation-race-entity: The coordinator state was successfully updated with ShardHomeDeallocated(940)
08:08:36.758 DEBUG a.c.sharding.DDataShardCoordinator - passivation-race-entity: Shard [940] deallocated after
08:08:36.758 DEBUG a.c.sharding.DDataShardCoordinator - passivation-race-entity: ShardRegion terminated (gracefully): [Actor[akka://akka-runtime/system/sharding/passivation-race-entity#74281961]] {}
08:08:36.758 DEBUG a.c.sharding.DDataShardCoordinator - passivation-race-entity: GetShardHome [940] request from [Actor[akka://local/ignore]] stashed, because waiting for initial state or update of state. It will be handled afterwards.
08:08:36.758 DEBUG a.c.sharding.DDataShardCoordinator - passivation-race-entity: The coordinator state was successfully updated with ShardRegionTerminated(Actor[akka://akka-runtime/system/sharding/passivation-race-entity#74281961])
08:08:36.758 DEBUG a.c.sharding.DDataShardCoordinator - passivation-race-entity: ShardRegion stopped: [Actor[akka://akka-runtime/system/sharding/passivation-race-entity#74281961]]
08:08:36.764 DEBUG a.c.sharding.DDataShardCoordinator - sharded-daemon-process-eventSourcedProjection-passivation-race-entity-passivation-race-view: ShardRegion registered: [Actor[akka://akka-runtime/system/sharding/sharded-daemon-process-eventSourcedProjection-passivation-race-entity-passivation-race-view#-966277532]]
08:08:36.764 DEBUG a.c.sharding.DDataShardCoordinator - sharded-daemon-process-eventSourcedProjection-passivation-race-entity-passivation-race-consumer-a: ShardRegion registered: [Actor[akka://akka-runtime/system/sharding/sharded-daemon-process-eventSourcedProjection-passivation-race-entity-passivation-race-consumer-a#585773521]]
08:08:36.764 DEBUG a.c.sharding.DDataShardCoordinator - sharded-daemon-process-eventSourcedProjection-passivation-race-entity-passivation-race-consumer-b: ShardRegion registered: [Actor[akka://akka-runtime/system/sharding/sharded-daemon-process-eventSourcedProjection-passivation-race-entity-passivation-race-consumer-b#1428280583]]
08:08:36.765 DEBUG a.c.sharding.DDataShardCoordinator - sharded-daemon-process-eventSourcedProjection-passivation-race-entity-passivation-race-view: The coordinator state was successfully updated with ShardRegionRegistered(Actor[akka://akka-runtime/system/sharding/sharded-daemon-process-eventSourcedProjection-passivation-race-entity-passivation-race-view#-966277532])
08:08:36.765 DEBUG a.c.sharding.DDataShardCoordinator - sharded-daemon-process-eventSourcedProjection-passivation-race-entity-passivation-race-consumer-b: The coordinator state was successfully updated with ShardRegionRegistered(Actor[akka://akka-runtime/system/sharding/sharded-daemon-process-eventSourcedProjection-passivation-race-entity-passivation-race-consumer-b#1428280583])
08:08:36.765 DEBUG a.c.sharding.DDataShardCoordinator - sharded-daemon-process-eventSourcedProjection-passivation-race-entity-passivation-race-consumer-a: The coordinator state was successfully updated with ShardRegionRegistered(Actor[akka://akka-runtime/system/sharding/sharded-daemon-process-eventSourcedProjection-passivation-race-entity-passivation-race-consumer-a#585773521])
08:08:36.765 DEBUG a.c.sharding.DDataShardCoordinator - sharded-daemon-process-eventSourcedProjection-passivation-race-entity-passivation-race-consumer-a: The coordinator state was successfully updated with ShardHomeAllocated(0,Actor[akka://akka-runtime/system/sharding/sharded-daemon-process-eventSourcedProjection-passivation-race-entity-passivation-race-consumer-a#585773521])
08:08:36.765 DEBUG a.c.sharding.DDataShardCoordinator - sharded-daemon-process-eventSourcedProjection-passivation-race-entity-passivation-race-consumer-b: The coordinator state was successfully updated with ShardHomeAllocated(0,Actor[akka://akka-runtime/system/sharding/sharded-daemon-process-eventSourcedProjection-passivation-race-entity-passivation-race-consumer-b#1428280583])
08:08:36.765 DEBUG a.c.sharding.DDataShardCoordinator - sharded-daemon-process-eventSourcedProjection-passivation-race-entity-passivation-race-consumer-b: Shard [0] allocated at [Actor[akka://akka-runtime/system/sharding/sharded-daemon-process-eventSourcedProjection-passivation-race-entity-passivation-race-consumer-b#1428280583]]
08:08:36.765 DEBUG a.c.sharding.DDataShardCoordinator - sharded-daemon-process-eventSourcedProjection-passivation-race-entity-passivation-race-consumer-a: Shard [0] allocated at [Actor[akka://akka-runtime/system/sharding/sharded-daemon-process-eventSourcedProjection-passivation-race-entity-passivation-race-consumer-a#585773521]]
08:08:36.765 DEBUG a.c.sharding.DDataShardCoordinator - sharded-daemon-process-eventSourcedProjection-passivation-race-entity-passivation-race-view: The coordinator state was successfully updated with ShardHomeAllocated(0,Actor[akka://akka-runtime/system/sharding/sharded-daemon-process-eventSourcedProjection-passivation-race-entity-passivation-race-view#-966277532])
08:08:36.765 DEBUG a.c.sharding.DDataShardCoordinator - sharded-daemon-process-eventSourcedProjection-passivation-race-entity-passivation-race-view: Shard [0] allocated at [Actor[akka://akka-runtime/system/sharding/sharded-daemon-process-eventSourcedProjection-passivation-race-entity-passivation-race-view#-966277532]]
08:08:36.765 DEBUG a.c.sharding.DDataShardCoordinator - sharded-daemon-process-eventSourcedProjection-passivation-race-entity-passivation-race-consumer-b: Graceful shutdown of region [Actor[akka://akka-runtime/system/sharding/sharded-daemon-process-eventSourcedProjection-passivation-race-entity-passivation-race-consumer-b#1428280583]] with [1] shards
08:08:36.765 INFO  a.c.sharding.DDataShardCoordinator - sharded-daemon-process-eventSourcedProjection-passivation-race-entity-passivation-race-consumer-b: Starting shutting down shards [0] due to region shutting down or explicit stopping of shards.
08:08:36.766 DEBUG a.c.sharding.DDataShardCoordinator - sharded-daemon-process-eventSourcedProjection-passivation-race-entity-passivation-race-consumer-a: Graceful shutdown of region [Actor[akka://akka-runtime/system/sharding/sharded-daemon-process-eventSourcedProjection-passivation-race-entity-passivation-race-consumer-a#585773521]] with [1] shards
08:08:36.766 INFO  a.c.sharding.DDataShardCoordinator - sharded-daemon-process-eventSourcedProjection-passivation-race-entity-passivation-race-consumer-a: Starting shutting down shards [0] due to region shutting down or explicit stopping of shards.
08:08:36.766 DEBUG a.c.s.ShardCoordinator$RebalanceWorker - sharded-daemon-process-eventSourcedProjection-passivation-race-entity-passivation-race-consumer-b: Shutting down shard [0] from region [Actor[akka://akka-runtime/system/sharding/sharded-daemon-process-eventSourcedProjection-passivation-race-entity-passivation-race-consumer-b#1428280583]]. Asking [1] region(s) to hand-off shard
08:08:36.766 DEBUG a.c.s.ShardCoordinator$RebalanceWorker - sharded-daemon-process-eventSourcedProjection-passivation-race-entity-passivation-race-consumer-b: BeginHandOffAck for shard [0] received from [Actor[akka://akka-runtime/system/sharding/sharded-daemon-process-eventSourcedProjection-passivation-race-entity-passivation-race-consumer-b#1428280583]].
08:08:36.766 DEBUG a.c.s.ShardCoordinator$RebalanceWorker - sharded-daemon-process-eventSourcedProjection-passivation-race-entity-passivation-race-consumer-b: All shard regions acked, handing off shard [0].
08:08:36.766 DEBUG a.c.s.ShardCoordinator$RebalanceWorker - sharded-daemon-process-eventSourcedProjection-passivation-race-entity-passivation-race-consumer-a: Shutting down shard [0] from region [Actor[akka://akka-runtime/system/sharding/sharded-daemon-process-eventSourcedProjection-passivation-race-entity-passivation-race-consumer-a#585773521]]. Asking [1] region(s) to hand-off shard
08:08:36.766 DEBUG a.c.s.ShardCoordinator$RebalanceWorker - sharded-daemon-process-eventSourcedProjection-passivation-race-entity-passivation-race-consumer-a: BeginHandOffAck for shard [0] received from [Actor[akka://akka-runtime/system/sharding/sharded-daemon-process-eventSourcedProjection-passivation-race-entity-passivation-race-consumer-a#585773521]].
08:08:36.766 DEBUG a.c.s.ShardCoordinator$RebalanceWorker - sharded-daemon-process-eventSourcedProjection-passivation-race-entity-passivation-race-consumer-a: All shard regions acked, handing off shard [0].
08:08:36.766 DEBUG akka.cluster.sharding.Shard - sharded-daemon-process-eventSourcedProjection-passivation-race-entity-passivation-race-consumer-b: Shard initialized
08:08:36.766 DEBUG akka.cluster.sharding.Shard - sharded-daemon-process-eventSourcedProjection-passivation-race-entity-passivation-race-consumer-a: Shard initialized
08:08:36.766 WARN  akka.cluster.sharding.ShardRegion - sharded-daemon-process-eventSourcedProjection-passivation-race-entity-passivation-race-consumer-b: Dropping [1] buffered messages to shard [0] during hand off to avoid re-ordering
08:08:36.766 WARN  akka.cluster.sharding.ShardRegion - sharded-daemon-process-eventSourcedProjection-passivation-race-entity-passivation-race-consumer-a: Dropping [1] buffered messages to shard [0] during hand off to avoid re-ordering
08:08:36.766 DEBUG akka.cluster.sharding.Shard - sharded-daemon-process-eventSourcedProjection-passivation-race-entity-passivation-race-consumer-a: HandOff shard [0]
08:08:36.766 DEBUG akka.cluster.sharding.Shard - sharded-daemon-process-eventSourcedProjection-passivation-race-entity-passivation-race-consumer-b: HandOff shard [0]
08:08:36.766 DEBUG akka.cluster.sharding.Shard - sharded-daemon-process-eventSourcedProjection-passivation-race-entity-passivation-race-consumer-b: Shard [0] shutting down
08:08:36.766 DEBUG akka.cluster.sharding.Shard - sharded-daemon-process-eventSourcedProjection-passivation-race-entity-passivation-race-consumer-a: Shard [0] shutting down
08:08:36.766 DEBUG a.c.sharding.DDataShardCoordinator - sharded-daemon-process-eventSourcedProjection-passivation-race-entity-passivation-race-consumer-a: Shard [0] deallocation completed successfully.
08:08:36.766 DEBUG a.c.sharding.DDataShardCoordinator - sharded-daemon-process-eventSourcedProjection-passivation-race-entity-passivation-race-consumer-b: Shard [0] deallocation completed successfully.
08:08:36.766 DEBUG a.c.sharding.DDataShardCoordinator - sharded-daemon-process-eventSourcedProjection-passivation-race-entity-passivation-race-consumer-a: The coordinator state was successfully updated with ShardHomeDeallocated(0)
08:08:36.766 DEBUG a.c.sharding.DDataShardCoordinator - sharded-daemon-process-eventSourcedProjection-passivation-race-entity-passivation-race-consumer-a: Shard [0] deallocated after
08:08:36.766 DEBUG a.c.sharding.DDataShardCoordinator - sharded-daemon-process-eventSourcedProjection-passivation-race-entity-passivation-race-consumer-a: ShardRegion terminated (gracefully): [Actor[akka://akka-runtime/system/sharding/sharded-daemon-process-eventSourcedProjection-passivation-race-entity-passivation-race-consumer-a#585773521]] {}
08:08:36.766 DEBUG a.c.sharding.DDataShardCoordinator - sharded-daemon-process-eventSourcedProjection-passivation-race-entity-passivation-race-consumer-a: GetShardHome [0] request from [Actor[akka://local/ignore]] stashed, because waiting for initial state or update of state. It will be handled afterwards.
08:08:36.766 DEBUG a.c.sharding.DDataShardCoordinator - sharded-daemon-process-eventSourcedProjection-passivation-race-entity-passivation-race-view: Graceful shutdown of region [Actor[akka://akka-runtime/system/sharding/sharded-daemon-process-eventSourcedProjection-passivation-race-entity-passivation-race-view#-966277532]] with [1] shards
08:08:36.766 INFO  a.c.sharding.DDataShardCoordinator - sharded-daemon-process-eventSourcedProjection-passivation-race-entity-passivation-race-view: Starting shutting down shards [0] due to region shutting down or explicit stopping of shards.
08:08:36.767 DEBUG a.c.s.ShardCoordinator$RebalanceWorker - sharded-daemon-process-eventSourcedProjection-passivation-race-entity-passivation-race-view: Shutting down shard [0] from region [Actor[akka://akka-runtime/system/sharding/sharded-daemon-process-eventSourcedProjection-passivation-race-entity-passivation-race-view#-966277532]]. Asking [1] region(s) to hand-off shard
08:08:36.767 DEBUG akka.cluster.sharding.Shard - sharded-daemon-process-eventSourcedProjection-passivation-race-entity-passivation-race-view: Shard initialized
08:08:36.767 DEBUG a.c.s.ShardCoordinator$RebalanceWorker - sharded-daemon-process-eventSourcedProjection-passivation-race-entity-passivation-race-view: BeginHandOffAck for shard [0] received from [Actor[akka://akka-runtime/system/sharding/sharded-daemon-process-eventSourcedProjection-passivation-race-entity-passivation-race-view#-966277532]].
08:08:36.767 DEBUG a.c.s.ShardCoordinator$RebalanceWorker - sharded-daemon-process-eventSourcedProjection-passivation-race-entity-passivation-race-view: All shard regions acked, handing off shard [0].
08:08:36.767 DEBUG akka.cluster.sharding.Shard - sharded-daemon-process-eventSourcedProjection-passivation-race-entity-passivation-race-view: Request to start entity [0] and ack to [Some(Actor[akka://akka-runtime/deadLetters])]
08:08:36.767 DEBUG akka.cluster.sharding.Shard - sharded-daemon-process-eventSourcedProjection-passivation-race-entity-passivation-race-view: Started entity [Actor[akka://akka-runtime/system/sharding/sharded-daemon-process-eventSourcedProjection-passivation-race-entity-passivation-race-view/0/0#-588302720]] with entity id [0] in shard [0]
08:08:36.767 DEBUG a.c.sharding.DDataShardCoordinator - sharded-daemon-process-eventSourcedProjection-passivation-race-entity-passivation-race-consumer-b: The coordinator state was successfully updated with ShardHomeDeallocated(0)
08:08:36.767 DEBUG akka.cluster.sharding.Shard - sharded-daemon-process-eventSourcedProjection-passivation-race-entity-passivation-race-view: HandOff shard [0]
08:08:36.767 DEBUG a.c.sharding.DDataShardCoordinator - sharded-daemon-process-eventSourcedProjection-passivation-race-entity-passivation-race-consumer-b: Shard [0] deallocated after
08:08:36.767 DEBUG akka.cluster.sharding.Shard - sharded-daemon-process-eventSourcedProjection-passivation-race-entity-passivation-race-view: Starting HandOffStopper for shard [0] to terminate [1] entities.
08:08:36.767 DEBUG a.c.sharding.DDataShardCoordinator - sharded-daemon-process-eventSourcedProjection-passivation-race-entity-passivation-race-consumer-b: ShardRegion terminated (gracefully): [Actor[akka://akka-runtime/system/sharding/sharded-daemon-process-eventSourcedProjection-passivation-race-entity-passivation-race-consumer-b#1428280583]] {}
08:08:36.767 DEBUG a.c.sharding.DDataShardCoordinator - sharded-daemon-process-eventSourcedProjection-passivation-race-entity-passivation-race-consumer-b: GetShardHome [0] request from [Actor[akka://local/ignore]] stashed, because waiting for initial state or update of state. It will be handled afterwards.
08:08:36.767 DEBUG a.c.sharding.DDataShardCoordinator - sharded-daemon-process-eventSourcedProjection-passivation-race-entity-passivation-race-consumer-a: The coordinator state was successfully updated with ShardRegionTerminated(Actor[akka://akka-runtime/system/sharding/sharded-daemon-process-eventSourcedProjection-passivation-race-entity-passivation-race-consumer-a#585773521])
08:08:36.767 DEBUG a.c.sharding.DDataShardCoordinator - sharded-daemon-process-eventSourcedProjection-passivation-race-entity-passivation-race-consumer-a: ShardRegion stopped: [Actor[akka://akka-runtime/system/sharding/sharded-daemon-process-eventSourcedProjection-passivation-race-entity-passivation-race-consumer-a#585773521]]
08:08:36.767 DEBUG a.c.sharding.DDataShardCoordinator - sharded-daemon-process-eventSourcedProjection-passivation-race-entity-passivation-race-consumer-b: The coordinator state was successfully updated with ShardRegionTerminated(Actor[akka://akka-runtime/system/sharding/sharded-daemon-process-eventSourcedProjection-passivation-race-entity-passivation-race-consumer-b#1428280583])
08:08:36.768 DEBUG a.c.sharding.DDataShardCoordinator - sharded-daemon-process-eventSourcedProjection-passivation-race-entity-passivation-race-consumer-b: ShardRegion stopped: [Actor[akka://akka-runtime/system/sharding/sharded-daemon-process-eventSourcedProjection-passivation-race-entity-passivation-race-consumer-b#1428280583]]
08:08:36.768 DEBUG a.c.s.t.i.ShardedDaemonProcessState$ - eventSourcedProjection-passivation-race-entity-passivation-race-view: Deferred start of worker to verify its revision [0] is the latest
08:08:36.768 INFO  a.c.s.t.i.ShardedDaemonProcessState$ - eventSourcedProjection-passivation-race-entity-passivation-race-view: Starting Sharded Daemon Process [0] out of a total [1] (revision [0] and no state found)
08:08:37.533 WARN  a.c.s.ShardRegion$HandOffStopper - sharded-daemon-process-eventSourcedProjection-passivation-race-entity-passivation-race-view: [1] of the entities in shard [0] not stopped after [750 milliseconds]. Maybe the handOffStopMessage [akka.projection.ProjectionBehavior$Stop$] is not handled? Waiting additional [250 milliseconds] before stopping the remaining entities.
08:08:37.785 WARN  a.c.s.ShardRegion$HandOffStopper - sharded-daemon-process-eventSourcedProjection-passivation-race-entity-passivation-race-view: HandOffStopMessage [akka.projection.ProjectionBehavior$Stop$] is not handled by some of the entities in shard [0] after [1 second], stopping the remaining [1] entities.
08:08:37.786 DEBUG a.c.sharding.DDataShardCoordinator - sharded-daemon-process-eventSourcedProjection-passivation-race-entity-passivation-race-view: Shard [0] deallocation completed successfully.
08:08:37.786 DEBUG akka.cluster.sharding.Shard - sharded-daemon-process-eventSourcedProjection-passivation-race-entity-passivation-race-view: Shard [0] shutting down
08:08:37.786 DEBUG akka.actor.CoordinatedShutdown - Performing phase [cluster-leave] with [1] tasks.
08:08:37.786 DEBUG akka.actor.CoordinatedShutdown - Performing task [leave] in CoordinatedShutdown phase [cluster-leave]
08:08:37.786 DEBUG a.c.sharding.DDataShardCoordinator - sharded-daemon-process-eventSourcedProjection-passivation-race-entity-passivation-race-view: The coordinator state was successfully updated with ShardHomeDeallocated(0)
08:08:37.786 DEBUG a.c.sharding.DDataShardCoordinator - sharded-daemon-process-eventSourcedProjection-passivation-race-entity-passivation-race-view: Shard [0] deallocated after
08:08:37.786 DEBUG a.c.sharding.DDataShardCoordinator - sharded-daemon-process-eventSourcedProjection-passivation-race-entity-passivation-race-view: ShardRegion terminated (gracefully): [Actor[akka://akka-runtime/system/sharding/sharded-daemon-process-eventSourcedProjection-passivation-race-entity-passivation-race-view#-966277532]] {}
08:08:37.786 DEBUG a.c.sharding.DDataShardCoordinator - sharded-daemon-process-eventSourcedProjection-passivation-race-entity-passivation-race-view: GetShardHome [0] request from [Actor[akka://local/ignore]] stashed, because waiting for initial state or update of state. It will be handled afterwards.
08:08:37.787 DEBUG a.c.sharding.DDataShardCoordinator - sharded-daemon-process-eventSourcedProjection-passivation-race-entity-passivation-race-view: The coordinator state was successfully updated with ShardRegionTerminated(Actor[akka://akka-runtime/system/sharding/sharded-daemon-process-eventSourcedProjection-passivation-race-entity-passivation-race-view#-966277532])
08:08:37.787 DEBUG a.c.sharding.DDataShardCoordinator - sharded-daemon-process-eventSourcedProjection-passivation-race-entity-passivation-race-view: ShardRegion stopped: [Actor[akka://akka-runtime/system/sharding/sharded-daemon-process-eventSourcedProjection-passivation-race-entity-passivation-race-view#-966277532]]
08:08:37.788 DEBUG a.c.singleton.ClusterSingletonProxy - Creating singleton identification timer...
08:08:37.788 DEBUG a.c.singleton.ClusterSingletonProxy - Creating singleton identification timer...
08:08:37.788 DEBUG a.c.singleton.ClusterSingletonProxy - Creating singleton identification timer...
08:08:37.788 DEBUG a.c.singleton.ClusterSingletonProxy - Creating singleton identification timer...
08:08:37.788 DEBUG akka.actor.CoordinatedShutdown - Performing phase [cluster-exiting] with [28] tasks.
08:08:37.788 DEBUG akka.actor.CoordinatedShutdown - Performing task [wait-singleton-exiting] in CoordinatedShutdown phase [cluster-exiting]
08:08:37.788 DEBUG akka.actor.CoordinatedShutdown - Performing task [singleton-exiting-2] in CoordinatedShutdown phase [cluster-exiting]
08:08:37.788 DEBUG akka.actor.CoordinatedShutdown - Performing task [singleton-exiting-1] in CoordinatedShutdown phase [cluster-exiting]
08:08:37.788 INFO  a.c.s.ClusterSingletonManager - Exited [akka://akka-runtime@127.0.0.1:63310].
08:08:37.788 DEBUG akka.actor.CoordinatedShutdown - Performing task [singleton-exiting-1] in CoordinatedShutdown phase [cluster-exiting]
08:08:37.788 DEBUG akka.actor.CoordinatedShutdown - Performing task [singleton-exiting-1] in CoordinatedShutdown phase [cluster-exiting]
08:08:37.788 DEBUG akka.actor.CoordinatedShutdown - Performing task [singleton-exiting-1] in CoordinatedShutdown phase [cluster-exiting]
08:08:37.788 INFO  a.c.s.ClusterSingletonManager - Oldest observed OldestChanged: [akka://akka-runtime@127.0.0.1:63310 -> None]
08:08:37.788 INFO  a.c.s.ClusterSingletonManager - Oldest observed OldestChanged: [akka://akka-runtime@127.0.0.1:63310 -> None]
08:08:37.788 DEBUG akka.actor.CoordinatedShutdown - Performing task [wait-singleton-exiting] in CoordinatedShutdown phase [cluster-exiting]
08:08:37.788 DEBUG akka.actor.CoordinatedShutdown - Performing task [singleton-exiting-1] in CoordinatedShutdown phase [cluster-exiting]
08:08:37.788 INFO  a.c.s.ClusterSingletonManager - Oldest observed OldestChanged: [akka://akka-runtime@127.0.0.1:63310 -> None]
08:08:37.788 DEBUG akka.actor.CoordinatedShutdown - Performing task [singleton-exiting-1] in CoordinatedShutdown phase [cluster-exiting]
08:08:37.788 DEBUG akka.actor.CoordinatedShutdown - Performing task [wait-singleton-exiting] in CoordinatedShutdown phase [cluster-exiting]
08:08:37.788 DEBUG akka.actor.CoordinatedShutdown - Performing task [wait-singleton-exiting] in CoordinatedShutdown phase [cluster-exiting]
08:08:37.788 DEBUG akka.actor.CoordinatedShutdown - Performing task [wait-singleton-exiting] in CoordinatedShutdown phase [cluster-exiting]
08:08:37.788 INFO  a.c.s.ClusterSingletonManager - ClusterSingletonManager state change [Oldest -> WasOldest]
08:08:37.788 INFO  a.c.s.ClusterSingletonManager - ClusterSingletonManager state change [Oldest -> WasOldest]
08:08:37.788 INFO  a.c.s.ClusterSingletonManager - Oldest observed OldestChanged: [akka://akka-runtime@127.0.0.1:63310 -> None]
08:08:37.788 DEBUG akka.actor.CoordinatedShutdown - Performing task [wait-exiting] in CoordinatedShutdown phase [cluster-exiting]
08:08:37.788 INFO  a.c.s.ClusterSingletonManager - Oldest observed OldestChanged: [akka://akka-runtime@127.0.0.1:63310 -> None]
08:08:37.788 DEBUG akka.actor.CoordinatedShutdown - Performing task [singleton-exiting-2] in CoordinatedShutdown phase [cluster-exiting]
08:08:37.788 INFO  a.c.s.ClusterSingletonManager - ClusterSingletonManager state change [Oldest -> WasOldest]
08:08:37.788 INFO  a.c.s.ClusterSingletonManager - ClusterSingletonManager state change [Oldest -> WasOldest]
08:08:37.788 DEBUG akka.actor.CoordinatedShutdown - Performing task [wait-singleton-exiting] in CoordinatedShutdown phase [cluster-exiting]
08:08:37.788 INFO  a.c.s.ClusterSingletonManager - Exited [akka://akka-runtime@127.0.0.1:63310].
08:08:37.788 DEBUG akka.actor.CoordinatedShutdown - Performing task [singleton-exiting-1] in CoordinatedShutdown phase [cluster-exiting]
08:08:37.788 DEBUG akka.actor.CoordinatedShutdown - Performing task [singleton-exiting-2] in CoordinatedShutdown phase [cluster-exiting]
08:08:37.788 INFO  a.c.s.ClusterSingletonManager - Oldest observed OldestChanged: [akka://akka-runtime@127.0.0.1:63310 -> None]
08:08:37.788 INFO  a.c.s.ClusterSingletonManager - Oldest observed OldestChanged: [akka://akka-runtime@127.0.0.1:63310 -> None]
08:08:37.788 DEBUG akka.actor.CoordinatedShutdown - Performing task [wait-singleton-exiting] in CoordinatedShutdown phase [cluster-exiting]
08:08:37.788 DEBUG akka.actor.CoordinatedShutdown - Performing task [singleton-exiting-1] in CoordinatedShutdown phase [cluster-exiting]
08:08:37.788 INFO  a.c.s.ClusterSingletonManager - ClusterSingletonManager state change [Oldest -> WasOldest]
08:08:37.788 INFO  a.c.s.ClusterSingletonManager - Exited [akka://akka-runtime@127.0.0.1:63310].
08:08:37.788 DEBUG akka.actor.CoordinatedShutdown - Performing task [singleton-exiting-1] in CoordinatedShutdown phase [cluster-exiting]
08:08:37.788 INFO  a.c.s.ClusterSingletonManager - ClusterSingletonManager state change [Oldest -> WasOldest]
08:08:37.788 DEBUG akka.actor.CoordinatedShutdown - Performing task [singleton-exiting-2] in CoordinatedShutdown phase [cluster-exiting]
08:08:37.788 DEBUG akka.actor.CoordinatedShutdown - Performing task [singleton-exiting-2] in CoordinatedShutdown phase [cluster-exiting]
08:08:37.788 INFO  a.c.s.ClusterSingletonManager - ClusterSingletonManager state change [Oldest -> WasOldest]
08:08:37.788 INFO  a.c.s.ClusterSingletonManager - Exited [akka://akka-runtime@127.0.0.1:63310].
08:08:37.788 INFO  a.c.s.ClusterSingletonManager - Singleton manager stopping singleton actor [akka://akka-runtime/system/sharding/sharded-daemon-process-eventSourcedProjection-passivation-race-entity-passivation-race-viewCoordinator/singleton]
08:08:37.789 DEBUG akka.actor.CoordinatedShutdown - Performing task [singleton-exiting-2] in CoordinatedShutdown phase [cluster-exiting]
08:08:37.789 INFO  a.c.s.ClusterSingletonManager - Oldest observed OldestChanged: [akka://akka-runtime@127.0.0.1:63310 -> None]
08:08:37.789 INFO  a.c.s.ClusterSingletonManager - Oldest observed OldestChanged: [akka://akka-runtime@127.0.0.1:63310 -> None]
08:08:37.789 DEBUG akka.actor.CoordinatedShutdown - Performing task [singleton-exiting-2] in CoordinatedShutdown phase [cluster-exiting]
08:08:37.789 INFO  a.c.s.ClusterSingletonManager - ClusterSingletonManager state change [WasOldest -> Stopping]
08:08:37.789 INFO  a.c.s.ClusterSingletonManager - Singleton manager stopping singleton actor [akka://akka-runtime/system/sharding/sharded-daemon-process-eventSourcedProjection-passivation-race-entity-passivation-race-consumer-bCoordinator/singleton]
08:08:37.789 INFO  a.c.s.ClusterSingletonManager - Singleton manager stopping singleton actor [akka://akka-runtime/system/singletonManagerShardedDaemonProcessCoordinator-eventSourcedProjection-passivation-race-entity-passivation-race-view/ShardedDaemonProcessCoordinator-eventSourcedProjection-passivation-race-entity-passivation-race-view]
08:08:37.789 DEBUG akka.actor.CoordinatedShutdown - Performing task [wait-singleton-exiting] in CoordinatedShutdown phase [cluster-exiting]
08:08:37.789 INFO  a.c.s.ClusterSingletonManager - ClusterSingletonManager state change [Oldest -> WasOldest]
08:08:37.789 INFO  a.c.s.ClusterSingletonManager - ClusterSingletonManager state change [Oldest -> WasOldest]
08:08:37.789 DEBUG akka.actor.CoordinatedShutdown - Performing task [singleton-exiting-2] in CoordinatedShutdown phase [cluster-exiting]
08:08:37.789 INFO  a.c.s.ClusterSingletonManager - ClusterSingletonManager state change [WasOldest -> Stopping]
08:08:37.789 INFO  a.c.s.ClusterSingletonManager - ClusterSingletonManager state change [WasOldest -> Stopping]
08:08:37.789 DEBUG akka.actor.CoordinatedShutdown - Performing task [wait-singleton-exiting] in CoordinatedShutdown phase [cluster-exiting]
08:08:37.789 INFO  a.c.s.ClusterSingletonManager - Singleton manager stopping singleton actor [akka://akka-runtime/system/singletonManagerShardedDaemonProcessCoordinator-eventSourcedProjection-passivation-race-entity-passivation-race-consumer-b/ShardedDaemonProcessCoordinator-eventSourcedProjection-passivation-race-entity-passivation-race-consumer-b]
08:08:37.789 INFO  a.c.s.ClusterSingletonManager - Exited [akka://akka-runtime@127.0.0.1:63310].
08:08:37.789 INFO  a.c.s.ClusterSingletonManager - Exited [akka://akka-runtime@127.0.0.1:63310].
08:08:37.789 DEBUG akka.actor.CoordinatedShutdown - Performing task [singleton-exiting-2] in CoordinatedShutdown phase [cluster-exiting]
08:08:37.789 INFO  a.c.s.ClusterSingletonManager - ClusterSingletonManager state change [WasOldest -> Stopping]
08:08:37.789 DEBUG a.c.sharding.DDataShardCoordinator - sharded-daemon-process-eventSourcedProjection-passivation-race-entity-passivation-race-view: Received termination message.
08:08:37.789 DEBUG a.c.sharding.DDataShardCoordinator - sharded-daemon-process-eventSourcedProjection-passivation-race-entity-passivation-race-consumer-b: Received termination message.
08:08:37.789 INFO  a.c.s.ClusterSingletonManager - Singleton manager stopping singleton actor [akka://akka-runtime/system/sharding/_timerCoordinator/singleton]
08:08:37.789 INFO  a.c.s.ClusterSingletonManager - Singleton manager stopping singleton actor [akka://akka-runtime/system/singletonManagerschemaSingleton/schemaSingleton]
08:08:37.789 INFO  a.c.s.ClusterSingletonManager - ClusterSingletonManager state change [WasOldest -> Stopping]
08:08:37.789 INFO  a.c.s.ClusterSingletonManager - ClusterSingletonManager state change [WasOldest -> Stopping]
08:08:37.789 DEBUG a.c.sharding.DDataShardCoordinator - _timer: Received termination message.
08:08:37.789 INFO  a.c.s.ClusterSingletonManager - Exited [akka://akka-runtime@127.0.0.1:63310].
08:08:37.789 INFO  a.c.s.ClusterSingletonManager - Exited [akka://akka-runtime@127.0.0.1:63310].
08:08:37.789 INFO  a.c.s.ClusterSingletonManager - Singleton actor [akka://akka-runtime/system/singletonManagerschemaSingleton/schemaSingleton] was terminated
08:08:37.789 INFO  a.c.s.ClusterSingletonManager - Singleton actor [akka://akka-runtime/system/singletonManagerShardedDaemonProcessCoordinator-eventSourcedProjection-passivation-race-entity-passivation-race-view/ShardedDaemonProcessCoordinator-eventSourcedProjection-passivation-race-entity-passivation-race-view] was terminated
08:08:37.789 INFO  a.c.s.ClusterSingletonManager - Singleton actor [akka://akka-runtime/system/singletonManagerShardedDaemonProcessCoordinator-eventSourcedProjection-passivation-race-entity-passivation-race-consumer-b/ShardedDaemonProcessCoordinator-eventSourcedProjection-passivation-race-entity-passivation-race-consumer-b] was terminated
08:08:37.789 INFO  a.c.s.ClusterSingletonManager - Singleton actor [akka://akka-runtime/system/sharding/sharded-daemon-process-eventSourcedProjection-passivation-race-entity-passivation-race-viewCoordinator/singleton] was terminated
08:08:37.789 INFO  a.c.s.ClusterSingletonManager - Exited [akka://akka-runtime@127.0.0.1:63310].
08:08:37.789 INFO  a.c.s.ClusterSingletonManager - Singleton manager stopping singleton actor [akka://akka-runtime/system/singletonManagerShardedDaemonProcessCoordinator-eventSourcedProjection-passivation-race-entity-passivation-race-consumer-a/ShardedDaemonProcessCoordinator-eventSourcedProjection-passivation-race-entity-passivation-race-consumer-a]
08:08:37.789 INFO  a.c.s.ClusterSingletonManager - ClusterSingletonManager state change [WasOldest -> Stopping]
08:08:37.789 INFO  a.c.s.ClusterSingletonManager - Singleton manager stopping singleton actor [akka://akka-runtime/system/sharding/passivation-race-entityCoordinator/singleton]
08:08:37.789 INFO  a.c.s.ClusterSingletonManager - ClusterSingletonManager state change [WasOldest -> Stopping]
08:08:37.789 INFO  a.c.s.ClusterSingletonManager - Singleton manager stopping singleton actor [akka://akka-runtime/system/sharding/sharded-daemon-process-eventSourcedProjection-passivation-race-entity-passivation-race-consumer-aCoordinator/singleton]
08:08:37.789 INFO  a.c.s.ClusterSingletonManager - ClusterSingletonManager state change [WasOldest -> Stopping]
08:08:37.789 DEBUG a.c.sharding.DDataShardCoordinator - sharded-daemon-process-eventSourcedProjection-passivation-race-entity-passivation-race-consumer-a: Received termination message.
08:08:37.789 INFO  a.c.s.ClusterSingletonManager - Singleton actor [akka://akka-runtime/system/sharding/sharded-daemon-process-eventSourcedProjection-passivation-race-entity-passivation-race-consumer-bCoordinator/singleton] was terminated
08:08:37.789 DEBUG a.c.sharding.DDataShardCoordinator - passivation-race-entity: Received termination message.
08:08:37.789 INFO  a.c.s.ClusterSingletonManager - Singleton actor [akka://akka-runtime/system/sharding/_timerCoordinator/singleton] was terminated
08:08:37.789 INFO  a.c.s.ClusterSingletonManager - Singleton actor [akka://akka-runtime/system/singletonManagerShardedDaemonProcessCoordinator-eventSourcedProjection-passivation-race-entity-passivation-race-consumer-a/ShardedDaemonProcessCoordinator-eventSourcedProjection-passivation-race-entity-passivation-race-consumer-a] was terminated
08:08:37.789 INFO  a.c.s.ClusterSingletonManager - Singleton actor [akka://akka-runtime/system/sharding/sharded-daemon-process-eventSourcedProjection-passivation-race-entity-passivation-race-consumer-aCoordinator/singleton] was terminated
08:08:37.789 INFO  a.c.s.ClusterSingletonManager - Singleton actor [akka://akka-runtime/system/sharding/passivation-race-entityCoordinator/singleton] was terminated
08:08:37.789 DEBUG akka.actor.CoordinatedShutdown - Performing phase [cluster-exiting-done] with [1] tasks.
08:08:37.789 DEBUG akka.actor.CoordinatedShutdown - Performing task [exiting-completed] in CoordinatedShutdown phase [cluster-exiting-done]
08:08:37.789 DEBUG akka.actor.CoordinatedShutdown - Performing phase [cluster-shutdown] with [1] tasks.
08:08:37.789 DEBUG akka.actor.CoordinatedShutdown - Performing task [wait-shutdown] in CoordinatedShutdown phase [cluster-shutdown]
08:08:37.790 DEBUG akka.actor.CoordinatedShutdown - Performing phase [before-actor-system-terminate] with [2] tasks.
08:08:37.790 DEBUG akka.actor.CoordinatedShutdown - Performing task [close connection pools] in CoordinatedShutdown phase [before-actor-system-terminate]
08:08:37.790 DEBUG akka.actor.CoordinatedShutdown - Performing task [close-grpc-channels] in CoordinatedShutdown phase [before-actor-system-terminate]
08:08:37.791 DEBUG akka.actor.CoordinatedShutdown - Performing phase [actor-system-terminate] with [1] tasks.
08:08:37.791 DEBUG akka.actor.CoordinatedShutdown - Performing task [terminate-system] in CoordinatedShutdown phase [actor-system-terminate]
08:08:37.861 INFO  akka.runtime.AkkaRuntimeMain - Starting Akka Runtime version [1.6.15]
08:08:37.868 INFO  akka.javasdk.impl.ComponentLocator$ - Looking for component descriptors matching pattern [META-INF/akka-javasdk-components_*.conf]
08:08:37.873 INFO  akka.javasdk.testkit.TestKit - Eventing TestKit booting up on port: 63314
08:08:37.875 DEBUG a.c.singleton.ClusterSingletonProxy - Creating singleton identification timer...
08:08:37.875 DEBUG a.c.singleton.ClusterSingletonProxy - Singleton not available, buffering message type [kalix.runtime.SchemaSingleton$ExecDdl]
08:08:37.875 DEBUG a.c.singleton.ClusterSingletonProxy - Trying to identify singleton at [akka://akka-runtime@127.0.0.1:63315/system/singletonManagerschemaSingleton/schemaSingleton]
08:08:37.875 INFO  a.c.s.ClusterSingletonManager - Singleton manager starting singleton actor [akka://akka-runtime/system/singletonManagerschemaSingleton/schemaSingleton]
08:08:37.875 INFO  a.c.s.ClusterSingletonManager - ClusterSingletonManager state change [Start -> Oldest]
08:08:37.876 INFO  akka.javasdk.testkit.TestKit - Checking runtime status
08:08:37.945 DEBUG a.c.singleton.ClusterSingletonProxy - Trying to identify singleton at [akka://akka-runtime@127.0.0.1:63315/system/singletonManagerschemaSingleton/schemaSingleton]
08:08:37.945 INFO  a.c.singleton.ClusterSingletonProxy - Singleton identified at [akka://akka-runtime/system/singletonManagerschemaSingleton/schemaSingleton]
08:08:37.945 DEBUG a.c.singleton.ClusterSingletonProxy - Sending buffered messages to current singleton instance
08:08:37.946 INFO  a.c.s.typed.scaladsl.ClusterSharding - Starting Shard Region [passivation-race-entity]...
08:08:37.947 INFO  akka.cluster.sharding.ShardRegion - passivation-race-entity: Automatic entity passivation: composite strategy with limit of [10000] active entities, admission window (least recently used entities) with proportions [initial = 0.01, min = 0.01, max = 1.0] adapting with hill-climbing optimizer [adjust multiplier = 10.0, initial step = 0.0625, restart threshold = 0.05, step decay = 0.98], admit using frequency sketch [width multiplier = 4, reset multiplier = 10.0, depth = 4, counter bits = 4], main (least recently used entities (segmented with [2] levels with proportions of [0.20, 0.80]))
08:08:37.948 INFO  a.c.s.ClusterSingletonManager - Singleton manager starting singleton actor [akka://akka-runtime/system/sharding/passivation-race-entityCoordinator/singleton]
08:08:37.948 INFO  a.c.s.ClusterSingletonManager - ClusterSingletonManager state change [Start -> Oldest]
08:08:37.948 DEBUG a.c.sharding.DDataShardCoordinator - passivation-race-entity: Initial coordinator is empty.
08:08:37.948 INFO  a.c.sharding.DDataShardCoordinator - passivation-race-entity: ShardCoordinator was moved to the active state with [0] shards
08:08:37.950 DEBUG a.c.singleton.ClusterSingletonProxy - Forwarding message of type [SchemaSingleton$ExecDdl] to current singleton instance at [akka://akka-runtime/system/singletonManagerschemaSingleton/schemaSingleton]
08:08:37.951 INFO  akka.runtime.DiscoveryManager - Service components: EventSourcedEntity: [1], Consumer: [2], View: [1]
08:08:37.952 INFO  a.c.s.typed.scaladsl.ClusterSharding - Starting Shard Region [_timer]...
08:08:37.952 INFO  a.c.s.typed.scaladsl.ClusterSharding - Starting Shard Region [sharded-daemon-process-eventSourcedProjection-passivation-race-entity-passivation-race-consumer-a]...
08:08:37.952 INFO  akka.cluster.sharding.ShardRegion - sharded-daemon-process-eventSourcedProjection-passivation-race-entity-passivation-race-consumer-a: Automatic entity passivation: disabled
08:08:37.953 INFO  a.c.s.typed.scaladsl.ClusterSharding - Starting Shard Region [sharded-daemon-process-eventSourcedProjection-passivation-race-entity-passivation-race-consumer-b]...
08:08:37.953 INFO  akka.cluster.sharding.ShardRegion - sharded-daemon-process-eventSourcedProjection-passivation-race-entity-passivation-race-consumer-b: Automatic entity passivation: disabled
08:08:37.953 DEBUG a.c.singleton.ClusterSingletonProxy - Creating singleton identification timer...
08:08:37.953 INFO  a.c.s.ClusterSingletonManager - Singleton manager starting singleton actor [akka://akka-runtime/system/sharding/_timerCoordinator/singleton]
08:08:37.953 DEBUG a.c.singleton.ClusterSingletonProxy - Trying to identify singleton at [akka://akka-runtime@127.0.0.1:63315/system/singletonManagerShardedDaemonProcessCoordinator-eventSourcedProjection-passivation-race-entity-passivation-race-consumer-a/ShardedDaemonProcessCoordinator-eventSourcedProjection-passivation-race-entity-passivation-race-consumer-a]
08:08:37.953 INFO  a.c.s.ClusterSingletonManager - ClusterSingletonManager state change [Start -> Oldest]
08:08:37.953 DEBUG a.c.sharding.DDataShardCoordinator - _timer: Starting remember entities store from provider akka.cluster.sharding.internal.DDataRememberEntitiesProvider@326c703b
08:08:37.953 INFO  a.c.s.ClusterSingletonManager - Singleton manager starting singleton actor [akka://akka-runtime/system/sharding/sharded-daemon-process-eventSourcedProjection-passivation-race-entity-passivation-race-consumer-aCoordinator/singleton]
08:08:37.953 DEBUG a.c.sharding.DDataShardCoordinator - _timer: Initial coordinator is empty.
08:08:37.953 INFO  a.c.sharding.DDataShardCoordinator - _timer: ShardCoordinator was moved to the active state with [0] shards
08:08:37.953 INFO  a.c.s.ClusterSingletonManager - Singleton manager starting singleton actor [akka://akka-runtime/system/singletonManagerShardedDaemonProcessCoordinator-eventSourcedProjection-passivation-race-entity-passivation-race-consumer-a/ShardedDaemonProcessCoordinator-eventSourcedProjection-passivation-race-entity-passivation-race-consumer-a]
08:08:37.953 INFO  a.c.s.ClusterSingletonManager - ClusterSingletonManager state change [Start -> Oldest]
08:08:37.954 DEBUG a.c.s.t.i.ShardedDaemonProcessCoordinator$ - ShardedDaemonProcessCoordinator for [eventSourcedProjection-passivation-race-entity-passivation-race-consumer-a] starting
08:08:37.954 INFO  a.c.s.ClusterSingletonManager - ClusterSingletonManager state change [Start -> Oldest]
08:08:37.954 DEBUG a.c.sharding.DDataShardCoordinator - _timer: Received [0] remembered shard ids (after state initialized)
08:08:37.954 DEBUG a.c.s.t.i.ShardedDaemonProcessCoordinator$ - eventSourcedProjection-passivation-race-entity-passivation-race-consumer-a: No previous state stored for Sharded Daemon Process
08:08:37.954 DEBUG a.c.s.t.i.ShardedDaemonProcessCoordinator$ - Sending periodic keep alive for Sharded Daemon Process [eventSourcedProjection-passivation-race-entity-passivation-race-consumer-a] to [1] processes (revision [0]).
08:08:37.954 INFO  a.c.s.ClusterSingletonManager - Singleton manager starting singleton actor [akka://akka-runtime/system/sharding/sharded-daemon-process-eventSourcedProjection-passivation-race-entity-passivation-race-consumer-bCoordinator/singleton]
08:08:37.954 INFO  a.c.s.ClusterSingletonManager - ClusterSingletonManager state change [Start -> Oldest]
08:08:37.954 DEBUG a.c.sharding.DDataShardCoordinator - sharded-daemon-process-eventSourcedProjection-passivation-race-entity-passivation-race-consumer-a: Initial coordinator is empty.
08:08:37.954 DEBUG a.c.sharding.DDataShardCoordinator - sharded-daemon-process-eventSourcedProjection-passivation-race-entity-passivation-race-consumer-b: Initial coordinator is empty.
08:08:37.954 INFO  a.c.sharding.DDataShardCoordinator - sharded-daemon-process-eventSourcedProjection-passivation-race-entity-passivation-race-consumer-b: ShardCoordinator was moved to the active state with [0] shards
08:08:37.954 INFO  a.c.sharding.DDataShardCoordinator - sharded-daemon-process-eventSourcedProjection-passivation-race-entity-passivation-race-consumer-a: ShardCoordinator was moved to the active state with [0] shards
08:08:37.954 INFO  a.c.s.typed.scaladsl.ClusterSharding - Starting Shard Region [sharded-daemon-process-eventSourcedProjection-passivation-race-entity-passivation-race-view]...
08:08:37.954 INFO  akka.cluster.sharding.ShardRegion - sharded-daemon-process-eventSourcedProjection-passivation-race-entity-passivation-race-view: Automatic entity passivation: disabled
08:08:37.954 DEBUG a.c.singleton.ClusterSingletonProxy - Creating singleton identification timer...
08:08:37.954 DEBUG a.c.singleton.ClusterSingletonProxy - Trying to identify singleton at [akka://akka-runtime@127.0.0.1:63315/system/singletonManagerShardedDaemonProcessCoordinator-eventSourcedProjection-passivation-race-entity-passivation-race-consumer-b/ShardedDaemonProcessCoordinator-eventSourcedProjection-passivation-race-entity-passivation-race-consumer-b]
08:08:37.955 DEBUG a.c.singleton.ClusterSingletonProxy - Creating singleton identification timer...
08:08:37.955 DEBUG a.c.singleton.ClusterSingletonProxy - Trying to identify singleton at [akka://akka-runtime@127.0.0.1:63315/system/singletonManagerShardedDaemonProcessCoordinator-eventSourcedProjection-passivation-race-entity-passivation-race-view/ShardedDaemonProcessCoordinator-eventSourcedProjection-passivation-race-entity-passivation-race-view]
08:08:37.955 INFO  akka.runtime.DiscoveryManager - Akka Runtime started at 127.0.0.1:63313
08:08:37.955 INFO  a.c.s.ClusterSingletonManager - Singleton manager starting singleton actor [akka://akka-runtime/system/singletonManagerShardedDaemonProcessCoordinator-eventSourcedProjection-passivation-race-entity-passivation-race-consumer-b/ShardedDaemonProcessCoordinator-eventSourcedProjection-passivation-race-entity-passivation-race-consumer-b]
08:08:37.955 INFO  a.c.s.ClusterSingletonManager - ClusterSingletonManager state change [Start -> Oldest]
08:08:37.955 INFO  a.c.s.ClusterSingletonManager - Singleton manager starting singleton actor [akka://akka-runtime/system/sharding/sharded-daemon-process-eventSourcedProjection-passivation-race-entity-passivation-race-viewCoordinator/singleton]
08:08:37.955 INFO  a.c.s.ClusterSingletonManager - ClusterSingletonManager state change [Start -> Oldest]
08:08:37.955 DEBUG a.c.s.t.i.ShardedDaemonProcessCoordinator$ - ShardedDaemonProcessCoordinator for [eventSourcedProjection-passivation-race-entity-passivation-race-consumer-b] starting
08:08:37.955 INFO  repro.Bootstrap - onStartup burst of 8 starting
08:08:37.955 INFO  a.c.s.ClusterSingletonManager - Singleton manager starting singleton actor [akka://akka-runtime/system/singletonManagerShardedDaemonProcessCoordinator-eventSourcedProjection-passivation-race-entity-passivation-race-view/ShardedDaemonProcessCoordinator-eventSourcedProjection-passivation-race-entity-passivation-race-view]
08:08:37.955 INFO  a.c.s.ClusterSingletonManager - ClusterSingletonManager state change [Start -> Oldest]
08:08:37.955 DEBUG a.c.sharding.DDataShardCoordinator - sharded-daemon-process-eventSourcedProjection-passivation-race-entity-passivation-race-view: Initial coordinator is empty.
08:08:37.955 DEBUG a.c.s.t.i.ShardedDaemonProcessCoordinator$ - eventSourcedProjection-passivation-race-entity-passivation-race-consumer-b: No previous state stored for Sharded Daemon Process
08:08:37.955 INFO  a.c.sharding.DDataShardCoordinator - sharded-daemon-process-eventSourcedProjection-passivation-race-entity-passivation-race-view: ShardCoordinator was moved to the active state with [0] shards
08:08:37.955 DEBUG a.c.s.t.i.ShardedDaemonProcessCoordinator$ - ShardedDaemonProcessCoordinator for [eventSourcedProjection-passivation-race-entity-passivation-race-view] starting
08:08:37.955 DEBUG a.c.s.t.i.ShardedDaemonProcessCoordinator$ - Sending periodic keep alive for Sharded Daemon Process [eventSourcedProjection-passivation-race-entity-passivation-race-consumer-b] to [1] processes (revision [0]).
08:08:37.955 DEBUG a.c.s.t.i.ShardedDaemonProcessCoordinator$ - eventSourcedProjection-passivation-race-entity-passivation-race-view: No previous state stored for Sharded Daemon Process
08:08:37.955 DEBUG a.c.s.t.i.ShardedDaemonProcessCoordinator$ - Sending periodic keep alive for Sharded Daemon Process [eventSourcedProjection-passivation-race-entity-passivation-race-view] to [1] processes (revision [0]).
08:08:37.997 INFO  akka.javasdk.testkit.TestKit - Runtime started
08:08:37.997 INFO  akka.actor.CoordinatedShutdown - Running CoordinatedShutdown with reason [ActorSystemTerminateReason]
08:08:37.997 DEBUG akka.actor.CoordinatedShutdown - Performing phase [before-service-unbind] with [0] tasks
08:08:37.997 DEBUG akka.actor.CoordinatedShutdown - Performing phase [service-unbind] with [1] tasks.
08:08:37.997 DEBUG akka.actor.CoordinatedShutdown - Performing task [http-unbind-/127.0.0.1:63313] in CoordinatedShutdown phase [service-unbind]
08:08:37.998 DEBUG akka.actor.CoordinatedShutdown - Performing phase [service-requests-done] with [1] tasks.
08:08:37.998 DEBUG akka.actor.CoordinatedShutdown - Performing task [http-terminate-/127.0.0.1:63313] in CoordinatedShutdown phase [service-requests-done]
08:08:37.998 DEBUG akka.actor.CoordinatedShutdown - Performing phase [service-stop] with [1] tasks.
08:08:37.998 DEBUG akka.actor.CoordinatedShutdown - Performing task [stop-grpc-clients] in CoordinatedShutdown phase [service-stop]
08:08:37.998 DEBUG akka.actor.CoordinatedShutdown - Performing phase [before-cluster-shutdown] with [0] tasks
08:08:37.998 DEBUG akka.actor.CoordinatedShutdown - Performing phase [cluster-sharding-shutdown-region] with [5] tasks.
08:08:37.998 DEBUG akka.actor.CoordinatedShutdown - Performing task [region-shutdown] in CoordinatedShutdown phase [cluster-sharding-shutdown-region]
08:08:37.998 DEBUG akka.actor.CoordinatedShutdown - Performing task [region-shutdown] in CoordinatedShutdown phase [cluster-sharding-shutdown-region]
08:08:37.998 DEBUG akka.actor.CoordinatedShutdown - Performing task [region-shutdown] in CoordinatedShutdown phase [cluster-sharding-shutdown-region]
08:08:37.998 DEBUG akka.actor.CoordinatedShutdown - Performing task [region-shutdown] in CoordinatedShutdown phase [cluster-sharding-shutdown-region]
08:08:37.998 DEBUG akka.actor.CoordinatedShutdown - Performing task [region-shutdown] in CoordinatedShutdown phase [cluster-sharding-shutdown-region]
08:08:37.998 DEBUG a.c.sharding.DDataShardCoordinator - _timer: Unknown region requested graceful shutdown [Actor[akka://akka-runtime/system/sharding/_timer#-2029115460]]
08:08:37.998 DEBUG a.c.sharding.DDataShardCoordinator - passivation-race-entity: Unknown region requested graceful shutdown [Actor[akka://akka-runtime/system/sharding/passivation-race-entity#565222559]]
08:08:37.998 DEBUG a.c.sharding.DDataShardCoordinator - sharded-daemon-process-eventSourcedProjection-passivation-race-entity-passivation-race-view: Unknown region requested graceful shutdown [Actor[akka://akka-runtime/system/sharding/sharded-daemon-process-eventSourcedProjection-passivation-race-entity-passivation-race-view#1782926350]]
08:08:37.998 DEBUG a.c.sharding.DDataShardCoordinator - sharded-daemon-process-eventSourcedProjection-passivation-race-entity-passivation-race-consumer-a: Unknown region requested graceful shutdown [Actor[akka://akka-runtime/system/sharding/sharded-daemon-process-eventSourcedProjection-passivation-race-entity-passivation-race-consumer-a#909088686]]
08:08:37.998 DEBUG a.c.sharding.DDataShardCoordinator - sharded-daemon-process-eventSourcedProjection-passivation-race-entity-passivation-race-consumer-b: Unknown region requested graceful shutdown [Actor[akka://akka-runtime/system/sharding/sharded-daemon-process-eventSourcedProjection-passivation-race-entity-passivation-race-consumer-b#254750445]]
08:08:38.015 DEBUG a.c.singleton.ClusterSingletonProxy - Trying to identify singleton at [akka://akka-runtime@127.0.0.1:63315/system/singletonManagerShardedDaemonProcessCoordinator-eventSourcedProjection-passivation-race-entity-passivation-race-consumer-a/ShardedDaemonProcessCoordinator-eventSourcedProjection-passivation-race-entity-passivation-race-consumer-a]
08:08:38.015 DEBUG a.c.singleton.ClusterSingletonProxy - Trying to identify singleton at [akka://akka-runtime@127.0.0.1:63315/system/singletonManagerShardedDaemonProcessCoordinator-eventSourcedProjection-passivation-race-entity-passivation-race-consumer-b/ShardedDaemonProcessCoordinator-eventSourcedProjection-passivation-race-entity-passivation-race-consumer-b]
08:08:38.015 INFO  a.c.singleton.ClusterSingletonProxy - Singleton identified at [akka://akka-runtime/system/singletonManagerShardedDaemonProcessCoordinator-eventSourcedProjection-passivation-race-entity-passivation-race-consumer-b/ShardedDaemonProcessCoordinator-eventSourcedProjection-passivation-race-entity-passivation-race-consumer-b]
08:08:38.015 INFO  a.c.singleton.ClusterSingletonProxy - Singleton identified at [akka://akka-runtime/system/singletonManagerShardedDaemonProcessCoordinator-eventSourcedProjection-passivation-race-entity-passivation-race-consumer-a/ShardedDaemonProcessCoordinator-eventSourcedProjection-passivation-race-entity-passivation-race-consumer-a]
08:08:38.015 DEBUG a.c.singleton.ClusterSingletonProxy - Sending buffered messages to current singleton instance
08:08:38.015 DEBUG a.c.singleton.ClusterSingletonProxy - Sending buffered messages to current singleton instance
08:08:38.024 DEBUG a.c.singleton.ClusterSingletonProxy - Trying to identify singleton at [akka://akka-runtime@127.0.0.1:63315/system/singletonManagerShardedDaemonProcessCoordinator-eventSourcedProjection-passivation-race-entity-passivation-race-view/ShardedDaemonProcessCoordinator-eventSourcedProjection-passivation-race-entity-passivation-race-view]
08:08:38.024 INFO  a.c.singleton.ClusterSingletonProxy - Singleton identified at [akka://akka-runtime/system/singletonManagerShardedDaemonProcessCoordinator-eventSourcedProjection-passivation-race-entity-passivation-race-view/ShardedDaemonProcessCoordinator-eventSourcedProjection-passivation-race-entity-passivation-race-view]
08:08:38.024 DEBUG a.c.singleton.ClusterSingletonProxy - Sending buffered messages to current singleton instance
08:08:38.215 DEBUG a.c.sharding.DDataShardCoordinator - passivation-race-entity: ShardRegion registered: [Actor[akka://akka-runtime/system/sharding/passivation-race-entity#565222559]]
08:08:38.215 DEBUG a.c.sharding.DDataShardCoordinator - sharded-daemon-process-eventSourcedProjection-passivation-race-entity-passivation-race-consumer-a: ShardRegion registered: [Actor[akka://akka-runtime/system/sharding/sharded-daemon-process-eventSourcedProjection-passivation-race-entity-passivation-race-consumer-a#909088686]]
08:08:38.215 DEBUG a.c.sharding.DDataShardCoordinator - sharded-daemon-process-eventSourcedProjection-passivation-race-entity-passivation-race-view: ShardRegion registered: [Actor[akka://akka-runtime/system/sharding/sharded-daemon-process-eventSourcedProjection-passivation-race-entity-passivation-race-view#1782926350]]
08:08:38.215 DEBUG a.c.sharding.DDataShardCoordinator - sharded-daemon-process-eventSourcedProjection-passivation-race-entity-passivation-race-consumer-b: ShardRegion registered: [Actor[akka://akka-runtime/system/sharding/sharded-daemon-process-eventSourcedProjection-passivation-race-entity-passivation-race-consumer-b#254750445]]
08:08:38.215 DEBUG a.c.sharding.DDataShardCoordinator - sharded-daemon-process-eventSourcedProjection-passivation-race-entity-passivation-race-consumer-a: The coordinator state was successfully updated with ShardRegionRegistered(Actor[akka://akka-runtime/system/sharding/sharded-daemon-process-eventSourcedProjection-passivation-race-entity-passivation-race-consumer-a#909088686])
08:08:38.216 DEBUG a.c.sharding.DDataShardCoordinator - passivation-race-entity: The coordinator state was successfully updated with ShardRegionRegistered(Actor[akka://akka-runtime/system/sharding/passivation-race-entity#565222559])
08:08:38.216 DEBUG a.c.sharding.DDataShardCoordinator - sharded-daemon-process-eventSourcedProjection-passivation-race-entity-passivation-race-consumer-b: The coordinator state was successfully updated with ShardRegionRegistered(Actor[akka://akka-runtime/system/sharding/sharded-daemon-process-eventSourcedProjection-passivation-race-entity-passivation-race-consumer-b#254750445])
08:08:38.216 DEBUG a.c.sharding.DDataShardCoordinator - sharded-daemon-process-eventSourcedProjection-passivation-race-entity-passivation-race-view: The coordinator state was successfully updated with ShardRegionRegistered(Actor[akka://akka-runtime/system/sharding/sharded-daemon-process-eventSourcedProjection-passivation-race-entity-passivation-race-view#1782926350])
08:08:38.216 DEBUG a.c.sharding.DDataShardCoordinator - sharded-daemon-process-eventSourcedProjection-passivation-race-entity-passivation-race-consumer-a: The coordinator state was successfully updated with ShardHomeAllocated(0,Actor[akka://akka-runtime/system/sharding/sharded-daemon-process-eventSourcedProjection-passivation-race-entity-passivation-race-consumer-a#909088686])
08:08:38.216 DEBUG a.c.sharding.DDataShardCoordinator - sharded-daemon-process-eventSourcedProjection-passivation-race-entity-passivation-race-consumer-b: The coordinator state was successfully updated with ShardHomeAllocated(0,Actor[akka://akka-runtime/system/sharding/sharded-daemon-process-eventSourcedProjection-passivation-race-entity-passivation-race-consumer-b#254750445])
08:08:38.216 DEBUG a.c.sharding.DDataShardCoordinator - sharded-daemon-process-eventSourcedProjection-passivation-race-entity-passivation-race-view: The coordinator state was successfully updated with ShardHomeAllocated(0,Actor[akka://akka-runtime/system/sharding/sharded-daemon-process-eventSourcedProjection-passivation-race-entity-passivation-race-view#1782926350])
08:08:38.216 DEBUG a.c.sharding.DDataShardCoordinator - passivation-race-entity: The coordinator state was successfully updated with ShardHomeAllocated(437,Actor[akka://akka-runtime/system/sharding/passivation-race-entity#565222559])
08:08:38.216 DEBUG a.c.sharding.DDataShardCoordinator - sharded-daemon-process-eventSourcedProjection-passivation-race-entity-passivation-race-consumer-b: Shard [0] allocated at [Actor[akka://akka-runtime/system/sharding/sharded-daemon-process-eventSourcedProjection-passivation-race-entity-passivation-race-consumer-b#254750445]]
08:08:38.216 DEBUG a.c.sharding.DDataShardCoordinator - sharded-daemon-process-eventSourcedProjection-passivation-race-entity-passivation-race-consumer-a: Shard [0] allocated at [Actor[akka://akka-runtime/system/sharding/sharded-daemon-process-eventSourcedProjection-passivation-race-entity-passivation-race-consumer-a#909088686]]
08:08:38.216 DEBUG a.c.sharding.DDataShardCoordinator - passivation-race-entity: Shard [437] allocated at [Actor[akka://akka-runtime/system/sharding/passivation-race-entity#565222559]]
08:08:38.216 DEBUG a.c.sharding.DDataShardCoordinator - sharded-daemon-process-eventSourcedProjection-passivation-race-entity-passivation-race-view: Shard [0] allocated at [Actor[akka://akka-runtime/system/sharding/sharded-daemon-process-eventSourcedProjection-passivation-race-entity-passivation-race-view#1782926350]]
08:08:38.217 DEBUG a.c.sharding.DDataShardCoordinator - passivation-race-entity: Graceful shutdown of region [Actor[akka://akka-runtime/system/sharding/passivation-race-entity#565222559]] with [1] shards
08:08:38.217 INFO  a.c.sharding.DDataShardCoordinator - passivation-race-entity: Starting shutting down shards [437] due to region shutting down or explicit stopping of shards.
08:08:38.217 DEBUG a.c.sharding.DDataShardCoordinator - sharded-daemon-process-eventSourcedProjection-passivation-race-entity-passivation-race-consumer-a: Graceful shutdown of region [Actor[akka://akka-runtime/system/sharding/sharded-daemon-process-eventSourcedProjection-passivation-race-entity-passivation-race-consumer-a#909088686]] with [1] shards
08:08:38.217 INFO  a.c.sharding.DDataShardCoordinator - sharded-daemon-process-eventSourcedProjection-passivation-race-entity-passivation-race-consumer-a: Starting shutting down shards [0] due to region shutting down or explicit stopping of shards.
08:08:38.217 DEBUG a.c.s.ShardCoordinator$RebalanceWorker - sharded-daemon-process-eventSourcedProjection-passivation-race-entity-passivation-race-consumer-a: Shutting down shard [0] from region [Actor[akka://akka-runtime/system/sharding/sharded-daemon-process-eventSourcedProjection-passivation-race-entity-passivation-race-consumer-a#909088686]]. Asking [1] region(s) to hand-off shard
08:08:38.217 DEBUG a.c.s.ShardCoordinator$RebalanceWorker - passivation-race-entity: Shutting down shard [437] from region [Actor[akka://akka-runtime/system/sharding/passivation-race-entity#565222559]]. Asking [1] region(s) to hand-off shard
08:08:38.217 DEBUG a.c.sharding.DDataShardCoordinator - sharded-daemon-process-eventSourcedProjection-passivation-race-entity-passivation-race-view: Graceful shutdown of region [Actor[akka://akka-runtime/system/sharding/sharded-daemon-process-eventSourcedProjection-passivation-race-entity-passivation-race-view#1782926350]] with [1] shards
08:08:38.217 DEBUG akka.cluster.sharding.Shard - sharded-daemon-process-eventSourcedProjection-passivation-race-entity-passivation-race-view: Shard initialized
08:08:38.217 DEBUG akka.cluster.sharding.Shard - sharded-daemon-process-eventSourcedProjection-passivation-race-entity-passivation-race-consumer-b: Shard initialized
08:08:38.217 DEBUG a.c.sharding.DDataShardCoordinator - sharded-daemon-process-eventSourcedProjection-passivation-race-entity-passivation-race-consumer-b: Graceful shutdown of region [Actor[akka://akka-runtime/system/sharding/sharded-daemon-process-eventSourcedProjection-passivation-race-entity-passivation-race-consumer-b#254750445]] with [1] shards
08:08:38.217 INFO  a.c.sharding.DDataShardCoordinator - sharded-daemon-process-eventSourcedProjection-passivation-race-entity-passivation-race-consumer-b: Starting shutting down shards [0] due to region shutting down or explicit stopping of shards.
08:08:38.217 DEBUG a.c.s.ShardCoordinator$RebalanceWorker - sharded-daemon-process-eventSourcedProjection-passivation-race-entity-passivation-race-consumer-b: Shutting down shard [0] from region [Actor[akka://akka-runtime/system/sharding/sharded-daemon-process-eventSourcedProjection-passivation-race-entity-passivation-race-consumer-b#254750445]]. Asking [1] region(s) to hand-off shard
08:08:38.217 DEBUG akka.cluster.sharding.Shard - sharded-daemon-process-eventSourcedProjection-passivation-race-entity-passivation-race-consumer-a: Shard initialized
08:08:38.217 DEBUG a.c.s.ShardCoordinator$RebalanceWorker - sharded-daemon-process-eventSourcedProjection-passivation-race-entity-passivation-race-consumer-a: BeginHandOffAck for shard [0] received from [Actor[akka://akka-runtime/system/sharding/sharded-daemon-process-eventSourcedProjection-passivation-race-entity-passivation-race-consumer-a#909088686]].
08:08:38.217 DEBUG a.c.s.ShardCoordinator$RebalanceWorker - sharded-daemon-process-eventSourcedProjection-passivation-race-entity-passivation-race-consumer-b: BeginHandOffAck for shard [0] received from [Actor[akka://akka-runtime/system/sharding/sharded-daemon-process-eventSourcedProjection-passivation-race-entity-passivation-race-consumer-b#254750445]].
08:08:38.217 DEBUG a.c.s.ShardCoordinator$RebalanceWorker - sharded-daemon-process-eventSourcedProjection-passivation-race-entity-passivation-race-consumer-a: All shard regions acked, handing off shard [0].
08:08:38.217 DEBUG a.c.s.ShardCoordinator$RebalanceWorker - sharded-daemon-process-eventSourcedProjection-passivation-race-entity-passivation-race-consumer-b: All shard regions acked, handing off shard [0].
08:08:38.217 DEBUG akka.cluster.sharding.Shard - sharded-daemon-process-eventSourcedProjection-passivation-race-entity-passivation-race-consumer-b: Request to start entity [0] and ack to [Some(Actor[akka://akka-runtime/deadLetters])]
08:08:38.217 DEBUG akka.cluster.sharding.Shard - sharded-daemon-process-eventSourcedProjection-passivation-race-entity-passivation-race-view: Request to start entity [0] and ack to [Some(Actor[akka://akka-runtime/deadLetters])]
08:08:38.217 DEBUG akka.cluster.sharding.Shard - sharded-daemon-process-eventSourcedProjection-passivation-race-entity-passivation-race-consumer-a: Request to start entity [0] and ack to [Some(Actor[akka://akka-runtime/deadLetters])]
08:08:38.217 DEBUG akka.cluster.sharding.Shard - sharded-daemon-process-eventSourcedProjection-passivation-race-entity-passivation-race-consumer-a: Started entity [Actor[akka://akka-runtime/system/sharding/sharded-daemon-process-eventSourcedProjection-passivation-race-entity-passivation-race-consumer-a/0/0#1679865816]] with entity id [0] in shard [0]
08:08:38.217 DEBUG akka.cluster.sharding.Shard - sharded-daemon-process-eventSourcedProjection-passivation-race-entity-passivation-race-consumer-b: Started entity [Actor[akka://akka-runtime/system/sharding/sharded-daemon-process-eventSourcedProjection-passivation-race-entity-passivation-race-consumer-b/0/0#1213406643]] with entity id [0] in shard [0]
08:08:38.217 DEBUG akka.cluster.sharding.Shard - sharded-daemon-process-eventSourcedProjection-passivation-race-entity-passivation-race-view: Started entity [Actor[akka://akka-runtime/system/sharding/sharded-daemon-process-eventSourcedProjection-passivation-race-entity-passivation-race-view/0/0#1729449]] with entity id [0] in shard [0]
08:08:38.217 DEBUG akka.cluster.sharding.Shard - sharded-daemon-process-eventSourcedProjection-passivation-race-entity-passivation-race-consumer-b: HandOff shard [0]
08:08:38.217 DEBUG akka.cluster.sharding.Shard - sharded-daemon-process-eventSourcedProjection-passivation-race-entity-passivation-race-consumer-b: Starting HandOffStopper for shard [0] to terminate [1] entities.
08:08:38.218 DEBUG a.c.s.t.i.ShardedDaemonProcessState$ - eventSourcedProjection-passivation-race-entity-passivation-race-consumer-b: Deferred start of worker to verify its revision [0] is the latest
08:08:38.218 INFO  a.c.sharding.DDataShardCoordinator - sharded-daemon-process-eventSourcedProjection-passivation-race-entity-passivation-race-view: Starting shutting down shards [0] due to region shutting down or explicit stopping of shards.
08:08:38.218 DEBUG a.c.s.ShardCoordinator$RebalanceWorker - sharded-daemon-process-eventSourcedProjection-passivation-race-entity-passivation-race-view: Shutting down shard [0] from region [Actor[akka://akka-runtime/system/sharding/sharded-daemon-process-eventSourcedProjection-passivation-race-entity-passivation-race-view#1782926350]]. Asking [1] region(s) to hand-off shard
08:08:38.218 DEBUG a.c.s.ShardCoordinator$RebalanceWorker - sharded-daemon-process-eventSourcedProjection-passivation-race-entity-passivation-race-view: BeginHandOffAck for shard [0] received from [Actor[akka://akka-runtime/system/sharding/sharded-daemon-process-eventSourcedProjection-passivation-race-entity-passivation-race-view#1782926350]].
08:08:38.218 DEBUG a.c.s.ShardCoordinator$RebalanceWorker - sharded-daemon-process-eventSourcedProjection-passivation-race-entity-passivation-race-view: All shard regions acked, handing off shard [0].
08:08:38.218 INFO  a.c.s.t.i.ShardedDaemonProcessState$ - eventSourcedProjection-passivation-race-entity-passivation-race-consumer-b: Starting Sharded Daemon Process [0] out of a total [1] (revision [0] and no state found)
08:08:38.218 DEBUG akka.cluster.sharding.Shard - sharded-daemon-process-eventSourcedProjection-passivation-race-entity-passivation-race-consumer-a: HandOff shard [0]
08:08:38.218 DEBUG akka.cluster.sharding.Shard - sharded-daemon-process-eventSourcedProjection-passivation-race-entity-passivation-race-consumer-a: Starting HandOffStopper for shard [0] to terminate [1] entities.
08:08:38.218 DEBUG a.c.s.ShardCoordinator$RebalanceWorker - passivation-race-entity: BeginHandOffAck for shard [437] received from [Actor[akka://akka-runtime/system/sharding/passivation-race-entity#565222559]].
08:08:38.218 DEBUG a.c.s.ShardCoordinator$RebalanceWorker - passivation-race-entity: All shard regions acked, handing off shard [437].
08:08:38.218 WARN  akka.cluster.sharding.ShardRegion - passivation-race-entity: Dropping [1] buffered messages to shard [437] during hand off to avoid re-ordering
08:08:38.219 DEBUG akka.cluster.sharding.Shard - sharded-daemon-process-eventSourcedProjection-passivation-race-entity-passivation-race-view: HandOff shard [0]
08:08:38.219 DEBUG akka.cluster.sharding.Shard - sharded-daemon-process-eventSourcedProjection-passivation-race-entity-passivation-race-view: Starting HandOffStopper for shard [0] to terminate [1] entities.
08:08:38.219 DEBUG akka.cluster.sharding.Shard - passivation-race-entity: Shard initialized
08:08:38.219 DEBUG akka.cluster.sharding.Shard - passivation-race-entity: HandOff shard [437]
08:08:38.219 DEBUG akka.cluster.sharding.Shard - passivation-race-entity: Shard [437] shutting down
08:08:38.219 DEBUG a.c.sharding.DDataShardCoordinator - passivation-race-entity: Shard [437] deallocation completed successfully.
08:08:38.218 DEBUG a.c.s.t.i.ShardedDaemonProcessState$ - eventSourcedProjection-passivation-race-entity-passivation-race-view: Deferred start of worker to verify its revision [0] is the latest
08:08:38.218 DEBUG a.c.s.t.i.ShardedDaemonProcessState$ - eventSourcedProjection-passivation-race-entity-passivation-race-consumer-a: Deferred start of worker to verify its revision [0] is the latest
08:08:38.219 INFO  a.c.s.t.i.ShardedDaemonProcessState$ - eventSourcedProjection-passivation-race-entity-passivation-race-view: Starting Sharded Daemon Process [0] out of a total [1] (revision [0] and no state found)
08:08:38.219 INFO  a.c.s.t.i.ShardedDaemonProcessState$ - eventSourcedProjection-passivation-race-entity-passivation-race-consumer-a: Starting Sharded Daemon Process [0] out of a total [1] (revision [0] and no state found)
08:08:38.220 DEBUG a.c.sharding.DDataShardCoordinator - passivation-race-entity: The coordinator state was successfully updated with ShardHomeDeallocated(437)
08:08:38.220 DEBUG a.c.sharding.DDataShardCoordinator - passivation-race-entity: Shard [437] deallocated after
08:08:38.220 DEBUG a.c.sharding.DDataShardCoordinator - passivation-race-entity: ShardRegion terminated (gracefully): [Actor[akka://akka-runtime/system/sharding/passivation-race-entity#565222559]] {}
08:08:38.220 DEBUG a.c.sharding.DDataShardCoordinator - passivation-race-entity: GetShardHome [437] request from [Actor[akka://local/ignore]] stashed, because waiting for initial state or update of state. It will be handled afterwards.
08:08:38.220 DEBUG a.c.sharding.DDataShardCoordinator - passivation-race-entity: The coordinator state was successfully updated with ShardRegionTerminated(Actor[akka://akka-runtime/system/sharding/passivation-race-entity#565222559])
08:08:38.220 DEBUG a.c.sharding.DDataShardCoordinator - passivation-race-entity: ShardRegion stopped: [Actor[akka://akka-runtime/system/sharding/passivation-race-entity#565222559]]
08:08:38.985 WARN  a.c.s.ShardRegion$HandOffStopper - sharded-daemon-process-eventSourcedProjection-passivation-race-entity-passivation-race-consumer-b: [1] of the entities in shard [0] not stopped after [750 milliseconds]. Maybe the handOffStopMessage [akka.projection.ProjectionBehavior$Stop$] is not handled? Waiting additional [250 milliseconds] before stopping the remaining entities.
08:08:38.985 WARN  a.c.s.ShardRegion$HandOffStopper - sharded-daemon-process-eventSourcedProjection-passivation-race-entity-passivation-race-view: [1] of the entities in shard [0] not stopped after [750 milliseconds]. Maybe the handOffStopMessage [akka.projection.ProjectionBehavior$Stop$] is not handled? Waiting additional [250 milliseconds] before stopping the remaining entities.
08:08:38.985 WARN  a.c.s.ShardRegion$HandOffStopper - sharded-daemon-process-eventSourcedProjection-passivation-race-entity-passivation-race-consumer-a: [1] of the entities in shard [0] not stopped after [750 milliseconds]. Maybe the handOffStopMessage [akka.projection.ProjectionBehavior$Stop$] is not handled? Waiting additional [250 milliseconds] before stopping the remaining entities.
08:08:39.234 WARN  a.c.s.ShardRegion$HandOffStopper - sharded-daemon-process-eventSourcedProjection-passivation-race-entity-passivation-race-view: HandOffStopMessage [akka.projection.ProjectionBehavior$Stop$] is not handled by some of the entities in shard [0] after [1 second], stopping the remaining [1] entities.
08:08:39.234 WARN  a.c.s.ShardRegion$HandOffStopper - sharded-daemon-process-eventSourcedProjection-passivation-race-entity-passivation-race-consumer-b: HandOffStopMessage [akka.projection.ProjectionBehavior$Stop$] is not handled by some of the entities in shard [0] after [1 second], stopping the remaining [1] entities.
08:08:39.234 WARN  a.c.s.ShardRegion$HandOffStopper - sharded-daemon-process-eventSourcedProjection-passivation-race-entity-passivation-race-consumer-a: HandOffStopMessage [akka.projection.ProjectionBehavior$Stop$] is not handled by some of the entities in shard [0] after [1 second], stopping the remaining [1] entities.
08:08:39.235 DEBUG akka.cluster.sharding.Shard - sharded-daemon-process-eventSourcedProjection-passivation-race-entity-passivation-race-view: Shard [0] shutting down
08:08:39.235 DEBUG akka.cluster.sharding.Shard - sharded-daemon-process-eventSourcedProjection-passivation-race-entity-passivation-race-consumer-a: Shard [0] shutting down
08:08:39.235 DEBUG a.c.sharding.DDataShardCoordinator - sharded-daemon-process-eventSourcedProjection-passivation-race-entity-passivation-race-view: Shard [0] deallocation completed successfully.
08:08:39.235 DEBUG a.c.sharding.DDataShardCoordinator - sharded-daemon-process-eventSourcedProjection-passivation-race-entity-passivation-race-consumer-a: Shard [0] deallocation completed successfully.
08:08:39.235 DEBUG a.c.sharding.DDataShardCoordinator - sharded-daemon-process-eventSourcedProjection-passivation-race-entity-passivation-race-consumer-b: Shard [0] deallocation completed successfully.
08:08:39.235 DEBUG akka.cluster.sharding.Shard - sharded-daemon-process-eventSourcedProjection-passivation-race-entity-passivation-race-consumer-b: Shard [0] shutting down
08:08:39.235 DEBUG akka.actor.CoordinatedShutdown - Performing phase [cluster-leave] with [1] tasks.
08:08:39.235 DEBUG akka.actor.CoordinatedShutdown - Performing task [leave] in CoordinatedShutdown phase [cluster-leave]
08:08:39.236 DEBUG a.c.sharding.DDataShardCoordinator - sharded-daemon-process-eventSourcedProjection-passivation-race-entity-passivation-race-consumer-a: The coordinator state was successfully updated with ShardHomeDeallocated(0)
08:08:39.236 DEBUG a.c.sharding.DDataShardCoordinator - sharded-daemon-process-eventSourcedProjection-passivation-race-entity-passivation-race-consumer-a: Shard [0] deallocated after
08:08:39.236 DEBUG a.c.sharding.DDataShardCoordinator - sharded-daemon-process-eventSourcedProjection-passivation-race-entity-passivation-race-consumer-b: The coordinator state was successfully updated with ShardHomeDeallocated(0)
08:08:39.236 DEBUG a.c.sharding.DDataShardCoordinator - sharded-daemon-process-eventSourcedProjection-passivation-race-entity-passivation-race-view: The coordinator state was successfully updated with ShardHomeDeallocated(0)
08:08:39.236 DEBUG a.c.sharding.DDataShardCoordinator - sharded-daemon-process-eventSourcedProjection-passivation-race-entity-passivation-race-consumer-b: Shard [0] deallocated after
08:08:39.236 DEBUG a.c.sharding.DDataShardCoordinator - sharded-daemon-process-eventSourcedProjection-passivation-race-entity-passivation-race-view: Shard [0] deallocated after
08:08:39.236 DEBUG a.c.sharding.DDataShardCoordinator - sharded-daemon-process-eventSourcedProjection-passivation-race-entity-passivation-race-consumer-a: ShardRegion terminated (gracefully): [Actor[akka://akka-runtime/system/sharding/sharded-daemon-process-eventSourcedProjection-passivation-race-entity-passivation-race-consumer-a#909088686]] {}
08:08:39.236 DEBUG a.c.sharding.DDataShardCoordinator - sharded-daemon-process-eventSourcedProjection-passivation-race-entity-passivation-race-view: ShardRegion terminated (gracefully): [Actor[akka://akka-runtime/system/sharding/sharded-daemon-process-eventSourcedProjection-passivation-race-entity-passivation-race-view#1782926350]] {}
08:08:39.236 DEBUG a.c.sharding.DDataShardCoordinator - sharded-daemon-process-eventSourcedProjection-passivation-race-entity-passivation-race-consumer-b: ShardRegion terminated (gracefully): [Actor[akka://akka-runtime/system/sharding/sharded-daemon-process-eventSourcedProjection-passivation-race-entity-passivation-race-consumer-b#254750445]] {}
08:08:39.236 DEBUG a.c.sharding.DDataShardCoordinator - sharded-daemon-process-eventSourcedProjection-passivation-race-entity-passivation-race-consumer-b: GetShardHome [0] request from [Actor[akka://local/ignore]] stashed, because waiting for initial state or update of state. It will be handled afterwards.
08:08:39.236 DEBUG a.c.sharding.DDataShardCoordinator - sharded-daemon-process-eventSourcedProjection-passivation-race-entity-passivation-race-consumer-a: GetShardHome [0] request from [Actor[akka://local/ignore]] stashed, because waiting for initial state or update of state. It will be handled afterwards.
08:08:39.236 DEBUG a.c.sharding.DDataShardCoordinator - sharded-daemon-process-eventSourcedProjection-passivation-race-entity-passivation-race-view: GetShardHome [0] request from [Actor[akka://local/ignore]] stashed, because waiting for initial state or update of state. It will be handled afterwards.
08:08:39.236 DEBUG a.c.sharding.DDataShardCoordinator - sharded-daemon-process-eventSourcedProjection-passivation-race-entity-passivation-race-consumer-b: The coordinator state was successfully updated with ShardRegionTerminated(Actor[akka://akka-runtime/system/sharding/sharded-daemon-process-eventSourcedProjection-passivation-race-entity-passivation-race-consumer-b#254750445])
08:08:39.236 DEBUG a.c.sharding.DDataShardCoordinator - sharded-daemon-process-eventSourcedProjection-passivation-race-entity-passivation-race-consumer-b: ShardRegion stopped: [Actor[akka://akka-runtime/system/sharding/sharded-daemon-process-eventSourcedProjection-passivation-race-entity-passivation-race-consumer-b#254750445]]
08:08:39.236 DEBUG a.c.sharding.DDataShardCoordinator - sharded-daemon-process-eventSourcedProjection-passivation-race-entity-passivation-race-consumer-a: The coordinator state was successfully updated with ShardRegionTerminated(Actor[akka://akka-runtime/system/sharding/sharded-daemon-process-eventSourcedProjection-passivation-race-entity-passivation-race-consumer-a#909088686])
08:08:39.237 DEBUG a.c.sharding.DDataShardCoordinator - sharded-daemon-process-eventSourcedProjection-passivation-race-entity-passivation-race-view: The coordinator state was successfully updated with ShardRegionTerminated(Actor[akka://akka-runtime/system/sharding/sharded-daemon-process-eventSourcedProjection-passivation-race-entity-passivation-race-view#1782926350])
08:08:39.237 DEBUG a.c.sharding.DDataShardCoordinator - sharded-daemon-process-eventSourcedProjection-passivation-race-entity-passivation-race-consumer-a: ShardRegion stopped: [Actor[akka://akka-runtime/system/sharding/sharded-daemon-process-eventSourcedProjection-passivation-race-entity-passivation-race-consumer-a#909088686]]
08:08:39.237 DEBUG a.c.sharding.DDataShardCoordinator - sharded-daemon-process-eventSourcedProjection-passivation-race-entity-passivation-race-view: ShardRegion stopped: [Actor[akka://akka-runtime/system/sharding/sharded-daemon-process-eventSourcedProjection-passivation-race-entity-passivation-race-view#1782926350]]
08:08:39.238 DEBUG a.c.singleton.ClusterSingletonProxy - Creating singleton identification timer...
08:08:39.239 DEBUG a.c.singleton.ClusterSingletonProxy - Creating singleton identification timer...
08:08:39.239 DEBUG a.c.singleton.ClusterSingletonProxy - Creating singleton identification timer...
08:08:39.239 DEBUG a.c.singleton.ClusterSingletonProxy - Creating singleton identification timer...
08:08:39.239 DEBUG akka.actor.CoordinatedShutdown - Performing phase [cluster-exiting] with [28] tasks.
08:08:39.239 DEBUG akka.actor.CoordinatedShutdown - Performing task [singleton-exiting-1] in CoordinatedShutdown phase [cluster-exiting]
08:08:39.239 DEBUG akka.actor.CoordinatedShutdown - Performing task [wait-exiting] in CoordinatedShutdown phase [cluster-exiting]
08:08:39.239 DEBUG akka.actor.CoordinatedShutdown - Performing task [wait-singleton-exiting] in CoordinatedShutdown phase [cluster-exiting]
08:08:39.239 DEBUG akka.actor.CoordinatedShutdown - Performing task [singleton-exiting-2] in CoordinatedShutdown phase [cluster-exiting]
08:08:39.239 DEBUG akka.actor.CoordinatedShutdown - Performing task [singleton-exiting-2] in CoordinatedShutdown phase [cluster-exiting]
08:08:39.239 DEBUG akka.actor.CoordinatedShutdown - Performing task [singleton-exiting-2] in CoordinatedShutdown phase [cluster-exiting]
08:08:39.239 DEBUG akka.actor.CoordinatedShutdown - Performing task [singleton-exiting-2] in CoordinatedShutdown phase [cluster-exiting]
08:08:39.239 DEBUG akka.actor.CoordinatedShutdown - Performing task [singleton-exiting-1] in CoordinatedShutdown phase [cluster-exiting]
08:08:39.239 DEBUG akka.actor.CoordinatedShutdown - Performing task [singleton-exiting-2] in CoordinatedShutdown phase [cluster-exiting]
08:08:39.239 DEBUG akka.actor.CoordinatedShutdown - Performing task [wait-singleton-exiting] in CoordinatedShutdown phase [cluster-exiting]
08:08:39.239 DEBUG akka.actor.CoordinatedShutdown - Performing task [singleton-exiting-1] in CoordinatedShutdown phase [cluster-exiting]
08:08:39.239 DEBUG akka.actor.CoordinatedShutdown - Performing task [wait-singleton-exiting] in CoordinatedShutdown phase [cluster-exiting]
08:08:39.239 DEBUG akka.actor.CoordinatedShutdown - Performing task [singleton-exiting-1] in CoordinatedShutdown phase [cluster-exiting]
08:08:39.239 DEBUG akka.actor.CoordinatedShutdown - Performing task [wait-singleton-exiting] in CoordinatedShutdown phase [cluster-exiting]
08:08:39.239 DEBUG akka.actor.CoordinatedShutdown - Performing task [singleton-exiting-1] in CoordinatedShutdown phase [cluster-exiting]
08:08:39.239 DEBUG akka.actor.CoordinatedShutdown - Performing task [singleton-exiting-1] in CoordinatedShutdown phase [cluster-exiting]
08:08:39.239 DEBUG akka.actor.CoordinatedShutdown - Performing task [wait-singleton-exiting] in CoordinatedShutdown phase [cluster-exiting]
08:08:39.239 DEBUG akka.actor.CoordinatedShutdown - Performing task [singleton-exiting-2] in CoordinatedShutdown phase [cluster-exiting]
08:08:39.239 INFO  a.c.s.ClusterSingletonManager - Exited [akka://akka-runtime@127.0.0.1:63315].
08:08:39.239 DEBUG akka.actor.CoordinatedShutdown - Performing task [singleton-exiting-1] in CoordinatedShutdown phase [cluster-exiting]
08:08:39.239 INFO  a.c.s.ClusterSingletonManager - Exited [akka://akka-runtime@127.0.0.1:63315].
08:08:39.239 DEBUG akka.actor.CoordinatedShutdown - Performing task [singleton-exiting-1] in CoordinatedShutdown phase [cluster-exiting]
08:08:39.239 INFO  a.c.s.ClusterSingletonManager - Exited [akka://akka-runtime@127.0.0.1:63315].
08:08:39.239 DEBUG akka.actor.CoordinatedShutdown - Performing task [wait-singleton-exiting] in CoordinatedShutdown phase [cluster-exiting]
08:08:39.239 DEBUG akka.actor.CoordinatedShutdown - Performing task [singleton-exiting-1] in CoordinatedShutdown phase [cluster-exiting]
08:08:39.239 INFO  a.c.s.ClusterSingletonManager - Oldest observed OldestChanged: [akka://akka-runtime@127.0.0.1:63315 -> None]
08:08:39.239 DEBUG akka.actor.CoordinatedShutdown - Performing task [wait-singleton-exiting] in CoordinatedShutdown phase [cluster-exiting]
08:08:39.240 DEBUG akka.actor.CoordinatedShutdown - Performing task [singleton-exiting-2] in CoordinatedShutdown phase [cluster-exiting]
08:08:39.240 INFO  a.c.s.ClusterSingletonManager - Exited [akka://akka-runtime@127.0.0.1:63315].
08:08:39.240 DEBUG akka.actor.CoordinatedShutdown - Performing task [wait-singleton-exiting] in CoordinatedShutdown phase [cluster-exiting]
08:08:39.240 DEBUG akka.actor.CoordinatedShutdown - Performing task [singleton-exiting-2] in CoordinatedShutdown phase [cluster-exiting]
08:08:39.240 DEBUG akka.actor.CoordinatedShutdown - Performing task [singleton-exiting-2] in CoordinatedShutdown phase [cluster-exiting]
08:08:39.240 DEBUG akka.actor.CoordinatedShutdown - Performing task [wait-singleton-exiting] in CoordinatedShutdown phase [cluster-exiting]
08:08:39.240 INFO  a.c.s.ClusterSingletonManager - ClusterSingletonManager state change [Oldest -> WasOldest]
08:08:39.240 INFO  a.c.s.ClusterSingletonManager - Singleton manager stopping singleton actor [akka://akka-runtime/system/singletonManagerschemaSingleton/schemaSingleton]
08:08:39.240 INFO  a.c.s.ClusterSingletonManager - ClusterSingletonManager state change [WasOldest -> Stopping]
08:08:39.240 INFO  a.c.s.ClusterSingletonManager - Exited [akka://akka-runtime@127.0.0.1:63315].
08:08:39.240 INFO  a.c.s.ClusterSingletonManager - Exited [akka://akka-runtime@127.0.0.1:63315].
08:08:39.240 INFO  a.c.s.ClusterSingletonManager - Oldest observed OldestChanged: [akka://akka-runtime@127.0.0.1:63315 -> None]
08:08:39.240 INFO  a.c.s.ClusterSingletonManager - Exited [akka://akka-runtime@127.0.0.1:63315].
08:08:39.240 INFO  a.c.s.ClusterSingletonManager - Oldest observed OldestChanged: [akka://akka-runtime@127.0.0.1:63315 -> None]
08:08:39.240 INFO  a.c.s.ClusterSingletonManager - ClusterSingletonManager state change [Oldest -> WasOldest]
08:08:39.240 INFO  a.c.s.ClusterSingletonManager - Singleton actor [akka://akka-runtime/system/singletonManagerschemaSingleton/schemaSingleton] was terminated
08:08:39.240 INFO  a.c.s.ClusterSingletonManager - ClusterSingletonManager state change [Oldest -> WasOldest]
08:08:39.240 INFO  a.c.s.ClusterSingletonManager - Singleton manager stopping singleton actor [akka://akka-runtime/system/sharding/sharded-daemon-process-eventSourcedProjection-passivation-race-entity-passivation-race-consumer-bCoordinator/singleton]
08:08:39.240 INFO  a.c.s.ClusterSingletonManager - Exited [akka://akka-runtime@127.0.0.1:63315].
08:08:39.240 INFO  a.c.s.ClusterSingletonManager - ClusterSingletonManager state change [WasOldest -> Stopping]
08:08:39.240 INFO  a.c.s.ClusterSingletonManager - Oldest observed OldestChanged: [akka://akka-runtime@127.0.0.1:63315 -> None]
08:08:39.240 INFO  a.c.s.ClusterSingletonManager - ClusterSingletonManager state change [Oldest -> WasOldest]
08:08:39.240 INFO  a.c.s.ClusterSingletonManager - Exited [akka://akka-runtime@127.0.0.1:63315].
08:08:39.240 INFO  a.c.s.ClusterSingletonManager - Oldest observed OldestChanged: [akka://akka-runtime@127.0.0.1:63315 -> None]
08:08:39.240 DEBUG a.c.sharding.DDataShardCoordinator - sharded-daemon-process-eventSourcedProjection-passivation-race-entity-passivation-race-consumer-b: Received termination message.
08:08:39.241 INFO  a.c.s.ClusterSingletonManager - ClusterSingletonManager state change [Oldest -> WasOldest]
08:08:39.241 INFO  a.c.s.ClusterSingletonManager - Oldest observed OldestChanged: [akka://akka-runtime@127.0.0.1:63315 -> None]
08:08:39.241 INFO  a.c.s.ClusterSingletonManager - ClusterSingletonManager state change [Oldest -> WasOldest]
08:08:39.241 INFO  a.c.s.ClusterSingletonManager - Oldest observed OldestChanged: [akka://akka-runtime@127.0.0.1:63315 -> None]
08:08:39.241 INFO  a.c.s.ClusterSingletonManager - ClusterSingletonManager state change [Oldest -> WasOldest]
08:08:39.241 INFO  a.c.s.ClusterSingletonManager - Oldest observed OldestChanged: [akka://akka-runtime@127.0.0.1:63315 -> None]
08:08:39.241 INFO  a.c.s.ClusterSingletonManager - ClusterSingletonManager state change [Oldest -> WasOldest]
08:08:39.241 INFO  a.c.s.ClusterSingletonManager - Singleton actor [akka://akka-runtime/system/sharding/sharded-daemon-process-eventSourcedProjection-passivation-race-entity-passivation-race-consumer-bCoordinator/singleton] was terminated
08:08:39.241 INFO  a.c.s.ClusterSingletonManager - Oldest observed OldestChanged: [akka://akka-runtime@127.0.0.1:63315 -> None]
08:08:39.241 INFO  a.c.s.ClusterSingletonManager - ClusterSingletonManager state change [Oldest -> WasOldest]
08:08:39.241 INFO  a.c.s.ClusterSingletonManager - Singleton manager stopping singleton actor [akka://akka-runtime/system/sharding/sharded-daemon-process-eventSourcedProjection-passivation-race-entity-passivation-race-viewCoordinator/singleton]
08:08:39.241 INFO  a.c.s.ClusterSingletonManager - ClusterSingletonManager state change [WasOldest -> Stopping]
08:08:39.241 DEBUG a.c.sharding.DDataShardCoordinator - sharded-daemon-process-eventSourcedProjection-passivation-race-entity-passivation-race-view: Received termination message.
08:08:39.241 INFO  a.c.s.ClusterSingletonManager - Singleton actor [akka://akka-runtime/system/sharding/sharded-daemon-process-eventSourcedProjection-passivation-race-entity-passivation-race-viewCoordinator/singleton] was terminated
08:08:39.241 INFO  a.c.s.ClusterSingletonManager - Singleton manager stopping singleton actor [akka://akka-runtime/system/singletonManagerShardedDaemonProcessCoordinator-eventSourcedProjection-passivation-race-entity-passivation-race-consumer-b/ShardedDaemonProcessCoordinator-eventSourcedProjection-passivation-race-entity-passivation-race-consumer-b]
08:08:39.241 INFO  a.c.s.ClusterSingletonManager - ClusterSingletonManager state change [WasOldest -> Stopping]
08:08:39.241 INFO  a.c.s.ClusterSingletonManager - Singleton manager stopping singleton actor [akka://akka-runtime/system/sharding/passivation-race-entityCoordinator/singleton]
08:08:39.241 INFO  a.c.s.ClusterSingletonManager - ClusterSingletonManager state change [WasOldest -> Stopping]
08:08:39.241 INFO  a.c.s.ClusterSingletonManager - Singleton manager stopping singleton actor [akka://akka-runtime/system/sharding/_timerCoordinator/singleton]
08:08:39.241 INFO  a.c.s.ClusterSingletonManager - ClusterSingletonManager state change [WasOldest -> Stopping]
08:08:39.241 INFO  a.c.s.ClusterSingletonManager - Singleton manager stopping singleton actor [akka://akka-runtime/system/singletonManagerShardedDaemonProcessCoordinator-eventSourcedProjection-passivation-race-entity-passivation-race-consumer-a/ShardedDaemonProcessCoordinator-eventSourcedProjection-passivation-race-entity-passivation-race-consumer-a]
08:08:39.241 INFO  a.c.s.ClusterSingletonManager - ClusterSingletonManager state change [WasOldest -> Stopping]
08:08:39.241 INFO  a.c.s.ClusterSingletonManager - Singleton manager stopping singleton actor [akka://akka-runtime/system/singletonManagerShardedDaemonProcessCoordinator-eventSourcedProjection-passivation-race-entity-passivation-race-view/ShardedDaemonProcessCoordinator-eventSourcedProjection-passivation-race-entity-passivation-race-view]
08:08:39.241 INFO  a.c.s.ClusterSingletonManager - ClusterSingletonManager state change [WasOldest -> Stopping]
08:08:39.241 INFO  a.c.s.ClusterSingletonManager - Singleton manager stopping singleton actor [akka://akka-runtime/system/sharding/sharded-daemon-process-eventSourcedProjection-passivation-race-entity-passivation-race-consumer-aCoordinator/singleton]
08:08:39.241 INFO  a.c.s.ClusterSingletonManager - ClusterSingletonManager state change [WasOldest -> Stopping]
08:08:39.241 DEBUG a.c.sharding.DDataShardCoordinator - passivation-race-entity: Received termination message.
08:08:39.241 INFO  a.c.s.ClusterSingletonManager - Singleton actor [akka://akka-runtime/system/sharding/passivation-race-entityCoordinator/singleton] was terminated
08:08:39.241 INFO  a.c.s.ClusterSingletonManager - Singleton actor [akka://akka-runtime/system/singletonManagerShardedDaemonProcessCoordinator-eventSourcedProjection-passivation-race-entity-passivation-race-consumer-b/ShardedDaemonProcessCoordinator-eventSourcedProjection-passivation-race-entity-passivation-race-consumer-b] was terminated
08:08:39.241 DEBUG a.c.sharding.DDataShardCoordinator - _timer: Received termination message.
08:08:39.241 INFO  a.c.s.ClusterSingletonManager - Singleton actor [akka://akka-runtime/system/singletonManagerShardedDaemonProcessCoordinator-eventSourcedProjection-passivation-race-entity-passivation-race-consumer-a/ShardedDaemonProcessCoordinator-eventSourcedProjection-passivation-race-entity-passivation-race-consumer-a] was terminated
08:08:39.241 DEBUG a.c.sharding.DDataShardCoordinator - sharded-daemon-process-eventSourcedProjection-passivation-race-entity-passivation-race-consumer-a: Received termination message.
08:08:39.241 INFO  a.c.s.ClusterSingletonManager - Singleton actor [akka://akka-runtime/system/singletonManagerShardedDaemonProcessCoordinator-eventSourcedProjection-passivation-race-entity-passivation-race-view/ShardedDaemonProcessCoordinator-eventSourcedProjection-passivation-race-entity-passivation-race-view] was terminated
08:08:39.241 INFO  a.c.s.ClusterSingletonManager - Singleton actor [akka://akka-runtime/system/sharding/sharded-daemon-process-eventSourcedProjection-passivation-race-entity-passivation-race-consumer-aCoordinator/singleton] was terminated
08:08:39.241 INFO  a.c.s.ClusterSingletonManager - Singleton actor [akka://akka-runtime/system/sharding/_timerCoordinator/singleton] was terminated
08:08:39.241 DEBUG akka.actor.CoordinatedShutdown - Performing phase [cluster-exiting-done] with [1] tasks.
08:08:39.241 DEBUG akka.actor.CoordinatedShutdown - Performing task [exiting-completed] in CoordinatedShutdown phase [cluster-exiting-done]
08:08:39.242 DEBUG akka.actor.CoordinatedShutdown - Performing phase [cluster-shutdown] with [1] tasks.
08:08:39.242 DEBUG akka.actor.CoordinatedShutdown - Performing task [wait-shutdown] in CoordinatedShutdown phase [cluster-shutdown]
08:08:39.243 DEBUG akka.actor.CoordinatedShutdown - Performing phase [before-actor-system-terminate] with [2] tasks.
08:08:39.243 DEBUG akka.actor.CoordinatedShutdown - Performing task [close connection pools] in CoordinatedShutdown phase [before-actor-system-terminate]
08:08:39.243 DEBUG akka.actor.CoordinatedShutdown - Performing task [close-grpc-channels] in CoordinatedShutdown phase [before-actor-system-terminate]
08:08:39.244 DEBUG akka.actor.CoordinatedShutdown - Performing phase [actor-system-terminate] with [1] tasks.
08:08:39.244 DEBUG akka.actor.CoordinatedShutdown - Performing task [terminate-system] in CoordinatedShutdown phase [actor-system-terminate]
08:08:39.308 INFO  akka.runtime.AkkaRuntimeMain - Starting Akka Runtime version [1.6.15]
08:08:39.314 INFO  akka.javasdk.impl.ComponentLocator$ - Looking for component descriptors matching pattern [META-INF/akka-javasdk-components_*.conf]
08:08:39.319 INFO  akka.javasdk.testkit.TestKit - Eventing TestKit booting up on port: 63319
08:08:39.321 DEBUG a.c.singleton.ClusterSingletonProxy - Creating singleton identification timer...
08:08:39.321 DEBUG a.c.singleton.ClusterSingletonProxy - Trying to identify singleton at [akka://akka-runtime@127.0.0.1:63320/system/singletonManagerschemaSingleton/schemaSingleton]
08:08:39.322 DEBUG a.c.singleton.ClusterSingletonProxy - Singleton not available, buffering message type [kalix.runtime.SchemaSingleton$ExecDdl]
08:08:39.322 INFO  a.c.s.ClusterSingletonManager - Singleton manager starting singleton actor [akka://akka-runtime/system/singletonManagerschemaSingleton/schemaSingleton]
08:08:39.322 INFO  a.c.s.ClusterSingletonManager - ClusterSingletonManager state change [Start -> Oldest]
08:08:39.323 INFO  akka.javasdk.testkit.TestKit - Checking runtime status
08:08:39.383 DEBUG a.c.singleton.ClusterSingletonProxy - Trying to identify singleton at [akka://akka-runtime@127.0.0.1:63320/system/singletonManagerschemaSingleton/schemaSingleton]
08:08:39.383 INFO  a.c.singleton.ClusterSingletonProxy - Singleton identified at [akka://akka-runtime/system/singletonManagerschemaSingleton/schemaSingleton]
08:08:39.383 DEBUG a.c.singleton.ClusterSingletonProxy - Sending buffered messages to current singleton instance
08:08:39.384 INFO  a.c.s.typed.scaladsl.ClusterSharding - Starting Shard Region [passivation-race-entity]...
08:08:39.385 INFO  akka.cluster.sharding.ShardRegion - passivation-race-entity: Automatic entity passivation: composite strategy with limit of [10000] active entities, admission window (least recently used entities) with proportions [initial = 0.01, min = 0.01, max = 1.0] adapting with hill-climbing optimizer [adjust multiplier = 10.0, initial step = 0.0625, restart threshold = 0.05, step decay = 0.98], admit using frequency sketch [width multiplier = 4, reset multiplier = 10.0, depth = 4, counter bits = 4], main (least recently used entities (segmented with [2] levels with proportions of [0.20, 0.80]))
08:08:39.385 INFO  a.c.s.ClusterSingletonManager - Singleton manager starting singleton actor [akka://akka-runtime/system/sharding/passivation-race-entityCoordinator/singleton]
08:08:39.385 INFO  a.c.s.ClusterSingletonManager - ClusterSingletonManager state change [Start -> Oldest]
08:08:39.385 DEBUG a.c.sharding.DDataShardCoordinator - passivation-race-entity: Initial coordinator is empty.
08:08:39.385 INFO  a.c.sharding.DDataShardCoordinator - passivation-race-entity: ShardCoordinator was moved to the active state with [0] shards
08:08:39.387 DEBUG a.c.singleton.ClusterSingletonProxy - Forwarding message of type [SchemaSingleton$ExecDdl] to current singleton instance at [akka://akka-runtime/system/singletonManagerschemaSingleton/schemaSingleton]
08:08:39.387 INFO  akka.runtime.DiscoveryManager - Service components: EventSourcedEntity: [1], Consumer: [2], View: [1]
08:08:39.388 INFO  a.c.s.typed.scaladsl.ClusterSharding - Starting Shard Region [_timer]...
08:08:39.389 INFO  a.c.s.typed.scaladsl.ClusterSharding - Starting Shard Region [sharded-daemon-process-eventSourcedProjection-passivation-race-entity-passivation-race-consumer-a]...
08:08:39.389 INFO  a.c.s.ClusterSingletonManager - Singleton manager starting singleton actor [akka://akka-runtime/system/sharding/_timerCoordinator/singleton]
08:08:39.389 INFO  a.c.s.ClusterSingletonManager - ClusterSingletonManager state change [Start -> Oldest]
08:08:39.389 DEBUG a.c.sharding.DDataShardCoordinator - _timer: Starting remember entities store from provider akka.cluster.sharding.internal.DDataRememberEntitiesProvider@626dcdd4
08:08:39.389 DEBUG a.c.sharding.DDataShardCoordinator - _timer: Initial coordinator is empty.
08:08:39.389 INFO  a.c.sharding.DDataShardCoordinator - _timer: ShardCoordinator was moved to the active state with [0] shards
08:08:39.389 DEBUG a.c.sharding.DDataShardCoordinator - _timer: Received [0] remembered shard ids (after state initialized)
08:08:39.389 INFO  akka.cluster.sharding.ShardRegion - sharded-daemon-process-eventSourcedProjection-passivation-race-entity-passivation-race-consumer-a: Automatic entity passivation: disabled
08:08:39.389 INFO  a.c.s.typed.scaladsl.ClusterSharding - Starting Shard Region [sharded-daemon-process-eventSourcedProjection-passivation-race-entity-passivation-race-consumer-b]...
08:08:39.389 DEBUG a.c.singleton.ClusterSingletonProxy - Creating singleton identification timer...
08:08:39.389 DEBUG a.c.singleton.ClusterSingletonProxy - Trying to identify singleton at [akka://akka-runtime@127.0.0.1:63320/system/singletonManagerShardedDaemonProcessCoordinator-eventSourcedProjection-passivation-race-entity-passivation-race-consumer-a/ShardedDaemonProcessCoordinator-eventSourcedProjection-passivation-race-entity-passivation-race-consumer-a]
08:08:39.389 INFO  akka.cluster.sharding.ShardRegion - sharded-daemon-process-eventSourcedProjection-passivation-race-entity-passivation-race-consumer-b: Automatic entity passivation: disabled
08:08:39.389 INFO  a.c.s.ClusterSingletonManager - Singleton manager starting singleton actor [akka://akka-runtime/system/singletonManagerShardedDaemonProcessCoordinator-eventSourcedProjection-passivation-race-entity-passivation-race-consumer-a/ShardedDaemonProcessCoordinator-eventSourcedProjection-passivation-race-entity-passivation-race-consumer-a]
08:08:39.389 INFO  a.c.s.ClusterSingletonManager - ClusterSingletonManager state change [Start -> Oldest]
08:08:39.390 DEBUG a.c.s.t.i.ShardedDaemonProcessCoordinator$ - ShardedDaemonProcessCoordinator for [eventSourcedProjection-passivation-race-entity-passivation-race-consumer-a] starting
08:08:39.390 INFO  a.c.s.typed.scaladsl.ClusterSharding - Starting Shard Region [sharded-daemon-process-eventSourcedProjection-passivation-race-entity-passivation-race-view]...
08:08:39.390 DEBUG a.c.s.t.i.ShardedDaemonProcessCoordinator$ - eventSourcedProjection-passivation-race-entity-passivation-race-consumer-a: No previous state stored for Sharded Daemon Process
08:08:39.390 INFO  a.c.s.ClusterSingletonManager - Singleton manager starting singleton actor [akka://akka-runtime/system/sharding/sharded-daemon-process-eventSourcedProjection-passivation-race-entity-passivation-race-consumer-aCoordinator/singleton]
08:08:39.390 INFO  a.c.s.ClusterSingletonManager - ClusterSingletonManager state change [Start -> Oldest]
08:08:39.390 INFO  akka.cluster.sharding.ShardRegion - sharded-daemon-process-eventSourcedProjection-passivation-race-entity-passivation-race-view: Automatic entity passivation: disabled
08:08:39.390 DEBUG a.c.singleton.ClusterSingletonProxy - Creating singleton identification timer...
08:08:39.390 DEBUG a.c.singleton.ClusterSingletonProxy - Trying to identify singleton at [akka://akka-runtime@127.0.0.1:63320/system/singletonManagerShardedDaemonProcessCoordinator-eventSourcedProjection-passivation-race-entity-passivation-race-consumer-b/ShardedDaemonProcessCoordinator-eventSourcedProjection-passivation-race-entity-passivation-race-consumer-b]
08:08:39.390 DEBUG a.c.sharding.DDataShardCoordinator - sharded-daemon-process-eventSourcedProjection-passivation-race-entity-passivation-race-consumer-a: Initial coordinator is empty.
08:08:39.390 INFO  a.c.sharding.DDataShardCoordinator - sharded-daemon-process-eventSourcedProjection-passivation-race-entity-passivation-race-consumer-a: ShardCoordinator was moved to the active state with [0] shards
08:08:39.390 DEBUG a.c.s.t.i.ShardedDaemonProcessCoordinator$ - Sending periodic keep alive for Sharded Daemon Process [eventSourcedProjection-passivation-race-entity-passivation-race-consumer-a] to [1] processes (revision [0]).
08:08:39.390 INFO  a.c.s.ClusterSingletonManager - Singleton manager starting singleton actor [akka://akka-runtime/system/sharding/sharded-daemon-process-eventSourcedProjection-passivation-race-entity-passivation-race-consumer-bCoordinator/singleton]
08:08:39.390 INFO  a.c.s.ClusterSingletonManager - ClusterSingletonManager state change [Start -> Oldest]
08:08:39.390 DEBUG a.c.singleton.ClusterSingletonProxy - Creating singleton identification timer...
08:08:39.390 DEBUG a.c.singleton.ClusterSingletonProxy - Trying to identify singleton at [akka://akka-runtime@127.0.0.1:63320/system/singletonManagerShardedDaemonProcessCoordinator-eventSourcedProjection-passivation-race-entity-passivation-race-view/ShardedDaemonProcessCoordinator-eventSourcedProjection-passivation-race-entity-passivation-race-view]
08:08:39.390 INFO  akka.runtime.DiscoveryManager - Akka Runtime started at 127.0.0.1:63318
08:08:39.391 DEBUG a.c.sharding.DDataShardCoordinator - sharded-daemon-process-eventSourcedProjection-passivation-race-entity-passivation-race-consumer-b: Initial coordinator is empty.
08:08:39.391 INFO  a.c.sharding.DDataShardCoordinator - sharded-daemon-process-eventSourcedProjection-passivation-race-entity-passivation-race-consumer-b: ShardCoordinator was moved to the active state with [0] shards
08:08:39.391 INFO  a.c.s.ClusterSingletonManager - Singleton manager starting singleton actor [akka://akka-runtime/system/singletonManagerShardedDaemonProcessCoordinator-eventSourcedProjection-passivation-race-entity-passivation-race-consumer-b/ShardedDaemonProcessCoordinator-eventSourcedProjection-passivation-race-entity-passivation-race-consumer-b]
08:08:39.391 INFO  a.c.s.ClusterSingletonManager - ClusterSingletonManager state change [Start -> Oldest]
08:08:39.391 INFO  a.c.s.ClusterSingletonManager - Singleton manager starting singleton actor [akka://akka-runtime/system/sharding/sharded-daemon-process-eventSourcedProjection-passivation-race-entity-passivation-race-viewCoordinator/singleton]
08:08:39.391 INFO  a.c.s.ClusterSingletonManager - ClusterSingletonManager state change [Start -> Oldest]
08:08:39.391 DEBUG a.c.s.t.i.ShardedDaemonProcessCoordinator$ - ShardedDaemonProcessCoordinator for [eventSourcedProjection-passivation-race-entity-passivation-race-consumer-b] starting
08:08:39.391 INFO  repro.Bootstrap - onStartup burst of 8 starting
08:08:39.391 DEBUG a.c.s.t.i.ShardedDaemonProcessCoordinator$ - eventSourcedProjection-passivation-race-entity-passivation-race-consumer-b: No previous state stored for Sharded Daemon Process
08:08:39.391 DEBUG a.c.sharding.DDataShardCoordinator - sharded-daemon-process-eventSourcedProjection-passivation-race-entity-passivation-race-view: Initial coordinator is empty.
08:08:39.391 INFO  a.c.sharding.DDataShardCoordinator - sharded-daemon-process-eventSourcedProjection-passivation-race-entity-passivation-race-view: ShardCoordinator was moved to the active state with [0] shards
08:08:39.391 INFO  a.c.s.ClusterSingletonManager - Singleton manager starting singleton actor [akka://akka-runtime/system/singletonManagerShardedDaemonProcessCoordinator-eventSourcedProjection-passivation-race-entity-passivation-race-view/ShardedDaemonProcessCoordinator-eventSourcedProjection-passivation-race-entity-passivation-race-view]
08:08:39.391 DEBUG a.c.s.t.i.ShardedDaemonProcessCoordinator$ - Sending periodic keep alive for Sharded Daemon Process [eventSourcedProjection-passivation-race-entity-passivation-race-consumer-b] to [1] processes (revision [0]).
08:08:39.391 INFO  a.c.s.ClusterSingletonManager - ClusterSingletonManager state change [Start -> Oldest]
08:08:39.391 DEBUG a.c.s.t.i.ShardedDaemonProcessCoordinator$ - ShardedDaemonProcessCoordinator for [eventSourcedProjection-passivation-race-entity-passivation-race-view] starting
08:08:39.391 DEBUG a.c.s.t.i.ShardedDaemonProcessCoordinator$ - eventSourcedProjection-passivation-race-entity-passivation-race-view: No previous state stored for Sharded Daemon Process
08:08:39.391 DEBUG a.c.s.t.i.ShardedDaemonProcessCoordinator$ - Sending periodic keep alive for Sharded Daemon Process [eventSourcedProjection-passivation-race-entity-passivation-race-view] to [1] processes (revision [0]).
08:08:39.446 INFO  akka.javasdk.testkit.TestKit - Runtime started
08:08:39.446 INFO  akka.actor.CoordinatedShutdown - Running CoordinatedShutdown with reason [ActorSystemTerminateReason]
08:08:39.446 DEBUG akka.actor.CoordinatedShutdown - Performing phase [before-service-unbind] with [0] tasks
08:08:39.446 DEBUG akka.actor.CoordinatedShutdown - Performing phase [service-unbind] with [1] tasks.
08:08:39.446 DEBUG akka.actor.CoordinatedShutdown - Performing task [http-unbind-/127.0.0.1:63318] in CoordinatedShutdown phase [service-unbind]
08:08:39.446 DEBUG akka.actor.CoordinatedShutdown - Performing phase [service-requests-done] with [1] tasks.
08:08:39.446 DEBUG akka.actor.CoordinatedShutdown - Performing task [http-terminate-/127.0.0.1:63318] in CoordinatedShutdown phase [service-requests-done]
08:08:39.447 DEBUG akka.actor.CoordinatedShutdown - Performing phase [service-stop] with [1] tasks.
08:08:39.447 DEBUG akka.actor.CoordinatedShutdown - Performing task [stop-grpc-clients] in CoordinatedShutdown phase [service-stop]
08:08:39.447 DEBUG akka.actor.CoordinatedShutdown - Performing phase [before-cluster-shutdown] with [0] tasks
08:08:39.447 DEBUG akka.actor.CoordinatedShutdown - Performing phase [cluster-sharding-shutdown-region] with [5] tasks.
08:08:39.447 DEBUG akka.actor.CoordinatedShutdown - Performing task [region-shutdown] in CoordinatedShutdown phase [cluster-sharding-shutdown-region]
08:08:39.447 DEBUG akka.actor.CoordinatedShutdown - Performing task [region-shutdown] in CoordinatedShutdown phase [cluster-sharding-shutdown-region]
08:08:39.447 DEBUG akka.actor.CoordinatedShutdown - Performing task [region-shutdown] in CoordinatedShutdown phase [cluster-sharding-shutdown-region]
08:08:39.447 DEBUG akka.actor.CoordinatedShutdown - Performing task [region-shutdown] in CoordinatedShutdown phase [cluster-sharding-shutdown-region]
08:08:39.447 DEBUG akka.actor.CoordinatedShutdown - Performing task [region-shutdown] in CoordinatedShutdown phase [cluster-sharding-shutdown-region]
08:08:39.447 DEBUG a.c.sharding.DDataShardCoordinator - _timer: Unknown region requested graceful shutdown [Actor[akka://akka-runtime/system/sharding/_timer#-1302695775]]
08:08:39.447 DEBUG a.c.sharding.DDataShardCoordinator - passivation-race-entity: Unknown region requested graceful shutdown [Actor[akka://akka-runtime/system/sharding/passivation-race-entity#-824412989]]
08:08:39.447 DEBUG a.c.sharding.DDataShardCoordinator - sharded-daemon-process-eventSourcedProjection-passivation-race-entity-passivation-race-view: Unknown region requested graceful shutdown [Actor[akka://akka-runtime/system/sharding/sharded-daemon-process-eventSourcedProjection-passivation-race-entity-passivation-race-view#1484686070]]
08:08:39.447 DEBUG a.c.sharding.DDataShardCoordinator - sharded-daemon-process-eventSourcedProjection-passivation-race-entity-passivation-race-consumer-a: Unknown region requested graceful shutdown [Actor[akka://akka-runtime/system/sharding/sharded-daemon-process-eventSourcedProjection-passivation-race-entity-passivation-race-consumer-a#-807369011]]
08:08:39.447 DEBUG a.c.sharding.DDataShardCoordinator - sharded-daemon-process-eventSourcedProjection-passivation-race-entity-passivation-race-consumer-b: Unknown region requested graceful shutdown [Actor[akka://akka-runtime/system/sharding/sharded-daemon-process-eventSourcedProjection-passivation-race-entity-passivation-race-consumer-b#-117826439]]
08:08:39.453 DEBUG a.c.singleton.ClusterSingletonProxy - Trying to identify singleton at [akka://akka-runtime@127.0.0.1:63320/system/singletonManagerShardedDaemonProcessCoordinator-eventSourcedProjection-passivation-race-entity-passivation-race-consumer-a/ShardedDaemonProcessCoordinator-eventSourcedProjection-passivation-race-entity-passivation-race-consumer-a]
08:08:39.453 DEBUG a.c.singleton.ClusterSingletonProxy - Trying to identify singleton at [akka://akka-runtime@127.0.0.1:63320/system/singletonManagerShardedDaemonProcessCoordinator-eventSourcedProjection-passivation-race-entity-passivation-race-consumer-b/ShardedDaemonProcessCoordinator-eventSourcedProjection-passivation-race-entity-passivation-race-consumer-b]
08:08:39.453 DEBUG a.c.singleton.ClusterSingletonProxy - Trying to identify singleton at [akka://akka-runtime@127.0.0.1:63320/system/singletonManagerShardedDaemonProcessCoordinator-eventSourcedProjection-passivation-race-entity-passivation-race-view/ShardedDaemonProcessCoordinator-eventSourcedProjection-passivation-race-entity-passivation-race-view]
08:08:39.453 INFO  a.c.singleton.ClusterSingletonProxy - Singleton identified at [akka://akka-runtime/system/singletonManagerShardedDaemonProcessCoordinator-eventSourcedProjection-passivation-race-entity-passivation-race-consumer-a/ShardedDaemonProcessCoordinator-eventSourcedProjection-passivation-race-entity-passivation-race-consumer-a]
08:08:39.453 INFO  a.c.singleton.ClusterSingletonProxy - Singleton identified at [akka://akka-runtime/system/singletonManagerShardedDaemonProcessCoordinator-eventSourcedProjection-passivation-race-entity-passivation-race-consumer-b/ShardedDaemonProcessCoordinator-eventSourcedProjection-passivation-race-entity-passivation-race-consumer-b]
08:08:39.453 DEBUG a.c.singleton.ClusterSingletonProxy - Sending buffered messages to current singleton instance
08:08:39.453 DEBUG a.c.singleton.ClusterSingletonProxy - Sending buffered messages to current singleton instance
08:08:39.453 INFO  a.c.singleton.ClusterSingletonProxy - Singleton identified at [akka://akka-runtime/system/singletonManagerShardedDaemonProcessCoordinator-eventSourcedProjection-passivation-race-entity-passivation-race-view/ShardedDaemonProcessCoordinator-eventSourcedProjection-passivation-race-entity-passivation-race-view]
08:08:39.453 DEBUG a.c.singleton.ClusterSingletonProxy - Sending buffered messages to current singleton instance
08:08:39.653 DEBUG a.c.sharding.DDataShardCoordinator - sharded-daemon-process-eventSourcedProjection-passivation-race-entity-passivation-race-consumer-b: ShardRegion registered: [Actor[akka://akka-runtime/system/sharding/sharded-daemon-process-eventSourcedProjection-passivation-race-entity-passivation-race-consumer-b#-117826439]]
08:08:39.653 DEBUG a.c.sharding.DDataShardCoordinator - sharded-daemon-process-eventSourcedProjection-passivation-race-entity-passivation-race-consumer-a: ShardRegion registered: [Actor[akka://akka-runtime/system/sharding/sharded-daemon-process-eventSourcedProjection-passivation-race-entity-passivation-race-consumer-a#-807369011]]
08:08:39.653 DEBUG a.c.sharding.DDataShardCoordinator - sharded-daemon-process-eventSourcedProjection-passivation-race-entity-passivation-race-view: ShardRegion registered: [Actor[akka://akka-runtime/system/sharding/sharded-daemon-process-eventSourcedProjection-passivation-race-entity-passivation-race-view#1484686070]]
08:08:39.653 DEBUG a.c.sharding.DDataShardCoordinator - passivation-race-entity: ShardRegion registered: [Actor[akka://akka-runtime/system/sharding/passivation-race-entity#-824412989]]
08:08:39.653 DEBUG a.c.sharding.DDataShardCoordinator - passivation-race-entity: The coordinator state was successfully updated with ShardRegionRegistered(Actor[akka://akka-runtime/system/sharding/passivation-race-entity#-824412989])
08:08:39.653 DEBUG a.c.sharding.DDataShardCoordinator - sharded-daemon-process-eventSourcedProjection-passivation-race-entity-passivation-race-view: The coordinator state was successfully updated with ShardRegionRegistered(Actor[akka://akka-runtime/system/sharding/sharded-daemon-process-eventSourcedProjection-passivation-race-entity-passivation-race-view#1484686070])
08:08:39.653 DEBUG a.c.sharding.DDataShardCoordinator - sharded-daemon-process-eventSourcedProjection-passivation-race-entity-passivation-race-consumer-b: The coordinator state was successfully updated with ShardRegionRegistered(Actor[akka://akka-runtime/system/sharding/sharded-daemon-process-eventSourcedProjection-passivation-race-entity-passivation-race-consumer-b#-117826439])
08:08:39.654 DEBUG a.c.sharding.DDataShardCoordinator - sharded-daemon-process-eventSourcedProjection-passivation-race-entity-passivation-race-consumer-a: The coordinator state was successfully updated with ShardRegionRegistered(Actor[akka://akka-runtime/system/sharding/sharded-daemon-process-eventSourcedProjection-passivation-race-entity-passivation-race-consumer-a#-807369011])
08:08:39.654 DEBUG a.c.sharding.DDataShardCoordinator - sharded-daemon-process-eventSourcedProjection-passivation-race-entity-passivation-race-view: The coordinator state was successfully updated with ShardHomeAllocated(0,Actor[akka://akka-runtime/system/sharding/sharded-daemon-process-eventSourcedProjection-passivation-race-entity-passivation-race-view#1484686070])
08:08:39.654 DEBUG a.c.sharding.DDataShardCoordinator - sharded-daemon-process-eventSourcedProjection-passivation-race-entity-passivation-race-consumer-b: The coordinator state was successfully updated with ShardHomeAllocated(0,Actor[akka://akka-runtime/system/sharding/sharded-daemon-process-eventSourcedProjection-passivation-race-entity-passivation-race-consumer-b#-117826439])
08:08:39.654 DEBUG a.c.sharding.DDataShardCoordinator - sharded-daemon-process-eventSourcedProjection-passivation-race-entity-passivation-race-consumer-a: The coordinator state was successfully updated with ShardHomeAllocated(0,Actor[akka://akka-runtime/system/sharding/sharded-daemon-process-eventSourcedProjection-passivation-race-entity-passivation-race-consumer-a#-807369011])
08:08:39.654 DEBUG a.c.sharding.DDataShardCoordinator - passivation-race-entity: The coordinator state was successfully updated with ShardHomeAllocated(704,Actor[akka://akka-runtime/system/sharding/passivation-race-entity#-824412989])
08:08:39.654 DEBUG a.c.sharding.DDataShardCoordinator - passivation-race-entity: Shard [704] allocated at [Actor[akka://akka-runtime/system/sharding/passivation-race-entity#-824412989]]
08:08:39.654 DEBUG a.c.sharding.DDataShardCoordinator - sharded-daemon-process-eventSourcedProjection-passivation-race-entity-passivation-race-view: Shard [0] allocated at [Actor[akka://akka-runtime/system/sharding/sharded-daemon-process-eventSourcedProjection-passivation-race-entity-passivation-race-view#1484686070]]
08:08:39.654 DEBUG a.c.sharding.DDataShardCoordinator - sharded-daemon-process-eventSourcedProjection-passivation-race-entity-passivation-race-consumer-a: Shard [0] allocated at [Actor[akka://akka-runtime/system/sharding/sharded-daemon-process-eventSourcedProjection-passivation-race-entity-passivation-race-consumer-a#-807369011]]
08:08:39.654 DEBUG a.c.sharding.DDataShardCoordinator - sharded-daemon-process-eventSourcedProjection-passivation-race-entity-passivation-race-consumer-b: Shard [0] allocated at [Actor[akka://akka-runtime/system/sharding/sharded-daemon-process-eventSourcedProjection-passivation-race-entity-passivation-race-consumer-b#-117826439]]
08:08:39.654 DEBUG a.c.sharding.DDataShardCoordinator - sharded-daemon-process-eventSourcedProjection-passivation-race-entity-passivation-race-consumer-a: Graceful shutdown of region [Actor[akka://akka-runtime/system/sharding/sharded-daemon-process-eventSourcedProjection-passivation-race-entity-passivation-race-consumer-a#-807369011]] with [1] shards
08:08:39.654 DEBUG a.c.sharding.DDataShardCoordinator - sharded-daemon-process-eventSourcedProjection-passivation-race-entity-passivation-race-view: Graceful shutdown of region [Actor[akka://akka-runtime/system/sharding/sharded-daemon-process-eventSourcedProjection-passivation-race-entity-passivation-race-view#1484686070]] with [1] shards
08:08:39.654 DEBUG a.c.sharding.DDataShardCoordinator - passivation-race-entity: Graceful shutdown of region [Actor[akka://akka-runtime/system/sharding/passivation-race-entity#-824412989]] with [1] shards
08:08:39.654 INFO  a.c.sharding.DDataShardCoordinator - sharded-daemon-process-eventSourcedProjection-passivation-race-entity-passivation-race-consumer-a: Starting shutting down shards [0] due to region shutting down or explicit stopping of shards.
08:08:39.654 INFO  a.c.sharding.DDataShardCoordinator - sharded-daemon-process-eventSourcedProjection-passivation-race-entity-passivation-race-view: Starting shutting down shards [0] due to region shutting down or explicit stopping of shards.
08:08:39.654 INFO  a.c.sharding.DDataShardCoordinator - passivation-race-entity: Starting shutting down shards [704] due to region shutting down or explicit stopping of shards.
08:08:39.654 DEBUG a.c.sharding.DDataShardCoordinator - sharded-daemon-process-eventSourcedProjection-passivation-race-entity-passivation-race-consumer-b: Graceful shutdown of region [Actor[akka://akka-runtime/system/sharding/sharded-daemon-process-eventSourcedProjection-passivation-race-entity-passivation-race-consumer-b#-117826439]] with [1] shards
08:08:39.654 INFO  a.c.sharding.DDataShardCoordinator - sharded-daemon-process-eventSourcedProjection-passivation-race-entity-passivation-race-consumer-b: Starting shutting down shards [0] due to region shutting down or explicit stopping of shards.
08:08:39.654 DEBUG a.c.s.ShardCoordinator$RebalanceWorker - sharded-daemon-process-eventSourcedProjection-passivation-race-entity-passivation-race-consumer-b: Shutting down shard [0] from region [Actor[akka://akka-runtime/system/sharding/sharded-daemon-process-eventSourcedProjection-passivation-race-entity-passivation-race-consumer-b#-117826439]]. Asking [1] region(s) to hand-off shard
08:08:39.654 DEBUG akka.cluster.sharding.Shard - sharded-daemon-process-eventSourcedProjection-passivation-race-entity-passivation-race-consumer-a: Shard initialized
08:08:39.654 DEBUG akka.cluster.sharding.Shard - sharded-daemon-process-eventSourcedProjection-passivation-race-entity-passivation-race-view: Shard initialized
08:08:39.654 DEBUG akka.cluster.sharding.Shard - sharded-daemon-process-eventSourcedProjection-passivation-race-entity-passivation-race-consumer-b: Shard initialized
08:08:39.654 DEBUG a.c.s.ShardCoordinator$RebalanceWorker - passivation-race-entity: Shutting down shard [704] from region [Actor[akka://akka-runtime/system/sharding/passivation-race-entity#-824412989]]. Asking [1] region(s) to hand-off shard
08:08:39.654 DEBUG a.c.s.ShardCoordinator$RebalanceWorker - sharded-daemon-process-eventSourcedProjection-passivation-race-entity-passivation-race-consumer-b: BeginHandOffAck for shard [0] received from [Actor[akka://akka-runtime/system/sharding/sharded-daemon-process-eventSourcedProjection-passivation-race-entity-passivation-race-consumer-b#-117826439]].
08:08:39.654 DEBUG a.c.s.ShardCoordinator$RebalanceWorker - sharded-daemon-process-eventSourcedProjection-passivation-race-entity-passivation-race-consumer-b: All shard regions acked, handing off shard [0].
08:08:39.654 DEBUG a.c.s.ShardCoordinator$RebalanceWorker - passivation-race-entity: BeginHandOffAck for shard [704] received from [Actor[akka://akka-runtime/system/sharding/passivation-race-entity#-824412989]].
08:08:39.654 DEBUG a.c.s.ShardCoordinator$RebalanceWorker - passivation-race-entity: All shard regions acked, handing off shard [704].
08:08:39.654 DEBUG a.c.s.ShardCoordinator$RebalanceWorker - sharded-daemon-process-eventSourcedProjection-passivation-race-entity-passivation-race-view: Shutting down shard [0] from region [Actor[akka://akka-runtime/system/sharding/sharded-daemon-process-eventSourcedProjection-passivation-race-entity-passivation-race-view#1484686070]]. Asking [1] region(s) to hand-off shard
08:08:39.654 DEBUG a.c.s.ShardCoordinator$RebalanceWorker - sharded-daemon-process-eventSourcedProjection-passivation-race-entity-passivation-race-consumer-a: Shutting down shard [0] from region [Actor[akka://akka-runtime/system/sharding/sharded-daemon-process-eventSourcedProjection-passivation-race-entity-passivation-race-consumer-a#-807369011]]. Asking [1] region(s) to hand-off shard
08:08:39.654 DEBUG akka.cluster.sharding.Shard - sharded-daemon-process-eventSourcedProjection-passivation-race-entity-passivation-race-consumer-a: Request to start entity [0] and ack to [Some(Actor[akka://akka-runtime/deadLetters])]
08:08:39.654 DEBUG akka.cluster.sharding.Shard - sharded-daemon-process-eventSourcedProjection-passivation-race-entity-passivation-race-consumer-b: Request to start entity [0] and ack to [Some(Actor[akka://akka-runtime/deadLetters])]
08:08:39.655 WARN  akka.cluster.sharding.ShardRegion - passivation-race-entity: Dropping [1] buffered messages to shard [704] during hand off to avoid re-ordering
08:08:39.655 DEBUG a.c.s.ShardCoordinator$RebalanceWorker - sharded-daemon-process-eventSourcedProjection-passivation-race-entity-passivation-race-consumer-a: BeginHandOffAck for shard [0] received from [Actor[akka://akka-runtime/system/sharding/sharded-daemon-process-eventSourcedProjection-passivation-race-entity-passivation-race-consumer-a#-807369011]].
08:08:39.655 DEBUG akka.cluster.sharding.Shard - sharded-daemon-process-eventSourcedProjection-passivation-race-entity-passivation-race-consumer-a: Started entity [Actor[akka://akka-runtime/system/sharding/sharded-daemon-process-eventSourcedProjection-passivation-race-entity-passivation-race-consumer-a/0/0#-44217132]] with entity id [0] in shard [0]
08:08:39.655 DEBUG a.c.s.ShardCoordinator$RebalanceWorker - sharded-daemon-process-eventSourcedProjection-passivation-race-entity-passivation-race-consumer-a: All shard regions acked, handing off shard [0].
08:08:39.655 DEBUG akka.cluster.sharding.Shard - passivation-race-entity: Shard initialized
08:08:39.655 DEBUG akka.cluster.sharding.Shard - sharded-daemon-process-eventSourcedProjection-passivation-race-entity-passivation-race-consumer-b: Started entity [Actor[akka://akka-runtime/system/sharding/sharded-daemon-process-eventSourcedProjection-passivation-race-entity-passivation-race-consumer-b/0/0#-53746289]] with entity id [0] in shard [0]
08:08:39.655 DEBUG akka.cluster.sharding.Shard - sharded-daemon-process-eventSourcedProjection-passivation-race-entity-passivation-race-consumer-a: HandOff shard [0]
08:08:39.655 DEBUG akka.cluster.sharding.Shard - sharded-daemon-process-eventSourcedProjection-passivation-race-entity-passivation-race-consumer-b: HandOff shard [0]
08:08:39.655 DEBUG akka.cluster.sharding.Shard - sharded-daemon-process-eventSourcedProjection-passivation-race-entity-passivation-race-consumer-b: Starting HandOffStopper for shard [0] to terminate [1] entities.
08:08:39.655 DEBUG akka.cluster.sharding.Shard - sharded-daemon-process-eventSourcedProjection-passivation-race-entity-passivation-race-consumer-a: Starting HandOffStopper for shard [0] to terminate [1] entities.
08:08:39.655 DEBUG akka.cluster.sharding.Shard - passivation-race-entity: HandOff shard [704]
08:08:39.655 DEBUG akka.cluster.sharding.Shard - passivation-race-entity: Shard [704] shutting down
08:08:39.655 DEBUG a.c.s.t.i.ShardedDaemonProcessState$ - eventSourcedProjection-passivation-race-entity-passivation-race-consumer-a: Deferred start of worker to verify its revision [0] is the latest
08:08:39.655 DEBUG a.c.s.t.i.ShardedDaemonProcessState$ - eventSourcedProjection-passivation-race-entity-passivation-race-consumer-b: Deferred start of worker to verify its revision [0] is the latest
08:08:39.655 DEBUG a.c.sharding.DDataShardCoordinator - passivation-race-entity: Shard [704] deallocation completed successfully.
08:08:39.655 DEBUG akka.cluster.sharding.Shard - sharded-daemon-process-eventSourcedProjection-passivation-race-entity-passivation-race-view: Request to start entity [0] and ack to [Some(Actor[akka://akka-runtime/deadLetters])]
08:08:39.655 DEBUG akka.cluster.sharding.Shard - sharded-daemon-process-eventSourcedProjection-passivation-race-entity-passivation-race-view: Started entity [Actor[akka://akka-runtime/system/sharding/sharded-daemon-process-eventSourcedProjection-passivation-race-entity-passivation-race-view/0/0#310812891]] with entity id [0] in shard [0]
08:08:39.655 DEBUG a.c.s.ShardCoordinator$RebalanceWorker - sharded-daemon-process-eventSourcedProjection-passivation-race-entity-passivation-race-view: BeginHandOffAck for shard [0] received from [Actor[akka://akka-runtime/system/sharding/sharded-daemon-process-eventSourcedProjection-passivation-race-entity-passivation-race-view#1484686070]].
08:08:39.655 DEBUG a.c.s.ShardCoordinator$RebalanceWorker - sharded-daemon-process-eventSourcedProjection-passivation-race-entity-passivation-race-view: All shard regions acked, handing off shard [0].
08:08:39.655 DEBUG a.c.s.t.i.ShardedDaemonProcessState$ - eventSourcedProjection-passivation-race-entity-passivation-race-view: Deferred start of worker to verify its revision [0] is the latest
08:08:39.655 DEBUG a.c.sharding.DDataShardCoordinator - passivation-race-entity: The coordinator state was successfully updated with ShardHomeDeallocated(704)
08:08:39.655 DEBUG akka.cluster.sharding.Shard - sharded-daemon-process-eventSourcedProjection-passivation-race-entity-passivation-race-view: HandOff shard [0]
08:08:39.655 DEBUG a.c.sharding.DDataShardCoordinator - passivation-race-entity: Shard [704] deallocated after
08:08:39.655 DEBUG akka.cluster.sharding.Shard - sharded-daemon-process-eventSourcedProjection-passivation-race-entity-passivation-race-view: Starting HandOffStopper for shard [0] to terminate [1] entities.
08:08:39.655 INFO  a.c.s.t.i.ShardedDaemonProcessState$ - eventSourcedProjection-passivation-race-entity-passivation-race-consumer-a: Starting Sharded Daemon Process [0] out of a total [1] (revision [0] and no state found)
08:08:39.655 INFO  a.c.s.t.i.ShardedDaemonProcessState$ - eventSourcedProjection-passivation-race-entity-passivation-race-consumer-b: Starting Sharded Daemon Process [0] out of a total [1] (revision [0] and no state found)
08:08:39.655 DEBUG a.c.sharding.DDataShardCoordinator - passivation-race-entity: ShardRegion terminated (gracefully): [Actor[akka://akka-runtime/system/sharding/passivation-race-entity#-824412989]] {}
08:08:39.655 DEBUG a.c.sharding.DDataShardCoordinator - passivation-race-entity: GetShardHome [704] request from [Actor[akka://local/ignore]] stashed, because waiting for initial state or update of state. It will be handled afterwards.
08:08:39.655 DEBUG a.c.sharding.DDataShardCoordinator - passivation-race-entity: The coordinator state was successfully updated with ShardRegionTerminated(Actor[akka://akka-runtime/system/sharding/passivation-race-entity#-824412989])
08:08:39.655 DEBUG a.c.sharding.DDataShardCoordinator - passivation-race-entity: ShardRegion stopped: [Actor[akka://akka-runtime/system/sharding/passivation-race-entity#-824412989]]
08:08:39.655 INFO  a.c.s.t.i.ShardedDaemonProcessState$ - eventSourcedProjection-passivation-race-entity-passivation-race-view: Starting Sharded Daemon Process [0] out of a total [1] (revision [0] and no state found)
08:08:40.423 WARN  a.c.s.ShardRegion$HandOffStopper - sharded-daemon-process-eventSourcedProjection-passivation-race-entity-passivation-race-consumer-a: [1] of the entities in shard [0] not stopped after [750 milliseconds]. Maybe the handOffStopMessage [akka.projection.ProjectionBehavior$Stop$] is not handled? Waiting additional [250 milliseconds] before stopping the remaining entities.
08:08:40.423 WARN  a.c.s.ShardRegion$HandOffStopper - sharded-daemon-process-eventSourcedProjection-passivation-race-entity-passivation-race-view: [1] of the entities in shard [0] not stopped after [750 milliseconds]. Maybe the handOffStopMessage [akka.projection.ProjectionBehavior$Stop$] is not handled? Waiting additional [250 milliseconds] before stopping the remaining entities.
08:08:40.423 WARN  a.c.s.ShardRegion$HandOffStopper - sharded-daemon-process-eventSourcedProjection-passivation-race-entity-passivation-race-consumer-b: [1] of the entities in shard [0] not stopped after [750 milliseconds]. Maybe the handOffStopMessage [akka.projection.ProjectionBehavior$Stop$] is not handled? Waiting additional [250 milliseconds] before stopping the remaining entities.
08:08:40.671 WARN  a.c.s.ShardRegion$HandOffStopper - sharded-daemon-process-eventSourcedProjection-passivation-race-entity-passivation-race-consumer-a: HandOffStopMessage [akka.projection.ProjectionBehavior$Stop$] is not handled by some of the entities in shard [0] after [1 second], stopping the remaining [1] entities.
08:08:40.671 WARN  a.c.s.ShardRegion$HandOffStopper - sharded-daemon-process-eventSourcedProjection-passivation-race-entity-passivation-race-consumer-b: HandOffStopMessage [akka.projection.ProjectionBehavior$Stop$] is not handled by some of the entities in shard [0] after [1 second], stopping the remaining [1] entities.
08:08:40.671 WARN  a.c.s.ShardRegion$HandOffStopper - sharded-daemon-process-eventSourcedProjection-passivation-race-entity-passivation-race-view: HandOffStopMessage [akka.projection.ProjectionBehavior$Stop$] is not handled by some of the entities in shard [0] after [1 second], stopping the remaining [1] entities.
08:08:40.672 DEBUG akka.cluster.sharding.Shard - sharded-daemon-process-eventSourcedProjection-passivation-race-entity-passivation-race-view: Shard [0] shutting down
08:08:40.672 DEBUG a.c.sharding.DDataShardCoordinator - sharded-daemon-process-eventSourcedProjection-passivation-race-entity-passivation-race-view: Shard [0] deallocation completed successfully.
08:08:40.672 DEBUG akka.cluster.sharding.Shard - sharded-daemon-process-eventSourcedProjection-passivation-race-entity-passivation-race-consumer-a: Shard [0] shutting down
08:08:40.672 DEBUG akka.cluster.sharding.Shard - sharded-daemon-process-eventSourcedProjection-passivation-race-entity-passivation-race-consumer-b: Shard [0] shutting down
08:08:40.672 DEBUG a.c.sharding.DDataShardCoordinator - sharded-daemon-process-eventSourcedProjection-passivation-race-entity-passivation-race-consumer-b: Shard [0] deallocation completed successfully.
08:08:40.672 DEBUG a.c.sharding.DDataShardCoordinator - sharded-daemon-process-eventSourcedProjection-passivation-race-entity-passivation-race-consumer-a: Shard [0] deallocation completed successfully.
08:08:40.673 DEBUG akka.actor.CoordinatedShutdown - Performing phase [cluster-leave] with [1] tasks.
08:08:40.673 DEBUG a.c.sharding.DDataShardCoordinator - sharded-daemon-process-eventSourcedProjection-passivation-race-entity-passivation-race-view: The coordinator state was successfully updated with ShardHomeDeallocated(0)
08:08:40.673 DEBUG a.c.sharding.DDataShardCoordinator - sharded-daemon-process-eventSourcedProjection-passivation-race-entity-passivation-race-view: Shard [0] deallocated after
08:08:40.673 DEBUG akka.actor.CoordinatedShutdown - Performing task [leave] in CoordinatedShutdown phase [cluster-leave]
08:08:40.673 DEBUG a.c.sharding.DDataShardCoordinator - sharded-daemon-process-eventSourcedProjection-passivation-race-entity-passivation-race-consumer-b: The coordinator state was successfully updated with ShardHomeDeallocated(0)
08:08:40.673 DEBUG a.c.sharding.DDataShardCoordinator - sharded-daemon-process-eventSourcedProjection-passivation-race-entity-passivation-race-consumer-b: Shard [0] deallocated after
08:08:40.673 DEBUG a.c.sharding.DDataShardCoordinator - sharded-daemon-process-eventSourcedProjection-passivation-race-entity-passivation-race-consumer-b: ShardRegion terminated (gracefully): [Actor[akka://akka-runtime/system/sharding/sharded-daemon-process-eventSourcedProjection-passivation-race-entity-passivation-race-consumer-b#-117826439]] {}
08:08:40.673 DEBUG a.c.sharding.DDataShardCoordinator - sharded-daemon-process-eventSourcedProjection-passivation-race-entity-passivation-race-view: ShardRegion terminated (gracefully): [Actor[akka://akka-runtime/system/sharding/sharded-daemon-process-eventSourcedProjection-passivation-race-entity-passivation-race-view#1484686070]] {}
08:08:40.673 DEBUG a.c.sharding.DDataShardCoordinator - sharded-daemon-process-eventSourcedProjection-passivation-race-entity-passivation-race-consumer-a: The coordinator state was successfully updated with ShardHomeDeallocated(0)
08:08:40.673 DEBUG a.c.sharding.DDataShardCoordinator - sharded-daemon-process-eventSourcedProjection-passivation-race-entity-passivation-race-consumer-a: Shard [0] deallocated after
08:08:40.673 DEBUG a.c.sharding.DDataShardCoordinator - sharded-daemon-process-eventSourcedProjection-passivation-race-entity-passivation-race-consumer-a: ShardRegion terminated (gracefully): [Actor[akka://akka-runtime/system/sharding/sharded-daemon-process-eventSourcedProjection-passivation-race-entity-passivation-race-consumer-a#-807369011]] {}
08:08:40.673 DEBUG a.c.sharding.DDataShardCoordinator - sharded-daemon-process-eventSourcedProjection-passivation-race-entity-passivation-race-consumer-a: GetShardHome [0] request from [Actor[akka://local/ignore]] stashed, because waiting for initial state or update of state. It will be handled afterwards.
08:08:40.673 DEBUG a.c.sharding.DDataShardCoordinator - sharded-daemon-process-eventSourcedProjection-passivation-race-entity-passivation-race-view: GetShardHome [0] request from [Actor[akka://local/ignore]] stashed, because waiting for initial state or update of state. It will be handled afterwards.
08:08:40.673 DEBUG a.c.sharding.DDataShardCoordinator - sharded-daemon-process-eventSourcedProjection-passivation-race-entity-passivation-race-consumer-a: The coordinator state was successfully updated with ShardRegionTerminated(Actor[akka://akka-runtime/system/sharding/sharded-daemon-process-eventSourcedProjection-passivation-race-entity-passivation-race-consumer-a#-807369011])
08:08:40.673 DEBUG a.c.sharding.DDataShardCoordinator - sharded-daemon-process-eventSourcedProjection-passivation-race-entity-passivation-race-view: The coordinator state was successfully updated with ShardRegionTerminated(Actor[akka://akka-runtime/system/sharding/sharded-daemon-process-eventSourcedProjection-passivation-race-entity-passivation-race-view#1484686070])
08:08:40.673 DEBUG a.c.sharding.DDataShardCoordinator - sharded-daemon-process-eventSourcedProjection-passivation-race-entity-passivation-race-consumer-b: GetShardHome [0] request from [Actor[akka://local/ignore]] stashed, because waiting for initial state or update of state. It will be handled afterwards.
08:08:40.673 DEBUG a.c.sharding.DDataShardCoordinator - sharded-daemon-process-eventSourcedProjection-passivation-race-entity-passivation-race-consumer-b: The coordinator state was successfully updated with ShardRegionTerminated(Actor[akka://akka-runtime/system/sharding/sharded-daemon-process-eventSourcedProjection-passivation-race-entity-passivation-race-consumer-b#-117826439])
08:08:40.673 DEBUG a.c.sharding.DDataShardCoordinator - sharded-daemon-process-eventSourcedProjection-passivation-race-entity-passivation-race-consumer-a: ShardRegion stopped: [Actor[akka://akka-runtime/system/sharding/sharded-daemon-process-eventSourcedProjection-passivation-race-entity-passivation-race-consumer-a#-807369011]]
08:08:40.673 DEBUG a.c.sharding.DDataShardCoordinator - sharded-daemon-process-eventSourcedProjection-passivation-race-entity-passivation-race-view: ShardRegion stopped: [Actor[akka://akka-runtime/system/sharding/sharded-daemon-process-eventSourcedProjection-passivation-race-entity-passivation-race-view#1484686070]]
08:08:40.673 DEBUG a.c.sharding.DDataShardCoordinator - sharded-daemon-process-eventSourcedProjection-passivation-race-entity-passivation-race-consumer-b: ShardRegion stopped: [Actor[akka://akka-runtime/system/sharding/sharded-daemon-process-eventSourcedProjection-passivation-race-entity-passivation-race-consumer-b#-117826439]]
08:08:40.673 DEBUG a.c.singleton.ClusterSingletonProxy - Creating singleton identification timer...
08:08:40.674 DEBUG a.c.singleton.ClusterSingletonProxy - Creating singleton identification timer...
08:08:40.674 DEBUG a.c.singleton.ClusterSingletonProxy - Creating singleton identification timer...
08:08:40.674 DEBUG a.c.singleton.ClusterSingletonProxy - Creating singleton identification timer...
08:08:40.674 DEBUG akka.actor.CoordinatedShutdown - Performing phase [cluster-exiting] with [28] tasks.
08:08:40.674 DEBUG akka.actor.CoordinatedShutdown - Performing task [singleton-exiting-2] in CoordinatedShutdown phase [cluster-exiting]
08:08:40.674 DEBUG akka.actor.CoordinatedShutdown - Performing task [wait-singleton-exiting] in CoordinatedShutdown phase [cluster-exiting]
08:08:40.674 DEBUG akka.actor.CoordinatedShutdown - Performing task [wait-singleton-exiting] in CoordinatedShutdown phase [cluster-exiting]
08:08:40.674 DEBUG akka.actor.CoordinatedShutdown - Performing task [wait-singleton-exiting] in CoordinatedShutdown phase [cluster-exiting]
08:08:40.674 DEBUG akka.actor.CoordinatedShutdown - Performing task [wait-singleton-exiting] in CoordinatedShutdown phase [cluster-exiting]
08:08:40.674 DEBUG akka.actor.CoordinatedShutdown - Performing task [singleton-exiting-2] in CoordinatedShutdown phase [cluster-exiting]
08:08:40.674 DEBUG akka.actor.CoordinatedShutdown - Performing task [singleton-exiting-1] in CoordinatedShutdown phase [cluster-exiting]
08:08:40.674 INFO  a.c.s.ClusterSingletonManager - Exited [akka://akka-runtime@127.0.0.1:63320].
08:08:40.674 INFO  a.c.s.ClusterSingletonManager - Exited [akka://akka-runtime@127.0.0.1:63320].
08:08:40.674 DEBUG akka.actor.CoordinatedShutdown - Performing task [wait-exiting] in CoordinatedShutdown phase [cluster-exiting]
08:08:40.674 DEBUG akka.actor.CoordinatedShutdown - Performing task [wait-singleton-exiting] in CoordinatedShutdown phase [cluster-exiting]
08:08:40.674 DEBUG akka.actor.CoordinatedShutdown - Performing task [singleton-exiting-1] in CoordinatedShutdown phase [cluster-exiting]
08:08:40.674 DEBUG akka.actor.CoordinatedShutdown - Performing task [wait-singleton-exiting] in CoordinatedShutdown phase [cluster-exiting]
08:08:40.674 DEBUG akka.actor.CoordinatedShutdown - Performing task [singleton-exiting-2] in CoordinatedShutdown phase [cluster-exiting]
08:08:40.674 DEBUG akka.actor.CoordinatedShutdown - Performing task [singleton-exiting-1] in CoordinatedShutdown phase [cluster-exiting]
08:08:40.674 DEBUG akka.actor.CoordinatedShutdown - Performing task [singleton-exiting-2] in CoordinatedShutdown phase [cluster-exiting]
08:08:40.674 DEBUG akka.actor.CoordinatedShutdown - Performing task [singleton-exiting-2] in CoordinatedShutdown phase [cluster-exiting]
08:08:40.674 DEBUG akka.actor.CoordinatedShutdown - Performing task [singleton-exiting-1] in CoordinatedShutdown phase [cluster-exiting]
08:08:40.674 INFO  a.c.s.ClusterSingletonManager - Oldest observed OldestChanged: [akka://akka-runtime@127.0.0.1:63320 -> None]
08:08:40.674 DEBUG akka.actor.CoordinatedShutdown - Performing task [wait-singleton-exiting] in CoordinatedShutdown phase [cluster-exiting]
08:08:40.674 DEBUG akka.actor.CoordinatedShutdown - Performing task [singleton-exiting-1] in CoordinatedShutdown phase [cluster-exiting]
08:08:40.674 DEBUG akka.actor.CoordinatedShutdown - Performing task [singleton-exiting-1] in CoordinatedShutdown phase [cluster-exiting]
08:08:40.674 DEBUG akka.actor.CoordinatedShutdown - Performing task [singleton-exiting-1] in CoordinatedShutdown phase [cluster-exiting]
08:08:40.674 INFO  a.c.s.ClusterSingletonManager - ClusterSingletonManager state change [Oldest -> WasOldest]
08:08:40.674 DEBUG akka.actor.CoordinatedShutdown - Performing task [singleton-exiting-1] in CoordinatedShutdown phase [cluster-exiting]
08:08:40.674 DEBUG akka.actor.CoordinatedShutdown - Performing task [singleton-exiting-2] in CoordinatedShutdown phase [cluster-exiting]
08:08:40.674 DEBUG akka.actor.CoordinatedShutdown - Performing task [singleton-exiting-2] in CoordinatedShutdown phase [cluster-exiting]
08:08:40.674 INFO  a.c.s.ClusterSingletonManager - Exited [akka://akka-runtime@127.0.0.1:63320].
08:08:40.674 DEBUG akka.actor.CoordinatedShutdown - Performing task [wait-singleton-exiting] in CoordinatedShutdown phase [cluster-exiting]
08:08:40.674 DEBUG akka.actor.CoordinatedShutdown - Performing task [singleton-exiting-2] in CoordinatedShutdown phase [cluster-exiting]
08:08:40.674 INFO  a.c.s.ClusterSingletonManager - Oldest observed OldestChanged: [akka://akka-runtime@127.0.0.1:63320 -> None]
08:08:40.674 INFO  a.c.s.ClusterSingletonManager - Exited [akka://akka-runtime@127.0.0.1:63320].
08:08:40.674 DEBUG akka.actor.CoordinatedShutdown - Performing task [wait-singleton-exiting] in CoordinatedShutdown phase [cluster-exiting]
08:08:40.674 DEBUG akka.actor.CoordinatedShutdown - Performing task [singleton-exiting-1] in CoordinatedShutdown phase [cluster-exiting]
08:08:40.674 DEBUG akka.actor.CoordinatedShutdown - Performing task [singleton-exiting-2] in CoordinatedShutdown phase [cluster-exiting]
08:08:40.674 INFO  a.c.s.ClusterSingletonManager - ClusterSingletonManager state change [Oldest -> WasOldest]
08:08:40.674 INFO  a.c.s.ClusterSingletonManager - Oldest observed OldestChanged: [akka://akka-runtime@127.0.0.1:63320 -> None]
08:08:40.674 INFO  a.c.s.ClusterSingletonManager - Exited [akka://akka-runtime@127.0.0.1:63320].
08:08:40.674 INFO  a.c.s.ClusterSingletonManager - ClusterSingletonManager state change [Oldest -> WasOldest]
08:08:40.674 INFO  a.c.s.ClusterSingletonManager - Singleton manager stopping singleton actor [akka://akka-runtime/system/singletonManagerShardedDaemonProcessCoordinator-eventSourcedProjection-passivation-race-entity-passivation-race-view/ShardedDaemonProcessCoordinator-eventSourcedProjection-passivation-race-entity-passivation-race-view]
08:08:40.674 INFO  a.c.s.ClusterSingletonManager - Singleton manager stopping singleton actor [akka://akka-runtime/system/sharding/sharded-daemon-process-eventSourcedProjection-passivation-race-entity-passivation-race-consumer-bCoordinator/singleton]
08:08:40.674 INFO  a.c.s.ClusterSingletonManager - ClusterSingletonManager state change [WasOldest -> Stopping]
08:08:40.674 INFO  a.c.s.ClusterSingletonManager - ClusterSingletonManager state change [WasOldest -> Stopping]
08:08:40.674 INFO  a.c.s.ClusterSingletonManager - Exited [akka://akka-runtime@127.0.0.1:63320].
08:08:40.674 DEBUG a.c.sharding.DDataShardCoordinator - sharded-daemon-process-eventSourcedProjection-passivation-race-entity-passivation-race-consumer-b: Received termination message.
08:08:40.674 INFO  a.c.s.ClusterSingletonManager - Exited [akka://akka-runtime@127.0.0.1:63320].
08:08:40.675 INFO  a.c.s.ClusterSingletonManager - Singleton actor [akka://akka-runtime/system/sharding/sharded-daemon-process-eventSourcedProjection-passivation-race-entity-passivation-race-consumer-bCoordinator/singleton] was terminated
08:08:40.675 INFO  a.c.s.ClusterSingletonManager - Exited [akka://akka-runtime@127.0.0.1:63320].
08:08:40.675 INFO  a.c.s.ClusterSingletonManager - Oldest observed OldestChanged: [akka://akka-runtime@127.0.0.1:63320 -> None]
08:08:40.675 INFO  a.c.s.ClusterSingletonManager - Exited [akka://akka-runtime@127.0.0.1:63320].
08:08:40.675 INFO  a.c.s.ClusterSingletonManager - Oldest observed OldestChanged: [akka://akka-runtime@127.0.0.1:63320 -> None]
08:08:40.675 INFO  a.c.s.ClusterSingletonManager - Oldest observed OldestChanged: [akka://akka-runtime@127.0.0.1:63320 -> None]
08:08:40.675 INFO  a.c.s.ClusterSingletonManager - ClusterSingletonManager state change [Oldest -> WasOldest]
08:08:40.675 INFO  a.c.s.ClusterSingletonManager - ClusterSingletonManager state change [Oldest -> WasOldest]
08:08:40.675 INFO  a.c.s.ClusterSingletonManager - ClusterSingletonManager state change [Oldest -> WasOldest]
08:08:40.675 INFO  a.c.s.ClusterSingletonManager - Oldest observed OldestChanged: [akka://akka-runtime@127.0.0.1:63320 -> None]
08:08:40.675 INFO  a.c.s.ClusterSingletonManager - Singleton manager stopping singleton actor [akka://akka-runtime/system/sharding/passivation-race-entityCoordinator/singleton]
08:08:40.675 INFO  a.c.s.ClusterSingletonManager - ClusterSingletonManager state change [WasOldest -> Stopping]
08:08:40.675 INFO  a.c.s.ClusterSingletonManager - ClusterSingletonManager state change [Oldest -> WasOldest]
08:08:40.675 INFO  a.c.s.ClusterSingletonManager - Singleton manager stopping singleton actor [akka://akka-runtime/system/sharding/sharded-daemon-process-eventSourcedProjection-passivation-race-entity-passivation-race-viewCoordinator/singleton]
08:08:40.675 INFO  a.c.s.ClusterSingletonManager - ClusterSingletonManager state change [WasOldest -> Stopping]
08:08:40.675 INFO  a.c.s.ClusterSingletonManager - Oldest observed OldestChanged: [akka://akka-runtime@127.0.0.1:63320 -> None]
08:08:40.675 DEBUG a.c.sharding.DDataShardCoordinator - sharded-daemon-process-eventSourcedProjection-passivation-race-entity-passivation-race-view: Received termination message.
08:08:40.675 INFO  a.c.s.ClusterSingletonManager - ClusterSingletonManager state change [Oldest -> WasOldest]
08:08:40.675 INFO  a.c.s.ClusterSingletonManager - Singleton manager stopping singleton actor [akka://akka-runtime/system/sharding/sharded-daemon-process-eventSourcedProjection-passivation-race-entity-passivation-race-consumer-aCoordinator/singleton]
08:08:40.675 INFO  a.c.s.ClusterSingletonManager - ClusterSingletonManager state change [WasOldest -> Stopping]
08:08:40.675 DEBUG a.c.sharding.DDataShardCoordinator - sharded-daemon-process-eventSourcedProjection-passivation-race-entity-passivation-race-consumer-a: Received termination message.
08:08:40.675 INFO  a.c.s.ClusterSingletonManager - Oldest observed OldestChanged: [akka://akka-runtime@127.0.0.1:63320 -> None]
08:08:40.675 INFO  a.c.s.ClusterSingletonManager - ClusterSingletonManager state change [Oldest -> WasOldest]
08:08:40.675 INFO  a.c.s.ClusterSingletonManager - Singleton actor [akka://akka-runtime/system/sharding/sharded-daemon-process-eventSourcedProjection-passivation-race-entity-passivation-race-viewCoordinator/singleton] was terminated
08:08:40.675 INFO  a.c.s.ClusterSingletonManager - Singleton manager stopping singleton actor [akka://akka-runtime/system/singletonManagerschemaSingleton/schemaSingleton]
08:08:40.675 INFO  a.c.s.ClusterSingletonManager - ClusterSingletonManager state change [WasOldest -> Stopping]
08:08:40.675 INFO  a.c.s.ClusterSingletonManager - Singleton actor [akka://akka-runtime/system/sharding/sharded-daemon-process-eventSourcedProjection-passivation-race-entity-passivation-race-consumer-aCoordinator/singleton] was terminated
08:08:40.675 INFO  a.c.s.ClusterSingletonManager - Singleton manager stopping singleton actor [akka://akka-runtime/system/singletonManagerShardedDaemonProcessCoordinator-eventSourcedProjection-passivation-race-entity-passivation-race-consumer-b/ShardedDaemonProcessCoordinator-eventSourcedProjection-passivation-race-entity-passivation-race-consumer-b]
08:08:40.675 INFO  a.c.s.ClusterSingletonManager - ClusterSingletonManager state change [WasOldest -> Stopping]
08:08:40.675 INFO  a.c.s.ClusterSingletonManager - Singleton manager stopping singleton actor [akka://akka-runtime/system/sharding/_timerCoordinator/singleton]
08:08:40.675 INFO  a.c.s.ClusterSingletonManager - Singleton actor [akka://akka-runtime/system/singletonManagerschemaSingleton/schemaSingleton] was terminated
08:08:40.675 INFO  a.c.s.ClusterSingletonManager - ClusterSingletonManager state change [WasOldest -> Stopping]
08:08:40.675 INFO  a.c.s.ClusterSingletonManager - Singleton manager stopping singleton actor [akka://akka-runtime/system/singletonManagerShardedDaemonProcessCoordinator-eventSourcedProjection-passivation-race-entity-passivation-race-consumer-a/ShardedDaemonProcessCoordinator-eventSourcedProjection-passivation-race-entity-passivation-race-consumer-a]
08:08:40.675 INFO  a.c.s.ClusterSingletonManager - ClusterSingletonManager state change [WasOldest -> Stopping]
08:08:40.675 DEBUG a.c.sharding.DDataShardCoordinator - _timer: Received termination message.
08:08:40.675 INFO  a.c.s.ClusterSingletonManager - Singleton actor [akka://akka-runtime/system/singletonManagerShardedDaemonProcessCoordinator-eventSourcedProjection-passivation-race-entity-passivation-race-consumer-a/ShardedDaemonProcessCoordinator-eventSourcedProjection-passivation-race-entity-passivation-race-consumer-a] was terminated
08:08:40.675 INFO  a.c.s.ClusterSingletonManager - Singleton actor [akka://akka-runtime/system/singletonManagerShardedDaemonProcessCoordinator-eventSourcedProjection-passivation-race-entity-passivation-race-consumer-b/ShardedDaemonProcessCoordinator-eventSourcedProjection-passivation-race-entity-passivation-race-consumer-b] was terminated
08:08:40.675 INFO  a.c.s.ClusterSingletonManager - Singleton actor [akka://akka-runtime/system/sharding/_timerCoordinator/singleton] was terminated
08:08:40.675 INFO  a.c.s.ClusterSingletonManager - Singleton actor [akka://akka-runtime/system/singletonManagerShardedDaemonProcessCoordinator-eventSourcedProjection-passivation-race-entity-passivation-race-view/ShardedDaemonProcessCoordinator-eventSourcedProjection-passivation-race-entity-passivation-race-view] was terminated
08:08:40.675 DEBUG a.c.sharding.DDataShardCoordinator - passivation-race-entity: Received termination message.
08:08:40.675 INFO  a.c.s.ClusterSingletonManager - Singleton actor [akka://akka-runtime/system/sharding/passivation-race-entityCoordinator/singleton] was terminated
08:08:40.675 DEBUG akka.actor.CoordinatedShutdown - Performing phase [cluster-exiting-done] with [1] tasks.
08:08:40.675 DEBUG akka.actor.CoordinatedShutdown - Performing task [exiting-completed] in CoordinatedShutdown phase [cluster-exiting-done]
08:08:40.676 DEBUG akka.actor.CoordinatedShutdown - Performing phase [cluster-shutdown] with [1] tasks.
08:08:40.676 DEBUG akka.actor.CoordinatedShutdown - Performing task [wait-shutdown] in CoordinatedShutdown phase [cluster-shutdown]
08:08:40.676 DEBUG akka.actor.CoordinatedShutdown - Performing phase [before-actor-system-terminate] with [2] tasks.
08:08:40.676 DEBUG akka.actor.CoordinatedShutdown - Performing task [close connection pools] in CoordinatedShutdown phase [before-actor-system-terminate]
08:08:40.677 DEBUG akka.actor.CoordinatedShutdown - Performing task [close-grpc-channels] in CoordinatedShutdown phase [before-actor-system-terminate]
08:08:40.677 DEBUG akka.actor.CoordinatedShutdown - Performing phase [actor-system-terminate] with [1] tasks.
08:08:40.677 DEBUG akka.actor.CoordinatedShutdown - Performing task [terminate-system] in CoordinatedShutdown phase [actor-system-terminate]
08:08:40.739 INFO  akka.runtime.AkkaRuntimeMain - Starting Akka Runtime version [1.6.15]
08:08:40.745 INFO  akka.javasdk.impl.ComponentLocator$ - Looking for component descriptors matching pattern [META-INF/akka-javasdk-components_*.conf]
08:08:40.753 INFO  akka.javasdk.testkit.TestKit - Eventing TestKit booting up on port: 63324
08:08:40.754 DEBUG a.c.singleton.ClusterSingletonProxy - Creating singleton identification timer...
08:08:40.754 DEBUG a.c.singleton.ClusterSingletonProxy - Trying to identify singleton at [akka://akka-runtime@127.0.0.1:63325/system/singletonManagerschemaSingleton/schemaSingleton]
08:08:40.755 DEBUG a.c.singleton.ClusterSingletonProxy - Singleton not available, buffering message type [kalix.runtime.SchemaSingleton$ExecDdl]
08:08:40.755 INFO  a.c.s.ClusterSingletonManager - Singleton manager starting singleton actor [akka://akka-runtime/system/singletonManagerschemaSingleton/schemaSingleton]
08:08:40.755 INFO  a.c.s.ClusterSingletonManager - ClusterSingletonManager state change [Start -> Oldest]
08:08:40.757 INFO  akka.javasdk.testkit.TestKit - Checking runtime status
08:08:40.817 DEBUG a.c.singleton.ClusterSingletonProxy - Trying to identify singleton at [akka://akka-runtime@127.0.0.1:63325/system/singletonManagerschemaSingleton/schemaSingleton]
08:08:40.817 INFO  a.c.singleton.ClusterSingletonProxy - Singleton identified at [akka://akka-runtime/system/singletonManagerschemaSingleton/schemaSingleton]
08:08:40.817 DEBUG a.c.singleton.ClusterSingletonProxy - Sending buffered messages to current singleton instance
08:08:40.819 INFO  a.c.s.typed.scaladsl.ClusterSharding - Starting Shard Region [passivation-race-entity]...
08:08:40.819 INFO  akka.cluster.sharding.ShardRegion - passivation-race-entity: Automatic entity passivation: composite strategy with limit of [10000] active entities, admission window (least recently used entities) with proportions [initial = 0.01, min = 0.01, max = 1.0] adapting with hill-climbing optimizer [adjust multiplier = 10.0, initial step = 0.0625, restart threshold = 0.05, step decay = 0.98], admit using frequency sketch [width multiplier = 4, reset multiplier = 10.0, depth = 4, counter bits = 4], main (least recently used entities (segmented with [2] levels with proportions of [0.20, 0.80]))
08:08:40.820 INFO  a.c.s.ClusterSingletonManager - Singleton manager starting singleton actor [akka://akka-runtime/system/sharding/passivation-race-entityCoordinator/singleton]
08:08:40.820 INFO  a.c.s.ClusterSingletonManager - ClusterSingletonManager state change [Start -> Oldest]
08:08:40.820 DEBUG a.c.sharding.DDataShardCoordinator - passivation-race-entity: Initial coordinator is empty.
08:08:40.820 INFO  a.c.sharding.DDataShardCoordinator - passivation-race-entity: ShardCoordinator was moved to the active state with [0] shards
08:08:40.821 DEBUG a.c.singleton.ClusterSingletonProxy - Forwarding message of type [SchemaSingleton$ExecDdl] to current singleton instance at [akka://akka-runtime/system/singletonManagerschemaSingleton/schemaSingleton]
08:08:40.822 INFO  akka.runtime.DiscoveryManager - Service components: EventSourcedEntity: [1], Consumer: [2], View: [1]
08:08:40.824 INFO  a.c.s.typed.scaladsl.ClusterSharding - Starting Shard Region [_timer]...
08:08:40.824 INFO  a.c.s.ClusterSingletonManager - Singleton manager starting singleton actor [akka://akka-runtime/system/sharding/_timerCoordinator/singleton]
08:08:40.824 INFO  a.c.s.ClusterSingletonManager - ClusterSingletonManager state change [Start -> Oldest]
08:08:40.824 INFO  a.c.s.typed.scaladsl.ClusterSharding - Starting Shard Region [sharded-daemon-process-eventSourcedProjection-passivation-race-entity-passivation-race-consumer-a]...
08:08:40.824 DEBUG a.c.sharding.DDataShardCoordinator - _timer: Starting remember entities store from provider akka.cluster.sharding.internal.DDataRememberEntitiesProvider@6f31a0aa
08:08:40.824 DEBUG a.c.sharding.DDataShardCoordinator - _timer: Initial coordinator is empty.
08:08:40.824 INFO  a.c.sharding.DDataShardCoordinator - _timer: ShardCoordinator was moved to the active state with [0] shards
08:08:40.824 DEBUG a.c.sharding.DDataShardCoordinator - _timer: Received [0] remembered shard ids (after state initialized)
08:08:40.825 INFO  akka.cluster.sharding.ShardRegion - sharded-daemon-process-eventSourcedProjection-passivation-race-entity-passivation-race-consumer-a: Automatic entity passivation: disabled
08:08:40.825 INFO  a.c.s.ClusterSingletonManager - Singleton manager starting singleton actor [akka://akka-runtime/system/sharding/sharded-daemon-process-eventSourcedProjection-passivation-race-entity-passivation-race-consumer-aCoordinator/singleton]
08:08:40.825 INFO  a.c.s.ClusterSingletonManager - ClusterSingletonManager state change [Start -> Oldest]
08:08:40.825 DEBUG a.c.singleton.ClusterSingletonProxy - Creating singleton identification timer...
08:08:40.825 DEBUG a.c.sharding.DDataShardCoordinator - sharded-daemon-process-eventSourcedProjection-passivation-race-entity-passivation-race-consumer-a: Initial coordinator is empty.
08:08:40.825 INFO  a.c.sharding.DDataShardCoordinator - sharded-daemon-process-eventSourcedProjection-passivation-race-entity-passivation-race-consumer-a: ShardCoordinator was moved to the active state with [0] shards
08:08:40.825 DEBUG a.c.singleton.ClusterSingletonProxy - Trying to identify singleton at [akka://akka-runtime@127.0.0.1:63325/system/singletonManagerShardedDaemonProcessCoordinator-eventSourcedProjection-passivation-race-entity-passivation-race-consumer-a/ShardedDaemonProcessCoordinator-eventSourcedProjection-passivation-race-entity-passivation-race-consumer-a]
08:08:40.825 INFO  a.c.s.typed.scaladsl.ClusterSharding - Starting Shard Region [sharded-daemon-process-eventSourcedProjection-passivation-race-entity-passivation-race-consumer-b]...
08:08:40.825 INFO  akka.cluster.sharding.ShardRegion - sharded-daemon-process-eventSourcedProjection-passivation-race-entity-passivation-race-consumer-b: Automatic entity passivation: disabled
08:08:40.826 INFO  a.c.s.typed.scaladsl.ClusterSharding - Starting Shard Region [sharded-daemon-process-eventSourcedProjection-passivation-race-entity-passivation-race-view]...
08:08:40.826 DEBUG a.c.singleton.ClusterSingletonProxy - Creating singleton identification timer...
08:08:40.826 DEBUG a.c.singleton.ClusterSingletonProxy - Trying to identify singleton at [akka://akka-runtime@127.0.0.1:63325/system/singletonManagerShardedDaemonProcessCoordinator-eventSourcedProjection-passivation-race-entity-passivation-race-consumer-b/ShardedDaemonProcessCoordinator-eventSourcedProjection-passivation-race-entity-passivation-race-consumer-b]
08:08:40.826 INFO  a.c.s.ClusterSingletonManager - Singleton manager starting singleton actor [akka://akka-runtime/system/singletonManagerShardedDaemonProcessCoordinator-eventSourcedProjection-passivation-race-entity-passivation-race-consumer-a/ShardedDaemonProcessCoordinator-eventSourcedProjection-passivation-race-entity-passivation-race-consumer-a]
08:08:40.826 INFO  a.c.s.ClusterSingletonManager - ClusterSingletonManager state change [Start -> Oldest]
08:08:40.826 INFO  akka.cluster.sharding.ShardRegion - sharded-daemon-process-eventSourcedProjection-passivation-race-entity-passivation-race-view: Automatic entity passivation: disabled
08:08:40.826 DEBUG a.c.s.t.i.ShardedDaemonProcessCoordinator$ - ShardedDaemonProcessCoordinator for [eventSourcedProjection-passivation-race-entity-passivation-race-consumer-a] starting
08:08:40.826 DEBUG a.c.s.t.i.ShardedDaemonProcessCoordinator$ - eventSourcedProjection-passivation-race-entity-passivation-race-consumer-a: No previous state stored for Sharded Daemon Process
08:08:40.827 DEBUG a.c.s.t.i.ShardedDaemonProcessCoordinator$ - Sending periodic keep alive for Sharded Daemon Process [eventSourcedProjection-passivation-race-entity-passivation-race-consumer-a] to [1] processes (revision [0]).
08:08:40.827 INFO  a.c.s.ClusterSingletonManager - Singleton manager starting singleton actor [akka://akka-runtime/system/sharding/sharded-daemon-process-eventSourcedProjection-passivation-race-entity-passivation-race-consumer-bCoordinator/singleton]
08:08:40.827 INFO  a.c.s.ClusterSingletonManager - ClusterSingletonManager state change [Start -> Oldest]
08:08:40.827 INFO  a.c.s.ClusterSingletonManager - Singleton manager starting singleton actor [akka://akka-runtime/system/singletonManagerShardedDaemonProcessCoordinator-eventSourcedProjection-passivation-race-entity-passivation-race-consumer-b/ShardedDaemonProcessCoordinator-eventSourcedProjection-passivation-race-entity-passivation-race-consumer-b]
08:08:40.827 INFO  a.c.s.ClusterSingletonManager - ClusterSingletonManager state change [Start -> Oldest]
08:08:40.827 DEBUG a.c.sharding.DDataShardCoordinator - sharded-daemon-process-eventSourcedProjection-passivation-race-entity-passivation-race-consumer-b: Initial coordinator is empty.
08:08:40.827 INFO  a.c.sharding.DDataShardCoordinator - sharded-daemon-process-eventSourcedProjection-passivation-race-entity-passivation-race-consumer-b: ShardCoordinator was moved to the active state with [0] shards
08:08:40.827 DEBUG a.c.s.t.i.ShardedDaemonProcessCoordinator$ - ShardedDaemonProcessCoordinator for [eventSourcedProjection-passivation-race-entity-passivation-race-consumer-b] starting
08:08:40.827 DEBUG a.c.singleton.ClusterSingletonProxy - Creating singleton identification timer...
08:08:40.827 DEBUG a.c.s.t.i.ShardedDaemonProcessCoordinator$ - eventSourcedProjection-passivation-race-entity-passivation-race-consumer-b: No previous state stored for Sharded Daemon Process
08:08:40.827 DEBUG a.c.s.t.i.ShardedDaemonProcessCoordinator$ - Sending periodic keep alive for Sharded Daemon Process [eventSourcedProjection-passivation-race-entity-passivation-race-consumer-b] to [1] processes (revision [0]).
08:08:40.827 DEBUG a.c.singleton.ClusterSingletonProxy - Trying to identify singleton at [akka://akka-runtime@127.0.0.1:63325/system/singletonManagerShardedDaemonProcessCoordinator-eventSourcedProjection-passivation-race-entity-passivation-race-view/ShardedDaemonProcessCoordinator-eventSourcedProjection-passivation-race-entity-passivation-race-view]
08:08:40.827 INFO  a.c.s.ClusterSingletonManager - Singleton manager starting singleton actor [akka://akka-runtime/system/sharding/sharded-daemon-process-eventSourcedProjection-passivation-race-entity-passivation-race-viewCoordinator/singleton]
08:08:40.827 INFO  a.c.s.ClusterSingletonManager - ClusterSingletonManager state change [Start -> Oldest]
08:08:40.827 INFO  a.c.s.ClusterSingletonManager - Singleton manager starting singleton actor [akka://akka-runtime/system/singletonManagerShardedDaemonProcessCoordinator-eventSourcedProjection-passivation-race-entity-passivation-race-view/ShardedDaemonProcessCoordinator-eventSourcedProjection-passivation-race-entity-passivation-race-view]
08:08:40.827 INFO  a.c.s.ClusterSingletonManager - ClusterSingletonManager state change [Start -> Oldest]
08:08:40.827 DEBUG a.c.sharding.DDataShardCoordinator - sharded-daemon-process-eventSourcedProjection-passivation-race-entity-passivation-race-view: Initial coordinator is empty.
08:08:40.827 INFO  a.c.sharding.DDataShardCoordinator - sharded-daemon-process-eventSourcedProjection-passivation-race-entity-passivation-race-view: ShardCoordinator was moved to the active state with [0] shards
08:08:40.827 DEBUG a.c.s.t.i.ShardedDaemonProcessCoordinator$ - ShardedDaemonProcessCoordinator for [eventSourcedProjection-passivation-race-entity-passivation-race-view] starting
08:08:40.827 INFO  akka.runtime.DiscoveryManager - Akka Runtime started at 127.0.0.1:63323
08:08:40.827 INFO  repro.Bootstrap - onStartup burst of 8 starting
08:08:40.828 DEBUG a.c.s.t.i.ShardedDaemonProcessCoordinator$ - eventSourcedProjection-passivation-race-entity-passivation-race-view: No previous state stored for Sharded Daemon Process
08:08:40.828 DEBUG a.c.s.t.i.ShardedDaemonProcessCoordinator$ - Sending periodic keep alive for Sharded Daemon Process [eventSourcedProjection-passivation-race-entity-passivation-race-view] to [1] processes (revision [0]).
08:08:40.881 INFO  akka.javasdk.testkit.TestKit - Runtime started
08:08:40.881 INFO  akka.actor.CoordinatedShutdown - Running CoordinatedShutdown with reason [ActorSystemTerminateReason]
08:08:40.881 DEBUG akka.actor.CoordinatedShutdown - Performing phase [before-service-unbind] with [0] tasks
08:08:40.881 DEBUG akka.actor.CoordinatedShutdown - Performing phase [service-unbind] with [1] tasks.
08:08:40.881 DEBUG akka.actor.CoordinatedShutdown - Performing task [http-unbind-/127.0.0.1:63323] in CoordinatedShutdown phase [service-unbind]
08:08:40.881 DEBUG akka.actor.CoordinatedShutdown - Performing phase [service-requests-done] with [1] tasks.
08:08:40.881 DEBUG akka.actor.CoordinatedShutdown - Performing task [http-terminate-/127.0.0.1:63323] in CoordinatedShutdown phase [service-requests-done]
08:08:40.881 DEBUG akka.actor.CoordinatedShutdown - Performing phase [service-stop] with [1] tasks.
08:08:40.881 DEBUG akka.actor.CoordinatedShutdown - Performing task [stop-grpc-clients] in CoordinatedShutdown phase [service-stop]
08:08:40.881 DEBUG akka.actor.CoordinatedShutdown - Performing phase [before-cluster-shutdown] with [0] tasks
08:08:40.882 DEBUG akka.actor.CoordinatedShutdown - Performing phase [cluster-sharding-shutdown-region] with [5] tasks.
08:08:40.882 DEBUG akka.actor.CoordinatedShutdown - Performing task [region-shutdown] in CoordinatedShutdown phase [cluster-sharding-shutdown-region]
08:08:40.882 DEBUG akka.actor.CoordinatedShutdown - Performing task [region-shutdown] in CoordinatedShutdown phase [cluster-sharding-shutdown-region]
08:08:40.882 DEBUG akka.actor.CoordinatedShutdown - Performing task [region-shutdown] in CoordinatedShutdown phase [cluster-sharding-shutdown-region]
08:08:40.882 DEBUG akka.actor.CoordinatedShutdown - Performing task [region-shutdown] in CoordinatedShutdown phase [cluster-sharding-shutdown-region]
08:08:40.882 DEBUG akka.actor.CoordinatedShutdown - Performing task [region-shutdown] in CoordinatedShutdown phase [cluster-sharding-shutdown-region]
08:08:40.882 DEBUG a.c.sharding.DDataShardCoordinator - sharded-daemon-process-eventSourcedProjection-passivation-race-entity-passivation-race-consumer-b: Unknown region requested graceful shutdown [Actor[akka://akka-runtime/system/sharding/sharded-daemon-process-eventSourcedProjection-passivation-race-entity-passivation-race-consumer-b#-1844184437]]
08:08:40.882 DEBUG a.c.sharding.DDataShardCoordinator - sharded-daemon-process-eventSourcedProjection-passivation-race-entity-passivation-race-consumer-a: Unknown region requested graceful shutdown [Actor[akka://akka-runtime/system/sharding/sharded-daemon-process-eventSourcedProjection-passivation-race-entity-passivation-race-consumer-a#-335029594]]
08:08:40.882 DEBUG a.c.sharding.DDataShardCoordinator - _timer: Unknown region requested graceful shutdown [Actor[akka://akka-runtime/system/sharding/_timer#-1564195831]]
08:08:40.882 DEBUG a.c.sharding.DDataShardCoordinator - sharded-daemon-process-eventSourcedProjection-passivation-race-entity-passivation-race-view: Unknown region requested graceful shutdown [Actor[akka://akka-runtime/system/sharding/sharded-daemon-process-eventSourcedProjection-passivation-race-entity-passivation-race-view#-1716679975]]
08:08:40.882 DEBUG a.c.sharding.DDataShardCoordinator - passivation-race-entity: Unknown region requested graceful shutdown [Actor[akka://akka-runtime/system/sharding/passivation-race-entity#-976142149]]
08:08:40.888 DEBUG a.c.singleton.ClusterSingletonProxy - Trying to identify singleton at [akka://akka-runtime@127.0.0.1:63325/system/singletonManagerShardedDaemonProcessCoordinator-eventSourcedProjection-passivation-race-entity-passivation-race-consumer-b/ShardedDaemonProcessCoordinator-eventSourcedProjection-passivation-race-entity-passivation-race-consumer-b]
08:08:40.888 DEBUG a.c.singleton.ClusterSingletonProxy - Trying to identify singleton at [akka://akka-runtime@127.0.0.1:63325/system/singletonManagerShardedDaemonProcessCoordinator-eventSourcedProjection-passivation-race-entity-passivation-race-consumer-a/ShardedDaemonProcessCoordinator-eventSourcedProjection-passivation-race-entity-passivation-race-consumer-a]
08:08:40.888 DEBUG a.c.singleton.ClusterSingletonProxy - Trying to identify singleton at [akka://akka-runtime@127.0.0.1:63325/system/singletonManagerShardedDaemonProcessCoordinator-eventSourcedProjection-passivation-race-entity-passivation-race-view/ShardedDaemonProcessCoordinator-eventSourcedProjection-passivation-race-entity-passivation-race-view]
08:08:40.888 INFO  a.c.singleton.ClusterSingletonProxy - Singleton identified at [akka://akka-runtime/system/singletonManagerShardedDaemonProcessCoordinator-eventSourcedProjection-passivation-race-entity-passivation-race-consumer-b/ShardedDaemonProcessCoordinator-eventSourcedProjection-passivation-race-entity-passivation-race-consumer-b]
08:08:40.888 INFO  a.c.singleton.ClusterSingletonProxy - Singleton identified at [akka://akka-runtime/system/singletonManagerShardedDaemonProcessCoordinator-eventSourcedProjection-passivation-race-entity-passivation-race-view/ShardedDaemonProcessCoordinator-eventSourcedProjection-passivation-race-entity-passivation-race-view]
08:08:40.888 DEBUG a.c.singleton.ClusterSingletonProxy - Sending buffered messages to current singleton instance
08:08:40.888 DEBUG a.c.singleton.ClusterSingletonProxy - Sending buffered messages to current singleton instance
08:08:40.888 INFO  a.c.singleton.ClusterSingletonProxy - Singleton identified at [akka://akka-runtime/system/singletonManagerShardedDaemonProcessCoordinator-eventSourcedProjection-passivation-race-entity-passivation-race-consumer-a/ShardedDaemonProcessCoordinator-eventSourcedProjection-passivation-race-entity-passivation-race-consumer-a]
08:08:40.888 DEBUG a.c.singleton.ClusterSingletonProxy - Sending buffered messages to current singleton instance
08:08:41.090 DEBUG a.c.sharding.DDataShardCoordinator - sharded-daemon-process-eventSourcedProjection-passivation-race-entity-passivation-race-view: ShardRegion registered: [Actor[akka://akka-runtime/system/sharding/sharded-daemon-process-eventSourcedProjection-passivation-race-entity-passivation-race-view#-1716679975]]
08:08:41.090 DEBUG a.c.sharding.DDataShardCoordinator - sharded-daemon-process-eventSourcedProjection-passivation-race-entity-passivation-race-consumer-a: ShardRegion registered: [Actor[akka://akka-runtime/system/sharding/sharded-daemon-process-eventSourcedProjection-passivation-race-entity-passivation-race-consumer-a#-335029594]]
08:08:41.090 DEBUG a.c.sharding.DDataShardCoordinator - passivation-race-entity: ShardRegion registered: [Actor[akka://akka-runtime/system/sharding/passivation-race-entity#-976142149]]
08:08:41.090 DEBUG a.c.sharding.DDataShardCoordinator - sharded-daemon-process-eventSourcedProjection-passivation-race-entity-passivation-race-consumer-b: ShardRegion registered: [Actor[akka://akka-runtime/system/sharding/sharded-daemon-process-eventSourcedProjection-passivation-race-entity-passivation-race-consumer-b#-1844184437]]
08:08:41.090 DEBUG a.c.sharding.DDataShardCoordinator - sharded-daemon-process-eventSourcedProjection-passivation-race-entity-passivation-race-consumer-a: The coordinator state was successfully updated with ShardRegionRegistered(Actor[akka://akka-runtime/system/sharding/sharded-daemon-process-eventSourcedProjection-passivation-race-entity-passivation-race-consumer-a#-335029594])
08:08:41.090 DEBUG a.c.sharding.DDataShardCoordinator - sharded-daemon-process-eventSourcedProjection-passivation-race-entity-passivation-race-consumer-b: The coordinator state was successfully updated with ShardRegionRegistered(Actor[akka://akka-runtime/system/sharding/sharded-daemon-process-eventSourcedProjection-passivation-race-entity-passivation-race-consumer-b#-1844184437])
08:08:41.090 DEBUG a.c.sharding.DDataShardCoordinator - sharded-daemon-process-eventSourcedProjection-passivation-race-entity-passivation-race-view: The coordinator state was successfully updated with ShardRegionRegistered(Actor[akka://akka-runtime/system/sharding/sharded-daemon-process-eventSourcedProjection-passivation-race-entity-passivation-race-view#-1716679975])
08:08:41.090 DEBUG a.c.sharding.DDataShardCoordinator - passivation-race-entity: The coordinator state was successfully updated with ShardRegionRegistered(Actor[akka://akka-runtime/system/sharding/passivation-race-entity#-976142149])
08:08:41.090 DEBUG a.c.sharding.DDataShardCoordinator - sharded-daemon-process-eventSourcedProjection-passivation-race-entity-passivation-race-view: The coordinator state was successfully updated with ShardHomeAllocated(0,Actor[akka://akka-runtime/system/sharding/sharded-daemon-process-eventSourcedProjection-passivation-race-entity-passivation-race-view#-1716679975])
08:08:41.090 DEBUG a.c.sharding.DDataShardCoordinator - passivation-race-entity: The coordinator state was successfully updated with ShardHomeAllocated(544,Actor[akka://akka-runtime/system/sharding/passivation-race-entity#-976142149])
08:08:41.090 DEBUG a.c.sharding.DDataShardCoordinator - sharded-daemon-process-eventSourcedProjection-passivation-race-entity-passivation-race-consumer-a: The coordinator state was successfully updated with ShardHomeAllocated(0,Actor[akka://akka-runtime/system/sharding/sharded-daemon-process-eventSourcedProjection-passivation-race-entity-passivation-race-consumer-a#-335029594])
08:08:41.090 DEBUG a.c.sharding.DDataShardCoordinator - sharded-daemon-process-eventSourcedProjection-passivation-race-entity-passivation-race-consumer-b: The coordinator state was successfully updated with ShardHomeAllocated(0,Actor[akka://akka-runtime/system/sharding/sharded-daemon-process-eventSourcedProjection-passivation-race-entity-passivation-race-consumer-b#-1844184437])
08:08:41.091 DEBUG a.c.sharding.DDataShardCoordinator - passivation-race-entity: Shard [544] allocated at [Actor[akka://akka-runtime/system/sharding/passivation-race-entity#-976142149]]
08:08:41.091 DEBUG a.c.sharding.DDataShardCoordinator - sharded-daemon-process-eventSourcedProjection-passivation-race-entity-passivation-race-consumer-a: Shard [0] allocated at [Actor[akka://akka-runtime/system/sharding/sharded-daemon-process-eventSourcedProjection-passivation-race-entity-passivation-race-consumer-a#-335029594]]
08:08:41.091 DEBUG a.c.sharding.DDataShardCoordinator - sharded-daemon-process-eventSourcedProjection-passivation-race-entity-passivation-race-view: Shard [0] allocated at [Actor[akka://akka-runtime/system/sharding/sharded-daemon-process-eventSourcedProjection-passivation-race-entity-passivation-race-view#-1716679975]]
08:08:41.091 DEBUG a.c.sharding.DDataShardCoordinator - sharded-daemon-process-eventSourcedProjection-passivation-race-entity-passivation-race-consumer-b: Shard [0] allocated at [Actor[akka://akka-runtime/system/sharding/sharded-daemon-process-eventSourcedProjection-passivation-race-entity-passivation-race-consumer-b#-1844184437]]
08:08:41.091 DEBUG a.c.sharding.DDataShardCoordinator - sharded-daemon-process-eventSourcedProjection-passivation-race-entity-passivation-race-consumer-b: Graceful shutdown of region [Actor[akka://akka-runtime/system/sharding/sharded-daemon-process-eventSourcedProjection-passivation-race-entity-passivation-race-consumer-b#-1844184437]] with [1] shards
08:08:41.091 DEBUG a.c.sharding.DDataShardCoordinator - passivation-race-entity: Graceful shutdown of region [Actor[akka://akka-runtime/system/sharding/passivation-race-entity#-976142149]] with [1] shards
08:08:41.091 DEBUG a.c.sharding.DDataShardCoordinator - sharded-daemon-process-eventSourcedProjection-passivation-race-entity-passivation-race-view: Graceful shutdown of region [Actor[akka://akka-runtime/system/sharding/sharded-daemon-process-eventSourcedProjection-passivation-race-entity-passivation-race-view#-1716679975]] with [1] shards
08:08:41.091 INFO  a.c.sharding.DDataShardCoordinator - passivation-race-entity: Starting shutting down shards [544] due to region shutting down or explicit stopping of shards.
08:08:41.091 INFO  a.c.sharding.DDataShardCoordinator - sharded-daemon-process-eventSourcedProjection-passivation-race-entity-passivation-race-consumer-b: Starting shutting down shards [0] due to region shutting down or explicit stopping of shards.
08:08:41.091 INFO  a.c.sharding.DDataShardCoordinator - sharded-daemon-process-eventSourcedProjection-passivation-race-entity-passivation-race-view: Starting shutting down shards [0] due to region shutting down or explicit stopping of shards.
08:08:41.091 DEBUG a.c.s.ShardCoordinator$RebalanceWorker - sharded-daemon-process-eventSourcedProjection-passivation-race-entity-passivation-race-view: Shutting down shard [0] from region [Actor[akka://akka-runtime/system/sharding/sharded-daemon-process-eventSourcedProjection-passivation-race-entity-passivation-race-view#-1716679975]]. Asking [1] region(s) to hand-off shard
08:08:41.091 DEBUG a.c.s.ShardCoordinator$RebalanceWorker - sharded-daemon-process-eventSourcedProjection-passivation-race-entity-passivation-race-consumer-b: Shutting down shard [0] from region [Actor[akka://akka-runtime/system/sharding/sharded-daemon-process-eventSourcedProjection-passivation-race-entity-passivation-race-consumer-b#-1844184437]]. Asking [1] region(s) to hand-off shard
08:08:41.091 DEBUG a.c.s.ShardCoordinator$RebalanceWorker - sharded-daemon-process-eventSourcedProjection-passivation-race-entity-passivation-race-view: BeginHandOffAck for shard [0] received from [Actor[akka://akka-runtime/system/sharding/sharded-daemon-process-eventSourcedProjection-passivation-race-entity-passivation-race-view#-1716679975]].
08:08:41.091 DEBUG a.c.s.ShardCoordinator$RebalanceWorker - sharded-daemon-process-eventSourcedProjection-passivation-race-entity-passivation-race-view: All shard regions acked, handing off shard [0].
08:08:41.091 DEBUG a.c.s.ShardCoordinator$RebalanceWorker - passivation-race-entity: Shutting down shard [544] from region [Actor[akka://akka-runtime/system/sharding/passivation-race-entity#-976142149]]. Asking [1] region(s) to hand-off shard
08:08:41.091 DEBUG akka.cluster.sharding.Shard - sharded-daemon-process-eventSourcedProjection-passivation-race-entity-passivation-race-view: Shard initialized
08:08:41.091 DEBUG akka.cluster.sharding.Shard - sharded-daemon-process-eventSourcedProjection-passivation-race-entity-passivation-race-consumer-a: Shard initialized
08:08:41.091 WARN  akka.cluster.sharding.ShardRegion - sharded-daemon-process-eventSourcedProjection-passivation-race-entity-passivation-race-view: Dropping [1] buffered messages to shard [0] during hand off to avoid re-ordering
08:08:41.091 DEBUG akka.cluster.sharding.Shard - sharded-daemon-process-eventSourcedProjection-passivation-race-entity-passivation-race-view: HandOff shard [0]
08:08:41.091 DEBUG akka.cluster.sharding.Shard - sharded-daemon-process-eventSourcedProjection-passivation-race-entity-passivation-race-view: Shard [0] shutting down
08:08:41.091 DEBUG a.c.sharding.DDataShardCoordinator - sharded-daemon-process-eventSourcedProjection-passivation-race-entity-passivation-race-view: Shard [0] deallocation completed successfully.
08:08:41.091 DEBUG akka.cluster.sharding.Shard - sharded-daemon-process-eventSourcedProjection-passivation-race-entity-passivation-race-consumer-b: Shard initialized
08:08:41.091 DEBUG a.c.s.ShardCoordinator$RebalanceWorker - sharded-daemon-process-eventSourcedProjection-passivation-race-entity-passivation-race-consumer-b: BeginHandOffAck for shard [0] received from [Actor[akka://akka-runtime/system/sharding/sharded-daemon-process-eventSourcedProjection-passivation-race-entity-passivation-race-consumer-b#-1844184437]].
08:08:41.092 DEBUG a.c.s.ShardCoordinator$RebalanceWorker - sharded-daemon-process-eventSourcedProjection-passivation-race-entity-passivation-race-consumer-b: All shard regions acked, handing off shard [0].
08:08:41.092 DEBUG a.c.sharding.DDataShardCoordinator - sharded-daemon-process-eventSourcedProjection-passivation-race-entity-passivation-race-view: The coordinator state was successfully updated with ShardHomeDeallocated(0)
08:08:41.092 DEBUG a.c.sharding.DDataShardCoordinator - sharded-daemon-process-eventSourcedProjection-passivation-race-entity-passivation-race-view: Shard [0] deallocated after
08:08:41.092 DEBUG akka.cluster.sharding.Shard - sharded-daemon-process-eventSourcedProjection-passivation-race-entity-passivation-race-consumer-b: Request to start entity [0] and ack to [Some(Actor[akka://akka-runtime/deadLetters])]
08:08:41.092 DEBUG a.c.sharding.DDataShardCoordinator - sharded-daemon-process-eventSourcedProjection-passivation-race-entity-passivation-race-view: ShardRegion terminated (gracefully): [Actor[akka://akka-runtime/system/sharding/sharded-daemon-process-eventSourcedProjection-passivation-race-entity-passivation-race-view#-1716679975]] {}
08:08:41.092 DEBUG a.c.sharding.DDataShardCoordinator - sharded-daemon-process-eventSourcedProjection-passivation-race-entity-passivation-race-view: GetShardHome [0] request from [Actor[akka://local/ignore]] stashed, because waiting for initial state or update of state. It will be handled afterwards.
08:08:41.092 DEBUG akka.cluster.sharding.Shard - sharded-daemon-process-eventSourcedProjection-passivation-race-entity-passivation-race-consumer-b: Started entity [Actor[akka://akka-runtime/system/sharding/sharded-daemon-process-eventSourcedProjection-passivation-race-entity-passivation-race-consumer-b/0/0#-1987384936]] with entity id [0] in shard [0]
08:08:41.092 DEBUG akka.cluster.sharding.Shard - sharded-daemon-process-eventSourcedProjection-passivation-race-entity-passivation-race-consumer-b: HandOff shard [0]
08:08:41.092 DEBUG akka.cluster.sharding.Shard - sharded-daemon-process-eventSourcedProjection-passivation-race-entity-passivation-race-consumer-b: Starting HandOffStopper for shard [0] to terminate [1] entities.
08:08:41.092 DEBUG a.c.sharding.DDataShardCoordinator - sharded-daemon-process-eventSourcedProjection-passivation-race-entity-passivation-race-view: The coordinator state was successfully updated with ShardRegionTerminated(Actor[akka://akka-runtime/system/sharding/sharded-daemon-process-eventSourcedProjection-passivation-race-entity-passivation-race-view#-1716679975])
08:08:41.092 DEBUG a.c.s.ShardCoordinator$RebalanceWorker - passivation-race-entity: BeginHandOffAck for shard [544] received from [Actor[akka://akka-runtime/system/sharding/passivation-race-entity#-976142149]].
08:08:41.092 DEBUG a.c.s.ShardCoordinator$RebalanceWorker - passivation-race-entity: All shard regions acked, handing off shard [544].
08:08:41.092 DEBUG a.c.sharding.DDataShardCoordinator - sharded-daemon-process-eventSourcedProjection-passivation-race-entity-passivation-race-view: ShardRegion stopped: [Actor[akka://akka-runtime/system/sharding/sharded-daemon-process-eventSourcedProjection-passivation-race-entity-passivation-race-view#-1716679975]]
08:08:41.092 WARN  akka.cluster.sharding.ShardRegion - passivation-race-entity: Dropping [1] buffered messages to shard [544] during hand off to avoid re-ordering
08:08:41.092 DEBUG a.c.sharding.DDataShardCoordinator - sharded-daemon-process-eventSourcedProjection-passivation-race-entity-passivation-race-consumer-a: Graceful shutdown of region [Actor[akka://akka-runtime/system/sharding/sharded-daemon-process-eventSourcedProjection-passivation-race-entity-passivation-race-consumer-a#-335029594]] with [1] shards
08:08:41.092 INFO  a.c.sharding.DDataShardCoordinator - sharded-daemon-process-eventSourcedProjection-passivation-race-entity-passivation-race-consumer-a: Starting shutting down shards [0] due to region shutting down or explicit stopping of shards.
08:08:41.092 DEBUG a.c.s.t.i.ShardedDaemonProcessState$ - eventSourcedProjection-passivation-race-entity-passivation-race-consumer-b: Deferred start of worker to verify its revision [0] is the latest
08:08:41.092 DEBUG akka.cluster.sharding.Shard - sharded-daemon-process-eventSourcedProjection-passivation-race-entity-passivation-race-consumer-a: Request to start entity [0] and ack to [Some(Actor[akka://akka-runtime/deadLetters])]
08:08:41.092 DEBUG akka.cluster.sharding.Shard - sharded-daemon-process-eventSourcedProjection-passivation-race-entity-passivation-race-consumer-a: Started entity [Actor[akka://akka-runtime/system/sharding/sharded-daemon-process-eventSourcedProjection-passivation-race-entity-passivation-race-consumer-a/0/0#941688165]] with entity id [0] in shard [0]
08:08:41.092 DEBUG a.c.s.ShardCoordinator$RebalanceWorker - sharded-daemon-process-eventSourcedProjection-passivation-race-entity-passivation-race-consumer-a: Shutting down shard [0] from region [Actor[akka://akka-runtime/system/sharding/sharded-daemon-process-eventSourcedProjection-passivation-race-entity-passivation-race-consumer-a#-335029594]]. Asking [1] region(s) to hand-off shard
08:08:41.092 DEBUG akka.cluster.sharding.Shard - passivation-race-entity: Shard initialized
08:08:41.092 DEBUG a.c.s.ShardCoordinator$RebalanceWorker - sharded-daemon-process-eventSourcedProjection-passivation-race-entity-passivation-race-consumer-a: BeginHandOffAck for shard [0] received from [Actor[akka://akka-runtime/system/sharding/sharded-daemon-process-eventSourcedProjection-passivation-race-entity-passivation-race-consumer-a#-335029594]].
08:08:41.092 DEBUG a.c.s.ShardCoordinator$RebalanceWorker - sharded-daemon-process-eventSourcedProjection-passivation-race-entity-passivation-race-consumer-a: All shard regions acked, handing off shard [0].
08:08:41.092 DEBUG akka.cluster.sharding.Shard - sharded-daemon-process-eventSourcedProjection-passivation-race-entity-passivation-race-consumer-a: HandOff shard [0]
08:08:41.092 DEBUG a.c.s.t.i.ShardedDaemonProcessState$ - eventSourcedProjection-passivation-race-entity-passivation-race-consumer-a: Deferred start of worker to verify its revision [0] is the latest
08:08:41.092 DEBUG akka.cluster.sharding.Shard - sharded-daemon-process-eventSourcedProjection-passivation-race-entity-passivation-race-consumer-a: Starting HandOffStopper for shard [0] to terminate [1] entities.
08:08:41.092 INFO  a.c.s.t.i.ShardedDaemonProcessState$ - eventSourcedProjection-passivation-race-entity-passivation-race-consumer-b: Starting Sharded Daemon Process [0] out of a total [1] (revision [0] and no state found)
08:08:41.092 DEBUG akka.cluster.sharding.Shard - passivation-race-entity: HandOff shard [544]
08:08:41.093 DEBUG akka.cluster.sharding.Shard - passivation-race-entity: Shard [544] shutting down
08:08:41.093 DEBUG a.c.sharding.DDataShardCoordinator - passivation-race-entity: ShardRegion stopped: [Actor[akka://akka-runtime/system/sharding/passivation-race-entity#-976142149]]
08:08:41.093 DEBUG a.c.sharding.DDataShardCoordinator - passivation-race-entity: ShardRegion terminated (gracefully): [Actor[akka://akka-runtime/system/sharding/passivation-race-entity#-976142149]] {}
08:08:41.093 DEBUG a.c.sharding.DDataShardCoordinator - passivation-race-entity: GetShardHome [544] request from [Actor[akka://local/ignore]] deferred, because rebalance is in progress for this shard. It will be handled when rebalance is done.
08:08:41.093 INFO  a.c.s.t.i.ShardedDaemonProcessState$ - eventSourcedProjection-passivation-race-entity-passivation-race-consumer-a: Starting Sharded Daemon Process [0] out of a total [1] (revision [0] and no state found)
08:08:41.093 DEBUG a.c.sharding.DDataShardCoordinator - passivation-race-entity: The coordinator state was successfully updated with ShardRegionTerminated(Actor[akka://akka-runtime/system/sharding/passivation-race-entity#-976142149])
08:08:41.093 DEBUG a.c.sharding.DDataShardCoordinator - passivation-race-entity: Shard [544] deallocation completed successfully.
08:08:41.858 WARN  a.c.s.ShardRegion$HandOffStopper - sharded-daemon-process-eventSourcedProjection-passivation-race-entity-passivation-race-consumer-a: [1] of the entities in shard [0] not stopped after [750 milliseconds]. Maybe the handOffStopMessage [akka.projection.ProjectionBehavior$Stop$] is not handled? Waiting additional [250 milliseconds] before stopping the remaining entities.
08:08:41.858 WARN  a.c.s.ShardRegion$HandOffStopper - sharded-daemon-process-eventSourcedProjection-passivation-race-entity-passivation-race-consumer-b: [1] of the entities in shard [0] not stopped after [750 milliseconds]. Maybe the handOffStopMessage [akka.projection.ProjectionBehavior$Stop$] is not handled? Waiting additional [250 milliseconds] before stopping the remaining entities.
08:08:42.108 WARN  a.c.s.ShardRegion$HandOffStopper - sharded-daemon-process-eventSourcedProjection-passivation-race-entity-passivation-race-consumer-b: HandOffStopMessage [akka.projection.ProjectionBehavior$Stop$] is not handled by some of the entities in shard [0] after [1 second], stopping the remaining [1] entities.
08:08:42.108 WARN  a.c.s.ShardRegion$HandOffStopper - sharded-daemon-process-eventSourcedProjection-passivation-race-entity-passivation-race-consumer-a: HandOffStopMessage [akka.projection.ProjectionBehavior$Stop$] is not handled by some of the entities in shard [0] after [1 second], stopping the remaining [1] entities.
08:08:42.108 DEBUG akka.cluster.sharding.Shard - sharded-daemon-process-eventSourcedProjection-passivation-race-entity-passivation-race-consumer-b: Shard [0] shutting down
08:08:42.108 DEBUG a.c.sharding.DDataShardCoordinator - sharded-daemon-process-eventSourcedProjection-passivation-race-entity-passivation-race-consumer-b: Shard [0] deallocation completed successfully.
08:08:42.108 DEBUG akka.cluster.sharding.Shard - sharded-daemon-process-eventSourcedProjection-passivation-race-entity-passivation-race-consumer-a: Shard [0] shutting down
08:08:42.108 DEBUG a.c.sharding.DDataShardCoordinator - sharded-daemon-process-eventSourcedProjection-passivation-race-entity-passivation-race-consumer-a: Shard [0] deallocation completed successfully.
08:08:42.108 DEBUG akka.actor.CoordinatedShutdown - Performing phase [cluster-leave] with [1] tasks.
08:08:42.108 DEBUG akka.actor.CoordinatedShutdown - Performing task [leave] in CoordinatedShutdown phase [cluster-leave]
08:08:42.108 DEBUG a.c.sharding.DDataShardCoordinator - sharded-daemon-process-eventSourcedProjection-passivation-race-entity-passivation-race-consumer-b: The coordinator state was successfully updated with ShardHomeDeallocated(0)
08:08:42.109 DEBUG a.c.sharding.DDataShardCoordinator - sharded-daemon-process-eventSourcedProjection-passivation-race-entity-passivation-race-consumer-b: Shard [0] deallocated after
08:08:42.109 DEBUG a.c.sharding.DDataShardCoordinator - sharded-daemon-process-eventSourcedProjection-passivation-race-entity-passivation-race-consumer-a: The coordinator state was successfully updated with ShardHomeDeallocated(0)
08:08:42.109 DEBUG a.c.sharding.DDataShardCoordinator - sharded-daemon-process-eventSourcedProjection-passivation-race-entity-passivation-race-consumer-a: Shard [0] deallocated after
08:08:42.109 DEBUG a.c.sharding.DDataShardCoordinator - sharded-daemon-process-eventSourcedProjection-passivation-race-entity-passivation-race-consumer-b: ShardRegion terminated (gracefully): [Actor[akka://akka-runtime/system/sharding/sharded-daemon-process-eventSourcedProjection-passivation-race-entity-passivation-race-consumer-b#-1844184437]] {}
08:08:42.109 DEBUG a.c.sharding.DDataShardCoordinator - sharded-daemon-process-eventSourcedProjection-passivation-race-entity-passivation-race-consumer-a: ShardRegion terminated (gracefully): [Actor[akka://akka-runtime/system/sharding/sharded-daemon-process-eventSourcedProjection-passivation-race-entity-passivation-race-consumer-a#-335029594]] {}
08:08:42.109 DEBUG a.c.sharding.DDataShardCoordinator - sharded-daemon-process-eventSourcedProjection-passivation-race-entity-passivation-race-consumer-b: GetShardHome [0] request from [Actor[akka://local/ignore]] stashed, because waiting for initial state or update of state. It will be handled afterwards.
08:08:42.109 DEBUG a.c.sharding.DDataShardCoordinator - sharded-daemon-process-eventSourcedProjection-passivation-race-entity-passivation-race-consumer-a: GetShardHome [0] request from [Actor[akka://local/ignore]] stashed, because waiting for initial state or update of state. It will be handled afterwards.
08:08:42.109 DEBUG a.c.sharding.DDataShardCoordinator - sharded-daemon-process-eventSourcedProjection-passivation-race-entity-passivation-race-consumer-a: The coordinator state was successfully updated with ShardRegionTerminated(Actor[akka://akka-runtime/system/sharding/sharded-daemon-process-eventSourcedProjection-passivation-race-entity-passivation-race-consumer-a#-335029594])
08:08:42.109 DEBUG a.c.sharding.DDataShardCoordinator - sharded-daemon-process-eventSourcedProjection-passivation-race-entity-passivation-race-consumer-b: The coordinator state was successfully updated with ShardRegionTerminated(Actor[akka://akka-runtime/system/sharding/sharded-daemon-process-eventSourcedProjection-passivation-race-entity-passivation-race-consumer-b#-1844184437])
08:08:42.109 DEBUG a.c.sharding.DDataShardCoordinator - sharded-daemon-process-eventSourcedProjection-passivation-race-entity-passivation-race-consumer-a: ShardRegion stopped: [Actor[akka://akka-runtime/system/sharding/sharded-daemon-process-eventSourcedProjection-passivation-race-entity-passivation-race-consumer-a#-335029594]]
08:08:42.109 DEBUG a.c.sharding.DDataShardCoordinator - sharded-daemon-process-eventSourcedProjection-passivation-race-entity-passivation-race-consumer-b: ShardRegion stopped: [Actor[akka://akka-runtime/system/sharding/sharded-daemon-process-eventSourcedProjection-passivation-race-entity-passivation-race-consumer-b#-1844184437]]
08:08:42.110 DEBUG a.c.singleton.ClusterSingletonProxy - Creating singleton identification timer...
08:08:42.110 DEBUG a.c.singleton.ClusterSingletonProxy - Creating singleton identification timer...
08:08:42.110 DEBUG a.c.singleton.ClusterSingletonProxy - Creating singleton identification timer...
08:08:42.110 DEBUG a.c.singleton.ClusterSingletonProxy - Creating singleton identification timer...
08:08:42.110 DEBUG akka.actor.CoordinatedShutdown - Performing phase [cluster-exiting] with [28] tasks.
08:08:42.110 DEBUG akka.actor.CoordinatedShutdown - Performing task [wait-exiting] in CoordinatedShutdown phase [cluster-exiting]
08:08:42.110 DEBUG akka.actor.CoordinatedShutdown - Performing task [singleton-exiting-2] in CoordinatedShutdown phase [cluster-exiting]
08:08:42.110 DEBUG akka.actor.CoordinatedShutdown - Performing task [singleton-exiting-1] in CoordinatedShutdown phase [cluster-exiting]
08:08:42.110 INFO  a.c.s.ClusterSingletonManager - Exited [akka://akka-runtime@127.0.0.1:63325].
08:08:42.110 DEBUG akka.actor.CoordinatedShutdown - Performing task [singleton-exiting-1] in CoordinatedShutdown phase [cluster-exiting]
08:08:42.110 DEBUG akka.actor.CoordinatedShutdown - Performing task [singleton-exiting-1] in CoordinatedShutdown phase [cluster-exiting]
08:08:42.110 DEBUG akka.actor.CoordinatedShutdown - Performing task [wait-singleton-exiting] in CoordinatedShutdown phase [cluster-exiting]
08:08:42.110 DEBUG akka.actor.CoordinatedShutdown - Performing task [singleton-exiting-2] in CoordinatedShutdown phase [cluster-exiting]
08:08:42.110 DEBUG akka.actor.CoordinatedShutdown - Performing task [singleton-exiting-1] in CoordinatedShutdown phase [cluster-exiting]
08:08:42.110 INFO  a.c.s.ClusterSingletonManager - Oldest observed OldestChanged: [akka://akka-runtime@127.0.0.1:63325 -> None]
08:08:42.110 DEBUG akka.actor.CoordinatedShutdown - Performing task [wait-singleton-exiting] in CoordinatedShutdown phase [cluster-exiting]
08:08:42.110 DEBUG akka.actor.CoordinatedShutdown - Performing task [singleton-exiting-2] in CoordinatedShutdown phase [cluster-exiting]
08:08:42.110 INFO  a.c.s.ClusterSingletonManager - Oldest observed OldestChanged: [akka://akka-runtime@127.0.0.1:63325 -> None]
08:08:42.110 INFO  a.c.s.ClusterSingletonManager - ClusterSingletonManager state change [Oldest -> WasOldest]
08:08:42.111 INFO  a.c.s.ClusterSingletonManager - ClusterSingletonManager state change [Oldest -> WasOldest]
08:08:42.111 DEBUG akka.actor.CoordinatedShutdown - Performing task [singleton-exiting-1] in CoordinatedShutdown phase [cluster-exiting]
08:08:42.111 INFO  a.c.s.ClusterSingletonManager - Exited [akka://akka-runtime@127.0.0.1:63325].
08:08:42.111 DEBUG akka.actor.CoordinatedShutdown - Performing task [wait-singleton-exiting] in CoordinatedShutdown phase [cluster-exiting]
08:08:42.112 INFO  a.c.s.ClusterSingletonManager - Oldest observed OldestChanged: [akka://akka-runtime@127.0.0.1:63325 -> None]
08:08:42.112 DEBUG akka.actor.CoordinatedShutdown - Performing task [wait-singleton-exiting] in CoordinatedShutdown phase [cluster-exiting]
08:08:42.112 DEBUG akka.actor.CoordinatedShutdown - Performing task [singleton-exiting-2] in CoordinatedShutdown phase [cluster-exiting]
08:08:42.112 DEBUG akka.actor.CoordinatedShutdown - Performing task [wait-singleton-exiting] in CoordinatedShutdown phase [cluster-exiting]
08:08:42.112 INFO  a.c.s.ClusterSingletonManager - ClusterSingletonManager state change [Oldest -> WasOldest]
08:08:42.112 DEBUG akka.actor.CoordinatedShutdown - Performing task [wait-singleton-exiting] in CoordinatedShutdown phase [cluster-exiting]
08:08:42.112 DEBUG akka.actor.CoordinatedShutdown - Performing task [wait-singleton-exiting] in CoordinatedShutdown phase [cluster-exiting]
08:08:42.112 DEBUG akka.actor.CoordinatedShutdown - Performing task [singleton-exiting-2] in CoordinatedShutdown phase [cluster-exiting]
08:08:42.112 DEBUG akka.actor.CoordinatedShutdown - Performing task [singleton-exiting-2] in CoordinatedShutdown phase [cluster-exiting]
08:08:42.112 INFO  a.c.s.ClusterSingletonManager - Oldest observed OldestChanged: [akka://akka-runtime@127.0.0.1:63325 -> None]
08:08:42.112 DEBUG akka.actor.CoordinatedShutdown - Performing task [wait-singleton-exiting] in CoordinatedShutdown phase [cluster-exiting]
08:08:42.112 DEBUG akka.actor.CoordinatedShutdown - Performing task [wait-singleton-exiting] in CoordinatedShutdown phase [cluster-exiting]
08:08:42.112 INFO  a.c.s.ClusterSingletonManager - ClusterSingletonManager state change [Oldest -> WasOldest]
08:08:42.112 DEBUG akka.actor.CoordinatedShutdown - Performing task [singleton-exiting-1] in CoordinatedShutdown phase [cluster-exiting]
08:08:42.112 DEBUG akka.actor.CoordinatedShutdown - Performing task [singleton-exiting-1] in CoordinatedShutdown phase [cluster-exiting]
08:08:42.112 INFO  a.c.s.ClusterSingletonManager - Exited [akka://akka-runtime@127.0.0.1:63325].
08:08:42.112 DEBUG akka.actor.CoordinatedShutdown - Performing task [singleton-exiting-2] in CoordinatedShutdown phase [cluster-exiting]
08:08:42.112 INFO  a.c.s.ClusterSingletonManager - Exited [akka://akka-runtime@127.0.0.1:63325].
08:08:42.112 DEBUG akka.actor.CoordinatedShutdown - Performing task [singleton-exiting-1] in CoordinatedShutdown phase [cluster-exiting]
08:08:42.112 INFO  a.c.s.ClusterSingletonManager - Exited [akka://akka-runtime@127.0.0.1:63325].
08:08:42.112 DEBUG akka.actor.CoordinatedShutdown - Performing task [singleton-exiting-1] in CoordinatedShutdown phase [cluster-exiting]
08:08:42.112 INFO  a.c.s.ClusterSingletonManager - Oldest observed OldestChanged: [akka://akka-runtime@127.0.0.1:63325 -> None]
08:08:42.112 DEBUG akka.actor.CoordinatedShutdown - Performing task [singleton-exiting-2] in CoordinatedShutdown phase [cluster-exiting]
08:08:42.112 DEBUG akka.actor.CoordinatedShutdown - Performing task [singleton-exiting-2] in CoordinatedShutdown phase [cluster-exiting]
08:08:42.112 INFO  a.c.s.ClusterSingletonManager - ClusterSingletonManager state change [Oldest -> WasOldest]
08:08:42.112 INFO  a.c.s.ClusterSingletonManager - Singleton manager stopping singleton actor [akka://akka-runtime/system/sharding/sharded-daemon-process-eventSourcedProjection-passivation-race-entity-passivation-race-consumer-bCoordinator/singleton]
08:08:42.112 INFO  a.c.s.ClusterSingletonManager - Singleton manager stopping singleton actor [akka://akka-runtime/system/sharding/_timerCoordinator/singleton]
08:08:42.112 INFO  a.c.s.ClusterSingletonManager - ClusterSingletonManager state change [WasOldest -> Stopping]
08:08:42.112 INFO  a.c.s.ClusterSingletonManager - ClusterSingletonManager state change [WasOldest -> Stopping]
08:08:42.112 DEBUG a.c.sharding.DDataShardCoordinator - _timer: Received termination message.
08:08:42.112 DEBUG a.c.sharding.DDataShardCoordinator - sharded-daemon-process-eventSourcedProjection-passivation-race-entity-passivation-race-consumer-b: Received termination message.
08:08:42.112 INFO  a.c.s.ClusterSingletonManager - Exited [akka://akka-runtime@127.0.0.1:63325].
08:08:42.112 INFO  a.c.s.ClusterSingletonManager - Exited [akka://akka-runtime@127.0.0.1:63325].
08:08:42.112 INFO  a.c.s.ClusterSingletonManager - Exited [akka://akka-runtime@127.0.0.1:63325].
08:08:42.112 INFO  a.c.s.ClusterSingletonManager - Exited [akka://akka-runtime@127.0.0.1:63325].
08:08:42.112 INFO  a.c.s.ClusterSingletonManager - Singleton actor [akka://akka-runtime/system/sharding/_timerCoordinator/singleton] was terminated
08:08:42.112 INFO  a.c.s.ClusterSingletonManager - Oldest observed OldestChanged: [akka://akka-runtime@127.0.0.1:63325 -> None]
08:08:42.112 INFO  a.c.s.ClusterSingletonManager - Singleton actor [akka://akka-runtime/system/sharding/sharded-daemon-process-eventSourcedProjection-passivation-race-entity-passivation-race-consumer-bCoordinator/singleton] was terminated
08:08:42.112 INFO  a.c.s.ClusterSingletonManager - ClusterSingletonManager state change [Oldest -> WasOldest]
08:08:42.112 INFO  a.c.s.ClusterSingletonManager - Oldest observed OldestChanged: [akka://akka-runtime@127.0.0.1:63325 -> None]
08:08:42.112 INFO  a.c.s.ClusterSingletonManager - ClusterSingletonManager state change [Oldest -> WasOldest]
08:08:42.112 INFO  a.c.s.ClusterSingletonManager - Oldest observed OldestChanged: [akka://akka-runtime@127.0.0.1:63325 -> None]
08:08:42.112 INFO  a.c.s.ClusterSingletonManager - ClusterSingletonManager state change [Oldest -> WasOldest]
08:08:42.112 INFO  a.c.s.ClusterSingletonManager - Oldest observed OldestChanged: [akka://akka-runtime@127.0.0.1:63325 -> None]
08:08:42.112 INFO  a.c.s.ClusterSingletonManager - ClusterSingletonManager state change [Oldest -> WasOldest]
08:08:42.112 INFO  a.c.s.ClusterSingletonManager - Singleton manager stopping singleton actor [akka://akka-runtime/system/singletonManagerschemaSingleton/schemaSingleton]
08:08:42.112 INFO  a.c.s.ClusterSingletonManager - Singleton manager stopping singleton actor [akka://akka-runtime/system/singletonManagerShardedDaemonProcessCoordinator-eventSourcedProjection-passivation-race-entity-passivation-race-view/ShardedDaemonProcessCoordinator-eventSourcedProjection-passivation-race-entity-passivation-race-view]
08:08:42.112 INFO  a.c.s.ClusterSingletonManager - Singleton manager stopping singleton actor [akka://akka-runtime/system/singletonManagerShardedDaemonProcessCoordinator-eventSourcedProjection-passivation-race-entity-passivation-race-consumer-b/ShardedDaemonProcessCoordinator-eventSourcedProjection-passivation-race-entity-passivation-race-consumer-b]
08:08:42.112 INFO  a.c.s.ClusterSingletonManager - ClusterSingletonManager state change [WasOldest -> Stopping]
08:08:42.112 INFO  a.c.s.ClusterSingletonManager - ClusterSingletonManager state change [WasOldest -> Stopping]
08:08:42.112 INFO  a.c.s.ClusterSingletonManager - ClusterSingletonManager state change [WasOldest -> Stopping]
08:08:42.112 INFO  a.c.s.ClusterSingletonManager - Singleton manager stopping singleton actor [akka://akka-runtime/system/singletonManagerShardedDaemonProcessCoordinator-eventSourcedProjection-passivation-race-entity-passivation-race-consumer-a/ShardedDaemonProcessCoordinator-eventSourcedProjection-passivation-race-entity-passivation-race-consumer-a]
08:08:42.112 INFO  a.c.s.ClusterSingletonManager - ClusterSingletonManager state change [WasOldest -> Stopping]
08:08:42.112 INFO  a.c.s.ClusterSingletonManager - Singleton manager stopping singleton actor [akka://akka-runtime/system/sharding/passivation-race-entityCoordinator/singleton]
08:08:42.112 INFO  a.c.s.ClusterSingletonManager - ClusterSingletonManager state change [WasOldest -> Stopping]
08:08:42.112 INFO  a.c.s.ClusterSingletonManager - Singleton actor [akka://akka-runtime/system/singletonManagerschemaSingleton/schemaSingleton] was terminated
08:08:42.112 INFO  a.c.s.ClusterSingletonManager - Singleton manager stopping singleton actor [akka://akka-runtime/system/sharding/sharded-daemon-process-eventSourcedProjection-passivation-race-entity-passivation-race-consumer-aCoordinator/singleton]
08:08:42.112 INFO  a.c.s.ClusterSingletonManager - Singleton actor [akka://akka-runtime/system/singletonManagerShardedDaemonProcessCoordinator-eventSourcedProjection-passivation-race-entity-passivation-race-consumer-b/ShardedDaemonProcessCoordinator-eventSourcedProjection-passivation-race-entity-passivation-race-consumer-b] was terminated
08:08:42.112 INFO  a.c.s.ClusterSingletonManager - ClusterSingletonManager state change [WasOldest -> Stopping]
08:08:42.112 INFO  a.c.s.ClusterSingletonManager - Singleton manager stopping singleton actor [akka://akka-runtime/system/sharding/sharded-daemon-process-eventSourcedProjection-passivation-race-entity-passivation-race-viewCoordinator/singleton]
08:08:42.112 INFO  a.c.s.ClusterSingletonManager - ClusterSingletonManager state change [WasOldest -> Stopping]
08:08:42.112 DEBUG a.c.sharding.DDataShardCoordinator - sharded-daemon-process-eventSourcedProjection-passivation-race-entity-passivation-race-view: Received termination message.
08:08:42.112 INFO  a.c.s.ClusterSingletonManager - Singleton actor [akka://akka-runtime/system/singletonManagerShardedDaemonProcessCoordinator-eventSourcedProjection-passivation-race-entity-passivation-race-view/ShardedDaemonProcessCoordinator-eventSourcedProjection-passivation-race-entity-passivation-race-view] was terminated
08:08:42.112 INFO  a.c.s.ClusterSingletonManager - Singleton actor [akka://akka-runtime/system/singletonManagerShardedDaemonProcessCoordinator-eventSourcedProjection-passivation-race-entity-passivation-race-consumer-a/ShardedDaemonProcessCoordinator-eventSourcedProjection-passivation-race-entity-passivation-race-consumer-a] was terminated
08:08:42.112 INFO  a.c.s.ClusterSingletonManager - Singleton actor [akka://akka-runtime/system/sharding/sharded-daemon-process-eventSourcedProjection-passivation-race-entity-passivation-race-viewCoordinator/singleton] was terminated
08:08:42.112 DEBUG a.c.sharding.DDataShardCoordinator - passivation-race-entity: Received termination message.
08:08:42.112 DEBUG a.c.sharding.DDataShardCoordinator - sharded-daemon-process-eventSourcedProjection-passivation-race-entity-passivation-race-consumer-a: Received termination message.
08:08:42.112 INFO  a.c.s.ClusterSingletonManager - Singleton actor [akka://akka-runtime/system/sharding/sharded-daemon-process-eventSourcedProjection-passivation-race-entity-passivation-race-consumer-aCoordinator/singleton] was terminated
08:08:42.112 INFO  a.c.s.ClusterSingletonManager - Singleton actor [akka://akka-runtime/system/sharding/passivation-race-entityCoordinator/singleton] was terminated
08:08:42.112 DEBUG akka.actor.CoordinatedShutdown - Performing phase [cluster-exiting-done] with [1] tasks.
08:08:42.112 DEBUG akka.actor.CoordinatedShutdown - Performing task [exiting-completed] in CoordinatedShutdown phase [cluster-exiting-done]
08:08:42.112 DEBUG akka.actor.CoordinatedShutdown - Performing phase [cluster-shutdown] with [1] tasks.
08:08:42.112 DEBUG akka.actor.CoordinatedShutdown - Performing task [wait-shutdown] in CoordinatedShutdown phase [cluster-shutdown]
08:08:42.112 DEBUG akka.actor.CoordinatedShutdown - Performing phase [before-actor-system-terminate] with [2] tasks.
08:08:42.112 DEBUG akka.actor.CoordinatedShutdown - Performing task [close connection pools] in CoordinatedShutdown phase [before-actor-system-terminate]
08:08:42.113 DEBUG akka.actor.CoordinatedShutdown - Performing task [close-grpc-channels] in CoordinatedShutdown phase [before-actor-system-terminate]
08:08:42.114 DEBUG akka.actor.CoordinatedShutdown - Performing phase [actor-system-terminate] with [1] tasks.
08:08:42.114 DEBUG akka.actor.CoordinatedShutdown - Performing task [terminate-system] in CoordinatedShutdown phase [actor-system-terminate]
08:08:42.176 INFO  akka.runtime.AkkaRuntimeMain - Starting Akka Runtime version [1.6.15]
08:08:42.182 INFO  akka.javasdk.impl.ComponentLocator$ - Looking for component descriptors matching pattern [META-INF/akka-javasdk-components_*.conf]
08:08:42.188 INFO  akka.javasdk.testkit.TestKit - Eventing TestKit booting up on port: 63329
08:08:42.190 DEBUG a.c.singleton.ClusterSingletonProxy - Singleton not available, buffering message type [kalix.runtime.SchemaSingleton$ExecDdl]
08:08:42.191 DEBUG a.c.singleton.ClusterSingletonProxy - Creating singleton identification timer...
08:08:42.191 DEBUG a.c.singleton.ClusterSingletonProxy - Trying to identify singleton at [akka://akka-runtime@127.0.0.1:63330/system/singletonManagerschemaSingleton/schemaSingleton]
08:08:42.191 INFO  a.c.s.ClusterSingletonManager - Singleton manager starting singleton actor [akka://akka-runtime/system/singletonManagerschemaSingleton/schemaSingleton]
08:08:42.191 INFO  a.c.s.ClusterSingletonManager - ClusterSingletonManager state change [Start -> Oldest]
08:08:42.191 INFO  akka.javasdk.testkit.TestKit - Checking runtime status
08:08:42.256 DEBUG a.c.singleton.ClusterSingletonProxy - Trying to identify singleton at [akka://akka-runtime@127.0.0.1:63330/system/singletonManagerschemaSingleton/schemaSingleton]
08:08:42.256 INFO  a.c.singleton.ClusterSingletonProxy - Singleton identified at [akka://akka-runtime/system/singletonManagerschemaSingleton/schemaSingleton]
08:08:42.256 DEBUG a.c.singleton.ClusterSingletonProxy - Sending buffered messages to current singleton instance
08:08:42.257 INFO  a.c.s.typed.scaladsl.ClusterSharding - Starting Shard Region [passivation-race-entity]...
08:08:42.258 INFO  akka.cluster.sharding.ShardRegion - passivation-race-entity: Automatic entity passivation: composite strategy with limit of [10000] active entities, admission window (least recently used entities) with proportions [initial = 0.01, min = 0.01, max = 1.0] adapting with hill-climbing optimizer [adjust multiplier = 10.0, initial step = 0.0625, restart threshold = 0.05, step decay = 0.98], admit using frequency sketch [width multiplier = 4, reset multiplier = 10.0, depth = 4, counter bits = 4], main (least recently used entities (segmented with [2] levels with proportions of [0.20, 0.80]))
08:08:42.258 INFO  a.c.s.ClusterSingletonManager - Singleton manager starting singleton actor [akka://akka-runtime/system/sharding/passivation-race-entityCoordinator/singleton]
08:08:42.258 INFO  a.c.s.ClusterSingletonManager - ClusterSingletonManager state change [Start -> Oldest]
08:08:42.259 DEBUG a.c.sharding.DDataShardCoordinator - passivation-race-entity: Initial coordinator is empty.
08:08:42.259 INFO  a.c.sharding.DDataShardCoordinator - passivation-race-entity: ShardCoordinator was moved to the active state with [0] shards
08:08:42.260 DEBUG a.c.singleton.ClusterSingletonProxy - Forwarding message of type [SchemaSingleton$ExecDdl] to current singleton instance at [akka://akka-runtime/system/singletonManagerschemaSingleton/schemaSingleton]
08:08:42.261 INFO  akka.runtime.DiscoveryManager - Service components: EventSourcedEntity: [1], Consumer: [2], View: [1]
08:08:42.261 INFO  a.c.s.typed.scaladsl.ClusterSharding - Starting Shard Region [_timer]...
08:08:42.262 INFO  a.c.s.typed.scaladsl.ClusterSharding - Starting Shard Region [sharded-daemon-process-eventSourcedProjection-passivation-race-entity-passivation-race-consumer-a]...
08:08:42.262 INFO  akka.cluster.sharding.ShardRegion - sharded-daemon-process-eventSourcedProjection-passivation-race-entity-passivation-race-consumer-a: Automatic entity passivation: disabled
08:08:42.262 INFO  a.c.s.ClusterSingletonManager - Singleton manager starting singleton actor [akka://akka-runtime/system/sharding/_timerCoordinator/singleton]
08:08:42.262 DEBUG a.c.singleton.ClusterSingletonProxy - Creating singleton identification timer...
08:08:42.262 INFO  a.c.s.ClusterSingletonManager - ClusterSingletonManager state change [Start -> Oldest]
08:08:42.262 DEBUG a.c.singleton.ClusterSingletonProxy - Trying to identify singleton at [akka://akka-runtime@127.0.0.1:63330/system/singletonManagerShardedDaemonProcessCoordinator-eventSourcedProjection-passivation-race-entity-passivation-race-consumer-a/ShardedDaemonProcessCoordinator-eventSourcedProjection-passivation-race-entity-passivation-race-consumer-a]
08:08:42.262 INFO  a.c.s.ClusterSingletonManager - Singleton manager starting singleton actor [akka://akka-runtime/system/sharding/sharded-daemon-process-eventSourcedProjection-passivation-race-entity-passivation-race-consumer-aCoordinator/singleton]
08:08:42.262 DEBUG a.c.sharding.DDataShardCoordinator - _timer: Starting remember entities store from provider akka.cluster.sharding.internal.DDataRememberEntitiesProvider@7d4ae568
08:08:42.262 INFO  a.c.s.ClusterSingletonManager - ClusterSingletonManager state change [Start -> Oldest]
08:08:42.262 INFO  a.c.s.typed.scaladsl.ClusterSharding - Starting Shard Region [sharded-daemon-process-eventSourcedProjection-passivation-race-entity-passivation-race-consumer-b]...
08:08:42.262 INFO  a.c.s.ClusterSingletonManager - Singleton manager starting singleton actor [akka://akka-runtime/system/singletonManagerShardedDaemonProcessCoordinator-eventSourcedProjection-passivation-race-entity-passivation-race-consumer-a/ShardedDaemonProcessCoordinator-eventSourcedProjection-passivation-race-entity-passivation-race-consumer-a]
08:08:42.262 INFO  a.c.s.ClusterSingletonManager - ClusterSingletonManager state change [Start -> Oldest]
08:08:42.263 DEBUG a.c.sharding.DDataShardCoordinator - _timer: Initial coordinator is empty.
08:08:42.263 INFO  a.c.sharding.DDataShardCoordinator - _timer: ShardCoordinator was moved to the active state with [0] shards
08:08:42.263 DEBUG a.c.sharding.DDataShardCoordinator - sharded-daemon-process-eventSourcedProjection-passivation-race-entity-passivation-race-consumer-a: Initial coordinator is empty.
08:08:42.263 DEBUG a.c.sharding.DDataShardCoordinator - _timer: Received [0] remembered shard ids (after state initialized)
08:08:42.263 INFO  a.c.sharding.DDataShardCoordinator - sharded-daemon-process-eventSourcedProjection-passivation-race-entity-passivation-race-consumer-a: ShardCoordinator was moved to the active state with [0] shards
08:08:42.263 INFO  akka.cluster.sharding.ShardRegion - sharded-daemon-process-eventSourcedProjection-passivation-race-entity-passivation-race-consumer-b: Automatic entity passivation: disabled
08:08:42.263 DEBUG a.c.s.t.i.ShardedDaemonProcessCoordinator$ - ShardedDaemonProcessCoordinator for [eventSourcedProjection-passivation-race-entity-passivation-race-consumer-a] starting
08:08:42.263 DEBUG a.c.s.t.i.ShardedDaemonProcessCoordinator$ - eventSourcedProjection-passivation-race-entity-passivation-race-consumer-a: No previous state stored for Sharded Daemon Process
08:08:42.263 DEBUG a.c.s.t.i.ShardedDaemonProcessCoordinator$ - Sending periodic keep alive for Sharded Daemon Process [eventSourcedProjection-passivation-race-entity-passivation-race-consumer-a] to [1] processes (revision [0]).
08:08:42.263 DEBUG a.c.singleton.ClusterSingletonProxy - Creating singleton identification timer...
08:08:42.263 DEBUG a.c.singleton.ClusterSingletonProxy - Trying to identify singleton at [akka://akka-runtime@127.0.0.1:63330/system/singletonManagerShardedDaemonProcessCoordinator-eventSourcedProjection-passivation-race-entity-passivation-race-consumer-b/ShardedDaemonProcessCoordinator-eventSourcedProjection-passivation-race-entity-passivation-race-consumer-b]
08:08:42.263 INFO  a.c.s.ClusterSingletonManager - Singleton manager starting singleton actor [akka://akka-runtime/system/sharding/sharded-daemon-process-eventSourcedProjection-passivation-race-entity-passivation-race-consumer-bCoordinator/singleton]
08:08:42.263 INFO  a.c.s.typed.scaladsl.ClusterSharding - Starting Shard Region [sharded-daemon-process-eventSourcedProjection-passivation-race-entity-passivation-race-view]...
08:08:42.263 INFO  a.c.s.ClusterSingletonManager - ClusterSingletonManager state change [Start -> Oldest]
08:08:42.263 INFO  a.c.s.ClusterSingletonManager - Singleton manager starting singleton actor [akka://akka-runtime/system/singletonManagerShardedDaemonProcessCoordinator-eventSourcedProjection-passivation-race-entity-passivation-race-consumer-b/ShardedDaemonProcessCoordinator-eventSourcedProjection-passivation-race-entity-passivation-race-consumer-b]
08:08:42.263 DEBUG a.c.s.t.i.ShardedDaemonProcessCoordinator$ - ShardedDaemonProcessCoordinator for [eventSourcedProjection-passivation-race-entity-passivation-race-consumer-b] starting
08:08:42.263 INFO  a.c.s.ClusterSingletonManager - ClusterSingletonManager state change [Start -> Oldest]
08:08:42.263 INFO  akka.cluster.sharding.ShardRegion - sharded-daemon-process-eventSourcedProjection-passivation-race-entity-passivation-race-view: Automatic entity passivation: disabled
08:08:42.263 DEBUG a.c.s.t.i.ShardedDaemonProcessCoordinator$ - eventSourcedProjection-passivation-race-entity-passivation-race-consumer-b: No previous state stored for Sharded Daemon Process
08:08:42.263 DEBUG a.c.s.t.i.ShardedDaemonProcessCoordinator$ - Sending periodic keep alive for Sharded Daemon Process [eventSourcedProjection-passivation-race-entity-passivation-race-consumer-b] to [1] processes (revision [0]).
08:08:42.264 DEBUG a.c.sharding.DDataShardCoordinator - sharded-daemon-process-eventSourcedProjection-passivation-race-entity-passivation-race-consumer-b: Initial coordinator is empty.
08:08:42.264 INFO  a.c.sharding.DDataShardCoordinator - sharded-daemon-process-eventSourcedProjection-passivation-race-entity-passivation-race-consumer-b: ShardCoordinator was moved to the active state with [0] shards
08:08:42.264 DEBUG a.c.singleton.ClusterSingletonProxy - Creating singleton identification timer...
08:08:42.264 DEBUG a.c.singleton.ClusterSingletonProxy - Trying to identify singleton at [akka://akka-runtime@127.0.0.1:63330/system/singletonManagerShardedDaemonProcessCoordinator-eventSourcedProjection-passivation-race-entity-passivation-race-view/ShardedDaemonProcessCoordinator-eventSourcedProjection-passivation-race-entity-passivation-race-view]
08:08:42.264 INFO  a.c.s.ClusterSingletonManager - Singleton manager starting singleton actor [akka://akka-runtime/system/sharding/sharded-daemon-process-eventSourcedProjection-passivation-race-entity-passivation-race-viewCoordinator/singleton]
08:08:42.264 INFO  a.c.s.ClusterSingletonManager - ClusterSingletonManager state change [Start -> Oldest]
08:08:42.264 INFO  a.c.s.ClusterSingletonManager - Singleton manager starting singleton actor [akka://akka-runtime/system/singletonManagerShardedDaemonProcessCoordinator-eventSourcedProjection-passivation-race-entity-passivation-race-view/ShardedDaemonProcessCoordinator-eventSourcedProjection-passivation-race-entity-passivation-race-view]
08:08:42.264 INFO  a.c.s.ClusterSingletonManager - ClusterSingletonManager state change [Start -> Oldest]
08:08:42.264 DEBUG a.c.s.t.i.ShardedDaemonProcessCoordinator$ - ShardedDaemonProcessCoordinator for [eventSourcedProjection-passivation-race-entity-passivation-race-view] starting
08:08:42.264 DEBUG a.c.sharding.DDataShardCoordinator - sharded-daemon-process-eventSourcedProjection-passivation-race-entity-passivation-race-view: Initial coordinator is empty.
08:08:42.264 INFO  a.c.sharding.DDataShardCoordinator - sharded-daemon-process-eventSourcedProjection-passivation-race-entity-passivation-race-view: ShardCoordinator was moved to the active state with [0] shards
08:08:42.264 DEBUG a.c.s.t.i.ShardedDaemonProcessCoordinator$ - eventSourcedProjection-passivation-race-entity-passivation-race-view: No previous state stored for Sharded Daemon Process
08:08:42.264 DEBUG a.c.s.t.i.ShardedDaemonProcessCoordinator$ - Sending periodic keep alive for Sharded Daemon Process [eventSourcedProjection-passivation-race-entity-passivation-race-view] to [1] processes (revision [0]).
08:08:42.264 INFO  akka.runtime.DiscoveryManager - Akka Runtime started at 127.0.0.1:63328
08:08:42.265 INFO  repro.Bootstrap - onStartup burst of 8 starting
08:08:42.309 INFO  akka.javasdk.testkit.TestKit - Runtime started
08:08:42.309 INFO  akka.actor.CoordinatedShutdown - Running CoordinatedShutdown with reason [ActorSystemTerminateReason]
08:08:42.309 DEBUG akka.actor.CoordinatedShutdown - Performing phase [before-service-unbind] with [0] tasks
08:08:42.309 DEBUG akka.actor.CoordinatedShutdown - Performing phase [service-unbind] with [1] tasks.
08:08:42.310 DEBUG akka.actor.CoordinatedShutdown - Performing task [http-unbind-/127.0.0.1:63328] in CoordinatedShutdown phase [service-unbind]
08:08:42.310 DEBUG akka.actor.CoordinatedShutdown - Performing phase [service-requests-done] with [1] tasks.
08:08:42.310 DEBUG akka.actor.CoordinatedShutdown - Performing task [http-terminate-/127.0.0.1:63328] in CoordinatedShutdown phase [service-requests-done]
08:08:42.310 DEBUG akka.actor.CoordinatedShutdown - Performing phase [service-stop] with [1] tasks.
08:08:42.310 DEBUG akka.actor.CoordinatedShutdown - Performing task [stop-grpc-clients] in CoordinatedShutdown phase [service-stop]
08:08:42.310 DEBUG akka.actor.CoordinatedShutdown - Performing phase [before-cluster-shutdown] with [0] tasks
08:08:42.310 DEBUG akka.actor.CoordinatedShutdown - Performing phase [cluster-sharding-shutdown-region] with [5] tasks.
08:08:42.310 DEBUG akka.actor.CoordinatedShutdown - Performing task [region-shutdown] in CoordinatedShutdown phase [cluster-sharding-shutdown-region]
08:08:42.310 DEBUG akka.actor.CoordinatedShutdown - Performing task [region-shutdown] in CoordinatedShutdown phase [cluster-sharding-shutdown-region]
08:08:42.310 DEBUG akka.actor.CoordinatedShutdown - Performing task [region-shutdown] in CoordinatedShutdown phase [cluster-sharding-shutdown-region]
08:08:42.310 DEBUG akka.actor.CoordinatedShutdown - Performing task [region-shutdown] in CoordinatedShutdown phase [cluster-sharding-shutdown-region]
08:08:42.310 DEBUG akka.actor.CoordinatedShutdown - Performing task [region-shutdown] in CoordinatedShutdown phase [cluster-sharding-shutdown-region]
08:08:42.310 DEBUG a.c.sharding.DDataShardCoordinator - sharded-daemon-process-eventSourcedProjection-passivation-race-entity-passivation-race-consumer-a: Unknown region requested graceful shutdown [Actor[akka://akka-runtime/system/sharding/sharded-daemon-process-eventSourcedProjection-passivation-race-entity-passivation-race-consumer-a#236004307]]
08:08:42.310 DEBUG a.c.sharding.DDataShardCoordinator - passivation-race-entity: Unknown region requested graceful shutdown [Actor[akka://akka-runtime/system/sharding/passivation-race-entity#1235814166]]
08:08:42.310 DEBUG a.c.sharding.DDataShardCoordinator - _timer: Unknown region requested graceful shutdown [Actor[akka://akka-runtime/system/sharding/_timer#-56046728]]
08:08:42.310 DEBUG a.c.sharding.DDataShardCoordinator - sharded-daemon-process-eventSourcedProjection-passivation-race-entity-passivation-race-consumer-b: Unknown region requested graceful shutdown [Actor[akka://akka-runtime/system/sharding/sharded-daemon-process-eventSourcedProjection-passivation-race-entity-passivation-race-consumer-b#309407784]]
08:08:42.310 DEBUG a.c.sharding.DDataShardCoordinator - sharded-daemon-process-eventSourcedProjection-passivation-race-entity-passivation-race-view: Unknown region requested graceful shutdown [Actor[akka://akka-runtime/system/sharding/sharded-daemon-process-eventSourcedProjection-passivation-race-entity-passivation-race-view#-634469872]]
08:08:42.327 DEBUG a.c.singleton.ClusterSingletonProxy - Trying to identify singleton at [akka://akka-runtime@127.0.0.1:63330/system/singletonManagerShardedDaemonProcessCoordinator-eventSourcedProjection-passivation-race-entity-passivation-race-consumer-a/ShardedDaemonProcessCoordinator-eventSourcedProjection-passivation-race-entity-passivation-race-consumer-a]
08:08:42.327 DEBUG a.c.singleton.ClusterSingletonProxy - Trying to identify singleton at [akka://akka-runtime@127.0.0.1:63330/system/singletonManagerShardedDaemonProcessCoordinator-eventSourcedProjection-passivation-race-entity-passivation-race-consumer-b/ShardedDaemonProcessCoordinator-eventSourcedProjection-passivation-race-entity-passivation-race-consumer-b]
08:08:42.327 DEBUG a.c.singleton.ClusterSingletonProxy - Trying to identify singleton at [akka://akka-runtime@127.0.0.1:63330/system/singletonManagerShardedDaemonProcessCoordinator-eventSourcedProjection-passivation-race-entity-passivation-race-view/ShardedDaemonProcessCoordinator-eventSourcedProjection-passivation-race-entity-passivation-race-view]
08:08:42.327 INFO  a.c.singleton.ClusterSingletonProxy - Singleton identified at [akka://akka-runtime/system/singletonManagerShardedDaemonProcessCoordinator-eventSourcedProjection-passivation-race-entity-passivation-race-view/ShardedDaemonProcessCoordinator-eventSourcedProjection-passivation-race-entity-passivation-race-view]
08:08:42.327 INFO  a.c.singleton.ClusterSingletonProxy - Singleton identified at [akka://akka-runtime/system/singletonManagerShardedDaemonProcessCoordinator-eventSourcedProjection-passivation-race-entity-passivation-race-consumer-a/ShardedDaemonProcessCoordinator-eventSourcedProjection-passivation-race-entity-passivation-race-consumer-a]
08:08:42.327 INFO  a.c.singleton.ClusterSingletonProxy - Singleton identified at [akka://akka-runtime/system/singletonManagerShardedDaemonProcessCoordinator-eventSourcedProjection-passivation-race-entity-passivation-race-consumer-b/ShardedDaemonProcessCoordinator-eventSourcedProjection-passivation-race-entity-passivation-race-consumer-b]
08:08:42.327 DEBUG a.c.singleton.ClusterSingletonProxy - Sending buffered messages to current singleton instance
08:08:42.327 DEBUG a.c.singleton.ClusterSingletonProxy - Sending buffered messages to current singleton instance
08:08:42.327 DEBUG a.c.singleton.ClusterSingletonProxy - Sending buffered messages to current singleton instance
08:08:42.528 DEBUG a.c.sharding.DDataShardCoordinator - sharded-daemon-process-eventSourcedProjection-passivation-race-entity-passivation-race-consumer-b: ShardRegion registered: [Actor[akka://akka-runtime/system/sharding/sharded-daemon-process-eventSourcedProjection-passivation-race-entity-passivation-race-consumer-b#309407784]]
08:08:42.528 DEBUG a.c.sharding.DDataShardCoordinator - sharded-daemon-process-eventSourcedProjection-passivation-race-entity-passivation-race-consumer-a: ShardRegion registered: [Actor[akka://akka-runtime/system/sharding/sharded-daemon-process-eventSourcedProjection-passivation-race-entity-passivation-race-consumer-a#236004307]]
08:08:42.528 DEBUG a.c.sharding.DDataShardCoordinator - sharded-daemon-process-eventSourcedProjection-passivation-race-entity-passivation-race-view: ShardRegion registered: [Actor[akka://akka-runtime/system/sharding/sharded-daemon-process-eventSourcedProjection-passivation-race-entity-passivation-race-view#-634469872]]
08:08:42.528 DEBUG a.c.sharding.DDataShardCoordinator - passivation-race-entity: ShardRegion registered: [Actor[akka://akka-runtime/system/sharding/passivation-race-entity#1235814166]]
08:08:42.528 DEBUG a.c.sharding.DDataShardCoordinator - passivation-race-entity: The coordinator state was successfully updated with ShardRegionRegistered(Actor[akka://akka-runtime/system/sharding/passivation-race-entity#1235814166])
08:08:42.528 DEBUG a.c.sharding.DDataShardCoordinator - sharded-daemon-process-eventSourcedProjection-passivation-race-entity-passivation-race-consumer-a: The coordinator state was successfully updated with ShardRegionRegistered(Actor[akka://akka-runtime/system/sharding/sharded-daemon-process-eventSourcedProjection-passivation-race-entity-passivation-race-consumer-a#236004307])
08:08:42.529 DEBUG a.c.sharding.DDataShardCoordinator - sharded-daemon-process-eventSourcedProjection-passivation-race-entity-passivation-race-consumer-b: The coordinator state was successfully updated with ShardRegionRegistered(Actor[akka://akka-runtime/system/sharding/sharded-daemon-process-eventSourcedProjection-passivation-race-entity-passivation-race-consumer-b#309407784])
08:08:42.529 DEBUG a.c.sharding.DDataShardCoordinator - sharded-daemon-process-eventSourcedProjection-passivation-race-entity-passivation-race-view: The coordinator state was successfully updated with ShardRegionRegistered(Actor[akka://akka-runtime/system/sharding/sharded-daemon-process-eventSourcedProjection-passivation-race-entity-passivation-race-view#-634469872])
08:08:42.530 DEBUG a.c.sharding.DDataShardCoordinator - sharded-daemon-process-eventSourcedProjection-passivation-race-entity-passivation-race-consumer-b: The coordinator state was successfully updated with ShardHomeAllocated(0,Actor[akka://akka-runtime/system/sharding/sharded-daemon-process-eventSourcedProjection-passivation-race-entity-passivation-race-consumer-b#309407784])
08:08:42.530 DEBUG a.c.sharding.DDataShardCoordinator - sharded-daemon-process-eventSourcedProjection-passivation-race-entity-passivation-race-view: The coordinator state was successfully updated with ShardHomeAllocated(0,Actor[akka://akka-runtime/system/sharding/sharded-daemon-process-eventSourcedProjection-passivation-race-entity-passivation-race-view#-634469872])
08:08:42.530 DEBUG a.c.sharding.DDataShardCoordinator - sharded-daemon-process-eventSourcedProjection-passivation-race-entity-passivation-race-consumer-a: The coordinator state was successfully updated with ShardHomeAllocated(0,Actor[akka://akka-runtime/system/sharding/sharded-daemon-process-eventSourcedProjection-passivation-race-entity-passivation-race-consumer-a#236004307])
08:08:42.530 DEBUG a.c.sharding.DDataShardCoordinator - passivation-race-entity: The coordinator state was successfully updated with ShardHomeAllocated(975,Actor[akka://akka-runtime/system/sharding/passivation-race-entity#1235814166])
08:08:42.530 DEBUG a.c.sharding.DDataShardCoordinator - sharded-daemon-process-eventSourcedProjection-passivation-race-entity-passivation-race-consumer-b: Shard [0] allocated at [Actor[akka://akka-runtime/system/sharding/sharded-daemon-process-eventSourcedProjection-passivation-race-entity-passivation-race-consumer-b#309407784]]
08:08:42.530 DEBUG a.c.sharding.DDataShardCoordinator - sharded-daemon-process-eventSourcedProjection-passivation-race-entity-passivation-race-view: Shard [0] allocated at [Actor[akka://akka-runtime/system/sharding/sharded-daemon-process-eventSourcedProjection-passivation-race-entity-passivation-race-view#-634469872]]
08:08:42.530 DEBUG a.c.sharding.DDataShardCoordinator - passivation-race-entity: Shard [975] allocated at [Actor[akka://akka-runtime/system/sharding/passivation-race-entity#1235814166]]
08:08:42.530 DEBUG a.c.sharding.DDataShardCoordinator - sharded-daemon-process-eventSourcedProjection-passivation-race-entity-passivation-race-consumer-a: Shard [0] allocated at [Actor[akka://akka-runtime/system/sharding/sharded-daemon-process-eventSourcedProjection-passivation-race-entity-passivation-race-consumer-a#236004307]]
08:08:42.530 DEBUG a.c.sharding.DDataShardCoordinator - passivation-race-entity: Graceful shutdown of region [Actor[akka://akka-runtime/system/sharding/passivation-race-entity#1235814166]] with [1] shards
08:08:42.530 DEBUG a.c.sharding.DDataShardCoordinator - sharded-daemon-process-eventSourcedProjection-passivation-race-entity-passivation-race-view: Graceful shutdown of region [Actor[akka://akka-runtime/system/sharding/sharded-daemon-process-eventSourcedProjection-passivation-race-entity-passivation-race-view#-634469872]] with [1] shards
08:08:42.530 DEBUG a.c.sharding.DDataShardCoordinator - sharded-daemon-process-eventSourcedProjection-passivation-race-entity-passivation-race-consumer-b: Graceful shutdown of region [Actor[akka://akka-runtime/system/sharding/sharded-daemon-process-eventSourcedProjection-passivation-race-entity-passivation-race-consumer-b#309407784]] with [1] shards
08:08:42.530 INFO  a.c.sharding.DDataShardCoordinator - sharded-daemon-process-eventSourcedProjection-passivation-race-entity-passivation-race-view: Starting shutting down shards [0] due to region shutting down or explicit stopping of shards.
08:08:42.531 INFO  a.c.sharding.DDataShardCoordinator - passivation-race-entity: Starting shutting down shards [975] due to region shutting down or explicit stopping of shards.
08:08:42.531 INFO  a.c.sharding.DDataShardCoordinator - sharded-daemon-process-eventSourcedProjection-passivation-race-entity-passivation-race-consumer-b: Starting shutting down shards [0] due to region shutting down or explicit stopping of shards.
08:08:42.531 DEBUG a.c.sharding.DDataShardCoordinator - sharded-daemon-process-eventSourcedProjection-passivation-race-entity-passivation-race-consumer-a: Graceful shutdown of region [Actor[akka://akka-runtime/system/sharding/sharded-daemon-process-eventSourcedProjection-passivation-race-entity-passivation-race-consumer-a#236004307]] with [1] shards
08:08:42.531 DEBUG akka.cluster.sharding.Shard - sharded-daemon-process-eventSourcedProjection-passivation-race-entity-passivation-race-view: Shard initialized
08:08:42.531 INFO  a.c.sharding.DDataShardCoordinator - sharded-daemon-process-eventSourcedProjection-passivation-race-entity-passivation-race-consumer-a: Starting shutting down shards [0] due to region shutting down or explicit stopping of shards.
08:08:42.531 DEBUG akka.cluster.sharding.Shard - sharded-daemon-process-eventSourcedProjection-passivation-race-entity-passivation-race-consumer-a: Shard initialized
08:08:42.531 DEBUG a.c.s.ShardCoordinator$RebalanceWorker - sharded-daemon-process-eventSourcedProjection-passivation-race-entity-passivation-race-view: Shutting down shard [0] from region [Actor[akka://akka-runtime/system/sharding/sharded-daemon-process-eventSourcedProjection-passivation-race-entity-passivation-race-view#-634469872]]. Asking [1] region(s) to hand-off shard
08:08:42.531 DEBUG akka.cluster.sharding.Shard - sharded-daemon-process-eventSourcedProjection-passivation-race-entity-passivation-race-view: Request to start entity [0] and ack to [Some(Actor[akka://akka-runtime/deadLetters])]
08:08:42.531 DEBUG a.c.s.t.i.ShardedDaemonProcessState$ - eventSourcedProjection-passivation-race-entity-passivation-race-consumer-a: Deferred start of worker to verify its revision [0] is the latest
08:08:42.531 DEBUG a.c.s.t.i.ShardedDaemonProcessState$ - eventSourcedProjection-passivation-race-entity-passivation-race-view: Deferred start of worker to verify its revision [0] is the latest
08:08:42.531 DEBUG akka.cluster.sharding.Shard - sharded-daemon-process-eventSourcedProjection-passivation-race-entity-passivation-race-consumer-a: Request to start entity [0] and ack to [Some(Actor[akka://akka-runtime/deadLetters])]
08:08:42.531 DEBUG akka.cluster.sharding.Shard - sharded-daemon-process-eventSourcedProjection-passivation-race-entity-passivation-race-view: Started entity [Actor[akka://akka-runtime/system/sharding/sharded-daemon-process-eventSourcedProjection-passivation-race-entity-passivation-race-view/0/0#423184436]] with entity id [0] in shard [0]
08:08:42.531 DEBUG akka.cluster.sharding.Shard - sharded-daemon-process-eventSourcedProjection-passivation-race-entity-passivation-race-consumer-a: Started entity [Actor[akka://akka-runtime/system/sharding/sharded-daemon-process-eventSourcedProjection-passivation-race-entity-passivation-race-consumer-a/0/0#1087124847]] with entity id [0] in shard [0]
08:08:42.531 DEBUG a.c.s.ShardCoordinator$RebalanceWorker - passivation-race-entity: Shutting down shard [975] from region [Actor[akka://akka-runtime/system/sharding/passivation-race-entity#1235814166]]. Asking [1] region(s) to hand-off shard
08:08:42.531 DEBUG a.c.s.ShardCoordinator$RebalanceWorker - passivation-race-entity: BeginHandOffAck for shard [975] received from [Actor[akka://akka-runtime/system/sharding/passivation-race-entity#1235814166]].
08:08:42.531 DEBUG a.c.s.ShardCoordinator$RebalanceWorker - passivation-race-entity: All shard regions acked, handing off shard [975].
08:08:42.531 DEBUG a.c.s.ShardCoordinator$RebalanceWorker - sharded-daemon-process-eventSourcedProjection-passivation-race-entity-passivation-race-view: BeginHandOffAck for shard [0] received from [Actor[akka://akka-runtime/system/sharding/sharded-daemon-process-eventSourcedProjection-passivation-race-entity-passivation-race-view#-634469872]].
08:08:42.532 DEBUG a.c.s.ShardCoordinator$RebalanceWorker - sharded-daemon-process-eventSourcedProjection-passivation-race-entity-passivation-race-view: All shard regions acked, handing off shard [0].
08:08:42.532 WARN  akka.cluster.sharding.ShardRegion - passivation-race-entity: Dropping [1] buffered messages to shard [975] during hand off to avoid re-ordering
08:08:42.532 DEBUG a.c.s.ShardCoordinator$RebalanceWorker - sharded-daemon-process-eventSourcedProjection-passivation-race-entity-passivation-race-consumer-b: Shutting down shard [0] from region [Actor[akka://akka-runtime/system/sharding/sharded-daemon-process-eventSourcedProjection-passivation-race-entity-passivation-race-consumer-b#309407784]]. Asking [1] region(s) to hand-off shard
08:08:42.532 DEBUG a.c.s.ShardCoordinator$RebalanceWorker - sharded-daemon-process-eventSourcedProjection-passivation-race-entity-passivation-race-consumer-b: BeginHandOffAck for shard [0] received from [Actor[akka://akka-runtime/system/sharding/sharded-daemon-process-eventSourcedProjection-passivation-race-entity-passivation-race-consumer-b#309407784]].
08:08:42.532 DEBUG a.c.s.ShardCoordinator$RebalanceWorker - sharded-daemon-process-eventSourcedProjection-passivation-race-entity-passivation-race-consumer-b: All shard regions acked, handing off shard [0].
08:08:42.532 WARN  akka.cluster.sharding.ShardRegion - sharded-daemon-process-eventSourcedProjection-passivation-race-entity-passivation-race-consumer-b: Dropping [1] buffered messages to shard [0] during hand off to avoid re-ordering
08:08:42.532 DEBUG akka.cluster.sharding.Shard - sharded-daemon-process-eventSourcedProjection-passivation-race-entity-passivation-race-consumer-b: Shard initialized
08:08:42.532 DEBUG akka.cluster.sharding.Shard - sharded-daemon-process-eventSourcedProjection-passivation-race-entity-passivation-race-consumer-b: HandOff shard [0]
08:08:42.532 DEBUG akka.cluster.sharding.Shard - sharded-daemon-process-eventSourcedProjection-passivation-race-entity-passivation-race-consumer-b: Shard [0] shutting down
08:08:42.532 DEBUG a.c.sharding.DDataShardCoordinator - sharded-daemon-process-eventSourcedProjection-passivation-race-entity-passivation-race-consumer-b: Shard [0] deallocation completed successfully.
08:08:42.532 INFO  a.c.s.t.i.ShardedDaemonProcessState$ - eventSourcedProjection-passivation-race-entity-passivation-race-consumer-a: Starting Sharded Daemon Process [0] out of a total [1] (revision [0] and no state found)
08:08:42.532 INFO  a.c.s.t.i.ShardedDaemonProcessState$ - eventSourcedProjection-passivation-race-entity-passivation-race-view: Starting Sharded Daemon Process [0] out of a total [1] (revision [0] and no state found)
08:08:42.532 DEBUG a.c.sharding.DDataShardCoordinator - sharded-daemon-process-eventSourcedProjection-passivation-race-entity-passivation-race-consumer-b: The coordinator state was successfully updated with ShardHomeDeallocated(0)
08:08:42.532 DEBUG a.c.sharding.DDataShardCoordinator - sharded-daemon-process-eventSourcedProjection-passivation-race-entity-passivation-race-consumer-b: Shard [0] deallocated after
08:08:42.532 DEBUG a.c.sharding.DDataShardCoordinator - sharded-daemon-process-eventSourcedProjection-passivation-race-entity-passivation-race-consumer-b: ShardRegion terminated (gracefully): [Actor[akka://akka-runtime/system/sharding/sharded-daemon-process-eventSourcedProjection-passivation-race-entity-passivation-race-consumer-b#309407784]] {}
08:08:42.532 DEBUG a.c.s.ShardCoordinator$RebalanceWorker - sharded-daemon-process-eventSourcedProjection-passivation-race-entity-passivation-race-consumer-a: Shutting down shard [0] from region [Actor[akka://akka-runtime/system/sharding/sharded-daemon-process-eventSourcedProjection-passivation-race-entity-passivation-race-consumer-a#236004307]]. Asking [1] region(s) to hand-off shard
08:08:42.532 DEBUG a.c.s.ShardCoordinator$RebalanceWorker - sharded-daemon-process-eventSourcedProjection-passivation-race-entity-passivation-race-consumer-a: BeginHandOffAck for shard [0] received from [Actor[akka://akka-runtime/system/sharding/sharded-daemon-process-eventSourcedProjection-passivation-race-entity-passivation-race-consumer-a#236004307]].
08:08:42.532 DEBUG a.c.s.ShardCoordinator$RebalanceWorker - sharded-daemon-process-eventSourcedProjection-passivation-race-entity-passivation-race-consumer-a: All shard regions acked, handing off shard [0].
08:08:42.532 DEBUG a.c.sharding.DDataShardCoordinator - sharded-daemon-process-eventSourcedProjection-passivation-race-entity-passivation-race-consumer-b: GetShardHome [0] request from [Actor[akka://local/ignore]] stashed, because waiting for initial state or update of state. It will be handled afterwards.
08:08:42.532 DEBUG akka.cluster.sharding.Shard - passivation-race-entity: Shard initialized
08:08:42.532 DEBUG a.c.sharding.DDataShardCoordinator - sharded-daemon-process-eventSourcedProjection-passivation-race-entity-passivation-race-consumer-b: The coordinator state was successfully updated with ShardRegionTerminated(Actor[akka://akka-runtime/system/sharding/sharded-daemon-process-eventSourcedProjection-passivation-race-entity-passivation-race-consumer-b#309407784])
08:08:42.532 DEBUG akka.cluster.sharding.Shard - sharded-daemon-process-eventSourcedProjection-passivation-race-entity-passivation-race-consumer-a: HandOff shard [0]
08:08:42.532 DEBUG akka.cluster.sharding.Shard - sharded-daemon-process-eventSourcedProjection-passivation-race-entity-passivation-race-consumer-a: Starting HandOffStopper for shard [0] to terminate [1] entities.
08:08:42.532 DEBUG a.c.sharding.DDataShardCoordinator - sharded-daemon-process-eventSourcedProjection-passivation-race-entity-passivation-race-consumer-b: ShardRegion stopped: [Actor[akka://akka-runtime/system/sharding/sharded-daemon-process-eventSourcedProjection-passivation-race-entity-passivation-race-consumer-b#309407784]]
08:08:42.532 DEBUG akka.cluster.sharding.Shard - sharded-daemon-process-eventSourcedProjection-passivation-race-entity-passivation-race-view: HandOff shard [0]
08:08:42.532 DEBUG akka.cluster.sharding.Shard - sharded-daemon-process-eventSourcedProjection-passivation-race-entity-passivation-race-view: Starting HandOffStopper for shard [0] to terminate [1] entities.
08:08:42.532 DEBUG akka.cluster.sharding.Shard - passivation-race-entity: HandOff shard [975]
08:08:42.532 DEBUG akka.cluster.sharding.Shard - passivation-race-entity: Shard [975] shutting down
08:08:42.532 DEBUG a.c.sharding.DDataShardCoordinator - passivation-race-entity: Shard [975] deallocation completed successfully.
08:08:42.533 DEBUG a.c.sharding.DDataShardCoordinator - passivation-race-entity: The coordinator state was successfully updated with ShardHomeDeallocated(975)
08:08:42.533 DEBUG a.c.sharding.DDataShardCoordinator - passivation-race-entity: Shard [975] deallocated after
08:08:42.533 DEBUG a.c.sharding.DDataShardCoordinator - passivation-race-entity: ShardRegion terminated (gracefully): [Actor[akka://akka-runtime/system/sharding/passivation-race-entity#1235814166]] {}
08:08:42.533 DEBUG a.c.sharding.DDataShardCoordinator - passivation-race-entity: GetShardHome [975] request from [Actor[akka://local/ignore]] stashed, because waiting for initial state or update of state. It will be handled afterwards.
08:08:42.533 DEBUG a.c.sharding.DDataShardCoordinator - passivation-race-entity: The coordinator state was successfully updated with ShardRegionTerminated(Actor[akka://akka-runtime/system/sharding/passivation-race-entity#1235814166])
08:08:42.533 DEBUG a.c.sharding.DDataShardCoordinator - passivation-race-entity: ShardRegion stopped: [Actor[akka://akka-runtime/system/sharding/passivation-race-entity#1235814166]]
08:08:42.540 DEBUG akka.cluster.sharding.Shard - sharded-daemon-process-eventSourcedProjection-passivation-race-entity-passivation-race-consumer-a: Shard [0] shutting down
08:08:42.540 DEBUG a.c.sharding.DDataShardCoordinator - sharded-daemon-process-eventSourcedProjection-passivation-race-entity-passivation-race-consumer-a: Shard [0] deallocation completed successfully.
08:08:42.540 DEBUG akka.cluster.sharding.Shard - sharded-daemon-process-eventSourcedProjection-passivation-race-entity-passivation-race-view: Shard [0] shutting down
08:08:42.540 DEBUG a.c.sharding.DDataShardCoordinator - sharded-daemon-process-eventSourcedProjection-passivation-race-entity-passivation-race-view: Shard [0] deallocation completed successfully.
08:08:42.553 DEBUG akka.actor.CoordinatedShutdown - Performing phase [cluster-leave] with [1] tasks.
08:08:42.553 DEBUG akka.actor.CoordinatedShutdown - Performing task [leave] in CoordinatedShutdown phase [cluster-leave]
08:08:42.553 DEBUG a.c.sharding.DDataShardCoordinator - sharded-daemon-process-eventSourcedProjection-passivation-race-entity-passivation-race-consumer-a: The coordinator state was successfully updated with ShardHomeDeallocated(0)
08:08:42.553 DEBUG a.c.sharding.DDataShardCoordinator - sharded-daemon-process-eventSourcedProjection-passivation-race-entity-passivation-race-view: The coordinator state was successfully updated with ShardHomeDeallocated(0)
08:08:42.553 DEBUG a.c.sharding.DDataShardCoordinator - sharded-daemon-process-eventSourcedProjection-passivation-race-entity-passivation-race-consumer-a: Shard [0] deallocated after
08:08:42.553 DEBUG a.c.sharding.DDataShardCoordinator - sharded-daemon-process-eventSourcedProjection-passivation-race-entity-passivation-race-view: Shard [0] deallocated after
08:08:42.553 DEBUG a.c.sharding.DDataShardCoordinator - sharded-daemon-process-eventSourcedProjection-passivation-race-entity-passivation-race-consumer-a: ShardRegion terminated (gracefully): [Actor[akka://akka-runtime/system/sharding/sharded-daemon-process-eventSourcedProjection-passivation-race-entity-passivation-race-consumer-a#236004307]] {}
08:08:42.553 DEBUG a.c.sharding.DDataShardCoordinator - sharded-daemon-process-eventSourcedProjection-passivation-race-entity-passivation-race-view: ShardRegion terminated (gracefully): [Actor[akka://akka-runtime/system/sharding/sharded-daemon-process-eventSourcedProjection-passivation-race-entity-passivation-race-view#-634469872]] {}
08:08:42.553 DEBUG a.c.sharding.DDataShardCoordinator - sharded-daemon-process-eventSourcedProjection-passivation-race-entity-passivation-race-consumer-a: GetShardHome [0] request from [Actor[akka://local/ignore]] stashed, because waiting for initial state or update of state. It will be handled afterwards.
08:08:42.553 DEBUG a.c.sharding.DDataShardCoordinator - sharded-daemon-process-eventSourcedProjection-passivation-race-entity-passivation-race-view: GetShardHome [0] request from [Actor[akka://local/ignore]] stashed, because waiting for initial state or update of state. It will be handled afterwards.
08:08:42.553 DEBUG a.c.sharding.DDataShardCoordinator - sharded-daemon-process-eventSourcedProjection-passivation-race-entity-passivation-race-consumer-a: The coordinator state was successfully updated with ShardRegionTerminated(Actor[akka://akka-runtime/system/sharding/sharded-daemon-process-eventSourcedProjection-passivation-race-entity-passivation-race-consumer-a#236004307])
08:08:42.553 DEBUG a.c.sharding.DDataShardCoordinator - sharded-daemon-process-eventSourcedProjection-passivation-race-entity-passivation-race-consumer-a: ShardRegion stopped: [Actor[akka://akka-runtime/system/sharding/sharded-daemon-process-eventSourcedProjection-passivation-race-entity-passivation-race-consumer-a#236004307]]
08:08:42.553 DEBUG a.c.sharding.DDataShardCoordinator - sharded-daemon-process-eventSourcedProjection-passivation-race-entity-passivation-race-view: The coordinator state was successfully updated with ShardRegionTerminated(Actor[akka://akka-runtime/system/sharding/sharded-daemon-process-eventSourcedProjection-passivation-race-entity-passivation-race-view#-634469872])
08:08:42.553 DEBUG a.c.sharding.DDataShardCoordinator - sharded-daemon-process-eventSourcedProjection-passivation-race-entity-passivation-race-view: ShardRegion stopped: [Actor[akka://akka-runtime/system/sharding/sharded-daemon-process-eventSourcedProjection-passivation-race-entity-passivation-race-view#-634469872]]
08:08:42.554 DEBUG a.c.singleton.ClusterSingletonProxy - Creating singleton identification timer...
08:08:42.554 DEBUG a.c.singleton.ClusterSingletonProxy - Creating singleton identification timer...
08:08:42.554 DEBUG a.c.singleton.ClusterSingletonProxy - Creating singleton identification timer...
08:08:42.554 DEBUG a.c.singleton.ClusterSingletonProxy - Creating singleton identification timer...
08:08:42.554 DEBUG akka.actor.CoordinatedShutdown - Performing phase [cluster-exiting] with [28] tasks.
08:08:42.554 DEBUG akka.actor.CoordinatedShutdown - Performing task [wait-singleton-exiting] in CoordinatedShutdown phase [cluster-exiting]
08:08:42.554 DEBUG akka.actor.CoordinatedShutdown - Performing task [singleton-exiting-2] in CoordinatedShutdown phase [cluster-exiting]
08:08:42.554 DEBUG akka.actor.CoordinatedShutdown - Performing task [singleton-exiting-2] in CoordinatedShutdown phase [cluster-exiting]
08:08:42.554 DEBUG akka.actor.CoordinatedShutdown - Performing task [singleton-exiting-1] in CoordinatedShutdown phase [cluster-exiting]
08:08:42.554 DEBUG akka.actor.CoordinatedShutdown - Performing task [wait-singleton-exiting] in CoordinatedShutdown phase [cluster-exiting]
08:08:42.554 DEBUG akka.actor.CoordinatedShutdown - Performing task [singleton-exiting-1] in CoordinatedShutdown phase [cluster-exiting]
08:08:42.554 DEBUG akka.actor.CoordinatedShutdown - Performing task [wait-singleton-exiting] in CoordinatedShutdown phase [cluster-exiting]
08:08:42.554 DEBUG akka.actor.CoordinatedShutdown - Performing task [singleton-exiting-2] in CoordinatedShutdown phase [cluster-exiting]
08:08:42.554 DEBUG akka.actor.CoordinatedShutdown - Performing task [singleton-exiting-1] in CoordinatedShutdown phase [cluster-exiting]
08:08:42.554 INFO  a.c.s.ClusterSingletonManager - Exited [akka://akka-runtime@127.0.0.1:63330].
08:08:42.554 DEBUG akka.actor.CoordinatedShutdown - Performing task [singleton-exiting-1] in CoordinatedShutdown phase [cluster-exiting]
08:08:42.554 DEBUG akka.actor.CoordinatedShutdown - Performing task [wait-singleton-exiting] in CoordinatedShutdown phase [cluster-exiting]
08:08:42.554 DEBUG akka.actor.CoordinatedShutdown - Performing task [singleton-exiting-2] in CoordinatedShutdown phase [cluster-exiting]
08:08:42.554 DEBUG akka.actor.CoordinatedShutdown - Performing task [wait-singleton-exiting] in CoordinatedShutdown phase [cluster-exiting]
08:08:42.554 DEBUG akka.actor.CoordinatedShutdown - Performing task [wait-exiting] in CoordinatedShutdown phase [cluster-exiting]
08:08:42.554 DEBUG akka.actor.CoordinatedShutdown - Performing task [wait-singleton-exiting] in CoordinatedShutdown phase [cluster-exiting]
08:08:42.554 DEBUG akka.actor.CoordinatedShutdown - Performing task [singleton-exiting-2] in CoordinatedShutdown phase [cluster-exiting]
08:08:42.554 INFO  a.c.s.ClusterSingletonManager - Exited [akka://akka-runtime@127.0.0.1:63330].
08:08:42.554 DEBUG akka.actor.CoordinatedShutdown - Performing task [singleton-exiting-2] in CoordinatedShutdown phase [cluster-exiting]
08:08:42.554 DEBUG akka.actor.CoordinatedShutdown - Performing task [singleton-exiting-2] in CoordinatedShutdown phase [cluster-exiting]
08:08:42.554 DEBUG akka.actor.CoordinatedShutdown - Performing task [singleton-exiting-2] in CoordinatedShutdown phase [cluster-exiting]
08:08:42.554 DEBUG akka.actor.CoordinatedShutdown - Performing task [singleton-exiting-1] in CoordinatedShutdown phase [cluster-exiting]
08:08:42.554 DEBUG akka.actor.CoordinatedShutdown - Performing task [singleton-exiting-1] in CoordinatedShutdown phase [cluster-exiting]
08:08:42.554 DEBUG akka.actor.CoordinatedShutdown - Performing task [wait-singleton-exiting] in CoordinatedShutdown phase [cluster-exiting]
08:08:42.554 DEBUG akka.actor.CoordinatedShutdown - Performing task [wait-singleton-exiting] in CoordinatedShutdown phase [cluster-exiting]
08:08:42.554 DEBUG akka.actor.CoordinatedShutdown - Performing task [singleton-exiting-2] in CoordinatedShutdown phase [cluster-exiting]
08:08:42.554 DEBUG akka.actor.CoordinatedShutdown - Performing task [singleton-exiting-1] in CoordinatedShutdown phase [cluster-exiting]
08:08:42.554 DEBUG akka.actor.CoordinatedShutdown - Performing task [wait-singleton-exiting] in CoordinatedShutdown phase [cluster-exiting]
08:08:42.554 DEBUG akka.actor.CoordinatedShutdown - Performing task [singleton-exiting-1] in CoordinatedShutdown phase [cluster-exiting]
08:08:42.554 DEBUG akka.actor.CoordinatedShutdown - Performing task [singleton-exiting-1] in CoordinatedShutdown phase [cluster-exiting]
08:08:42.554 INFO  a.c.s.ClusterSingletonManager - Exited [akka://akka-runtime@127.0.0.1:63330].
08:08:42.554 INFO  a.c.s.ClusterSingletonManager - Oldest observed OldestChanged: [akka://akka-runtime@127.0.0.1:63330 -> None]
08:08:42.554 INFO  a.c.s.ClusterSingletonManager - Exited [akka://akka-runtime@127.0.0.1:63330].
08:08:42.554 INFO  a.c.s.ClusterSingletonManager - Oldest observed OldestChanged: [akka://akka-runtime@127.0.0.1:63330 -> None]
08:08:42.554 INFO  a.c.s.ClusterSingletonManager - Exited [akka://akka-runtime@127.0.0.1:63330].
08:08:42.554 INFO  a.c.s.ClusterSingletonManager - Exited [akka://akka-runtime@127.0.0.1:63330].
08:08:42.554 INFO  a.c.s.ClusterSingletonManager - ClusterSingletonManager state change [Oldest -> WasOldest]
08:08:42.554 INFO  a.c.s.ClusterSingletonManager - Exited [akka://akka-runtime@127.0.0.1:63330].
08:08:42.554 INFO  a.c.s.ClusterSingletonManager - Oldest observed OldestChanged: [akka://akka-runtime@127.0.0.1:63330 -> None]
08:08:42.554 INFO  a.c.s.ClusterSingletonManager - ClusterSingletonManager state change [Oldest -> WasOldest]
08:08:42.554 INFO  a.c.s.ClusterSingletonManager - Oldest observed OldestChanged: [akka://akka-runtime@127.0.0.1:63330 -> None]
08:08:42.554 INFO  a.c.s.ClusterSingletonManager - ClusterSingletonManager state change [Oldest -> WasOldest]
08:08:42.554 INFO  a.c.s.ClusterSingletonManager - ClusterSingletonManager state change [Oldest -> WasOldest]
08:08:42.554 INFO  a.c.s.ClusterSingletonManager - Singleton manager stopping singleton actor [akka://akka-runtime/system/singletonManagerShardedDaemonProcessCoordinator-eventSourcedProjection-passivation-race-entity-passivation-race-consumer-a/ShardedDaemonProcessCoordinator-eventSourcedProjection-passivation-race-entity-passivation-race-consumer-a]
08:08:42.554 INFO  a.c.s.ClusterSingletonManager - Exited [akka://akka-runtime@127.0.0.1:63330].
08:08:42.554 INFO  a.c.s.ClusterSingletonManager - Singleton manager stopping singleton actor [akka://akka-runtime/system/sharding/passivation-race-entityCoordinator/singleton]
08:08:42.554 INFO  a.c.s.ClusterSingletonManager - Singleton manager stopping singleton actor [akka://akka-runtime/system/singletonManagerschemaSingleton/schemaSingleton]
08:08:42.554 INFO  a.c.s.ClusterSingletonManager - ClusterSingletonManager state change [WasOldest -> Stopping]
08:08:42.554 INFO  a.c.s.ClusterSingletonManager - ClusterSingletonManager state change [WasOldest -> Stopping]
08:08:42.554 INFO  a.c.s.ClusterSingletonManager - ClusterSingletonManager state change [WasOldest -> Stopping]
08:08:42.554 INFO  a.c.s.ClusterSingletonManager - Exited [akka://akka-runtime@127.0.0.1:63330].
08:08:42.554 INFO  a.c.s.ClusterSingletonManager - Oldest observed OldestChanged: [akka://akka-runtime@127.0.0.1:63330 -> None]
08:08:42.554 INFO  a.c.s.ClusterSingletonManager - ClusterSingletonManager state change [Oldest -> WasOldest]
08:08:42.554 DEBUG a.c.sharding.DDataShardCoordinator - passivation-race-entity: Received termination message.
08:08:42.555 INFO  a.c.s.ClusterSingletonManager - Oldest observed OldestChanged: [akka://akka-runtime@127.0.0.1:63330 -> None]
08:08:42.555 INFO  a.c.s.ClusterSingletonManager - ClusterSingletonManager state change [Oldest -> WasOldest]
08:08:42.555 INFO  a.c.s.ClusterSingletonManager - Singleton manager stopping singleton actor [akka://akka-runtime/system/sharding/_timerCoordinator/singleton]
08:08:42.555 INFO  a.c.s.ClusterSingletonManager - Singleton actor [akka://akka-runtime/system/singletonManagerShardedDaemonProcessCoordinator-eventSourcedProjection-passivation-race-entity-passivation-race-consumer-a/ShardedDaemonProcessCoordinator-eventSourcedProjection-passivation-race-entity-passivation-race-consumer-a] was terminated
08:08:42.555 INFO  a.c.s.ClusterSingletonManager - Oldest observed OldestChanged: [akka://akka-runtime@127.0.0.1:63330 -> None]
08:08:42.555 INFO  a.c.s.ClusterSingletonManager - Singleton actor [akka://akka-runtime/system/singletonManagerschemaSingleton/schemaSingleton] was terminated
08:08:42.555 INFO  a.c.s.ClusterSingletonManager - ClusterSingletonManager state change [WasOldest -> Stopping]
08:08:42.555 INFO  a.c.s.ClusterSingletonManager - ClusterSingletonManager state change [Oldest -> WasOldest]
08:08:42.555 INFO  a.c.s.ClusterSingletonManager - Oldest observed OldestChanged: [akka://akka-runtime@127.0.0.1:63330 -> None]
08:08:42.555 DEBUG a.c.sharding.DDataShardCoordinator - _timer: Received termination message.
08:08:42.555 INFO  a.c.s.ClusterSingletonManager - ClusterSingletonManager state change [Oldest -> WasOldest]
08:08:42.555 INFO  a.c.s.ClusterSingletonManager - Oldest observed OldestChanged: [akka://akka-runtime@127.0.0.1:63330 -> None]
08:08:42.555 INFO  a.c.s.ClusterSingletonManager - ClusterSingletonManager state change [Oldest -> WasOldest]
08:08:42.555 INFO  a.c.s.ClusterSingletonManager - Singleton manager stopping singleton actor [akka://akka-runtime/system/sharding/sharded-daemon-process-eventSourcedProjection-passivation-race-entity-passivation-race-consumer-bCoordinator/singleton]
08:08:42.555 INFO  a.c.s.ClusterSingletonManager - ClusterSingletonManager state change [WasOldest -> Stopping]
08:08:42.555 INFO  a.c.s.ClusterSingletonManager - Singleton manager stopping singleton actor [akka://akka-runtime/system/singletonManagerShardedDaemonProcessCoordinator-eventSourcedProjection-passivation-race-entity-passivation-race-view/ShardedDaemonProcessCoordinator-eventSourcedProjection-passivation-race-entity-passivation-race-view]
08:08:42.555 INFO  a.c.s.ClusterSingletonManager - Singleton manager stopping singleton actor [akka://akka-runtime/system/sharding/sharded-daemon-process-eventSourcedProjection-passivation-race-entity-passivation-race-consumer-aCoordinator/singleton]
08:08:42.555 INFO  a.c.s.ClusterSingletonManager - ClusterSingletonManager state change [WasOldest -> Stopping]
08:08:42.555 INFO  a.c.s.ClusterSingletonManager - ClusterSingletonManager state change [WasOldest -> Stopping]
08:08:42.555 INFO  a.c.s.ClusterSingletonManager - Singleton actor [akka://akka-runtime/system/sharding/_timerCoordinator/singleton] was terminated
08:08:42.555 DEBUG a.c.sharding.DDataShardCoordinator - sharded-daemon-process-eventSourcedProjection-passivation-race-entity-passivation-race-consumer-a: Received termination message.
08:08:42.555 INFO  a.c.s.ClusterSingletonManager - Singleton manager stopping singleton actor [akka://akka-runtime/system/sharding/sharded-daemon-process-eventSourcedProjection-passivation-race-entity-passivation-race-viewCoordinator/singleton]
08:08:42.555 INFO  a.c.s.ClusterSingletonManager - ClusterSingletonManager state change [WasOldest -> Stopping]
08:08:42.555 INFO  a.c.s.ClusterSingletonManager - Singleton actor [akka://akka-runtime/system/sharding/sharded-daemon-process-eventSourcedProjection-passivation-race-entity-passivation-race-consumer-aCoordinator/singleton] was terminated
08:08:42.555 INFO  a.c.s.ClusterSingletonManager - Singleton actor [akka://akka-runtime/system/singletonManagerShardedDaemonProcessCoordinator-eventSourcedProjection-passivation-race-entity-passivation-race-view/ShardedDaemonProcessCoordinator-eventSourcedProjection-passivation-race-entity-passivation-race-view] was terminated
08:08:42.555 INFO  a.c.s.ClusterSingletonManager - Singleton actor [akka://akka-runtime/system/sharding/passivation-race-entityCoordinator/singleton] was terminated
08:08:42.555 DEBUG a.c.sharding.DDataShardCoordinator - sharded-daemon-process-eventSourcedProjection-passivation-race-entity-passivation-race-consumer-b: Received termination message.
08:08:42.555 INFO  a.c.s.ClusterSingletonManager - Singleton actor [akka://akka-runtime/system/sharding/sharded-daemon-process-eventSourcedProjection-passivation-race-entity-passivation-race-consumer-bCoordinator/singleton] was terminated
08:08:42.555 INFO  a.c.s.ClusterSingletonManager - Singleton manager stopping singleton actor [akka://akka-runtime/system/singletonManagerShardedDaemonProcessCoordinator-eventSourcedProjection-passivation-race-entity-passivation-race-consumer-b/ShardedDaemonProcessCoordinator-eventSourcedProjection-passivation-race-entity-passivation-race-consumer-b]
08:08:42.555 DEBUG a.c.sharding.DDataShardCoordinator - sharded-daemon-process-eventSourcedProjection-passivation-race-entity-passivation-race-view: Received termination message.
08:08:42.555 INFO  a.c.s.ClusterSingletonManager - ClusterSingletonManager state change [WasOldest -> Stopping]
08:08:42.555 INFO  a.c.s.ClusterSingletonManager - Singleton actor [akka://akka-runtime/system/sharding/sharded-daemon-process-eventSourcedProjection-passivation-race-entity-passivation-race-viewCoordinator/singleton] was terminated
08:08:42.555 INFO  a.c.s.ClusterSingletonManager - Singleton actor [akka://akka-runtime/system/singletonManagerShardedDaemonProcessCoordinator-eventSourcedProjection-passivation-race-entity-passivation-race-consumer-b/ShardedDaemonProcessCoordinator-eventSourcedProjection-passivation-race-entity-passivation-race-consumer-b] was terminated
08:08:42.555 DEBUG akka.actor.CoordinatedShutdown - Performing phase [cluster-exiting-done] with [1] tasks.
08:08:42.555 DEBUG akka.actor.CoordinatedShutdown - Performing task [exiting-completed] in CoordinatedShutdown phase [cluster-exiting-done]
08:08:42.556 DEBUG akka.actor.CoordinatedShutdown - Performing phase [cluster-shutdown] with [1] tasks.
08:08:42.556 DEBUG akka.actor.CoordinatedShutdown - Performing task [wait-shutdown] in CoordinatedShutdown phase [cluster-shutdown]
08:08:42.557 DEBUG akka.actor.CoordinatedShutdown - Performing phase [before-actor-system-terminate] with [2] tasks.
08:08:42.557 DEBUG akka.actor.CoordinatedShutdown - Performing task [close connection pools] in CoordinatedShutdown phase [before-actor-system-terminate]
08:08:42.557 DEBUG akka.actor.CoordinatedShutdown - Performing task [close-grpc-channels] in CoordinatedShutdown phase [before-actor-system-terminate]
08:08:42.558 DEBUG akka.actor.CoordinatedShutdown - Performing phase [actor-system-terminate] with [1] tasks.
08:08:42.558 DEBUG akka.actor.CoordinatedShutdown - Performing task [terminate-system] in CoordinatedShutdown phase [actor-system-terminate]
08:08:42.624 INFO  akka.runtime.AkkaRuntimeMain - Starting Akka Runtime version [1.6.15]
08:08:42.631 INFO  akka.javasdk.impl.ComponentLocator$ - Looking for component descriptors matching pattern [META-INF/akka-javasdk-components_*.conf]
08:08:42.641 INFO  akka.javasdk.testkit.TestKit - Eventing TestKit booting up on port: 63334
08:08:42.643 DEBUG a.c.singleton.ClusterSingletonProxy - Creating singleton identification timer...
08:08:42.643 DEBUG a.c.singleton.ClusterSingletonProxy - Trying to identify singleton at [akka://akka-runtime@127.0.0.1:63335/system/singletonManagerschemaSingleton/schemaSingleton]
08:08:42.643 DEBUG a.c.singleton.ClusterSingletonProxy - Singleton not available, buffering message type [kalix.runtime.SchemaSingleton$ExecDdl]
08:08:42.643 INFO  a.c.s.ClusterSingletonManager - Singleton manager starting singleton actor [akka://akka-runtime/system/singletonManagerschemaSingleton/schemaSingleton]
08:08:42.643 INFO  a.c.s.ClusterSingletonManager - ClusterSingletonManager state change [Start -> Oldest]
08:08:42.643 INFO  akka.javasdk.testkit.TestKit - Checking runtime status
08:08:42.704 DEBUG a.c.singleton.ClusterSingletonProxy - Trying to identify singleton at [akka://akka-runtime@127.0.0.1:63335/system/singletonManagerschemaSingleton/schemaSingleton]
08:08:42.705 INFO  a.c.singleton.ClusterSingletonProxy - Singleton identified at [akka://akka-runtime/system/singletonManagerschemaSingleton/schemaSingleton]
08:08:42.705 DEBUG a.c.singleton.ClusterSingletonProxy - Sending buffered messages to current singleton instance
08:08:42.707 INFO  a.c.s.typed.scaladsl.ClusterSharding - Starting Shard Region [passivation-race-entity]...
08:08:42.708 INFO  akka.cluster.sharding.ShardRegion - passivation-race-entity: Automatic entity passivation: composite strategy with limit of [10000] active entities, admission window (least recently used entities) with proportions [initial = 0.01, min = 0.01, max = 1.0] adapting with hill-climbing optimizer [adjust multiplier = 10.0, initial step = 0.0625, restart threshold = 0.05, step decay = 0.98], admit using frequency sketch [width multiplier = 4, reset multiplier = 10.0, depth = 4, counter bits = 4], main (least recently used entities (segmented with [2] levels with proportions of [0.20, 0.80]))
08:08:42.708 INFO  a.c.s.ClusterSingletonManager - Singleton manager starting singleton actor [akka://akka-runtime/system/sharding/passivation-race-entityCoordinator/singleton]
08:08:42.708 INFO  a.c.s.ClusterSingletonManager - ClusterSingletonManager state change [Start -> Oldest]
08:08:42.708 DEBUG a.c.sharding.DDataShardCoordinator - passivation-race-entity: Initial coordinator is empty.
08:08:42.708 INFO  a.c.sharding.DDataShardCoordinator - passivation-race-entity: ShardCoordinator was moved to the active state with [0] shards
08:08:42.709 DEBUG a.c.singleton.ClusterSingletonProxy - Forwarding message of type [SchemaSingleton$ExecDdl] to current singleton instance at [akka://akka-runtime/system/singletonManagerschemaSingleton/schemaSingleton]
08:08:42.710 INFO  akka.runtime.DiscoveryManager - Service components: EventSourcedEntity: [1], Consumer: [2], View: [1]
08:08:42.711 INFO  a.c.s.typed.scaladsl.ClusterSharding - Starting Shard Region [_timer]...
08:08:42.712 INFO  a.c.s.typed.scaladsl.ClusterSharding - Starting Shard Region [sharded-daemon-process-eventSourcedProjection-passivation-race-entity-passivation-race-consumer-a]...
08:08:42.712 INFO  a.c.s.ClusterSingletonManager - Singleton manager starting singleton actor [akka://akka-runtime/system/sharding/_timerCoordinator/singleton]
08:08:42.712 INFO  a.c.s.ClusterSingletonManager - ClusterSingletonManager state change [Start -> Oldest]
08:08:42.712 DEBUG a.c.sharding.DDataShardCoordinator - _timer: Starting remember entities store from provider akka.cluster.sharding.internal.DDataRememberEntitiesProvider@2d2f3fd5
08:08:42.712 INFO  akka.cluster.sharding.ShardRegion - sharded-daemon-process-eventSourcedProjection-passivation-race-entity-passivation-race-consumer-a: Automatic entity passivation: disabled
08:08:42.712 DEBUG a.c.sharding.DDataShardCoordinator - _timer: Received [0] remembered shard ids (when waitingForInitialState)
08:08:42.712 DEBUG a.c.sharding.DDataShardCoordinator - _timer: Initial coordinator is empty.
08:08:42.712 INFO  a.c.sharding.DDataShardCoordinator - _timer: ShardCoordinator was moved to the active state with [0] shards
08:08:42.713 INFO  a.c.s.typed.scaladsl.ClusterSharding - Starting Shard Region [sharded-daemon-process-eventSourcedProjection-passivation-race-entity-passivation-race-consumer-b]...
08:08:42.713 DEBUG a.c.singleton.ClusterSingletonProxy - Creating singleton identification timer...
08:08:42.713 DEBUG a.c.singleton.ClusterSingletonProxy - Trying to identify singleton at [akka://akka-runtime@127.0.0.1:63335/system/singletonManagerShardedDaemonProcessCoordinator-eventSourcedProjection-passivation-race-entity-passivation-race-consumer-a/ShardedDaemonProcessCoordinator-eventSourcedProjection-passivation-race-entity-passivation-race-consumer-a]
08:08:42.713 INFO  a.c.s.ClusterSingletonManager - Singleton manager starting singleton actor [akka://akka-runtime/system/sharding/sharded-daemon-process-eventSourcedProjection-passivation-race-entity-passivation-race-consumer-aCoordinator/singleton]
08:08:42.713 INFO  a.c.s.ClusterSingletonManager - ClusterSingletonManager state change [Start -> Oldest]
08:08:42.713 INFO  a.c.s.ClusterSingletonManager - Singleton manager starting singleton actor [akka://akka-runtime/system/singletonManagerShardedDaemonProcessCoordinator-eventSourcedProjection-passivation-race-entity-passivation-race-consumer-a/ShardedDaemonProcessCoordinator-eventSourcedProjection-passivation-race-entity-passivation-race-consumer-a]
08:08:42.713 INFO  a.c.s.ClusterSingletonManager - ClusterSingletonManager state change [Start -> Oldest]
08:08:42.713 INFO  akka.cluster.sharding.ShardRegion - sharded-daemon-process-eventSourcedProjection-passivation-race-entity-passivation-race-consumer-b: Automatic entity passivation: disabled
08:08:42.713 DEBUG a.c.sharding.DDataShardCoordinator - sharded-daemon-process-eventSourcedProjection-passivation-race-entity-passivation-race-consumer-a: Initial coordinator is empty.
08:08:42.713 INFO  a.c.sharding.DDataShardCoordinator - sharded-daemon-process-eventSourcedProjection-passivation-race-entity-passivation-race-consumer-a: ShardCoordinator was moved to the active state with [0] shards
08:08:42.713 DEBUG a.c.s.t.i.ShardedDaemonProcessCoordinator$ - ShardedDaemonProcessCoordinator for [eventSourcedProjection-passivation-race-entity-passivation-race-consumer-a] starting
08:08:42.713 INFO  a.c.s.ClusterSingletonManager - Singleton manager starting singleton actor [akka://akka-runtime/system/sharding/sharded-daemon-process-eventSourcedProjection-passivation-race-entity-passivation-race-consumer-bCoordinator/singleton]
08:08:42.713 INFO  a.c.s.ClusterSingletonManager - ClusterSingletonManager state change [Start -> Oldest]
08:08:42.714 DEBUG a.c.s.t.i.ShardedDaemonProcessCoordinator$ - eventSourcedProjection-passivation-race-entity-passivation-race-consumer-a: No previous state stored for Sharded Daemon Process
08:08:42.714 DEBUG a.c.s.t.i.ShardedDaemonProcessCoordinator$ - Sending periodic keep alive for Sharded Daemon Process [eventSourcedProjection-passivation-race-entity-passivation-race-consumer-a] to [1] processes (revision [0]).
08:08:42.714 DEBUG a.c.sharding.DDataShardCoordinator - sharded-daemon-process-eventSourcedProjection-passivation-race-entity-passivation-race-consumer-b: Initial coordinator is empty.
08:08:42.714 INFO  a.c.sharding.DDataShardCoordinator - sharded-daemon-process-eventSourcedProjection-passivation-race-entity-passivation-race-consumer-b: ShardCoordinator was moved to the active state with [0] shards
08:08:42.714 INFO  a.c.s.typed.scaladsl.ClusterSharding - Starting Shard Region [sharded-daemon-process-eventSourcedProjection-passivation-race-entity-passivation-race-view]...
08:08:42.714 INFO  akka.cluster.sharding.ShardRegion - sharded-daemon-process-eventSourcedProjection-passivation-race-entity-passivation-race-view: Automatic entity passivation: disabled
08:08:42.715 DEBUG a.c.singleton.ClusterSingletonProxy - Creating singleton identification timer...
08:08:42.715 DEBUG a.c.singleton.ClusterSingletonProxy - Trying to identify singleton at [akka://akka-runtime@127.0.0.1:63335/system/singletonManagerShardedDaemonProcessCoordinator-eventSourcedProjection-passivation-race-entity-passivation-race-consumer-b/ShardedDaemonProcessCoordinator-eventSourcedProjection-passivation-race-entity-passivation-race-consumer-b]
08:08:42.715 DEBUG a.c.singleton.ClusterSingletonProxy - Creating singleton identification timer...
08:08:42.715 DEBUG a.c.singleton.ClusterSingletonProxy - Trying to identify singleton at [akka://akka-runtime@127.0.0.1:63335/system/singletonManagerShardedDaemonProcessCoordinator-eventSourcedProjection-passivation-race-entity-passivation-race-view/ShardedDaemonProcessCoordinator-eventSourcedProjection-passivation-race-entity-passivation-race-view]
08:08:42.715 INFO  a.c.s.ClusterSingletonManager - Singleton manager starting singleton actor [akka://akka-runtime/system/singletonManagerShardedDaemonProcessCoordinator-eventSourcedProjection-passivation-race-entity-passivation-race-consumer-b/ShardedDaemonProcessCoordinator-eventSourcedProjection-passivation-race-entity-passivation-race-consumer-b]
08:08:42.715 INFO  a.c.s.ClusterSingletonManager - ClusterSingletonManager state change [Start -> Oldest]
08:08:42.715 INFO  a.c.s.ClusterSingletonManager - Singleton manager starting singleton actor [akka://akka-runtime/system/sharding/sharded-daemon-process-eventSourcedProjection-passivation-race-entity-passivation-race-viewCoordinator/singleton]
08:08:42.716 INFO  a.c.s.ClusterSingletonManager - ClusterSingletonManager state change [Start -> Oldest]
08:08:42.716 DEBUG a.c.s.t.i.ShardedDaemonProcessCoordinator$ - ShardedDaemonProcessCoordinator for [eventSourcedProjection-passivation-race-entity-passivation-race-consumer-b] starting
08:08:42.716 INFO  akka.runtime.DiscoveryManager - Akka Runtime started at 127.0.0.1:63333
08:08:42.716 INFO  a.c.s.ClusterSingletonManager - Singleton manager starting singleton actor [akka://akka-runtime/system/singletonManagerShardedDaemonProcessCoordinator-eventSourcedProjection-passivation-race-entity-passivation-race-view/ShardedDaemonProcessCoordinator-eventSourcedProjection-passivation-race-entity-passivation-race-view]
08:08:42.716 INFO  a.c.s.ClusterSingletonManager - ClusterSingletonManager state change [Start -> Oldest]
08:08:42.716 DEBUG a.c.s.t.i.ShardedDaemonProcessCoordinator$ - eventSourcedProjection-passivation-race-entity-passivation-race-consumer-b: No previous state stored for Sharded Daemon Process
08:08:42.716 DEBUG a.c.s.t.i.ShardedDaemonProcessCoordinator$ - Sending periodic keep alive for Sharded Daemon Process [eventSourcedProjection-passivation-race-entity-passivation-race-consumer-b] to [1] processes (revision [0]).
08:08:42.716 DEBUG a.c.sharding.DDataShardCoordinator - sharded-daemon-process-eventSourcedProjection-passivation-race-entity-passivation-race-view: Initial coordinator is empty.
08:08:42.716 INFO  a.c.sharding.DDataShardCoordinator - sharded-daemon-process-eventSourcedProjection-passivation-race-entity-passivation-race-view: ShardCoordinator was moved to the active state with [0] shards
08:08:42.716 INFO  repro.Bootstrap - onStartup burst of 8 starting
08:08:42.716 DEBUG a.c.s.t.i.ShardedDaemonProcessCoordinator$ - ShardedDaemonProcessCoordinator for [eventSourcedProjection-passivation-race-entity-passivation-race-view] starting
08:08:42.716 DEBUG a.c.s.t.i.ShardedDaemonProcessCoordinator$ - eventSourcedProjection-passivation-race-entity-passivation-race-view: No previous state stored for Sharded Daemon Process
08:08:42.716 DEBUG a.c.s.t.i.ShardedDaemonProcessCoordinator$ - Sending periodic keep alive for Sharded Daemon Process [eventSourcedProjection-passivation-race-entity-passivation-race-view] to [1] processes (revision [0]).
08:08:42.767 INFO  akka.javasdk.testkit.TestKit - Runtime started
08:08:42.767 INFO  akka.actor.CoordinatedShutdown - Running CoordinatedShutdown with reason [ActorSystemTerminateReason]
08:08:42.767 DEBUG akka.actor.CoordinatedShutdown - Performing phase [before-service-unbind] with [0] tasks
08:08:42.767 DEBUG akka.actor.CoordinatedShutdown - Performing phase [service-unbind] with [1] tasks.
08:08:42.767 DEBUG akka.actor.CoordinatedShutdown - Performing task [http-unbind-/127.0.0.1:63333] in CoordinatedShutdown phase [service-unbind]
08:08:42.767 DEBUG akka.actor.CoordinatedShutdown - Performing phase [service-requests-done] with [1] tasks.
08:08:42.767 DEBUG akka.actor.CoordinatedShutdown - Performing task [http-terminate-/127.0.0.1:63333] in CoordinatedShutdown phase [service-requests-done]
08:08:42.767 DEBUG akka.actor.CoordinatedShutdown - Performing phase [service-stop] with [1] tasks.
08:08:42.767 DEBUG akka.actor.CoordinatedShutdown - Performing task [stop-grpc-clients] in CoordinatedShutdown phase [service-stop]
08:08:42.767 DEBUG akka.actor.CoordinatedShutdown - Performing phase [before-cluster-shutdown] with [0] tasks
08:08:42.767 DEBUG akka.actor.CoordinatedShutdown - Performing phase [cluster-sharding-shutdown-region] with [5] tasks.
08:08:42.767 DEBUG akka.actor.CoordinatedShutdown - Performing task [region-shutdown] in CoordinatedShutdown phase [cluster-sharding-shutdown-region]
08:08:42.767 DEBUG akka.actor.CoordinatedShutdown - Performing task [region-shutdown] in CoordinatedShutdown phase [cluster-sharding-shutdown-region]
08:08:42.767 DEBUG akka.actor.CoordinatedShutdown - Performing task [region-shutdown] in CoordinatedShutdown phase [cluster-sharding-shutdown-region]
08:08:42.767 DEBUG akka.actor.CoordinatedShutdown - Performing task [region-shutdown] in CoordinatedShutdown phase [cluster-sharding-shutdown-region]
08:08:42.767 DEBUG akka.actor.CoordinatedShutdown - Performing task [region-shutdown] in CoordinatedShutdown phase [cluster-sharding-shutdown-region]
08:08:42.767 DEBUG a.c.sharding.DDataShardCoordinator - passivation-race-entity: Unknown region requested graceful shutdown [Actor[akka://akka-runtime/system/sharding/passivation-race-entity#-1345929580]]
08:08:42.767 DEBUG a.c.sharding.DDataShardCoordinator - sharded-daemon-process-eventSourcedProjection-passivation-race-entity-passivation-race-consumer-b: Unknown region requested graceful shutdown [Actor[akka://akka-runtime/system/sharding/sharded-daemon-process-eventSourcedProjection-passivation-race-entity-passivation-race-consumer-b#-1629201200]]
08:08:42.767 DEBUG a.c.sharding.DDataShardCoordinator - sharded-daemon-process-eventSourcedProjection-passivation-race-entity-passivation-race-view: Unknown region requested graceful shutdown [Actor[akka://akka-runtime/system/sharding/sharded-daemon-process-eventSourcedProjection-passivation-race-entity-passivation-race-view#-564866398]]
08:08:42.768 DEBUG a.c.sharding.DDataShardCoordinator - _timer: Unknown region requested graceful shutdown [Actor[akka://akka-runtime/system/sharding/_timer#-149139510]]
08:08:42.768 DEBUG a.c.sharding.DDataShardCoordinator - sharded-daemon-process-eventSourcedProjection-passivation-race-entity-passivation-race-consumer-a: Unknown region requested graceful shutdown [Actor[akka://akka-runtime/system/sharding/sharded-daemon-process-eventSourcedProjection-passivation-race-entity-passivation-race-consumer-a#-1649798636]]
08:08:42.773 DEBUG a.c.singleton.ClusterSingletonProxy - Trying to identify singleton at [akka://akka-runtime@127.0.0.1:63335/system/singletonManagerShardedDaemonProcessCoordinator-eventSourcedProjection-passivation-race-entity-passivation-race-consumer-a/ShardedDaemonProcessCoordinator-eventSourcedProjection-passivation-race-entity-passivation-race-consumer-a]
08:08:42.774 INFO  a.c.singleton.ClusterSingletonProxy - Singleton identified at [akka://akka-runtime/system/singletonManagerShardedDaemonProcessCoordinator-eventSourcedProjection-passivation-race-entity-passivation-race-consumer-a/ShardedDaemonProcessCoordinator-eventSourcedProjection-passivation-race-entity-passivation-race-consumer-a]
08:08:42.774 DEBUG a.c.singleton.ClusterSingletonProxy - Sending buffered messages to current singleton instance
08:08:42.785 DEBUG a.c.singleton.ClusterSingletonProxy - Trying to identify singleton at [akka://akka-runtime@127.0.0.1:63335/system/singletonManagerShardedDaemonProcessCoordinator-eventSourcedProjection-passivation-race-entity-passivation-race-consumer-b/ShardedDaemonProcessCoordinator-eventSourcedProjection-passivation-race-entity-passivation-race-consumer-b]
08:08:42.785 DEBUG a.c.singleton.ClusterSingletonProxy - Trying to identify singleton at [akka://akka-runtime@127.0.0.1:63335/system/singletonManagerShardedDaemonProcessCoordinator-eventSourcedProjection-passivation-race-entity-passivation-race-view/ShardedDaemonProcessCoordinator-eventSourcedProjection-passivation-race-entity-passivation-race-view]
08:08:42.785 INFO  a.c.singleton.ClusterSingletonProxy - Singleton identified at [akka://akka-runtime/system/singletonManagerShardedDaemonProcessCoordinator-eventSourcedProjection-passivation-race-entity-passivation-race-view/ShardedDaemonProcessCoordinator-eventSourcedProjection-passivation-race-entity-passivation-race-view]
08:08:42.785 INFO  a.c.singleton.ClusterSingletonProxy - Singleton identified at [akka://akka-runtime/system/singletonManagerShardedDaemonProcessCoordinator-eventSourcedProjection-passivation-race-entity-passivation-race-consumer-b/ShardedDaemonProcessCoordinator-eventSourcedProjection-passivation-race-entity-passivation-race-consumer-b]
08:08:42.785 DEBUG a.c.singleton.ClusterSingletonProxy - Sending buffered messages to current singleton instance
08:08:42.785 DEBUG a.c.singleton.ClusterSingletonProxy - Sending buffered messages to current singleton instance
08:08:42.976 DEBUG a.c.sharding.DDataShardCoordinator - sharded-daemon-process-eventSourcedProjection-passivation-race-entity-passivation-race-consumer-b: ShardRegion registered: [Actor[akka://akka-runtime/system/sharding/sharded-daemon-process-eventSourcedProjection-passivation-race-entity-passivation-race-consumer-b#-1629201200]]
08:08:42.976 DEBUG a.c.sharding.DDataShardCoordinator - passivation-race-entity: ShardRegion registered: [Actor[akka://akka-runtime/system/sharding/passivation-race-entity#-1345929580]]
08:08:42.976 DEBUG a.c.sharding.DDataShardCoordinator - sharded-daemon-process-eventSourcedProjection-passivation-race-entity-passivation-race-consumer-a: ShardRegion registered: [Actor[akka://akka-runtime/system/sharding/sharded-daemon-process-eventSourcedProjection-passivation-race-entity-passivation-race-consumer-a#-1649798636]]
08:08:42.976 DEBUG a.c.sharding.DDataShardCoordinator - passivation-race-entity: The coordinator state was successfully updated with ShardRegionRegistered(Actor[akka://akka-runtime/system/sharding/passivation-race-entity#-1345929580])
08:08:42.976 DEBUG a.c.sharding.DDataShardCoordinator - sharded-daemon-process-eventSourcedProjection-passivation-race-entity-passivation-race-consumer-a: The coordinator state was successfully updated with ShardRegionRegistered(Actor[akka://akka-runtime/system/sharding/sharded-daemon-process-eventSourcedProjection-passivation-race-entity-passivation-race-consumer-a#-1649798636])
08:08:42.976 DEBUG a.c.sharding.DDataShardCoordinator - sharded-daemon-process-eventSourcedProjection-passivation-race-entity-passivation-race-consumer-b: The coordinator state was successfully updated with ShardRegionRegistered(Actor[akka://akka-runtime/system/sharding/sharded-daemon-process-eventSourcedProjection-passivation-race-entity-passivation-race-consumer-b#-1629201200])
08:08:42.977 DEBUG a.c.sharding.DDataShardCoordinator - sharded-daemon-process-eventSourcedProjection-passivation-race-entity-passivation-race-consumer-b: The coordinator state was successfully updated with ShardHomeAllocated(0,Actor[akka://akka-runtime/system/sharding/sharded-daemon-process-eventSourcedProjection-passivation-race-entity-passivation-race-consumer-b#-1629201200])
08:08:42.977 DEBUG a.c.sharding.DDataShardCoordinator - passivation-race-entity: The coordinator state was successfully updated with ShardHomeAllocated(684,Actor[akka://akka-runtime/system/sharding/passivation-race-entity#-1345929580])
08:08:42.977 DEBUG a.c.sharding.DDataShardCoordinator - sharded-daemon-process-eventSourcedProjection-passivation-race-entity-passivation-race-consumer-a: The coordinator state was successfully updated with ShardHomeAllocated(0,Actor[akka://akka-runtime/system/sharding/sharded-daemon-process-eventSourcedProjection-passivation-race-entity-passivation-race-consumer-a#-1649798636])
08:08:42.977 DEBUG a.c.sharding.DDataShardCoordinator - sharded-daemon-process-eventSourcedProjection-passivation-race-entity-passivation-race-consumer-a: Shard [0] allocated at [Actor[akka://akka-runtime/system/sharding/sharded-daemon-process-eventSourcedProjection-passivation-race-entity-passivation-race-consumer-a#-1649798636]]
08:08:42.977 DEBUG a.c.sharding.DDataShardCoordinator - passivation-race-entity: Shard [684] allocated at [Actor[akka://akka-runtime/system/sharding/passivation-race-entity#-1345929580]]
08:08:42.977 DEBUG a.c.sharding.DDataShardCoordinator - sharded-daemon-process-eventSourcedProjection-passivation-race-entity-passivation-race-consumer-b: Shard [0] allocated at [Actor[akka://akka-runtime/system/sharding/sharded-daemon-process-eventSourcedProjection-passivation-race-entity-passivation-race-consumer-b#-1629201200]]
08:08:42.977 DEBUG a.c.sharding.DDataShardCoordinator - sharded-daemon-process-eventSourcedProjection-passivation-race-entity-passivation-race-consumer-b: Graceful shutdown of region [Actor[akka://akka-runtime/system/sharding/sharded-daemon-process-eventSourcedProjection-passivation-race-entity-passivation-race-consumer-b#-1629201200]] with [1] shards
08:08:42.977 INFO  a.c.sharding.DDataShardCoordinator - sharded-daemon-process-eventSourcedProjection-passivation-race-entity-passivation-race-consumer-b: Starting shutting down shards [0] due to region shutting down or explicit stopping of shards.
08:08:42.977 DEBUG a.c.sharding.DDataShardCoordinator - sharded-daemon-process-eventSourcedProjection-passivation-race-entity-passivation-race-consumer-a: Graceful shutdown of region [Actor[akka://akka-runtime/system/sharding/sharded-daemon-process-eventSourcedProjection-passivation-race-entity-passivation-race-consumer-a#-1649798636]] with [1] shards
08:08:42.977 INFO  a.c.sharding.DDataShardCoordinator - sharded-daemon-process-eventSourcedProjection-passivation-race-entity-passivation-race-consumer-a: Starting shutting down shards [0] due to region shutting down or explicit stopping of shards.
08:08:42.977 DEBUG a.c.s.ShardCoordinator$RebalanceWorker - sharded-daemon-process-eventSourcedProjection-passivation-race-entity-passivation-race-consumer-a: Shutting down shard [0] from region [Actor[akka://akka-runtime/system/sharding/sharded-daemon-process-eventSourcedProjection-passivation-race-entity-passivation-race-consumer-a#-1649798636]]. Asking [1] region(s) to hand-off shard
08:08:42.977 DEBUG a.c.s.ShardCoordinator$RebalanceWorker - sharded-daemon-process-eventSourcedProjection-passivation-race-entity-passivation-race-consumer-b: Shutting down shard [0] from region [Actor[akka://akka-runtime/system/sharding/sharded-daemon-process-eventSourcedProjection-passivation-race-entity-passivation-race-consumer-b#-1629201200]]. Asking [1] region(s) to hand-off shard
08:08:42.977 DEBUG a.c.s.ShardCoordinator$RebalanceWorker - sharded-daemon-process-eventSourcedProjection-passivation-race-entity-passivation-race-consumer-a: BeginHandOffAck for shard [0] received from [Actor[akka://akka-runtime/system/sharding/sharded-daemon-process-eventSourcedProjection-passivation-race-entity-passivation-race-consumer-a#-1649798636]].
08:08:42.977 DEBUG a.c.s.ShardCoordinator$RebalanceWorker - sharded-daemon-process-eventSourcedProjection-passivation-race-entity-passivation-race-consumer-a: All shard regions acked, handing off shard [0].
08:08:42.977 DEBUG a.c.s.ShardCoordinator$RebalanceWorker - sharded-daemon-process-eventSourcedProjection-passivation-race-entity-passivation-race-consumer-b: BeginHandOffAck for shard [0] received from [Actor[akka://akka-runtime/system/sharding/sharded-daemon-process-eventSourcedProjection-passivation-race-entity-passivation-race-consumer-b#-1629201200]].
08:08:42.977 DEBUG a.c.s.ShardCoordinator$RebalanceWorker - sharded-daemon-process-eventSourcedProjection-passivation-race-entity-passivation-race-consumer-b: All shard regions acked, handing off shard [0].
08:08:42.977 DEBUG a.c.sharding.DDataShardCoordinator - passivation-race-entity: Graceful shutdown of region [Actor[akka://akka-runtime/system/sharding/passivation-race-entity#-1345929580]] with [1] shards
08:08:42.978 INFO  a.c.sharding.DDataShardCoordinator - passivation-race-entity: Starting shutting down shards [684] due to region shutting down or explicit stopping of shards.
08:08:42.978 DEBUG akka.cluster.sharding.Shard - sharded-daemon-process-eventSourcedProjection-passivation-race-entity-passivation-race-consumer-b: Shard initialized
08:08:42.978 DEBUG akka.cluster.sharding.Shard - sharded-daemon-process-eventSourcedProjection-passivation-race-entity-passivation-race-consumer-a: Shard initialized
08:08:42.979 WARN  akka.cluster.sharding.ShardRegion - sharded-daemon-process-eventSourcedProjection-passivation-race-entity-passivation-race-consumer-b: Dropping [1] buffered messages to shard [0] during hand off to avoid re-ordering
08:08:42.979 DEBUG akka.cluster.sharding.Shard - sharded-daemon-process-eventSourcedProjection-passivation-race-entity-passivation-race-consumer-b: HandOff shard [0]
08:08:42.979 DEBUG a.c.s.ShardCoordinator$RebalanceWorker - passivation-race-entity: Shutting down shard [684] from region [Actor[akka://akka-runtime/system/sharding/passivation-race-entity#-1345929580]]. Asking [1] region(s) to hand-off shard
08:08:42.979 DEBUG a.c.s.ShardCoordinator$RebalanceWorker - passivation-race-entity: BeginHandOffAck for shard [684] received from [Actor[akka://akka-runtime/system/sharding/passivation-race-entity#-1345929580]].
08:08:42.979 DEBUG a.c.s.ShardCoordinator$RebalanceWorker - passivation-race-entity: All shard regions acked, handing off shard [684].
08:08:42.979 DEBUG akka.cluster.sharding.Shard - sharded-daemon-process-eventSourcedProjection-passivation-race-entity-passivation-race-consumer-b: Shard [0] shutting down
08:08:42.979 WARN  akka.cluster.sharding.ShardRegion - passivation-race-entity: Dropping [1] buffered messages to shard [684] during hand off to avoid re-ordering
08:08:42.979 DEBUG a.c.sharding.DDataShardCoordinator - sharded-daemon-process-eventSourcedProjection-passivation-race-entity-passivation-race-consumer-b: Shard [0] deallocation completed successfully.
08:08:42.979 WARN  akka.cluster.sharding.ShardRegion - sharded-daemon-process-eventSourcedProjection-passivation-race-entity-passivation-race-consumer-a: Dropping [1] buffered messages to shard [0] during hand off to avoid re-ordering
08:08:42.979 DEBUG akka.cluster.sharding.Shard - sharded-daemon-process-eventSourcedProjection-passivation-race-entity-passivation-race-consumer-a: HandOff shard [0]
08:08:42.979 DEBUG akka.cluster.sharding.Shard - sharded-daemon-process-eventSourcedProjection-passivation-race-entity-passivation-race-consumer-a: Shard [0] shutting down
08:08:42.979 DEBUG a.c.sharding.DDataShardCoordinator - sharded-daemon-process-eventSourcedProjection-passivation-race-entity-passivation-race-consumer-b: The coordinator state was successfully updated with ShardHomeDeallocated(0)
08:08:42.979 DEBUG a.c.sharding.DDataShardCoordinator - sharded-daemon-process-eventSourcedProjection-passivation-race-entity-passivation-race-consumer-b: Shard [0] deallocated after
08:08:42.979 DEBUG a.c.sharding.DDataShardCoordinator - sharded-daemon-process-eventSourcedProjection-passivation-race-entity-passivation-race-consumer-a: Shard [0] deallocation completed successfully.
08:08:42.979 DEBUG a.c.sharding.DDataShardCoordinator - sharded-daemon-process-eventSourcedProjection-passivation-race-entity-passivation-race-consumer-b: ShardRegion terminated (gracefully): [Actor[akka://akka-runtime/system/sharding/sharded-daemon-process-eventSourcedProjection-passivation-race-entity-passivation-race-consumer-b#-1629201200]] {}
08:08:42.979 DEBUG a.c.sharding.DDataShardCoordinator - sharded-daemon-process-eventSourcedProjection-passivation-race-entity-passivation-race-consumer-b: GetShardHome [0] request from [Actor[akka://local/ignore]] stashed, because waiting for initial state or update of state. It will be handled afterwards.
08:08:42.979 DEBUG a.c.sharding.DDataShardCoordinator - sharded-daemon-process-eventSourcedProjection-passivation-race-entity-passivation-race-consumer-a: The coordinator state was successfully updated with ShardHomeDeallocated(0)
08:08:42.979 DEBUG a.c.sharding.DDataShardCoordinator - sharded-daemon-process-eventSourcedProjection-passivation-race-entity-passivation-race-consumer-a: Shard [0] deallocated after
08:08:42.979 DEBUG akka.cluster.sharding.Shard - passivation-race-entity: Shard initialized
08:08:42.979 DEBUG a.c.sharding.DDataShardCoordinator - sharded-daemon-process-eventSourcedProjection-passivation-race-entity-passivation-race-consumer-a: ShardRegion terminated (gracefully): [Actor[akka://akka-runtime/system/sharding/sharded-daemon-process-eventSourcedProjection-passivation-race-entity-passivation-race-consumer-a#-1649798636]] {}
08:08:42.979 DEBUG a.c.sharding.DDataShardCoordinator - sharded-daemon-process-eventSourcedProjection-passivation-race-entity-passivation-race-consumer-b: The coordinator state was successfully updated with ShardRegionTerminated(Actor[akka://akka-runtime/system/sharding/sharded-daemon-process-eventSourcedProjection-passivation-race-entity-passivation-race-consumer-b#-1629201200])
08:08:42.979 DEBUG a.c.sharding.DDataShardCoordinator - sharded-daemon-process-eventSourcedProjection-passivation-race-entity-passivation-race-consumer-a: GetShardHome [0] request from [Actor[akka://local/ignore]] stashed, because waiting for initial state or update of state. It will be handled afterwards.
08:08:42.979 DEBUG akka.cluster.sharding.Shard - passivation-race-entity: HandOff shard [684]
08:08:42.979 DEBUG akka.cluster.sharding.Shard - passivation-race-entity: Shard [684] shutting down
08:08:42.979 DEBUG a.c.sharding.DDataShardCoordinator - sharded-daemon-process-eventSourcedProjection-passivation-race-entity-passivation-race-consumer-b: ShardRegion stopped: [Actor[akka://akka-runtime/system/sharding/sharded-daemon-process-eventSourcedProjection-passivation-race-entity-passivation-race-consumer-b#-1629201200]]
08:08:42.979 DEBUG a.c.sharding.DDataShardCoordinator - sharded-daemon-process-eventSourcedProjection-passivation-race-entity-passivation-race-consumer-a: The coordinator state was successfully updated with ShardRegionTerminated(Actor[akka://akka-runtime/system/sharding/sharded-daemon-process-eventSourcedProjection-passivation-race-entity-passivation-race-consumer-a#-1649798636])
08:08:42.979 DEBUG a.c.sharding.DDataShardCoordinator - passivation-race-entity: Shard [684] deallocation completed successfully.
08:08:42.979 DEBUG a.c.sharding.DDataShardCoordinator - sharded-daemon-process-eventSourcedProjection-passivation-race-entity-passivation-race-consumer-a: ShardRegion stopped: [Actor[akka://akka-runtime/system/sharding/sharded-daemon-process-eventSourcedProjection-passivation-race-entity-passivation-race-consumer-a#-1649798636]]
08:08:42.979 DEBUG a.c.sharding.DDataShardCoordinator - passivation-race-entity: The coordinator state was successfully updated with ShardHomeDeallocated(684)
08:08:42.979 DEBUG a.c.sharding.DDataShardCoordinator - passivation-race-entity: Shard [684] deallocated after
08:08:42.979 DEBUG a.c.sharding.DDataShardCoordinator - passivation-race-entity: ShardRegion terminated (gracefully): [Actor[akka://akka-runtime/system/sharding/passivation-race-entity#-1345929580]] {}
08:08:42.979 DEBUG a.c.sharding.DDataShardCoordinator - passivation-race-entity: GetShardHome [684] request from [Actor[akka://local/ignore]] stashed, because waiting for initial state or update of state. It will be handled afterwards.
08:08:42.979 DEBUG a.c.sharding.DDataShardCoordinator - passivation-race-entity: The coordinator state was successfully updated with ShardRegionTerminated(Actor[akka://akka-runtime/system/sharding/passivation-race-entity#-1345929580])
08:08:42.979 DEBUG a.c.sharding.DDataShardCoordinator - passivation-race-entity: ShardRegion stopped: [Actor[akka://akka-runtime/system/sharding/passivation-race-entity#-1345929580]]
08:08:42.985 DEBUG a.c.sharding.DDataShardCoordinator - sharded-daemon-process-eventSourcedProjection-passivation-race-entity-passivation-race-view: ShardRegion registered: [Actor[akka://akka-runtime/system/sharding/sharded-daemon-process-eventSourcedProjection-passivation-race-entity-passivation-race-view#-564866398]]
08:08:42.986 DEBUG a.c.sharding.DDataShardCoordinator - sharded-daemon-process-eventSourcedProjection-passivation-race-entity-passivation-race-view: The coordinator state was successfully updated with ShardRegionRegistered(Actor[akka://akka-runtime/system/sharding/sharded-daemon-process-eventSourcedProjection-passivation-race-entity-passivation-race-view#-564866398])
08:08:42.986 DEBUG a.c.sharding.DDataShardCoordinator - sharded-daemon-process-eventSourcedProjection-passivation-race-entity-passivation-race-view: The coordinator state was successfully updated with ShardHomeAllocated(0,Actor[akka://akka-runtime/system/sharding/sharded-daemon-process-eventSourcedProjection-passivation-race-entity-passivation-race-view#-564866398])
08:08:42.986 DEBUG a.c.sharding.DDataShardCoordinator - sharded-daemon-process-eventSourcedProjection-passivation-race-entity-passivation-race-view: Shard [0] allocated at [Actor[akka://akka-runtime/system/sharding/sharded-daemon-process-eventSourcedProjection-passivation-race-entity-passivation-race-view#-564866398]]
08:08:42.987 DEBUG a.c.sharding.DDataShardCoordinator - sharded-daemon-process-eventSourcedProjection-passivation-race-entity-passivation-race-view: Graceful shutdown of region [Actor[akka://akka-runtime/system/sharding/sharded-daemon-process-eventSourcedProjection-passivation-race-entity-passivation-race-view#-564866398]] with [1] shards
08:08:42.987 INFO  a.c.sharding.DDataShardCoordinator - sharded-daemon-process-eventSourcedProjection-passivation-race-entity-passivation-race-view: Starting shutting down shards [0] due to region shutting down or explicit stopping of shards.
08:08:42.987 DEBUG a.c.s.ShardCoordinator$RebalanceWorker - sharded-daemon-process-eventSourcedProjection-passivation-race-entity-passivation-race-view: Shutting down shard [0] from region [Actor[akka://akka-runtime/system/sharding/sharded-daemon-process-eventSourcedProjection-passivation-race-entity-passivation-race-view#-564866398]]. Asking [1] region(s) to hand-off shard
08:08:42.987 DEBUG a.c.s.ShardCoordinator$RebalanceWorker - sharded-daemon-process-eventSourcedProjection-passivation-race-entity-passivation-race-view: BeginHandOffAck for shard [0] received from [Actor[akka://akka-runtime/system/sharding/sharded-daemon-process-eventSourcedProjection-passivation-race-entity-passivation-race-view#-564866398]].
08:08:42.987 DEBUG a.c.s.ShardCoordinator$RebalanceWorker - sharded-daemon-process-eventSourcedProjection-passivation-race-entity-passivation-race-view: All shard regions acked, handing off shard [0].
08:08:42.987 DEBUG akka.cluster.sharding.Shard - sharded-daemon-process-eventSourcedProjection-passivation-race-entity-passivation-race-view: Shard initialized
08:08:42.987 WARN  akka.cluster.sharding.ShardRegion - sharded-daemon-process-eventSourcedProjection-passivation-race-entity-passivation-race-view: Dropping [1] buffered messages to shard [0] during hand off to avoid re-ordering
08:08:42.987 DEBUG akka.cluster.sharding.Shard - sharded-daemon-process-eventSourcedProjection-passivation-race-entity-passivation-race-view: HandOff shard [0]
08:08:42.987 DEBUG akka.cluster.sharding.Shard - sharded-daemon-process-eventSourcedProjection-passivation-race-entity-passivation-race-view: Shard [0] shutting down
08:08:42.987 DEBUG a.c.sharding.DDataShardCoordinator - sharded-daemon-process-eventSourcedProjection-passivation-race-entity-passivation-race-view: Shard [0] deallocation completed successfully.
08:08:42.987 DEBUG a.c.sharding.DDataShardCoordinator - sharded-daemon-process-eventSourcedProjection-passivation-race-entity-passivation-race-view: The coordinator state was successfully updated with ShardHomeDeallocated(0)
08:08:42.987 DEBUG a.c.sharding.DDataShardCoordinator - sharded-daemon-process-eventSourcedProjection-passivation-race-entity-passivation-race-view: Shard [0] deallocated after
08:08:42.987 DEBUG akka.actor.CoordinatedShutdown - Performing phase [cluster-leave] with [1] tasks.
08:08:42.987 DEBUG a.c.sharding.DDataShardCoordinator - sharded-daemon-process-eventSourcedProjection-passivation-race-entity-passivation-race-view: ShardRegion terminated (gracefully): [Actor[akka://akka-runtime/system/sharding/sharded-daemon-process-eventSourcedProjection-passivation-race-entity-passivation-race-view#-564866398]] {}
08:08:42.987 DEBUG a.c.sharding.DDataShardCoordinator - sharded-daemon-process-eventSourcedProjection-passivation-race-entity-passivation-race-view: GetShardHome [0] request from [Actor[akka://local/ignore]] stashed, because waiting for initial state or update of state. It will be handled afterwards.
08:08:42.987 DEBUG akka.actor.CoordinatedShutdown - Performing task [leave] in CoordinatedShutdown phase [cluster-leave]
08:08:42.987 DEBUG a.c.sharding.DDataShardCoordinator - sharded-daemon-process-eventSourcedProjection-passivation-race-entity-passivation-race-view: The coordinator state was successfully updated with ShardRegionTerminated(Actor[akka://akka-runtime/system/sharding/sharded-daemon-process-eventSourcedProjection-passivation-race-entity-passivation-race-view#-564866398])
08:08:42.988 DEBUG a.c.sharding.DDataShardCoordinator - sharded-daemon-process-eventSourcedProjection-passivation-race-entity-passivation-race-view: ShardRegion stopped: [Actor[akka://akka-runtime/system/sharding/sharded-daemon-process-eventSourcedProjection-passivation-race-entity-passivation-race-view#-564866398]]
08:08:42.988 DEBUG a.c.singleton.ClusterSingletonProxy - Creating singleton identification timer...
08:08:42.988 DEBUG a.c.singleton.ClusterSingletonProxy - Creating singleton identification timer...
08:08:42.988 DEBUG a.c.singleton.ClusterSingletonProxy - Creating singleton identification timer...
08:08:42.988 DEBUG a.c.singleton.ClusterSingletonProxy - Creating singleton identification timer...
08:08:42.989 DEBUG akka.actor.CoordinatedShutdown - Performing phase [cluster-exiting] with [28] tasks.
08:08:42.989 DEBUG akka.actor.CoordinatedShutdown - Performing task [singleton-exiting-1] in CoordinatedShutdown phase [cluster-exiting]
08:08:42.989 DEBUG akka.actor.CoordinatedShutdown - Performing task [singleton-exiting-2] in CoordinatedShutdown phase [cluster-exiting]
08:08:42.989 DEBUG akka.actor.CoordinatedShutdown - Performing task [singleton-exiting-2] in CoordinatedShutdown phase [cluster-exiting]
08:08:42.989 DEBUG akka.actor.CoordinatedShutdown - Performing task [wait-exiting] in CoordinatedShutdown phase [cluster-exiting]
08:08:42.989 DEBUG akka.actor.CoordinatedShutdown - Performing task [singleton-exiting-2] in CoordinatedShutdown phase [cluster-exiting]
08:08:42.989 DEBUG akka.actor.CoordinatedShutdown - Performing task [singleton-exiting-1] in CoordinatedShutdown phase [cluster-exiting]
08:08:42.989 DEBUG akka.actor.CoordinatedShutdown - Performing task [wait-singleton-exiting] in CoordinatedShutdown phase [cluster-exiting]
08:08:42.989 INFO  a.c.s.ClusterSingletonManager - Exited [akka://akka-runtime@127.0.0.1:63335].
08:08:42.989 INFO  a.c.s.ClusterSingletonManager - Oldest observed OldestChanged: [akka://akka-runtime@127.0.0.1:63335 -> None]
08:08:42.989 DEBUG akka.actor.CoordinatedShutdown - Performing task [singleton-exiting-1] in CoordinatedShutdown phase [cluster-exiting]
08:08:42.989 DEBUG akka.actor.CoordinatedShutdown - Performing task [wait-singleton-exiting] in CoordinatedShutdown phase [cluster-exiting]
08:08:42.989 DEBUG akka.actor.CoordinatedShutdown - Performing task [singleton-exiting-2] in CoordinatedShutdown phase [cluster-exiting]
08:08:42.989 DEBUG akka.actor.CoordinatedShutdown - Performing task [singleton-exiting-1] in CoordinatedShutdown phase [cluster-exiting]
08:08:42.989 DEBUG akka.actor.CoordinatedShutdown - Performing task [singleton-exiting-1] in CoordinatedShutdown phase [cluster-exiting]
08:08:42.989 DEBUG akka.actor.CoordinatedShutdown - Performing task [singleton-exiting-1] in CoordinatedShutdown phase [cluster-exiting]
08:08:42.989 INFO  a.c.s.ClusterSingletonManager - Exited [akka://akka-runtime@127.0.0.1:63335].
08:08:42.989 DEBUG akka.actor.CoordinatedShutdown - Performing task [singleton-exiting-1] in CoordinatedShutdown phase [cluster-exiting]
08:08:42.989 INFO  a.c.s.ClusterSingletonManager - ClusterSingletonManager state change [Oldest -> WasOldest]
08:08:42.989 INFO  a.c.s.ClusterSingletonManager - Oldest observed OldestChanged: [akka://akka-runtime@127.0.0.1:63335 -> None]
08:08:42.989 DEBUG akka.actor.CoordinatedShutdown - Performing task [singleton-exiting-1] in CoordinatedShutdown phase [cluster-exiting]
08:08:42.989 INFO  a.c.s.ClusterSingletonManager - ClusterSingletonManager state change [Oldest -> WasOldest]
08:08:42.989 DEBUG akka.actor.CoordinatedShutdown - Performing task [singleton-exiting-2] in CoordinatedShutdown phase [cluster-exiting]
08:08:42.989 INFO  a.c.s.ClusterSingletonManager - Oldest observed OldestChanged: [akka://akka-runtime@127.0.0.1:63335 -> None]
08:08:42.989 DEBUG akka.actor.CoordinatedShutdown - Performing task [singleton-exiting-2] in CoordinatedShutdown phase [cluster-exiting]
08:08:42.989 DEBUG akka.actor.CoordinatedShutdown - Performing task [wait-singleton-exiting] in CoordinatedShutdown phase [cluster-exiting]
08:08:42.989 DEBUG akka.actor.CoordinatedShutdown - Performing task [wait-singleton-exiting] in CoordinatedShutdown phase [cluster-exiting]
08:08:42.989 DEBUG akka.actor.CoordinatedShutdown - Performing task [singleton-exiting-2] in CoordinatedShutdown phase [cluster-exiting]
08:08:42.989 INFO  a.c.s.ClusterSingletonManager - Exited [akka://akka-runtime@127.0.0.1:63335].
08:08:42.989 INFO  a.c.s.ClusterSingletonManager - Exited [akka://akka-runtime@127.0.0.1:63335].
08:08:42.989 INFO  a.c.s.ClusterSingletonManager - ClusterSingletonManager state change [Oldest -> WasOldest]
08:08:42.989 DEBUG akka.actor.CoordinatedShutdown - Performing task [singleton-exiting-2] in CoordinatedShutdown phase [cluster-exiting]
08:08:42.989 DEBUG akka.actor.CoordinatedShutdown - Performing task [wait-singleton-exiting] in CoordinatedShutdown phase [cluster-exiting]
08:08:42.989 DEBUG akka.actor.CoordinatedShutdown - Performing task [wait-singleton-exiting] in CoordinatedShutdown phase [cluster-exiting]
08:08:42.989 DEBUG akka.actor.CoordinatedShutdown - Performing task [singleton-exiting-2] in CoordinatedShutdown phase [cluster-exiting]
08:08:42.989 DEBUG akka.actor.CoordinatedShutdown - Performing task [wait-singleton-exiting] in CoordinatedShutdown phase [cluster-exiting]
08:08:42.989 DEBUG akka.actor.CoordinatedShutdown - Performing task [wait-singleton-exiting] in CoordinatedShutdown phase [cluster-exiting]
08:08:42.989 DEBUG akka.actor.CoordinatedShutdown - Performing task [singleton-exiting-1] in CoordinatedShutdown phase [cluster-exiting]
08:08:42.989 INFO  a.c.s.ClusterSingletonManager - Singleton manager stopping singleton actor [akka://akka-runtime/system/singletonManagerschemaSingleton/schemaSingleton]
08:08:42.989 INFO  a.c.s.ClusterSingletonManager - Singleton manager stopping singleton actor [akka://akka-runtime/system/singletonManagerShardedDaemonProcessCoordinator-eventSourcedProjection-passivation-race-entity-passivation-race-consumer-b/ShardedDaemonProcessCoordinator-eventSourcedProjection-passivation-race-entity-passivation-race-consumer-b]
08:08:42.989 INFO  a.c.s.ClusterSingletonManager - Singleton manager stopping singleton actor [akka://akka-runtime/system/singletonManagerShardedDaemonProcessCoordinator-eventSourcedProjection-passivation-race-entity-passivation-race-consumer-a/ShardedDaemonProcessCoordinator-eventSourcedProjection-passivation-race-entity-passivation-race-consumer-a]
08:08:42.989 DEBUG akka.actor.CoordinatedShutdown - Performing task [wait-singleton-exiting] in CoordinatedShutdown phase [cluster-exiting]
08:08:42.989 INFO  a.c.s.ClusterSingletonManager - ClusterSingletonManager state change [WasOldest -> Stopping]
08:08:42.989 INFO  a.c.s.ClusterSingletonManager - ClusterSingletonManager state change [WasOldest -> Stopping]
08:08:42.989 INFO  a.c.s.ClusterSingletonManager - ClusterSingletonManager state change [WasOldest -> Stopping]
08:08:42.989 INFO  a.c.s.ClusterSingletonManager - Exited [akka://akka-runtime@127.0.0.1:63335].
08:08:42.989 INFO  a.c.s.ClusterSingletonManager - Oldest observed OldestChanged: [akka://akka-runtime@127.0.0.1:63335 -> None]
08:08:42.989 INFO  a.c.s.ClusterSingletonManager - Exited [akka://akka-runtime@127.0.0.1:63335].
08:08:42.989 INFO  a.c.s.ClusterSingletonManager - ClusterSingletonManager state change [Oldest -> WasOldest]
08:08:42.989 INFO  a.c.s.ClusterSingletonManager - Oldest observed OldestChanged: [akka://akka-runtime@127.0.0.1:63335 -> None]
08:08:42.989 INFO  a.c.s.ClusterSingletonManager - Singleton actor [akka://akka-runtime/system/singletonManagerschemaSingleton/schemaSingleton] was terminated
08:08:42.989 INFO  a.c.s.ClusterSingletonManager - Singleton actor [akka://akka-runtime/system/singletonManagerShardedDaemonProcessCoordinator-eventSourcedProjection-passivation-race-entity-passivation-race-consumer-b/ShardedDaemonProcessCoordinator-eventSourcedProjection-passivation-race-entity-passivation-race-consumer-b] was terminated
08:08:42.989 INFO  a.c.s.ClusterSingletonManager - Singleton actor [akka://akka-runtime/system/singletonManagerShardedDaemonProcessCoordinator-eventSourcedProjection-passivation-race-entity-passivation-race-consumer-a/ShardedDaemonProcessCoordinator-eventSourcedProjection-passivation-race-entity-passivation-race-consumer-a] was terminated
08:08:42.989 INFO  a.c.s.ClusterSingletonManager - ClusterSingletonManager state change [Oldest -> WasOldest]
08:08:42.989 INFO  a.c.s.ClusterSingletonManager - Exited [akka://akka-runtime@127.0.0.1:63335].
08:08:42.989 INFO  a.c.s.ClusterSingletonManager - Exited [akka://akka-runtime@127.0.0.1:63335].
08:08:42.989 INFO  a.c.s.ClusterSingletonManager - Oldest observed OldestChanged: [akka://akka-runtime@127.0.0.1:63335 -> None]
08:08:42.989 INFO  a.c.s.ClusterSingletonManager - Exited [akka://akka-runtime@127.0.0.1:63335].
08:08:42.989 INFO  a.c.s.ClusterSingletonManager - Oldest observed OldestChanged: [akka://akka-runtime@127.0.0.1:63335 -> None]
08:08:42.989 INFO  a.c.s.ClusterSingletonManager - ClusterSingletonManager state change [Oldest -> WasOldest]
08:08:42.989 INFO  a.c.s.ClusterSingletonManager - Singleton manager stopping singleton actor [akka://akka-runtime/system/sharding/sharded-daemon-process-eventSourcedProjection-passivation-race-entity-passivation-race-consumer-bCoordinator/singleton]
08:08:42.989 INFO  a.c.s.ClusterSingletonManager - ClusterSingletonManager state change [WasOldest -> Stopping]
08:08:42.989 INFO  a.c.s.ClusterSingletonManager - Oldest observed OldestChanged: [akka://akka-runtime@127.0.0.1:63335 -> None]
08:08:42.989 INFO  a.c.s.ClusterSingletonManager - Oldest observed OldestChanged: [akka://akka-runtime@127.0.0.1:63335 -> None]
08:08:42.989 INFO  a.c.s.ClusterSingletonManager - ClusterSingletonManager state change [Oldest -> WasOldest]
08:08:42.989 DEBUG a.c.sharding.DDataShardCoordinator - sharded-daemon-process-eventSourcedProjection-passivation-race-entity-passivation-race-consumer-b: Received termination message.
08:08:42.989 INFO  a.c.s.ClusterSingletonManager - Singleton manager stopping singleton actor [akka://akka-runtime/system/singletonManagerShardedDaemonProcessCoordinator-eventSourcedProjection-passivation-race-entity-passivation-race-view/ShardedDaemonProcessCoordinator-eventSourcedProjection-passivation-race-entity-passivation-race-view]
08:08:42.989 INFO  a.c.s.ClusterSingletonManager - Singleton manager stopping singleton actor [akka://akka-runtime/system/sharding/_timerCoordinator/singleton]
08:08:42.989 INFO  a.c.s.ClusterSingletonManager - ClusterSingletonManager state change [Oldest -> WasOldest]
08:08:42.989 INFO  a.c.s.ClusterSingletonManager - ClusterSingletonManager state change [WasOldest -> Stopping]
08:08:42.989 INFO  a.c.s.ClusterSingletonManager - ClusterSingletonManager state change [WasOldest -> Stopping]
08:08:42.989 INFO  a.c.s.ClusterSingletonManager - Singleton manager stopping singleton actor [akka://akka-runtime/system/sharding/sharded-daemon-process-eventSourcedProjection-passivation-race-entity-passivation-race-viewCoordinator/singleton]
08:08:42.989 INFO  a.c.s.ClusterSingletonManager - Singleton manager stopping singleton actor [akka://akka-runtime/system/sharding/passivation-race-entityCoordinator/singleton]
08:08:42.990 DEBUG a.c.sharding.DDataShardCoordinator - _timer: Received termination message.
08:08:42.990 INFO  a.c.s.ClusterSingletonManager - ClusterSingletonManager state change [WasOldest -> Stopping]
08:08:42.990 INFO  a.c.s.ClusterSingletonManager - ClusterSingletonManager state change [WasOldest -> Stopping]
08:08:42.990 INFO  a.c.s.ClusterSingletonManager - Singleton actor [akka://akka-runtime/system/sharding/sharded-daemon-process-eventSourcedProjection-passivation-race-entity-passivation-race-consumer-bCoordinator/singleton] was terminated
08:08:42.990 INFO  a.c.s.ClusterSingletonManager - Singleton actor [akka://akka-runtime/system/singletonManagerShardedDaemonProcessCoordinator-eventSourcedProjection-passivation-race-entity-passivation-race-view/ShardedDaemonProcessCoordinator-eventSourcedProjection-passivation-race-entity-passivation-race-view] was terminated
08:08:42.990 DEBUG a.c.sharding.DDataShardCoordinator - passivation-race-entity: Received termination message.
08:08:42.990 DEBUG a.c.sharding.DDataShardCoordinator - sharded-daemon-process-eventSourcedProjection-passivation-race-entity-passivation-race-view: Received termination message.
08:08:42.990 INFO  a.c.s.ClusterSingletonManager - Singleton actor [akka://akka-runtime/system/sharding/sharded-daemon-process-eventSourcedProjection-passivation-race-entity-passivation-race-viewCoordinator/singleton] was terminated
08:08:42.990 INFO  a.c.s.ClusterSingletonManager - Singleton actor [akka://akka-runtime/system/sharding/passivation-race-entityCoordinator/singleton] was terminated
08:08:42.990 INFO  a.c.s.ClusterSingletonManager - ClusterSingletonManager state change [Oldest -> WasOldest]
08:08:42.990 INFO  a.c.s.ClusterSingletonManager - Singleton manager stopping singleton actor [akka://akka-runtime/system/sharding/sharded-daemon-process-eventSourcedProjection-passivation-race-entity-passivation-race-consumer-aCoordinator/singleton]
08:08:42.990 INFO  a.c.s.ClusterSingletonManager - ClusterSingletonManager state change [WasOldest -> Stopping]
08:08:42.990 INFO  a.c.s.ClusterSingletonManager - Singleton actor [akka://akka-runtime/system/sharding/_timerCoordinator/singleton] was terminated
08:08:42.990 DEBUG a.c.sharding.DDataShardCoordinator - sharded-daemon-process-eventSourcedProjection-passivation-race-entity-passivation-race-consumer-a: Received termination message.
08:08:42.990 INFO  a.c.s.ClusterSingletonManager - Singleton actor [akka://akka-runtime/system/sharding/sharded-daemon-process-eventSourcedProjection-passivation-race-entity-passivation-race-consumer-aCoordinator/singleton] was terminated
08:08:42.990 DEBUG akka.actor.CoordinatedShutdown - Performing phase [cluster-exiting-done] with [1] tasks.
08:08:42.990 DEBUG akka.actor.CoordinatedShutdown - Performing task [exiting-completed] in CoordinatedShutdown phase [cluster-exiting-done]
08:08:42.990 DEBUG akka.actor.CoordinatedShutdown - Performing phase [cluster-shutdown] with [1] tasks.
08:08:42.990 DEBUG akka.actor.CoordinatedShutdown - Performing task [wait-shutdown] in CoordinatedShutdown phase [cluster-shutdown]
08:08:42.991 DEBUG akka.actor.CoordinatedShutdown - Performing phase [before-actor-system-terminate] with [2] tasks.
08:08:42.991 DEBUG akka.actor.CoordinatedShutdown - Performing task [close connection pools] in CoordinatedShutdown phase [before-actor-system-terminate]
08:08:42.991 DEBUG akka.actor.CoordinatedShutdown - Performing task [close-grpc-channels] in CoordinatedShutdown phase [before-actor-system-terminate]
08:08:42.992 DEBUG akka.actor.CoordinatedShutdown - Performing phase [actor-system-terminate] with [1] tasks.
08:08:42.992 DEBUG akka.actor.CoordinatedShutdown - Performing task [terminate-system] in CoordinatedShutdown phase [actor-system-terminate]
08:08:43.045 INFO  akka.runtime.AkkaRuntimeMain - Starting Akka Runtime version [1.6.15]
08:08:43.051 INFO  akka.javasdk.impl.ComponentLocator$ - Looking for component descriptors matching pattern [META-INF/akka-javasdk-components_*.conf]
08:08:43.059 INFO  akka.javasdk.testkit.TestKit - Eventing TestKit booting up on port: 63339
08:08:43.061 DEBUG a.c.singleton.ClusterSingletonProxy - Creating singleton identification timer...
08:08:43.061 DEBUG a.c.singleton.ClusterSingletonProxy - Trying to identify singleton at [akka://akka-runtime@127.0.0.1:63340/system/singletonManagerschemaSingleton/schemaSingleton]
08:08:43.061 DEBUG a.c.singleton.ClusterSingletonProxy - Singleton not available, buffering message type [kalix.runtime.SchemaSingleton$ExecDdl]
08:08:43.061 INFO  a.c.s.ClusterSingletonManager - Singleton manager starting singleton actor [akka://akka-runtime/system/singletonManagerschemaSingleton/schemaSingleton]
08:08:43.061 INFO  a.c.s.ClusterSingletonManager - ClusterSingletonManager state change [Start -> Oldest]
08:08:43.061 INFO  akka.javasdk.testkit.TestKit - Checking runtime status
08:08:43.122 DEBUG a.c.singleton.ClusterSingletonProxy - Trying to identify singleton at [akka://akka-runtime@127.0.0.1:63340/system/singletonManagerschemaSingleton/schemaSingleton]
08:08:43.122 INFO  a.c.singleton.ClusterSingletonProxy - Singleton identified at [akka://akka-runtime/system/singletonManagerschemaSingleton/schemaSingleton]
08:08:43.122 DEBUG a.c.singleton.ClusterSingletonProxy - Sending buffered messages to current singleton instance
08:08:43.124 INFO  a.c.s.typed.scaladsl.ClusterSharding - Starting Shard Region [passivation-race-entity]...
08:08:43.125 INFO  akka.cluster.sharding.ShardRegion - passivation-race-entity: Automatic entity passivation: composite strategy with limit of [10000] active entities, admission window (least recently used entities) with proportions [initial = 0.01, min = 0.01, max = 1.0] adapting with hill-climbing optimizer [adjust multiplier = 10.0, initial step = 0.0625, restart threshold = 0.05, step decay = 0.98], admit using frequency sketch [width multiplier = 4, reset multiplier = 10.0, depth = 4, counter bits = 4], main (least recently used entities (segmented with [2] levels with proportions of [0.20, 0.80]))
08:08:43.125 INFO  a.c.s.ClusterSingletonManager - Singleton manager starting singleton actor [akka://akka-runtime/system/sharding/passivation-race-entityCoordinator/singleton]
08:08:43.125 INFO  a.c.s.ClusterSingletonManager - ClusterSingletonManager state change [Start -> Oldest]
08:08:43.125 DEBUG a.c.sharding.DDataShardCoordinator - passivation-race-entity: Initial coordinator is empty.
08:08:43.125 INFO  a.c.sharding.DDataShardCoordinator - passivation-race-entity: ShardCoordinator was moved to the active state with [0] shards
08:08:43.126 DEBUG a.c.singleton.ClusterSingletonProxy - Forwarding message of type [SchemaSingleton$ExecDdl] to current singleton instance at [akka://akka-runtime/system/singletonManagerschemaSingleton/schemaSingleton]
08:08:43.127 INFO  akka.runtime.DiscoveryManager - Service components: EventSourcedEntity: [1], Consumer: [2], View: [1]
08:08:43.128 INFO  a.c.s.typed.scaladsl.ClusterSharding - Starting Shard Region [_timer]...
08:08:43.128 INFO  a.c.s.typed.scaladsl.ClusterSharding - Starting Shard Region [sharded-daemon-process-eventSourcedProjection-passivation-race-entity-passivation-race-consumer-a]...
08:08:43.128 INFO  a.c.s.ClusterSingletonManager - Singleton manager starting singleton actor [akka://akka-runtime/system/sharding/_timerCoordinator/singleton]
08:08:43.128 INFO  akka.cluster.sharding.ShardRegion - sharded-daemon-process-eventSourcedProjection-passivation-race-entity-passivation-race-consumer-a: Automatic entity passivation: disabled
08:08:43.128 INFO  a.c.s.ClusterSingletonManager - ClusterSingletonManager state change [Start -> Oldest]
08:08:43.129 DEBUG a.c.sharding.DDataShardCoordinator - _timer: Starting remember entities store from provider akka.cluster.sharding.internal.DDataRememberEntitiesProvider@6ae736fb
08:08:43.129 INFO  a.c.s.typed.scaladsl.ClusterSharding - Starting Shard Region [sharded-daemon-process-eventSourcedProjection-passivation-race-entity-passivation-race-consumer-b]...
08:08:43.129 DEBUG a.c.sharding.DDataShardCoordinator - _timer: Initial coordinator is empty.
08:08:43.129 INFO  a.c.sharding.DDataShardCoordinator - _timer: ShardCoordinator was moved to the active state with [0] shards
08:08:43.129 DEBUG a.c.sharding.DDataShardCoordinator - _timer: Received [0] remembered shard ids (after state initialized)
08:08:43.129 INFO  akka.cluster.sharding.ShardRegion - sharded-daemon-process-eventSourcedProjection-passivation-race-entity-passivation-race-consumer-b: Automatic entity passivation: disabled
08:08:43.129 DEBUG a.c.singleton.ClusterSingletonProxy - Creating singleton identification timer...
08:08:43.129 DEBUG a.c.singleton.ClusterSingletonProxy - Trying to identify singleton at [akka://akka-runtime@127.0.0.1:63340/system/singletonManagerShardedDaemonProcessCoordinator-eventSourcedProjection-passivation-race-entity-passivation-race-consumer-a/ShardedDaemonProcessCoordinator-eventSourcedProjection-passivation-race-entity-passivation-race-consumer-a]
08:08:43.129 INFO  a.c.s.typed.scaladsl.ClusterSharding - Starting Shard Region [sharded-daemon-process-eventSourcedProjection-passivation-race-entity-passivation-race-view]...
08:08:43.129 DEBUG a.c.singleton.ClusterSingletonProxy - Creating singleton identification timer...
08:08:43.129 INFO  a.c.s.ClusterSingletonManager - Singleton manager starting singleton actor [akka://akka-runtime/system/sharding/sharded-daemon-process-eventSourcedProjection-passivation-race-entity-passivation-race-consumer-bCoordinator/singleton]
08:08:43.129 INFO  a.c.s.ClusterSingletonManager - ClusterSingletonManager state change [Start -> Oldest]
08:08:43.129 DEBUG a.c.singleton.ClusterSingletonProxy - Trying to identify singleton at [akka://akka-runtime@127.0.0.1:63340/system/singletonManagerShardedDaemonProcessCoordinator-eventSourcedProjection-passivation-race-entity-passivation-race-consumer-b/ShardedDaemonProcessCoordinator-eventSourcedProjection-passivation-race-entity-passivation-race-consumer-b]
08:08:43.129 INFO  akka.cluster.sharding.ShardRegion - sharded-daemon-process-eventSourcedProjection-passivation-race-entity-passivation-race-view: Automatic entity passivation: disabled
08:08:43.130 DEBUG a.c.sharding.DDataShardCoordinator - sharded-daemon-process-eventSourcedProjection-passivation-race-entity-passivation-race-consumer-b: Initial coordinator is empty.
08:08:43.130 INFO  a.c.sharding.DDataShardCoordinator - sharded-daemon-process-eventSourcedProjection-passivation-race-entity-passivation-race-consumer-b: ShardCoordinator was moved to the active state with [0] shards
08:08:43.130 INFO  a.c.s.ClusterSingletonManager - Singleton manager starting singleton actor [akka://akka-runtime/system/sharding/sharded-daemon-process-eventSourcedProjection-passivation-race-entity-passivation-race-viewCoordinator/singleton]
08:08:43.130 INFO  a.c.s.ClusterSingletonManager - ClusterSingletonManager state change [Start -> Oldest]
08:08:43.130 INFO  a.c.s.ClusterSingletonManager - Singleton manager starting singleton actor [akka://akka-runtime/system/singletonManagerShardedDaemonProcessCoordinator-eventSourcedProjection-passivation-race-entity-passivation-race-consumer-b/ShardedDaemonProcessCoordinator-eventSourcedProjection-passivation-race-entity-passivation-race-consumer-b]
08:08:43.130 INFO  a.c.s.ClusterSingletonManager - ClusterSingletonManager state change [Start -> Oldest]
08:08:43.130 DEBUG a.c.sharding.DDataShardCoordinator - sharded-daemon-process-eventSourcedProjection-passivation-race-entity-passivation-race-view: Initial coordinator is empty.
08:08:43.130 INFO  a.c.sharding.DDataShardCoordinator - sharded-daemon-process-eventSourcedProjection-passivation-race-entity-passivation-race-view: ShardCoordinator was moved to the active state with [0] shards
08:08:43.130 DEBUG a.c.s.t.i.ShardedDaemonProcessCoordinator$ - ShardedDaemonProcessCoordinator for [eventSourcedProjection-passivation-race-entity-passivation-race-consumer-b] starting
08:08:43.130 INFO  a.c.s.ClusterSingletonManager - Singleton manager starting singleton actor [akka://akka-runtime/system/sharding/sharded-daemon-process-eventSourcedProjection-passivation-race-entity-passivation-race-consumer-aCoordinator/singleton]
08:08:43.130 DEBUG a.c.s.t.i.ShardedDaemonProcessCoordinator$ - eventSourcedProjection-passivation-race-entity-passivation-race-consumer-b: No previous state stored for Sharded Daemon Process
08:08:43.130 DEBUG a.c.s.t.i.ShardedDaemonProcessCoordinator$ - Sending periodic keep alive for Sharded Daemon Process [eventSourcedProjection-passivation-race-entity-passivation-race-consumer-b] to [1] processes (revision [0]).
08:08:43.130 INFO  a.c.s.ClusterSingletonManager - ClusterSingletonManager state change [Start -> Oldest]
08:08:43.130 DEBUG a.c.sharding.DDataShardCoordinator - sharded-daemon-process-eventSourcedProjection-passivation-race-entity-passivation-race-consumer-a: Initial coordinator is empty.
08:08:43.130 INFO  a.c.sharding.DDataShardCoordinator - sharded-daemon-process-eventSourcedProjection-passivation-race-entity-passivation-race-consumer-a: ShardCoordinator was moved to the active state with [0] shards
08:08:43.130 DEBUG a.c.singleton.ClusterSingletonProxy - Creating singleton identification timer...
08:08:43.130 DEBUG a.c.singleton.ClusterSingletonProxy - Trying to identify singleton at [akka://akka-runtime@127.0.0.1:63340/system/singletonManagerShardedDaemonProcessCoordinator-eventSourcedProjection-passivation-race-entity-passivation-race-view/ShardedDaemonProcessCoordinator-eventSourcedProjection-passivation-race-entity-passivation-race-view]
08:08:43.131 INFO  akka.runtime.DiscoveryManager - Akka Runtime started at 127.0.0.1:63338
08:08:43.131 INFO  a.c.s.ClusterSingletonManager - Singleton manager starting singleton actor [akka://akka-runtime/system/singletonManagerShardedDaemonProcessCoordinator-eventSourcedProjection-passivation-race-entity-passivation-race-view/ShardedDaemonProcessCoordinator-eventSourcedProjection-passivation-race-entity-passivation-race-view]
08:08:43.131 INFO  a.c.s.ClusterSingletonManager - ClusterSingletonManager state change [Start -> Oldest]
08:08:43.131 DEBUG a.c.s.t.i.ShardedDaemonProcessCoordinator$ - ShardedDaemonProcessCoordinator for [eventSourcedProjection-passivation-race-entity-passivation-race-view] starting
08:08:43.131 INFO  a.c.s.ClusterSingletonManager - Singleton manager starting singleton actor [akka://akka-runtime/system/singletonManagerShardedDaemonProcessCoordinator-eventSourcedProjection-passivation-race-entity-passivation-race-consumer-a/ShardedDaemonProcessCoordinator-eventSourcedProjection-passivation-race-entity-passivation-race-consumer-a]
08:08:43.131 INFO  repro.Bootstrap - onStartup burst of 8 starting
08:08:43.131 DEBUG a.c.s.t.i.ShardedDaemonProcessCoordinator$ - eventSourcedProjection-passivation-race-entity-passivation-race-view: No previous state stored for Sharded Daemon Process
08:08:43.131 DEBUG a.c.s.t.i.ShardedDaemonProcessCoordinator$ - Sending periodic keep alive for Sharded Daemon Process [eventSourcedProjection-passivation-race-entity-passivation-race-view] to [1] processes (revision [0]).
08:08:43.131 DEBUG a.c.s.t.i.ShardedDaemonProcessCoordinator$ - ShardedDaemonProcessCoordinator for [eventSourcedProjection-passivation-race-entity-passivation-race-consumer-a] starting
08:08:43.131 INFO  a.c.s.ClusterSingletonManager - ClusterSingletonManager state change [Start -> Oldest]
08:08:43.131 DEBUG a.c.s.t.i.ShardedDaemonProcessCoordinator$ - eventSourcedProjection-passivation-race-entity-passivation-race-consumer-a: No previous state stored for Sharded Daemon Process
08:08:43.131 DEBUG a.c.s.t.i.ShardedDaemonProcessCoordinator$ - Sending periodic keep alive for Sharded Daemon Process [eventSourcedProjection-passivation-race-entity-passivation-race-consumer-a] to [1] processes (revision [0]).
08:08:43.184 INFO  akka.javasdk.testkit.TestKit - Runtime started
08:08:43.184 INFO  akka.actor.CoordinatedShutdown - Running CoordinatedShutdown with reason [ActorSystemTerminateReason]
08:08:43.184 DEBUG akka.actor.CoordinatedShutdown - Performing phase [before-service-unbind] with [0] tasks
08:08:43.184 DEBUG akka.actor.CoordinatedShutdown - Performing phase [service-unbind] with [1] tasks.
08:08:43.184 DEBUG akka.actor.CoordinatedShutdown - Performing task [http-unbind-/127.0.0.1:63338] in CoordinatedShutdown phase [service-unbind]
08:08:43.184 DEBUG akka.actor.CoordinatedShutdown - Performing phase [service-requests-done] with [1] tasks.
08:08:43.184 DEBUG akka.actor.CoordinatedShutdown - Performing task [http-terminate-/127.0.0.1:63338] in CoordinatedShutdown phase [service-requests-done]
08:08:43.184 DEBUG akka.actor.CoordinatedShutdown - Performing phase [service-stop] with [1] tasks.
08:08:43.184 DEBUG akka.actor.CoordinatedShutdown - Performing task [stop-grpc-clients] in CoordinatedShutdown phase [service-stop]
08:08:43.184 DEBUG akka.actor.CoordinatedShutdown - Performing phase [before-cluster-shutdown] with [0] tasks
08:08:43.184 DEBUG akka.actor.CoordinatedShutdown - Performing phase [cluster-sharding-shutdown-region] with [5] tasks.
08:08:43.184 DEBUG akka.actor.CoordinatedShutdown - Performing task [region-shutdown] in CoordinatedShutdown phase [cluster-sharding-shutdown-region]
08:08:43.184 DEBUG akka.actor.CoordinatedShutdown - Performing task [region-shutdown] in CoordinatedShutdown phase [cluster-sharding-shutdown-region]
08:08:43.184 DEBUG akka.actor.CoordinatedShutdown - Performing task [region-shutdown] in CoordinatedShutdown phase [cluster-sharding-shutdown-region]
08:08:43.184 DEBUG akka.actor.CoordinatedShutdown - Performing task [region-shutdown] in CoordinatedShutdown phase [cluster-sharding-shutdown-region]
08:08:43.184 DEBUG akka.actor.CoordinatedShutdown - Performing task [region-shutdown] in CoordinatedShutdown phase [cluster-sharding-shutdown-region]
08:08:43.185 DEBUG a.c.sharding.DDataShardCoordinator - sharded-daemon-process-eventSourcedProjection-passivation-race-entity-passivation-race-view: Unknown region requested graceful shutdown [Actor[akka://akka-runtime/system/sharding/sharded-daemon-process-eventSourcedProjection-passivation-race-entity-passivation-race-view#48777042]]
08:08:43.185 DEBUG a.c.sharding.DDataShardCoordinator - _timer: Unknown region requested graceful shutdown [Actor[akka://akka-runtime/system/sharding/_timer#1893869954]]
08:08:43.185 DEBUG a.c.sharding.DDataShardCoordinator - passivation-race-entity: Unknown region requested graceful shutdown [Actor[akka://akka-runtime/system/sharding/passivation-race-entity#1349935932]]
08:08:43.185 DEBUG a.c.sharding.DDataShardCoordinator - sharded-daemon-process-eventSourcedProjection-passivation-race-entity-passivation-race-consumer-a: Unknown region requested graceful shutdown [Actor[akka://akka-runtime/system/sharding/sharded-daemon-process-eventSourcedProjection-passivation-race-entity-passivation-race-consumer-a#1058937589]]
08:08:43.185 DEBUG a.c.sharding.DDataShardCoordinator - sharded-daemon-process-eventSourcedProjection-passivation-race-entity-passivation-race-consumer-b: Unknown region requested graceful shutdown [Actor[akka://akka-runtime/system/sharding/sharded-daemon-process-eventSourcedProjection-passivation-race-entity-passivation-race-consumer-b#148256672]]
08:08:43.191 DEBUG a.c.singleton.ClusterSingletonProxy - Trying to identify singleton at [akka://akka-runtime@127.0.0.1:63340/system/singletonManagerShardedDaemonProcessCoordinator-eventSourcedProjection-passivation-race-entity-passivation-race-view/ShardedDaemonProcessCoordinator-eventSourcedProjection-passivation-race-entity-passivation-race-view]
08:08:43.191 DEBUG a.c.singleton.ClusterSingletonProxy - Trying to identify singleton at [akka://akka-runtime@127.0.0.1:63340/system/singletonManagerShardedDaemonProcessCoordinator-eventSourcedProjection-passivation-race-entity-passivation-race-consumer-b/ShardedDaemonProcessCoordinator-eventSourcedProjection-passivation-race-entity-passivation-race-consumer-b]
08:08:43.191 DEBUG a.c.singleton.ClusterSingletonProxy - Trying to identify singleton at [akka://akka-runtime@127.0.0.1:63340/system/singletonManagerShardedDaemonProcessCoordinator-eventSourcedProjection-passivation-race-entity-passivation-race-consumer-a/ShardedDaemonProcessCoordinator-eventSourcedProjection-passivation-race-entity-passivation-race-consumer-a]
08:08:43.192 INFO  a.c.singleton.ClusterSingletonProxy - Singleton identified at [akka://akka-runtime/system/singletonManagerShardedDaemonProcessCoordinator-eventSourcedProjection-passivation-race-entity-passivation-race-consumer-a/ShardedDaemonProcessCoordinator-eventSourcedProjection-passivation-race-entity-passivation-race-consumer-a]
08:08:43.192 DEBUG a.c.singleton.ClusterSingletonProxy - Sending buffered messages to current singleton instance
08:08:43.192 INFO  a.c.singleton.ClusterSingletonProxy - Singleton identified at [akka://akka-runtime/system/singletonManagerShardedDaemonProcessCoordinator-eventSourcedProjection-passivation-race-entity-passivation-race-consumer-b/ShardedDaemonProcessCoordinator-eventSourcedProjection-passivation-race-entity-passivation-race-consumer-b]
08:08:43.192 DEBUG a.c.singleton.ClusterSingletonProxy - Sending buffered messages to current singleton instance
08:08:43.192 INFO  a.c.singleton.ClusterSingletonProxy - Singleton identified at [akka://akka-runtime/system/singletonManagerShardedDaemonProcessCoordinator-eventSourcedProjection-passivation-race-entity-passivation-race-view/ShardedDaemonProcessCoordinator-eventSourcedProjection-passivation-race-entity-passivation-race-view]
08:08:43.192 DEBUG a.c.singleton.ClusterSingletonProxy - Sending buffered messages to current singleton instance
08:08:43.393 DEBUG a.c.sharding.DDataShardCoordinator - sharded-daemon-process-eventSourcedProjection-passivation-race-entity-passivation-race-view: ShardRegion registered: [Actor[akka://akka-runtime/system/sharding/sharded-daemon-process-eventSourcedProjection-passivation-race-entity-passivation-race-view#48777042]]
08:08:43.393 DEBUG a.c.sharding.DDataShardCoordinator - sharded-daemon-process-eventSourcedProjection-passivation-race-entity-passivation-race-consumer-a: ShardRegion registered: [Actor[akka://akka-runtime/system/sharding/sharded-daemon-process-eventSourcedProjection-passivation-race-entity-passivation-race-consumer-a#1058937589]]
08:08:43.393 DEBUG a.c.sharding.DDataShardCoordinator - sharded-daemon-process-eventSourcedProjection-passivation-race-entity-passivation-race-consumer-b: ShardRegion registered: [Actor[akka://akka-runtime/system/sharding/sharded-daemon-process-eventSourcedProjection-passivation-race-entity-passivation-race-consumer-b#148256672]]
08:08:43.393 DEBUG a.c.sharding.DDataShardCoordinator - passivation-race-entity: ShardRegion registered: [Actor[akka://akka-runtime/system/sharding/passivation-race-entity#1349935932]]
08:08:43.394 DEBUG a.c.sharding.DDataShardCoordinator - sharded-daemon-process-eventSourcedProjection-passivation-race-entity-passivation-race-view: The coordinator state was successfully updated with ShardRegionRegistered(Actor[akka://akka-runtime/system/sharding/sharded-daemon-process-eventSourcedProjection-passivation-race-entity-passivation-race-view#48777042])
08:08:43.394 DEBUG a.c.sharding.DDataShardCoordinator - sharded-daemon-process-eventSourcedProjection-passivation-race-entity-passivation-race-consumer-b: The coordinator state was successfully updated with ShardRegionRegistered(Actor[akka://akka-runtime/system/sharding/sharded-daemon-process-eventSourcedProjection-passivation-race-entity-passivation-race-consumer-b#148256672])
08:08:43.394 DEBUG a.c.sharding.DDataShardCoordinator - sharded-daemon-process-eventSourcedProjection-passivation-race-entity-passivation-race-consumer-a: The coordinator state was successfully updated with ShardRegionRegistered(Actor[akka://akka-runtime/system/sharding/sharded-daemon-process-eventSourcedProjection-passivation-race-entity-passivation-race-consumer-a#1058937589])
08:08:43.394 DEBUG a.c.sharding.DDataShardCoordinator - passivation-race-entity: The coordinator state was successfully updated with ShardRegionRegistered(Actor[akka://akka-runtime/system/sharding/passivation-race-entity#1349935932])
08:08:43.395 DEBUG a.c.sharding.DDataShardCoordinator - sharded-daemon-process-eventSourcedProjection-passivation-race-entity-passivation-race-consumer-b: The coordinator state was successfully updated with ShardHomeAllocated(0,Actor[akka://akka-runtime/system/sharding/sharded-daemon-process-eventSourcedProjection-passivation-race-entity-passivation-race-consumer-b#148256672])
08:08:43.395 DEBUG a.c.sharding.DDataShardCoordinator - passivation-race-entity: The coordinator state was successfully updated with ShardHomeAllocated(241,Actor[akka://akka-runtime/system/sharding/passivation-race-entity#1349935932])
08:08:43.395 DEBUG a.c.sharding.DDataShardCoordinator - sharded-daemon-process-eventSourcedProjection-passivation-race-entity-passivation-race-consumer-a: The coordinator state was successfully updated with ShardHomeAllocated(0,Actor[akka://akka-runtime/system/sharding/sharded-daemon-process-eventSourcedProjection-passivation-race-entity-passivation-race-consumer-a#1058937589])
08:08:43.395 DEBUG a.c.sharding.DDataShardCoordinator - sharded-daemon-process-eventSourcedProjection-passivation-race-entity-passivation-race-view: The coordinator state was successfully updated with ShardHomeAllocated(0,Actor[akka://akka-runtime/system/sharding/sharded-daemon-process-eventSourcedProjection-passivation-race-entity-passivation-race-view#48777042])
08:08:43.395 DEBUG a.c.sharding.DDataShardCoordinator - passivation-race-entity: Shard [241] allocated at [Actor[akka://akka-runtime/system/sharding/passivation-race-entity#1349935932]]
08:08:43.395 DEBUG a.c.sharding.DDataShardCoordinator - sharded-daemon-process-eventSourcedProjection-passivation-race-entity-passivation-race-consumer-b: Shard [0] allocated at [Actor[akka://akka-runtime/system/sharding/sharded-daemon-process-eventSourcedProjection-passivation-race-entity-passivation-race-consumer-b#148256672]]
08:08:43.395 DEBUG a.c.sharding.DDataShardCoordinator - sharded-daemon-process-eventSourcedProjection-passivation-race-entity-passivation-race-consumer-a: Shard [0] allocated at [Actor[akka://akka-runtime/system/sharding/sharded-daemon-process-eventSourcedProjection-passivation-race-entity-passivation-race-consumer-a#1058937589]]
08:08:43.395 DEBUG a.c.sharding.DDataShardCoordinator - sharded-daemon-process-eventSourcedProjection-passivation-race-entity-passivation-race-view: Shard [0] allocated at [Actor[akka://akka-runtime/system/sharding/sharded-daemon-process-eventSourcedProjection-passivation-race-entity-passivation-race-view#48777042]]
08:08:43.395 DEBUG a.c.sharding.DDataShardCoordinator - passivation-race-entity: Graceful shutdown of region [Actor[akka://akka-runtime/system/sharding/passivation-race-entity#1349935932]] with [1] shards
08:08:43.395 DEBUG akka.cluster.sharding.Shard - sharded-daemon-process-eventSourcedProjection-passivation-race-entity-passivation-race-view: Shard initialized
08:08:43.395 DEBUG akka.cluster.sharding.Shard - sharded-daemon-process-eventSourcedProjection-passivation-race-entity-passivation-race-consumer-a: Shard initialized
08:08:43.395 DEBUG akka.cluster.sharding.Shard - sharded-daemon-process-eventSourcedProjection-passivation-race-entity-passivation-race-consumer-b: Shard initialized
08:08:43.396 INFO  a.c.sharding.DDataShardCoordinator - passivation-race-entity: Starting shutting down shards [241] due to region shutting down or explicit stopping of shards.
08:08:43.396 DEBUG akka.cluster.sharding.Shard - sharded-daemon-process-eventSourcedProjection-passivation-race-entity-passivation-race-consumer-a: Request to start entity [0] and ack to [Some(Actor[akka://akka-runtime/deadLetters])]
08:08:43.396 DEBUG akka.cluster.sharding.Shard - sharded-daemon-process-eventSourcedProjection-passivation-race-entity-passivation-race-view: Request to start entity [0] and ack to [Some(Actor[akka://akka-runtime/deadLetters])]
08:08:43.396 DEBUG akka.cluster.sharding.Shard - sharded-daemon-process-eventSourcedProjection-passivation-race-entity-passivation-race-consumer-a: Started entity [Actor[akka://akka-runtime/system/sharding/sharded-daemon-process-eventSourcedProjection-passivation-race-entity-passivation-race-consumer-a/0/0#1658514750]] with entity id [0] in shard [0]
08:08:43.396 DEBUG akka.cluster.sharding.Shard - sharded-daemon-process-eventSourcedProjection-passivation-race-entity-passivation-race-view: Started entity [Actor[akka://akka-runtime/system/sharding/sharded-daemon-process-eventSourcedProjection-passivation-race-entity-passivation-race-view/0/0#-801903555]] with entity id [0] in shard [0]
08:08:43.396 DEBUG akka.cluster.sharding.Shard - passivation-race-entity: Shard initialized
08:08:43.396 DEBUG a.c.s.ShardCoordinator$RebalanceWorker - passivation-race-entity: Shutting down shard [241] from region [Actor[akka://akka-runtime/system/sharding/passivation-race-entity#1349935932]]. Asking [1] region(s) to hand-off shard
08:08:43.396 DEBUG a.c.s.ShardCoordinator$RebalanceWorker - passivation-race-entity: BeginHandOffAck for shard [241] received from [Actor[akka://akka-runtime/system/sharding/passivation-race-entity#1349935932]].
08:08:43.396 DEBUG a.c.s.ShardCoordinator$RebalanceWorker - passivation-race-entity: All shard regions acked, handing off shard [241].
08:08:43.396 DEBUG akka.cluster.sharding.Shard - sharded-daemon-process-eventSourcedProjection-passivation-race-entity-passivation-race-consumer-b: Request to start entity [0] and ack to [Some(Actor[akka://akka-runtime/deadLetters])]
08:08:43.396 DEBUG akka.cluster.sharding.Shard - passivation-race-entity: Started entity [Actor[akka://akka-runtime/system/sharding/passivation-race-entity/241/86ff054b-3348-4e1a-b229-d044a0d57d09#-948381052]] with entity id [86ff054b-3348-4e1a-b229-d044a0d57d09] in shard [241]
08:08:43.396 DEBUG akka.cluster.sharding.Shard - sharded-daemon-process-eventSourcedProjection-passivation-race-entity-passivation-race-consumer-b: Started entity [Actor[akka://akka-runtime/system/sharding/sharded-daemon-process-eventSourcedProjection-passivation-race-entity-passivation-race-consumer-b/0/0#-285948446]] with entity id [0] in shard [0]
08:08:43.396 DEBUG akka.cluster.sharding.Shard - passivation-race-entity: HandOff shard [241]
08:08:43.396 DEBUG akka.cluster.sharding.Shard - passivation-race-entity: Starting HandOffStopper for shard [241] to terminate [1] entities.
08:08:43.396 DEBUG a.c.s.t.i.ShardedDaemonProcessState$ - eventSourcedProjection-passivation-race-entity-passivation-race-consumer-a: Deferred start of worker to verify its revision [0] is the latest
08:08:43.396 DEBUG a.c.s.t.i.ShardedDaemonProcessState$ - eventSourcedProjection-passivation-race-entity-passivation-race-view: Deferred start of worker to verify its revision [0] is the latest
08:08:43.396 DEBUG a.c.s.t.i.ShardedDaemonProcessState$ - eventSourcedProjection-passivation-race-entity-passivation-race-consumer-b: Deferred start of worker to verify its revision [0] is the latest
08:08:43.396 DEBUG a.c.sharding.DDataShardCoordinator - sharded-daemon-process-eventSourcedProjection-passivation-race-entity-passivation-race-consumer-b: Graceful shutdown of region [Actor[akka://akka-runtime/system/sharding/sharded-daemon-process-eventSourcedProjection-passivation-race-entity-passivation-race-consumer-b#148256672]] with [1] shards
08:08:43.396 INFO  a.c.sharding.DDataShardCoordinator - sharded-daemon-process-eventSourcedProjection-passivation-race-entity-passivation-race-consumer-b: Starting shutting down shards [0] due to region shutting down or explicit stopping of shards.
08:08:43.396 DEBUG a.c.s.ShardCoordinator$RebalanceWorker - sharded-daemon-process-eventSourcedProjection-passivation-race-entity-passivation-race-consumer-b: Shutting down shard [0] from region [Actor[akka://akka-runtime/system/sharding/sharded-daemon-process-eventSourcedProjection-passivation-race-entity-passivation-race-consumer-b#148256672]]. Asking [1] region(s) to hand-off shard
08:08:43.396 INFO  a.c.s.t.i.ShardedDaemonProcessState$ - eventSourcedProjection-passivation-race-entity-passivation-race-consumer-a: Starting Sharded Daemon Process [0] out of a total [1] (revision [0] and no state found)
08:08:43.396 INFO  a.c.s.t.i.ShardedDaemonProcessState$ - eventSourcedProjection-passivation-race-entity-passivation-race-view: Starting Sharded Daemon Process [0] out of a total [1] (revision [0] and no state found)
08:08:43.396 DEBUG a.c.s.ShardCoordinator$RebalanceWorker - sharded-daemon-process-eventSourcedProjection-passivation-race-entity-passivation-race-consumer-b: BeginHandOffAck for shard [0] received from [Actor[akka://akka-runtime/system/sharding/sharded-daemon-process-eventSourcedProjection-passivation-race-entity-passivation-race-consumer-b#148256672]].
08:08:43.396 DEBUG a.c.s.ShardCoordinator$RebalanceWorker - sharded-daemon-process-eventSourcedProjection-passivation-race-entity-passivation-race-consumer-b: All shard regions acked, handing off shard [0].
08:08:43.396 INFO  a.c.s.t.i.ShardedDaemonProcessState$ - eventSourcedProjection-passivation-race-entity-passivation-race-consumer-b: Starting Sharded Daemon Process [0] out of a total [1] (revision [0] and no state found)
08:08:43.396 DEBUG akka.cluster.sharding.Shard - sharded-daemon-process-eventSourcedProjection-passivation-race-entity-passivation-race-consumer-b: HandOff shard [0]
08:08:43.396 DEBUG akka.cluster.sharding.Shard - sharded-daemon-process-eventSourcedProjection-passivation-race-entity-passivation-race-consumer-b: Starting HandOffStopper for shard [0] to terminate [1] entities.
08:08:43.397 DEBUG a.c.sharding.DDataShardCoordinator - sharded-daemon-process-eventSourcedProjection-passivation-race-entity-passivation-race-view: Graceful shutdown of region [Actor[akka://akka-runtime/system/sharding/sharded-daemon-process-eventSourcedProjection-passivation-race-entity-passivation-race-view#48777042]] with [1] shards
08:08:43.397 INFO  a.c.sharding.DDataShardCoordinator - sharded-daemon-process-eventSourcedProjection-passivation-race-entity-passivation-race-view: Starting shutting down shards [0] due to region shutting down or explicit stopping of shards.
08:08:43.397 DEBUG a.c.s.ShardCoordinator$RebalanceWorker - sharded-daemon-process-eventSourcedProjection-passivation-race-entity-passivation-race-view: Shutting down shard [0] from region [Actor[akka://akka-runtime/system/sharding/sharded-daemon-process-eventSourcedProjection-passivation-race-entity-passivation-race-view#48777042]]. Asking [1] region(s) to hand-off shard
08:08:43.397 DEBUG a.c.s.ShardCoordinator$RebalanceWorker - sharded-daemon-process-eventSourcedProjection-passivation-race-entity-passivation-race-view: BeginHandOffAck for shard [0] received from [Actor[akka://akka-runtime/system/sharding/sharded-daemon-process-eventSourcedProjection-passivation-race-entity-passivation-race-view#48777042]].
08:08:43.397 DEBUG a.c.s.ShardCoordinator$RebalanceWorker - sharded-daemon-process-eventSourcedProjection-passivation-race-entity-passivation-race-view: All shard regions acked, handing off shard [0].
08:08:43.397 DEBUG akka.cluster.sharding.Shard - sharded-daemon-process-eventSourcedProjection-passivation-race-entity-passivation-race-view: HandOff shard [0]
08:08:43.397 DEBUG akka.cluster.sharding.Shard - sharded-daemon-process-eventSourcedProjection-passivation-race-entity-passivation-race-view: Starting HandOffStopper for shard [0] to terminate [1] entities.
08:08:43.397 DEBUG a.c.sharding.DDataShardCoordinator - sharded-daemon-process-eventSourcedProjection-passivation-race-entity-passivation-race-consumer-a: Graceful shutdown of region [Actor[akka://akka-runtime/system/sharding/sharded-daemon-process-eventSourcedProjection-passivation-race-entity-passivation-race-consumer-a#1058937589]] with [1] shards
08:08:43.397 INFO  a.c.sharding.DDataShardCoordinator - sharded-daemon-process-eventSourcedProjection-passivation-race-entity-passivation-race-consumer-a: Starting shutting down shards [0] due to region shutting down or explicit stopping of shards.
08:08:43.398 DEBUG a.c.s.ShardCoordinator$RebalanceWorker - sharded-daemon-process-eventSourcedProjection-passivation-race-entity-passivation-race-consumer-a: Shutting down shard [0] from region [Actor[akka://akka-runtime/system/sharding/sharded-daemon-process-eventSourcedProjection-passivation-race-entity-passivation-race-consumer-a#1058937589]]. Asking [1] region(s) to hand-off shard
08:08:43.398 DEBUG a.c.s.ShardCoordinator$RebalanceWorker - sharded-daemon-process-eventSourcedProjection-passivation-race-entity-passivation-race-consumer-a: BeginHandOffAck for shard [0] received from [Actor[akka://akka-runtime/system/sharding/sharded-daemon-process-eventSourcedProjection-passivation-race-entity-passivation-race-consumer-a#1058937589]].
08:08:43.398 DEBUG a.c.s.ShardCoordinator$RebalanceWorker - sharded-daemon-process-eventSourcedProjection-passivation-race-entity-passivation-race-consumer-a: All shard regions acked, handing off shard [0].
08:08:43.398 DEBUG akka.cluster.sharding.Shard - sharded-daemon-process-eventSourcedProjection-passivation-race-entity-passivation-race-consumer-a: HandOff shard [0]
08:08:43.398 DEBUG akka.cluster.sharding.Shard - sharded-daemon-process-eventSourcedProjection-passivation-race-entity-passivation-race-consumer-a: Starting HandOffStopper for shard [0] to terminate [1] entities.
08:08:43.403 DEBUG akka.cluster.sharding.Shard - sharded-daemon-process-eventSourcedProjection-passivation-race-entity-passivation-race-view: Shard [0] shutting down
08:08:43.403 DEBUG a.c.sharding.DDataShardCoordinator - sharded-daemon-process-eventSourcedProjection-passivation-race-entity-passivation-race-view: Shard [0] deallocation completed successfully.
08:08:43.404 DEBUG a.c.sharding.DDataShardCoordinator - sharded-daemon-process-eventSourcedProjection-passivation-race-entity-passivation-race-view: The coordinator state was successfully updated with ShardHomeDeallocated(0)
08:08:43.404 DEBUG a.c.sharding.DDataShardCoordinator - sharded-daemon-process-eventSourcedProjection-passivation-race-entity-passivation-race-view: Shard [0] deallocated after
08:08:43.404 DEBUG a.c.sharding.DDataShardCoordinator - sharded-daemon-process-eventSourcedProjection-passivation-race-entity-passivation-race-view: ShardRegion terminated (gracefully): [Actor[akka://akka-runtime/system/sharding/sharded-daemon-process-eventSourcedProjection-passivation-race-entity-passivation-race-view#48777042]] {}
08:08:43.404 DEBUG a.c.sharding.DDataShardCoordinator - sharded-daemon-process-eventSourcedProjection-passivation-race-entity-passivation-race-view: GetShardHome [0] request from [Actor[akka://local/ignore]] stashed, because waiting for initial state or update of state. It will be handled afterwards.
08:08:43.405 DEBUG a.c.sharding.DDataShardCoordinator - sharded-daemon-process-eventSourcedProjection-passivation-race-entity-passivation-race-view: The coordinator state was successfully updated with ShardRegionTerminated(Actor[akka://akka-runtime/system/sharding/sharded-daemon-process-eventSourcedProjection-passivation-race-entity-passivation-race-view#48777042])
08:08:43.405 DEBUG a.c.sharding.DDataShardCoordinator - sharded-daemon-process-eventSourcedProjection-passivation-race-entity-passivation-race-view: ShardRegion stopped: [Actor[akka://akka-runtime/system/sharding/sharded-daemon-process-eventSourcedProjection-passivation-race-entity-passivation-race-view#48777042]]
08:08:43.405 DEBUG akka.cluster.sharding.Shard - sharded-daemon-process-eventSourcedProjection-passivation-race-entity-passivation-race-consumer-a: Shard [0] shutting down
08:08:43.405 DEBUG a.c.sharding.DDataShardCoordinator - sharded-daemon-process-eventSourcedProjection-passivation-race-entity-passivation-race-consumer-a: Shard [0] deallocation completed successfully.
08:08:43.406 DEBUG a.c.sharding.DDataShardCoordinator - sharded-daemon-process-eventSourcedProjection-passivation-race-entity-passivation-race-consumer-a: The coordinator state was successfully updated with ShardHomeDeallocated(0)
08:08:43.407 DEBUG a.c.sharding.DDataShardCoordinator - sharded-daemon-process-eventSourcedProjection-passivation-race-entity-passivation-race-consumer-a: Shard [0] deallocated after
08:08:43.407 DEBUG a.c.sharding.DDataShardCoordinator - sharded-daemon-process-eventSourcedProjection-passivation-race-entity-passivation-race-consumer-a: ShardRegion terminated (gracefully): [Actor[akka://akka-runtime/system/sharding/sharded-daemon-process-eventSourcedProjection-passivation-race-entity-passivation-race-consumer-a#1058937589]] {}
08:08:43.407 DEBUG a.c.sharding.DDataShardCoordinator - sharded-daemon-process-eventSourcedProjection-passivation-race-entity-passivation-race-consumer-a: GetShardHome [0] request from [Actor[akka://local/ignore]] stashed, because waiting for initial state or update of state. It will be handled afterwards.
08:08:43.407 DEBUG a.c.sharding.DDataShardCoordinator - sharded-daemon-process-eventSourcedProjection-passivation-race-entity-passivation-race-consumer-a: The coordinator state was successfully updated with ShardRegionTerminated(Actor[akka://akka-runtime/system/sharding/sharded-daemon-process-eventSourcedProjection-passivation-race-entity-passivation-race-consumer-a#1058937589])
08:08:43.407 DEBUG a.c.sharding.DDataShardCoordinator - sharded-daemon-process-eventSourcedProjection-passivation-race-entity-passivation-race-consumer-a: ShardRegion stopped: [Actor[akka://akka-runtime/system/sharding/sharded-daemon-process-eventSourcedProjection-passivation-race-entity-passivation-race-consumer-a#1058937589]]
08:08:43.407 DEBUG a.c.sharding.DDataShardCoordinator - sharded-daemon-process-eventSourcedProjection-passivation-race-entity-passivation-race-consumer-b: Shard [0] deallocation completed successfully.
08:08:43.407 DEBUG akka.cluster.sharding.Shard - sharded-daemon-process-eventSourcedProjection-passivation-race-entity-passivation-race-consumer-b: Shard [0] shutting down
08:08:43.407 DEBUG a.c.sharding.DDataShardCoordinator - sharded-daemon-process-eventSourcedProjection-passivation-race-entity-passivation-race-consumer-b: The coordinator state was successfully updated with ShardHomeDeallocated(0)
08:08:43.407 DEBUG a.c.sharding.DDataShardCoordinator - sharded-daemon-process-eventSourcedProjection-passivation-race-entity-passivation-race-consumer-b: Shard [0] deallocated after
08:08:43.407 DEBUG a.c.sharding.DDataShardCoordinator - sharded-daemon-process-eventSourcedProjection-passivation-race-entity-passivation-race-consumer-b: ShardRegion terminated (gracefully): [Actor[akka://akka-runtime/system/sharding/sharded-daemon-process-eventSourcedProjection-passivation-race-entity-passivation-race-consumer-b#148256672]] {}
08:08:43.407 DEBUG a.c.sharding.DDataShardCoordinator - sharded-daemon-process-eventSourcedProjection-passivation-race-entity-passivation-race-consumer-b: GetShardHome [0] request from [Actor[akka://local/ignore]] stashed, because waiting for initial state or update of state. It will be handled afterwards.
08:08:43.407 DEBUG a.c.sharding.DDataShardCoordinator - sharded-daemon-process-eventSourcedProjection-passivation-race-entity-passivation-race-consumer-b: The coordinator state was successfully updated with ShardRegionTerminated(Actor[akka://akka-runtime/system/sharding/sharded-daemon-process-eventSourcedProjection-passivation-race-entity-passivation-race-consumer-b#148256672])
08:08:43.407 DEBUG a.c.sharding.DDataShardCoordinator - sharded-daemon-process-eventSourcedProjection-passivation-race-entity-passivation-race-consumer-b: ShardRegion stopped: [Actor[akka://akka-runtime/system/sharding/sharded-daemon-process-eventSourcedProjection-passivation-race-entity-passivation-race-consumer-b#148256672]]
08:08:43.418 DEBUG a.c.sharding.DDataShardCoordinator - passivation-race-entity: Shard [241] deallocation completed successfully.
08:08:43.418 DEBUG akka.cluster.sharding.Shard - passivation-race-entity: Shard [241] shutting down
08:08:43.418 DEBUG akka.actor.CoordinatedShutdown - Performing phase [cluster-leave] with [1] tasks.
08:08:43.418 DEBUG akka.actor.CoordinatedShutdown - Performing task [leave] in CoordinatedShutdown phase [cluster-leave]
08:08:43.418 DEBUG a.c.sharding.DDataShardCoordinator - passivation-race-entity: The coordinator state was successfully updated with ShardHomeDeallocated(241)
08:08:43.418 DEBUG a.c.sharding.DDataShardCoordinator - passivation-race-entity: Shard [241] deallocated after
08:08:43.418 DEBUG a.c.sharding.DDataShardCoordinator - passivation-race-entity: ShardRegion terminated (gracefully): [Actor[akka://akka-runtime/system/sharding/passivation-race-entity#1349935932]] {}
08:08:43.418 DEBUG a.c.sharding.DDataShardCoordinator - passivation-race-entity: GetShardHome [241] request from [Actor[akka://local/ignore]] stashed, because waiting for initial state or update of state. It will be handled afterwards.
08:08:43.418 DEBUG a.c.sharding.DDataShardCoordinator - passivation-race-entity: The coordinator state was successfully updated with ShardRegionTerminated(Actor[akka://akka-runtime/system/sharding/passivation-race-entity#1349935932])
08:08:43.418 DEBUG a.c.sharding.DDataShardCoordinator - passivation-race-entity: ShardRegion stopped: [Actor[akka://akka-runtime/system/sharding/passivation-race-entity#1349935932]]
08:08:43.419 DEBUG a.c.singleton.ClusterSingletonProxy - Creating singleton identification timer...
08:08:43.419 DEBUG a.c.singleton.ClusterSingletonProxy - Creating singleton identification timer...
08:08:43.419 DEBUG a.c.singleton.ClusterSingletonProxy - Creating singleton identification timer...
08:08:43.419 DEBUG a.c.singleton.ClusterSingletonProxy - Creating singleton identification timer...
08:08:43.419 DEBUG akka.actor.CoordinatedShutdown - Performing phase [cluster-exiting] with [28] tasks.
08:08:43.419 DEBUG akka.actor.CoordinatedShutdown - Performing task [singleton-exiting-1] in CoordinatedShutdown phase [cluster-exiting]
08:08:43.419 DEBUG akka.actor.CoordinatedShutdown - Performing task [singleton-exiting-1] in CoordinatedShutdown phase [cluster-exiting]
08:08:43.419 DEBUG akka.actor.CoordinatedShutdown - Performing task [singleton-exiting-2] in CoordinatedShutdown phase [cluster-exiting]
08:08:43.419 DEBUG akka.actor.CoordinatedShutdown - Performing task [singleton-exiting-2] in CoordinatedShutdown phase [cluster-exiting]
08:08:43.419 DEBUG akka.actor.CoordinatedShutdown - Performing task [singleton-exiting-1] in CoordinatedShutdown phase [cluster-exiting]
08:08:43.419 INFO  a.c.s.ClusterSingletonManager - Oldest observed OldestChanged: [akka://akka-runtime@127.0.0.1:63340 -> None]
08:08:43.419 DEBUG akka.actor.CoordinatedShutdown - Performing task [wait-singleton-exiting] in CoordinatedShutdown phase [cluster-exiting]
08:08:43.419 DEBUG akka.actor.CoordinatedShutdown - Performing task [singleton-exiting-1] in CoordinatedShutdown phase [cluster-exiting]
08:08:43.419 DEBUG akka.actor.CoordinatedShutdown - Performing task [wait-singleton-exiting] in CoordinatedShutdown phase [cluster-exiting]
08:08:43.419 DEBUG akka.actor.CoordinatedShutdown - Performing task [singleton-exiting-2] in CoordinatedShutdown phase [cluster-exiting]
08:08:43.419 DEBUG akka.actor.CoordinatedShutdown - Performing task [wait-singleton-exiting] in CoordinatedShutdown phase [cluster-exiting]
08:08:43.419 DEBUG akka.actor.CoordinatedShutdown - Performing task [singleton-exiting-2] in CoordinatedShutdown phase [cluster-exiting]
08:08:43.419 INFO  a.c.s.ClusterSingletonManager - Oldest observed OldestChanged: [akka://akka-runtime@127.0.0.1:63340 -> None]
08:08:43.419 DEBUG akka.actor.CoordinatedShutdown - Performing task [singleton-exiting-1] in CoordinatedShutdown phase [cluster-exiting]
08:08:43.419 INFO  a.c.s.ClusterSingletonManager - ClusterSingletonManager state change [Oldest -> WasOldest]
08:08:43.419 DEBUG akka.actor.CoordinatedShutdown - Performing task [wait-exiting] in CoordinatedShutdown phase [cluster-exiting]
08:08:43.419 DEBUG akka.actor.CoordinatedShutdown - Performing task [singleton-exiting-2] in CoordinatedShutdown phase [cluster-exiting]
08:08:43.419 INFO  a.c.s.ClusterSingletonManager - ClusterSingletonManager state change [Oldest -> WasOldest]
08:08:43.419 DEBUG akka.actor.CoordinatedShutdown - Performing task [singleton-exiting-1] in CoordinatedShutdown phase [cluster-exiting]
08:08:43.419 DEBUG akka.actor.CoordinatedShutdown - Performing task [wait-singleton-exiting] in CoordinatedShutdown phase [cluster-exiting]
08:08:43.419 DEBUG akka.actor.CoordinatedShutdown - Performing task [singleton-exiting-2] in CoordinatedShutdown phase [cluster-exiting]
08:08:43.419 INFO  a.c.s.ClusterSingletonManager - Exited [akka://akka-runtime@127.0.0.1:63340].
08:08:43.419 DEBUG akka.actor.CoordinatedShutdown - Performing task [singleton-exiting-1] in CoordinatedShutdown phase [cluster-exiting]
08:08:43.419 DEBUG akka.actor.CoordinatedShutdown - Performing task [wait-singleton-exiting] in CoordinatedShutdown phase [cluster-exiting]
08:08:43.419 DEBUG akka.actor.CoordinatedShutdown - Performing task [wait-singleton-exiting] in CoordinatedShutdown phase [cluster-exiting]
08:08:43.419 INFO  a.c.s.ClusterSingletonManager - Exited [akka://akka-runtime@127.0.0.1:63340].
08:08:43.419 DEBUG akka.actor.CoordinatedShutdown - Performing task [singleton-exiting-2] in CoordinatedShutdown phase [cluster-exiting]
08:08:43.419 DEBUG akka.actor.CoordinatedShutdown - Performing task [singleton-exiting-2] in CoordinatedShutdown phase [cluster-exiting]
08:08:43.419 DEBUG akka.actor.CoordinatedShutdown - Performing task [singleton-exiting-1] in CoordinatedShutdown phase [cluster-exiting]
08:08:43.419 INFO  a.c.s.ClusterSingletonManager - Exited [akka://akka-runtime@127.0.0.1:63340].
08:08:43.420 DEBUG akka.actor.CoordinatedShutdown - Performing task [wait-singleton-exiting] in CoordinatedShutdown phase [cluster-exiting]
08:08:43.420 DEBUG akka.actor.CoordinatedShutdown - Performing task [wait-singleton-exiting] in CoordinatedShutdown phase [cluster-exiting]
08:08:43.420 INFO  a.c.s.ClusterSingletonManager - Oldest observed OldestChanged: [akka://akka-runtime@127.0.0.1:63340 -> None]
08:08:43.420 DEBUG akka.actor.CoordinatedShutdown - Performing task [wait-singleton-exiting] in CoordinatedShutdown phase [cluster-exiting]
08:08:43.420 DEBUG akka.actor.CoordinatedShutdown - Performing task [singleton-exiting-2] in CoordinatedShutdown phase [cluster-exiting]
08:08:43.420 DEBUG akka.actor.CoordinatedShutdown - Performing task [singleton-exiting-1] in CoordinatedShutdown phase [cluster-exiting]
08:08:43.420 INFO  a.c.s.ClusterSingletonManager - ClusterSingletonManager state change [Oldest -> WasOldest]
08:08:43.420 INFO  a.c.s.ClusterSingletonManager - Exited [akka://akka-runtime@127.0.0.1:63340].
08:08:43.420 INFO  a.c.s.ClusterSingletonManager - Singleton manager stopping singleton actor [akka://akka-runtime/system/singletonManagerShardedDaemonProcessCoordinator-eventSourcedProjection-passivation-race-entity-passivation-race-view/ShardedDaemonProcessCoordinator-eventSourcedProjection-passivation-race-entity-passivation-race-view]
08:08:43.420 INFO  a.c.s.ClusterSingletonManager - ClusterSingletonManager state change [WasOldest -> Stopping]
08:08:43.420 INFO  a.c.s.ClusterSingletonManager - Oldest observed OldestChanged: [akka://akka-runtime@127.0.0.1:63340 -> None]
08:08:43.420 INFO  a.c.s.ClusterSingletonManager - ClusterSingletonManager state change [Oldest -> WasOldest]
08:08:43.420 INFO  a.c.s.ClusterSingletonManager - Exited [akka://akka-runtime@127.0.0.1:63340].
08:08:43.420 INFO  a.c.s.ClusterSingletonManager - Singleton manager stopping singleton actor [akka://akka-runtime/system/singletonManagerShardedDaemonProcessCoordinator-eventSourcedProjection-passivation-race-entity-passivation-race-consumer-a/ShardedDaemonProcessCoordinator-eventSourcedProjection-passivation-race-entity-passivation-race-consumer-a]
08:08:43.420 INFO  a.c.s.ClusterSingletonManager - ClusterSingletonManager state change [WasOldest -> Stopping]
08:08:43.420 INFO  a.c.s.ClusterSingletonManager - Singleton actor [akka://akka-runtime/system/singletonManagerShardedDaemonProcessCoordinator-eventSourcedProjection-passivation-race-entity-passivation-race-view/ShardedDaemonProcessCoordinator-eventSourcedProjection-passivation-race-entity-passivation-race-view] was terminated
08:08:43.420 INFO  a.c.s.ClusterSingletonManager - Exited [akka://akka-runtime@127.0.0.1:63340].
08:08:43.420 INFO  a.c.s.ClusterSingletonManager - Oldest observed OldestChanged: [akka://akka-runtime@127.0.0.1:63340 -> None]
08:08:43.420 INFO  a.c.s.ClusterSingletonManager - Oldest observed OldestChanged: [akka://akka-runtime@127.0.0.1:63340 -> None]
08:08:43.420 INFO  a.c.s.ClusterSingletonManager - Exited [akka://akka-runtime@127.0.0.1:63340].
08:08:43.420 INFO  a.c.s.ClusterSingletonManager - Singleton actor [akka://akka-runtime/system/singletonManagerShardedDaemonProcessCoordinator-eventSourcedProjection-passivation-race-entity-passivation-race-consumer-a/ShardedDaemonProcessCoordinator-eventSourcedProjection-passivation-race-entity-passivation-race-consumer-a] was terminated
08:08:43.420 INFO  a.c.s.ClusterSingletonManager - ClusterSingletonManager state change [Oldest -> WasOldest]
08:08:43.420 INFO  a.c.s.ClusterSingletonManager - ClusterSingletonManager state change [Oldest -> WasOldest]
08:08:43.420 INFO  a.c.s.ClusterSingletonManager - Exited [akka://akka-runtime@127.0.0.1:63340].
08:08:43.420 INFO  a.c.s.ClusterSingletonManager - Singleton manager stopping singleton actor [akka://akka-runtime/system/sharding/sharded-daemon-process-eventSourcedProjection-passivation-race-entity-passivation-race-consumer-aCoordinator/singleton]
08:08:43.420 INFO  a.c.s.ClusterSingletonManager - Singleton manager stopping singleton actor [akka://akka-runtime/system/sharding/sharded-daemon-process-eventSourcedProjection-passivation-race-entity-passivation-race-consumer-bCoordinator/singleton]
08:08:43.420 INFO  a.c.s.ClusterSingletonManager - ClusterSingletonManager state change [WasOldest -> Stopping]
08:08:43.420 INFO  a.c.s.ClusterSingletonManager - Exited [akka://akka-runtime@127.0.0.1:63340].
08:08:43.420 INFO  a.c.s.ClusterSingletonManager - ClusterSingletonManager state change [WasOldest -> Stopping]
08:08:43.420 INFO  a.c.s.ClusterSingletonManager - Oldest observed OldestChanged: [akka://akka-runtime@127.0.0.1:63340 -> None]
08:08:43.420 INFO  a.c.s.ClusterSingletonManager - ClusterSingletonManager state change [Oldest -> WasOldest]
08:08:43.420 INFO  a.c.s.ClusterSingletonManager - Singleton manager stopping singleton actor [akka://akka-runtime/system/sharding/_timerCoordinator/singleton]
08:08:43.420 INFO  a.c.s.ClusterSingletonManager - Oldest observed OldestChanged: [akka://akka-runtime@127.0.0.1:63340 -> None]
08:08:43.420 INFO  a.c.s.ClusterSingletonManager - ClusterSingletonManager state change [WasOldest -> Stopping]
08:08:43.420 DEBUG a.c.sharding.DDataShardCoordinator - sharded-daemon-process-eventSourcedProjection-passivation-race-entity-passivation-race-consumer-b: Received termination message.
08:08:43.420 DEBUG a.c.sharding.DDataShardCoordinator - _timer: Received termination message.
08:08:43.420 INFO  a.c.s.ClusterSingletonManager - Singleton actor [akka://akka-runtime/system/sharding/sharded-daemon-process-eventSourcedProjection-passivation-race-entity-passivation-race-consumer-bCoordinator/singleton] was terminated
08:08:43.420 INFO  a.c.s.ClusterSingletonManager - Singleton actor [akka://akka-runtime/system/sharding/_timerCoordinator/singleton] was terminated
08:08:43.420 INFO  a.c.s.ClusterSingletonManager - Oldest observed OldestChanged: [akka://akka-runtime@127.0.0.1:63340 -> None]
08:08:43.420 INFO  a.c.s.ClusterSingletonManager - Singleton manager stopping singleton actor [akka://akka-runtime/system/sharding/sharded-daemon-process-eventSourcedProjection-passivation-race-entity-passivation-race-viewCoordinator/singleton]
08:08:43.420 INFO  a.c.s.ClusterSingletonManager - ClusterSingletonManager state change [Oldest -> WasOldest]
08:08:43.420 INFO  a.c.s.ClusterSingletonManager - ClusterSingletonManager state change [WasOldest -> Stopping]
08:08:43.420 INFO  a.c.s.ClusterSingletonManager - Singleton manager stopping singleton actor [akka://akka-runtime/system/singletonManagerShardedDaemonProcessCoordinator-eventSourcedProjection-passivation-race-entity-passivation-race-consumer-b/ShardedDaemonProcessCoordinator-eventSourcedProjection-passivation-race-entity-passivation-race-consumer-b]
08:08:43.420 DEBUG a.c.sharding.DDataShardCoordinator - sharded-daemon-process-eventSourcedProjection-passivation-race-entity-passivation-race-view: Received termination message.
08:08:43.420 INFO  a.c.s.ClusterSingletonManager - ClusterSingletonManager state change [WasOldest -> Stopping]
08:08:43.420 INFO  a.c.s.ClusterSingletonManager - Singleton manager stopping singleton actor [akka://akka-runtime/system/singletonManagerschemaSingleton/schemaSingleton]
08:08:43.420 INFO  a.c.s.ClusterSingletonManager - ClusterSingletonManager state change [WasOldest -> Stopping]
08:08:43.420 INFO  a.c.s.ClusterSingletonManager - Singleton actor [akka://akka-runtime/system/singletonManagerShardedDaemonProcessCoordinator-eventSourcedProjection-passivation-race-entity-passivation-race-consumer-b/ShardedDaemonProcessCoordinator-eventSourcedProjection-passivation-race-entity-passivation-race-consumer-b] was terminated
08:08:43.420 INFO  a.c.s.ClusterSingletonManager - Singleton actor [akka://akka-runtime/system/sharding/sharded-daemon-process-eventSourcedProjection-passivation-race-entity-passivation-race-viewCoordinator/singleton] was terminated
08:08:43.420 INFO  a.c.s.ClusterSingletonManager - Singleton actor [akka://akka-runtime/system/singletonManagerschemaSingleton/schemaSingleton] was terminated
08:08:43.420 DEBUG a.c.sharding.DDataShardCoordinator - sharded-daemon-process-eventSourcedProjection-passivation-race-entity-passivation-race-consumer-a: Received termination message.
08:08:43.421 INFO  a.c.s.ClusterSingletonManager - Singleton actor [akka://akka-runtime/system/sharding/sharded-daemon-process-eventSourcedProjection-passivation-race-entity-passivation-race-consumer-aCoordinator/singleton] was terminated
08:08:43.421 ERROR repro.Bootstrap - onStartup() threw an exception
java.util.concurrent.TimeoutException: Command to entity [passivation-race-entity] id [32bfe8fa-883c-4d4f-b52e-952ec703d982] timed out.
	at kalix.runtime.eventsourcedentity.EventSourcedSupport$$anonfun$$nestedInanonfun$handleCommand$1$1.applyOrElse(EventSourcedEntitySupportFactory.scala:191)
	at kalix.runtime.eventsourcedentity.EventSourcedSupport$$anonfun$$nestedInanonfun$handleCommand$1$1.applyOrElse(EventSourcedEntitySupportFactory.scala:189)
	at scala.concurrent.impl.Promise$Transformation.run(Promise.scala:523)
	at akka.dispatch.BatchingExecutor$AbstractBatch.processBatch(BatchingExecutor.scala:64)
	at akka.dispatch.BatchingExecutor$BlockableBatch.$anonfun$run$1(BatchingExecutor.scala:101)
	at scala.runtime.java8.JFunction0$mcV$sp.apply(JFunction0$mcV$sp.scala:18)
	at scala.concurrent.BlockContext$.withBlockContext(BlockContext.scala:94)
	at akka.dispatch.BatchingExecutor$BlockableBatch.run(BatchingExecutor.scala:101)
	at akka.dispatch.TaskInvocation.run(AbstractDispatcher.scala:48)
	at akka.dispatch.ForkJoinExecutorConfigurator$AkkaForkJoinTask.exec(ForkJoinExecutorConfigurator.scala:60)
	at java.base/java.util.concurrent.ForkJoinTask.doExec(ForkJoinTask.java:507)
	at java.base/java.util.concurrent.ForkJoinPool$WorkQueue.topLevelExec(ForkJoinPool.java:1450)
	at java.base/java.util.concurrent.ForkJoinPool.runWorker(ForkJoinPool.java:2019)
	at java.base/java.util.concurrent.ForkJoinWorkerThread.run(ForkJoinWorkerThread.java:187)
08:08:43.421 INFO  a.c.s.ClusterSingletonManager - ClusterSingletonManager state change [Oldest -> WasOldest]
08:08:43.421 INFO  a.c.s.ClusterSingletonManager - Singleton manager stopping singleton actor [akka://akka-runtime/system/sharding/passivation-race-entityCoordinator/singleton]
08:08:43.421 INFO  a.c.s.ClusterSingletonManager - ClusterSingletonManager state change [WasOldest -> Stopping]
08:08:43.421 DEBUG a.c.sharding.DDataShardCoordinator - passivation-race-entity: Received termination message.
08:08:43.421 INFO  a.c.s.ClusterSingletonManager - Singleton actor [akka://akka-runtime/system/sharding/passivation-race-entityCoordinator/singleton] was terminated
08:08:43.422 DEBUG akka.actor.CoordinatedShutdown - Performing phase [cluster-exiting-done] with [1] tasks.
08:08:43.422 DEBUG akka.actor.CoordinatedShutdown - Performing task [exiting-completed] in CoordinatedShutdown phase [cluster-exiting-done]
08:08:43.422 DEBUG akka.actor.CoordinatedShutdown - Performing phase [cluster-shutdown] with [1] tasks.
08:08:43.422 DEBUG akka.actor.CoordinatedShutdown - Performing task [wait-shutdown] in CoordinatedShutdown phase [cluster-shutdown]
08:08:43.422 DEBUG akka.actor.CoordinatedShutdown - Performing phase [before-actor-system-terminate] with [2] tasks.
08:08:43.422 DEBUG akka.actor.CoordinatedShutdown - Performing task [close connection pools] in CoordinatedShutdown phase [before-actor-system-terminate]
08:08:43.423 DEBUG akka.actor.CoordinatedShutdown - Performing task [close-grpc-channels] in CoordinatedShutdown phase [before-actor-system-terminate]
08:08:43.423 DEBUG akka.actor.CoordinatedShutdown - Performing phase [actor-system-terminate] with [1] tasks.
08:08:43.423 DEBUG akka.actor.CoordinatedShutdown - Performing task [terminate-system] in CoordinatedShutdown phase [actor-system-terminate]
08:08:43.481 INFO  akka.runtime.AkkaRuntimeMain - Starting Akka Runtime version [1.6.15]
08:08:43.487 INFO  akka.javasdk.impl.ComponentLocator$ - Looking for component descriptors matching pattern [META-INF/akka-javasdk-components_*.conf]
08:08:43.492 INFO  akka.javasdk.testkit.TestKit - Eventing TestKit booting up on port: 63346
08:08:43.493 DEBUG a.c.singleton.ClusterSingletonProxy - Creating singleton identification timer...
08:08:43.493 DEBUG a.c.singleton.ClusterSingletonProxy - Trying to identify singleton at [akka://akka-runtime@127.0.0.1:63347/system/singletonManagerschemaSingleton/schemaSingleton]
08:08:43.493 DEBUG a.c.singleton.ClusterSingletonProxy - Singleton not available, buffering message type [kalix.runtime.SchemaSingleton$ExecDdl]
08:08:43.493 INFO  a.c.s.ClusterSingletonManager - Singleton manager starting singleton actor [akka://akka-runtime/system/singletonManagerschemaSingleton/schemaSingleton]
08:08:43.493 INFO  a.c.s.ClusterSingletonManager - ClusterSingletonManager state change [Start -> Oldest]
08:08:43.494 INFO  akka.javasdk.testkit.TestKit - Checking runtime status
08:08:43.556 DEBUG a.c.singleton.ClusterSingletonProxy - Trying to identify singleton at [akka://akka-runtime@127.0.0.1:63347/system/singletonManagerschemaSingleton/schemaSingleton]
08:08:43.556 INFO  a.c.singleton.ClusterSingletonProxy - Singleton identified at [akka://akka-runtime/system/singletonManagerschemaSingleton/schemaSingleton]
08:08:43.556 DEBUG a.c.singleton.ClusterSingletonProxy - Sending buffered messages to current singleton instance
08:08:43.558 INFO  a.c.s.typed.scaladsl.ClusterSharding - Starting Shard Region [passivation-race-entity]...
08:08:43.559 INFO  akka.cluster.sharding.ShardRegion - passivation-race-entity: Automatic entity passivation: composite strategy with limit of [10000] active entities, admission window (least recently used entities) with proportions [initial = 0.01, min = 0.01, max = 1.0] adapting with hill-climbing optimizer [adjust multiplier = 10.0, initial step = 0.0625, restart threshold = 0.05, step decay = 0.98], admit using frequency sketch [width multiplier = 4, reset multiplier = 10.0, depth = 4, counter bits = 4], main (least recently used entities (segmented with [2] levels with proportions of [0.20, 0.80]))
08:08:43.559 INFO  a.c.s.ClusterSingletonManager - Singleton manager starting singleton actor [akka://akka-runtime/system/sharding/passivation-race-entityCoordinator/singleton]
08:08:43.559 INFO  a.c.s.ClusterSingletonManager - ClusterSingletonManager state change [Start -> Oldest]
08:08:43.559 DEBUG a.c.sharding.DDataShardCoordinator - passivation-race-entity: Initial coordinator is empty.
08:08:43.559 INFO  a.c.sharding.DDataShardCoordinator - passivation-race-entity: ShardCoordinator was moved to the active state with [0] shards
08:08:43.560 DEBUG a.c.singleton.ClusterSingletonProxy - Forwarding message of type [SchemaSingleton$ExecDdl] to current singleton instance at [akka://akka-runtime/system/singletonManagerschemaSingleton/schemaSingleton]
08:08:43.561 INFO  akka.runtime.DiscoveryManager - Service components: EventSourcedEntity: [1], Consumer: [2], View: [1]
08:08:43.561 INFO  a.c.s.typed.scaladsl.ClusterSharding - Starting Shard Region [_timer]...
08:08:43.562 INFO  a.c.s.typed.scaladsl.ClusterSharding - Starting Shard Region [sharded-daemon-process-eventSourcedProjection-passivation-race-entity-passivation-race-consumer-a]...
08:08:43.562 INFO  a.c.s.ClusterSingletonManager - Singleton manager starting singleton actor [akka://akka-runtime/system/sharding/_timerCoordinator/singleton]
08:08:43.562 INFO  a.c.s.ClusterSingletonManager - ClusterSingletonManager state change [Start -> Oldest]
08:08:43.562 DEBUG a.c.sharding.DDataShardCoordinator - _timer: Starting remember entities store from provider akka.cluster.sharding.internal.DDataRememberEntitiesProvider@22e6b42a
08:08:43.562 DEBUG a.c.sharding.DDataShardCoordinator - _timer: Initial coordinator is empty.
08:08:43.562 INFO  a.c.sharding.DDataShardCoordinator - _timer: ShardCoordinator was moved to the active state with [0] shards
08:08:43.562 DEBUG a.c.sharding.DDataShardCoordinator - _timer: Received [0] remembered shard ids (after state initialized)
08:08:43.562 INFO  akka.cluster.sharding.ShardRegion - sharded-daemon-process-eventSourcedProjection-passivation-race-entity-passivation-race-consumer-a: Automatic entity passivation: disabled
08:08:43.562 INFO  a.c.s.typed.scaladsl.ClusterSharding - Starting Shard Region [sharded-daemon-process-eventSourcedProjection-passivation-race-entity-passivation-race-consumer-b]...
08:08:43.563 INFO  akka.cluster.sharding.ShardRegion - sharded-daemon-process-eventSourcedProjection-passivation-race-entity-passivation-race-consumer-b: Automatic entity passivation: disabled
08:08:43.563 DEBUG a.c.singleton.ClusterSingletonProxy - Creating singleton identification timer...
08:08:43.563 DEBUG a.c.singleton.ClusterSingletonProxy - Trying to identify singleton at [akka://akka-runtime@127.0.0.1:63347/system/singletonManagerShardedDaemonProcessCoordinator-eventSourcedProjection-passivation-race-entity-passivation-race-consumer-a/ShardedDaemonProcessCoordinator-eventSourcedProjection-passivation-race-entity-passivation-race-consumer-a]
08:08:43.563 INFO  a.c.s.typed.scaladsl.ClusterSharding - Starting Shard Region [sharded-daemon-process-eventSourcedProjection-passivation-race-entity-passivation-race-view]...
08:08:43.563 DEBUG a.c.singleton.ClusterSingletonProxy - Creating singleton identification timer...
08:08:43.563 INFO  a.c.s.ClusterSingletonManager - Singleton manager starting singleton actor [akka://akka-runtime/system/sharding/sharded-daemon-process-eventSourcedProjection-passivation-race-entity-passivation-race-consumer-aCoordinator/singleton]
08:08:43.563 INFO  a.c.s.ClusterSingletonManager - Singleton manager starting singleton actor [akka://akka-runtime/system/singletonManagerShardedDaemonProcessCoordinator-eventSourcedProjection-passivation-race-entity-passivation-race-consumer-a/ShardedDaemonProcessCoordinator-eventSourcedProjection-passivation-race-entity-passivation-race-consumer-a]
08:08:43.563 DEBUG a.c.singleton.ClusterSingletonProxy - Trying to identify singleton at [akka://akka-runtime@127.0.0.1:63347/system/singletonManagerShardedDaemonProcessCoordinator-eventSourcedProjection-passivation-race-entity-passivation-race-consumer-b/ShardedDaemonProcessCoordinator-eventSourcedProjection-passivation-race-entity-passivation-race-consumer-b]
08:08:43.563 INFO  a.c.s.ClusterSingletonManager - ClusterSingletonManager state change [Start -> Oldest]
08:08:43.563 INFO  a.c.s.ClusterSingletonManager - ClusterSingletonManager state change [Start -> Oldest]
08:08:43.563 INFO  akka.cluster.sharding.ShardRegion - sharded-daemon-process-eventSourcedProjection-passivation-race-entity-passivation-race-view: Automatic entity passivation: disabled
08:08:43.563 DEBUG a.c.s.t.i.ShardedDaemonProcessCoordinator$ - ShardedDaemonProcessCoordinator for [eventSourcedProjection-passivation-race-entity-passivation-race-consumer-a] starting
08:08:43.563 DEBUG a.c.sharding.DDataShardCoordinator - sharded-daemon-process-eventSourcedProjection-passivation-race-entity-passivation-race-consumer-a: Initial coordinator is empty.
08:08:43.563 INFO  a.c.sharding.DDataShardCoordinator - sharded-daemon-process-eventSourcedProjection-passivation-race-entity-passivation-race-consumer-a: ShardCoordinator was moved to the active state with [0] shards
08:08:43.563 DEBUG a.c.s.t.i.ShardedDaemonProcessCoordinator$ - eventSourcedProjection-passivation-race-entity-passivation-race-consumer-a: No previous state stored for Sharded Daemon Process
08:08:43.563 DEBUG a.c.s.t.i.ShardedDaemonProcessCoordinator$ - Sending periodic keep alive for Sharded Daemon Process [eventSourcedProjection-passivation-race-entity-passivation-race-consumer-a] to [1] processes (revision [0]).
08:08:43.563 INFO  a.c.s.ClusterSingletonManager - Singleton manager starting singleton actor [akka://akka-runtime/system/sharding/sharded-daemon-process-eventSourcedProjection-passivation-race-entity-passivation-race-consumer-bCoordinator/singleton]
08:08:43.564 INFO  a.c.s.ClusterSingletonManager - ClusterSingletonManager state change [Start -> Oldest]
08:08:43.564 DEBUG a.c.sharding.DDataShardCoordinator - sharded-daemon-process-eventSourcedProjection-passivation-race-entity-passivation-race-consumer-b: Initial coordinator is empty.
08:08:43.564 INFO  a.c.sharding.DDataShardCoordinator - sharded-daemon-process-eventSourcedProjection-passivation-race-entity-passivation-race-consumer-b: ShardCoordinator was moved to the active state with [0] shards
08:08:43.564 DEBUG a.c.singleton.ClusterSingletonProxy - Creating singleton identification timer...
08:08:43.564 DEBUG a.c.singleton.ClusterSingletonProxy - Trying to identify singleton at [akka://akka-runtime@127.0.0.1:63347/system/singletonManagerShardedDaemonProcessCoordinator-eventSourcedProjection-passivation-race-entity-passivation-race-view/ShardedDaemonProcessCoordinator-eventSourcedProjection-passivation-race-entity-passivation-race-view]
08:08:43.564 INFO  a.c.s.ClusterSingletonManager - Singleton manager starting singleton actor [akka://akka-runtime/system/singletonManagerShardedDaemonProcessCoordinator-eventSourcedProjection-passivation-race-entity-passivation-race-consumer-b/ShardedDaemonProcessCoordinator-eventSourcedProjection-passivation-race-entity-passivation-race-consumer-b]
08:08:43.564 INFO  a.c.s.ClusterSingletonManager - ClusterSingletonManager state change [Start -> Oldest]
08:08:43.564 DEBUG a.c.s.t.i.ShardedDaemonProcessCoordinator$ - ShardedDaemonProcessCoordinator for [eventSourcedProjection-passivation-race-entity-passivation-race-consumer-b] starting
08:08:43.564 INFO  akka.runtime.DiscoveryManager - Akka Runtime started at 127.0.0.1:63345
08:08:43.564 DEBUG a.c.s.t.i.ShardedDaemonProcessCoordinator$ - eventSourcedProjection-passivation-race-entity-passivation-race-consumer-b: No previous state stored for Sharded Daemon Process
08:08:43.564 DEBUG a.c.s.t.i.ShardedDaemonProcessCoordinator$ - Sending periodic keep alive for Sharded Daemon Process [eventSourcedProjection-passivation-race-entity-passivation-race-consumer-b] to [1] processes (revision [0]).
08:08:43.564 INFO  a.c.s.ClusterSingletonManager - Singleton manager starting singleton actor [akka://akka-runtime/system/sharding/sharded-daemon-process-eventSourcedProjection-passivation-race-entity-passivation-race-viewCoordinator/singleton]
08:08:43.564 INFO  a.c.s.ClusterSingletonManager - Singleton manager starting singleton actor [akka://akka-runtime/system/singletonManagerShardedDaemonProcessCoordinator-eventSourcedProjection-passivation-race-entity-passivation-race-view/ShardedDaemonProcessCoordinator-eventSourcedProjection-passivation-race-entity-passivation-race-view]
08:08:43.564 INFO  a.c.s.ClusterSingletonManager - ClusterSingletonManager state change [Start -> Oldest]
08:08:43.564 INFO  a.c.s.ClusterSingletonManager - ClusterSingletonManager state change [Start -> Oldest]
08:08:43.564 INFO  repro.Bootstrap - onStartup burst of 8 starting
08:08:43.564 DEBUG a.c.s.t.i.ShardedDaemonProcessCoordinator$ - ShardedDaemonProcessCoordinator for [eventSourcedProjection-passivation-race-entity-passivation-race-view] starting
08:08:43.564 DEBUG a.c.sharding.DDataShardCoordinator - sharded-daemon-process-eventSourcedProjection-passivation-race-entity-passivation-race-view: Initial coordinator is empty.
08:08:43.564 INFO  a.c.sharding.DDataShardCoordinator - sharded-daemon-process-eventSourcedProjection-passivation-race-entity-passivation-race-view: ShardCoordinator was moved to the active state with [0] shards
08:08:43.564 DEBUG a.c.s.t.i.ShardedDaemonProcessCoordinator$ - eventSourcedProjection-passivation-race-entity-passivation-race-view: No previous state stored for Sharded Daemon Process
08:08:43.565 DEBUG a.c.s.t.i.ShardedDaemonProcessCoordinator$ - Sending periodic keep alive for Sharded Daemon Process [eventSourcedProjection-passivation-race-entity-passivation-race-view] to [1] processes (revision [0]).
08:08:43.609 INFO  akka.javasdk.testkit.TestKit - Runtime started
08:08:43.609 INFO  akka.actor.CoordinatedShutdown - Running CoordinatedShutdown with reason [ActorSystemTerminateReason]
08:08:43.609 DEBUG akka.actor.CoordinatedShutdown - Performing phase [before-service-unbind] with [0] tasks
08:08:43.609 DEBUG akka.actor.CoordinatedShutdown - Performing phase [service-unbind] with [1] tasks.
08:08:43.609 DEBUG akka.actor.CoordinatedShutdown - Performing task [http-unbind-/127.0.0.1:63345] in CoordinatedShutdown phase [service-unbind]
08:08:43.609 DEBUG akka.actor.CoordinatedShutdown - Performing phase [service-requests-done] with [1] tasks.
08:08:43.609 DEBUG akka.actor.CoordinatedShutdown - Performing task [http-terminate-/127.0.0.1:63345] in CoordinatedShutdown phase [service-requests-done]
08:08:43.609 DEBUG akka.actor.CoordinatedShutdown - Performing phase [service-stop] with [1] tasks.
08:08:43.609 DEBUG akka.actor.CoordinatedShutdown - Performing task [stop-grpc-clients] in CoordinatedShutdown phase [service-stop]
08:08:43.609 DEBUG akka.actor.CoordinatedShutdown - Performing phase [before-cluster-shutdown] with [0] tasks
08:08:43.609 DEBUG akka.actor.CoordinatedShutdown - Performing phase [cluster-sharding-shutdown-region] with [5] tasks.
08:08:43.609 DEBUG akka.actor.CoordinatedShutdown - Performing task [region-shutdown] in CoordinatedShutdown phase [cluster-sharding-shutdown-region]
08:08:43.609 DEBUG akka.actor.CoordinatedShutdown - Performing task [region-shutdown] in CoordinatedShutdown phase [cluster-sharding-shutdown-region]
08:08:43.609 DEBUG akka.actor.CoordinatedShutdown - Performing task [region-shutdown] in CoordinatedShutdown phase [cluster-sharding-shutdown-region]
08:08:43.609 DEBUG akka.actor.CoordinatedShutdown - Performing task [region-shutdown] in CoordinatedShutdown phase [cluster-sharding-shutdown-region]
08:08:43.609 DEBUG akka.actor.CoordinatedShutdown - Performing task [region-shutdown] in CoordinatedShutdown phase [cluster-sharding-shutdown-region]
08:08:43.609 DEBUG a.c.sharding.DDataShardCoordinator - sharded-daemon-process-eventSourcedProjection-passivation-race-entity-passivation-race-consumer-a: Unknown region requested graceful shutdown [Actor[akka://akka-runtime/system/sharding/sharded-daemon-process-eventSourcedProjection-passivation-race-entity-passivation-race-consumer-a#1616071150]]
08:08:43.609 DEBUG a.c.sharding.DDataShardCoordinator - sharded-daemon-process-eventSourcedProjection-passivation-race-entity-passivation-race-view: Unknown region requested graceful shutdown [Actor[akka://akka-runtime/system/sharding/sharded-daemon-process-eventSourcedProjection-passivation-race-entity-passivation-race-view#1382089463]]
08:08:43.609 DEBUG a.c.sharding.DDataShardCoordinator - _timer: Unknown region requested graceful shutdown [Actor[akka://akka-runtime/system/sharding/_timer#-1796608491]]
08:08:43.609 DEBUG a.c.sharding.DDataShardCoordinator - passivation-race-entity: Unknown region requested graceful shutdown [Actor[akka://akka-runtime/system/sharding/passivation-race-entity#2019520889]]
08:08:43.609 DEBUG a.c.sharding.DDataShardCoordinator - sharded-daemon-process-eventSourcedProjection-passivation-race-entity-passivation-race-consumer-b: Unknown region requested graceful shutdown [Actor[akka://akka-runtime/system/sharding/sharded-daemon-process-eventSourcedProjection-passivation-race-entity-passivation-race-consumer-b#524933612]]
08:08:43.626 DEBUG a.c.singleton.ClusterSingletonProxy - Trying to identify singleton at [akka://akka-runtime@127.0.0.1:63347/system/singletonManagerShardedDaemonProcessCoordinator-eventSourcedProjection-passivation-race-entity-passivation-race-consumer-b/ShardedDaemonProcessCoordinator-eventSourcedProjection-passivation-race-entity-passivation-race-consumer-b]
08:08:43.626 DEBUG a.c.singleton.ClusterSingletonProxy - Trying to identify singleton at [akka://akka-runtime@127.0.0.1:63347/system/singletonManagerShardedDaemonProcessCoordinator-eventSourcedProjection-passivation-race-entity-passivation-race-consumer-a/ShardedDaemonProcessCoordinator-eventSourcedProjection-passivation-race-entity-passivation-race-consumer-a]
08:08:43.626 INFO  a.c.singleton.ClusterSingletonProxy - Singleton identified at [akka://akka-runtime/system/singletonManagerShardedDaemonProcessCoordinator-eventSourcedProjection-passivation-race-entity-passivation-race-consumer-a/ShardedDaemonProcessCoordinator-eventSourcedProjection-passivation-race-entity-passivation-race-consumer-a]
08:08:43.626 DEBUG a.c.singleton.ClusterSingletonProxy - Sending buffered messages to current singleton instance
08:08:43.626 INFO  a.c.singleton.ClusterSingletonProxy - Singleton identified at [akka://akka-runtime/system/singletonManagerShardedDaemonProcessCoordinator-eventSourcedProjection-passivation-race-entity-passivation-race-consumer-b/ShardedDaemonProcessCoordinator-eventSourcedProjection-passivation-race-entity-passivation-race-consumer-b]
08:08:43.626 DEBUG a.c.singleton.ClusterSingletonProxy - Sending buffered messages to current singleton instance
08:08:43.626 DEBUG a.c.singleton.ClusterSingletonProxy - Trying to identify singleton at [akka://akka-runtime@127.0.0.1:63347/system/singletonManagerShardedDaemonProcessCoordinator-eventSourcedProjection-passivation-race-entity-passivation-race-view/ShardedDaemonProcessCoordinator-eventSourcedProjection-passivation-race-entity-passivation-race-view]
08:08:43.626 INFO  a.c.singleton.ClusterSingletonProxy - Singleton identified at [akka://akka-runtime/system/singletonManagerShardedDaemonProcessCoordinator-eventSourcedProjection-passivation-race-entity-passivation-race-view/ShardedDaemonProcessCoordinator-eventSourcedProjection-passivation-race-entity-passivation-race-view]
08:08:43.626 DEBUG a.c.singleton.ClusterSingletonProxy - Sending buffered messages to current singleton instance
08:08:43.826 DEBUG a.c.sharding.DDataShardCoordinator - sharded-daemon-process-eventSourcedProjection-passivation-race-entity-passivation-race-consumer-b: ShardRegion registered: [Actor[akka://akka-runtime/system/sharding/sharded-daemon-process-eventSourcedProjection-passivation-race-entity-passivation-race-consumer-b#524933612]]
08:08:43.827 DEBUG a.c.sharding.DDataShardCoordinator - sharded-daemon-process-eventSourcedProjection-passivation-race-entity-passivation-race-view: ShardRegion registered: [Actor[akka://akka-runtime/system/sharding/sharded-daemon-process-eventSourcedProjection-passivation-race-entity-passivation-race-view#1382089463]]
08:08:43.827 DEBUG a.c.sharding.DDataShardCoordinator - passivation-race-entity: ShardRegion registered: [Actor[akka://akka-runtime/system/sharding/passivation-race-entity#2019520889]]
08:08:43.827 DEBUG a.c.sharding.DDataShardCoordinator - sharded-daemon-process-eventSourcedProjection-passivation-race-entity-passivation-race-consumer-a: ShardRegion registered: [Actor[akka://akka-runtime/system/sharding/sharded-daemon-process-eventSourcedProjection-passivation-race-entity-passivation-race-consumer-a#1616071150]]
08:08:43.827 DEBUG a.c.sharding.DDataShardCoordinator - sharded-daemon-process-eventSourcedProjection-passivation-race-entity-passivation-race-view: The coordinator state was successfully updated with ShardRegionRegistered(Actor[akka://akka-runtime/system/sharding/sharded-daemon-process-eventSourcedProjection-passivation-race-entity-passivation-race-view#1382089463])
08:08:43.827 DEBUG a.c.sharding.DDataShardCoordinator - passivation-race-entity: The coordinator state was successfully updated with ShardRegionRegistered(Actor[akka://akka-runtime/system/sharding/passivation-race-entity#2019520889])
08:08:43.827 DEBUG a.c.sharding.DDataShardCoordinator - sharded-daemon-process-eventSourcedProjection-passivation-race-entity-passivation-race-consumer-b: The coordinator state was successfully updated with ShardRegionRegistered(Actor[akka://akka-runtime/system/sharding/sharded-daemon-process-eventSourcedProjection-passivation-race-entity-passivation-race-consumer-b#524933612])
08:08:43.827 DEBUG a.c.sharding.DDataShardCoordinator - sharded-daemon-process-eventSourcedProjection-passivation-race-entity-passivation-race-consumer-a: The coordinator state was successfully updated with ShardRegionRegistered(Actor[akka://akka-runtime/system/sharding/sharded-daemon-process-eventSourcedProjection-passivation-race-entity-passivation-race-consumer-a#1616071150])
08:08:43.827 DEBUG a.c.sharding.DDataShardCoordinator - sharded-daemon-process-eventSourcedProjection-passivation-race-entity-passivation-race-consumer-b: The coordinator state was successfully updated with ShardHomeAllocated(0,Actor[akka://akka-runtime/system/sharding/sharded-daemon-process-eventSourcedProjection-passivation-race-entity-passivation-race-consumer-b#524933612])
08:08:43.827 DEBUG a.c.sharding.DDataShardCoordinator - passivation-race-entity: The coordinator state was successfully updated with ShardHomeAllocated(123,Actor[akka://akka-runtime/system/sharding/passivation-race-entity#2019520889])
08:08:43.827 DEBUG a.c.sharding.DDataShardCoordinator - sharded-daemon-process-eventSourcedProjection-passivation-race-entity-passivation-race-view: The coordinator state was successfully updated with ShardHomeAllocated(0,Actor[akka://akka-runtime/system/sharding/sharded-daemon-process-eventSourcedProjection-passivation-race-entity-passivation-race-view#1382089463])
08:08:43.828 DEBUG a.c.sharding.DDataShardCoordinator - sharded-daemon-process-eventSourcedProjection-passivation-race-entity-passivation-race-consumer-a: The coordinator state was successfully updated with ShardHomeAllocated(0,Actor[akka://akka-runtime/system/sharding/sharded-daemon-process-eventSourcedProjection-passivation-race-entity-passivation-race-consumer-a#1616071150])
08:08:43.828 DEBUG a.c.sharding.DDataShardCoordinator - sharded-daemon-process-eventSourcedProjection-passivation-race-entity-passivation-race-consumer-b: Shard [0] allocated at [Actor[akka://akka-runtime/system/sharding/sharded-daemon-process-eventSourcedProjection-passivation-race-entity-passivation-race-consumer-b#524933612]]
08:08:43.828 DEBUG a.c.sharding.DDataShardCoordinator - sharded-daemon-process-eventSourcedProjection-passivation-race-entity-passivation-race-consumer-a: Shard [0] allocated at [Actor[akka://akka-runtime/system/sharding/sharded-daemon-process-eventSourcedProjection-passivation-race-entity-passivation-race-consumer-a#1616071150]]
08:08:43.828 DEBUG a.c.sharding.DDataShardCoordinator - passivation-race-entity: Shard [123] allocated at [Actor[akka://akka-runtime/system/sharding/passivation-race-entity#2019520889]]
08:08:43.828 DEBUG a.c.sharding.DDataShardCoordinator - sharded-daemon-process-eventSourcedProjection-passivation-race-entity-passivation-race-view: Shard [0] allocated at [Actor[akka://akka-runtime/system/sharding/sharded-daemon-process-eventSourcedProjection-passivation-race-entity-passivation-race-view#1382089463]]
08:08:43.828 DEBUG a.c.sharding.DDataShardCoordinator - sharded-daemon-process-eventSourcedProjection-passivation-race-entity-passivation-race-consumer-b: Graceful shutdown of region [Actor[akka://akka-runtime/system/sharding/sharded-daemon-process-eventSourcedProjection-passivation-race-entity-passivation-race-consumer-b#524933612]] with [1] shards
08:08:43.828 INFO  a.c.sharding.DDataShardCoordinator - sharded-daemon-process-eventSourcedProjection-passivation-race-entity-passivation-race-consumer-b: Starting shutting down shards [0] due to region shutting down or explicit stopping of shards.
08:08:43.828 DEBUG a.c.sharding.DDataShardCoordinator - sharded-daemon-process-eventSourcedProjection-passivation-race-entity-passivation-race-consumer-a: Graceful shutdown of region [Actor[akka://akka-runtime/system/sharding/sharded-daemon-process-eventSourcedProjection-passivation-race-entity-passivation-race-consumer-a#1616071150]] with [1] shards
08:08:43.828 DEBUG a.c.sharding.DDataShardCoordinator - passivation-race-entity: Graceful shutdown of region [Actor[akka://akka-runtime/system/sharding/passivation-race-entity#2019520889]] with [1] shards
08:08:43.828 INFO  a.c.sharding.DDataShardCoordinator - sharded-daemon-process-eventSourcedProjection-passivation-race-entity-passivation-race-consumer-a: Starting shutting down shards [0] due to region shutting down or explicit stopping of shards.
08:08:43.828 INFO  a.c.sharding.DDataShardCoordinator - passivation-race-entity: Starting shutting down shards [123] due to region shutting down or explicit stopping of shards.
08:08:43.828 DEBUG a.c.sharding.DDataShardCoordinator - sharded-daemon-process-eventSourcedProjection-passivation-race-entity-passivation-race-view: Graceful shutdown of region [Actor[akka://akka-runtime/system/sharding/sharded-daemon-process-eventSourcedProjection-passivation-race-entity-passivation-race-view#1382089463]] with [1] shards
08:08:43.828 INFO  a.c.sharding.DDataShardCoordinator - sharded-daemon-process-eventSourcedProjection-passivation-race-entity-passivation-race-view: Starting shutting down shards [0] due to region shutting down or explicit stopping of shards.
08:08:43.828 DEBUG a.c.s.ShardCoordinator$RebalanceWorker - sharded-daemon-process-eventSourcedProjection-passivation-race-entity-passivation-race-consumer-b: Shutting down shard [0] from region [Actor[akka://akka-runtime/system/sharding/sharded-daemon-process-eventSourcedProjection-passivation-race-entity-passivation-race-consumer-b#524933612]]. Asking [1] region(s) to hand-off shard
08:08:43.828 DEBUG akka.cluster.sharding.Shard - sharded-daemon-process-eventSourcedProjection-passivation-race-entity-passivation-race-consumer-b: Shard initialized
08:08:43.828 DEBUG akka.cluster.sharding.Shard - sharded-daemon-process-eventSourcedProjection-passivation-race-entity-passivation-race-consumer-a: Shard initialized
08:08:43.828 DEBUG akka.cluster.sharding.Shard - sharded-daemon-process-eventSourcedProjection-passivation-race-entity-passivation-race-view: Shard initialized
08:08:43.828 DEBUG a.c.s.ShardCoordinator$RebalanceWorker - sharded-daemon-process-eventSourcedProjection-passivation-race-entity-passivation-race-consumer-a: Shutting down shard [0] from region [Actor[akka://akka-runtime/system/sharding/sharded-daemon-process-eventSourcedProjection-passivation-race-entity-passivation-race-consumer-a#1616071150]]. Asking [1] region(s) to hand-off shard
08:08:43.828 DEBUG a.c.s.ShardCoordinator$RebalanceWorker - sharded-daemon-process-eventSourcedProjection-passivation-race-entity-passivation-race-view: Shutting down shard [0] from region [Actor[akka://akka-runtime/system/sharding/sharded-daemon-process-eventSourcedProjection-passivation-race-entity-passivation-race-view#1382089463]]. Asking [1] region(s) to hand-off shard
08:08:43.828 DEBUG akka.cluster.sharding.Shard - sharded-daemon-process-eventSourcedProjection-passivation-race-entity-passivation-race-consumer-a: Request to start entity [0] and ack to [Some(Actor[akka://akka-runtime/deadLetters])]
08:08:43.828 DEBUG akka.cluster.sharding.Shard - sharded-daemon-process-eventSourcedProjection-passivation-race-entity-passivation-race-view: Request to start entity [0] and ack to [Some(Actor[akka://akka-runtime/deadLetters])]
08:08:43.828 DEBUG a.c.s.ShardCoordinator$RebalanceWorker - sharded-daemon-process-eventSourcedProjection-passivation-race-entity-passivation-race-consumer-b: BeginHandOffAck for shard [0] received from [Actor[akka://akka-runtime/system/sharding/sharded-daemon-process-eventSourcedProjection-passivation-race-entity-passivation-race-consumer-b#524933612]].
08:08:43.828 DEBUG a.c.s.ShardCoordinator$RebalanceWorker - sharded-daemon-process-eventSourcedProjection-passivation-race-entity-passivation-race-consumer-b: All shard regions acked, handing off shard [0].
08:08:43.828 DEBUG akka.cluster.sharding.Shard - passivation-race-entity: Shard initialized
08:08:43.828 DEBUG akka.cluster.sharding.Shard - sharded-daemon-process-eventSourcedProjection-passivation-race-entity-passivation-race-consumer-b: Request to start entity [0] and ack to [Some(Actor[akka://akka-runtime/deadLetters])]
08:08:43.829 DEBUG a.c.s.t.i.ShardedDaemonProcessState$ - eventSourcedProjection-passivation-race-entity-passivation-race-view: Deferred start of worker to verify its revision [0] is the latest
08:08:43.829 DEBUG a.c.s.t.i.ShardedDaemonProcessState$ - eventSourcedProjection-passivation-race-entity-passivation-race-consumer-b: Deferred start of worker to verify its revision [0] is the latest
08:08:43.829 DEBUG akka.cluster.sharding.Shard - sharded-daemon-process-eventSourcedProjection-passivation-race-entity-passivation-race-consumer-a: Started entity [Actor[akka://akka-runtime/system/sharding/sharded-daemon-process-eventSourcedProjection-passivation-race-entity-passivation-race-consumer-a/0/0#793629477]] with entity id [0] in shard [0]
08:08:43.829 DEBUG akka.cluster.sharding.Shard - sharded-daemon-process-eventSourcedProjection-passivation-race-entity-passivation-race-view: Started entity [Actor[akka://akka-runtime/system/sharding/sharded-daemon-process-eventSourcedProjection-passivation-race-entity-passivation-race-view/0/0#-1558096244]] with entity id [0] in shard [0]
08:08:43.829 DEBUG akka.cluster.sharding.Shard - sharded-daemon-process-eventSourcedProjection-passivation-race-entity-passivation-race-consumer-b: Started entity [Actor[akka://akka-runtime/system/sharding/sharded-daemon-process-eventSourcedProjection-passivation-race-entity-passivation-race-consumer-b/0/0#-588640780]] with entity id [0] in shard [0]
08:08:43.829 DEBUG a.c.s.ShardCoordinator$RebalanceWorker - sharded-daemon-process-eventSourcedProjection-passivation-race-entity-passivation-race-consumer-a: BeginHandOffAck for shard [0] received from [Actor[akka://akka-runtime/system/sharding/sharded-daemon-process-eventSourcedProjection-passivation-race-entity-passivation-race-consumer-a#1616071150]].
08:08:43.829 DEBUG a.c.s.ShardCoordinator$RebalanceWorker - passivation-race-entity: Shutting down shard [123] from region [Actor[akka://akka-runtime/system/sharding/passivation-race-entity#2019520889]]. Asking [1] region(s) to hand-off shard
08:08:43.829 DEBUG a.c.s.ShardCoordinator$RebalanceWorker - sharded-daemon-process-eventSourcedProjection-passivation-race-entity-passivation-race-consumer-a: All shard regions acked, handing off shard [0].
08:08:43.829 DEBUG a.c.s.ShardCoordinator$RebalanceWorker - sharded-daemon-process-eventSourcedProjection-passivation-race-entity-passivation-race-view: BeginHandOffAck for shard [0] received from [Actor[akka://akka-runtime/system/sharding/sharded-daemon-process-eventSourcedProjection-passivation-race-entity-passivation-race-view#1382089463]].
08:08:43.829 DEBUG a.c.s.ShardCoordinator$RebalanceWorker - sharded-daemon-process-eventSourcedProjection-passivation-race-entity-passivation-race-view: All shard regions acked, handing off shard [0].
08:08:43.829 DEBUG akka.cluster.sharding.Shard - passivation-race-entity: Started entity [Actor[akka://akka-runtime/system/sharding/passivation-race-entity/123/14417249-71d3-492c-9d32-a856a8d93672#-1759404961]] with entity id [14417249-71d3-492c-9d32-a856a8d93672] in shard [123]
08:08:43.829 DEBUG a.c.s.ShardCoordinator$RebalanceWorker - passivation-race-entity: BeginHandOffAck for shard [123] received from [Actor[akka://akka-runtime/system/sharding/passivation-race-entity#2019520889]].
08:08:43.829 INFO  a.c.s.t.i.ShardedDaemonProcessState$ - eventSourcedProjection-passivation-race-entity-passivation-race-view: Starting Sharded Daemon Process [0] out of a total [1] (revision [0] and no state found)
08:08:43.829 DEBUG a.c.s.ShardCoordinator$RebalanceWorker - passivation-race-entity: All shard regions acked, handing off shard [123].
08:08:43.829 DEBUG akka.cluster.sharding.Shard - sharded-daemon-process-eventSourcedProjection-passivation-race-entity-passivation-race-view: HandOff shard [0]
08:08:43.829 DEBUG akka.cluster.sharding.Shard - sharded-daemon-process-eventSourcedProjection-passivation-race-entity-passivation-race-view: Starting HandOffStopper for shard [0] to terminate [1] entities.
08:08:43.829 DEBUG akka.cluster.sharding.Shard - passivation-race-entity: HandOff shard [123]
08:08:43.829 DEBUG akka.cluster.sharding.Shard - passivation-race-entity: Starting HandOffStopper for shard [123] to terminate [1] entities.
08:08:43.829 DEBUG akka.cluster.sharding.Shard - sharded-daemon-process-eventSourcedProjection-passivation-race-entity-passivation-race-consumer-b: HandOff shard [0]
08:08:43.829 DEBUG akka.cluster.sharding.Shard - sharded-daemon-process-eventSourcedProjection-passivation-race-entity-passivation-race-consumer-b: Starting HandOffStopper for shard [0] to terminate [1] entities.
08:08:43.829 DEBUG akka.cluster.sharding.Shard - sharded-daemon-process-eventSourcedProjection-passivation-race-entity-passivation-race-consumer-a: HandOff shard [0]
08:08:43.829 DEBUG akka.cluster.sharding.Shard - sharded-daemon-process-eventSourcedProjection-passivation-race-entity-passivation-race-consumer-a: Starting HandOffStopper for shard [0] to terminate [1] entities.
08:08:43.829 INFO  a.c.s.t.i.ShardedDaemonProcessState$ - eventSourcedProjection-passivation-race-entity-passivation-race-consumer-b: Starting Sharded Daemon Process [0] out of a total [1] (revision [0] and no state found)
08:08:43.829 DEBUG a.c.s.t.i.ShardedDaemonProcessState$ - eventSourcedProjection-passivation-race-entity-passivation-race-consumer-a: Deferred start of worker to verify its revision [0] is the latest
08:08:43.830 INFO  a.c.s.t.i.ShardedDaemonProcessState$ - eventSourcedProjection-passivation-race-entity-passivation-race-consumer-a: Starting Sharded Daemon Process [0] out of a total [1] (revision [0] and no state found)
08:08:43.840 DEBUG akka.cluster.sharding.Shard - passivation-race-entity: Shard [123] shutting down
08:08:43.840 DEBUG a.c.sharding.DDataShardCoordinator - passivation-race-entity: Shard [123] deallocation completed successfully.
08:08:43.841 DEBUG a.c.sharding.DDataShardCoordinator - passivation-race-entity: The coordinator state was successfully updated with ShardHomeDeallocated(123)
08:08:43.841 DEBUG a.c.sharding.DDataShardCoordinator - passivation-race-entity: Shard [123] deallocated after
08:08:43.841 DEBUG a.c.sharding.DDataShardCoordinator - passivation-race-entity: ShardRegion terminated (gracefully): [Actor[akka://akka-runtime/system/sharding/passivation-race-entity#2019520889]] {}
08:08:43.841 DEBUG a.c.sharding.DDataShardCoordinator - passivation-race-entity: GetShardHome [123] request from [Actor[akka://local/ignore]] stashed, because waiting for initial state or update of state. It will be handled afterwards.
08:08:43.841 DEBUG a.c.sharding.DDataShardCoordinator - passivation-race-entity: The coordinator state was successfully updated with ShardRegionTerminated(Actor[akka://akka-runtime/system/sharding/passivation-race-entity#2019520889])
08:08:43.841 DEBUG a.c.sharding.DDataShardCoordinator - passivation-race-entity: ShardRegion stopped: [Actor[akka://akka-runtime/system/sharding/passivation-race-entity#2019520889]]
08:08:43.846 ERROR repro.Bootstrap - onStartup() threw an exception
java.util.concurrent.TimeoutException: Command to entity [passivation-race-entity] id [63343064-663b-4e0d-8fe9-18e5c07c57bb] timed out.
	at kalix.runtime.eventsourcedentity.EventSourcedSupport$$anonfun$$nestedInanonfun$handleCommand$1$1.applyOrElse(EventSourcedEntitySupportFactory.scala:191)
	at kalix.runtime.eventsourcedentity.EventSourcedSupport$$anonfun$$nestedInanonfun$handleCommand$1$1.applyOrElse(EventSourcedEntitySupportFactory.scala:189)
	at scala.concurrent.impl.Promise$Transformation.run(Promise.scala:523)
	at akka.dispatch.BatchingExecutor$AbstractBatch.processBatch(BatchingExecutor.scala:64)
	at akka.dispatch.BatchingExecutor$BlockableBatch.$anonfun$run$1(BatchingExecutor.scala:101)
	at scala.runtime.java8.JFunction0$mcV$sp.apply(JFunction0$mcV$sp.scala:18)
	at scala.concurrent.BlockContext$.withBlockContext(BlockContext.scala:94)
	at akka.dispatch.BatchingExecutor$BlockableBatch.run(BatchingExecutor.scala:101)
	at akka.dispatch.TaskInvocation.run(AbstractDispatcher.scala:48)
	at akka.dispatch.ForkJoinExecutorConfigurator$AkkaForkJoinTask.exec(ForkJoinExecutorConfigurator.scala:60)
	at java.base/java.util.concurrent.ForkJoinTask.doExec(ForkJoinTask.java:507)
	at java.base/java.util.concurrent.ForkJoinPool$WorkQueue.topLevelExec(ForkJoinPool.java:1450)
	at java.base/java.util.concurrent.ForkJoinPool.runWorker(ForkJoinPool.java:2019)
	at java.base/java.util.concurrent.ForkJoinWorkerThread.run(ForkJoinWorkerThread.java:187)
08:08:44.596 WARN  a.c.s.ShardRegion$HandOffStopper - sharded-daemon-process-eventSourcedProjection-passivation-race-entity-passivation-race-consumer-a: [1] of the entities in shard [0] not stopped after [750 milliseconds]. Maybe the handOffStopMessage [akka.projection.ProjectionBehavior$Stop$] is not handled? Waiting additional [250 milliseconds] before stopping the remaining entities.
08:08:44.596 WARN  a.c.s.ShardRegion$HandOffStopper - sharded-daemon-process-eventSourcedProjection-passivation-race-entity-passivation-race-view: [1] of the entities in shard [0] not stopped after [750 milliseconds]. Maybe the handOffStopMessage [akka.projection.ProjectionBehavior$Stop$] is not handled? Waiting additional [250 milliseconds] before stopping the remaining entities.
08:08:44.596 WARN  a.c.s.ShardRegion$HandOffStopper - sharded-daemon-process-eventSourcedProjection-passivation-race-entity-passivation-race-consumer-b: [1] of the entities in shard [0] not stopped after [750 milliseconds]. Maybe the handOffStopMessage [akka.projection.ProjectionBehavior$Stop$] is not handled? Waiting additional [250 milliseconds] before stopping the remaining entities.
08:08:44.846 WARN  a.c.s.ShardRegion$HandOffStopper - sharded-daemon-process-eventSourcedProjection-passivation-race-entity-passivation-race-view: HandOffStopMessage [akka.projection.ProjectionBehavior$Stop$] is not handled by some of the entities in shard [0] after [1 second], stopping the remaining [1] entities.
08:08:44.846 WARN  a.c.s.ShardRegion$HandOffStopper - sharded-daemon-process-eventSourcedProjection-passivation-race-entity-passivation-race-consumer-a: HandOffStopMessage [akka.projection.ProjectionBehavior$Stop$] is not handled by some of the entities in shard [0] after [1 second], stopping the remaining [1] entities.
08:08:44.846 WARN  a.c.s.ShardRegion$HandOffStopper - sharded-daemon-process-eventSourcedProjection-passivation-race-entity-passivation-race-consumer-b: HandOffStopMessage [akka.projection.ProjectionBehavior$Stop$] is not handled by some of the entities in shard [0] after [1 second], stopping the remaining [1] entities.
08:08:44.847 DEBUG akka.cluster.sharding.Shard - sharded-daemon-process-eventSourcedProjection-passivation-race-entity-passivation-race-view: Shard [0] shutting down
08:08:44.847 DEBUG akka.cluster.sharding.Shard - sharded-daemon-process-eventSourcedProjection-passivation-race-entity-passivation-race-consumer-a: Shard [0] shutting down
08:08:44.847 DEBUG a.c.sharding.DDataShardCoordinator - sharded-daemon-process-eventSourcedProjection-passivation-race-entity-passivation-race-consumer-a: Shard [0] deallocation completed successfully.
08:08:44.847 DEBUG a.c.sharding.DDataShardCoordinator - sharded-daemon-process-eventSourcedProjection-passivation-race-entity-passivation-race-view: Shard [0] deallocation completed successfully.
08:08:44.847 DEBUG akka.cluster.sharding.Shard - sharded-daemon-process-eventSourcedProjection-passivation-race-entity-passivation-race-consumer-b: Shard [0] shutting down
08:08:44.847 DEBUG a.c.sharding.DDataShardCoordinator - sharded-daemon-process-eventSourcedProjection-passivation-race-entity-passivation-race-consumer-b: Shard [0] deallocation completed successfully.
08:08:44.847 DEBUG a.c.sharding.DDataShardCoordinator - sharded-daemon-process-eventSourcedProjection-passivation-race-entity-passivation-race-consumer-a: The coordinator state was successfully updated with ShardHomeDeallocated(0)
08:08:44.847 DEBUG a.c.sharding.DDataShardCoordinator - sharded-daemon-process-eventSourcedProjection-passivation-race-entity-passivation-race-consumer-a: Shard [0] deallocated after
08:08:44.848 DEBUG akka.actor.CoordinatedShutdown - Performing phase [cluster-leave] with [1] tasks.
08:08:44.848 DEBUG akka.actor.CoordinatedShutdown - Performing task [leave] in CoordinatedShutdown phase [cluster-leave]
08:08:44.848 DEBUG a.c.sharding.DDataShardCoordinator - sharded-daemon-process-eventSourcedProjection-passivation-race-entity-passivation-race-consumer-a: ShardRegion terminated (gracefully): [Actor[akka://akka-runtime/system/sharding/sharded-daemon-process-eventSourcedProjection-passivation-race-entity-passivation-race-consumer-a#1616071150]] {}
08:08:44.848 DEBUG a.c.sharding.DDataShardCoordinator - sharded-daemon-process-eventSourcedProjection-passivation-race-entity-passivation-race-consumer-a: GetShardHome [0] request from [Actor[akka://local/ignore]] stashed, because waiting for initial state or update of state. It will be handled afterwards.
08:08:44.848 DEBUG a.c.sharding.DDataShardCoordinator - sharded-daemon-process-eventSourcedProjection-passivation-race-entity-passivation-race-view: The coordinator state was successfully updated with ShardHomeDeallocated(0)
08:08:44.848 DEBUG a.c.sharding.DDataShardCoordinator - sharded-daemon-process-eventSourcedProjection-passivation-race-entity-passivation-race-consumer-b: The coordinator state was successfully updated with ShardHomeDeallocated(0)
08:08:44.848 DEBUG a.c.sharding.DDataShardCoordinator - sharded-daemon-process-eventSourcedProjection-passivation-race-entity-passivation-race-view: Shard [0] deallocated after
08:08:44.848 DEBUG a.c.sharding.DDataShardCoordinator - sharded-daemon-process-eventSourcedProjection-passivation-race-entity-passivation-race-consumer-b: Shard [0] deallocated after
08:08:44.848 DEBUG a.c.sharding.DDataShardCoordinator - sharded-daemon-process-eventSourcedProjection-passivation-race-entity-passivation-race-consumer-b: ShardRegion terminated (gracefully): [Actor[akka://akka-runtime/system/sharding/sharded-daemon-process-eventSourcedProjection-passivation-race-entity-passivation-race-consumer-b#524933612]] {}
08:08:44.848 DEBUG a.c.sharding.DDataShardCoordinator - sharded-daemon-process-eventSourcedProjection-passivation-race-entity-passivation-race-view: ShardRegion terminated (gracefully): [Actor[akka://akka-runtime/system/sharding/sharded-daemon-process-eventSourcedProjection-passivation-race-entity-passivation-race-view#1382089463]] {}
08:08:44.848 DEBUG a.c.sharding.DDataShardCoordinator - sharded-daemon-process-eventSourcedProjection-passivation-race-entity-passivation-race-consumer-b: GetShardHome [0] request from [Actor[akka://local/ignore]] stashed, because waiting for initial state or update of state. It will be handled afterwards.
08:08:44.848 DEBUG a.c.sharding.DDataShardCoordinator - sharded-daemon-process-eventSourcedProjection-passivation-race-entity-passivation-race-view: GetShardHome [0] request from [Actor[akka://local/ignore]] stashed, because waiting for initial state or update of state. It will be handled afterwards.
08:08:44.848 DEBUG a.c.sharding.DDataShardCoordinator - sharded-daemon-process-eventSourcedProjection-passivation-race-entity-passivation-race-consumer-a: The coordinator state was successfully updated with ShardRegionTerminated(Actor[akka://akka-runtime/system/sharding/sharded-daemon-process-eventSourcedProjection-passivation-race-entity-passivation-race-consumer-a#1616071150])
08:08:44.848 DEBUG a.c.sharding.DDataShardCoordinator - sharded-daemon-process-eventSourcedProjection-passivation-race-entity-passivation-race-consumer-a: ShardRegion stopped: [Actor[akka://akka-runtime/system/sharding/sharded-daemon-process-eventSourcedProjection-passivation-race-entity-passivation-race-consumer-a#1616071150]]
08:08:44.848 WARN  a.s.s.RestartWithBackoffSource - Restarting stream due to failure [1]: akka.projection.r2dbc.internal.R2dbcOffsetStore$AttemptToUseStoppedOffsetStore: eventSourcedProjection-passivation-race-entity-passivation-race-consumer-a [0-1023], correlation [95175817-3d6d-4b76-b442-f85345c5e7dc]: R2dbcOffsetStore was stopped
08:08:44.848 WARN  a.s.s.RestartWithBackoffSource - Restarting stream due to failure [1]: akka.projection.r2dbc.internal.R2dbcOffsetStore$AttemptToUseStoppedOffsetStore: eventSourcedProjection-passivation-race-entity-passivation-race-consumer-b [0-1023], correlation [f7d8abf5-4970-4b3c-a8e8-b126e2e303fe]: R2dbcOffsetStore was stopped
08:08:44.848 DEBUG a.c.sharding.DDataShardCoordinator - sharded-daemon-process-eventSourcedProjection-passivation-race-entity-passivation-race-view: The coordinator state was successfully updated with ShardRegionTerminated(Actor[akka://akka-runtime/system/sharding/sharded-daemon-process-eventSourcedProjection-passivation-race-entity-passivation-race-view#1382089463])
08:08:44.848 DEBUG a.c.sharding.DDataShardCoordinator - sharded-daemon-process-eventSourcedProjection-passivation-race-entity-passivation-race-consumer-b: The coordinator state was successfully updated with ShardRegionTerminated(Actor[akka://akka-runtime/system/sharding/sharded-daemon-process-eventSourcedProjection-passivation-race-entity-passivation-race-consumer-b#524933612])
08:08:44.848 DEBUG a.c.sharding.DDataShardCoordinator - sharded-daemon-process-eventSourcedProjection-passivation-race-entity-passivation-race-view: ShardRegion stopped: [Actor[akka://akka-runtime/system/sharding/sharded-daemon-process-eventSourcedProjection-passivation-race-entity-passivation-race-view#1382089463]]
08:08:44.848 DEBUG a.c.sharding.DDataShardCoordinator - sharded-daemon-process-eventSourcedProjection-passivation-race-entity-passivation-race-consumer-b: ShardRegion stopped: [Actor[akka://akka-runtime/system/sharding/sharded-daemon-process-eventSourcedProjection-passivation-race-entity-passivation-race-consumer-b#524933612]]
08:08:44.848 WARN  a.s.s.RestartWithBackoffSource - Restarting stream due to failure [1]: akka.projection.r2dbc.internal.R2dbcOffsetStore$AttemptToUseStoppedOffsetStore: eventSourcedProjection-passivation-race-entity-passivation-race-view [0-1023], correlation [86a1d2fa-5872-438a-869a-c0b1570f60ab]: R2dbcOffsetStore was stopped
08:08:44.848 DEBUG a.c.singleton.ClusterSingletonProxy - Creating singleton identification timer...
08:08:44.848 DEBUG a.c.singleton.ClusterSingletonProxy - Creating singleton identification timer...
08:08:44.848 DEBUG a.c.singleton.ClusterSingletonProxy - Creating singleton identification timer...
08:08:44.849 DEBUG a.c.singleton.ClusterSingletonProxy - Creating singleton identification timer...
08:08:44.849 DEBUG akka.actor.CoordinatedShutdown - Performing phase [cluster-exiting] with [28] tasks.
08:08:44.849 DEBUG akka.actor.CoordinatedShutdown - Performing task [singleton-exiting-1] in CoordinatedShutdown phase [cluster-exiting]
08:08:44.850 DEBUG akka.actor.CoordinatedShutdown - Performing task [wait-exiting] in CoordinatedShutdown phase [cluster-exiting]
08:08:44.850 DEBUG akka.actor.CoordinatedShutdown - Performing task [singleton-exiting-1] in CoordinatedShutdown phase [cluster-exiting]
08:08:44.850 DEBUG akka.actor.CoordinatedShutdown - Performing task [singleton-exiting-1] in CoordinatedShutdown phase [cluster-exiting]
08:08:44.850 DEBUG akka.actor.CoordinatedShutdown - Performing task [singleton-exiting-2] in CoordinatedShutdown phase [cluster-exiting]
08:08:44.850 INFO  a.c.s.ClusterSingletonManager - Oldest observed OldestChanged: [akka://akka-runtime@127.0.0.1:63347 -> None]
08:08:44.850 DEBUG akka.actor.CoordinatedShutdown - Performing task [wait-singleton-exiting] in CoordinatedShutdown phase [cluster-exiting]
08:08:44.850 DEBUG akka.actor.CoordinatedShutdown - Performing task [wait-singleton-exiting] in CoordinatedShutdown phase [cluster-exiting]
08:08:44.850 DEBUG akka.actor.CoordinatedShutdown - Performing task [singleton-exiting-2] in CoordinatedShutdown phase [cluster-exiting]
08:08:44.850 DEBUG akka.actor.CoordinatedShutdown - Performing task [wait-singleton-exiting] in CoordinatedShutdown phase [cluster-exiting]
08:08:44.850 DEBUG akka.actor.CoordinatedShutdown - Performing task [singleton-exiting-2] in CoordinatedShutdown phase [cluster-exiting]
08:08:44.850 DEBUG akka.actor.CoordinatedShutdown - Performing task [singleton-exiting-2] in CoordinatedShutdown phase [cluster-exiting]
08:08:44.850 INFO  a.c.s.ClusterSingletonManager - ClusterSingletonManager state change [Oldest -> WasOldest]
08:08:44.850 DEBUG akka.actor.CoordinatedShutdown - Performing task [singleton-exiting-2] in CoordinatedShutdown phase [cluster-exiting]
08:08:44.850 DEBUG akka.actor.CoordinatedShutdown - Performing task [singleton-exiting-2] in CoordinatedShutdown phase [cluster-exiting]
08:08:44.850 DEBUG akka.actor.CoordinatedShutdown - Performing task [wait-singleton-exiting] in CoordinatedShutdown phase [cluster-exiting]
08:08:44.850 DEBUG akka.actor.CoordinatedShutdown - Performing task [singleton-exiting-1] in CoordinatedShutdown phase [cluster-exiting]
08:08:44.850 INFO  a.c.s.ClusterSingletonManager - Exited [akka://akka-runtime@127.0.0.1:63347].
08:08:44.850 DEBUG akka.actor.CoordinatedShutdown - Performing task [singleton-exiting-1] in CoordinatedShutdown phase [cluster-exiting]
08:08:44.850 DEBUG akka.actor.CoordinatedShutdown - Performing task [singleton-exiting-2] in CoordinatedShutdown phase [cluster-exiting]
08:08:44.850 DEBUG akka.actor.CoordinatedShutdown - Performing task [singleton-exiting-1] in CoordinatedShutdown phase [cluster-exiting]
08:08:44.851 DEBUG akka.actor.CoordinatedShutdown - Performing task [singleton-exiting-1] in CoordinatedShutdown phase [cluster-exiting]
08:08:44.851 INFO  a.c.s.ClusterSingletonManager - Singleton manager stopping singleton actor [akka://akka-runtime/system/sharding/_timerCoordinator/singleton]
08:08:44.851 DEBUG akka.actor.CoordinatedShutdown - Performing task [wait-singleton-exiting] in CoordinatedShutdown phase [cluster-exiting]
08:08:44.851 DEBUG akka.actor.CoordinatedShutdown - Performing task [wait-singleton-exiting] in CoordinatedShutdown phase [cluster-exiting]
08:08:44.851 DEBUG akka.actor.CoordinatedShutdown - Performing task [singleton-exiting-1] in CoordinatedShutdown phase [cluster-exiting]
08:08:44.851 INFO  a.c.s.ClusterSingletonManager - ClusterSingletonManager state change [WasOldest -> Stopping]
08:08:44.851 DEBUG akka.actor.CoordinatedShutdown - Performing task [singleton-exiting-2] in CoordinatedShutdown phase [cluster-exiting]
08:08:44.851 DEBUG akka.actor.CoordinatedShutdown - Performing task [singleton-exiting-1] in CoordinatedShutdown phase [cluster-exiting]
08:08:44.851 DEBUG akka.actor.CoordinatedShutdown - Performing task [wait-singleton-exiting] in CoordinatedShutdown phase [cluster-exiting]
08:08:44.851 DEBUG akka.actor.CoordinatedShutdown - Performing task [wait-singleton-exiting] in CoordinatedShutdown phase [cluster-exiting]
08:08:44.851 DEBUG akka.actor.CoordinatedShutdown - Performing task [wait-singleton-exiting] in CoordinatedShutdown phase [cluster-exiting]
08:08:44.851 DEBUG a.c.sharding.DDataShardCoordinator - _timer: Received termination message.
08:08:44.851 DEBUG akka.actor.CoordinatedShutdown - Performing task [singleton-exiting-2] in CoordinatedShutdown phase [cluster-exiting]
08:08:44.851 INFO  a.c.s.ClusterSingletonManager - Exited [akka://akka-runtime@127.0.0.1:63347].
08:08:44.851 INFO  a.c.s.ClusterSingletonManager - Singleton actor [akka://akka-runtime/system/sharding/_timerCoordinator/singleton] was terminated
08:08:44.851 INFO  a.c.s.ClusterSingletonManager - Exited [akka://akka-runtime@127.0.0.1:63347].
08:08:44.851 INFO  a.c.s.ClusterSingletonManager - Exited [akka://akka-runtime@127.0.0.1:63347].
08:08:44.851 INFO  a.c.s.ClusterSingletonManager - Exited [akka://akka-runtime@127.0.0.1:63347].
08:08:44.851 INFO  a.c.s.ClusterSingletonManager - Exited [akka://akka-runtime@127.0.0.1:63347].
08:08:44.851 INFO  a.c.s.ClusterSingletonManager - Oldest observed OldestChanged: [akka://akka-runtime@127.0.0.1:63347 -> None]
08:08:44.851 INFO  a.c.s.ClusterSingletonManager - ClusterSingletonManager state change [Oldest -> WasOldest]
08:08:44.851 INFO  a.c.s.ClusterSingletonManager - Exited [akka://akka-runtime@127.0.0.1:63347].
08:08:44.851 INFO  a.c.s.ClusterSingletonManager - Exited [akka://akka-runtime@127.0.0.1:63347].
08:08:44.851 INFO  a.c.s.ClusterSingletonManager - Oldest observed OldestChanged: [akka://akka-runtime@127.0.0.1:63347 -> None]
08:08:44.851 INFO  a.c.s.ClusterSingletonManager - ClusterSingletonManager state change [Oldest -> WasOldest]
08:08:44.851 INFO  a.c.s.ClusterSingletonManager - Exited [akka://akka-runtime@127.0.0.1:63347].
08:08:44.851 INFO  a.c.s.ClusterSingletonManager - Oldest observed OldestChanged: [akka://akka-runtime@127.0.0.1:63347 -> None]
08:08:44.851 INFO  a.c.s.ClusterSingletonManager - ClusterSingletonManager state change [Oldest -> WasOldest]
08:08:44.851 INFO  a.c.s.ClusterSingletonManager - Oldest observed OldestChanged: [akka://akka-runtime@127.0.0.1:63347 -> None]
08:08:44.851 INFO  a.c.s.ClusterSingletonManager - ClusterSingletonManager state change [Oldest -> WasOldest]
08:08:44.851 INFO  a.c.s.ClusterSingletonManager - Oldest observed OldestChanged: [akka://akka-runtime@127.0.0.1:63347 -> None]
08:08:44.851 INFO  a.c.s.ClusterSingletonManager - ClusterSingletonManager state change [Oldest -> WasOldest]
08:08:44.851 INFO  a.c.s.ClusterSingletonManager - Oldest observed OldestChanged: [akka://akka-runtime@127.0.0.1:63347 -> None]
08:08:44.851 INFO  a.c.s.ClusterSingletonManager - Oldest observed OldestChanged: [akka://akka-runtime@127.0.0.1:63347 -> None]
08:08:44.851 INFO  a.c.s.ClusterSingletonManager - ClusterSingletonManager state change [Oldest -> WasOldest]
08:08:44.851 INFO  a.c.s.ClusterSingletonManager - ClusterSingletonManager state change [Oldest -> WasOldest]
08:08:44.851 INFO  a.c.s.ClusterSingletonManager - Oldest observed OldestChanged: [akka://akka-runtime@127.0.0.1:63347 -> None]
08:08:44.851 INFO  a.c.s.ClusterSingletonManager - ClusterSingletonManager state change [Oldest -> WasOldest]
08:08:44.851 INFO  a.c.s.ClusterSingletonManager - Singleton manager stopping singleton actor [akka://akka-runtime/system/sharding/sharded-daemon-process-eventSourcedProjection-passivation-race-entity-passivation-race-consumer-bCoordinator/singleton]
08:08:44.851 INFO  a.c.s.ClusterSingletonManager - Singleton manager stopping singleton actor [akka://akka-runtime/system/singletonManagerShardedDaemonProcessCoordinator-eventSourcedProjection-passivation-race-entity-passivation-race-consumer-a/ShardedDaemonProcessCoordinator-eventSourcedProjection-passivation-race-entity-passivation-race-consumer-a]
08:08:44.851 INFO  a.c.s.ClusterSingletonManager - ClusterSingletonManager state change [WasOldest -> Stopping]
08:08:44.851 INFO  a.c.s.ClusterSingletonManager - ClusterSingletonManager state change [WasOldest -> Stopping]
08:08:44.851 DEBUG a.c.sharding.DDataShardCoordinator - sharded-daemon-process-eventSourcedProjection-passivation-race-entity-passivation-race-consumer-b: Received termination message.
08:08:44.851 INFO  a.c.s.ClusterSingletonManager - Singleton manager stopping singleton actor [akka://akka-runtime/system/sharding/sharded-daemon-process-eventSourcedProjection-passivation-race-entity-passivation-race-consumer-aCoordinator/singleton]
08:08:44.851 INFO  a.c.s.ClusterSingletonManager - ClusterSingletonManager state change [WasOldest -> Stopping]
08:08:44.851 INFO  a.c.s.ClusterSingletonManager - Singleton manager stopping singleton actor [akka://akka-runtime/system/singletonManagerShardedDaemonProcessCoordinator-eventSourcedProjection-passivation-race-entity-passivation-race-consumer-b/ShardedDaemonProcessCoordinator-eventSourcedProjection-passivation-race-entity-passivation-race-consumer-b]
08:08:44.851 INFO  a.c.s.ClusterSingletonManager - ClusterSingletonManager state change [WasOldest -> Stopping]
08:08:44.851 INFO  a.c.s.ClusterSingletonManager - Singleton actor [akka://akka-runtime/system/singletonManagerShardedDaemonProcessCoordinator-eventSourcedProjection-passivation-race-entity-passivation-race-consumer-a/ShardedDaemonProcessCoordinator-eventSourcedProjection-passivation-race-entity-passivation-race-consumer-a] was terminated
08:08:44.851 INFO  a.c.s.ClusterSingletonManager - Singleton actor [akka://akka-runtime/system/sharding/sharded-daemon-process-eventSourcedProjection-passivation-race-entity-passivation-race-consumer-bCoordinator/singleton] was terminated
08:08:44.851 INFO  a.c.s.ClusterSingletonManager - Singleton manager stopping singleton actor [akka://akka-runtime/system/singletonManagerShardedDaemonProcessCoordinator-eventSourcedProjection-passivation-race-entity-passivation-race-view/ShardedDaemonProcessCoordinator-eventSourcedProjection-passivation-race-entity-passivation-race-view]
08:08:44.851 INFO  a.c.s.ClusterSingletonManager - ClusterSingletonManager state change [WasOldest -> Stopping]
08:08:44.851 INFO  a.c.s.ClusterSingletonManager - Singleton manager stopping singleton actor [akka://akka-runtime/system/sharding/passivation-race-entityCoordinator/singleton]
08:08:44.851 INFO  a.c.s.ClusterSingletonManager - ClusterSingletonManager state change [WasOldest -> Stopping]
08:08:44.851 INFO  a.c.s.ClusterSingletonManager - Singleton manager stopping singleton actor [akka://akka-runtime/system/sharding/sharded-daemon-process-eventSourcedProjection-passivation-race-entity-passivation-race-viewCoordinator/singleton]
08:08:44.851 INFO  a.c.s.ClusterSingletonManager - ClusterSingletonManager state change [WasOldest -> Stopping]
08:08:44.851 INFO  a.c.s.ClusterSingletonManager - Singleton manager stopping singleton actor [akka://akka-runtime/system/singletonManagerschemaSingleton/schemaSingleton]
08:08:44.851 INFO  a.c.s.ClusterSingletonManager - ClusterSingletonManager state change [WasOldest -> Stopping]
08:08:44.851 INFO  a.c.s.ClusterSingletonManager - Singleton actor [akka://akka-runtime/system/singletonManagerschemaSingleton/schemaSingleton] was terminated
08:08:44.851 DEBUG a.c.sharding.DDataShardCoordinator - sharded-daemon-process-eventSourcedProjection-passivation-race-entity-passivation-race-consumer-a: Received termination message.
08:08:44.851 INFO  a.c.s.ClusterSingletonManager - Singleton actor [akka://akka-runtime/system/singletonManagerShardedDaemonProcessCoordinator-eventSourcedProjection-passivation-race-entity-passivation-race-consumer-b/ShardedDaemonProcessCoordinator-eventSourcedProjection-passivation-race-entity-passivation-race-consumer-b] was terminated
08:08:44.851 INFO  a.c.s.ClusterSingletonManager - Singleton actor [akka://akka-runtime/system/singletonManagerShardedDaemonProcessCoordinator-eventSourcedProjection-passivation-race-entity-passivation-race-view/ShardedDaemonProcessCoordinator-eventSourcedProjection-passivation-race-entity-passivation-race-view] was terminated
08:08:44.851 DEBUG a.c.sharding.DDataShardCoordinator - passivation-race-entity: Received termination message.
08:08:44.851 DEBUG a.c.sharding.DDataShardCoordinator - sharded-daemon-process-eventSourcedProjection-passivation-race-entity-passivation-race-view: Received termination message.
08:08:44.851 INFO  a.c.s.ClusterSingletonManager - Singleton actor [akka://akka-runtime/system/sharding/sharded-daemon-process-eventSourcedProjection-passivation-race-entity-passivation-race-consumer-aCoordinator/singleton] was terminated
08:08:44.851 INFO  a.c.s.ClusterSingletonManager - Singleton actor [akka://akka-runtime/system/sharding/passivation-race-entityCoordinator/singleton] was terminated
08:08:44.851 INFO  a.c.s.ClusterSingletonManager - Singleton actor [akka://akka-runtime/system/sharding/sharded-daemon-process-eventSourcedProjection-passivation-race-entity-passivation-race-viewCoordinator/singleton] was terminated
08:08:44.851 DEBUG akka.actor.CoordinatedShutdown - Performing phase [cluster-exiting-done] with [1] tasks.
08:08:44.851 DEBUG akka.actor.CoordinatedShutdown - Performing task [exiting-completed] in CoordinatedShutdown phase [cluster-exiting-done]
08:08:44.851 DEBUG akka.actor.CoordinatedShutdown - Performing phase [cluster-shutdown] with [1] tasks.
08:08:44.851 DEBUG akka.actor.CoordinatedShutdown - Performing task [wait-shutdown] in CoordinatedShutdown phase [cluster-shutdown]
08:08:44.852 DEBUG akka.actor.CoordinatedShutdown - Performing phase [before-actor-system-terminate] with [2] tasks.
08:08:44.852 DEBUG akka.actor.CoordinatedShutdown - Performing task [close connection pools] in CoordinatedShutdown phase [before-actor-system-terminate]
08:08:44.852 DEBUG akka.actor.CoordinatedShutdown - Performing task [close-grpc-channels] in CoordinatedShutdown phase [before-actor-system-terminate]
08:08:44.852 DEBUG akka.actor.CoordinatedShutdown - Performing phase [actor-system-terminate] with [1] tasks.
08:08:44.852 DEBUG akka.actor.CoordinatedShutdown - Performing task [terminate-system] in CoordinatedShutdown phase [actor-system-terminate]
08:08:44.899 INFO  akka.runtime.AkkaRuntimeMain - Starting Akka Runtime version [1.6.15]
08:08:44.905 INFO  akka.javasdk.impl.ComponentLocator$ - Looking for component descriptors matching pattern [META-INF/akka-javasdk-components_*.conf]
08:08:44.911 INFO  akka.javasdk.testkit.TestKit - Eventing TestKit booting up on port: 63352
08:08:44.912 DEBUG a.c.singleton.ClusterSingletonProxy - Creating singleton identification timer...
08:08:44.912 DEBUG a.c.singleton.ClusterSingletonProxy - Trying to identify singleton at [akka://akka-runtime@127.0.0.1:63353/system/singletonManagerschemaSingleton/schemaSingleton]
08:08:44.913 DEBUG a.c.singleton.ClusterSingletonProxy - Singleton not available, buffering message type [kalix.runtime.SchemaSingleton$ExecDdl]
08:08:44.913 INFO  a.c.s.ClusterSingletonManager - Singleton manager starting singleton actor [akka://akka-runtime/system/singletonManagerschemaSingleton/schemaSingleton]
08:08:44.913 INFO  a.c.s.ClusterSingletonManager - ClusterSingletonManager state change [Start -> Oldest]
08:08:44.913 INFO  akka.javasdk.testkit.TestKit - Checking runtime status
08:08:44.982 DEBUG a.c.singleton.ClusterSingletonProxy - Trying to identify singleton at [akka://akka-runtime@127.0.0.1:63353/system/singletonManagerschemaSingleton/schemaSingleton]
08:08:44.982 INFO  a.c.singleton.ClusterSingletonProxy - Singleton identified at [akka://akka-runtime/system/singletonManagerschemaSingleton/schemaSingleton]
08:08:44.982 DEBUG a.c.singleton.ClusterSingletonProxy - Sending buffered messages to current singleton instance
08:08:44.983 INFO  a.c.s.typed.scaladsl.ClusterSharding - Starting Shard Region [passivation-race-entity]...
08:08:44.984 INFO  akka.cluster.sharding.ShardRegion - passivation-race-entity: Automatic entity passivation: composite strategy with limit of [10000] active entities, admission window (least recently used entities) with proportions [initial = 0.01, min = 0.01, max = 1.0] adapting with hill-climbing optimizer [adjust multiplier = 10.0, initial step = 0.0625, restart threshold = 0.05, step decay = 0.98], admit using frequency sketch [width multiplier = 4, reset multiplier = 10.0, depth = 4, counter bits = 4], main (least recently used entities (segmented with [2] levels with proportions of [0.20, 0.80]))
08:08:44.984 INFO  a.c.s.ClusterSingletonManager - Singleton manager starting singleton actor [akka://akka-runtime/system/sharding/passivation-race-entityCoordinator/singleton]
08:08:44.984 INFO  a.c.s.ClusterSingletonManager - ClusterSingletonManager state change [Start -> Oldest]
08:08:44.984 DEBUG a.c.sharding.DDataShardCoordinator - passivation-race-entity: Initial coordinator is empty.
08:08:44.984 INFO  a.c.sharding.DDataShardCoordinator - passivation-race-entity: ShardCoordinator was moved to the active state with [0] shards
08:08:44.985 DEBUG a.c.singleton.ClusterSingletonProxy - Forwarding message of type [SchemaSingleton$ExecDdl] to current singleton instance at [akka://akka-runtime/system/singletonManagerschemaSingleton/schemaSingleton]
08:08:44.986 INFO  akka.runtime.DiscoveryManager - Service components: EventSourcedEntity: [1], Consumer: [2], View: [1]
08:08:44.987 INFO  a.c.s.typed.scaladsl.ClusterSharding - Starting Shard Region [_timer]...
08:08:44.987 INFO  a.c.s.typed.scaladsl.ClusterSharding - Starting Shard Region [sharded-daemon-process-eventSourcedProjection-passivation-race-entity-passivation-race-consumer-a]...
08:08:44.987 INFO  akka.cluster.sharding.ShardRegion - sharded-daemon-process-eventSourcedProjection-passivation-race-entity-passivation-race-consumer-a: Automatic entity passivation: disabled
08:08:44.987 INFO  a.c.s.ClusterSingletonManager - Singleton manager starting singleton actor [akka://akka-runtime/system/sharding/_timerCoordinator/singleton]
08:08:44.987 INFO  a.c.s.ClusterSingletonManager - ClusterSingletonManager state change [Start -> Oldest]
08:08:44.987 DEBUG a.c.sharding.DDataShardCoordinator - _timer: Starting remember entities store from provider akka.cluster.sharding.internal.DDataRememberEntitiesProvider@53a2578d
08:08:44.987 DEBUG a.c.sharding.DDataShardCoordinator - _timer: Initial coordinator is empty.
08:08:44.987 INFO  a.c.sharding.DDataShardCoordinator - _timer: ShardCoordinator was moved to the active state with [0] shards
08:08:44.987 DEBUG a.c.sharding.DDataShardCoordinator - _timer: Received [0] remembered shard ids (after state initialized)
08:08:44.987 DEBUG a.c.singleton.ClusterSingletonProxy - Creating singleton identification timer...
08:08:44.987 DEBUG a.c.singleton.ClusterSingletonProxy - Trying to identify singleton at [akka://akka-runtime@127.0.0.1:63353/system/singletonManagerShardedDaemonProcessCoordinator-eventSourcedProjection-passivation-race-entity-passivation-race-consumer-a/ShardedDaemonProcessCoordinator-eventSourcedProjection-passivation-race-entity-passivation-race-consumer-a]
08:08:44.987 INFO  a.c.s.typed.scaladsl.ClusterSharding - Starting Shard Region [sharded-daemon-process-eventSourcedProjection-passivation-race-entity-passivation-race-consumer-b]...
08:08:44.988 INFO  a.c.s.ClusterSingletonManager - Singleton manager starting singleton actor [akka://akka-runtime/system/sharding/sharded-daemon-process-eventSourcedProjection-passivation-race-entity-passivation-race-consumer-aCoordinator/singleton]
08:08:44.988 INFO  a.c.s.ClusterSingletonManager - ClusterSingletonManager state change [Start -> Oldest]
08:08:44.988 INFO  a.c.s.ClusterSingletonManager - Singleton manager starting singleton actor [akka://akka-runtime/system/singletonManagerShardedDaemonProcessCoordinator-eventSourcedProjection-passivation-race-entity-passivation-race-consumer-a/ShardedDaemonProcessCoordinator-eventSourcedProjection-passivation-race-entity-passivation-race-consumer-a]
08:08:44.988 INFO  akka.cluster.sharding.ShardRegion - sharded-daemon-process-eventSourcedProjection-passivation-race-entity-passivation-race-consumer-b: Automatic entity passivation: disabled
08:08:44.988 INFO  a.c.s.ClusterSingletonManager - ClusterSingletonManager state change [Start -> Oldest]
08:08:44.988 DEBUG a.c.sharding.DDataShardCoordinator - sharded-daemon-process-eventSourcedProjection-passivation-race-entity-passivation-race-consumer-a: Initial coordinator is empty.
08:08:44.988 INFO  a.c.sharding.DDataShardCoordinator - sharded-daemon-process-eventSourcedProjection-passivation-race-entity-passivation-race-consumer-a: ShardCoordinator was moved to the active state with [0] shards
08:08:44.988 DEBUG a.c.s.t.i.ShardedDaemonProcessCoordinator$ - ShardedDaemonProcessCoordinator for [eventSourcedProjection-passivation-race-entity-passivation-race-consumer-a] starting
08:08:44.988 DEBUG a.c.singleton.ClusterSingletonProxy - Creating singleton identification timer...
08:08:44.988 DEBUG a.c.singleton.ClusterSingletonProxy - Trying to identify singleton at [akka://akka-runtime@127.0.0.1:63353/system/singletonManagerShardedDaemonProcessCoordinator-eventSourcedProjection-passivation-race-entity-passivation-race-consumer-b/ShardedDaemonProcessCoordinator-eventSourcedProjection-passivation-race-entity-passivation-race-consumer-b]
08:08:44.988 DEBUG a.c.s.t.i.ShardedDaemonProcessCoordinator$ - eventSourcedProjection-passivation-race-entity-passivation-race-consumer-a: No previous state stored for Sharded Daemon Process
08:08:44.988 DEBUG a.c.s.t.i.ShardedDaemonProcessCoordinator$ - Sending periodic keep alive for Sharded Daemon Process [eventSourcedProjection-passivation-race-entity-passivation-race-consumer-a] to [1] processes (revision [0]).
08:08:44.988 INFO  a.c.s.typed.scaladsl.ClusterSharding - Starting Shard Region [sharded-daemon-process-eventSourcedProjection-passivation-race-entity-passivation-race-view]...
08:08:44.988 INFO  a.c.s.ClusterSingletonManager - Singleton manager starting singleton actor [akka://akka-runtime/system/sharding/sharded-daemon-process-eventSourcedProjection-passivation-race-entity-passivation-race-consumer-bCoordinator/singleton]
08:08:44.988 INFO  a.c.s.ClusterSingletonManager - ClusterSingletonManager state change [Start -> Oldest]
08:08:44.988 INFO  a.c.s.ClusterSingletonManager - Singleton manager starting singleton actor [akka://akka-runtime/system/singletonManagerShardedDaemonProcessCoordinator-eventSourcedProjection-passivation-race-entity-passivation-race-consumer-b/ShardedDaemonProcessCoordinator-eventSourcedProjection-passivation-race-entity-passivation-race-consumer-b]
08:08:44.988 INFO  a.c.s.ClusterSingletonManager - ClusterSingletonManager state change [Start -> Oldest]
08:08:44.988 DEBUG a.c.s.t.i.ShardedDaemonProcessCoordinator$ - ShardedDaemonProcessCoordinator for [eventSourcedProjection-passivation-race-entity-passivation-race-consumer-b] starting
08:08:44.988 INFO  akka.cluster.sharding.ShardRegion - sharded-daemon-process-eventSourcedProjection-passivation-race-entity-passivation-race-view: Automatic entity passivation: disabled
08:08:44.988 DEBUG a.c.sharding.DDataShardCoordinator - sharded-daemon-process-eventSourcedProjection-passivation-race-entity-passivation-race-consumer-b: Initial coordinator is empty.
08:08:44.988 INFO  a.c.sharding.DDataShardCoordinator - sharded-daemon-process-eventSourcedProjection-passivation-race-entity-passivation-race-consumer-b: ShardCoordinator was moved to the active state with [0] shards
08:08:44.988 DEBUG a.c.s.t.i.ShardedDaemonProcessCoordinator$ - eventSourcedProjection-passivation-race-entity-passivation-race-consumer-b: No previous state stored for Sharded Daemon Process
08:08:44.988 DEBUG a.c.s.t.i.ShardedDaemonProcessCoordinator$ - Sending periodic keep alive for Sharded Daemon Process [eventSourcedProjection-passivation-race-entity-passivation-race-consumer-b] to [1] processes (revision [0]).
08:08:44.988 INFO  a.c.s.ClusterSingletonManager - Singleton manager starting singleton actor [akka://akka-runtime/system/sharding/sharded-daemon-process-eventSourcedProjection-passivation-race-entity-passivation-race-viewCoordinator/singleton]
08:08:44.989 INFO  a.c.s.ClusterSingletonManager - ClusterSingletonManager state change [Start -> Oldest]
08:08:44.989 DEBUG a.c.singleton.ClusterSingletonProxy - Creating singleton identification timer...
08:08:44.989 INFO  a.c.s.ClusterSingletonManager - Singleton manager starting singleton actor [akka://akka-runtime/system/singletonManagerShardedDaemonProcessCoordinator-eventSourcedProjection-passivation-race-entity-passivation-race-view/ShardedDaemonProcessCoordinator-eventSourcedProjection-passivation-race-entity-passivation-race-view]
08:08:44.989 INFO  a.c.s.ClusterSingletonManager - ClusterSingletonManager state change [Start -> Oldest]
08:08:44.989 DEBUG a.c.singleton.ClusterSingletonProxy - Trying to identify singleton at [akka://akka-runtime@127.0.0.1:63353/system/singletonManagerShardedDaemonProcessCoordinator-eventSourcedProjection-passivation-race-entity-passivation-race-view/ShardedDaemonProcessCoordinator-eventSourcedProjection-passivation-race-entity-passivation-race-view]
08:08:44.989 DEBUG a.c.sharding.DDataShardCoordinator - sharded-daemon-process-eventSourcedProjection-passivation-race-entity-passivation-race-view: Initial coordinator is empty.
08:08:44.989 INFO  a.c.sharding.DDataShardCoordinator - sharded-daemon-process-eventSourcedProjection-passivation-race-entity-passivation-race-view: ShardCoordinator was moved to the active state with [0] shards
08:08:44.989 DEBUG a.c.s.t.i.ShardedDaemonProcessCoordinator$ - ShardedDaemonProcessCoordinator for [eventSourcedProjection-passivation-race-entity-passivation-race-view] starting
08:08:44.989 INFO  a.c.singleton.ClusterSingletonProxy - Singleton identified at [akka://akka-runtime/system/singletonManagerShardedDaemonProcessCoordinator-eventSourcedProjection-passivation-race-entity-passivation-race-view/ShardedDaemonProcessCoordinator-eventSourcedProjection-passivation-race-entity-passivation-race-view]
08:08:44.989 DEBUG a.c.singleton.ClusterSingletonProxy - Sending buffered messages to current singleton instance
08:08:44.989 DEBUG a.c.s.t.i.ShardedDaemonProcessCoordinator$ - eventSourcedProjection-passivation-race-entity-passivation-race-view: No previous state stored for Sharded Daemon Process
08:08:44.989 DEBUG a.c.s.t.i.ShardedDaemonProcessCoordinator$ - Sending periodic keep alive for Sharded Daemon Process [eventSourcedProjection-passivation-race-entity-passivation-race-view] to [1] processes (revision [0]).
08:08:44.989 INFO  akka.runtime.DiscoveryManager - Akka Runtime started at 127.0.0.1:63351
08:08:44.989 INFO  repro.Bootstrap - onStartup burst of 8 starting
08:08:45.033 INFO  akka.javasdk.testkit.TestKit - Runtime started
08:08:45.033 INFO  akka.actor.CoordinatedShutdown - Running CoordinatedShutdown with reason [ActorSystemTerminateReason]
08:08:45.033 DEBUG akka.actor.CoordinatedShutdown - Performing phase [before-service-unbind] with [0] tasks
08:08:45.033 DEBUG akka.actor.CoordinatedShutdown - Performing phase [service-unbind] with [1] tasks.
08:08:45.033 DEBUG akka.actor.CoordinatedShutdown - Performing task [http-unbind-/127.0.0.1:63351] in CoordinatedShutdown phase [service-unbind]
08:08:45.033 DEBUG akka.actor.CoordinatedShutdown - Performing phase [service-requests-done] with [1] tasks.
08:08:45.033 DEBUG akka.actor.CoordinatedShutdown - Performing task [http-terminate-/127.0.0.1:63351] in CoordinatedShutdown phase [service-requests-done]
08:08:45.033 DEBUG akka.actor.CoordinatedShutdown - Performing phase [service-stop] with [1] tasks.
08:08:45.033 DEBUG akka.actor.CoordinatedShutdown - Performing task [stop-grpc-clients] in CoordinatedShutdown phase [service-stop]
08:08:45.033 DEBUG akka.actor.CoordinatedShutdown - Performing phase [before-cluster-shutdown] with [0] tasks
08:08:45.033 DEBUG akka.actor.CoordinatedShutdown - Performing phase [cluster-sharding-shutdown-region] with [5] tasks.
08:08:45.033 DEBUG akka.actor.CoordinatedShutdown - Performing task [region-shutdown] in CoordinatedShutdown phase [cluster-sharding-shutdown-region]
08:08:45.033 DEBUG akka.actor.CoordinatedShutdown - Performing task [region-shutdown] in CoordinatedShutdown phase [cluster-sharding-shutdown-region]
08:08:45.033 DEBUG akka.actor.CoordinatedShutdown - Performing task [region-shutdown] in CoordinatedShutdown phase [cluster-sharding-shutdown-region]
08:08:45.033 DEBUG akka.actor.CoordinatedShutdown - Performing task [region-shutdown] in CoordinatedShutdown phase [cluster-sharding-shutdown-region]
08:08:45.033 DEBUG akka.actor.CoordinatedShutdown - Performing task [region-shutdown] in CoordinatedShutdown phase [cluster-sharding-shutdown-region]
08:08:45.033 DEBUG a.c.sharding.DDataShardCoordinator - sharded-daemon-process-eventSourcedProjection-passivation-race-entity-passivation-race-consumer-b: Unknown region requested graceful shutdown [Actor[akka://akka-runtime/system/sharding/sharded-daemon-process-eventSourcedProjection-passivation-race-entity-passivation-race-consumer-b#538349360]]
08:08:45.033 DEBUG a.c.sharding.DDataShardCoordinator - passivation-race-entity: Unknown region requested graceful shutdown [Actor[akka://akka-runtime/system/sharding/passivation-race-entity#-314014074]]
08:08:45.033 DEBUG a.c.sharding.DDataShardCoordinator - sharded-daemon-process-eventSourcedProjection-passivation-race-entity-passivation-race-consumer-a: Unknown region requested graceful shutdown [Actor[akka://akka-runtime/system/sharding/sharded-daemon-process-eventSourcedProjection-passivation-race-entity-passivation-race-consumer-a#812247867]]
08:08:45.033 DEBUG a.c.sharding.DDataShardCoordinator - sharded-daemon-process-eventSourcedProjection-passivation-race-entity-passivation-race-view: Unknown region requested graceful shutdown [Actor[akka://akka-runtime/system/sharding/sharded-daemon-process-eventSourcedProjection-passivation-race-entity-passivation-race-view#2083292408]]
08:08:45.033 DEBUG a.c.sharding.DDataShardCoordinator - _timer: Unknown region requested graceful shutdown [Actor[akka://akka-runtime/system/sharding/_timer#-612969231]]
08:08:45.052 DEBUG a.c.singleton.ClusterSingletonProxy - Trying to identify singleton at [akka://akka-runtime@127.0.0.1:63353/system/singletonManagerShardedDaemonProcessCoordinator-eventSourcedProjection-passivation-race-entity-passivation-race-consumer-a/ShardedDaemonProcessCoordinator-eventSourcedProjection-passivation-race-entity-passivation-race-consumer-a]
08:08:45.052 DEBUG a.c.singleton.ClusterSingletonProxy - Trying to identify singleton at [akka://akka-runtime@127.0.0.1:63353/system/singletonManagerShardedDaemonProcessCoordinator-eventSourcedProjection-passivation-race-entity-passivation-race-consumer-b/ShardedDaemonProcessCoordinator-eventSourcedProjection-passivation-race-entity-passivation-race-consumer-b]
08:08:45.052 INFO  a.c.singleton.ClusterSingletonProxy - Singleton identified at [akka://akka-runtime/system/singletonManagerShardedDaemonProcessCoordinator-eventSourcedProjection-passivation-race-entity-passivation-race-consumer-b/ShardedDaemonProcessCoordinator-eventSourcedProjection-passivation-race-entity-passivation-race-consumer-b]
08:08:45.052 DEBUG a.c.singleton.ClusterSingletonProxy - Sending buffered messages to current singleton instance
08:08:45.052 INFO  a.c.singleton.ClusterSingletonProxy - Singleton identified at [akka://akka-runtime/system/singletonManagerShardedDaemonProcessCoordinator-eventSourcedProjection-passivation-race-entity-passivation-race-consumer-a/ShardedDaemonProcessCoordinator-eventSourcedProjection-passivation-race-entity-passivation-race-consumer-a]
08:08:45.052 DEBUG a.c.singleton.ClusterSingletonProxy - Sending buffered messages to current singleton instance
08:08:45.252 DEBUG a.c.sharding.DDataShardCoordinator - passivation-race-entity: ShardRegion registered: [Actor[akka://akka-runtime/system/sharding/passivation-race-entity#-314014074]]
08:08:45.252 DEBUG a.c.sharding.DDataShardCoordinator - sharded-daemon-process-eventSourcedProjection-passivation-race-entity-passivation-race-consumer-a: ShardRegion registered: [Actor[akka://akka-runtime/system/sharding/sharded-daemon-process-eventSourcedProjection-passivation-race-entity-passivation-race-consumer-a#812247867]]
08:08:45.252 DEBUG a.c.sharding.DDataShardCoordinator - sharded-daemon-process-eventSourcedProjection-passivation-race-entity-passivation-race-consumer-b: ShardRegion registered: [Actor[akka://akka-runtime/system/sharding/sharded-daemon-process-eventSourcedProjection-passivation-race-entity-passivation-race-consumer-b#538349360]]
08:08:45.252 DEBUG a.c.sharding.DDataShardCoordinator - sharded-daemon-process-eventSourcedProjection-passivation-race-entity-passivation-race-view: ShardRegion registered: [Actor[akka://akka-runtime/system/sharding/sharded-daemon-process-eventSourcedProjection-passivation-race-entity-passivation-race-view#2083292408]]
08:08:45.252 DEBUG a.c.sharding.DDataShardCoordinator - sharded-daemon-process-eventSourcedProjection-passivation-race-entity-passivation-race-consumer-a: The coordinator state was successfully updated with ShardRegionRegistered(Actor[akka://akka-runtime/system/sharding/sharded-daemon-process-eventSourcedProjection-passivation-race-entity-passivation-race-consumer-a#812247867])
08:08:45.252 DEBUG a.c.sharding.DDataShardCoordinator - passivation-race-entity: The coordinator state was successfully updated with ShardRegionRegistered(Actor[akka://akka-runtime/system/sharding/passivation-race-entity#-314014074])
08:08:45.252 DEBUG a.c.sharding.DDataShardCoordinator - sharded-daemon-process-eventSourcedProjection-passivation-race-entity-passivation-race-consumer-b: The coordinator state was successfully updated with ShardRegionRegistered(Actor[akka://akka-runtime/system/sharding/sharded-daemon-process-eventSourcedProjection-passivation-race-entity-passivation-race-consumer-b#538349360])
08:08:45.252 DEBUG a.c.sharding.DDataShardCoordinator - sharded-daemon-process-eventSourcedProjection-passivation-race-entity-passivation-race-view: The coordinator state was successfully updated with ShardRegionRegistered(Actor[akka://akka-runtime/system/sharding/sharded-daemon-process-eventSourcedProjection-passivation-race-entity-passivation-race-view#2083292408])
08:08:45.253 DEBUG a.c.sharding.DDataShardCoordinator - sharded-daemon-process-eventSourcedProjection-passivation-race-entity-passivation-race-consumer-a: The coordinator state was successfully updated with ShardHomeAllocated(0,Actor[akka://akka-runtime/system/sharding/sharded-daemon-process-eventSourcedProjection-passivation-race-entity-passivation-race-consumer-a#812247867])
08:08:45.253 DEBUG a.c.sharding.DDataShardCoordinator - passivation-race-entity: The coordinator state was successfully updated with ShardHomeAllocated(379,Actor[akka://akka-runtime/system/sharding/passivation-race-entity#-314014074])
08:08:45.253 DEBUG a.c.sharding.DDataShardCoordinator - sharded-daemon-process-eventSourcedProjection-passivation-race-entity-passivation-race-consumer-b: The coordinator state was successfully updated with ShardHomeAllocated(0,Actor[akka://akka-runtime/system/sharding/sharded-daemon-process-eventSourcedProjection-passivation-race-entity-passivation-race-consumer-b#538349360])
08:08:45.253 DEBUG a.c.sharding.DDataShardCoordinator - sharded-daemon-process-eventSourcedProjection-passivation-race-entity-passivation-race-view: The coordinator state was successfully updated with ShardHomeAllocated(0,Actor[akka://akka-runtime/system/sharding/sharded-daemon-process-eventSourcedProjection-passivation-race-entity-passivation-race-view#2083292408])
08:08:45.253 DEBUG a.c.sharding.DDataShardCoordinator - sharded-daemon-process-eventSourcedProjection-passivation-race-entity-passivation-race-consumer-a: Shard [0] allocated at [Actor[akka://akka-runtime/system/sharding/sharded-daemon-process-eventSourcedProjection-passivation-race-entity-passivation-race-consumer-a#812247867]]
08:08:45.253 DEBUG a.c.sharding.DDataShardCoordinator - passivation-race-entity: Shard [379] allocated at [Actor[akka://akka-runtime/system/sharding/passivation-race-entity#-314014074]]
08:08:45.253 DEBUG a.c.sharding.DDataShardCoordinator - sharded-daemon-process-eventSourcedProjection-passivation-race-entity-passivation-race-consumer-b: Shard [0] allocated at [Actor[akka://akka-runtime/system/sharding/sharded-daemon-process-eventSourcedProjection-passivation-race-entity-passivation-race-consumer-b#538349360]]
08:08:45.253 DEBUG a.c.sharding.DDataShardCoordinator - sharded-daemon-process-eventSourcedProjection-passivation-race-entity-passivation-race-consumer-a: Graceful shutdown of region [Actor[akka://akka-runtime/system/sharding/sharded-daemon-process-eventSourcedProjection-passivation-race-entity-passivation-race-consumer-a#812247867]] with [1] shards
08:08:45.253 INFO  a.c.sharding.DDataShardCoordinator - sharded-daemon-process-eventSourcedProjection-passivation-race-entity-passivation-race-consumer-a: Starting shutting down shards [0] due to region shutting down or explicit stopping of shards.
08:08:45.253 DEBUG a.c.sharding.DDataShardCoordinator - sharded-daemon-process-eventSourcedProjection-passivation-race-entity-passivation-race-consumer-b: Graceful shutdown of region [Actor[akka://akka-runtime/system/sharding/sharded-daemon-process-eventSourcedProjection-passivation-race-entity-passivation-race-consumer-b#538349360]] with [1] shards
08:08:45.254 INFO  a.c.sharding.DDataShardCoordinator - sharded-daemon-process-eventSourcedProjection-passivation-race-entity-passivation-race-consumer-b: Starting shutting down shards [0] due to region shutting down or explicit stopping of shards.
08:08:45.254 DEBUG a.c.sharding.DDataShardCoordinator - passivation-race-entity: Graceful shutdown of region [Actor[akka://akka-runtime/system/sharding/passivation-race-entity#-314014074]] with [1] shards
08:08:45.254 INFO  a.c.sharding.DDataShardCoordinator - passivation-race-entity: Starting shutting down shards [379] due to region shutting down or explicit stopping of shards.
08:08:45.254 DEBUG a.c.s.ShardCoordinator$RebalanceWorker - sharded-daemon-process-eventSourcedProjection-passivation-race-entity-passivation-race-consumer-a: Shutting down shard [0] from region [Actor[akka://akka-runtime/system/sharding/sharded-daemon-process-eventSourcedProjection-passivation-race-entity-passivation-race-consumer-a#812247867]]. Asking [1] region(s) to hand-off shard
08:08:45.254 DEBUG a.c.s.ShardCoordinator$RebalanceWorker - sharded-daemon-process-eventSourcedProjection-passivation-race-entity-passivation-race-consumer-a: BeginHandOffAck for shard [0] received from [Actor[akka://akka-runtime/system/sharding/sharded-daemon-process-eventSourcedProjection-passivation-race-entity-passivation-race-consumer-a#812247867]].
08:08:45.254 DEBUG a.c.s.ShardCoordinator$RebalanceWorker - sharded-daemon-process-eventSourcedProjection-passivation-race-entity-passivation-race-consumer-a: All shard regions acked, handing off shard [0].
08:08:45.254 DEBUG akka.cluster.sharding.Shard - sharded-daemon-process-eventSourcedProjection-passivation-race-entity-passivation-race-consumer-b: Shard initialized
08:08:45.254 DEBUG akka.cluster.sharding.Shard - sharded-daemon-process-eventSourcedProjection-passivation-race-entity-passivation-race-consumer-a: Shard initialized
08:08:45.254 DEBUG a.c.s.ShardCoordinator$RebalanceWorker - sharded-daemon-process-eventSourcedProjection-passivation-race-entity-passivation-race-consumer-b: Shutting down shard [0] from region [Actor[akka://akka-runtime/system/sharding/sharded-daemon-process-eventSourcedProjection-passivation-race-entity-passivation-race-consumer-b#538349360]]. Asking [1] region(s) to hand-off shard
08:08:45.254 WARN  akka.cluster.sharding.ShardRegion - sharded-daemon-process-eventSourcedProjection-passivation-race-entity-passivation-race-consumer-a: Dropping [1] buffered messages to shard [0] during hand off to avoid re-ordering
08:08:45.254 DEBUG a.c.sharding.DDataShardCoordinator - sharded-daemon-process-eventSourcedProjection-passivation-race-entity-passivation-race-view: Shard [0] allocated at [Actor[akka://akka-runtime/system/sharding/sharded-daemon-process-eventSourcedProjection-passivation-race-entity-passivation-race-view#2083292408]]
08:08:45.254 DEBUG akka.cluster.sharding.Shard - sharded-daemon-process-eventSourcedProjection-passivation-race-entity-passivation-race-consumer-a: HandOff shard [0]
08:08:45.254 DEBUG akka.cluster.sharding.Shard - sharded-daemon-process-eventSourcedProjection-passivation-race-entity-passivation-race-consumer-a: Shard [0] shutting down
08:08:45.254 DEBUG akka.cluster.sharding.Shard - passivation-race-entity: Shard initialized
08:08:45.254 DEBUG a.c.s.t.i.ShardedDaemonProcessState$ - eventSourcedProjection-passivation-race-entity-passivation-race-consumer-b: Deferred start of worker to verify its revision [0] is the latest
08:08:45.254 DEBUG a.c.s.ShardCoordinator$RebalanceWorker - passivation-race-entity: Shutting down shard [379] from region [Actor[akka://akka-runtime/system/sharding/passivation-race-entity#-314014074]]. Asking [1] region(s) to hand-off shard
08:08:45.254 DEBUG akka.cluster.sharding.Shard - sharded-daemon-process-eventSourcedProjection-passivation-race-entity-passivation-race-consumer-b: Request to start entity [0] and ack to [Some(Actor[akka://akka-runtime/deadLetters])]
08:08:45.254 DEBUG a.c.sharding.DDataShardCoordinator - sharded-daemon-process-eventSourcedProjection-passivation-race-entity-passivation-race-consumer-a: Shard [0] deallocation completed successfully.
08:08:45.254 DEBUG a.c.sharding.DDataShardCoordinator - sharded-daemon-process-eventSourcedProjection-passivation-race-entity-passivation-race-view: Graceful shutdown of region [Actor[akka://akka-runtime/system/sharding/sharded-daemon-process-eventSourcedProjection-passivation-race-entity-passivation-race-view#2083292408]] with [1] shards
08:08:45.254 INFO  a.c.sharding.DDataShardCoordinator - sharded-daemon-process-eventSourcedProjection-passivation-race-entity-passivation-race-view: Starting shutting down shards [0] due to region shutting down or explicit stopping of shards.
08:08:45.254 DEBUG akka.cluster.sharding.Shard - sharded-daemon-process-eventSourcedProjection-passivation-race-entity-passivation-race-consumer-b: Started entity [Actor[akka://akka-runtime/system/sharding/sharded-daemon-process-eventSourcedProjection-passivation-race-entity-passivation-race-consumer-b/0/0#267078855]] with entity id [0] in shard [0]
08:08:45.254 DEBUG a.c.s.t.i.ShardedDaemonProcessState$ - eventSourcedProjection-passivation-race-entity-passivation-race-view: Deferred start of worker to verify its revision [0] is the latest
08:08:45.254 DEBUG akka.cluster.sharding.Shard - passivation-race-entity: Started entity [Actor[akka://akka-runtime/system/sharding/passivation-race-entity/379/f8cec7f6-51f5-45de-9320-29e0ac1253fa#324796698]] with entity id [f8cec7f6-51f5-45de-9320-29e0ac1253fa] in shard [379]
08:08:45.254 DEBUG a.c.s.ShardCoordinator$RebalanceWorker - sharded-daemon-process-eventSourcedProjection-passivation-race-entity-passivation-race-consumer-b: BeginHandOffAck for shard [0] received from [Actor[akka://akka-runtime/system/sharding/sharded-daemon-process-eventSourcedProjection-passivation-race-entity-passivation-race-consumer-b#538349360]].
08:08:45.254 DEBUG a.c.s.ShardCoordinator$RebalanceWorker - sharded-daemon-process-eventSourcedProjection-passivation-race-entity-passivation-race-consumer-b: All shard regions acked, handing off shard [0].
08:08:45.254 DEBUG a.c.s.ShardCoordinator$RebalanceWorker - passivation-race-entity: BeginHandOffAck for shard [379] received from [Actor[akka://akka-runtime/system/sharding/passivation-race-entity#-314014074]].
08:08:45.254 INFO  a.c.s.t.i.ShardedDaemonProcessState$ - eventSourcedProjection-passivation-race-entity-passivation-race-consumer-b: Starting Sharded Daemon Process [0] out of a total [1] (revision [0] and no state found)
08:08:45.254 INFO  a.c.s.t.i.ShardedDaemonProcessState$ - eventSourcedProjection-passivation-race-entity-passivation-race-view: Starting Sharded Daemon Process [0] out of a total [1] (revision [0] and no state found)
08:08:45.255 DEBUG a.c.s.ShardCoordinator$RebalanceWorker - passivation-race-entity: All shard regions acked, handing off shard [379].
08:08:45.255 DEBUG akka.cluster.sharding.Shard - sharded-daemon-process-eventSourcedProjection-passivation-race-entity-passivation-race-view: Shard initialized
08:08:45.255 DEBUG a.c.s.ShardCoordinator$RebalanceWorker - sharded-daemon-process-eventSourcedProjection-passivation-race-entity-passivation-race-view: Shutting down shard [0] from region [Actor[akka://akka-runtime/system/sharding/sharded-daemon-process-eventSourcedProjection-passivation-race-entity-passivation-race-view#2083292408]]. Asking [1] region(s) to hand-off shard
08:08:45.255 DEBUG a.c.sharding.DDataShardCoordinator - sharded-daemon-process-eventSourcedProjection-passivation-race-entity-passivation-race-consumer-a: The coordinator state was successfully updated with ShardHomeDeallocated(0)
08:08:45.255 DEBUG a.c.sharding.DDataShardCoordinator - sharded-daemon-process-eventSourcedProjection-passivation-race-entity-passivation-race-consumer-a: Shard [0] deallocated after
08:08:45.255 DEBUG akka.cluster.sharding.Shard - sharded-daemon-process-eventSourcedProjection-passivation-race-entity-passivation-race-view: Request to start entity [0] and ack to [Some(Actor[akka://akka-runtime/deadLetters])]
08:08:45.255 DEBUG a.c.sharding.DDataShardCoordinator - sharded-daemon-process-eventSourcedProjection-passivation-race-entity-passivation-race-consumer-a: ShardRegion terminated (gracefully): [Actor[akka://akka-runtime/system/sharding/sharded-daemon-process-eventSourcedProjection-passivation-race-entity-passivation-race-consumer-a#812247867]] {}
08:08:45.255 DEBUG a.c.sharding.DDataShardCoordinator - sharded-daemon-process-eventSourcedProjection-passivation-race-entity-passivation-race-consumer-a: GetShardHome [0] request from [Actor[akka://local/ignore]] stashed, because waiting for initial state or update of state. It will be handled afterwards.
08:08:45.255 DEBUG akka.cluster.sharding.Shard - sharded-daemon-process-eventSourcedProjection-passivation-race-entity-passivation-race-view: Started entity [Actor[akka://akka-runtime/system/sharding/sharded-daemon-process-eventSourcedProjection-passivation-race-entity-passivation-race-view/0/0#-506331374]] with entity id [0] in shard [0]
08:08:45.255 DEBUG a.c.s.ShardCoordinator$RebalanceWorker - sharded-daemon-process-eventSourcedProjection-passivation-race-entity-passivation-race-view: BeginHandOffAck for shard [0] received from [Actor[akka://akka-runtime/system/sharding/sharded-daemon-process-eventSourcedProjection-passivation-race-entity-passivation-race-view#2083292408]].
08:08:45.255 DEBUG a.c.s.ShardCoordinator$RebalanceWorker - sharded-daemon-process-eventSourcedProjection-passivation-race-entity-passivation-race-view: All shard regions acked, handing off shard [0].
08:08:45.255 DEBUG akka.cluster.sharding.Shard - sharded-daemon-process-eventSourcedProjection-passivation-race-entity-passivation-race-consumer-b: HandOff shard [0]
08:08:45.255 DEBUG akka.cluster.sharding.Shard - sharded-daemon-process-eventSourcedProjection-passivation-race-entity-passivation-race-consumer-b: Starting HandOffStopper for shard [0] to terminate [1] entities.
08:08:45.255 DEBUG a.c.sharding.DDataShardCoordinator - sharded-daemon-process-eventSourcedProjection-passivation-race-entity-passivation-race-consumer-a: The coordinator state was successfully updated with ShardRegionTerminated(Actor[akka://akka-runtime/system/sharding/sharded-daemon-process-eventSourcedProjection-passivation-race-entity-passivation-race-consumer-a#812247867])
08:08:45.255 DEBUG a.c.sharding.DDataShardCoordinator - sharded-daemon-process-eventSourcedProjection-passivation-race-entity-passivation-race-consumer-a: ShardRegion stopped: [Actor[akka://akka-runtime/system/sharding/sharded-daemon-process-eventSourcedProjection-passivation-race-entity-passivation-race-consumer-a#812247867]]
08:08:45.255 DEBUG akka.cluster.sharding.Shard - sharded-daemon-process-eventSourcedProjection-passivation-race-entity-passivation-race-view: HandOff shard [0]
08:08:45.255 DEBUG akka.cluster.sharding.Shard - sharded-daemon-process-eventSourcedProjection-passivation-race-entity-passivation-race-view: Starting HandOffStopper for shard [0] to terminate [1] entities.
08:08:45.255 DEBUG akka.cluster.sharding.Shard - passivation-race-entity: HandOff shard [379]
08:08:45.255 DEBUG akka.cluster.sharding.Shard - passivation-race-entity: Starting HandOffStopper for shard [379] to terminate [1] entities.
08:08:45.255 DEBUG a.c.sharding.DDataShardCoordinator - sharded-daemon-process-eventSourcedProjection-passivation-race-entity-passivation-race-view: Shard [0] deallocation completed successfully.
08:08:45.255 DEBUG akka.cluster.sharding.Shard - sharded-daemon-process-eventSourcedProjection-passivation-race-entity-passivation-race-view: Shard [0] shutting down
08:08:45.255 DEBUG a.c.sharding.DDataShardCoordinator - sharded-daemon-process-eventSourcedProjection-passivation-race-entity-passivation-race-view: The coordinator state was successfully updated with ShardHomeDeallocated(0)
08:08:45.255 DEBUG a.c.sharding.DDataShardCoordinator - sharded-daemon-process-eventSourcedProjection-passivation-race-entity-passivation-race-view: Shard [0] deallocated after
08:08:45.255 DEBUG a.c.sharding.DDataShardCoordinator - sharded-daemon-process-eventSourcedProjection-passivation-race-entity-passivation-race-view: ShardRegion stopped: [Actor[akka://akka-runtime/system/sharding/sharded-daemon-process-eventSourcedProjection-passivation-race-entity-passivation-race-view#2083292408]]
08:08:45.255 DEBUG a.c.sharding.DDataShardCoordinator - sharded-daemon-process-eventSourcedProjection-passivation-race-entity-passivation-race-view: ShardRegion terminated (gracefully): [Actor[akka://akka-runtime/system/sharding/sharded-daemon-process-eventSourcedProjection-passivation-race-entity-passivation-race-view#2083292408]] {}
08:08:45.255 DEBUG a.c.sharding.DDataShardCoordinator - sharded-daemon-process-eventSourcedProjection-passivation-race-entity-passivation-race-view: GetShardHome [0] request from [Actor[akka://local/ignore]] stashed, because waiting for initial state or update of state. It will be handled afterwards.
08:08:45.255 DEBUG a.c.sharding.DDataShardCoordinator - sharded-daemon-process-eventSourcedProjection-passivation-race-entity-passivation-race-view: The coordinator state was successfully updated with ShardRegionTerminated(Actor[akka://akka-runtime/system/sharding/sharded-daemon-process-eventSourcedProjection-passivation-race-entity-passivation-race-view#2083292408])
08:08:45.257 DEBUG akka.cluster.sharding.Shard - sharded-daemon-process-eventSourcedProjection-passivation-race-entity-passivation-race-consumer-b: Shard [0] shutting down
08:08:45.258 DEBUG a.c.sharding.DDataShardCoordinator - sharded-daemon-process-eventSourcedProjection-passivation-race-entity-passivation-race-consumer-b: Shard [0] deallocation completed successfully.
08:08:45.258 DEBUG a.c.sharding.DDataShardCoordinator - sharded-daemon-process-eventSourcedProjection-passivation-race-entity-passivation-race-consumer-b: The coordinator state was successfully updated with ShardHomeDeallocated(0)
08:08:45.258 DEBUG a.c.sharding.DDataShardCoordinator - sharded-daemon-process-eventSourcedProjection-passivation-race-entity-passivation-race-consumer-b: Shard [0] deallocated after
08:08:45.258 DEBUG a.c.sharding.DDataShardCoordinator - sharded-daemon-process-eventSourcedProjection-passivation-race-entity-passivation-race-consumer-b: ShardRegion stopped: [Actor[akka://akka-runtime/system/sharding/sharded-daemon-process-eventSourcedProjection-passivation-race-entity-passivation-race-consumer-b#538349360]]
08:08:45.258 DEBUG a.c.sharding.DDataShardCoordinator - sharded-daemon-process-eventSourcedProjection-passivation-race-entity-passivation-race-consumer-b: ShardRegion terminated (gracefully): [Actor[akka://akka-runtime/system/sharding/sharded-daemon-process-eventSourcedProjection-passivation-race-entity-passivation-race-consumer-b#538349360]] {}
08:08:45.258 DEBUG a.c.sharding.DDataShardCoordinator - sharded-daemon-process-eventSourcedProjection-passivation-race-entity-passivation-race-consumer-b: GetShardHome [0] request from [Actor[akka://local/ignore]] stashed, because waiting for initial state or update of state. It will be handled afterwards.
08:08:45.258 DEBUG a.c.sharding.DDataShardCoordinator - sharded-daemon-process-eventSourcedProjection-passivation-race-entity-passivation-race-consumer-b: The coordinator state was successfully updated with ShardRegionTerminated(Actor[akka://akka-runtime/system/sharding/sharded-daemon-process-eventSourcedProjection-passivation-race-entity-passivation-race-consumer-b#538349360])
08:08:45.267 DEBUG akka.cluster.sharding.Shard - passivation-race-entity: Shard [379] shutting down
08:08:45.267 DEBUG a.c.sharding.DDataShardCoordinator - passivation-race-entity: Shard [379] deallocation completed successfully.
08:08:45.267 DEBUG akka.actor.CoordinatedShutdown - Performing phase [cluster-leave] with [1] tasks.
08:08:45.267 DEBUG akka.actor.CoordinatedShutdown - Performing task [leave] in CoordinatedShutdown phase [cluster-leave]
08:08:45.267 DEBUG a.c.sharding.DDataShardCoordinator - passivation-race-entity: The coordinator state was successfully updated with ShardHomeDeallocated(379)
08:08:45.267 DEBUG a.c.sharding.DDataShardCoordinator - passivation-race-entity: Shard [379] deallocated after
08:08:45.267 DEBUG a.c.sharding.DDataShardCoordinator - passivation-race-entity: ShardRegion terminated (gracefully): [Actor[akka://akka-runtime/system/sharding/passivation-race-entity#-314014074]] {}
08:08:45.267 DEBUG a.c.sharding.DDataShardCoordinator - passivation-race-entity: GetShardHome [379] request from [Actor[akka://local/ignore]] stashed, because waiting for initial state or update of state. It will be handled afterwards.
08:08:45.268 DEBUG a.c.sharding.DDataShardCoordinator - passivation-race-entity: The coordinator state was successfully updated with ShardRegionTerminated(Actor[akka://akka-runtime/system/sharding/passivation-race-entity#-314014074])
08:08:45.268 DEBUG a.c.sharding.DDataShardCoordinator - passivation-race-entity: ShardRegion stopped: [Actor[akka://akka-runtime/system/sharding/passivation-race-entity#-314014074]]
08:08:45.268 DEBUG a.c.singleton.ClusterSingletonProxy - Creating singleton identification timer...
08:08:45.268 DEBUG a.c.singleton.ClusterSingletonProxy - Creating singleton identification timer...
08:08:45.268 DEBUG a.c.singleton.ClusterSingletonProxy - Creating singleton identification timer...
08:08:45.268 DEBUG a.c.singleton.ClusterSingletonProxy - Creating singleton identification timer...
08:08:45.268 DEBUG akka.actor.CoordinatedShutdown - Performing phase [cluster-exiting] with [28] tasks.
08:08:45.268 DEBUG akka.actor.CoordinatedShutdown - Performing task [singleton-exiting-1] in CoordinatedShutdown phase [cluster-exiting]
08:08:45.268 DEBUG akka.actor.CoordinatedShutdown - Performing task [wait-singleton-exiting] in CoordinatedShutdown phase [cluster-exiting]
08:08:45.268 DEBUG akka.actor.CoordinatedShutdown - Performing task [singleton-exiting-2] in CoordinatedShutdown phase [cluster-exiting]
08:08:45.268 DEBUG akka.actor.CoordinatedShutdown - Performing task [singleton-exiting-1] in CoordinatedShutdown phase [cluster-exiting]
08:08:45.268 DEBUG akka.actor.CoordinatedShutdown - Performing task [singleton-exiting-2] in CoordinatedShutdown phase [cluster-exiting]
08:08:45.268 DEBUG akka.actor.CoordinatedShutdown - Performing task [wait-singleton-exiting] in CoordinatedShutdown phase [cluster-exiting]
08:08:45.268 DEBUG akka.actor.CoordinatedShutdown - Performing task [singleton-exiting-1] in CoordinatedShutdown phase [cluster-exiting]
08:08:45.269 INFO  a.c.s.ClusterSingletonManager - Exited [akka://akka-runtime@127.0.0.1:63353].
08:08:45.269 DEBUG akka.actor.CoordinatedShutdown - Performing task [singleton-exiting-2] in CoordinatedShutdown phase [cluster-exiting]
08:08:45.269 DEBUG akka.actor.CoordinatedShutdown - Performing task [singleton-exiting-2] in CoordinatedShutdown phase [cluster-exiting]
08:08:45.269 INFO  a.c.s.ClusterSingletonManager - Oldest observed OldestChanged: [akka://akka-runtime@127.0.0.1:63353 -> None]
08:08:45.269 DEBUG akka.actor.CoordinatedShutdown - Performing task [singleton-exiting-1] in CoordinatedShutdown phase [cluster-exiting]
08:08:45.269 DEBUG akka.actor.CoordinatedShutdown - Performing task [wait-singleton-exiting] in CoordinatedShutdown phase [cluster-exiting]
08:08:45.269 DEBUG akka.actor.CoordinatedShutdown - Performing task [wait-singleton-exiting] in CoordinatedShutdown phase [cluster-exiting]
08:08:45.269 DEBUG akka.actor.CoordinatedShutdown - Performing task [wait-singleton-exiting] in CoordinatedShutdown phase [cluster-exiting]
08:08:45.269 DEBUG akka.actor.CoordinatedShutdown - Performing task [singleton-exiting-2] in CoordinatedShutdown phase [cluster-exiting]
08:08:45.269 INFO  a.c.s.ClusterSingletonManager - ClusterSingletonManager state change [Oldest -> WasOldest]
08:08:45.269 DEBUG akka.actor.CoordinatedShutdown - Performing task [singleton-exiting-2] in CoordinatedShutdown phase [cluster-exiting]
08:08:45.269 DEBUG akka.actor.CoordinatedShutdown - Performing task [wait-singleton-exiting] in CoordinatedShutdown phase [cluster-exiting]
08:08:45.269 DEBUG akka.actor.CoordinatedShutdown - Performing task [wait-singleton-exiting] in CoordinatedShutdown phase [cluster-exiting]
08:08:45.269 DEBUG akka.actor.CoordinatedShutdown - Performing task [singleton-exiting-2] in CoordinatedShutdown phase [cluster-exiting]
08:08:45.269 DEBUG akka.actor.CoordinatedShutdown - Performing task [singleton-exiting-1] in CoordinatedShutdown phase [cluster-exiting]
08:08:45.269 INFO  a.c.s.ClusterSingletonManager - Exited [akka://akka-runtime@127.0.0.1:63353].
08:08:45.269 DEBUG akka.actor.CoordinatedShutdown - Performing task [singleton-exiting-1] in CoordinatedShutdown phase [cluster-exiting]
08:08:45.269 DEBUG akka.actor.CoordinatedShutdown - Performing task [wait-singleton-exiting] in CoordinatedShutdown phase [cluster-exiting]
08:08:45.269 DEBUG akka.actor.CoordinatedShutdown - Performing task [singleton-exiting-2] in CoordinatedShutdown phase [cluster-exiting]
08:08:45.269 DEBUG akka.actor.CoordinatedShutdown - Performing task [singleton-exiting-1] in CoordinatedShutdown phase [cluster-exiting]
08:08:45.269 INFO  a.c.s.ClusterSingletonManager - Singleton manager stopping singleton actor [akka://akka-runtime/system/sharding/sharded-daemon-process-eventSourcedProjection-passivation-race-entity-passivation-race-viewCoordinator/singleton]
08:08:45.269 DEBUG akka.actor.CoordinatedShutdown - Performing task [wait-exiting] in CoordinatedShutdown phase [cluster-exiting]
08:08:45.269 INFO  a.c.s.ClusterSingletonManager - ClusterSingletonManager state change [WasOldest -> Stopping]
08:08:45.269 DEBUG akka.actor.CoordinatedShutdown - Performing task [wait-singleton-exiting] in CoordinatedShutdown phase [cluster-exiting]
08:08:45.269 DEBUG akka.actor.CoordinatedShutdown - Performing task [singleton-exiting-2] in CoordinatedShutdown phase [cluster-exiting]
08:08:45.269 DEBUG akka.actor.CoordinatedShutdown - Performing task [singleton-exiting-1] in CoordinatedShutdown phase [cluster-exiting]
08:08:45.269 DEBUG akka.actor.CoordinatedShutdown - Performing task [singleton-exiting-1] in CoordinatedShutdown phase [cluster-exiting]
08:08:45.269 DEBUG a.c.sharding.DDataShardCoordinator - sharded-daemon-process-eventSourcedProjection-passivation-race-entity-passivation-race-view: Received termination message.
08:08:45.269 INFO  a.c.s.ClusterSingletonManager - Exited [akka://akka-runtime@127.0.0.1:63353].
08:08:45.269 INFO  a.c.s.ClusterSingletonManager - Exited [akka://akka-runtime@127.0.0.1:63353].
08:08:45.269 INFO  a.c.s.ClusterSingletonManager - Singleton actor [akka://akka-runtime/system/sharding/sharded-daemon-process-eventSourcedProjection-passivation-race-entity-passivation-race-viewCoordinator/singleton] was terminated
08:08:45.269 INFO  a.c.s.ClusterSingletonManager - Exited [akka://akka-runtime@127.0.0.1:63353].
08:08:45.269 INFO  a.c.s.ClusterSingletonManager - Exited [akka://akka-runtime@127.0.0.1:63353].
08:08:45.269 INFO  a.c.s.ClusterSingletonManager - Oldest observed OldestChanged: [akka://akka-runtime@127.0.0.1:63353 -> None]
08:08:45.269 INFO  a.c.s.ClusterSingletonManager - ClusterSingletonManager state change [Oldest -> WasOldest]
08:08:45.269 INFO  a.c.s.ClusterSingletonManager - Exited [akka://akka-runtime@127.0.0.1:63353].
08:08:45.269 INFO  a.c.s.ClusterSingletonManager - Oldest observed OldestChanged: [akka://akka-runtime@127.0.0.1:63353 -> None]
08:08:45.269 INFO  a.c.s.ClusterSingletonManager - ClusterSingletonManager state change [Oldest -> WasOldest]
08:08:45.269 INFO  a.c.s.ClusterSingletonManager - Exited [akka://akka-runtime@127.0.0.1:63353].
08:08:45.269 INFO  a.c.s.ClusterSingletonManager - Exited [akka://akka-runtime@127.0.0.1:63353].
08:08:45.269 INFO  a.c.s.ClusterSingletonManager - Oldest observed OldestChanged: [akka://akka-runtime@127.0.0.1:63353 -> None]
08:08:45.269 INFO  a.c.s.ClusterSingletonManager - Oldest observed OldestChanged: [akka://akka-runtime@127.0.0.1:63353 -> None]
08:08:45.269 INFO  a.c.s.ClusterSingletonManager - ClusterSingletonManager state change [Oldest -> WasOldest]
08:08:45.269 INFO  a.c.s.ClusterSingletonManager - ClusterSingletonManager state change [Oldest -> WasOldest]
08:08:45.269 INFO  a.c.s.ClusterSingletonManager - Singleton manager stopping singleton actor [akka://akka-runtime/system/sharding/sharded-daemon-process-eventSourcedProjection-passivation-race-entity-passivation-race-consumer-aCoordinator/singleton]
08:08:45.269 INFO  a.c.s.ClusterSingletonManager - ClusterSingletonManager state change [WasOldest -> Stopping]
08:08:45.269 DEBUG a.c.sharding.DDataShardCoordinator - sharded-daemon-process-eventSourcedProjection-passivation-race-entity-passivation-race-consumer-a: Received termination message.
08:08:45.269 INFO  a.c.s.ClusterSingletonManager - Oldest observed OldestChanged: [akka://akka-runtime@127.0.0.1:63353 -> None]
08:08:45.269 INFO  a.c.s.ClusterSingletonManager - Oldest observed OldestChanged: [akka://akka-runtime@127.0.0.1:63353 -> None]
08:08:45.269 INFO  a.c.s.ClusterSingletonManager - ClusterSingletonManager state change [Oldest -> WasOldest]
08:08:45.269 INFO  a.c.s.ClusterSingletonManager - Oldest observed OldestChanged: [akka://akka-runtime@127.0.0.1:63353 -> None]
08:08:45.269 INFO  a.c.s.ClusterSingletonManager - ClusterSingletonManager state change [Oldest -> WasOldest]
08:08:45.269 INFO  a.c.s.ClusterSingletonManager - ClusterSingletonManager state change [Oldest -> WasOldest]
08:08:45.269 INFO  a.c.s.ClusterSingletonManager - Singleton manager stopping singleton actor [akka://akka-runtime/system/sharding/passivation-race-entityCoordinator/singleton]
08:08:45.269 INFO  a.c.s.ClusterSingletonManager - Oldest observed OldestChanged: [akka://akka-runtime@127.0.0.1:63353 -> None]
08:08:45.269 INFO  a.c.s.ClusterSingletonManager - ClusterSingletonManager state change [WasOldest -> Stopping]
08:08:45.269 INFO  a.c.s.ClusterSingletonManager - ClusterSingletonManager state change [Oldest -> WasOldest]
08:08:45.269 INFO  a.c.s.ClusterSingletonManager - Singleton actor [akka://akka-runtime/system/sharding/sharded-daemon-process-eventSourcedProjection-passivation-race-entity-passivation-race-consumer-aCoordinator/singleton] was terminated
08:08:45.270 INFO  a.c.s.ClusterSingletonManager - Singleton manager stopping singleton actor [akka://akka-runtime/system/singletonManagerschemaSingleton/schemaSingleton]
08:08:45.270 INFO  a.c.s.ClusterSingletonManager - ClusterSingletonManager state change [WasOldest -> Stopping]
08:08:45.270 DEBUG a.c.sharding.DDataShardCoordinator - passivation-race-entity: Received termination message.
08:08:45.270 INFO  a.c.s.ClusterSingletonManager - Singleton manager stopping singleton actor [akka://akka-runtime/system/sharding/_timerCoordinator/singleton]
08:08:45.270 INFO  a.c.s.ClusterSingletonManager - ClusterSingletonManager state change [WasOldest -> Stopping]
08:08:45.270 INFO  a.c.s.ClusterSingletonManager - Singleton manager stopping singleton actor [akka://akka-runtime/system/singletonManagerShardedDaemonProcessCoordinator-eventSourcedProjection-passivation-race-entity-passivation-race-view/ShardedDaemonProcessCoordinator-eventSourcedProjection-passivation-race-entity-passivation-race-view]
08:08:45.270 INFO  a.c.s.ClusterSingletonManager - ClusterSingletonManager state change [WasOldest -> Stopping]
08:08:45.270 INFO  a.c.s.ClusterSingletonManager - Singleton actor [akka://akka-runtime/system/sharding/passivation-race-entityCoordinator/singleton] was terminated
08:08:45.270 INFO  a.c.s.ClusterSingletonManager - Singleton manager stopping singleton actor [akka://akka-runtime/system/singletonManagerShardedDaemonProcessCoordinator-eventSourcedProjection-passivation-race-entity-passivation-race-consumer-a/ShardedDaemonProcessCoordinator-eventSourcedProjection-passivation-race-entity-passivation-race-consumer-a]
08:08:45.270 INFO  a.c.s.ClusterSingletonManager - ClusterSingletonManager state change [WasOldest -> Stopping]
08:08:45.270 INFO  a.c.s.ClusterSingletonManager - Singleton actor [akka://akka-runtime/system/singletonManagerschemaSingleton/schemaSingleton] was terminated
08:08:45.270 INFO  a.c.s.ClusterSingletonManager - Singleton manager stopping singleton actor [akka://akka-runtime/system/singletonManagerShardedDaemonProcessCoordinator-eventSourcedProjection-passivation-race-entity-passivation-race-consumer-b/ShardedDaemonProcessCoordinator-eventSourcedProjection-passivation-race-entity-passivation-race-consumer-b]
08:08:45.270 INFO  a.c.s.ClusterSingletonManager - ClusterSingletonManager state change [WasOldest -> Stopping]
08:08:45.270 INFO  a.c.s.ClusterSingletonManager - Singleton manager stopping singleton actor [akka://akka-runtime/system/sharding/sharded-daemon-process-eventSourcedProjection-passivation-race-entity-passivation-race-consumer-bCoordinator/singleton]
08:08:45.270 INFO  a.c.s.ClusterSingletonManager - ClusterSingletonManager state change [WasOldest -> Stopping]
08:08:45.270 DEBUG a.c.sharding.DDataShardCoordinator - _timer: Received termination message.
08:08:45.270 INFO  a.c.s.ClusterSingletonManager - Singleton actor [akka://akka-runtime/system/singletonManagerShardedDaemonProcessCoordinator-eventSourcedProjection-passivation-race-entity-passivation-race-view/ShardedDaemonProcessCoordinator-eventSourcedProjection-passivation-race-entity-passivation-race-view] was terminated
08:08:45.270 INFO  a.c.s.ClusterSingletonManager - Singleton actor [akka://akka-runtime/system/sharding/_timerCoordinator/singleton] was terminated
08:08:45.270 INFO  a.c.s.ClusterSingletonManager - Singleton actor [akka://akka-runtime/system/singletonManagerShardedDaemonProcessCoordinator-eventSourcedProjection-passivation-race-entity-passivation-race-consumer-b/ShardedDaemonProcessCoordinator-eventSourcedProjection-passivation-race-entity-passivation-race-consumer-b] was terminated
08:08:45.270 INFO  a.c.s.ClusterSingletonManager - Singleton actor [akka://akka-runtime/system/singletonManagerShardedDaemonProcessCoordinator-eventSourcedProjection-passivation-race-entity-passivation-race-consumer-a/ShardedDaemonProcessCoordinator-eventSourcedProjection-passivation-race-entity-passivation-race-consumer-a] was terminated
08:08:45.270 DEBUG a.c.sharding.DDataShardCoordinator - sharded-daemon-process-eventSourcedProjection-passivation-race-entity-passivation-race-consumer-b: Received termination message.
08:08:45.270 INFO  a.c.s.ClusterSingletonManager - Singleton actor [akka://akka-runtime/system/sharding/sharded-daemon-process-eventSourcedProjection-passivation-race-entity-passivation-race-consumer-bCoordinator/singleton] was terminated
08:08:45.270 DEBUG akka.actor.CoordinatedShutdown - Performing phase [cluster-exiting-done] with [1] tasks.
08:08:45.270 DEBUG akka.actor.CoordinatedShutdown - Performing task [exiting-completed] in CoordinatedShutdown phase [cluster-exiting-done]
08:08:45.270 DEBUG akka.actor.CoordinatedShutdown - Performing phase [cluster-shutdown] with [1] tasks.
08:08:45.270 DEBUG akka.actor.CoordinatedShutdown - Performing task [wait-shutdown] in CoordinatedShutdown phase [cluster-shutdown]
08:08:45.271 DEBUG akka.actor.CoordinatedShutdown - Performing phase [before-actor-system-terminate] with [2] tasks.
08:08:45.272 DEBUG akka.actor.CoordinatedShutdown - Performing task [close connection pools] in CoordinatedShutdown phase [before-actor-system-terminate]
08:08:45.272 DEBUG akka.actor.CoordinatedShutdown - Performing task [close-grpc-channels] in CoordinatedShutdown phase [before-actor-system-terminate]
08:08:45.272 DEBUG akka.actor.CoordinatedShutdown - Performing phase [actor-system-terminate] with [1] tasks.
08:08:45.272 DEBUG akka.actor.CoordinatedShutdown - Performing task [terminate-system] in CoordinatedShutdown phase [actor-system-terminate]
08:08:45.272 ERROR repro.Bootstrap - onStartup() threw an exception
java.util.concurrent.TimeoutException: Command to entity [passivation-race-entity] id [a36b4bc6-3ec9-42ba-815d-c7fbf3eb49ca] timed out.
	at kalix.runtime.eventsourcedentity.EventSourcedSupport$$anonfun$$nestedInanonfun$handleCommand$1$1.applyOrElse(EventSourcedEntitySupportFactory.scala:191)
	at kalix.runtime.eventsourcedentity.EventSourcedSupport$$anonfun$$nestedInanonfun$handleCommand$1$1.applyOrElse(EventSourcedEntitySupportFactory.scala:189)
	at scala.concurrent.impl.Promise$Transformation.run(Promise.scala:523)
	at akka.dispatch.BatchingExecutor$AbstractBatch.processBatch(BatchingExecutor.scala:64)
	at akka.dispatch.BatchingExecutor$BlockableBatch.$anonfun$run$1(BatchingExecutor.scala:101)
	at scala.runtime.java8.JFunction0$mcV$sp.apply(JFunction0$mcV$sp.scala:18)
	at scala.concurrent.BlockContext$.withBlockContext(BlockContext.scala:94)
	at akka.dispatch.BatchingExecutor$BlockableBatch.run(BatchingExecutor.scala:101)
	at akka.dispatch.TaskInvocation.run(AbstractDispatcher.scala:48)
	at akka.dispatch.ForkJoinExecutorConfigurator$AkkaForkJoinTask.exec(ForkJoinExecutorConfigurator.scala:60)
	at java.base/java.util.concurrent.ForkJoinTask.doExec(ForkJoinTask.java:507)
	at java.base/java.util.concurrent.ForkJoinPool$WorkQueue.topLevelExec(ForkJoinPool.java:1450)
	at java.base/java.util.concurrent.ForkJoinPool.runWorker(ForkJoinPool.java:2019)
	at java.base/java.util.concurrent.ForkJoinWorkerThread.run(ForkJoinWorkerThread.java:187)
08:08:45.315 INFO  akka.runtime.AkkaRuntimeMain - Starting Akka Runtime version [1.6.15]
08:08:45.327 INFO  akka.javasdk.impl.ComponentLocator$ - Looking for component descriptors matching pattern [META-INF/akka-javasdk-components_*.conf]
08:08:45.333 INFO  akka.javasdk.testkit.TestKit - Eventing TestKit booting up on port: 63357
08:08:45.335 DEBUG a.c.singleton.ClusterSingletonProxy - Creating singleton identification timer...
08:08:45.335 DEBUG a.c.singleton.ClusterSingletonProxy - Singleton not available, buffering message type [kalix.runtime.SchemaSingleton$ExecDdl]
08:08:45.335 DEBUG a.c.singleton.ClusterSingletonProxy - Trying to identify singleton at [akka://akka-runtime@127.0.0.1:63358/system/singletonManagerschemaSingleton/schemaSingleton]
08:08:45.335 INFO  a.c.s.ClusterSingletonManager - Singleton manager starting singleton actor [akka://akka-runtime/system/singletonManagerschemaSingleton/schemaSingleton]
08:08:45.335 INFO  a.c.s.ClusterSingletonManager - ClusterSingletonManager state change [Start -> Oldest]
08:08:45.336 INFO  akka.javasdk.testkit.TestKit - Checking runtime status
08:08:45.404 DEBUG a.c.singleton.ClusterSingletonProxy - Trying to identify singleton at [akka://akka-runtime@127.0.0.1:63358/system/singletonManagerschemaSingleton/schemaSingleton]
08:08:45.405 INFO  a.c.singleton.ClusterSingletonProxy - Singleton identified at [akka://akka-runtime/system/singletonManagerschemaSingleton/schemaSingleton]
08:08:45.405 DEBUG a.c.singleton.ClusterSingletonProxy - Sending buffered messages to current singleton instance
08:08:45.406 INFO  a.c.s.typed.scaladsl.ClusterSharding - Starting Shard Region [passivation-race-entity]...
08:08:45.406 INFO  akka.cluster.sharding.ShardRegion - passivation-race-entity: Automatic entity passivation: composite strategy with limit of [10000] active entities, admission window (least recently used entities) with proportions [initial = 0.01, min = 0.01, max = 1.0] adapting with hill-climbing optimizer [adjust multiplier = 10.0, initial step = 0.0625, restart threshold = 0.05, step decay = 0.98], admit using frequency sketch [width multiplier = 4, reset multiplier = 10.0, depth = 4, counter bits = 4], main (least recently used entities (segmented with [2] levels with proportions of [0.20, 0.80]))
08:08:45.407 INFO  a.c.s.ClusterSingletonManager - Singleton manager starting singleton actor [akka://akka-runtime/system/sharding/passivation-race-entityCoordinator/singleton]
08:08:45.407 INFO  a.c.s.ClusterSingletonManager - ClusterSingletonManager state change [Start -> Oldest]
08:08:45.407 DEBUG a.c.sharding.DDataShardCoordinator - passivation-race-entity: Initial coordinator is empty.
08:08:45.407 INFO  a.c.sharding.DDataShardCoordinator - passivation-race-entity: ShardCoordinator was moved to the active state with [0] shards
08:08:45.408 DEBUG a.c.singleton.ClusterSingletonProxy - Forwarding message of type [SchemaSingleton$ExecDdl] to current singleton instance at [akka://akka-runtime/system/singletonManagerschemaSingleton/schemaSingleton]
08:08:45.408 INFO  akka.runtime.DiscoveryManager - Service components: EventSourcedEntity: [1], Consumer: [2], View: [1]
08:08:45.409 INFO  a.c.s.typed.scaladsl.ClusterSharding - Starting Shard Region [_timer]...
08:08:45.409 INFO  a.c.s.ClusterSingletonManager - Singleton manager starting singleton actor [akka://akka-runtime/system/sharding/_timerCoordinator/singleton]
08:08:45.409 INFO  a.c.s.typed.scaladsl.ClusterSharding - Starting Shard Region [sharded-daemon-process-eventSourcedProjection-passivation-race-entity-passivation-race-consumer-a]...
08:08:45.409 INFO  a.c.s.ClusterSingletonManager - ClusterSingletonManager state change [Start -> Oldest]
08:08:45.409 DEBUG a.c.sharding.DDataShardCoordinator - _timer: Starting remember entities store from provider akka.cluster.sharding.internal.DDataRememberEntitiesProvider@303e8f3e
08:08:45.410 DEBUG a.c.sharding.DDataShardCoordinator - _timer: Initial coordinator is empty.
08:08:45.410 INFO  a.c.sharding.DDataShardCoordinator - _timer: ShardCoordinator was moved to the active state with [0] shards
08:08:45.410 INFO  akka.cluster.sharding.ShardRegion - sharded-daemon-process-eventSourcedProjection-passivation-race-entity-passivation-race-consumer-a: Automatic entity passivation: disabled
08:08:45.410 DEBUG a.c.sharding.DDataShardCoordinator - _timer: Received [0] remembered shard ids (after state initialized)
08:08:45.410 DEBUG a.c.singleton.ClusterSingletonProxy - Creating singleton identification timer...
08:08:45.410 DEBUG a.c.singleton.ClusterSingletonProxy - Trying to identify singleton at [akka://akka-runtime@127.0.0.1:63358/system/singletonManagerShardedDaemonProcessCoordinator-eventSourcedProjection-passivation-race-entity-passivation-race-consumer-a/ShardedDaemonProcessCoordinator-eventSourcedProjection-passivation-race-entity-passivation-race-consumer-a]
08:08:45.410 INFO  a.c.s.ClusterSingletonManager - Singleton manager starting singleton actor [akka://akka-runtime/system/sharding/sharded-daemon-process-eventSourcedProjection-passivation-race-entity-passivation-race-consumer-aCoordinator/singleton]
08:08:45.410 INFO  a.c.s.ClusterSingletonManager - ClusterSingletonManager state change [Start -> Oldest]
08:08:45.410 INFO  a.c.s.typed.scaladsl.ClusterSharding - Starting Shard Region [sharded-daemon-process-eventSourcedProjection-passivation-race-entity-passivation-race-consumer-b]...
08:08:45.410 DEBUG a.c.sharding.DDataShardCoordinator - sharded-daemon-process-eventSourcedProjection-passivation-race-entity-passivation-race-consumer-a: Initial coordinator is empty.
08:08:45.410 INFO  a.c.sharding.DDataShardCoordinator - sharded-daemon-process-eventSourcedProjection-passivation-race-entity-passivation-race-consumer-a: ShardCoordinator was moved to the active state with [0] shards
08:08:45.410 DEBUG a.c.sharding.DDataShardCoordinator - sharded-daemon-process-eventSourcedProjection-passivation-race-entity-passivation-race-consumer-a: ShardRegion registered: [Actor[akka://akka-runtime/system/sharding/sharded-daemon-process-eventSourcedProjection-passivation-race-entity-passivation-race-consumer-a#-1069184720]]
08:08:45.410 DEBUG a.c.sharding.DDataShardCoordinator - sharded-daemon-process-eventSourcedProjection-passivation-race-entity-passivation-race-consumer-a: The coordinator state was successfully updated with ShardRegionRegistered(Actor[akka://akka-runtime/system/sharding/sharded-daemon-process-eventSourcedProjection-passivation-race-entity-passivation-race-consumer-a#-1069184720])
08:08:45.410 INFO  a.c.s.ClusterSingletonManager - Singleton manager starting singleton actor [akka://akka-runtime/system/singletonManagerShardedDaemonProcessCoordinator-eventSourcedProjection-passivation-race-entity-passivation-race-consumer-a/ShardedDaemonProcessCoordinator-eventSourcedProjection-passivation-race-entity-passivation-race-consumer-a]
08:08:45.410 INFO  a.c.s.ClusterSingletonManager - ClusterSingletonManager state change [Start -> Oldest]
08:08:45.410 INFO  akka.cluster.sharding.ShardRegion - sharded-daemon-process-eventSourcedProjection-passivation-race-entity-passivation-race-consumer-b: Automatic entity passivation: disabled
08:08:45.410 DEBUG a.c.s.t.i.ShardedDaemonProcessCoordinator$ - ShardedDaemonProcessCoordinator for [eventSourcedProjection-passivation-race-entity-passivation-race-consumer-a] starting
08:08:45.410 INFO  a.c.s.typed.scaladsl.ClusterSharding - Starting Shard Region [sharded-daemon-process-eventSourcedProjection-passivation-race-entity-passivation-race-view]...
08:08:45.410 DEBUG a.c.singleton.ClusterSingletonProxy - Creating singleton identification timer...
08:08:45.411 DEBUG a.c.singleton.ClusterSingletonProxy - Trying to identify singleton at [akka://akka-runtime@127.0.0.1:63358/system/singletonManagerShardedDaemonProcessCoordinator-eventSourcedProjection-passivation-race-entity-passivation-race-consumer-b/ShardedDaemonProcessCoordinator-eventSourcedProjection-passivation-race-entity-passivation-race-consumer-b]
08:08:45.411 INFO  a.c.s.ClusterSingletonManager - Singleton manager starting singleton actor [akka://akka-runtime/system/sharding/sharded-daemon-process-eventSourcedProjection-passivation-race-entity-passivation-race-consumer-bCoordinator/singleton]
08:08:45.411 INFO  akka.cluster.sharding.ShardRegion - sharded-daemon-process-eventSourcedProjection-passivation-race-entity-passivation-race-view: Automatic entity passivation: disabled
08:08:45.411 DEBUG a.c.s.t.i.ShardedDaemonProcessCoordinator$ - eventSourcedProjection-passivation-race-entity-passivation-race-consumer-a: No previous state stored for Sharded Daemon Process
08:08:45.411 DEBUG a.c.s.t.i.ShardedDaemonProcessCoordinator$ - Sending periodic keep alive for Sharded Daemon Process [eventSourcedProjection-passivation-race-entity-passivation-race-consumer-a] to [1] processes (revision [0]).
08:08:45.411 INFO  a.c.s.ClusterSingletonManager - ClusterSingletonManager state change [Start -> Oldest]
08:08:45.411 DEBUG a.c.sharding.DDataShardCoordinator - sharded-daemon-process-eventSourcedProjection-passivation-race-entity-passivation-race-consumer-b: Initial coordinator is empty.
08:08:45.411 INFO  a.c.sharding.DDataShardCoordinator - sharded-daemon-process-eventSourcedProjection-passivation-race-entity-passivation-race-consumer-b: ShardCoordinator was moved to the active state with [0] shards
08:08:45.411 INFO  a.c.s.ClusterSingletonManager - Singleton manager starting singleton actor [akka://akka-runtime/system/singletonManagerShardedDaemonProcessCoordinator-eventSourcedProjection-passivation-race-entity-passivation-race-consumer-b/ShardedDaemonProcessCoordinator-eventSourcedProjection-passivation-race-entity-passivation-race-consumer-b]
08:08:45.411 INFO  a.c.s.ClusterSingletonManager - ClusterSingletonManager state change [Start -> Oldest]
08:08:45.411 DEBUG a.c.s.t.i.ShardedDaemonProcessCoordinator$ - ShardedDaemonProcessCoordinator for [eventSourcedProjection-passivation-race-entity-passivation-race-consumer-b] starting
08:08:45.411 INFO  a.c.s.ClusterSingletonManager - Singleton manager starting singleton actor [akka://akka-runtime/system/sharding/sharded-daemon-process-eventSourcedProjection-passivation-race-entity-passivation-race-viewCoordinator/singleton]
08:08:45.411 INFO  a.c.s.ClusterSingletonManager - ClusterSingletonManager state change [Start -> Oldest]
08:08:45.411 DEBUG a.c.s.t.i.ShardedDaemonProcessCoordinator$ - eventSourcedProjection-passivation-race-entity-passivation-race-consumer-b: No previous state stored for Sharded Daemon Process
08:08:45.411 DEBUG a.c.sharding.DDataShardCoordinator - sharded-daemon-process-eventSourcedProjection-passivation-race-entity-passivation-race-consumer-a: The coordinator state was successfully updated with ShardHomeAllocated(0,Actor[akka://akka-runtime/system/sharding/sharded-daemon-process-eventSourcedProjection-passivation-race-entity-passivation-race-consumer-a#-1069184720])
08:08:45.411 DEBUG a.c.singleton.ClusterSingletonProxy - Creating singleton identification timer...
08:08:45.411 DEBUG a.c.sharding.DDataShardCoordinator - sharded-daemon-process-eventSourcedProjection-passivation-race-entity-passivation-race-consumer-a: Shard [0] allocated at [Actor[akka://akka-runtime/system/sharding/sharded-daemon-process-eventSourcedProjection-passivation-race-entity-passivation-race-consumer-a#-1069184720]]
08:08:45.411 DEBUG a.c.s.t.i.ShardedDaemonProcessCoordinator$ - Sending periodic keep alive for Sharded Daemon Process [eventSourcedProjection-passivation-race-entity-passivation-race-consumer-b] to [1] processes (revision [0]).
08:08:45.411 DEBUG a.c.singleton.ClusterSingletonProxy - Trying to identify singleton at [akka://akka-runtime@127.0.0.1:63358/system/singletonManagerShardedDaemonProcessCoordinator-eventSourcedProjection-passivation-race-entity-passivation-race-view/ShardedDaemonProcessCoordinator-eventSourcedProjection-passivation-race-entity-passivation-race-view]
08:08:45.411 INFO  akka.runtime.DiscoveryManager - Akka Runtime started at 127.0.0.1:63356
08:08:45.411 DEBUG a.c.sharding.DDataShardCoordinator - sharded-daemon-process-eventSourcedProjection-passivation-race-entity-passivation-race-view: Initial coordinator is empty.
08:08:45.411 DEBUG akka.cluster.sharding.Shard - sharded-daemon-process-eventSourcedProjection-passivation-race-entity-passivation-race-consumer-a: Shard initialized
08:08:45.411 INFO  a.c.sharding.DDataShardCoordinator - sharded-daemon-process-eventSourcedProjection-passivation-race-entity-passivation-race-view: ShardCoordinator was moved to the active state with [0] shards
08:08:45.411 DEBUG akka.cluster.sharding.Shard - sharded-daemon-process-eventSourcedProjection-passivation-race-entity-passivation-race-consumer-a: Request to start entity [0] and ack to [Some(Actor[akka://akka-runtime/deadLetters])]
08:08:45.411 INFO  repro.Bootstrap - onStartup burst of 8 starting
08:08:45.412 DEBUG akka.cluster.sharding.Shard - sharded-daemon-process-eventSourcedProjection-passivation-race-entity-passivation-race-consumer-a: Started entity [Actor[akka://akka-runtime/system/sharding/sharded-daemon-process-eventSourcedProjection-passivation-race-entity-passivation-race-consumer-a/0/0#-1488687178]] with entity id [0] in shard [0]
08:08:45.412 DEBUG a.c.s.t.i.ShardedDaemonProcessState$ - eventSourcedProjection-passivation-race-entity-passivation-race-consumer-a: Deferred start of worker to verify its revision [0] is the latest
08:08:45.412 INFO  a.c.s.t.i.ShardedDaemonProcessState$ - eventSourcedProjection-passivation-race-entity-passivation-race-consumer-a: Starting Sharded Daemon Process [0] out of a total [1] (revision [0] and no state found)
08:08:45.412 INFO  a.c.s.ClusterSingletonManager - Singleton manager starting singleton actor [akka://akka-runtime/system/singletonManagerShardedDaemonProcessCoordinator-eventSourcedProjection-passivation-race-entity-passivation-race-view/ShardedDaemonProcessCoordinator-eventSourcedProjection-passivation-race-entity-passivation-race-view]
08:08:45.412 INFO  a.c.s.ClusterSingletonManager - ClusterSingletonManager state change [Start -> Oldest]
08:08:45.412 DEBUG a.c.s.t.i.ShardedDaemonProcessCoordinator$ - ShardedDaemonProcessCoordinator for [eventSourcedProjection-passivation-race-entity-passivation-race-view] starting
08:08:45.412 DEBUG a.c.s.t.i.ShardedDaemonProcessCoordinator$ - eventSourcedProjection-passivation-race-entity-passivation-race-view: No previous state stored for Sharded Daemon Process
08:08:45.412 DEBUG a.c.s.t.i.ShardedDaemonProcessCoordinator$ - Sending periodic keep alive for Sharded Daemon Process [eventSourcedProjection-passivation-race-entity-passivation-race-view] to [1] processes (revision [0]).
08:08:45.457 INFO  akka.javasdk.testkit.TestKit - Runtime started
08:08:45.457 INFO  akka.actor.CoordinatedShutdown - Running CoordinatedShutdown with reason [ActorSystemTerminateReason]
08:08:45.457 DEBUG akka.actor.CoordinatedShutdown - Performing phase [before-service-unbind] with [0] tasks
08:08:45.457 DEBUG akka.actor.CoordinatedShutdown - Performing phase [service-unbind] with [1] tasks.
08:08:45.457 DEBUG akka.actor.CoordinatedShutdown - Performing task [http-unbind-/127.0.0.1:63356] in CoordinatedShutdown phase [service-unbind]
08:08:45.457 DEBUG akka.actor.CoordinatedShutdown - Performing phase [service-requests-done] with [1] tasks.
08:08:45.457 DEBUG akka.actor.CoordinatedShutdown - Performing task [http-terminate-/127.0.0.1:63356] in CoordinatedShutdown phase [service-requests-done]
08:08:45.458 DEBUG akka.actor.CoordinatedShutdown - Performing phase [service-stop] with [1] tasks.
08:08:45.458 DEBUG akka.actor.CoordinatedShutdown - Performing task [stop-grpc-clients] in CoordinatedShutdown phase [service-stop]
08:08:45.458 DEBUG akka.actor.CoordinatedShutdown - Performing phase [before-cluster-shutdown] with [0] tasks
08:08:45.458 DEBUG akka.actor.CoordinatedShutdown - Performing phase [cluster-sharding-shutdown-region] with [5] tasks.
08:08:45.458 DEBUG akka.actor.CoordinatedShutdown - Performing task [region-shutdown] in CoordinatedShutdown phase [cluster-sharding-shutdown-region]
08:08:45.458 DEBUG akka.actor.CoordinatedShutdown - Performing task [region-shutdown] in CoordinatedShutdown phase [cluster-sharding-shutdown-region]
08:08:45.458 DEBUG akka.actor.CoordinatedShutdown - Performing task [region-shutdown] in CoordinatedShutdown phase [cluster-sharding-shutdown-region]
08:08:45.458 DEBUG akka.actor.CoordinatedShutdown - Performing task [region-shutdown] in CoordinatedShutdown phase [cluster-sharding-shutdown-region]
08:08:45.458 DEBUG akka.actor.CoordinatedShutdown - Performing task [region-shutdown] in CoordinatedShutdown phase [cluster-sharding-shutdown-region]
08:08:45.458 DEBUG a.c.sharding.DDataShardCoordinator - sharded-daemon-process-eventSourcedProjection-passivation-race-entity-passivation-race-consumer-b: Unknown region requested graceful shutdown [Actor[akka://akka-runtime/system/sharding/sharded-daemon-process-eventSourcedProjection-passivation-race-entity-passivation-race-consumer-b#1425516271]]
08:08:45.458 DEBUG a.c.sharding.DDataShardCoordinator - sharded-daemon-process-eventSourcedProjection-passivation-race-entity-passivation-race-consumer-a: Graceful shutdown of region [Actor[akka://akka-runtime/system/sharding/sharded-daemon-process-eventSourcedProjection-passivation-race-entity-passivation-race-consumer-a#-1069184720]] with [1] shards
08:08:45.458 INFO  a.c.sharding.DDataShardCoordinator - sharded-daemon-process-eventSourcedProjection-passivation-race-entity-passivation-race-consumer-a: Starting shutting down shards [0] due to region shutting down or explicit stopping of shards.
08:08:45.458 DEBUG a.c.sharding.DDataShardCoordinator - sharded-daemon-process-eventSourcedProjection-passivation-race-entity-passivation-race-view: Unknown region requested graceful shutdown [Actor[akka://akka-runtime/system/sharding/sharded-daemon-process-eventSourcedProjection-passivation-race-entity-passivation-race-view#-1276342321]]
08:08:45.458 DEBUG a.c.sharding.DDataShardCoordinator - _timer: Unknown region requested graceful shutdown [Actor[akka://akka-runtime/system/sharding/_timer#1831131165]]
08:08:45.458 DEBUG a.c.sharding.DDataShardCoordinator - passivation-race-entity: Unknown region requested graceful shutdown [Actor[akka://akka-runtime/system/sharding/passivation-race-entity#345178775]]
08:08:45.458 DEBUG a.c.s.ShardCoordinator$RebalanceWorker - sharded-daemon-process-eventSourcedProjection-passivation-race-entity-passivation-race-consumer-a: Shutting down shard [0] from region [Actor[akka://akka-runtime/system/sharding/sharded-daemon-process-eventSourcedProjection-passivation-race-entity-passivation-race-consumer-a#-1069184720]]. Asking [1] region(s) to hand-off shard
08:08:45.458 DEBUG a.c.s.ShardCoordinator$RebalanceWorker - sharded-daemon-process-eventSourcedProjection-passivation-race-entity-passivation-race-consumer-a: BeginHandOffAck for shard [0] received from [Actor[akka://akka-runtime/system/sharding/sharded-daemon-process-eventSourcedProjection-passivation-race-entity-passivation-race-consumer-a#-1069184720]].
08:08:45.458 DEBUG a.c.s.ShardCoordinator$RebalanceWorker - sharded-daemon-process-eventSourcedProjection-passivation-race-entity-passivation-race-consumer-a: All shard regions acked, handing off shard [0].
08:08:45.458 DEBUG akka.cluster.sharding.Shard - sharded-daemon-process-eventSourcedProjection-passivation-race-entity-passivation-race-consumer-a: HandOff shard [0]
08:08:45.458 DEBUG akka.cluster.sharding.Shard - sharded-daemon-process-eventSourcedProjection-passivation-race-entity-passivation-race-consumer-a: Starting HandOffStopper for shard [0] to terminate [1] entities.
08:08:45.458 DEBUG a.c.sharding.DDataShardCoordinator - sharded-daemon-process-eventSourcedProjection-passivation-race-entity-passivation-race-consumer-a: Shard [0] deallocation completed successfully.
08:08:45.458 DEBUG akka.cluster.sharding.Shard - sharded-daemon-process-eventSourcedProjection-passivation-race-entity-passivation-race-consumer-a: Shard [0] shutting down
08:08:45.458 DEBUG a.c.sharding.DDataShardCoordinator - sharded-daemon-process-eventSourcedProjection-passivation-race-entity-passivation-race-consumer-a: The coordinator state was successfully updated with ShardHomeDeallocated(0)
08:08:45.458 DEBUG a.c.sharding.DDataShardCoordinator - sharded-daemon-process-eventSourcedProjection-passivation-race-entity-passivation-race-consumer-a: Shard [0] deallocated after
08:08:45.458 DEBUG a.c.sharding.DDataShardCoordinator - sharded-daemon-process-eventSourcedProjection-passivation-race-entity-passivation-race-consumer-a: ShardRegion terminated (gracefully): [Actor[akka://akka-runtime/system/sharding/sharded-daemon-process-eventSourcedProjection-passivation-race-entity-passivation-race-consumer-a#-1069184720]] {}
08:08:45.458 DEBUG a.c.sharding.DDataShardCoordinator - sharded-daemon-process-eventSourcedProjection-passivation-race-entity-passivation-race-consumer-a: GetShardHome [0] request from [Actor[akka://local/ignore]] stashed, because waiting for initial state or update of state. It will be handled afterwards.
08:08:45.459 DEBUG a.c.sharding.DDataShardCoordinator - sharded-daemon-process-eventSourcedProjection-passivation-race-entity-passivation-race-consumer-a: The coordinator state was successfully updated with ShardRegionTerminated(Actor[akka://akka-runtime/system/sharding/sharded-daemon-process-eventSourcedProjection-passivation-race-entity-passivation-race-consumer-a#-1069184720])
08:08:45.459 DEBUG a.c.sharding.DDataShardCoordinator - sharded-daemon-process-eventSourcedProjection-passivation-race-entity-passivation-race-consumer-a: ShardRegion stopped: [Actor[akka://akka-runtime/system/sharding/sharded-daemon-process-eventSourcedProjection-passivation-race-entity-passivation-race-consumer-a#-1069184720]]
08:08:45.475 DEBUG a.c.singleton.ClusterSingletonProxy - Trying to identify singleton at [akka://akka-runtime@127.0.0.1:63358/system/singletonManagerShardedDaemonProcessCoordinator-eventSourcedProjection-passivation-race-entity-passivation-race-consumer-b/ShardedDaemonProcessCoordinator-eventSourcedProjection-passivation-race-entity-passivation-race-consumer-b]
08:08:45.475 DEBUG a.c.singleton.ClusterSingletonProxy - Trying to identify singleton at [akka://akka-runtime@127.0.0.1:63358/system/singletonManagerShardedDaemonProcessCoordinator-eventSourcedProjection-passivation-race-entity-passivation-race-consumer-a/ShardedDaemonProcessCoordinator-eventSourcedProjection-passivation-race-entity-passivation-race-consumer-a]
08:08:45.475 DEBUG a.c.singleton.ClusterSingletonProxy - Trying to identify singleton at [akka://akka-runtime@127.0.0.1:63358/system/singletonManagerShardedDaemonProcessCoordinator-eventSourcedProjection-passivation-race-entity-passivation-race-view/ShardedDaemonProcessCoordinator-eventSourcedProjection-passivation-race-entity-passivation-race-view]
08:08:45.475 INFO  a.c.singleton.ClusterSingletonProxy - Singleton identified at [akka://akka-runtime/system/singletonManagerShardedDaemonProcessCoordinator-eventSourcedProjection-passivation-race-entity-passivation-race-consumer-a/ShardedDaemonProcessCoordinator-eventSourcedProjection-passivation-race-entity-passivation-race-consumer-a]
08:08:45.475 INFO  a.c.singleton.ClusterSingletonProxy - Singleton identified at [akka://akka-runtime/system/singletonManagerShardedDaemonProcessCoordinator-eventSourcedProjection-passivation-race-entity-passivation-race-consumer-b/ShardedDaemonProcessCoordinator-eventSourcedProjection-passivation-race-entity-passivation-race-consumer-b]
08:08:45.475 INFO  a.c.singleton.ClusterSingletonProxy - Singleton identified at [akka://akka-runtime/system/singletonManagerShardedDaemonProcessCoordinator-eventSourcedProjection-passivation-race-entity-passivation-race-view/ShardedDaemonProcessCoordinator-eventSourcedProjection-passivation-race-entity-passivation-race-view]
08:08:45.475 DEBUG a.c.singleton.ClusterSingletonProxy - Sending buffered messages to current singleton instance
08:08:45.475 DEBUG a.c.singleton.ClusterSingletonProxy - Sending buffered messages to current singleton instance
08:08:45.475 DEBUG a.c.singleton.ClusterSingletonProxy - Sending buffered messages to current singleton instance
08:08:45.676 DEBUG a.c.sharding.DDataShardCoordinator - sharded-daemon-process-eventSourcedProjection-passivation-race-entity-passivation-race-consumer-b: ShardRegion registered: [Actor[akka://akka-runtime/system/sharding/sharded-daemon-process-eventSourcedProjection-passivation-race-entity-passivation-race-consumer-b#1425516271]]
08:08:45.676 DEBUG a.c.sharding.DDataShardCoordinator - sharded-daemon-process-eventSourcedProjection-passivation-race-entity-passivation-race-view: ShardRegion registered: [Actor[akka://akka-runtime/system/sharding/sharded-daemon-process-eventSourcedProjection-passivation-race-entity-passivation-race-view#-1276342321]]
08:08:45.676 DEBUG a.c.sharding.DDataShardCoordinator - passivation-race-entity: ShardRegion registered: [Actor[akka://akka-runtime/system/sharding/passivation-race-entity#345178775]]
08:08:45.677 DEBUG a.c.sharding.DDataShardCoordinator - passivation-race-entity: The coordinator state was successfully updated with ShardRegionRegistered(Actor[akka://akka-runtime/system/sharding/passivation-race-entity#345178775])
08:08:45.677 DEBUG a.c.sharding.DDataShardCoordinator - sharded-daemon-process-eventSourcedProjection-passivation-race-entity-passivation-race-view: The coordinator state was successfully updated with ShardRegionRegistered(Actor[akka://akka-runtime/system/sharding/sharded-daemon-process-eventSourcedProjection-passivation-race-entity-passivation-race-view#-1276342321])
08:08:45.677 DEBUG a.c.sharding.DDataShardCoordinator - sharded-daemon-process-eventSourcedProjection-passivation-race-entity-passivation-race-consumer-b: The coordinator state was successfully updated with ShardRegionRegistered(Actor[akka://akka-runtime/system/sharding/sharded-daemon-process-eventSourcedProjection-passivation-race-entity-passivation-race-consumer-b#1425516271])
08:08:45.678 DEBUG a.c.sharding.DDataShardCoordinator - sharded-daemon-process-eventSourcedProjection-passivation-race-entity-passivation-race-consumer-b: The coordinator state was successfully updated with ShardHomeAllocated(0,Actor[akka://akka-runtime/system/sharding/sharded-daemon-process-eventSourcedProjection-passivation-race-entity-passivation-race-consumer-b#1425516271])
08:08:45.678 DEBUG a.c.sharding.DDataShardCoordinator - sharded-daemon-process-eventSourcedProjection-passivation-race-entity-passivation-race-view: The coordinator state was successfully updated with ShardHomeAllocated(0,Actor[akka://akka-runtime/system/sharding/sharded-daemon-process-eventSourcedProjection-passivation-race-entity-passivation-race-view#-1276342321])
08:08:45.678 DEBUG a.c.sharding.DDataShardCoordinator - passivation-race-entity: The coordinator state was successfully updated with ShardHomeAllocated(240,Actor[akka://akka-runtime/system/sharding/passivation-race-entity#345178775])
08:08:45.678 DEBUG a.c.sharding.DDataShardCoordinator - sharded-daemon-process-eventSourcedProjection-passivation-race-entity-passivation-race-consumer-b: Shard [0] allocated at [Actor[akka://akka-runtime/system/sharding/sharded-daemon-process-eventSourcedProjection-passivation-race-entity-passivation-race-consumer-b#1425516271]]
08:08:45.678 DEBUG a.c.sharding.DDataShardCoordinator - sharded-daemon-process-eventSourcedProjection-passivation-race-entity-passivation-race-view: Shard [0] allocated at [Actor[akka://akka-runtime/system/sharding/sharded-daemon-process-eventSourcedProjection-passivation-race-entity-passivation-race-view#-1276342321]]
08:08:45.678 DEBUG a.c.sharding.DDataShardCoordinator - passivation-race-entity: Shard [240] allocated at [Actor[akka://akka-runtime/system/sharding/passivation-race-entity#345178775]]
08:08:45.678 DEBUG a.c.sharding.DDataShardCoordinator - sharded-daemon-process-eventSourcedProjection-passivation-race-entity-passivation-race-view: Graceful shutdown of region [Actor[akka://akka-runtime/system/sharding/sharded-daemon-process-eventSourcedProjection-passivation-race-entity-passivation-race-view#-1276342321]] with [1] shards
08:08:45.678 INFO  a.c.sharding.DDataShardCoordinator - sharded-daemon-process-eventSourcedProjection-passivation-race-entity-passivation-race-view: Starting shutting down shards [0] due to region shutting down or explicit stopping of shards.
08:08:45.678 DEBUG a.c.sharding.DDataShardCoordinator - sharded-daemon-process-eventSourcedProjection-passivation-race-entity-passivation-race-consumer-b: Graceful shutdown of region [Actor[akka://akka-runtime/system/sharding/sharded-daemon-process-eventSourcedProjection-passivation-race-entity-passivation-race-consumer-b#1425516271]] with [1] shards
08:08:45.678 INFO  a.c.sharding.DDataShardCoordinator - sharded-daemon-process-eventSourcedProjection-passivation-race-entity-passivation-race-consumer-b: Starting shutting down shards [0] due to region shutting down or explicit stopping of shards.
08:08:45.678 DEBUG a.c.s.ShardCoordinator$RebalanceWorker - sharded-daemon-process-eventSourcedProjection-passivation-race-entity-passivation-race-view: Shutting down shard [0] from region [Actor[akka://akka-runtime/system/sharding/sharded-daemon-process-eventSourcedProjection-passivation-race-entity-passivation-race-view#-1276342321]]. Asking [1] region(s) to hand-off shard
08:08:45.678 DEBUG a.c.s.ShardCoordinator$RebalanceWorker - sharded-daemon-process-eventSourcedProjection-passivation-race-entity-passivation-race-view: BeginHandOffAck for shard [0] received from [Actor[akka://akka-runtime/system/sharding/sharded-daemon-process-eventSourcedProjection-passivation-race-entity-passivation-race-view#-1276342321]].
08:08:45.678 DEBUG a.c.s.ShardCoordinator$RebalanceWorker - sharded-daemon-process-eventSourcedProjection-passivation-race-entity-passivation-race-view: All shard regions acked, handing off shard [0].
08:08:45.678 DEBUG akka.cluster.sharding.Shard - sharded-daemon-process-eventSourcedProjection-passivation-race-entity-passivation-race-view: Shard initialized
08:08:45.678 DEBUG akka.cluster.sharding.Shard - sharded-daemon-process-eventSourcedProjection-passivation-race-entity-passivation-race-consumer-b: Shard initialized
08:08:45.679 DEBUG a.c.s.ShardCoordinator$RebalanceWorker - sharded-daemon-process-eventSourcedProjection-passivation-race-entity-passivation-race-consumer-b: Shutting down shard [0] from region [Actor[akka://akka-runtime/system/sharding/sharded-daemon-process-eventSourcedProjection-passivation-race-entity-passivation-race-consumer-b#1425516271]]. Asking [1] region(s) to hand-off shard
08:08:45.679 DEBUG a.c.s.ShardCoordinator$RebalanceWorker - sharded-daemon-process-eventSourcedProjection-passivation-race-entity-passivation-race-consumer-b: BeginHandOffAck for shard [0] received from [Actor[akka://akka-runtime/system/sharding/sharded-daemon-process-eventSourcedProjection-passivation-race-entity-passivation-race-consumer-b#1425516271]].
08:08:45.679 DEBUG a.c.s.ShardCoordinator$RebalanceWorker - sharded-daemon-process-eventSourcedProjection-passivation-race-entity-passivation-race-consumer-b: All shard regions acked, handing off shard [0].
08:08:45.679 DEBUG akka.cluster.sharding.Shard - sharded-daemon-process-eventSourcedProjection-passivation-race-entity-passivation-race-consumer-b: Request to start entity [0] and ack to [Some(Actor[akka://akka-runtime/deadLetters])]
08:08:45.679 WARN  akka.cluster.sharding.ShardRegion - sharded-daemon-process-eventSourcedProjection-passivation-race-entity-passivation-race-view: Dropping [1] buffered messages to shard [0] during hand off to avoid re-ordering
08:08:45.679 DEBUG a.c.sharding.DDataShardCoordinator - passivation-race-entity: Graceful shutdown of region [Actor[akka://akka-runtime/system/sharding/passivation-race-entity#345178775]] with [1] shards
08:08:45.679 INFO  a.c.sharding.DDataShardCoordinator - passivation-race-entity: Starting shutting down shards [240] due to region shutting down or explicit stopping of shards.
08:08:45.679 DEBUG a.c.s.ShardCoordinator$RebalanceWorker - passivation-race-entity: Shutting down shard [240] from region [Actor[akka://akka-runtime/system/sharding/passivation-race-entity#345178775]]. Asking [1] region(s) to hand-off shard
08:08:45.679 DEBUG akka.cluster.sharding.Shard - sharded-daemon-process-eventSourcedProjection-passivation-race-entity-passivation-race-consumer-b: Started entity [Actor[akka://akka-runtime/system/sharding/sharded-daemon-process-eventSourcedProjection-passivation-race-entity-passivation-race-consumer-b/0/0#1089498879]] with entity id [0] in shard [0]
08:08:45.679 DEBUG akka.cluster.sharding.Shard - sharded-daemon-process-eventSourcedProjection-passivation-race-entity-passivation-race-consumer-b: HandOff shard [0]
08:08:45.679 DEBUG akka.cluster.sharding.Shard - sharded-daemon-process-eventSourcedProjection-passivation-race-entity-passivation-race-view: HandOff shard [0]
08:08:45.679 DEBUG akka.cluster.sharding.Shard - sharded-daemon-process-eventSourcedProjection-passivation-race-entity-passivation-race-consumer-b: Starting HandOffStopper for shard [0] to terminate [1] entities.
08:08:45.679 DEBUG akka.cluster.sharding.Shard - sharded-daemon-process-eventSourcedProjection-passivation-race-entity-passivation-race-view: Shard [0] shutting down
08:08:45.679 DEBUG a.c.s.t.i.ShardedDaemonProcessState$ - eventSourcedProjection-passivation-race-entity-passivation-race-consumer-b: Deferred start of worker to verify its revision [0] is the latest
08:08:45.679 DEBUG a.c.sharding.DDataShardCoordinator - sharded-daemon-process-eventSourcedProjection-passivation-race-entity-passivation-race-view: Shard [0] deallocation completed successfully.
08:08:45.679 INFO  a.c.s.t.i.ShardedDaemonProcessState$ - eventSourcedProjection-passivation-race-entity-passivation-race-consumer-b: Starting Sharded Daemon Process [0] out of a total [1] (revision [0] and no state found)
08:08:45.680 DEBUG a.c.s.ShardCoordinator$RebalanceWorker - passivation-race-entity: BeginHandOffAck for shard [240] received from [Actor[akka://akka-runtime/system/sharding/passivation-race-entity#345178775]].
08:08:45.680 DEBUG a.c.sharding.DDataShardCoordinator - sharded-daemon-process-eventSourcedProjection-passivation-race-entity-passivation-race-view: The coordinator state was successfully updated with ShardHomeDeallocated(0)
08:08:45.680 DEBUG a.c.sharding.DDataShardCoordinator - sharded-daemon-process-eventSourcedProjection-passivation-race-entity-passivation-race-view: Shard [0] deallocated after
08:08:45.680 DEBUG a.c.s.ShardCoordinator$RebalanceWorker - passivation-race-entity: All shard regions acked, handing off shard [240].
08:08:45.680 WARN  akka.cluster.sharding.ShardRegion - passivation-race-entity: Dropping [1] buffered messages to shard [240] during hand off to avoid re-ordering
08:08:45.680 DEBUG a.c.sharding.DDataShardCoordinator - sharded-daemon-process-eventSourcedProjection-passivation-race-entity-passivation-race-view: ShardRegion terminated (gracefully): [Actor[akka://akka-runtime/system/sharding/sharded-daemon-process-eventSourcedProjection-passivation-race-entity-passivation-race-view#-1276342321]] {}
08:08:45.680 DEBUG a.c.sharding.DDataShardCoordinator - sharded-daemon-process-eventSourcedProjection-passivation-race-entity-passivation-race-view: GetShardHome [0] request from [Actor[akka://local/ignore]] stashed, because waiting for initial state or update of state. It will be handled afterwards.
08:08:45.680 DEBUG akka.cluster.sharding.Shard - passivation-race-entity: Shard initialized
08:08:45.680 DEBUG a.c.sharding.DDataShardCoordinator - sharded-daemon-process-eventSourcedProjection-passivation-race-entity-passivation-race-view: The coordinator state was successfully updated with ShardRegionTerminated(Actor[akka://akka-runtime/system/sharding/sharded-daemon-process-eventSourcedProjection-passivation-race-entity-passivation-race-view#-1276342321])
08:08:45.680 DEBUG akka.cluster.sharding.Shard - passivation-race-entity: HandOff shard [240]
08:08:45.680 DEBUG akka.cluster.sharding.Shard - passivation-race-entity: Shard [240] shutting down
08:08:45.680 DEBUG a.c.sharding.DDataShardCoordinator - sharded-daemon-process-eventSourcedProjection-passivation-race-entity-passivation-race-view: ShardRegion stopped: [Actor[akka://akka-runtime/system/sharding/sharded-daemon-process-eventSourcedProjection-passivation-race-entity-passivation-race-view#-1276342321]]
08:08:45.680 DEBUG a.c.sharding.DDataShardCoordinator - passivation-race-entity: Shard [240] deallocation completed successfully.
08:08:45.680 DEBUG a.c.sharding.DDataShardCoordinator - passivation-race-entity: The coordinator state was successfully updated with ShardHomeDeallocated(240)
08:08:45.680 DEBUG a.c.sharding.DDataShardCoordinator - passivation-race-entity: Shard [240] deallocated after
08:08:45.680 DEBUG a.c.sharding.DDataShardCoordinator - passivation-race-entity: ShardRegion terminated (gracefully): [Actor[akka://akka-runtime/system/sharding/passivation-race-entity#345178775]] {}
08:08:45.680 DEBUG a.c.sharding.DDataShardCoordinator - passivation-race-entity: GetShardHome [240] request from [Actor[akka://local/ignore]] stashed, because waiting for initial state or update of state. It will be handled afterwards.
08:08:45.681 DEBUG a.c.sharding.DDataShardCoordinator - passivation-race-entity: The coordinator state was successfully updated with ShardRegionTerminated(Actor[akka://akka-runtime/system/sharding/passivation-race-entity#345178775])
08:08:45.681 DEBUG a.c.sharding.DDataShardCoordinator - passivation-race-entity: ShardRegion stopped: [Actor[akka://akka-runtime/system/sharding/passivation-race-entity#345178775]]
08:08:46.444 WARN  a.c.s.ShardRegion$HandOffStopper - sharded-daemon-process-eventSourcedProjection-passivation-race-entity-passivation-race-consumer-b: [1] of the entities in shard [0] not stopped after [750 milliseconds]. Maybe the handOffStopMessage [akka.projection.ProjectionBehavior$Stop$] is not handled? Waiting additional [250 milliseconds] before stopping the remaining entities.
08:08:46.695 WARN  a.c.s.ShardRegion$HandOffStopper - sharded-daemon-process-eventSourcedProjection-passivation-race-entity-passivation-race-consumer-b: HandOffStopMessage [akka.projection.ProjectionBehavior$Stop$] is not handled by some of the entities in shard [0] after [1 second], stopping the remaining [1] entities.
08:08:46.695 DEBUG a.c.sharding.DDataShardCoordinator - sharded-daemon-process-eventSourcedProjection-passivation-race-entity-passivation-race-consumer-b: Shard [0] deallocation completed successfully.
08:08:46.695 DEBUG akka.cluster.sharding.Shard - sharded-daemon-process-eventSourcedProjection-passivation-race-entity-passivation-race-consumer-b: Shard [0] shutting down
08:08:46.696 DEBUG akka.actor.CoordinatedShutdown - Performing phase [cluster-leave] with [1] tasks.
08:08:46.696 DEBUG akka.actor.CoordinatedShutdown - Performing task [leave] in CoordinatedShutdown phase [cluster-leave]
08:08:46.696 DEBUG a.c.sharding.DDataShardCoordinator - sharded-daemon-process-eventSourcedProjection-passivation-race-entity-passivation-race-consumer-b: The coordinator state was successfully updated with ShardHomeDeallocated(0)
08:08:46.696 DEBUG a.c.sharding.DDataShardCoordinator - sharded-daemon-process-eventSourcedProjection-passivation-race-entity-passivation-race-consumer-b: Shard [0] deallocated after
08:08:46.696 DEBUG a.c.sharding.DDataShardCoordinator - sharded-daemon-process-eventSourcedProjection-passivation-race-entity-passivation-race-consumer-b: ShardRegion terminated (gracefully): [Actor[akka://akka-runtime/system/sharding/sharded-daemon-process-eventSourcedProjection-passivation-race-entity-passivation-race-consumer-b#1425516271]] {}
08:08:46.696 DEBUG a.c.sharding.DDataShardCoordinator - sharded-daemon-process-eventSourcedProjection-passivation-race-entity-passivation-race-consumer-b: GetShardHome [0] request from [Actor[akka://local/ignore]] stashed, because waiting for initial state or update of state. It will be handled afterwards.
08:08:46.696 DEBUG a.c.sharding.DDataShardCoordinator - sharded-daemon-process-eventSourcedProjection-passivation-race-entity-passivation-race-consumer-b: The coordinator state was successfully updated with ShardRegionTerminated(Actor[akka://akka-runtime/system/sharding/sharded-daemon-process-eventSourcedProjection-passivation-race-entity-passivation-race-consumer-b#1425516271])
08:08:46.696 DEBUG a.c.sharding.DDataShardCoordinator - sharded-daemon-process-eventSourcedProjection-passivation-race-entity-passivation-race-consumer-b: ShardRegion stopped: [Actor[akka://akka-runtime/system/sharding/sharded-daemon-process-eventSourcedProjection-passivation-race-entity-passivation-race-consumer-b#1425516271]]
08:08:46.697 DEBUG a.c.singleton.ClusterSingletonProxy - Creating singleton identification timer...
08:08:46.697 DEBUG a.c.singleton.ClusterSingletonProxy - Creating singleton identification timer...
08:08:46.697 DEBUG a.c.singleton.ClusterSingletonProxy - Creating singleton identification timer...
08:08:46.697 DEBUG a.c.singleton.ClusterSingletonProxy - Creating singleton identification timer...
08:08:46.697 DEBUG akka.actor.CoordinatedShutdown - Performing phase [cluster-exiting] with [28] tasks.
08:08:46.697 DEBUG akka.actor.CoordinatedShutdown - Performing task [singleton-exiting-1] in CoordinatedShutdown phase [cluster-exiting]
08:08:46.697 DEBUG akka.actor.CoordinatedShutdown - Performing task [singleton-exiting-2] in CoordinatedShutdown phase [cluster-exiting]
08:08:46.697 DEBUG akka.actor.CoordinatedShutdown - Performing task [singleton-exiting-1] in CoordinatedShutdown phase [cluster-exiting]
08:08:46.697 DEBUG akka.actor.CoordinatedShutdown - Performing task [singleton-exiting-2] in CoordinatedShutdown phase [cluster-exiting]
08:08:46.697 DEBUG akka.actor.CoordinatedShutdown - Performing task [wait-singleton-exiting] in CoordinatedShutdown phase [cluster-exiting]
08:08:46.697 DEBUG akka.actor.CoordinatedShutdown - Performing task [wait-singleton-exiting] in CoordinatedShutdown phase [cluster-exiting]
08:08:46.697 DEBUG akka.actor.CoordinatedShutdown - Performing task [wait-exiting] in CoordinatedShutdown phase [cluster-exiting]
08:08:46.697 DEBUG akka.actor.CoordinatedShutdown - Performing task [singleton-exiting-1] in CoordinatedShutdown phase [cluster-exiting]
08:08:46.697 DEBUG akka.actor.CoordinatedShutdown - Performing task [wait-singleton-exiting] in CoordinatedShutdown phase [cluster-exiting]
08:08:46.697 DEBUG akka.actor.CoordinatedShutdown - Performing task [wait-singleton-exiting] in CoordinatedShutdown phase [cluster-exiting]
08:08:46.697 DEBUG akka.actor.CoordinatedShutdown - Performing task [wait-singleton-exiting] in CoordinatedShutdown phase [cluster-exiting]
08:08:46.697 DEBUG akka.actor.CoordinatedShutdown - Performing task [singleton-exiting-2] in CoordinatedShutdown phase [cluster-exiting]
08:08:46.697 DEBUG akka.actor.CoordinatedShutdown - Performing task [wait-singleton-exiting] in CoordinatedShutdown phase [cluster-exiting]
08:08:46.697 DEBUG akka.actor.CoordinatedShutdown - Performing task [singleton-exiting-2] in CoordinatedShutdown phase [cluster-exiting]
08:08:46.697 DEBUG akka.actor.CoordinatedShutdown - Performing task [singleton-exiting-1] in CoordinatedShutdown phase [cluster-exiting]
08:08:46.697 DEBUG akka.actor.CoordinatedShutdown - Performing task [singleton-exiting-1] in CoordinatedShutdown phase [cluster-exiting]
08:08:46.697 INFO  a.c.s.ClusterSingletonManager - Exited [akka://akka-runtime@127.0.0.1:63358].
08:08:46.697 DEBUG akka.actor.CoordinatedShutdown - Performing task [singleton-exiting-1] in CoordinatedShutdown phase [cluster-exiting]
08:08:46.697 INFO  a.c.s.ClusterSingletonManager - Oldest observed OldestChanged: [akka://akka-runtime@127.0.0.1:63358 -> None]
08:08:46.697 DEBUG akka.actor.CoordinatedShutdown - Performing task [singleton-exiting-1] in CoordinatedShutdown phase [cluster-exiting]
08:08:46.697 DEBUG akka.actor.CoordinatedShutdown - Performing task [wait-singleton-exiting] in CoordinatedShutdown phase [cluster-exiting]
08:08:46.697 DEBUG akka.actor.CoordinatedShutdown - Performing task [singleton-exiting-2] in CoordinatedShutdown phase [cluster-exiting]
08:08:46.697 INFO  a.c.s.ClusterSingletonManager - Exited [akka://akka-runtime@127.0.0.1:63358].
08:08:46.697 DEBUG akka.actor.CoordinatedShutdown - Performing task [singleton-exiting-2] in CoordinatedShutdown phase [cluster-exiting]
08:08:46.697 DEBUG akka.actor.CoordinatedShutdown - Performing task [singleton-exiting-2] in CoordinatedShutdown phase [cluster-exiting]
08:08:46.697 INFO  a.c.s.ClusterSingletonManager - Exited [akka://akka-runtime@127.0.0.1:63358].
08:08:46.697 DEBUG akka.actor.CoordinatedShutdown - Performing task [singleton-exiting-1] in CoordinatedShutdown phase [cluster-exiting]
08:08:46.697 DEBUG akka.actor.CoordinatedShutdown - Performing task [singleton-exiting-2] in CoordinatedShutdown phase [cluster-exiting]
08:08:46.697 INFO  a.c.s.ClusterSingletonManager - ClusterSingletonManager state change [Oldest -> WasOldest]
08:08:46.697 DEBUG akka.actor.CoordinatedShutdown - Performing task [singleton-exiting-1] in CoordinatedShutdown phase [cluster-exiting]
08:08:46.697 DEBUG akka.actor.CoordinatedShutdown - Performing task [wait-singleton-exiting] in CoordinatedShutdown phase [cluster-exiting]
08:08:46.697 DEBUG akka.actor.CoordinatedShutdown - Performing task [wait-singleton-exiting] in CoordinatedShutdown phase [cluster-exiting]
08:08:46.697 DEBUG akka.actor.CoordinatedShutdown - Performing task [singleton-exiting-2] in CoordinatedShutdown phase [cluster-exiting]
08:08:46.697 INFO  a.c.s.ClusterSingletonManager - Exited [akka://akka-runtime@127.0.0.1:63358].
08:08:46.697 INFO  a.c.s.ClusterSingletonManager - Exited [akka://akka-runtime@127.0.0.1:63358].
08:08:46.698 INFO  a.c.s.ClusterSingletonManager - Oldest observed OldestChanged: [akka://akka-runtime@127.0.0.1:63358 -> None]
08:08:46.698 INFO  a.c.s.ClusterSingletonManager - Oldest observed OldestChanged: [akka://akka-runtime@127.0.0.1:63358 -> None]
08:08:46.698 INFO  a.c.s.ClusterSingletonManager - ClusterSingletonManager state change [Oldest -> WasOldest]
08:08:46.698 INFO  a.c.s.ClusterSingletonManager - ClusterSingletonManager state change [Oldest -> WasOldest]
08:08:46.698 INFO  a.c.s.ClusterSingletonManager - Singleton manager stopping singleton actor [akka://akka-runtime/system/sharding/passivation-race-entityCoordinator/singleton]
08:08:46.698 INFO  a.c.s.ClusterSingletonManager - Exited [akka://akka-runtime@127.0.0.1:63358].
08:08:46.698 INFO  a.c.s.ClusterSingletonManager - ClusterSingletonManager state change [WasOldest -> Stopping]
08:08:46.698 INFO  a.c.s.ClusterSingletonManager - Oldest observed OldestChanged: [akka://akka-runtime@127.0.0.1:63358 -> None]
08:08:46.698 INFO  a.c.s.ClusterSingletonManager - Exited [akka://akka-runtime@127.0.0.1:63358].
08:08:46.698 INFO  a.c.s.ClusterSingletonManager - ClusterSingletonManager state change [Oldest -> WasOldest]
08:08:46.698 INFO  a.c.s.ClusterSingletonManager - Exited [akka://akka-runtime@127.0.0.1:63358].
08:08:46.698 DEBUG a.c.sharding.DDataShardCoordinator - passivation-race-entity: Received termination message.
08:08:46.698 INFO  a.c.s.ClusterSingletonManager - Oldest observed OldestChanged: [akka://akka-runtime@127.0.0.1:63358 -> None]
08:08:46.698 INFO  a.c.s.ClusterSingletonManager - ClusterSingletonManager state change [Oldest -> WasOldest]
08:08:46.698 INFO  a.c.s.ClusterSingletonManager - Singleton manager stopping singleton actor [akka://akka-runtime/system/sharding/sharded-daemon-process-eventSourcedProjection-passivation-race-entity-passivation-race-consumer-aCoordinator/singleton]
08:08:46.698 INFO  a.c.s.ClusterSingletonManager - ClusterSingletonManager state change [WasOldest -> Stopping]
08:08:46.698 DEBUG a.c.sharding.DDataShardCoordinator - sharded-daemon-process-eventSourcedProjection-passivation-race-entity-passivation-race-consumer-a: Received termination message.
08:08:46.698 INFO  a.c.s.ClusterSingletonManager - Oldest observed OldestChanged: [akka://akka-runtime@127.0.0.1:63358 -> None]
08:08:46.698 INFO  a.c.s.ClusterSingletonManager - ClusterSingletonManager state change [Oldest -> WasOldest]
08:08:46.698 INFO  a.c.s.ClusterSingletonManager - Oldest observed OldestChanged: [akka://akka-runtime@127.0.0.1:63358 -> None]
08:08:46.698 INFO  a.c.s.ClusterSingletonManager - ClusterSingletonManager state change [Oldest -> WasOldest]
08:08:46.698 INFO  a.c.s.ClusterSingletonManager - Oldest observed OldestChanged: [akka://akka-runtime@127.0.0.1:63358 -> None]
08:08:46.698 INFO  a.c.s.ClusterSingletonManager - Singleton actor [akka://akka-runtime/system/sharding/sharded-daemon-process-eventSourcedProjection-passivation-race-entity-passivation-race-consumer-aCoordinator/singleton] was terminated
08:08:46.698 INFO  a.c.s.ClusterSingletonManager - ClusterSingletonManager state change [Oldest -> WasOldest]
08:08:46.698 INFO  a.c.s.ClusterSingletonManager - Singleton actor [akka://akka-runtime/system/sharding/passivation-race-entityCoordinator/singleton] was terminated
08:08:46.698 INFO  a.c.s.ClusterSingletonManager - Singleton manager stopping singleton actor [akka://akka-runtime/system/singletonManagerShardedDaemonProcessCoordinator-eventSourcedProjection-passivation-race-entity-passivation-race-view/ShardedDaemonProcessCoordinator-eventSourcedProjection-passivation-race-entity-passivation-race-view]
08:08:46.698 INFO  a.c.s.ClusterSingletonManager - ClusterSingletonManager state change [WasOldest -> Stopping]
08:08:46.698 INFO  a.c.s.ClusterSingletonManager - Singleton manager stopping singleton actor [akka://akka-runtime/system/singletonManagerShardedDaemonProcessCoordinator-eventSourcedProjection-passivation-race-entity-passivation-race-consumer-a/ShardedDaemonProcessCoordinator-eventSourcedProjection-passivation-race-entity-passivation-race-consumer-a]
08:08:46.698 INFO  a.c.s.ClusterSingletonManager - ClusterSingletonManager state change [WasOldest -> Stopping]
08:08:46.698 INFO  a.c.s.ClusterSingletonManager - Singleton manager stopping singleton actor [akka://akka-runtime/system/singletonManagerShardedDaemonProcessCoordinator-eventSourcedProjection-passivation-race-entity-passivation-race-consumer-b/ShardedDaemonProcessCoordinator-eventSourcedProjection-passivation-race-entity-passivation-race-consumer-b]
08:08:46.698 INFO  a.c.s.ClusterSingletonManager - ClusterSingletonManager state change [WasOldest -> Stopping]
08:08:46.698 INFO  a.c.s.ClusterSingletonManager - Singleton manager stopping singleton actor [akka://akka-runtime/system/singletonManagerschemaSingleton/schemaSingleton]
08:08:46.698 INFO  a.c.s.ClusterSingletonManager - ClusterSingletonManager state change [WasOldest -> Stopping]
08:08:46.698 INFO  a.c.s.ClusterSingletonManager - Singleton manager stopping singleton actor [akka://akka-runtime/system/sharding/sharded-daemon-process-eventSourcedProjection-passivation-race-entity-passivation-race-viewCoordinator/singleton]
08:08:46.698 INFO  a.c.s.ClusterSingletonManager - ClusterSingletonManager state change [WasOldest -> Stopping]
08:08:46.698 INFO  a.c.s.ClusterSingletonManager - Singleton actor [akka://akka-runtime/system/singletonManagerschemaSingleton/schemaSingleton] was terminated
08:08:46.698 INFO  a.c.s.ClusterSingletonManager - Singleton actor [akka://akka-runtime/system/singletonManagerShardedDaemonProcessCoordinator-eventSourcedProjection-passivation-race-entity-passivation-race-consumer-b/ShardedDaemonProcessCoordinator-eventSourcedProjection-passivation-race-entity-passivation-race-consumer-b] was terminated
08:08:46.698 INFO  a.c.s.ClusterSingletonManager - Singleton actor [akka://akka-runtime/system/singletonManagerShardedDaemonProcessCoordinator-eventSourcedProjection-passivation-race-entity-passivation-race-consumer-a/ShardedDaemonProcessCoordinator-eventSourcedProjection-passivation-race-entity-passivation-race-consumer-a] was terminated
08:08:46.698 INFO  a.c.s.ClusterSingletonManager - Singleton actor [akka://akka-runtime/system/singletonManagerShardedDaemonProcessCoordinator-eventSourcedProjection-passivation-race-entity-passivation-race-view/ShardedDaemonProcessCoordinator-eventSourcedProjection-passivation-race-entity-passivation-race-view] was terminated
08:08:46.698 DEBUG a.c.sharding.DDataShardCoordinator - sharded-daemon-process-eventSourcedProjection-passivation-race-entity-passivation-race-view: Received termination message.
08:08:46.698 INFO  a.c.s.ClusterSingletonManager - Singleton actor [akka://akka-runtime/system/sharding/sharded-daemon-process-eventSourcedProjection-passivation-race-entity-passivation-race-viewCoordinator/singleton] was terminated
08:08:46.698 INFO  a.c.s.ClusterSingletonManager - Oldest observed OldestChanged: [akka://akka-runtime@127.0.0.1:63358 -> None]
08:08:46.698 INFO  a.c.s.ClusterSingletonManager - ClusterSingletonManager state change [Oldest -> WasOldest]
08:08:46.698 INFO  a.c.s.ClusterSingletonManager - Exited [akka://akka-runtime@127.0.0.1:63358].
08:08:46.698 INFO  a.c.s.ClusterSingletonManager - Singleton manager stopping singleton actor [akka://akka-runtime/system/sharding/sharded-daemon-process-eventSourcedProjection-passivation-race-entity-passivation-race-consumer-bCoordinator/singleton]
08:08:46.698 INFO  a.c.s.ClusterSingletonManager - ClusterSingletonManager state change [WasOldest -> Stopping]
08:08:46.698 DEBUG a.c.sharding.DDataShardCoordinator - sharded-daemon-process-eventSourcedProjection-passivation-race-entity-passivation-race-consumer-b: Received termination message.
08:08:46.698 INFO  a.c.s.ClusterSingletonManager - Singleton manager stopping singleton actor [akka://akka-runtime/system/sharding/_timerCoordinator/singleton]
08:08:46.698 INFO  a.c.s.ClusterSingletonManager - ClusterSingletonManager state change [WasOldest -> Stopping]
08:08:46.698 INFO  a.c.s.ClusterSingletonManager - Singleton actor [akka://akka-runtime/system/sharding/sharded-daemon-process-eventSourcedProjection-passivation-race-entity-passivation-race-consumer-bCoordinator/singleton] was terminated
08:08:46.698 DEBUG a.c.sharding.DDataShardCoordinator - _timer: Received termination message.
08:08:46.698 INFO  a.c.s.ClusterSingletonManager - Singleton actor [akka://akka-runtime/system/sharding/_timerCoordinator/singleton] was terminated
08:08:46.698 DEBUG akka.actor.CoordinatedShutdown - Performing phase [cluster-exiting-done] with [1] tasks.
08:08:46.698 DEBUG akka.actor.CoordinatedShutdown - Performing task [exiting-completed] in CoordinatedShutdown phase [cluster-exiting-done]
08:08:46.699 DEBUG akka.actor.CoordinatedShutdown - Performing phase [cluster-shutdown] with [1] tasks.
08:08:46.699 DEBUG akka.actor.CoordinatedShutdown - Performing task [wait-shutdown] in CoordinatedShutdown phase [cluster-shutdown]
08:08:46.699 DEBUG akka.actor.CoordinatedShutdown - Performing phase [before-actor-system-terminate] with [2] tasks.
08:08:46.699 DEBUG akka.actor.CoordinatedShutdown - Performing task [close connection pools] in CoordinatedShutdown phase [before-actor-system-terminate]
08:08:46.700 DEBUG akka.actor.CoordinatedShutdown - Performing task [close-grpc-channels] in CoordinatedShutdown phase [before-actor-system-terminate]
08:08:46.700 DEBUG akka.actor.CoordinatedShutdown - Performing phase [actor-system-terminate] with [1] tasks.
08:08:46.700 DEBUG akka.actor.CoordinatedShutdown - Performing task [terminate-system] in CoordinatedShutdown phase [actor-system-terminate]
08:08:46.741 INFO  akka.runtime.AkkaRuntimeMain - Starting Akka Runtime version [1.6.15]
08:08:46.747 INFO  akka.javasdk.impl.ComponentLocator$ - Looking for component descriptors matching pattern [META-INF/akka-javasdk-components_*.conf]
08:08:46.751 INFO  akka.javasdk.testkit.TestKit - Eventing TestKit booting up on port: 63363
08:08:46.753 DEBUG a.c.singleton.ClusterSingletonProxy - Creating singleton identification timer...
08:08:46.753 DEBUG a.c.singleton.ClusterSingletonProxy - Trying to identify singleton at [akka://akka-runtime@127.0.0.1:63364/system/singletonManagerschemaSingleton/schemaSingleton]
08:08:46.753 DEBUG a.c.singleton.ClusterSingletonProxy - Singleton not available, buffering message type [kalix.runtime.SchemaSingleton$ExecDdl]
08:08:46.753 INFO  a.c.s.ClusterSingletonManager - Singleton manager starting singleton actor [akka://akka-runtime/system/singletonManagerschemaSingleton/schemaSingleton]
08:08:46.753 INFO  a.c.s.ClusterSingletonManager - ClusterSingletonManager state change [Start -> Oldest]
08:08:46.754 INFO  akka.javasdk.testkit.TestKit - Checking runtime status
08:08:46.820 DEBUG a.c.singleton.ClusterSingletonProxy - Trying to identify singleton at [akka://akka-runtime@127.0.0.1:63364/system/singletonManagerschemaSingleton/schemaSingleton]
08:08:46.820 INFO  a.c.singleton.ClusterSingletonProxy - Singleton identified at [akka://akka-runtime/system/singletonManagerschemaSingleton/schemaSingleton]
08:08:46.820 DEBUG a.c.singleton.ClusterSingletonProxy - Sending buffered messages to current singleton instance
08:08:46.822 INFO  a.c.s.typed.scaladsl.ClusterSharding - Starting Shard Region [passivation-race-entity]...
08:08:46.822 INFO  akka.cluster.sharding.ShardRegion - passivation-race-entity: Automatic entity passivation: composite strategy with limit of [10000] active entities, admission window (least recently used entities) with proportions [initial = 0.01, min = 0.01, max = 1.0] adapting with hill-climbing optimizer [adjust multiplier = 10.0, initial step = 0.0625, restart threshold = 0.05, step decay = 0.98], admit using frequency sketch [width multiplier = 4, reset multiplier = 10.0, depth = 4, counter bits = 4], main (least recently used entities (segmented with [2] levels with proportions of [0.20, 0.80]))
08:08:46.822 INFO  a.c.s.ClusterSingletonManager - Singleton manager starting singleton actor [akka://akka-runtime/system/sharding/passivation-race-entityCoordinator/singleton]
08:08:46.822 INFO  a.c.s.ClusterSingletonManager - ClusterSingletonManager state change [Start -> Oldest]
08:08:46.822 DEBUG a.c.sharding.DDataShardCoordinator - passivation-race-entity: Initial coordinator is empty.
08:08:46.822 INFO  a.c.sharding.DDataShardCoordinator - passivation-race-entity: ShardCoordinator was moved to the active state with [0] shards
08:08:46.823 DEBUG a.c.singleton.ClusterSingletonProxy - Forwarding message of type [SchemaSingleton$ExecDdl] to current singleton instance at [akka://akka-runtime/system/singletonManagerschemaSingleton/schemaSingleton]
08:08:46.824 INFO  akka.runtime.DiscoveryManager - Service components: EventSourcedEntity: [1], Consumer: [2], View: [1]
08:08:46.825 INFO  a.c.s.typed.scaladsl.ClusterSharding - Starting Shard Region [_timer]...
08:08:46.825 INFO  a.c.s.ClusterSingletonManager - Singleton manager starting singleton actor [akka://akka-runtime/system/sharding/_timerCoordinator/singleton]
08:08:46.825 INFO  a.c.s.ClusterSingletonManager - ClusterSingletonManager state change [Start -> Oldest]
08:08:46.825 INFO  a.c.s.typed.scaladsl.ClusterSharding - Starting Shard Region [sharded-daemon-process-eventSourcedProjection-passivation-race-entity-passivation-race-consumer-a]...
08:08:46.825 DEBUG a.c.sharding.DDataShardCoordinator - _timer: Starting remember entities store from provider akka.cluster.sharding.internal.DDataRememberEntitiesProvider@11eaab70
08:08:46.825 INFO  akka.cluster.sharding.ShardRegion - sharded-daemon-process-eventSourcedProjection-passivation-race-entity-passivation-race-consumer-a: Automatic entity passivation: disabled
08:08:46.825 DEBUG a.c.sharding.DDataShardCoordinator - _timer: Initial coordinator is empty.
08:08:46.825 INFO  a.c.sharding.DDataShardCoordinator - _timer: ShardCoordinator was moved to the active state with [0] shards
08:08:46.826 DEBUG a.c.sharding.DDataShardCoordinator - _timer: Received [0] remembered shard ids (after state initialized)
08:08:46.826 DEBUG a.c.singleton.ClusterSingletonProxy - Creating singleton identification timer...
08:08:46.826 INFO  a.c.s.ClusterSingletonManager - Singleton manager starting singleton actor [akka://akka-runtime/system/sharding/sharded-daemon-process-eventSourcedProjection-passivation-race-entity-passivation-race-consumer-aCoordinator/singleton]
08:08:46.826 DEBUG a.c.singleton.ClusterSingletonProxy - Trying to identify singleton at [akka://akka-runtime@127.0.0.1:63364/system/singletonManagerShardedDaemonProcessCoordinator-eventSourcedProjection-passivation-race-entity-passivation-race-consumer-a/ShardedDaemonProcessCoordinator-eventSourcedProjection-passivation-race-entity-passivation-race-consumer-a]
08:08:46.826 INFO  a.c.s.ClusterSingletonManager - ClusterSingletonManager state change [Start -> Oldest]
08:08:46.826 INFO  a.c.s.typed.scaladsl.ClusterSharding - Starting Shard Region [sharded-daemon-process-eventSourcedProjection-passivation-race-entity-passivation-race-consumer-b]...
08:08:46.826 DEBUG a.c.sharding.DDataShardCoordinator - sharded-daemon-process-eventSourcedProjection-passivation-race-entity-passivation-race-consumer-a: Initial coordinator is empty.
08:08:46.826 INFO  a.c.sharding.DDataShardCoordinator - sharded-daemon-process-eventSourcedProjection-passivation-race-entity-passivation-race-consumer-a: ShardCoordinator was moved to the active state with [0] shards
08:08:46.826 INFO  a.c.s.ClusterSingletonManager - Singleton manager starting singleton actor [akka://akka-runtime/system/singletonManagerShardedDaemonProcessCoordinator-eventSourcedProjection-passivation-race-entity-passivation-race-consumer-a/ShardedDaemonProcessCoordinator-eventSourcedProjection-passivation-race-entity-passivation-race-consumer-a]
08:08:46.826 INFO  akka.cluster.sharding.ShardRegion - sharded-daemon-process-eventSourcedProjection-passivation-race-entity-passivation-race-consumer-b: Automatic entity passivation: disabled
08:08:46.826 INFO  a.c.s.ClusterSingletonManager - ClusterSingletonManager state change [Start -> Oldest]
08:08:46.826 INFO  a.c.s.typed.scaladsl.ClusterSharding - Starting Shard Region [sharded-daemon-process-eventSourcedProjection-passivation-race-entity-passivation-race-view]...
08:08:46.826 DEBUG a.c.s.t.i.ShardedDaemonProcessCoordinator$ - ShardedDaemonProcessCoordinator for [eventSourcedProjection-passivation-race-entity-passivation-race-consumer-a] starting
08:08:46.827 DEBUG a.c.s.t.i.ShardedDaemonProcessCoordinator$ - eventSourcedProjection-passivation-race-entity-passivation-race-consumer-a: No previous state stored for Sharded Daemon Process
08:08:46.827 DEBUG a.c.s.t.i.ShardedDaemonProcessCoordinator$ - Sending periodic keep alive for Sharded Daemon Process [eventSourcedProjection-passivation-race-entity-passivation-race-consumer-a] to [1] processes (revision [0]).
08:08:46.827 INFO  akka.cluster.sharding.ShardRegion - sharded-daemon-process-eventSourcedProjection-passivation-race-entity-passivation-race-view: Automatic entity passivation: disabled
08:08:46.827 DEBUG a.c.singleton.ClusterSingletonProxy - Creating singleton identification timer...
08:08:46.827 DEBUG a.c.singleton.ClusterSingletonProxy - Trying to identify singleton at [akka://akka-runtime@127.0.0.1:63364/system/singletonManagerShardedDaemonProcessCoordinator-eventSourcedProjection-passivation-race-entity-passivation-race-consumer-b/ShardedDaemonProcessCoordinator-eventSourcedProjection-passivation-race-entity-passivation-race-consumer-b]
08:08:46.827 INFO  a.c.s.ClusterSingletonManager - Singleton manager starting singleton actor [akka://akka-runtime/system/sharding/sharded-daemon-process-eventSourcedProjection-passivation-race-entity-passivation-race-consumer-bCoordinator/singleton]
08:08:46.827 INFO  a.c.s.ClusterSingletonManager - ClusterSingletonManager state change [Start -> Oldest]
08:08:46.827 INFO  a.c.s.ClusterSingletonManager - Singleton manager starting singleton actor [akka://akka-runtime/system/singletonManagerShardedDaemonProcessCoordinator-eventSourcedProjection-passivation-race-entity-passivation-race-consumer-b/ShardedDaemonProcessCoordinator-eventSourcedProjection-passivation-race-entity-passivation-race-consumer-b]
08:08:46.827 INFO  a.c.s.ClusterSingletonManager - Singleton manager starting singleton actor [akka://akka-runtime/system/sharding/sharded-daemon-process-eventSourcedProjection-passivation-race-entity-passivation-race-viewCoordinator/singleton]
08:08:46.827 INFO  a.c.s.ClusterSingletonManager - ClusterSingletonManager state change [Start -> Oldest]
08:08:46.827 INFO  a.c.s.ClusterSingletonManager - ClusterSingletonManager state change [Start -> Oldest]
08:08:46.827 DEBUG a.c.sharding.DDataShardCoordinator - sharded-daemon-process-eventSourcedProjection-passivation-race-entity-passivation-race-view: Initial coordinator is empty.
08:08:46.827 INFO  a.c.sharding.DDataShardCoordinator - sharded-daemon-process-eventSourcedProjection-passivation-race-entity-passivation-race-view: ShardCoordinator was moved to the active state with [0] shards
08:08:46.827 DEBUG a.c.s.t.i.ShardedDaemonProcessCoordinator$ - ShardedDaemonProcessCoordinator for [eventSourcedProjection-passivation-race-entity-passivation-race-consumer-b] starting
08:08:46.827 DEBUG a.c.sharding.DDataShardCoordinator - sharded-daemon-process-eventSourcedProjection-passivation-race-entity-passivation-race-consumer-b: Initial coordinator is empty.
08:08:46.827 INFO  a.c.sharding.DDataShardCoordinator - sharded-daemon-process-eventSourcedProjection-passivation-race-entity-passivation-race-consumer-b: ShardCoordinator was moved to the active state with [0] shards
08:08:46.827 DEBUG a.c.singleton.ClusterSingletonProxy - Creating singleton identification timer...
08:08:46.827 DEBUG a.c.s.t.i.ShardedDaemonProcessCoordinator$ - eventSourcedProjection-passivation-race-entity-passivation-race-consumer-b: No previous state stored for Sharded Daemon Process
08:08:46.827 DEBUG a.c.singleton.ClusterSingletonProxy - Trying to identify singleton at [akka://akka-runtime@127.0.0.1:63364/system/singletonManagerShardedDaemonProcessCoordinator-eventSourcedProjection-passivation-race-entity-passivation-race-view/ShardedDaemonProcessCoordinator-eventSourcedProjection-passivation-race-entity-passivation-race-view]
08:08:46.827 DEBUG a.c.s.t.i.ShardedDaemonProcessCoordinator$ - Sending periodic keep alive for Sharded Daemon Process [eventSourcedProjection-passivation-race-entity-passivation-race-consumer-b] to [1] processes (revision [0]).
08:08:46.827 INFO  akka.runtime.DiscoveryManager - Akka Runtime started at 127.0.0.1:63362
08:08:46.828 INFO  repro.Bootstrap - onStartup burst of 8 starting
08:08:46.828 INFO  a.c.s.ClusterSingletonManager - Singleton manager starting singleton actor [akka://akka-runtime/system/singletonManagerShardedDaemonProcessCoordinator-eventSourcedProjection-passivation-race-entity-passivation-race-view/ShardedDaemonProcessCoordinator-eventSourcedProjection-passivation-race-entity-passivation-race-view]
08:08:46.828 INFO  a.c.s.ClusterSingletonManager - ClusterSingletonManager state change [Start -> Oldest]
08:08:46.828 DEBUG a.c.s.t.i.ShardedDaemonProcessCoordinator$ - ShardedDaemonProcessCoordinator for [eventSourcedProjection-passivation-race-entity-passivation-race-view] starting
08:08:46.828 DEBUG a.c.s.t.i.ShardedDaemonProcessCoordinator$ - eventSourcedProjection-passivation-race-entity-passivation-race-view: No previous state stored for Sharded Daemon Process
08:08:46.828 DEBUG a.c.s.t.i.ShardedDaemonProcessCoordinator$ - Sending periodic keep alive for Sharded Daemon Process [eventSourcedProjection-passivation-race-entity-passivation-race-view] to [1] processes (revision [0]).
08:08:46.872 INFO  akka.javasdk.testkit.TestKit - Runtime started
08:08:46.872 INFO  akka.actor.CoordinatedShutdown - Running CoordinatedShutdown with reason [ActorSystemTerminateReason]
08:08:46.872 DEBUG akka.actor.CoordinatedShutdown - Performing phase [before-service-unbind] with [0] tasks
08:08:46.872 DEBUG akka.actor.CoordinatedShutdown - Performing phase [service-unbind] with [1] tasks.
08:08:46.872 DEBUG akka.actor.CoordinatedShutdown - Performing task [http-unbind-/127.0.0.1:63362] in CoordinatedShutdown phase [service-unbind]
08:08:46.872 DEBUG akka.actor.CoordinatedShutdown - Performing phase [service-requests-done] with [1] tasks.
08:08:46.872 DEBUG akka.actor.CoordinatedShutdown - Performing task [http-terminate-/127.0.0.1:63362] in CoordinatedShutdown phase [service-requests-done]
08:08:46.873 DEBUG akka.actor.CoordinatedShutdown - Performing phase [service-stop] with [1] tasks.
08:08:46.873 DEBUG akka.actor.CoordinatedShutdown - Performing task [stop-grpc-clients] in CoordinatedShutdown phase [service-stop]
08:08:46.873 DEBUG akka.actor.CoordinatedShutdown - Performing phase [before-cluster-shutdown] with [0] tasks
08:08:46.873 DEBUG akka.actor.CoordinatedShutdown - Performing phase [cluster-sharding-shutdown-region] with [5] tasks.
08:08:46.873 DEBUG akka.actor.CoordinatedShutdown - Performing task [region-shutdown] in CoordinatedShutdown phase [cluster-sharding-shutdown-region]
08:08:46.873 DEBUG akka.actor.CoordinatedShutdown - Performing task [region-shutdown] in CoordinatedShutdown phase [cluster-sharding-shutdown-region]
08:08:46.873 DEBUG akka.actor.CoordinatedShutdown - Performing task [region-shutdown] in CoordinatedShutdown phase [cluster-sharding-shutdown-region]
08:08:46.873 DEBUG akka.actor.CoordinatedShutdown - Performing task [region-shutdown] in CoordinatedShutdown phase [cluster-sharding-shutdown-region]
08:08:46.873 DEBUG akka.actor.CoordinatedShutdown - Performing task [region-shutdown] in CoordinatedShutdown phase [cluster-sharding-shutdown-region]
08:08:46.873 DEBUG a.c.sharding.DDataShardCoordinator - passivation-race-entity: Unknown region requested graceful shutdown [Actor[akka://akka-runtime/system/sharding/passivation-race-entity#-1847034928]]
08:08:46.873 DEBUG a.c.sharding.DDataShardCoordinator - sharded-daemon-process-eventSourcedProjection-passivation-race-entity-passivation-race-consumer-b: Unknown region requested graceful shutdown [Actor[akka://akka-runtime/system/sharding/sharded-daemon-process-eventSourcedProjection-passivation-race-entity-passivation-race-consumer-b#602320804]]
08:08:46.873 DEBUG a.c.sharding.DDataShardCoordinator - sharded-daemon-process-eventSourcedProjection-passivation-race-entity-passivation-race-view: Unknown region requested graceful shutdown [Actor[akka://akka-runtime/system/sharding/sharded-daemon-process-eventSourcedProjection-passivation-race-entity-passivation-race-view#1221897471]]
08:08:46.873 DEBUG a.c.sharding.DDataShardCoordinator - sharded-daemon-process-eventSourcedProjection-passivation-race-entity-passivation-race-consumer-a: Unknown region requested graceful shutdown [Actor[akka://akka-runtime/system/sharding/sharded-daemon-process-eventSourcedProjection-passivation-race-entity-passivation-race-consumer-a#-1528810224]]
08:08:46.873 DEBUG a.c.sharding.DDataShardCoordinator - _timer: Unknown region requested graceful shutdown [Actor[akka://akka-runtime/system/sharding/_timer#309027033]]
08:08:46.890 DEBUG a.c.singleton.ClusterSingletonProxy - Trying to identify singleton at [akka://akka-runtime@127.0.0.1:63364/system/singletonManagerShardedDaemonProcessCoordinator-eventSourcedProjection-passivation-race-entity-passivation-race-consumer-b/ShardedDaemonProcessCoordinator-eventSourcedProjection-passivation-race-entity-passivation-race-consumer-b]
08:08:46.890 DEBUG a.c.singleton.ClusterSingletonProxy - Trying to identify singleton at [akka://akka-runtime@127.0.0.1:63364/system/singletonManagerShardedDaemonProcessCoordinator-eventSourcedProjection-passivation-race-entity-passivation-race-consumer-a/ShardedDaemonProcessCoordinator-eventSourcedProjection-passivation-race-entity-passivation-race-consumer-a]
08:08:46.890 DEBUG a.c.singleton.ClusterSingletonProxy - Trying to identify singleton at [akka://akka-runtime@127.0.0.1:63364/system/singletonManagerShardedDaemonProcessCoordinator-eventSourcedProjection-passivation-race-entity-passivation-race-view/ShardedDaemonProcessCoordinator-eventSourcedProjection-passivation-race-entity-passivation-race-view]
08:08:46.890 INFO  a.c.singleton.ClusterSingletonProxy - Singleton identified at [akka://akka-runtime/system/singletonManagerShardedDaemonProcessCoordinator-eventSourcedProjection-passivation-race-entity-passivation-race-consumer-b/ShardedDaemonProcessCoordinator-eventSourcedProjection-passivation-race-entity-passivation-race-consumer-b]
08:08:46.890 INFO  a.c.singleton.ClusterSingletonProxy - Singleton identified at [akka://akka-runtime/system/singletonManagerShardedDaemonProcessCoordinator-eventSourcedProjection-passivation-race-entity-passivation-race-view/ShardedDaemonProcessCoordinator-eventSourcedProjection-passivation-race-entity-passivation-race-view]
08:08:46.890 DEBUG a.c.singleton.ClusterSingletonProxy - Sending buffered messages to current singleton instance
08:08:46.890 DEBUG a.c.singleton.ClusterSingletonProxy - Sending buffered messages to current singleton instance
08:08:46.890 INFO  a.c.singleton.ClusterSingletonProxy - Singleton identified at [akka://akka-runtime/system/singletonManagerShardedDaemonProcessCoordinator-eventSourcedProjection-passivation-race-entity-passivation-race-consumer-a/ShardedDaemonProcessCoordinator-eventSourcedProjection-passivation-race-entity-passivation-race-consumer-a]
08:08:46.890 DEBUG a.c.singleton.ClusterSingletonProxy - Sending buffered messages to current singleton instance
08:08:47.090 DEBUG a.c.sharding.DDataShardCoordinator - sharded-daemon-process-eventSourcedProjection-passivation-race-entity-passivation-race-consumer-b: ShardRegion registered: [Actor[akka://akka-runtime/system/sharding/sharded-daemon-process-eventSourcedProjection-passivation-race-entity-passivation-race-consumer-b#602320804]]
08:08:47.090 DEBUG a.c.sharding.DDataShardCoordinator - sharded-daemon-process-eventSourcedProjection-passivation-race-entity-passivation-race-view: ShardRegion registered: [Actor[akka://akka-runtime/system/sharding/sharded-daemon-process-eventSourcedProjection-passivation-race-entity-passivation-race-view#1221897471]]
08:08:47.090 DEBUG a.c.sharding.DDataShardCoordinator - passivation-race-entity: ShardRegion registered: [Actor[akka://akka-runtime/system/sharding/passivation-race-entity#-1847034928]]
08:08:47.090 DEBUG a.c.sharding.DDataShardCoordinator - sharded-daemon-process-eventSourcedProjection-passivation-race-entity-passivation-race-consumer-a: ShardRegion registered: [Actor[akka://akka-runtime/system/sharding/sharded-daemon-process-eventSourcedProjection-passivation-race-entity-passivation-race-consumer-a#-1528810224]]
08:08:47.090 DEBUG a.c.sharding.DDataShardCoordinator - sharded-daemon-process-eventSourcedProjection-passivation-race-entity-passivation-race-consumer-a: The coordinator state was successfully updated with ShardRegionRegistered(Actor[akka://akka-runtime/system/sharding/sharded-daemon-process-eventSourcedProjection-passivation-race-entity-passivation-race-consumer-a#-1528810224])
08:08:47.090 DEBUG a.c.sharding.DDataShardCoordinator - sharded-daemon-process-eventSourcedProjection-passivation-race-entity-passivation-race-view: The coordinator state was successfully updated with ShardRegionRegistered(Actor[akka://akka-runtime/system/sharding/sharded-daemon-process-eventSourcedProjection-passivation-race-entity-passivation-race-view#1221897471])
08:08:47.090 DEBUG a.c.sharding.DDataShardCoordinator - passivation-race-entity: The coordinator state was successfully updated with ShardRegionRegistered(Actor[akka://akka-runtime/system/sharding/passivation-race-entity#-1847034928])
08:08:47.090 DEBUG a.c.sharding.DDataShardCoordinator - sharded-daemon-process-eventSourcedProjection-passivation-race-entity-passivation-race-consumer-b: The coordinator state was successfully updated with ShardRegionRegistered(Actor[akka://akka-runtime/system/sharding/sharded-daemon-process-eventSourcedProjection-passivation-race-entity-passivation-race-consumer-b#602320804])
08:08:47.090 DEBUG a.c.sharding.DDataShardCoordinator - sharded-daemon-process-eventSourcedProjection-passivation-race-entity-passivation-race-view: The coordinator state was successfully updated with ShardHomeAllocated(0,Actor[akka://akka-runtime/system/sharding/sharded-daemon-process-eventSourcedProjection-passivation-race-entity-passivation-race-view#1221897471])
08:08:47.091 DEBUG a.c.sharding.DDataShardCoordinator - sharded-daemon-process-eventSourcedProjection-passivation-race-entity-passivation-race-consumer-a: The coordinator state was successfully updated with ShardHomeAllocated(0,Actor[akka://akka-runtime/system/sharding/sharded-daemon-process-eventSourcedProjection-passivation-race-entity-passivation-race-consumer-a#-1528810224])
08:08:47.091 DEBUG a.c.sharding.DDataShardCoordinator - sharded-daemon-process-eventSourcedProjection-passivation-race-entity-passivation-race-consumer-b: The coordinator state was successfully updated with ShardHomeAllocated(0,Actor[akka://akka-runtime/system/sharding/sharded-daemon-process-eventSourcedProjection-passivation-race-entity-passivation-race-consumer-b#602320804])
08:08:47.091 DEBUG a.c.sharding.DDataShardCoordinator - sharded-daemon-process-eventSourcedProjection-passivation-race-entity-passivation-race-consumer-b: Shard [0] allocated at [Actor[akka://akka-runtime/system/sharding/sharded-daemon-process-eventSourcedProjection-passivation-race-entity-passivation-race-consumer-b#602320804]]
08:08:47.091 DEBUG a.c.sharding.DDataShardCoordinator - sharded-daemon-process-eventSourcedProjection-passivation-race-entity-passivation-race-view: Shard [0] allocated at [Actor[akka://akka-runtime/system/sharding/sharded-daemon-process-eventSourcedProjection-passivation-race-entity-passivation-race-view#1221897471]]
08:08:47.091 DEBUG a.c.sharding.DDataShardCoordinator - passivation-race-entity: The coordinator state was successfully updated with ShardHomeAllocated(308,Actor[akka://akka-runtime/system/sharding/passivation-race-entity#-1847034928])
08:08:47.091 DEBUG a.c.sharding.DDataShardCoordinator - passivation-race-entity: Shard [308] allocated at [Actor[akka://akka-runtime/system/sharding/passivation-race-entity#-1847034928]]
08:08:47.091 DEBUG a.c.sharding.DDataShardCoordinator - sharded-daemon-process-eventSourcedProjection-passivation-race-entity-passivation-race-view: Graceful shutdown of region [Actor[akka://akka-runtime/system/sharding/sharded-daemon-process-eventSourcedProjection-passivation-race-entity-passivation-race-view#1221897471]] with [1] shards
08:08:47.091 DEBUG a.c.sharding.DDataShardCoordinator - sharded-daemon-process-eventSourcedProjection-passivation-race-entity-passivation-race-consumer-b: Graceful shutdown of region [Actor[akka://akka-runtime/system/sharding/sharded-daemon-process-eventSourcedProjection-passivation-race-entity-passivation-race-consumer-b#602320804]] with [1] shards
08:08:47.091 INFO  a.c.sharding.DDataShardCoordinator - sharded-daemon-process-eventSourcedProjection-passivation-race-entity-passivation-race-view: Starting shutting down shards [0] due to region shutting down or explicit stopping of shards.
08:08:47.091 INFO  a.c.sharding.DDataShardCoordinator - sharded-daemon-process-eventSourcedProjection-passivation-race-entity-passivation-race-consumer-b: Starting shutting down shards [0] due to region shutting down or explicit stopping of shards.
08:08:47.091 DEBUG a.c.sharding.DDataShardCoordinator - sharded-daemon-process-eventSourcedProjection-passivation-race-entity-passivation-race-consumer-a: Shard [0] allocated at [Actor[akka://akka-runtime/system/sharding/sharded-daemon-process-eventSourcedProjection-passivation-race-entity-passivation-race-consumer-a#-1528810224]]
08:08:47.091 DEBUG a.c.s.ShardCoordinator$RebalanceWorker - sharded-daemon-process-eventSourcedProjection-passivation-race-entity-passivation-race-view: Shutting down shard [0] from region [Actor[akka://akka-runtime/system/sharding/sharded-daemon-process-eventSourcedProjection-passivation-race-entity-passivation-race-view#1221897471]]. Asking [1] region(s) to hand-off shard
08:08:47.091 DEBUG akka.cluster.sharding.Shard - sharded-daemon-process-eventSourcedProjection-passivation-race-entity-passivation-race-consumer-b: Shard initialized
08:08:47.091 DEBUG akka.cluster.sharding.Shard - sharded-daemon-process-eventSourcedProjection-passivation-race-entity-passivation-race-view: Shard initialized
08:08:47.091 DEBUG a.c.s.ShardCoordinator$RebalanceWorker - sharded-daemon-process-eventSourcedProjection-passivation-race-entity-passivation-race-view: BeginHandOffAck for shard [0] received from [Actor[akka://akka-runtime/system/sharding/sharded-daemon-process-eventSourcedProjection-passivation-race-entity-passivation-race-view#1221897471]].
08:08:47.091 DEBUG a.c.s.ShardCoordinator$RebalanceWorker - sharded-daemon-process-eventSourcedProjection-passivation-race-entity-passivation-race-view: All shard regions acked, handing off shard [0].
08:08:47.091 DEBUG akka.cluster.sharding.Shard - sharded-daemon-process-eventSourcedProjection-passivation-race-entity-passivation-race-view: Request to start entity [0] and ack to [Some(Actor[akka://akka-runtime/deadLetters])]
08:08:47.091 DEBUG akka.cluster.sharding.Shard - sharded-daemon-process-eventSourcedProjection-passivation-race-entity-passivation-race-consumer-b: Request to start entity [0] and ack to [Some(Actor[akka://akka-runtime/deadLetters])]
08:08:47.091 DEBUG akka.cluster.sharding.Shard - passivation-race-entity: Shard initialized
08:08:47.091 DEBUG akka.cluster.sharding.Shard - sharded-daemon-process-eventSourcedProjection-passivation-race-entity-passivation-race-view: Started entity [Actor[akka://akka-runtime/system/sharding/sharded-daemon-process-eventSourcedProjection-passivation-race-entity-passivation-race-view/0/0#1982643398]] with entity id [0] in shard [0]
08:08:47.091 DEBUG akka.cluster.sharding.Shard - sharded-daemon-process-eventSourcedProjection-passivation-race-entity-passivation-race-view: HandOff shard [0]
08:08:47.091 DEBUG akka.cluster.sharding.Shard - sharded-daemon-process-eventSourcedProjection-passivation-race-entity-passivation-race-consumer-b: Started entity [Actor[akka://akka-runtime/system/sharding/sharded-daemon-process-eventSourcedProjection-passivation-race-entity-passivation-race-consumer-b/0/0#771704829]] with entity id [0] in shard [0]
08:08:47.092 DEBUG a.c.s.t.i.ShardedDaemonProcessState$ - eventSourcedProjection-passivation-race-entity-passivation-race-consumer-b: Deferred start of worker to verify its revision [0] is the latest
08:08:47.092 DEBUG a.c.s.t.i.ShardedDaemonProcessState$ - eventSourcedProjection-passivation-race-entity-passivation-race-view: Deferred start of worker to verify its revision [0] is the latest
08:08:47.092 DEBUG akka.cluster.sharding.Shard - sharded-daemon-process-eventSourcedProjection-passivation-race-entity-passivation-race-view: Starting HandOffStopper for shard [0] to terminate [1] entities.
08:08:47.092 DEBUG a.c.sharding.DDataShardCoordinator - sharded-daemon-process-eventSourcedProjection-passivation-race-entity-passivation-race-consumer-a: Graceful shutdown of region [Actor[akka://akka-runtime/system/sharding/sharded-daemon-process-eventSourcedProjection-passivation-race-entity-passivation-race-consumer-a#-1528810224]] with [1] shards
08:08:47.092 INFO  a.c.sharding.DDataShardCoordinator - sharded-daemon-process-eventSourcedProjection-passivation-race-entity-passivation-race-consumer-a: Starting shutting down shards [0] due to region shutting down or explicit stopping of shards.
08:08:47.092 DEBUG akka.cluster.sharding.Shard - passivation-race-entity: Started entity [Actor[akka://akka-runtime/system/sharding/passivation-race-entity/308/df8b5472-60c5-4d9a-a03e-33f82c4ef8c8#-1198873766]] with entity id [df8b5472-60c5-4d9a-a03e-33f82c4ef8c8] in shard [308]
08:08:47.092 DEBUG akka.cluster.sharding.Shard - sharded-daemon-process-eventSourcedProjection-passivation-race-entity-passivation-race-consumer-a: Shard initialized
08:08:47.092 DEBUG a.c.s.ShardCoordinator$RebalanceWorker - sharded-daemon-process-eventSourcedProjection-passivation-race-entity-passivation-race-consumer-a: Shutting down shard [0] from region [Actor[akka://akka-runtime/system/sharding/sharded-daemon-process-eventSourcedProjection-passivation-race-entity-passivation-race-consumer-a#-1528810224]]. Asking [1] region(s) to hand-off shard
08:08:47.092 DEBUG akka.cluster.sharding.Shard - sharded-daemon-process-eventSourcedProjection-passivation-race-entity-passivation-race-consumer-a: Request to start entity [0] and ack to [Some(Actor[akka://akka-runtime/deadLetters])]
08:08:47.092 DEBUG akka.cluster.sharding.Shard - sharded-daemon-process-eventSourcedProjection-passivation-race-entity-passivation-race-consumer-a: Started entity [Actor[akka://akka-runtime/system/sharding/sharded-daemon-process-eventSourcedProjection-passivation-race-entity-passivation-race-consumer-a/0/0#1240903287]] with entity id [0] in shard [0]
08:08:47.092 DEBUG a.c.s.ShardCoordinator$RebalanceWorker - sharded-daemon-process-eventSourcedProjection-passivation-race-entity-passivation-race-consumer-a: BeginHandOffAck for shard [0] received from [Actor[akka://akka-runtime/system/sharding/sharded-daemon-process-eventSourcedProjection-passivation-race-entity-passivation-race-consumer-a#-1528810224]].
08:08:47.092 DEBUG a.c.s.ShardCoordinator$RebalanceWorker - sharded-daemon-process-eventSourcedProjection-passivation-race-entity-passivation-race-consumer-a: All shard regions acked, handing off shard [0].
08:08:47.092 INFO  a.c.s.t.i.ShardedDaemonProcessState$ - eventSourcedProjection-passivation-race-entity-passivation-race-consumer-b: Starting Sharded Daemon Process [0] out of a total [1] (revision [0] and no state found)
08:08:47.092 DEBUG akka.cluster.sharding.Shard - sharded-daemon-process-eventSourcedProjection-passivation-race-entity-passivation-race-consumer-a: HandOff shard [0]
08:08:47.092 INFO  a.c.s.t.i.ShardedDaemonProcessState$ - eventSourcedProjection-passivation-race-entity-passivation-race-view: Starting Sharded Daemon Process [0] out of a total [1] (revision [0] and no state found)
08:08:47.092 DEBUG akka.cluster.sharding.Shard - sharded-daemon-process-eventSourcedProjection-passivation-race-entity-passivation-race-consumer-a: Starting HandOffStopper for shard [0] to terminate [1] entities.
08:08:47.092 DEBUG a.c.s.ShardCoordinator$RebalanceWorker - sharded-daemon-process-eventSourcedProjection-passivation-race-entity-passivation-race-consumer-b: Shutting down shard [0] from region [Actor[akka://akka-runtime/system/sharding/sharded-daemon-process-eventSourcedProjection-passivation-race-entity-passivation-race-consumer-b#602320804]]. Asking [1] region(s) to hand-off shard
08:08:47.093 DEBUG a.c.s.ShardCoordinator$RebalanceWorker - sharded-daemon-process-eventSourcedProjection-passivation-race-entity-passivation-race-consumer-b: BeginHandOffAck for shard [0] received from [Actor[akka://akka-runtime/system/sharding/sharded-daemon-process-eventSourcedProjection-passivation-race-entity-passivation-race-consumer-b#602320804]].
08:08:47.093 DEBUG a.c.s.ShardCoordinator$RebalanceWorker - sharded-daemon-process-eventSourcedProjection-passivation-race-entity-passivation-race-consumer-b: All shard regions acked, handing off shard [0].
08:08:47.093 DEBUG akka.cluster.sharding.Shard - sharded-daemon-process-eventSourcedProjection-passivation-race-entity-passivation-race-consumer-b: HandOff shard [0]
08:08:47.093 DEBUG akka.cluster.sharding.Shard - sharded-daemon-process-eventSourcedProjection-passivation-race-entity-passivation-race-consumer-b: Starting HandOffStopper for shard [0] to terminate [1] entities.
08:08:47.093 DEBUG a.c.sharding.DDataShardCoordinator - passivation-race-entity: Graceful shutdown of region [Actor[akka://akka-runtime/system/sharding/passivation-race-entity#-1847034928]] with [1] shards
08:08:47.093 INFO  a.c.sharding.DDataShardCoordinator - passivation-race-entity: Starting shutting down shards [308] due to region shutting down or explicit stopping of shards.
08:08:47.093 DEBUG a.c.s.ShardCoordinator$RebalanceWorker - passivation-race-entity: Shutting down shard [308] from region [Actor[akka://akka-runtime/system/sharding/passivation-race-entity#-1847034928]]. Asking [1] region(s) to hand-off shard
08:08:47.093 DEBUG a.c.s.ShardCoordinator$RebalanceWorker - passivation-race-entity: BeginHandOffAck for shard [308] received from [Actor[akka://akka-runtime/system/sharding/passivation-race-entity#-1847034928]].
08:08:47.093 DEBUG a.c.s.ShardCoordinator$RebalanceWorker - passivation-race-entity: All shard regions acked, handing off shard [308].
08:08:47.093 DEBUG akka.cluster.sharding.Shard - passivation-race-entity: HandOff shard [308]
08:08:47.093 DEBUG akka.cluster.sharding.Shard - passivation-race-entity: Starting HandOffStopper for shard [308] to terminate [1] entities.
08:08:47.092 DEBUG a.c.s.t.i.ShardedDaemonProcessState$ - eventSourcedProjection-passivation-race-entity-passivation-race-consumer-a: Deferred start of worker to verify its revision [0] is the latest
08:08:47.093 INFO  a.c.s.t.i.ShardedDaemonProcessState$ - eventSourcedProjection-passivation-race-entity-passivation-race-consumer-a: Starting Sharded Daemon Process [0] out of a total [1] (revision [0] and no state found)
08:08:47.095 DEBUG akka.cluster.sharding.Shard - sharded-daemon-process-eventSourcedProjection-passivation-race-entity-passivation-race-consumer-b: Shard [0] shutting down
08:08:47.096 DEBUG a.c.sharding.DDataShardCoordinator - sharded-daemon-process-eventSourcedProjection-passivation-race-entity-passivation-race-consumer-b: Shard [0] deallocation completed successfully.
08:08:47.096 DEBUG a.c.sharding.DDataShardCoordinator - sharded-daemon-process-eventSourcedProjection-passivation-race-entity-passivation-race-consumer-b: The coordinator state was successfully updated with ShardHomeDeallocated(0)
08:08:47.096 DEBUG a.c.sharding.DDataShardCoordinator - sharded-daemon-process-eventSourcedProjection-passivation-race-entity-passivation-race-consumer-b: Shard [0] deallocated after
08:08:47.096 DEBUG a.c.sharding.DDataShardCoordinator - sharded-daemon-process-eventSourcedProjection-passivation-race-entity-passivation-race-consumer-b: ShardRegion terminated (gracefully): [Actor[akka://akka-runtime/system/sharding/sharded-daemon-process-eventSourcedProjection-passivation-race-entity-passivation-race-consumer-b#602320804]] {}
08:08:47.096 DEBUG a.c.sharding.DDataShardCoordinator - sharded-daemon-process-eventSourcedProjection-passivation-race-entity-passivation-race-consumer-b: GetShardHome [0] request from [Actor[akka://local/ignore]] stashed, because waiting for initial state or update of state. It will be handled afterwards.
08:08:47.096 DEBUG a.c.sharding.DDataShardCoordinator - sharded-daemon-process-eventSourcedProjection-passivation-race-entity-passivation-race-consumer-b: The coordinator state was successfully updated with ShardRegionTerminated(Actor[akka://akka-runtime/system/sharding/sharded-daemon-process-eventSourcedProjection-passivation-race-entity-passivation-race-consumer-b#602320804])
08:08:47.097 DEBUG a.c.sharding.DDataShardCoordinator - sharded-daemon-process-eventSourcedProjection-passivation-race-entity-passivation-race-consumer-b: ShardRegion stopped: [Actor[akka://akka-runtime/system/sharding/sharded-daemon-process-eventSourcedProjection-passivation-race-entity-passivation-race-consumer-b#602320804]]
08:08:47.107 DEBUG akka.cluster.sharding.Shard - passivation-race-entity: Shard [308] shutting down
08:08:47.107 DEBUG a.c.sharding.DDataShardCoordinator - passivation-race-entity: Shard [308] deallocation completed successfully.
08:08:47.107 DEBUG a.c.sharding.DDataShardCoordinator - passivation-race-entity: The coordinator state was successfully updated with ShardHomeDeallocated(308)
08:08:47.107 DEBUG a.c.sharding.DDataShardCoordinator - passivation-race-entity: Shard [308] deallocated after
08:08:47.107 DEBUG a.c.sharding.DDataShardCoordinator - passivation-race-entity: ShardRegion terminated (gracefully): [Actor[akka://akka-runtime/system/sharding/passivation-race-entity#-1847034928]] {}
08:08:47.107 DEBUG a.c.sharding.DDataShardCoordinator - passivation-race-entity: GetShardHome [308] request from [Actor[akka://local/ignore]] stashed, because waiting for initial state or update of state. It will be handled afterwards.
08:08:47.107 DEBUG a.c.sharding.DDataShardCoordinator - passivation-race-entity: The coordinator state was successfully updated with ShardRegionTerminated(Actor[akka://akka-runtime/system/sharding/passivation-race-entity#-1847034928])
08:08:47.107 DEBUG a.c.sharding.DDataShardCoordinator - passivation-race-entity: ShardRegion stopped: [Actor[akka://akka-runtime/system/sharding/passivation-race-entity#-1847034928]]
08:08:47.108 ERROR repro.Bootstrap - onStartup() threw an exception
java.util.concurrent.TimeoutException: Command to entity [passivation-race-entity] id [4e75cac2-e0f4-408e-b1af-964b2c0abfea] timed out.
	at kalix.runtime.eventsourcedentity.EventSourcedSupport$$anonfun$$nestedInanonfun$handleCommand$1$1.applyOrElse(EventSourcedEntitySupportFactory.scala:191)
	at kalix.runtime.eventsourcedentity.EventSourcedSupport$$anonfun$$nestedInanonfun$handleCommand$1$1.applyOrElse(EventSourcedEntitySupportFactory.scala:189)
	at scala.concurrent.impl.Promise$Transformation.run(Promise.scala:523)
	at akka.dispatch.BatchingExecutor$AbstractBatch.processBatch(BatchingExecutor.scala:64)
	at akka.dispatch.BatchingExecutor$BlockableBatch.$anonfun$run$1(BatchingExecutor.scala:101)
	at scala.runtime.java8.JFunction0$mcV$sp.apply(JFunction0$mcV$sp.scala:18)
	at scala.concurrent.BlockContext$.withBlockContext(BlockContext.scala:94)
	at akka.dispatch.BatchingExecutor$BlockableBatch.run(BatchingExecutor.scala:101)
	at akka.dispatch.TaskInvocation.run(AbstractDispatcher.scala:48)
	at akka.dispatch.ForkJoinExecutorConfigurator$AkkaForkJoinTask.exec(ForkJoinExecutorConfigurator.scala:60)
	at java.base/java.util.concurrent.ForkJoinTask.doExec(ForkJoinTask.java:507)
	at java.base/java.util.concurrent.ForkJoinPool$WorkQueue.topLevelExec(ForkJoinPool.java:1450)
	at java.base/java.util.concurrent.ForkJoinPool.runWorker(ForkJoinPool.java:2019)
	at java.base/java.util.concurrent.ForkJoinWorkerThread.run(ForkJoinWorkerThread.java:187)
08:08:47.861 WARN  a.c.s.ShardRegion$HandOffStopper - sharded-daemon-process-eventSourcedProjection-passivation-race-entity-passivation-race-consumer-a: [1] of the entities in shard [0] not stopped after [750 milliseconds]. Maybe the handOffStopMessage [akka.projection.ProjectionBehavior$Stop$] is not handled? Waiting additional [250 milliseconds] before stopping the remaining entities.
08:08:47.861 WARN  a.c.s.ShardRegion$HandOffStopper - sharded-daemon-process-eventSourcedProjection-passivation-race-entity-passivation-race-view: [1] of the entities in shard [0] not stopped after [750 milliseconds]. Maybe the handOffStopMessage [akka.projection.ProjectionBehavior$Stop$] is not handled? Waiting additional [250 milliseconds] before stopping the remaining entities.
08:08:48.110 WARN  a.c.s.ShardRegion$HandOffStopper - sharded-daemon-process-eventSourcedProjection-passivation-race-entity-passivation-race-consumer-a: HandOffStopMessage [akka.projection.ProjectionBehavior$Stop$] is not handled by some of the entities in shard [0] after [1 second], stopping the remaining [1] entities.
08:08:48.110 WARN  a.c.s.ShardRegion$HandOffStopper - sharded-daemon-process-eventSourcedProjection-passivation-race-entity-passivation-race-view: HandOffStopMessage [akka.projection.ProjectionBehavior$Stop$] is not handled by some of the entities in shard [0] after [1 second], stopping the remaining [1] entities.
08:08:48.111 DEBUG akka.cluster.sharding.Shard - sharded-daemon-process-eventSourcedProjection-passivation-race-entity-passivation-race-view: Shard [0] shutting down
08:08:48.111 DEBUG a.c.sharding.DDataShardCoordinator - sharded-daemon-process-eventSourcedProjection-passivation-race-entity-passivation-race-view: Shard [0] deallocation completed successfully.
08:08:48.111 DEBUG akka.cluster.sharding.Shard - sharded-daemon-process-eventSourcedProjection-passivation-race-entity-passivation-race-consumer-a: Shard [0] shutting down
08:08:48.111 DEBUG a.c.sharding.DDataShardCoordinator - sharded-daemon-process-eventSourcedProjection-passivation-race-entity-passivation-race-consumer-a: Shard [0] deallocation completed successfully.
08:08:48.111 DEBUG akka.actor.CoordinatedShutdown - Performing phase [cluster-leave] with [1] tasks.
08:08:48.111 DEBUG akka.actor.CoordinatedShutdown - Performing task [leave] in CoordinatedShutdown phase [cluster-leave]
08:08:48.112 WARN  a.s.s.RestartWithBackoffSource - Restarting stream due to failure [1]: akka.projection.r2dbc.internal.R2dbcOffsetStore$AttemptToUseStoppedOffsetStore: eventSourcedProjection-passivation-race-entity-passivation-race-view [0-1023], correlation [42becc89-b8cf-4d4a-a5c3-2b4e1091f0f9]: R2dbcOffsetStore was stopped
08:08:48.112 WARN  a.s.s.RestartWithBackoffSource - Restarting stream due to failure [1]: akka.projection.r2dbc.internal.R2dbcOffsetStore$AttemptToUseStoppedOffsetStore: eventSourcedProjection-passivation-race-entity-passivation-race-consumer-a [0-1023], correlation [55c53dba-a741-4fd9-a394-db6d8e6832ec]: R2dbcOffsetStore was stopped
08:08:48.112 DEBUG a.c.sharding.DDataShardCoordinator - sharded-daemon-process-eventSourcedProjection-passivation-race-entity-passivation-race-view: The coordinator state was successfully updated with ShardHomeDeallocated(0)
08:08:48.112 DEBUG a.c.sharding.DDataShardCoordinator - sharded-daemon-process-eventSourcedProjection-passivation-race-entity-passivation-race-view: Shard [0] deallocated after
08:08:48.112 DEBUG a.c.sharding.DDataShardCoordinator - sharded-daemon-process-eventSourcedProjection-passivation-race-entity-passivation-race-view: ShardRegion terminated (gracefully): [Actor[akka://akka-runtime/system/sharding/sharded-daemon-process-eventSourcedProjection-passivation-race-entity-passivation-race-view#1221897471]] {}
08:08:48.112 DEBUG a.c.sharding.DDataShardCoordinator - sharded-daemon-process-eventSourcedProjection-passivation-race-entity-passivation-race-view: GetShardHome [0] request from [Actor[akka://local/ignore]] stashed, because waiting for initial state or update of state. It will be handled afterwards.
08:08:48.112 DEBUG a.c.sharding.DDataShardCoordinator - sharded-daemon-process-eventSourcedProjection-passivation-race-entity-passivation-race-consumer-a: The coordinator state was successfully updated with ShardHomeDeallocated(0)
08:08:48.112 DEBUG a.c.sharding.DDataShardCoordinator - sharded-daemon-process-eventSourcedProjection-passivation-race-entity-passivation-race-consumer-a: Shard [0] deallocated after
08:08:48.112 DEBUG a.c.sharding.DDataShardCoordinator - sharded-daemon-process-eventSourcedProjection-passivation-race-entity-passivation-race-consumer-a: ShardRegion terminated (gracefully): [Actor[akka://akka-runtime/system/sharding/sharded-daemon-process-eventSourcedProjection-passivation-race-entity-passivation-race-consumer-a#-1528810224]] {}
08:08:48.112 DEBUG a.c.sharding.DDataShardCoordinator - sharded-daemon-process-eventSourcedProjection-passivation-race-entity-passivation-race-consumer-a: GetShardHome [0] request from [Actor[akka://local/ignore]] stashed, because waiting for initial state or update of state. It will be handled afterwards.
08:08:48.112 DEBUG a.c.sharding.DDataShardCoordinator - sharded-daemon-process-eventSourcedProjection-passivation-race-entity-passivation-race-view: The coordinator state was successfully updated with ShardRegionTerminated(Actor[akka://akka-runtime/system/sharding/sharded-daemon-process-eventSourcedProjection-passivation-race-entity-passivation-race-view#1221897471])
08:08:48.112 DEBUG a.c.sharding.DDataShardCoordinator - sharded-daemon-process-eventSourcedProjection-passivation-race-entity-passivation-race-view: ShardRegion stopped: [Actor[akka://akka-runtime/system/sharding/sharded-daemon-process-eventSourcedProjection-passivation-race-entity-passivation-race-view#1221897471]]
08:08:48.112 DEBUG a.c.sharding.DDataShardCoordinator - sharded-daemon-process-eventSourcedProjection-passivation-race-entity-passivation-race-consumer-a: The coordinator state was successfully updated with ShardRegionTerminated(Actor[akka://akka-runtime/system/sharding/sharded-daemon-process-eventSourcedProjection-passivation-race-entity-passivation-race-consumer-a#-1528810224])
08:08:48.112 DEBUG a.c.sharding.DDataShardCoordinator - sharded-daemon-process-eventSourcedProjection-passivation-race-entity-passivation-race-consumer-a: ShardRegion stopped: [Actor[akka://akka-runtime/system/sharding/sharded-daemon-process-eventSourcedProjection-passivation-race-entity-passivation-race-consumer-a#-1528810224]]
08:08:48.112 DEBUG a.c.singleton.ClusterSingletonProxy - Creating singleton identification timer...
08:08:48.113 DEBUG a.c.singleton.ClusterSingletonProxy - Creating singleton identification timer...
08:08:48.113 DEBUG a.c.singleton.ClusterSingletonProxy - Creating singleton identification timer...
08:08:48.113 DEBUG a.c.singleton.ClusterSingletonProxy - Creating singleton identification timer...
08:08:48.113 DEBUG akka.actor.CoordinatedShutdown - Performing phase [cluster-exiting] with [28] tasks.
08:08:48.113 DEBUG akka.actor.CoordinatedShutdown - Performing task [singleton-exiting-1] in CoordinatedShutdown phase [cluster-exiting]
08:08:48.113 DEBUG akka.actor.CoordinatedShutdown - Performing task [wait-singleton-exiting] in CoordinatedShutdown phase [cluster-exiting]
08:08:48.113 DEBUG akka.actor.CoordinatedShutdown - Performing task [singleton-exiting-1] in CoordinatedShutdown phase [cluster-exiting]
08:08:48.113 DEBUG akka.actor.CoordinatedShutdown - Performing task [singleton-exiting-1] in CoordinatedShutdown phase [cluster-exiting]
08:08:48.113 DEBUG akka.actor.CoordinatedShutdown - Performing task [singleton-exiting-1] in CoordinatedShutdown phase [cluster-exiting]
08:08:48.113 DEBUG akka.actor.CoordinatedShutdown - Performing task [singleton-exiting-1] in CoordinatedShutdown phase [cluster-exiting]
08:08:48.113 DEBUG akka.actor.CoordinatedShutdown - Performing task [singleton-exiting-2] in CoordinatedShutdown phase [cluster-exiting]
08:08:48.113 DEBUG akka.actor.CoordinatedShutdown - Performing task [singleton-exiting-2] in CoordinatedShutdown phase [cluster-exiting]
08:08:48.113 DEBUG akka.actor.CoordinatedShutdown - Performing task [singleton-exiting-1] in CoordinatedShutdown phase [cluster-exiting]
08:08:48.113 DEBUG akka.actor.CoordinatedShutdown - Performing task [singleton-exiting-2] in CoordinatedShutdown phase [cluster-exiting]
08:08:48.113 DEBUG akka.actor.CoordinatedShutdown - Performing task [singleton-exiting-2] in CoordinatedShutdown phase [cluster-exiting]
08:08:48.113 DEBUG akka.actor.CoordinatedShutdown - Performing task [wait-singleton-exiting] in CoordinatedShutdown phase [cluster-exiting]
08:08:48.113 DEBUG akka.actor.CoordinatedShutdown - Performing task [singleton-exiting-1] in CoordinatedShutdown phase [cluster-exiting]
08:08:48.113 DEBUG akka.actor.CoordinatedShutdown - Performing task [wait-singleton-exiting] in CoordinatedShutdown phase [cluster-exiting]
08:08:48.113 DEBUG akka.actor.CoordinatedShutdown - Performing task [singleton-exiting-2] in CoordinatedShutdown phase [cluster-exiting]
08:08:48.113 DEBUG akka.actor.CoordinatedShutdown - Performing task [wait-singleton-exiting] in CoordinatedShutdown phase [cluster-exiting]
08:08:48.113 DEBUG akka.actor.CoordinatedShutdown - Performing task [singleton-exiting-2] in CoordinatedShutdown phase [cluster-exiting]
08:08:48.113 DEBUG akka.actor.CoordinatedShutdown - Performing task [singleton-exiting-2] in CoordinatedShutdown phase [cluster-exiting]
08:08:48.113 INFO  a.c.s.ClusterSingletonManager - Oldest observed OldestChanged: [akka://akka-runtime@127.0.0.1:63364 -> None]
08:08:48.113 DEBUG akka.actor.CoordinatedShutdown - Performing task [singleton-exiting-2] in CoordinatedShutdown phase [cluster-exiting]
08:08:48.113 DEBUG akka.actor.CoordinatedShutdown - Performing task [wait-exiting] in CoordinatedShutdown phase [cluster-exiting]
08:08:48.113 DEBUG akka.actor.CoordinatedShutdown - Performing task [singleton-exiting-2] in CoordinatedShutdown phase [cluster-exiting]
08:08:48.113 DEBUG akka.actor.CoordinatedShutdown - Performing task [singleton-exiting-1] in CoordinatedShutdown phase [cluster-exiting]
08:08:48.113 DEBUG akka.actor.CoordinatedShutdown - Performing task [wait-singleton-exiting] in CoordinatedShutdown phase [cluster-exiting]
08:08:48.113 INFO  a.c.s.ClusterSingletonManager - ClusterSingletonManager state change [Oldest -> WasOldest]
08:08:48.113 DEBUG akka.actor.CoordinatedShutdown - Performing task [wait-singleton-exiting] in CoordinatedShutdown phase [cluster-exiting]
08:08:48.113 DEBUG akka.actor.CoordinatedShutdown - Performing task [singleton-exiting-1] in CoordinatedShutdown phase [cluster-exiting]
08:08:48.113 DEBUG akka.actor.CoordinatedShutdown - Performing task [wait-singleton-exiting] in CoordinatedShutdown phase [cluster-exiting]
08:08:48.113 DEBUG akka.actor.CoordinatedShutdown - Performing task [wait-singleton-exiting] in CoordinatedShutdown phase [cluster-exiting]
08:08:48.113 DEBUG akka.actor.CoordinatedShutdown - Performing task [wait-singleton-exiting] in CoordinatedShutdown phase [cluster-exiting]
08:08:48.113 INFO  a.c.s.ClusterSingletonManager - Exited [akka://akka-runtime@127.0.0.1:63364].
08:08:48.113 INFO  a.c.s.ClusterSingletonManager - Singleton manager stopping singleton actor [akka://akka-runtime/system/singletonManagerShardedDaemonProcessCoordinator-eventSourcedProjection-passivation-race-entity-passivation-race-consumer-a/ShardedDaemonProcessCoordinator-eventSourcedProjection-passivation-race-entity-passivation-race-consumer-a]
08:08:48.113 INFO  a.c.s.ClusterSingletonManager - ClusterSingletonManager state change [WasOldest -> Stopping]
08:08:48.113 INFO  a.c.s.ClusterSingletonManager - Exited [akka://akka-runtime@127.0.0.1:63364].
08:08:48.113 INFO  a.c.s.ClusterSingletonManager - Exited [akka://akka-runtime@127.0.0.1:63364].
08:08:48.113 INFO  a.c.s.ClusterSingletonManager - Exited [akka://akka-runtime@127.0.0.1:63364].
08:08:48.113 INFO  a.c.s.ClusterSingletonManager - Oldest observed OldestChanged: [akka://akka-runtime@127.0.0.1:63364 -> None]
08:08:48.113 INFO  a.c.s.ClusterSingletonManager - Oldest observed OldestChanged: [akka://akka-runtime@127.0.0.1:63364 -> None]
08:08:48.113 INFO  a.c.s.ClusterSingletonManager - ClusterSingletonManager state change [Oldest -> WasOldest]
08:08:48.113 INFO  a.c.s.ClusterSingletonManager - ClusterSingletonManager state change [Oldest -> WasOldest]
08:08:48.113 INFO  a.c.s.ClusterSingletonManager - Exited [akka://akka-runtime@127.0.0.1:63364].
08:08:48.113 INFO  a.c.s.ClusterSingletonManager - Singleton actor [akka://akka-runtime/system/singletonManagerShardedDaemonProcessCoordinator-eventSourcedProjection-passivation-race-entity-passivation-race-consumer-a/ShardedDaemonProcessCoordinator-eventSourcedProjection-passivation-race-entity-passivation-race-consumer-a] was terminated
08:08:48.113 INFO  a.c.s.ClusterSingletonManager - Oldest observed OldestChanged: [akka://akka-runtime@127.0.0.1:63364 -> None]
08:08:48.113 INFO  a.c.s.ClusterSingletonManager - ClusterSingletonManager state change [Oldest -> WasOldest]
08:08:48.113 INFO  a.c.s.ClusterSingletonManager - Exited [akka://akka-runtime@127.0.0.1:63364].
08:08:48.113 INFO  a.c.s.ClusterSingletonManager - Exited [akka://akka-runtime@127.0.0.1:63364].
08:08:48.113 INFO  a.c.s.ClusterSingletonManager - Oldest observed OldestChanged: [akka://akka-runtime@127.0.0.1:63364 -> None]
08:08:48.113 INFO  a.c.s.ClusterSingletonManager - Singleton manager stopping singleton actor [akka://akka-runtime/system/singletonManagerShardedDaemonProcessCoordinator-eventSourcedProjection-passivation-race-entity-passivation-race-consumer-b/ShardedDaemonProcessCoordinator-eventSourcedProjection-passivation-race-entity-passivation-race-consumer-b]
08:08:48.113 INFO  a.c.s.ClusterSingletonManager - ClusterSingletonManager state change [WasOldest -> Stopping]
08:08:48.113 INFO  a.c.s.ClusterSingletonManager - ClusterSingletonManager state change [Oldest -> WasOldest]
08:08:48.113 INFO  a.c.s.ClusterSingletonManager - Exited [akka://akka-runtime@127.0.0.1:63364].
08:08:48.113 INFO  a.c.s.ClusterSingletonManager - Oldest observed OldestChanged: [akka://akka-runtime@127.0.0.1:63364 -> None]
08:08:48.113 INFO  a.c.s.ClusterSingletonManager - ClusterSingletonManager state change [Oldest -> WasOldest]
08:08:48.113 INFO  a.c.s.ClusterSingletonManager - Exited [akka://akka-runtime@127.0.0.1:63364].
08:08:48.113 INFO  a.c.s.ClusterSingletonManager - Oldest observed OldestChanged: [akka://akka-runtime@127.0.0.1:63364 -> None]
08:08:48.113 INFO  a.c.s.ClusterSingletonManager - ClusterSingletonManager state change [Oldest -> WasOldest]
08:08:48.113 INFO  a.c.s.ClusterSingletonManager - Oldest observed OldestChanged: [akka://akka-runtime@127.0.0.1:63364 -> None]
08:08:48.113 INFO  a.c.s.ClusterSingletonManager - ClusterSingletonManager state change [Oldest -> WasOldest]
08:08:48.113 INFO  a.c.s.ClusterSingletonManager - Oldest observed OldestChanged: [akka://akka-runtime@127.0.0.1:63364 -> None]
08:08:48.113 INFO  a.c.s.ClusterSingletonManager - ClusterSingletonManager state change [Oldest -> WasOldest]
08:08:48.113 INFO  a.c.s.ClusterSingletonManager - Singleton actor [akka://akka-runtime/system/singletonManagerShardedDaemonProcessCoordinator-eventSourcedProjection-passivation-race-entity-passivation-race-consumer-b/ShardedDaemonProcessCoordinator-eventSourcedProjection-passivation-race-entity-passivation-race-consumer-b] was terminated
08:08:48.113 INFO  a.c.s.ClusterSingletonManager - Singleton manager stopping singleton actor [akka://akka-runtime/system/singletonManagerShardedDaemonProcessCoordinator-eventSourcedProjection-passivation-race-entity-passivation-race-view/ShardedDaemonProcessCoordinator-eventSourcedProjection-passivation-race-entity-passivation-race-view]
08:08:48.113 INFO  a.c.s.ClusterSingletonManager - ClusterSingletonManager state change [WasOldest -> Stopping]
08:08:48.113 INFO  a.c.s.ClusterSingletonManager - Singleton manager stopping singleton actor [akka://akka-runtime/system/sharding/sharded-daemon-process-eventSourcedProjection-passivation-race-entity-passivation-race-viewCoordinator/singleton]
08:08:48.113 INFO  a.c.s.ClusterSingletonManager - ClusterSingletonManager state change [WasOldest -> Stopping]
08:08:48.113 INFO  a.c.s.ClusterSingletonManager - Singleton manager stopping singleton actor [akka://akka-runtime/system/sharding/sharded-daemon-process-eventSourcedProjection-passivation-race-entity-passivation-race-consumer-bCoordinator/singleton]
08:08:48.113 INFO  a.c.s.ClusterSingletonManager - ClusterSingletonManager state change [WasOldest -> Stopping]
08:08:48.114 INFO  a.c.s.ClusterSingletonManager - Singleton manager stopping singleton actor [akka://akka-runtime/system/singletonManagerschemaSingleton/schemaSingleton]
08:08:48.114 INFO  a.c.s.ClusterSingletonManager - ClusterSingletonManager state change [WasOldest -> Stopping]
08:08:48.114 INFO  a.c.s.ClusterSingletonManager - Singleton manager stopping singleton actor [akka://akka-runtime/system/sharding/passivation-race-entityCoordinator/singleton]
08:08:48.114 INFO  a.c.s.ClusterSingletonManager - ClusterSingletonManager state change [WasOldest -> Stopping]
08:08:48.114 DEBUG a.c.sharding.DDataShardCoordinator - sharded-daemon-process-eventSourcedProjection-passivation-race-entity-passivation-race-view: Received termination message.
08:08:48.114 DEBUG a.c.sharding.DDataShardCoordinator - sharded-daemon-process-eventSourcedProjection-passivation-race-entity-passivation-race-consumer-b: Received termination message.
08:08:48.114 INFO  a.c.s.ClusterSingletonManager - Singleton actor [akka://akka-runtime/system/sharding/sharded-daemon-process-eventSourcedProjection-passivation-race-entity-passivation-race-viewCoordinator/singleton] was terminated
08:08:48.114 INFO  a.c.s.ClusterSingletonManager - Singleton actor [akka://akka-runtime/system/singletonManagerschemaSingleton/schemaSingleton] was terminated
08:08:48.114 DEBUG a.c.sharding.DDataShardCoordinator - passivation-race-entity: Received termination message.
08:08:48.114 INFO  a.c.s.ClusterSingletonManager - Singleton actor [akka://akka-runtime/system/sharding/passivation-race-entityCoordinator/singleton] was terminated
08:08:48.114 INFO  a.c.s.ClusterSingletonManager - Singleton manager stopping singleton actor [akka://akka-runtime/system/sharding/sharded-daemon-process-eventSourcedProjection-passivation-race-entity-passivation-race-consumer-aCoordinator/singleton]
08:08:48.114 INFO  a.c.s.ClusterSingletonManager - ClusterSingletonManager state change [WasOldest -> Stopping]
08:08:48.114 DEBUG a.c.sharding.DDataShardCoordinator - sharded-daemon-process-eventSourcedProjection-passivation-race-entity-passivation-race-consumer-a: Received termination message.
08:08:48.114 INFO  a.c.s.ClusterSingletonManager - Singleton actor [akka://akka-runtime/system/sharding/sharded-daemon-process-eventSourcedProjection-passivation-race-entity-passivation-race-consumer-aCoordinator/singleton] was terminated
08:08:48.114 INFO  a.c.s.ClusterSingletonManager - Singleton actor [akka://akka-runtime/system/sharding/sharded-daemon-process-eventSourcedProjection-passivation-race-entity-passivation-race-consumer-bCoordinator/singleton] was terminated
08:08:48.114 INFO  a.c.s.ClusterSingletonManager - Singleton manager stopping singleton actor [akka://akka-runtime/system/sharding/_timerCoordinator/singleton]
08:08:48.114 INFO  a.c.s.ClusterSingletonManager - ClusterSingletonManager state change [WasOldest -> Stopping]
08:08:48.114 INFO  a.c.s.ClusterSingletonManager - Singleton actor [akka://akka-runtime/system/singletonManagerShardedDaemonProcessCoordinator-eventSourcedProjection-passivation-race-entity-passivation-race-view/ShardedDaemonProcessCoordinator-eventSourcedProjection-passivation-race-entity-passivation-race-view] was terminated
08:08:48.114 DEBUG a.c.sharding.DDataShardCoordinator - _timer: Received termination message.
08:08:48.114 INFO  a.c.s.ClusterSingletonManager - Singleton actor [akka://akka-runtime/system/sharding/_timerCoordinator/singleton] was terminated
08:08:48.115 DEBUG akka.actor.CoordinatedShutdown - Performing phase [cluster-exiting-done] with [1] tasks.
08:08:48.115 DEBUG akka.actor.CoordinatedShutdown - Performing task [exiting-completed] in CoordinatedShutdown phase [cluster-exiting-done]
08:08:48.115 DEBUG akka.actor.CoordinatedShutdown - Performing phase [cluster-shutdown] with [1] tasks.
08:08:48.115 DEBUG akka.actor.CoordinatedShutdown - Performing task [wait-shutdown] in CoordinatedShutdown phase [cluster-shutdown]
08:08:48.116 DEBUG akka.actor.CoordinatedShutdown - Performing phase [before-actor-system-terminate] with [2] tasks.
08:08:48.116 DEBUG akka.actor.CoordinatedShutdown - Performing task [close connection pools] in CoordinatedShutdown phase [before-actor-system-terminate]
08:08:48.116 DEBUG akka.actor.CoordinatedShutdown - Performing task [close-grpc-channels] in CoordinatedShutdown phase [before-actor-system-terminate]
08:08:48.117 DEBUG akka.actor.CoordinatedShutdown - Performing phase [actor-system-terminate] with [1] tasks.
08:08:48.117 DEBUG akka.actor.CoordinatedShutdown - Performing task [terminate-system] in CoordinatedShutdown phase [actor-system-terminate]
=== BootstrapWorkTimingTest [burst from onStartup()]: 15 cycles ===
start() ms per cycle: [1643, 259, 225, 192, 228, 193, 192, 196, 189, 199, 187, 176, 175, 174, 167]  sum=4395 min=167 max=1643 mean=293
stop() ms per cycle: [1138, 1256, 1256, 1257, 1254, 1255, 1237, 1238, 257, 228, 248, 1248, 249, 1246, 1248]  sum=14615 min=228 max=1257 mean=974
[INFO] Tests run: 1, Failures: 0, Errors: 0, Skipped: 0, Time elapsed: 19.148 s - in repro.BootstrapWorkTimingTest
[INFO] 
[INFO] Results:
[INFO] 
[INFO] Tests run: 1, Failures: 0, Errors: 0, Skipped: 0
[INFO] 
[INFO] ------------------------------------------------------------------------
[INFO] BUILD SUCCESS
[INFO] ------------------------------------------------------------------------
[INFO] Total time:  21.499 s
[INFO] Finished at: 2026-09-23T08:08:48+10:00
[INFO] ------------------------------------------------------------------------
