[INFO] Scanning for projects...
[INFO] ------------------------------------------------------------------------
[INFO] Detecting the operating system and CPU architecture
[INFO] ------------------------------------------------------------------------
[INFO] os.detected.name: osx
[INFO] os.detected.arch: aarch_64
[INFO] os.detected.bitness: 64
[INFO] os.detected.version: 27.0
[INFO] os.detected.version.major: 27
[INFO] os.detected.version.minor: 0
[INFO] os.detected.classifier: osx-aarch_64
[INFO] 
[INFO] ---------------< io.akka.repro:akka-testkit-race-repro >----------------
[INFO] Building akka-testkit-race-repro 0.1.0-SNAPSHOT
[INFO]   from pom.xml
[INFO] --------------------------------[ jar ]---------------------------------
[INFO] 
[INFO] --- enforcer:3.5.0:enforce (enforce-build-rules) @ akka-testkit-race-repro ---
[INFO] No dependency conflicts with Akka runtime detected.
[INFO] Rule 0: akka.javasdk.enforcer.AkkaRuntimeDependencyRule(akkaRuntimeDependencyCheck) passed
[INFO] Rule 1: org.apache.maven.enforcer.rules.version.RequireMavenVersion passed
[INFO] Rule 2: org.apache.maven.enforcer.rules.version.RequireJavaVersion passed
[INFO] 
[INFO] --- antrun:3.1.0:run (clean-on-missing-descriptor) @ akka-testkit-race-repro ---
[INFO] Executing tasks
[INFO] Executed tasks
[INFO] 
[INFO] --- build-helper:3.2.0:add-source (add-java-source) @ akka-testkit-race-repro ---
[INFO] Source directory: /Users/jz/code/akka-testkit-race-repro/target/generated-sources/akka-grpc-java added.
[INFO] 
[INFO] --- resources:3.4.0:resources (default-resources) @ akka-testkit-race-repro ---
[INFO] Copying 1 resource from src/main/resources to target/classes
[INFO] 
[INFO] --- compiler:3.13.0:compile (default-compile) @ akka-testkit-race-repro ---
[INFO] Nothing to compile - all classes are up to date.
[INFO] 
[INFO] --- build-helper:3.2.0:add-test-source (add-integration-test-source) @ akka-testkit-race-repro ---
[INFO] Test Source directory: /Users/jz/code/akka-testkit-race-repro/src/it/java added.
[INFO] 
[INFO] --- build-helper:3.2.0:add-test-resource (add-integration-test-resource) @ akka-testkit-race-repro ---
[INFO] 
[INFO] --- resources:3.4.0:testResources (default-testResources) @ akka-testkit-race-repro ---
[INFO] Copying 2 resources from src/test/resources to target/test-classes
[INFO] skip non existing resourceDirectory /Users/jz/code/akka-testkit-race-repro/src/it/resources
[INFO] 
[INFO] --- compiler:3.13.0:testCompile (default-testCompile) @ akka-testkit-race-repro ---
[INFO] Nothing to compile - all classes are up to date.
[INFO] 
[INFO] --- surefire:2.22.2:test (default-test) @ akka-testkit-race-repro ---
[WARNING] The system property akka.javasdk.dev-mode.project-artifact-id is configured twice! The property appears in <argLine/> and any of <systemPropertyVariables/>, <systemProperties/> or user property.
[WARNING] The system property logback.configurationFile is configured twice! The property appears in <argLine/> and any of <systemPropertyVariables/>, <systemProperties/> or user property.
[INFO] 
[INFO] -------------------------------------------------------
[INFO]  T E S T S
[INFO] -------------------------------------------------------
[INFO] Running repro.BootstrapWorkTimingTest
08:06:12.309 INFO  akka.runtime.AkkaRuntimeMain - Starting Akka Runtime version [1.6.15]
08:06:12.528 INFO  akka.javasdk.impl.ComponentLocator$ - Looking for component descriptors matching pattern [META-INF/akka-javasdk-components_*.conf]
08:06:12.585 INFO  akka.javasdk.testkit.TestKit - Eventing TestKit booting up on port: 63076
08:06:12.640 DEBUG a.c.singleton.ClusterSingletonProxy - Creating singleton identification timer...
08:06:12.641 DEBUG a.c.singleton.ClusterSingletonProxy - Trying to identify singleton at [akka://akka-runtime@127.0.0.1:63077/system/singletonManagerschemaSingleton/schemaSingleton]
08:06:12.645 DEBUG a.c.singleton.ClusterSingletonProxy - Singleton not available, buffering message type [kalix.runtime.SchemaSingleton$ExecDdl]
08:06:12.651 INFO  a.c.s.ClusterSingletonManager - Singleton manager starting singleton actor [akka://akka-runtime/system/singletonManagerschemaSingleton/schemaSingleton]
08:06:12.651 INFO  a.c.s.ClusterSingletonManager - ClusterSingletonManager state change [Start -> Oldest]
08:06:12.710 DEBUG a.c.singleton.ClusterSingletonProxy - Trying to identify singleton at [akka://akka-runtime@127.0.0.1:63077/system/singletonManagerschemaSingleton/schemaSingleton]
08:06:12.710 INFO  a.c.singleton.ClusterSingletonProxy - Singleton identified at [akka://akka-runtime/system/singletonManagerschemaSingleton/schemaSingleton]
08:06:12.710 DEBUG a.c.singleton.ClusterSingletonProxy - Sending buffered messages to current singleton instance
08:06:12.714 INFO  akka.javasdk.testkit.TestKit - Checking runtime status
08:06:12.795 INFO  a.c.s.typed.scaladsl.ClusterSharding - Starting Shard Region [passivation-race-entity]...
08:06:12.804 INFO  a.c.s.ClusterSingletonManager - Singleton manager starting singleton actor [akka://akka-runtime/system/sharding/passivation-race-entityCoordinator/singleton]
08:06:12.804 INFO  a.c.s.ClusterSingletonManager - ClusterSingletonManager state change [Start -> Oldest]
08:06:12.810 DEBUG a.c.sharding.DDataShardCoordinator - passivation-race-entity: Initial coordinator is empty.
08:06:12.810 INFO  akka.cluster.sharding.ShardRegion - passivation-race-entity: Automatic entity passivation: composite strategy with limit of [10000] active entities, admission window (least recently used entities) with proportions [initial = 0.01, min = 0.01, max = 1.0] adapting with hill-climbing optimizer [adjust multiplier = 10.0, initial step = 0.0625, restart threshold = 0.05, step decay = 0.98], admit using frequency sketch [width multiplier = 4, reset multiplier = 10.0, depth = 4, counter bits = 4], main (least recently used entities (segmented with [2] levels with proportions of [0.20, 0.80]))
08:06:12.812 INFO  a.c.sharding.DDataShardCoordinator - passivation-race-entity: ShardCoordinator was moved to the active state with [0] shards
08:06:12.812 DEBUG a.c.sharding.DDataShardCoordinator - passivation-race-entity: ShardRegion registered: [Actor[akka://akka-runtime/system/sharding/passivation-race-entity#-1678555484]]
08:06:12.814 DEBUG a.c.sharding.DDataShardCoordinator - passivation-race-entity: The coordinator state was successfully updated with ShardRegionRegistered(Actor[akka://akka-runtime/system/sharding/passivation-race-entity#-1678555484])
08:06:12.864 DEBUG a.c.singleton.ClusterSingletonProxy - Forwarding message of type [SchemaSingleton$ExecDdl] to current singleton instance at [akka://akka-runtime/system/singletonManagerschemaSingleton/schemaSingleton]
08:06:12.869 INFO  akka.runtime.DiscoveryManager - Service components: EventSourcedEntity: [1], Consumer: [2], View: [1]
08:06:12.939 INFO  a.c.s.typed.scaladsl.ClusterSharding - Starting Shard Region [_timer]...
08:06:12.940 INFO  a.c.s.ClusterSingletonManager - Singleton manager starting singleton actor [akka://akka-runtime/system/sharding/_timerCoordinator/singleton]
08:06:12.940 INFO  a.c.s.ClusterSingletonManager - ClusterSingletonManager state change [Start -> Oldest]
08:06:12.941 DEBUG a.c.sharding.DDataShardCoordinator - _timer: Starting remember entities store from provider akka.cluster.sharding.internal.DDataRememberEntitiesProvider@42884bd2
08:06:12.942 DEBUG a.c.sharding.DDataShardCoordinator - _timer: Initial coordinator is empty.
08:06:12.942 INFO  a.c.sharding.DDataShardCoordinator - _timer: ShardCoordinator was moved to the active state with [0] shards
08:06:12.943 DEBUG a.c.sharding.DDataShardCoordinator - _timer: Received [0] remembered shard ids (after state initialized)
08:06:12.945 INFO  a.c.s.typed.scaladsl.ClusterSharding - Starting Shard Region [sharded-daemon-process-eventSourcedProjection-passivation-race-entity-passivation-race-consumer-a]...
08:06:12.946 INFO  akka.cluster.sharding.ShardRegion - sharded-daemon-process-eventSourcedProjection-passivation-race-entity-passivation-race-consumer-a: Automatic entity passivation: disabled
08:06:12.947 DEBUG a.c.singleton.ClusterSingletonProxy - Creating singleton identification timer...
08:06:12.948 DEBUG a.c.singleton.ClusterSingletonProxy - Trying to identify singleton at [akka://akka-runtime@127.0.0.1:63077/system/singletonManagerShardedDaemonProcessCoordinator-eventSourcedProjection-passivation-race-entity-passivation-race-consumer-a/ShardedDaemonProcessCoordinator-eventSourcedProjection-passivation-race-entity-passivation-race-consumer-a]
08:06:12.948 INFO  a.c.s.typed.scaladsl.ClusterSharding - Starting Shard Region [sharded-daemon-process-eventSourcedProjection-passivation-race-entity-passivation-race-consumer-b]...
08:06:12.948 INFO  a.c.s.ClusterSingletonManager - Singleton manager starting singleton actor [akka://akka-runtime/system/sharding/sharded-daemon-process-eventSourcedProjection-passivation-race-entity-passivation-race-consumer-aCoordinator/singleton]
08:06:12.948 INFO  a.c.s.ClusterSingletonManager - ClusterSingletonManager state change [Start -> Oldest]
08:06:12.948 INFO  akka.cluster.sharding.ShardRegion - sharded-daemon-process-eventSourcedProjection-passivation-race-entity-passivation-race-consumer-b: Automatic entity passivation: disabled
08:06:12.948 DEBUG a.c.sharding.DDataShardCoordinator - sharded-daemon-process-eventSourcedProjection-passivation-race-entity-passivation-race-consumer-a: Initial coordinator is empty.
08:06:12.948 INFO  a.c.sharding.DDataShardCoordinator - sharded-daemon-process-eventSourcedProjection-passivation-race-entity-passivation-race-consumer-a: ShardCoordinator was moved to the active state with [0] shards
08:06:12.949 INFO  a.c.s.ClusterSingletonManager - Singleton manager starting singleton actor [akka://akka-runtime/system/singletonManagerShardedDaemonProcessCoordinator-eventSourcedProjection-passivation-race-entity-passivation-race-consumer-a/ShardedDaemonProcessCoordinator-eventSourcedProjection-passivation-race-entity-passivation-race-consumer-a]
08:06:12.949 INFO  a.c.s.ClusterSingletonManager - ClusterSingletonManager state change [Start -> Oldest]
08:06:12.949 DEBUG a.c.singleton.ClusterSingletonProxy - Creating singleton identification timer...
08:06:12.949 DEBUG a.c.singleton.ClusterSingletonProxy - Trying to identify singleton at [akka://akka-runtime@127.0.0.1:63077/system/singletonManagerShardedDaemonProcessCoordinator-eventSourcedProjection-passivation-race-entity-passivation-race-consumer-b/ShardedDaemonProcessCoordinator-eventSourcedProjection-passivation-race-entity-passivation-race-consumer-b]
08:06:12.950 INFO  a.c.s.typed.scaladsl.ClusterSharding - Starting Shard Region [sharded-daemon-process-eventSourcedProjection-passivation-race-entity-passivation-race-view]...
08:06:12.950 INFO  a.c.s.ClusterSingletonManager - Singleton manager starting singleton actor [akka://akka-runtime/system/sharding/sharded-daemon-process-eventSourcedProjection-passivation-race-entity-passivation-race-consumer-bCoordinator/singleton]
08:06:12.950 INFO  a.c.s.ClusterSingletonManager - ClusterSingletonManager state change [Start -> Oldest]
08:06:12.950 INFO  a.c.s.ClusterSingletonManager - Singleton manager starting singleton actor [akka://akka-runtime/system/singletonManagerShardedDaemonProcessCoordinator-eventSourcedProjection-passivation-race-entity-passivation-race-consumer-b/ShardedDaemonProcessCoordinator-eventSourcedProjection-passivation-race-entity-passivation-race-consumer-b]
08:06:12.950 DEBUG a.c.s.t.i.ShardedDaemonProcessCoordinator$ - ShardedDaemonProcessCoordinator for [eventSourcedProjection-passivation-race-entity-passivation-race-consumer-a] starting
08:06:12.951 INFO  a.c.s.ClusterSingletonManager - ClusterSingletonManager state change [Start -> Oldest]
08:06:12.951 DEBUG a.c.s.t.i.ShardedDaemonProcessCoordinator$ - ShardedDaemonProcessCoordinator for [eventSourcedProjection-passivation-race-entity-passivation-race-consumer-b] starting
08:06:12.951 INFO  akka.cluster.sharding.ShardRegion - sharded-daemon-process-eventSourcedProjection-passivation-race-entity-passivation-race-view: Automatic entity passivation: disabled
08:06:12.951 DEBUG a.c.sharding.DDataShardCoordinator - sharded-daemon-process-eventSourcedProjection-passivation-race-entity-passivation-race-consumer-b: Initial coordinator is empty.
08:06:12.951 INFO  a.c.sharding.DDataShardCoordinator - sharded-daemon-process-eventSourcedProjection-passivation-race-entity-passivation-race-consumer-b: ShardCoordinator was moved to the active state with [0] shards
08:06:12.953 DEBUG a.c.singleton.ClusterSingletonProxy - Creating singleton identification timer...
08:06:12.953 DEBUG a.c.singleton.ClusterSingletonProxy - Trying to identify singleton at [akka://akka-runtime@127.0.0.1:63077/system/singletonManagerShardedDaemonProcessCoordinator-eventSourcedProjection-passivation-race-entity-passivation-race-view/ShardedDaemonProcessCoordinator-eventSourcedProjection-passivation-race-entity-passivation-race-view]
08:06:12.953 INFO  a.c.s.ClusterSingletonManager - Singleton manager starting singleton actor [akka://akka-runtime/system/sharding/sharded-daemon-process-eventSourcedProjection-passivation-race-entity-passivation-race-viewCoordinator/singleton]
08:06:12.953 INFO  a.c.s.ClusterSingletonManager - ClusterSingletonManager state change [Start -> Oldest]
08:06:12.953 DEBUG a.c.s.t.i.ShardedDaemonProcessCoordinator$ - eventSourcedProjection-passivation-race-entity-passivation-race-consumer-a: No previous state stored for Sharded Daemon Process
08:06:12.954 DEBUG a.c.s.t.i.ShardedDaemonProcessCoordinator$ - eventSourcedProjection-passivation-race-entity-passivation-race-consumer-b: No previous state stored for Sharded Daemon Process
08:06:12.954 INFO  a.c.s.ClusterSingletonManager - Singleton manager starting singleton actor [akka://akka-runtime/system/singletonManagerShardedDaemonProcessCoordinator-eventSourcedProjection-passivation-race-entity-passivation-race-view/ShardedDaemonProcessCoordinator-eventSourcedProjection-passivation-race-entity-passivation-race-view]
08:06:12.954 INFO  a.c.s.ClusterSingletonManager - ClusterSingletonManager state change [Start -> Oldest]
08:06:12.954 DEBUG a.c.sharding.DDataShardCoordinator - sharded-daemon-process-eventSourcedProjection-passivation-race-entity-passivation-race-view: Initial coordinator is empty.
08:06:12.954 INFO  a.c.sharding.DDataShardCoordinator - sharded-daemon-process-eventSourcedProjection-passivation-race-entity-passivation-race-view: ShardCoordinator was moved to the active state with [0] shards
08:06:12.954 DEBUG a.c.s.t.i.ShardedDaemonProcessCoordinator$ - ShardedDaemonProcessCoordinator for [eventSourcedProjection-passivation-race-entity-passivation-race-view] starting
08:06:12.954 DEBUG a.c.s.t.i.ShardedDaemonProcessCoordinator$ - eventSourcedProjection-passivation-race-entity-passivation-race-view: No previous state stored for Sharded Daemon Process
08:06:12.957 DEBUG a.c.s.t.i.ShardedDaemonProcessCoordinator$ - Sending periodic keep alive for Sharded Daemon Process [eventSourcedProjection-passivation-race-entity-passivation-race-view] to [1] processes (revision [0]).
08:06:12.957 DEBUG a.c.s.t.i.ShardedDaemonProcessCoordinator$ - Sending periodic keep alive for Sharded Daemon Process [eventSourcedProjection-passivation-race-entity-passivation-race-consumer-a] to [1] processes (revision [0]).
08:06:12.957 DEBUG a.c.s.t.i.ShardedDaemonProcessCoordinator$ - Sending periodic keep alive for Sharded Daemon Process [eventSourcedProjection-passivation-race-entity-passivation-race-consumer-b] to [1] processes (revision [0]).
08:06:13.005 INFO  akka.runtime.DiscoveryManager - Akka Runtime started at 127.0.0.1:63075
08:06:13.005 INFO  repro.Bootstrap - onStartup burst of 8 starting
08:06:13.010 DEBUG a.c.singleton.ClusterSingletonProxy - Trying to identify singleton at [akka://akka-runtime@127.0.0.1:63077/system/singletonManagerShardedDaemonProcessCoordinator-eventSourcedProjection-passivation-race-entity-passivation-race-consumer-a/ShardedDaemonProcessCoordinator-eventSourcedProjection-passivation-race-entity-passivation-race-consumer-a]
08:06:13.010 DEBUG a.c.singleton.ClusterSingletonProxy - Trying to identify singleton at [akka://akka-runtime@127.0.0.1:63077/system/singletonManagerShardedDaemonProcessCoordinator-eventSourcedProjection-passivation-race-entity-passivation-race-consumer-b/ShardedDaemonProcessCoordinator-eventSourcedProjection-passivation-race-entity-passivation-race-consumer-b]
08:06:13.010 INFO  a.c.singleton.ClusterSingletonProxy - Singleton identified at [akka://akka-runtime/system/singletonManagerShardedDaemonProcessCoordinator-eventSourcedProjection-passivation-race-entity-passivation-race-consumer-a/ShardedDaemonProcessCoordinator-eventSourcedProjection-passivation-race-entity-passivation-race-consumer-a]
08:06:13.010 INFO  a.c.singleton.ClusterSingletonProxy - Singleton identified at [akka://akka-runtime/system/singletonManagerShardedDaemonProcessCoordinator-eventSourcedProjection-passivation-race-entity-passivation-race-consumer-b/ShardedDaemonProcessCoordinator-eventSourcedProjection-passivation-race-entity-passivation-race-consumer-b]
08:06:13.010 DEBUG a.c.singleton.ClusterSingletonProxy - Sending buffered messages to current singleton instance
08:06:13.010 DEBUG a.c.singleton.ClusterSingletonProxy - Sending buffered messages to current singleton instance
08:06:13.019 DEBUG a.c.singleton.ClusterSingletonProxy - Trying to identify singleton at [akka://akka-runtime@127.0.0.1:63077/system/singletonManagerShardedDaemonProcessCoordinator-eventSourcedProjection-passivation-race-entity-passivation-race-view/ShardedDaemonProcessCoordinator-eventSourcedProjection-passivation-race-entity-passivation-race-view]
08:06:13.019 INFO  a.c.singleton.ClusterSingletonProxy - Singleton identified at [akka://akka-runtime/system/singletonManagerShardedDaemonProcessCoordinator-eventSourcedProjection-passivation-race-entity-passivation-race-view/ShardedDaemonProcessCoordinator-eventSourcedProjection-passivation-race-entity-passivation-race-view]
08:06:13.019 DEBUG a.c.singleton.ClusterSingletonProxy - Sending buffered messages to current singleton instance
08:06:13.024 DEBUG a.c.sharding.DDataShardCoordinator - passivation-race-entity: The coordinator state was successfully updated with ShardHomeAllocated(835,Actor[akka://akka-runtime/system/sharding/passivation-race-entity#-1678555484])
08:06:13.024 DEBUG a.c.sharding.DDataShardCoordinator - passivation-race-entity: Shard [835] allocated at [Actor[akka://akka-runtime/system/sharding/passivation-race-entity#-1678555484]]
08:06:13.032 DEBUG akka.cluster.sharding.Shard - passivation-race-entity: Shard initialized
08:06:13.036 DEBUG akka.cluster.sharding.Shard - passivation-race-entity: Started entity [Actor[akka://akka-runtime/system/sharding/passivation-race-entity/835/5f52fd2e-c33b-4aab-83f6-42e632518d7c#-1195591250]] with entity id [5f52fd2e-c33b-4aab-83f6-42e632518d7c] in shard [835]
08:06:13.146 DEBUG a.c.sharding.DDataShardCoordinator - passivation-race-entity: The coordinator state was successfully updated with ShardHomeAllocated(790,Actor[akka://akka-runtime/system/sharding/passivation-race-entity#-1678555484])
08:06:13.146 DEBUG a.c.sharding.DDataShardCoordinator - passivation-race-entity: Shard [790] allocated at [Actor[akka://akka-runtime/system/sharding/passivation-race-entity#-1678555484]]
08:06:13.146 DEBUG akka.cluster.sharding.Shard - passivation-race-entity: Shard initialized
08:06:13.147 DEBUG akka.cluster.sharding.Shard - passivation-race-entity: Started entity [Actor[akka://akka-runtime/system/sharding/passivation-race-entity/790/776ad258-434e-4ef0-8cae-adfffa700d5d#1944741771]] with entity id [776ad258-434e-4ef0-8cae-adfffa700d5d] in shard [790]
08:06:13.154 DEBUG a.c.sharding.DDataShardCoordinator - passivation-race-entity: The coordinator state was successfully updated with ShardHomeAllocated(984,Actor[akka://akka-runtime/system/sharding/passivation-race-entity#-1678555484])
08:06:13.154 DEBUG a.c.sharding.DDataShardCoordinator - passivation-race-entity: Shard [984] allocated at [Actor[akka://akka-runtime/system/sharding/passivation-race-entity#-1678555484]]
08:06:13.155 DEBUG akka.cluster.sharding.Shard - passivation-race-entity: Shard initialized
08:06:13.155 DEBUG akka.cluster.sharding.Shard - passivation-race-entity: Started entity [Actor[akka://akka-runtime/system/sharding/passivation-race-entity/984/cccb0bda-96c7-49d2-b2ed-4fae3a66f08a#-15857355]] with entity id [cccb0bda-96c7-49d2-b2ed-4fae3a66f08a] in shard [984]
08:06:13.164 DEBUG a.c.sharding.DDataShardCoordinator - passivation-race-entity: The coordinator state was successfully updated with ShardHomeAllocated(901,Actor[akka://akka-runtime/system/sharding/passivation-race-entity#-1678555484])
08:06:13.164 DEBUG a.c.sharding.DDataShardCoordinator - passivation-race-entity: Shard [901] allocated at [Actor[akka://akka-runtime/system/sharding/passivation-race-entity#-1678555484]]
08:06:13.165 DEBUG akka.cluster.sharding.Shard - passivation-race-entity: Shard initialized
08:06:13.165 DEBUG akka.cluster.sharding.Shard - passivation-race-entity: Started entity [Actor[akka://akka-runtime/system/sharding/passivation-race-entity/901/22a9abb4-68ed-44f5-9e37-e5868028bc6c#-1491086700]] with entity id [22a9abb4-68ed-44f5-9e37-e5868028bc6c] in shard [901]
08:06:13.173 DEBUG a.c.sharding.DDataShardCoordinator - passivation-race-entity: The coordinator state was successfully updated with ShardHomeAllocated(108,Actor[akka://akka-runtime/system/sharding/passivation-race-entity#-1678555484])
08:06:13.173 DEBUG a.c.sharding.DDataShardCoordinator - passivation-race-entity: Shard [108] allocated at [Actor[akka://akka-runtime/system/sharding/passivation-race-entity#-1678555484]]
08:06:13.174 DEBUG akka.cluster.sharding.Shard - passivation-race-entity: Shard initialized
08:06:13.174 DEBUG akka.cluster.sharding.Shard - passivation-race-entity: Started entity [Actor[akka://akka-runtime/system/sharding/passivation-race-entity/108/031b04b4-d52b-41db-8f7a-99c9398277b4#2106820715]] with entity id [031b04b4-d52b-41db-8f7a-99c9398277b4] in shard [108]
08:06:13.179 INFO  akka.javasdk.testkit.TestKit - Runtime started
08:06:13.182 DEBUG a.c.sharding.DDataShardCoordinator - passivation-race-entity: The coordinator state was successfully updated with ShardHomeAllocated(2,Actor[akka://akka-runtime/system/sharding/passivation-race-entity#-1678555484])
08:06:13.182 DEBUG a.c.sharding.DDataShardCoordinator - passivation-race-entity: Shard [2] allocated at [Actor[akka://akka-runtime/system/sharding/passivation-race-entity#-1678555484]]
08:06:13.182 INFO  akka.actor.CoordinatedShutdown - Running CoordinatedShutdown with reason [ActorSystemTerminateReason]
08:06:13.182 DEBUG akka.actor.CoordinatedShutdown - Performing phase [before-service-unbind] with [0] tasks
08:06:13.183 DEBUG akka.cluster.sharding.Shard - passivation-race-entity: Shard initialized
08:06:13.183 DEBUG akka.actor.CoordinatedShutdown - Performing phase [service-unbind] with [1] tasks.
08:06:13.183 DEBUG akka.cluster.sharding.Shard - passivation-race-entity: Started entity [Actor[akka://akka-runtime/system/sharding/passivation-race-entity/2/0507f7a4-cacd-4d78-88b1-c8500a096876#1753448791]] with entity id [0507f7a4-cacd-4d78-88b1-c8500a096876] in shard [2]
08:06:13.183 DEBUG akka.actor.CoordinatedShutdown - Performing task [http-unbind-/127.0.0.1:63075] in CoordinatedShutdown phase [service-unbind]
08:06:13.185 DEBUG akka.actor.CoordinatedShutdown - Performing phase [service-requests-done] with [1] tasks.
08:06:13.185 DEBUG akka.actor.CoordinatedShutdown - Performing task [http-terminate-/127.0.0.1:63075] in CoordinatedShutdown phase [service-requests-done]
08:06:13.188 DEBUG akka.actor.CoordinatedShutdown - Performing phase [service-stop] with [1] tasks.
08:06:13.188 DEBUG akka.actor.CoordinatedShutdown - Performing task [stop-grpc-clients] in CoordinatedShutdown phase [service-stop]
08:06:13.189 DEBUG akka.actor.CoordinatedShutdown - Performing phase [before-cluster-shutdown] with [0] tasks
08:06:13.189 DEBUG akka.actor.CoordinatedShutdown - Performing phase [cluster-sharding-shutdown-region] with [5] tasks.
08:06:13.189 DEBUG akka.actor.CoordinatedShutdown - Performing task [region-shutdown] in CoordinatedShutdown phase [cluster-sharding-shutdown-region]
08:06:13.189 DEBUG akka.actor.CoordinatedShutdown - Performing task [region-shutdown] in CoordinatedShutdown phase [cluster-sharding-shutdown-region]
08:06:13.189 DEBUG akka.actor.CoordinatedShutdown - Performing task [region-shutdown] in CoordinatedShutdown phase [cluster-sharding-shutdown-region]
08:06:13.189 DEBUG akka.actor.CoordinatedShutdown - Performing task [region-shutdown] in CoordinatedShutdown phase [cluster-sharding-shutdown-region]
08:06:13.189 DEBUG akka.actor.CoordinatedShutdown - Performing task [region-shutdown] in CoordinatedShutdown phase [cluster-sharding-shutdown-region]
08:06:13.190 DEBUG a.c.sharding.DDataShardCoordinator - passivation-race-entity: Graceful shutdown of region [Actor[akka://akka-runtime/system/sharding/passivation-race-entity#-1678555484]] with [6] shards
08:06:13.190 INFO  a.c.sharding.DDataShardCoordinator - passivation-race-entity: Starting shutting down shards [984,108,2,790,835,901] due to region shutting down or explicit stopping of shards.
08:06:13.190 DEBUG a.c.sharding.DDataShardCoordinator - sharded-daemon-process-eventSourcedProjection-passivation-race-entity-passivation-race-consumer-a: Unknown region requested graceful shutdown [Actor[akka://akka-runtime/system/sharding/sharded-daemon-process-eventSourcedProjection-passivation-race-entity-passivation-race-consumer-a#-1067924460]]
08:06:13.190 DEBUG a.c.sharding.DDataShardCoordinator - sharded-daemon-process-eventSourcedProjection-passivation-race-entity-passivation-race-consumer-b: Unknown region requested graceful shutdown [Actor[akka://akka-runtime/system/sharding/sharded-daemon-process-eventSourcedProjection-passivation-race-entity-passivation-race-consumer-b#-1378604660]]
08:06:13.190 DEBUG a.c.sharding.DDataShardCoordinator - sharded-daemon-process-eventSourcedProjection-passivation-race-entity-passivation-race-view: Unknown region requested graceful shutdown [Actor[akka://akka-runtime/system/sharding/sharded-daemon-process-eventSourcedProjection-passivation-race-entity-passivation-race-view#897934506]]
08:06:13.190 DEBUG a.c.sharding.DDataShardCoordinator - _timer: Unknown region requested graceful shutdown [Actor[akka://akka-runtime/system/sharding/_timer#-306801891]]
08:06:13.192 DEBUG a.c.s.ShardCoordinator$RebalanceWorker - passivation-race-entity: Shutting down shard [835] from region [Actor[akka://akka-runtime/system/sharding/passivation-race-entity#-1678555484]]. Asking [1] region(s) to hand-off shard
08:06:13.192 DEBUG a.c.s.ShardCoordinator$RebalanceWorker - passivation-race-entity: Shutting down shard [901] from region [Actor[akka://akka-runtime/system/sharding/passivation-race-entity#-1678555484]]. Asking [1] region(s) to hand-off shard
08:06:13.192 DEBUG a.c.s.ShardCoordinator$RebalanceWorker - passivation-race-entity: BeginHandOffAck for shard [835] received from [Actor[akka://akka-runtime/system/sharding/passivation-race-entity#-1678555484]].
08:06:13.192 DEBUG a.c.s.ShardCoordinator$RebalanceWorker - passivation-race-entity: Shutting down shard [2] from region [Actor[akka://akka-runtime/system/sharding/passivation-race-entity#-1678555484]]. Asking [1] region(s) to hand-off shard
08:06:13.192 DEBUG a.c.s.ShardCoordinator$RebalanceWorker - passivation-race-entity: All shard regions acked, handing off shard [835].
08:06:13.192 DEBUG a.c.s.ShardCoordinator$RebalanceWorker - passivation-race-entity: BeginHandOffAck for shard [2] received from [Actor[akka://akka-runtime/system/sharding/passivation-race-entity#-1678555484]].
08:06:13.192 DEBUG a.c.s.ShardCoordinator$RebalanceWorker - passivation-race-entity: All shard regions acked, handing off shard [2].
08:06:13.192 DEBUG a.c.s.ShardCoordinator$RebalanceWorker - passivation-race-entity: Shutting down shard [108] from region [Actor[akka://akka-runtime/system/sharding/passivation-race-entity#-1678555484]]. Asking [1] region(s) to hand-off shard
08:06:13.192 DEBUG a.c.s.ShardCoordinator$RebalanceWorker - passivation-race-entity: BeginHandOffAck for shard [108] received from [Actor[akka://akka-runtime/system/sharding/passivation-race-entity#-1678555484]].
08:06:13.192 DEBUG a.c.s.ShardCoordinator$RebalanceWorker - passivation-race-entity: All shard regions acked, handing off shard [108].
08:06:13.192 DEBUG a.c.s.ShardCoordinator$RebalanceWorker - passivation-race-entity: Shutting down shard [790] from region [Actor[akka://akka-runtime/system/sharding/passivation-race-entity#-1678555484]]. Asking [1] region(s) to hand-off shard
08:06:13.192 DEBUG akka.cluster.sharding.Shard - passivation-race-entity: HandOff shard [835]
08:06:13.192 DEBUG akka.cluster.sharding.Shard - passivation-race-entity: HandOff shard [2]
08:06:13.192 DEBUG akka.cluster.sharding.Shard - passivation-race-entity: Starting HandOffStopper for shard [2] to terminate [1] entities.
08:06:13.192 DEBUG akka.cluster.sharding.Shard - passivation-race-entity: Starting HandOffStopper for shard [835] to terminate [1] entities.
08:06:13.192 DEBUG akka.cluster.sharding.Shard - passivation-race-entity: HandOff shard [108]
08:06:13.192 DEBUG akka.cluster.sharding.Shard - passivation-race-entity: Starting HandOffStopper for shard [108] to terminate [1] entities.
08:06:13.192 DEBUG a.c.s.ShardCoordinator$RebalanceWorker - passivation-race-entity: BeginHandOffAck for shard [790] received from [Actor[akka://akka-runtime/system/sharding/passivation-race-entity#-1678555484]].
08:06:13.192 DEBUG a.c.s.ShardCoordinator$RebalanceWorker - passivation-race-entity: All shard regions acked, handing off shard [790].
08:06:13.192 DEBUG akka.cluster.sharding.Shard - passivation-race-entity: HandOff shard [790]
08:06:13.192 DEBUG akka.cluster.sharding.Shard - passivation-race-entity: Starting HandOffStopper for shard [790] to terminate [1] entities.
08:06:13.192 DEBUG a.c.s.ShardCoordinator$RebalanceWorker - passivation-race-entity: Shutting down shard [984] from region [Actor[akka://akka-runtime/system/sharding/passivation-race-entity#-1678555484]]. Asking [1] region(s) to hand-off shard
08:06:13.193 DEBUG a.c.s.ShardCoordinator$RebalanceWorker - passivation-race-entity: BeginHandOffAck for shard [984] received from [Actor[akka://akka-runtime/system/sharding/passivation-race-entity#-1678555484]].
08:06:13.193 DEBUG a.c.s.ShardCoordinator$RebalanceWorker - passivation-race-entity: BeginHandOffAck for shard [901] received from [Actor[akka://akka-runtime/system/sharding/passivation-race-entity#-1678555484]].
08:06:13.193 DEBUG a.c.s.ShardCoordinator$RebalanceWorker - passivation-race-entity: All shard regions acked, handing off shard [984].
08:06:13.193 DEBUG a.c.s.ShardCoordinator$RebalanceWorker - passivation-race-entity: All shard regions acked, handing off shard [901].
08:06:13.193 DEBUG akka.cluster.sharding.Shard - passivation-race-entity: HandOff shard [984]
08:06:13.193 DEBUG akka.cluster.sharding.Shard - passivation-race-entity: Starting HandOffStopper for shard [984] to terminate [1] entities.
08:06:13.193 DEBUG akka.cluster.sharding.Shard - passivation-race-entity: HandOff shard [901]
08:06:13.193 DEBUG akka.cluster.sharding.Shard - passivation-race-entity: Starting HandOffStopper for shard [901] to terminate [1] entities.
08:06:13.198 DEBUG a.c.sharding.DDataShardCoordinator - passivation-race-entity: Shard [2] deallocation completed successfully.
08:06:13.198 DEBUG akka.cluster.sharding.Shard - passivation-race-entity: Shard [984] shutting down
08:06:13.198 DEBUG akka.cluster.sharding.Shard - passivation-race-entity: Shard [790] shutting down
08:06:13.198 DEBUG akka.cluster.sharding.Shard - passivation-race-entity: Shard [2] shutting down
08:06:13.198 DEBUG akka.cluster.sharding.Shard - passivation-race-entity: Shard [108] shutting down
08:06:13.198 DEBUG akka.cluster.sharding.Shard - passivation-race-entity: Shard [901] shutting down
08:06:13.198 DEBUG akka.cluster.sharding.Shard - passivation-race-entity: Shard [835] shutting down
08:06:13.199 DEBUG a.c.sharding.DDataShardCoordinator - passivation-race-entity: The coordinator state was successfully updated with ShardHomeDeallocated(2)
08:06:13.200 DEBUG a.c.sharding.DDataShardCoordinator - passivation-race-entity: Shard [2] deallocated after
08:06:13.200 DEBUG a.c.sharding.DDataShardCoordinator - passivation-race-entity: Shard [984] deallocation completed successfully.
08:06:13.200 DEBUG a.c.sharding.DDataShardCoordinator - _timer: ShardRegion registered: [Actor[akka://akka-runtime/system/sharding/_timer#-306801891]]
08:06:13.200 DEBUG a.c.sharding.DDataShardCoordinator - passivation-race-entity: GetShardHome [2] request from [Actor[akka://local/ignore]] stashed, because waiting for initial state or update of state. It will be handled afterwards.
08:06:13.200 DEBUG a.c.sharding.DDataShardCoordinator - passivation-race-entity: The coordinator state was successfully updated with ShardHomeDeallocated(984)
08:06:13.200 DEBUG a.c.sharding.DDataShardCoordinator - passivation-race-entity: Shard [984] deallocated after
08:06:13.200 DEBUG a.c.sharding.DDataShardCoordinator - _timer: The coordinator state was successfully updated with ShardRegionRegistered(Actor[akka://akka-runtime/system/sharding/_timer#-306801891])
08:06:13.201 DEBUG a.c.sharding.DDataShardCoordinator - _timer: Remembering shard allocation [993]
08:06:13.201 DEBUG a.c.sharding.DDataShardCoordinator - passivation-race-entity: Shard [790] deallocation completed successfully.
08:06:13.201 DEBUG a.c.sharding.DDataShardCoordinator - passivation-race-entity: GetShardHome [984] request from [Actor[akka://local/ignore]] stashed, because waiting for initial state or update of state. It will be handled afterwards.
08:06:13.201 DEBUG a.c.sharding.DDataShardCoordinator - passivation-race-entity: GetShardHome [2] request from [Actor[akka://local/ignore]] stashed, because waiting for initial state or update of state. It will be handled afterwards.
08:06:13.201 DEBUG a.c.sharding.DDataShardCoordinator - passivation-race-entity: The coordinator state was successfully updated with ShardHomeDeallocated(790)
08:06:13.201 DEBUG a.c.sharding.DDataShardCoordinator - passivation-race-entity: Shard [790] deallocated after
08:06:13.201 DEBUG a.c.sharding.DDataShardCoordinator - passivation-race-entity: Shard [835] deallocation completed successfully.
08:06:13.201 DEBUG a.c.sharding.DDataShardCoordinator - passivation-race-entity: GetShardHome [790] request from [Actor[akka://local/ignore]] stashed, because waiting for initial state or update of state. It will be handled afterwards.
08:06:13.201 DEBUG a.c.sharding.DDataShardCoordinator - passivation-race-entity: GetShardHome [984] request from [Actor[akka://local/ignore]] stashed, because waiting for initial state or update of state. It will be handled afterwards.
08:06:13.201 DEBUG a.c.sharding.DDataShardCoordinator - passivation-race-entity: The coordinator state was successfully updated with ShardHomeDeallocated(835)
08:06:13.201 DEBUG a.c.sharding.DDataShardCoordinator - passivation-race-entity: Shard [835] deallocated after
08:06:13.201 DEBUG a.c.sharding.DDataShardCoordinator - passivation-race-entity: Shard [901] deallocation completed successfully.
08:06:13.201 DEBUG a.c.sharding.DDataShardCoordinator - _timer: The coordinator state was successfully updated with ShardHomeAllocated(993,Actor[akka://akka-runtime/system/sharding/_timer#-306801891]), waiting for remember shard update
08:06:13.201 DEBUG a.c.sharding.DDataShardCoordinator - passivation-race-entity: GetShardHome [835] request from [Actor[akka://local/ignore]] stashed, because waiting for initial state or update of state. It will be handled afterwards.
08:06:13.201 DEBUG a.c.sharding.DDataShardCoordinator - passivation-race-entity: GetShardHome [2] request from [Actor[akka://local/ignore]] stashed, because waiting for initial state or update of state. It will be handled afterwards.
08:06:13.201 DEBUG a.c.sharding.DDataShardCoordinator - passivation-race-entity: The coordinator state was successfully updated with ShardHomeDeallocated(901)
08:06:13.201 DEBUG a.c.sharding.DDataShardCoordinator - passivation-race-entity: Shard [901] deallocated after
08:06:13.202 DEBUG a.c.sharding.DDataShardCoordinator - passivation-race-entity: Shard [108] deallocation completed successfully.
08:06:13.202 DEBUG a.c.sharding.DDataShardCoordinator - passivation-race-entity: GetShardHome [901] request from [Actor[akka://local/ignore]] stashed, because waiting for initial state or update of state. It will be handled afterwards.
08:06:13.202 DEBUG a.c.sharding.DDataShardCoordinator - passivation-race-entity: GetShardHome [790] request from [Actor[akka://local/ignore]] stashed, because waiting for initial state or update of state. It will be handled afterwards.
08:06:13.202 DEBUG a.c.sharding.DDataShardCoordinator - passivation-race-entity: The coordinator state was successfully updated with ShardHomeDeallocated(108)
08:06:13.202 DEBUG a.c.sharding.DDataShardCoordinator - passivation-race-entity: Shard [108] deallocated after
08:06:13.202 DEBUG a.c.s.i.DDataRememberEntitiesCoordinatorStore - Remember entities coordinator store shards successfully updated with 993
08:06:13.202 DEBUG a.c.sharding.DDataShardCoordinator - _timer: The ShardCoordinator saw remember shard start successfully written ShardHomeAllocated(993,Actor[akka://akka-runtime/system/sharding/_timer#-306801891])
08:06:13.202 DEBUG a.c.sharding.DDataShardCoordinator - _timer: Shard [993] allocated at [Actor[akka://akka-runtime/system/sharding/_timer#-306801891]]
08:06:13.202 DEBUG a.c.sharding.DDataShardCoordinator - _timer: Graceful shutdown of region [Actor[akka://akka-runtime/system/sharding/_timer#-306801891]] with [1] shards
08:06:13.202 INFO  a.c.sharding.DDataShardCoordinator - _timer: Starting shutting down shards [993] due to region shutting down or explicit stopping of shards.
08:06:13.203 DEBUG a.c.s.ShardCoordinator$RebalanceWorker - _timer: Shutting down shard [993] from region [Actor[akka://akka-runtime/system/sharding/_timer#-306801891]]. Asking [1] region(s) to hand-off shard
08:06:13.203 DEBUG a.c.s.ShardCoordinator$RebalanceWorker - _timer: BeginHandOffAck for shard [993] received from [Actor[akka://akka-runtime/system/sharding/_timer#-306801891]].
08:06:13.203 DEBUG a.c.s.ShardCoordinator$RebalanceWorker - _timer: All shard regions acked, handing off shard [993].
08:06:13.204 WARN  akka.cluster.sharding.ShardRegion - _timer: Dropping [1] buffered messages to shard [993] during hand off to avoid re-ordering
08:06:13.204 DEBUG akka.cluster.sharding.Shard - _timer: Waiting for load of entity ids using [Actor[akka://akka-runtime/system/sharding/_timer/993/RememberEntitiesStore#-3762431]] to complete
08:06:13.205 DEBUG a.c.s.i.DDataRememberEntitiesShardStore - Starting up DDataRememberEntitiesStore, read timeout: [2.000 s], write timeout: [5.000 s], majority min cap: [2]
08:06:13.205 DEBUG a.c.s.i.DDataRememberEntitiesShardStore - Remember entities shard store got request from shard, waiting for all remembered entities to arrive
08:06:13.205 DEBUG a.c.s.i.DDataRememberEntitiesShardStore - Shard waiting for remembered entities, sending remembered and going idle
08:06:13.205 DEBUG akka.cluster.sharding.Shard - _timer: Shard initialized
08:06:13.205 DEBUG akka.cluster.sharding.Shard - _timer: HandOff shard [993]
08:06:13.205 DEBUG a.c.sharding.DDataShardCoordinator - _timer: Shard [993] deallocation completed successfully.
08:06:13.206 DEBUG a.c.sharding.DDataShardCoordinator - _timer: The coordinator state was successfully updated with ShardHomeDeallocated(993)
08:06:13.206 DEBUG a.c.sharding.DDataShardCoordinator - _timer: Shard [993] deallocated after
08:06:13.207 DEBUG akka.cluster.sharding.Shard - _timer: Shard [993] shutting down
08:06:13.207 DEBUG a.c.sharding.DDataShardCoordinator - _timer: ShardRegion stopped: [Actor[akka://akka-runtime/system/sharding/_timer#-306801891]]
08:06:13.207 DEBUG a.c.sharding.DDataShardCoordinator - _timer: ShardRegion terminated (gracefully): [Actor[akka://akka-runtime/system/sharding/_timer#-306801891]] {}
08:06:13.208 DEBUG a.c.sharding.DDataShardCoordinator - _timer: The coordinator state was successfully updated with ShardRegionTerminated(Actor[akka://akka-runtime/system/sharding/_timer#-306801891])
08:06:13.209 DEBUG a.c.sharding.DDataShardCoordinator - sharded-daemon-process-eventSourcedProjection-passivation-race-entity-passivation-race-consumer-a: ShardRegion registered: [Actor[akka://akka-runtime/system/sharding/sharded-daemon-process-eventSourcedProjection-passivation-race-entity-passivation-race-consumer-a#-1067924460]]
08:06:13.209 DEBUG a.c.sharding.DDataShardCoordinator - sharded-daemon-process-eventSourcedProjection-passivation-race-entity-passivation-race-consumer-b: ShardRegion registered: [Actor[akka://akka-runtime/system/sharding/sharded-daemon-process-eventSourcedProjection-passivation-race-entity-passivation-race-consumer-b#-1378604660]]
08:06:13.209 DEBUG a.c.sharding.DDataShardCoordinator - sharded-daemon-process-eventSourcedProjection-passivation-race-entity-passivation-race-consumer-b: The coordinator state was successfully updated with ShardRegionRegistered(Actor[akka://akka-runtime/system/sharding/sharded-daemon-process-eventSourcedProjection-passivation-race-entity-passivation-race-consumer-b#-1378604660])
08:06:13.209 DEBUG a.c.sharding.DDataShardCoordinator - sharded-daemon-process-eventSourcedProjection-passivation-race-entity-passivation-race-consumer-a: The coordinator state was successfully updated with ShardRegionRegistered(Actor[akka://akka-runtime/system/sharding/sharded-daemon-process-eventSourcedProjection-passivation-race-entity-passivation-race-consumer-a#-1067924460])
08:06:13.210 DEBUG a.c.sharding.DDataShardCoordinator - sharded-daemon-process-eventSourcedProjection-passivation-race-entity-passivation-race-consumer-a: The coordinator state was successfully updated with ShardHomeAllocated(0,Actor[akka://akka-runtime/system/sharding/sharded-daemon-process-eventSourcedProjection-passivation-race-entity-passivation-race-consumer-a#-1067924460])
08:06:13.210 DEBUG a.c.sharding.DDataShardCoordinator - sharded-daemon-process-eventSourcedProjection-passivation-race-entity-passivation-race-consumer-b: The coordinator state was successfully updated with ShardHomeAllocated(0,Actor[akka://akka-runtime/system/sharding/sharded-daemon-process-eventSourcedProjection-passivation-race-entity-passivation-race-consumer-b#-1378604660])
08:06:13.210 DEBUG a.c.sharding.DDataShardCoordinator - sharded-daemon-process-eventSourcedProjection-passivation-race-entity-passivation-race-consumer-a: Shard [0] allocated at [Actor[akka://akka-runtime/system/sharding/sharded-daemon-process-eventSourcedProjection-passivation-race-entity-passivation-race-consumer-a#-1067924460]]
08:06:13.210 DEBUG a.c.sharding.DDataShardCoordinator - sharded-daemon-process-eventSourcedProjection-passivation-race-entity-passivation-race-consumer-b: Shard [0] allocated at [Actor[akka://akka-runtime/system/sharding/sharded-daemon-process-eventSourcedProjection-passivation-race-entity-passivation-race-consumer-b#-1378604660]]
08:06:13.210 DEBUG a.c.sharding.DDataShardCoordinator - sharded-daemon-process-eventSourcedProjection-passivation-race-entity-passivation-race-consumer-b: Graceful shutdown of region [Actor[akka://akka-runtime/system/sharding/sharded-daemon-process-eventSourcedProjection-passivation-race-entity-passivation-race-consumer-b#-1378604660]] with [1] shards
08:06:13.210 DEBUG a.c.sharding.DDataShardCoordinator - sharded-daemon-process-eventSourcedProjection-passivation-race-entity-passivation-race-consumer-a: Graceful shutdown of region [Actor[akka://akka-runtime/system/sharding/sharded-daemon-process-eventSourcedProjection-passivation-race-entity-passivation-race-consumer-a#-1067924460]] with [1] shards
08:06:13.210 INFO  a.c.sharding.DDataShardCoordinator - sharded-daemon-process-eventSourcedProjection-passivation-race-entity-passivation-race-consumer-b: Starting shutting down shards [0] due to region shutting down or explicit stopping of shards.
08:06:13.210 INFO  a.c.sharding.DDataShardCoordinator - sharded-daemon-process-eventSourcedProjection-passivation-race-entity-passivation-race-consumer-a: Starting shutting down shards [0] due to region shutting down or explicit stopping of shards.
08:06:13.210 DEBUG a.c.s.ShardCoordinator$RebalanceWorker - sharded-daemon-process-eventSourcedProjection-passivation-race-entity-passivation-race-consumer-a: Shutting down shard [0] from region [Actor[akka://akka-runtime/system/sharding/sharded-daemon-process-eventSourcedProjection-passivation-race-entity-passivation-race-consumer-a#-1067924460]]. Asking [1] region(s) to hand-off shard
08:06:13.210 DEBUG a.c.s.ShardCoordinator$RebalanceWorker - sharded-daemon-process-eventSourcedProjection-passivation-race-entity-passivation-race-consumer-b: Shutting down shard [0] from region [Actor[akka://akka-runtime/system/sharding/sharded-daemon-process-eventSourcedProjection-passivation-race-entity-passivation-race-consumer-b#-1378604660]]. Asking [1] region(s) to hand-off shard
08:06:13.210 DEBUG a.c.s.ShardCoordinator$RebalanceWorker - sharded-daemon-process-eventSourcedProjection-passivation-race-entity-passivation-race-consumer-b: BeginHandOffAck for shard [0] received from [Actor[akka://akka-runtime/system/sharding/sharded-daemon-process-eventSourcedProjection-passivation-race-entity-passivation-race-consumer-b#-1378604660]].
08:06:13.210 DEBUG akka.cluster.sharding.Shard - sharded-daemon-process-eventSourcedProjection-passivation-race-entity-passivation-race-consumer-b: Shard initialized
08:06:13.210 DEBUG a.c.s.ShardCoordinator$RebalanceWorker - sharded-daemon-process-eventSourcedProjection-passivation-race-entity-passivation-race-consumer-b: All shard regions acked, handing off shard [0].
08:06:13.210 DEBUG a.c.s.ShardCoordinator$RebalanceWorker - sharded-daemon-process-eventSourcedProjection-passivation-race-entity-passivation-race-consumer-a: BeginHandOffAck for shard [0] received from [Actor[akka://akka-runtime/system/sharding/sharded-daemon-process-eventSourcedProjection-passivation-race-entity-passivation-race-consumer-a#-1067924460]].
08:06:13.210 DEBUG a.c.s.ShardCoordinator$RebalanceWorker - sharded-daemon-process-eventSourcedProjection-passivation-race-entity-passivation-race-consumer-a: All shard regions acked, handing off shard [0].
08:06:13.210 DEBUG akka.cluster.sharding.Shard - sharded-daemon-process-eventSourcedProjection-passivation-race-entity-passivation-race-consumer-a: Shard initialized
08:06:13.210 DEBUG akka.cluster.sharding.Shard - sharded-daemon-process-eventSourcedProjection-passivation-race-entity-passivation-race-consumer-b: Request to start entity [0] and ack to [Some(Actor[akka://akka-runtime/deadLetters])]
08:06:13.210 WARN  akka.cluster.sharding.ShardRegion - sharded-daemon-process-eventSourcedProjection-passivation-race-entity-passivation-race-consumer-a: Dropping [1] buffered messages to shard [0] during hand off to avoid re-ordering
08:06:13.210 DEBUG akka.cluster.sharding.Shard - sharded-daemon-process-eventSourcedProjection-passivation-race-entity-passivation-race-consumer-a: HandOff shard [0]
08:06:13.210 DEBUG akka.cluster.sharding.Shard - sharded-daemon-process-eventSourcedProjection-passivation-race-entity-passivation-race-consumer-a: Shard [0] shutting down
08:06:13.210 DEBUG a.c.sharding.DDataShardCoordinator - sharded-daemon-process-eventSourcedProjection-passivation-race-entity-passivation-race-consumer-a: Shard [0] deallocation completed successfully.
08:06:13.211 DEBUG a.c.sharding.DDataShardCoordinator - sharded-daemon-process-eventSourcedProjection-passivation-race-entity-passivation-race-consumer-a: The coordinator state was successfully updated with ShardHomeDeallocated(0)
08:06:13.211 DEBUG a.c.sharding.DDataShardCoordinator - sharded-daemon-process-eventSourcedProjection-passivation-race-entity-passivation-race-consumer-a: Shard [0] deallocated after
08:06:13.211 DEBUG a.c.sharding.DDataShardCoordinator - sharded-daemon-process-eventSourcedProjection-passivation-race-entity-passivation-race-consumer-a: ShardRegion stopped: [Actor[akka://akka-runtime/system/sharding/sharded-daemon-process-eventSourcedProjection-passivation-race-entity-passivation-race-consumer-a#-1067924460]]
08:06:13.211 DEBUG a.c.sharding.DDataShardCoordinator - sharded-daemon-process-eventSourcedProjection-passivation-race-entity-passivation-race-consumer-a: ShardRegion terminated (gracefully): [Actor[akka://akka-runtime/system/sharding/sharded-daemon-process-eventSourcedProjection-passivation-race-entity-passivation-race-consumer-a#-1067924460]] {}
08:06:13.211 DEBUG a.c.sharding.DDataShardCoordinator - sharded-daemon-process-eventSourcedProjection-passivation-race-entity-passivation-race-consumer-a: GetShardHome [0] request from [Actor[akka://local/ignore]] stashed, because waiting for initial state or update of state. It will be handled afterwards.
08:06:13.211 DEBUG a.c.sharding.DDataShardCoordinator - sharded-daemon-process-eventSourcedProjection-passivation-race-entity-passivation-race-consumer-a: The coordinator state was successfully updated with ShardRegionTerminated(Actor[akka://akka-runtime/system/sharding/sharded-daemon-process-eventSourcedProjection-passivation-race-entity-passivation-race-consumer-a#-1067924460])
08:06:13.212 DEBUG akka.cluster.sharding.Shard - sharded-daemon-process-eventSourcedProjection-passivation-race-entity-passivation-race-consumer-b: Started entity [Actor[akka://akka-runtime/system/sharding/sharded-daemon-process-eventSourcedProjection-passivation-race-entity-passivation-race-consumer-b/0/0#-703858082]] with entity id [0] in shard [0]
08:06:13.212 DEBUG a.c.s.t.i.ShardedDaemonProcessState$ - eventSourcedProjection-passivation-race-entity-passivation-race-consumer-b: Deferred start of worker to verify its revision [0] is the latest
08:06:13.212 DEBUG akka.cluster.sharding.Shard - sharded-daemon-process-eventSourcedProjection-passivation-race-entity-passivation-race-consumer-b: HandOff shard [0]
08:06:13.212 DEBUG akka.cluster.sharding.Shard - sharded-daemon-process-eventSourcedProjection-passivation-race-entity-passivation-race-consumer-b: Starting HandOffStopper for shard [0] to terminate [1] entities.
08:06:13.213 INFO  a.c.s.t.i.ShardedDaemonProcessState$ - eventSourcedProjection-passivation-race-entity-passivation-race-consumer-b: Starting Sharded Daemon Process [0] out of a total [1] (revision [0] and no state found)
08:06:13.220 DEBUG a.c.sharding.DDataShardCoordinator - sharded-daemon-process-eventSourcedProjection-passivation-race-entity-passivation-race-view: ShardRegion registered: [Actor[akka://akka-runtime/system/sharding/sharded-daemon-process-eventSourcedProjection-passivation-race-entity-passivation-race-view#897934506]]
08:06:13.221 DEBUG a.c.sharding.DDataShardCoordinator - sharded-daemon-process-eventSourcedProjection-passivation-race-entity-passivation-race-view: The coordinator state was successfully updated with ShardRegionRegistered(Actor[akka://akka-runtime/system/sharding/sharded-daemon-process-eventSourcedProjection-passivation-race-entity-passivation-race-view#897934506])
08:06:13.221 DEBUG a.c.sharding.DDataShardCoordinator - sharded-daemon-process-eventSourcedProjection-passivation-race-entity-passivation-race-view: The coordinator state was successfully updated with ShardHomeAllocated(0,Actor[akka://akka-runtime/system/sharding/sharded-daemon-process-eventSourcedProjection-passivation-race-entity-passivation-race-view#897934506])
08:06:13.221 DEBUG a.c.sharding.DDataShardCoordinator - sharded-daemon-process-eventSourcedProjection-passivation-race-entity-passivation-race-view: Shard [0] allocated at [Actor[akka://akka-runtime/system/sharding/sharded-daemon-process-eventSourcedProjection-passivation-race-entity-passivation-race-view#897934506]]
08:06:13.222 DEBUG a.c.sharding.DDataShardCoordinator - sharded-daemon-process-eventSourcedProjection-passivation-race-entity-passivation-race-view: Graceful shutdown of region [Actor[akka://akka-runtime/system/sharding/sharded-daemon-process-eventSourcedProjection-passivation-race-entity-passivation-race-view#897934506]] with [1] shards
08:06:13.222 INFO  a.c.sharding.DDataShardCoordinator - sharded-daemon-process-eventSourcedProjection-passivation-race-entity-passivation-race-view: Starting shutting down shards [0] due to region shutting down or explicit stopping of shards.
08:06:13.222 DEBUG akka.cluster.sharding.Shard - sharded-daemon-process-eventSourcedProjection-passivation-race-entity-passivation-race-view: Shard initialized
08:06:13.222 DEBUG a.c.s.ShardCoordinator$RebalanceWorker - sharded-daemon-process-eventSourcedProjection-passivation-race-entity-passivation-race-view: Shutting down shard [0] from region [Actor[akka://akka-runtime/system/sharding/sharded-daemon-process-eventSourcedProjection-passivation-race-entity-passivation-race-view#897934506]]. Asking [1] region(s) to hand-off shard
08:06:13.222 DEBUG a.c.s.ShardCoordinator$RebalanceWorker - sharded-daemon-process-eventSourcedProjection-passivation-race-entity-passivation-race-view: BeginHandOffAck for shard [0] received from [Actor[akka://akka-runtime/system/sharding/sharded-daemon-process-eventSourcedProjection-passivation-race-entity-passivation-race-view#897934506]].
08:06:13.222 DEBUG akka.cluster.sharding.Shard - sharded-daemon-process-eventSourcedProjection-passivation-race-entity-passivation-race-view: Request to start entity [0] and ack to [Some(Actor[akka://akka-runtime/deadLetters])]
08:06:13.222 DEBUG a.c.s.ShardCoordinator$RebalanceWorker - sharded-daemon-process-eventSourcedProjection-passivation-race-entity-passivation-race-view: All shard regions acked, handing off shard [0].
08:06:13.222 DEBUG a.c.s.t.i.ShardedDaemonProcessState$ - eventSourcedProjection-passivation-race-entity-passivation-race-view: Deferred start of worker to verify its revision [0] is the latest
08:06:13.222 DEBUG akka.cluster.sharding.Shard - sharded-daemon-process-eventSourcedProjection-passivation-race-entity-passivation-race-view: Started entity [Actor[akka://akka-runtime/system/sharding/sharded-daemon-process-eventSourcedProjection-passivation-race-entity-passivation-race-view/0/0#1747499271]] with entity id [0] in shard [0]
08:06:13.222 DEBUG akka.cluster.sharding.Shard - sharded-daemon-process-eventSourcedProjection-passivation-race-entity-passivation-race-view: HandOff shard [0]
08:06:13.222 DEBUG akka.cluster.sharding.Shard - sharded-daemon-process-eventSourcedProjection-passivation-race-entity-passivation-race-view: Starting HandOffStopper for shard [0] to terminate [1] entities.
08:06:13.223 INFO  a.c.s.t.i.ShardedDaemonProcessState$ - eventSourcedProjection-passivation-race-entity-passivation-race-view: Starting Sharded Daemon Process [0] out of a total [1] (revision [0] and no state found)
08:06:13.251 DEBUG a.c.sharding.DDataShardCoordinator - sharded-daemon-process-eventSourcedProjection-passivation-race-entity-passivation-race-view: Shard [0] deallocation completed successfully.
08:06:13.252 DEBUG akka.cluster.sharding.Shard - sharded-daemon-process-eventSourcedProjection-passivation-race-entity-passivation-race-view: Shard [0] shutting down
08:06:13.252 DEBUG a.c.sharding.DDataShardCoordinator - sharded-daemon-process-eventSourcedProjection-passivation-race-entity-passivation-race-view: The coordinator state was successfully updated with ShardHomeDeallocated(0)
08:06:13.252 DEBUG a.c.sharding.DDataShardCoordinator - sharded-daemon-process-eventSourcedProjection-passivation-race-entity-passivation-race-view: Shard [0] deallocated after
08:06:13.252 DEBUG a.c.sharding.DDataShardCoordinator - sharded-daemon-process-eventSourcedProjection-passivation-race-entity-passivation-race-view: ShardRegion stopped: [Actor[akka://akka-runtime/system/sharding/sharded-daemon-process-eventSourcedProjection-passivation-race-entity-passivation-race-view#897934506]]
08:06:13.252 DEBUG a.c.sharding.DDataShardCoordinator - sharded-daemon-process-eventSourcedProjection-passivation-race-entity-passivation-race-view: ShardRegion terminated (gracefully): [Actor[akka://akka-runtime/system/sharding/sharded-daemon-process-eventSourcedProjection-passivation-race-entity-passivation-race-view#897934506]] {}
08:06:13.253 DEBUG a.c.sharding.DDataShardCoordinator - sharded-daemon-process-eventSourcedProjection-passivation-race-entity-passivation-race-view: The coordinator state was successfully updated with ShardRegionTerminated(Actor[akka://akka-runtime/system/sharding/sharded-daemon-process-eventSourcedProjection-passivation-race-entity-passivation-race-view#897934506])
08:06:13.981 WARN  a.c.s.ShardRegion$HandOffStopper - sharded-daemon-process-eventSourcedProjection-passivation-race-entity-passivation-race-consumer-b: [1] of the entities in shard [0] not stopped after [750 milliseconds]. Maybe the handOffStopMessage [akka.projection.ProjectionBehavior$Stop$] is not handled? Waiting additional [250 milliseconds] before stopping the remaining entities.
08:06:14.228 WARN  a.c.s.ShardRegion$HandOffStopper - sharded-daemon-process-eventSourcedProjection-passivation-race-entity-passivation-race-consumer-b: HandOffStopMessage [akka.projection.ProjectionBehavior$Stop$] is not handled by some of the entities in shard [0] after [1 second], stopping the remaining [1] entities.
08:06:14.229 DEBUG a.c.sharding.DDataShardCoordinator - sharded-daemon-process-eventSourcedProjection-passivation-race-entity-passivation-race-consumer-b: Shard [0] deallocation completed successfully.
08:06:14.229 DEBUG akka.cluster.sharding.Shard - sharded-daemon-process-eventSourcedProjection-passivation-race-entity-passivation-race-consumer-b: Shard [0] shutting down
08:06:14.230 DEBUG a.c.sharding.DDataShardCoordinator - sharded-daemon-process-eventSourcedProjection-passivation-race-entity-passivation-race-consumer-b: The coordinator state was successfully updated with ShardHomeDeallocated(0)
08:06:14.230 DEBUG a.c.sharding.DDataShardCoordinator - sharded-daemon-process-eventSourcedProjection-passivation-race-entity-passivation-race-consumer-b: Shard [0] deallocated after
08:06:14.230 DEBUG a.c.sharding.DDataShardCoordinator - sharded-daemon-process-eventSourcedProjection-passivation-race-entity-passivation-race-consumer-b: ShardRegion terminated (gracefully): [Actor[akka://akka-runtime/system/sharding/sharded-daemon-process-eventSourcedProjection-passivation-race-entity-passivation-race-consumer-b#-1378604660]] {}
08:06:14.230 DEBUG a.c.sharding.DDataShardCoordinator - sharded-daemon-process-eventSourcedProjection-passivation-race-entity-passivation-race-consumer-b: GetShardHome [0] request from [Actor[akka://local/ignore]] stashed, because waiting for initial state or update of state. It will be handled afterwards.
08:06:14.231 DEBUG a.c.sharding.DDataShardCoordinator - sharded-daemon-process-eventSourcedProjection-passivation-race-entity-passivation-race-consumer-b: The coordinator state was successfully updated with ShardRegionTerminated(Actor[akka://akka-runtime/system/sharding/sharded-daemon-process-eventSourcedProjection-passivation-race-entity-passivation-race-consumer-b#-1378604660])
08:06:14.231 DEBUG a.c.sharding.DDataShardCoordinator - sharded-daemon-process-eventSourcedProjection-passivation-race-entity-passivation-race-consumer-b: ShardRegion stopped: [Actor[akka://akka-runtime/system/sharding/sharded-daemon-process-eventSourcedProjection-passivation-race-entity-passivation-race-consumer-b#-1378604660]]
08:06:14.231 WARN  a.s.s.RestartWithBackoffSource - Restarting stream due to failure [1]: akka.projection.r2dbc.internal.R2dbcOffsetStore$AttemptToUseStoppedOffsetStore: eventSourcedProjection-passivation-race-entity-passivation-race-consumer-b [0-1023], correlation [402b1944-754f-4273-9a9a-fcb19852872d]: R2dbcOffsetStore was stopped
08:06:22.200 WARN  akka.cluster.sharding.ShardRegion - passivation-race-entity: Graceful shutdown of shard region timed out, region will be stopped. Remaining shards [], remaining buffered messages [1].
08:06:22.201 DEBUG a.c.sharding.DDataShardCoordinator - passivation-race-entity: ShardRegion stopped: [Actor[akka://akka-runtime/system/sharding/passivation-race-entity#-1678555484]]
08:06:22.201 DEBUG a.c.sharding.DDataShardCoordinator - passivation-race-entity: ShardRegion terminated (gracefully): [Actor[akka://akka-runtime/system/sharding/passivation-race-entity#-1678555484]] {}
08:06:22.201 DEBUG akka.actor.CoordinatedShutdown - Performing phase [cluster-leave] with [1] tasks.
08:06:22.201 DEBUG akka.actor.CoordinatedShutdown - Performing task [leave] in CoordinatedShutdown phase [cluster-leave]
08:06:22.201 DEBUG a.c.sharding.DDataShardCoordinator - passivation-race-entity: The coordinator state was successfully updated with ShardRegionTerminated(Actor[akka://akka-runtime/system/sharding/passivation-race-entity#-1678555484])
08:06:22.220 DEBUG akka.actor.CoordinatedShutdown - Performing phase [cluster-exiting] with [28] tasks.
08:06:22.220 DEBUG akka.actor.CoordinatedShutdown - Performing task [singleton-exiting-2] in CoordinatedShutdown phase [cluster-exiting]
08:06:22.220 DEBUG akka.actor.CoordinatedShutdown - Performing task [singleton-exiting-1] in CoordinatedShutdown phase [cluster-exiting]
08:06:22.220 DEBUG akka.actor.CoordinatedShutdown - Performing task [singleton-exiting-2] in CoordinatedShutdown phase [cluster-exiting]
08:06:22.220 DEBUG akka.actor.CoordinatedShutdown - Performing task [singleton-exiting-1] in CoordinatedShutdown phase [cluster-exiting]
08:06:22.220 DEBUG akka.actor.CoordinatedShutdown - Performing task [wait-singleton-exiting] in CoordinatedShutdown phase [cluster-exiting]
08:06:22.220 DEBUG akka.actor.CoordinatedShutdown - Performing task [wait-singleton-exiting] in CoordinatedShutdown phase [cluster-exiting]
08:06:22.220 DEBUG akka.actor.CoordinatedShutdown - Performing task [singleton-exiting-2] in CoordinatedShutdown phase [cluster-exiting]
08:06:22.220 DEBUG akka.actor.CoordinatedShutdown - Performing task [singleton-exiting-1] in CoordinatedShutdown phase [cluster-exiting]
08:06:22.221 DEBUG akka.actor.CoordinatedShutdown - Performing task [singleton-exiting-2] in CoordinatedShutdown phase [cluster-exiting]
08:06:22.221 DEBUG akka.actor.CoordinatedShutdown - Performing task [singleton-exiting-1] in CoordinatedShutdown phase [cluster-exiting]
08:06:22.221 DEBUG akka.actor.CoordinatedShutdown - Performing task [wait-singleton-exiting] in CoordinatedShutdown phase [cluster-exiting]
08:06:22.221 DEBUG akka.actor.CoordinatedShutdown - Performing task [wait-singleton-exiting] in CoordinatedShutdown phase [cluster-exiting]
08:06:22.221 DEBUG akka.actor.CoordinatedShutdown - Performing task [singleton-exiting-2] in CoordinatedShutdown phase [cluster-exiting]
08:06:22.221 DEBUG akka.actor.CoordinatedShutdown - Performing task [wait-singleton-exiting] in CoordinatedShutdown phase [cluster-exiting]
08:06:22.221 DEBUG akka.actor.CoordinatedShutdown - Performing task [singleton-exiting-1] in CoordinatedShutdown phase [cluster-exiting]
08:06:22.221 DEBUG akka.actor.CoordinatedShutdown - Performing task [singleton-exiting-2] in CoordinatedShutdown phase [cluster-exiting]
08:06:22.221 DEBUG akka.actor.CoordinatedShutdown - Performing task [singleton-exiting-1] in CoordinatedShutdown phase [cluster-exiting]
08:06:22.221 DEBUG akka.actor.CoordinatedShutdown - Performing task [singleton-exiting-2] in CoordinatedShutdown phase [cluster-exiting]
08:06:22.221 DEBUG akka.actor.CoordinatedShutdown - Performing task [singleton-exiting-1] in CoordinatedShutdown phase [cluster-exiting]
08:06:22.221 DEBUG akka.actor.CoordinatedShutdown - Performing task [wait-singleton-exiting] in CoordinatedShutdown phase [cluster-exiting]
08:06:22.221 DEBUG akka.actor.CoordinatedShutdown - Performing task [wait-exiting] in CoordinatedShutdown phase [cluster-exiting]
08:06:22.221 DEBUG akka.actor.CoordinatedShutdown - Performing task [singleton-exiting-2] in CoordinatedShutdown phase [cluster-exiting]
08:06:22.221 DEBUG akka.actor.CoordinatedShutdown - Performing task [wait-singleton-exiting] in CoordinatedShutdown phase [cluster-exiting]
08:06:22.221 INFO  a.c.s.ClusterSingletonManager - Exited [akka://akka-runtime@127.0.0.1:63077].
08:06:22.221 DEBUG akka.actor.CoordinatedShutdown - Performing task [singleton-exiting-1] in CoordinatedShutdown phase [cluster-exiting]
08:06:22.221 DEBUG akka.actor.CoordinatedShutdown - Performing task [singleton-exiting-2] in CoordinatedShutdown phase [cluster-exiting]
08:06:22.221 DEBUG akka.actor.CoordinatedShutdown - Performing task [singleton-exiting-1] in CoordinatedShutdown phase [cluster-exiting]
08:06:22.221 INFO  a.c.s.ClusterSingletonManager - Exited [akka://akka-runtime@127.0.0.1:63077].
08:06:22.221 DEBUG akka.actor.CoordinatedShutdown - Performing task [wait-singleton-exiting] in CoordinatedShutdown phase [cluster-exiting]
08:06:22.221 DEBUG akka.actor.CoordinatedShutdown - Performing task [wait-singleton-exiting] in CoordinatedShutdown phase [cluster-exiting]
08:06:22.221 INFO  a.c.s.ClusterSingletonManager - Exited [akka://akka-runtime@127.0.0.1:63077].
08:06:22.221 INFO  a.c.s.ClusterSingletonManager - Exited [akka://akka-runtime@127.0.0.1:63077].
08:06:22.221 INFO  a.c.s.ClusterSingletonManager - Exited [akka://akka-runtime@127.0.0.1:63077].
08:06:22.221 INFO  a.c.s.ClusterSingletonManager - Exited [akka://akka-runtime@127.0.0.1:63077].
08:06:22.221 INFO  a.c.s.ClusterSingletonManager - Exited [akka://akka-runtime@127.0.0.1:63077].
08:06:22.221 INFO  a.c.s.ClusterSingletonManager - Exited [akka://akka-runtime@127.0.0.1:63077].
08:06:22.221 INFO  a.c.s.ClusterSingletonManager - Oldest observed OldestChanged: [akka://akka-runtime@127.0.0.1:63077 -> None]
08:06:22.221 INFO  a.c.s.ClusterSingletonManager - Oldest observed OldestChanged: [akka://akka-runtime@127.0.0.1:63077 -> None]
08:06:22.221 INFO  a.c.s.ClusterSingletonManager - Oldest observed OldestChanged: [akka://akka-runtime@127.0.0.1:63077 -> None]
08:06:22.222 INFO  a.c.s.ClusterSingletonManager - Oldest observed OldestChanged: [akka://akka-runtime@127.0.0.1:63077 -> None]
08:06:22.222 INFO  a.c.s.ClusterSingletonManager - Oldest observed OldestChanged: [akka://akka-runtime@127.0.0.1:63077 -> None]
08:06:22.222 INFO  a.c.s.ClusterSingletonManager - Exited [akka://akka-runtime@127.0.0.1:63077].
08:06:22.222 INFO  a.c.s.ClusterSingletonManager - Oldest observed OldestChanged: [akka://akka-runtime@127.0.0.1:63077 -> None]
08:06:22.222 INFO  a.c.s.ClusterSingletonManager - Oldest observed OldestChanged: [akka://akka-runtime@127.0.0.1:63077 -> None]
08:06:22.222 INFO  a.c.s.ClusterSingletonManager - Oldest observed OldestChanged: [akka://akka-runtime@127.0.0.1:63077 -> None]
08:06:22.222 INFO  a.c.s.ClusterSingletonManager - Oldest observed OldestChanged: [akka://akka-runtime@127.0.0.1:63077 -> None]
08:06:22.222 INFO  a.c.s.ClusterSingletonManager - ClusterSingletonManager state change [Oldest -> WasOldest]
08:06:22.222 INFO  a.c.s.ClusterSingletonManager - ClusterSingletonManager state change [Oldest -> WasOldest]
08:06:22.222 INFO  a.c.s.ClusterSingletonManager - ClusterSingletonManager state change [Oldest -> WasOldest]
08:06:22.222 INFO  a.c.s.ClusterSingletonManager - ClusterSingletonManager state change [Oldest -> WasOldest]
08:06:22.222 INFO  a.c.s.ClusterSingletonManager - ClusterSingletonManager state change [Oldest -> WasOldest]
08:06:22.222 INFO  a.c.s.ClusterSingletonManager - ClusterSingletonManager state change [Oldest -> WasOldest]
08:06:22.222 INFO  a.c.s.ClusterSingletonManager - ClusterSingletonManager state change [Oldest -> WasOldest]
08:06:22.222 INFO  a.c.s.ClusterSingletonManager - ClusterSingletonManager state change [Oldest -> WasOldest]
08:06:22.222 INFO  a.c.s.ClusterSingletonManager - ClusterSingletonManager state change [Oldest -> WasOldest]
08:06:22.981 DEBUG a.c.s.t.i.ShardedDaemonProcessCoordinator$ - Sending periodic keep alive for Sharded Daemon Process [eventSourcedProjection-passivation-race-entity-passivation-race-consumer-a] to [1] processes (revision [0]).
08:06:22.981 DEBUG a.c.s.t.i.ShardedDaemonProcessCoordinator$ - Sending periodic keep alive for Sharded Daemon Process [eventSourcedProjection-passivation-race-entity-passivation-race-consumer-b] to [1] processes (revision [0]).
08:06:22.981 DEBUG a.c.s.t.i.ShardedDaemonProcessCoordinator$ - Sending periodic keep alive for Sharded Daemon Process [eventSourcedProjection-passivation-race-entity-passivation-race-view] to [1] processes (revision [0]).
08:06:23.156 DEBUG a.c.singleton.ClusterSingletonProxy - Creating singleton identification timer...
08:06:23.156 DEBUG a.c.singleton.ClusterSingletonProxy - Creating singleton identification timer...
08:06:23.156 DEBUG a.c.singleton.ClusterSingletonProxy - Creating singleton identification timer...
08:06:23.156 DEBUG a.c.singleton.ClusterSingletonProxy - Creating singleton identification timer...
08:06:23.194 ERROR akka.javasdk.testkit.TestKit - TestKit runtime failed to terminate
java.lang.RuntimeException: Failed to stop [akka-runtime] within [10 seconds] 
-> / LocalActorRefProvider$$anon$2 class akka.actor.LocalActorRefProvider$Guardian status=0 2 children
   ⌊-> system LocalActorRef class akka.actor.LocalActorRefProvider$SystemGuardian status=0 43 children
   |   ⌊-> IO-DNS RepointableActorRef class akka.io.SimpleDnsManager status=0 1 children
   |   |   ⌊-> inet-address RoutedActorRef class akka.routing.RouterPoolActor status=0 4 children
   |   |       ⌊-> $a LocalActorRef class akka.io.InetAddressDnsResolver status=0 no children
   |   |       ⌊-> $b LocalActorRef class akka.io.InetAddressDnsResolver status=0 no children
   |   |       ⌊-> $c LocalActorRef class akka.io.InetAddressDnsResolver status=0 no children
   |   |       ⌊-> $d LocalActorRef class akka.io.InetAddressDnsResolver status=0 no children
   |   ⌊-> IO-TCP RepointableActorRef class akka.io.TcpManager status=0 1 children
   |   |   ⌊-> selectors RoutedActorRef class akka.routing.RouterPoolActor status=0 1 children
   |   |       ⌊-> $a LocalActorRef class akka.io.SelectionHandler status=0 2 children
   |   |           ⌊-> 0 LocalActorRef class akka.io.TcpListener status=0 no children
   |   |           ⌊-> 1 LocalActorRef class akka.io.TcpListener status=0 no children
   |   ⌊-> Materializers RepointableActorRef class akka.stream.impl.MaterializerGuardian status=0 4 children
   |   |   ⌊-> StreamSupervisor-0 LocalActorRef class akka.stream.impl.StreamSupervisor status=0 2 children
   |   |   |   ⌊-> flow-7-0-ignoreSink RepointableActorRef class akka.stream.impl.fusing.ActorGraphInterpreter status=0 no children
   |   |   |   ⌊-> flow-8-0-PoolFlow RepointableActorRef class akka.stream.impl.fusing.ActorGraphInterpreter status=0 no children
   |   |   ⌊-> StreamSupervisor-1 LocalActorRef class akka.stream.impl.StreamSupervisor status=0 6 children
   |   |   |   ⌊-> remote-0-0-ignoreSink RepointableActorRef class akka.stream.impl.fusing.ActorGraphInterpreter status=0 no children
   |   |   |   ⌊-> remote-2-0-unnamed RepointableActorRef class akka.stream.impl.fusing.ActorGraphInterpreter status=0 no children
   |   |   |   ⌊-> remote-3-0-ignoreSink RepointableActorRef class akka.stream.impl.fusing.ActorGraphInterpreter status=0 no children
   |   |   |   ⌊-> remote-4-0-ignoreSink RepointableActorRef class akka.stream.impl.fusing.ActorGraphInterpreter status=0 no children
   |   |   |   ⌊-> remote-5-0-ignoreSink RepointableActorRef class akka.stream.impl.fusing.ActorGraphInterpreter status=0 no children
   |   |   |   ⌊-> remote-6-0-ignoreSink RepointableActorRef class akka.stream.impl.fusing.ActorGraphInterpreter status=0 no children
   |   |   ⌊-> StreamSupervisor-2 LocalActorRef class akka.stream.impl.StreamSupervisor status=0 1 children
   |   |   |   ⌊-> remoteControl-1-0-ignoreSink RepointableActorRef class akka.stream.impl.fusing.ActorGraphInterpreter status=0 no children
   |   |   ⌊-> StreamSupervisor-3 LocalActorRef class akka.stream.impl.StreamSupervisor status=0 no children
   |   ⌊-> _timerShardCommandDelegator RepointableActorRef class akka.actor.typed.internal.adapter.ActorAdapter status=0 no children
   |   ⌊-> akka.persistence.r2dbc.journal RepointableActorRef class akka.persistence.r2dbc.journal.R2dbcJournal status=0 1 children
   |   |   ⌊-> $a LocalActorRef class akka.persistence.journal.AsyncWriteJournal$Resequencer status=0 no children
   |   ⌊-> akka.persistence.r2dbc.snapshot RepointableActorRef class akka.persistence.r2dbc.snapshot.R2dbcSnapshotStore status=0 no children
   |   ⌊-> cluster RepointableActorRef class akka.cluster.ClusterDaemon status=0 2 children
   |   |   ⌊-> core LocalActorRef class akka.cluster.ClusterCoreSupervisor status=0 2 children
   |   |   |   ⌊-> daemon LocalActorRef class akka.cluster.ClusterCoreDaemon status=0 3 children
   |   |   |   |   ⌊-> crossDcHeartbeatSender LocalActorRef class akka.cluster.CrossDcHeartbeatSender status=0 no children
   |   |   |   |   ⌊-> downingProvider LocalActorRef class akka.cluster.sbr.SplitBrainResolver status=0 no children
   |   |   |   |   ⌊-> heartbeatSender LocalActorRef class akka.cluster.ClusterHeartbeatSender status=0 no children
   |   |   |   ⌊-> publisher LocalActorRef class akka.cluster.ClusterDomainEventPublisher status=0 no children
   |   |   ⌊-> heartbeatReceiver LocalActorRef class akka.cluster.ClusterHeartbeatReceiver status=0 no children
   |   ⌊-> clusterCommandManager RepointableActorRef class akka.actor.typed.internal.adapter.ActorAdapter status=0 no children
   |   ⌊-> clusterEventBusListener RepointableActorRef class akka.cluster.ClusterReadView$$anon$1 status=0 no children
   |   ⌊-> clusterReceptionist RepointableActorRef class akka.actor.typed.internal.adapter.ActorAdapter status=0 1 children
   |   |   ⌊-> replicator LocalActorRef class akka.cluster.ddata.Replicator status=0 no children
   |   ⌊-> clusterStateSubscriptions RepointableActorRef class akka.actor.typed.internal.adapter.ActorAdapter status=0 no children
   |   ⌊-> ddataReplicator RepointableActorRef class akka.cluster.ddata.Replicator status=0 no children
   |   ⌊-> deadLetterListener RepointableActorRef class akka.event.DeadLetterListener status=0 no children
   |   ⌊-> discovery-manager RepointableActorRef class akka.actor.typed.internal.adapter.ActorAdapter status=0 no children
   |   ⌊-> discovery-watcher RepointableActorRef class akka.actor.typed.internal.adapter.ActorAdapter status=0 no children
   |   ⌊-> dynamicReplicationSettingsDdata RepointableActorRef class akka.actor.typed.internal.adapter.ActorAdapter status=0 no children
   |   ⌊-> eventStreamUnsubscriber-1 RepointableActorRef class akka.event.EventStreamUnsubscriber status=0 no children
   |   ⌊-> eventstream RepointableActorRef class akka.actor.typed.internal.adapter.ActorAdapter status=0 no children
   |   ⌊-> log-level-config RepointableActorRef class akka.actor.typed.internal.adapter.ActorAdapter status=0 no children
   |   ⌊-> log1-Slf4jLogger RepointableActorRef class akka.event.slf4j.Slf4jLogger status=0 no children
   |   ⌊-> passivation-race-entityShardCommandDelegator RepointableActorRef class akka.actor.typed.internal.adapter.ActorAdapter status=0 no children
   |   ⌊-> pool-master RepointableActorRef class akka.http.impl.engine.client.PoolMasterActor status=0 no children
   |   ⌊-> projection-eventSourcedProjection-passivation-race-entity-passivation-race-consumer-b RepointableActorRef class akka.actor.typed.internal.adapter.ActorAdapter status=0 no children
   |   ⌊-> projection-eventSourcedProjection-passivation-race-entity-passivation-race-view RepointableActorRef class akka.actor.typed.internal.adapter.ActorAdapter status=0 no children
   |   ⌊-> r2dbc-passivation-race-entity-0-1023 RepointableActorRef class akka.actor.typed.internal.adapter.ActorAdapter status=0 no children
   |   ⌊-> recoveryPermitter RepointableActorRef class akka.persistence.RecoveryPermitter status=0 no children
   |   ⌊-> remote-deployment-watcher RepointableActorRef class akka.remote.RemoteDeploymentWatcher status=0 no children
   |   ⌊-> remote-watcher RepointableActorRef class akka.cluster.ClusterRemoteWatcher status=0 no children
   |   ⌊-> remoting-terminator RepointableActorRef class akka.remote.RemoteActorRefProvider$RemotingTerminator status=0 no children
   |   ⌊-> sharded-daemon-process-eventSourcedProjection-passivation-race-entity-passivation-race-consumer-aShardCommandDelegator RepointableActorRef class akka.actor.typed.internal.adapter.ActorAdapter status=0 no children
   |   ⌊-> sharded-daemon-process-eventSourcedProjection-passivation-race-entity-passivation-race-consumer-bShardCommandDelegator RepointableActorRef class akka.actor.typed.internal.adapter.ActorAdapter status=0 no children
   |   ⌊-> sharded-daemon-process-eventSourcedProjection-passivation-race-entity-passivation-race-viewShardCommandDelegator RepointableActorRef class akka.actor.typed.internal.adapter.ActorAdapter status=0 no children
   |   ⌊-> sharding RepointableActorRef class akka.cluster.sharding.ClusterShardingGuardian status=0 6 children
   |   |   ⌊-> _timerCoordinator LocalActorRef class akka.cluster.singleton.ClusterSingletonManager status=0 2 children
   |   |   |   ⌊-> $a LocalActorRef class akka.cluster.singleton.ClusterSingletonManager$Internal$OldestChangedBuffer status=0 no children
   |   |   |   ⌊-> singleton LocalActorRef class akka.pattern.internal.BackoffOnStopSupervisor status=0 1 children
   |   |   |       ⌊-> coordinator LocalActorRef class akka.cluster.sharding.DDataShardCoordinator status=0 1 children
   |   |   |           ⌊-> RememberEntitiesStore LocalActorRef class akka.cluster.sharding.internal.DDataRememberEntitiesCoordinatorStore status=0 no children
   |   |   ⌊-> passivation-race-entityCoordinator LocalActorRef class akka.cluster.singleton.ClusterSingletonManager status=0 2 children
   |   |   |   ⌊-> $a LocalActorRef class akka.cluster.singleton.ClusterSingletonManager$Internal$OldestChangedBuffer status=0 no children
   |   |   |   ⌊-> singleton LocalActorRef class akka.pattern.internal.BackoffOnStopSupervisor status=0 1 children
   |   |   |       ⌊-> coordinator LocalActorRef class akka.cluster.sharding.DDataShardCoordinator status=0 no children
   |   |   ⌊-> replicator LocalActorRef class akka.cluster.ddata.Replicator status=0 no children
   |   |   ⌊-> sharded-daemon-process-eventSourcedProjection-passivation-race-entity-passivation-race-consumer-aCoordinator LocalActorRef class akka.cluster.singleton.ClusterSingletonManager status=0 2 children
   |   |   |   ⌊-> $a LocalActorRef class akka.cluster.singleton.ClusterSingletonManager$Internal$OldestChangedBuffer status=0 no children
   |   |   |   ⌊-> singleton LocalActorRef class akka.pattern.internal.BackoffOnStopSupervisor status=0 1 children
   |   |   |       ⌊-> coordinator LocalActorRef class akka.cluster.sharding.DDataShardCoordinator status=0 no children
   |   |   ⌊-> sharded-daemon-process-eventSourcedProjection-passivation-race-entity-passivation-race-consumer-bCoordinator LocalActorRef class akka.cluster.singleton.ClusterSingletonManager status=0 2 children
   |   |   |   ⌊-> $a LocalActorRef class akka.cluster.singleton.ClusterSingletonManager$Internal$OldestChangedBuffer status=0 no children
   |   |   |   ⌊-> singleton LocalActorRef class akka.pattern.internal.BackoffOnStopSupervisor status=0 1 children
   |   |   |       ⌊-> coordinator LocalActorRef class akka.cluster.sharding.DDataShardCoordinator status=0 no children
   |   |   ⌊-> sharded-daemon-process-eventSourcedProjection-passivation-race-entity-passivation-race-viewCoordinator LocalActorRef class akka.cluster.singleton.ClusterSingletonManager status=0 2 children
   |   |       ⌊-> $a LocalActorRef class akka.cluster.singleton.ClusterSingletonManager$Internal$OldestChangedBuffer status=0 no children
   |   |       ⌊-> singleton LocalActorRef class akka.pattern.internal.BackoffOnStopSupervisor status=0 1 children
   |   |           ⌊-> coordinator LocalActorRef class akka.cluster.sharding.DDataShardCoordinator status=0 no children
   |   ⌊-> singletonManagerShardedDaemonProcessCoordinator-eventSourcedProjection-passivation-race-entity-passivation-race-consumer-a RepointableActorRef class akka.cluster.singleton.ClusterSingletonManager status=0 2 children
   |   |   ⌊-> $a LocalActorRef class akka.cluster.singleton.ClusterSingletonManager$Internal$OldestChangedBuffer status=0 no children
   |   |   ⌊-> ShardedDaemonProcessCoordinator-eventSourcedProjection-passivation-race-entity-passivation-race-consumer-a LocalActorRef class akka.actor.typed.internal.adapter.ActorAdapter status=0 no children
   |   ⌊-> singletonManagerShardedDaemonProcessCoordinator-eventSourcedProjection-passivation-race-entity-passivation-race-consumer-b RepointableActorRef class akka.cluster.singleton.ClusterSingletonManager status=0 2 children
   |   |   ⌊-> $a LocalActorRef class akka.cluster.singleton.ClusterSingletonManager$Internal$OldestChangedBuffer status=0 no children
   |   |   ⌊-> ShardedDaemonProcessCoordinator-eventSourcedProjection-passivation-race-entity-passivation-race-consumer-b LocalActorRef class akka.actor.typed.internal.adapter.ActorAdapter status=0 no children
   |   ⌊-> singletonManagerShardedDaemonProcessCoordinator-eventSourcedProjection-passivation-race-entity-passivation-race-view RepointableActorRef class akka.cluster.singleton.ClusterSingletonManager status=0 2 children
   |   |   ⌊-> $a LocalActorRef class akka.cluster.singleton.ClusterSingletonManager$Internal$OldestChangedBuffer status=0 no children
   |   |   ⌊-> ShardedDaemonProcessCoordinator-eventSourcedProjection-passivation-race-entity-passivation-race-view LocalActorRef class akka.actor.typed.internal.adapter.ActorAdapter status=0 no children
   |   ⌊-> singletonManagerschemaSingleton RepointableActorRef class akka.cluster.singleton.ClusterSingletonManager status=0 2 children
   |   |   ⌊-> $a LocalActorRef class akka.cluster.singleton.ClusterSingletonManager$Internal$OldestChangedBuffer status=0 no children
   |   |   ⌊-> schemaSingleton LocalActorRef class akka.actor.typed.internal.adapter.ActorAdapter status=0 no children
   |   ⌊-> singletonProxyShardedDaemonProcessCoordinator-eventSourcedProjection-passivation-race-entity-passivation-race-consumer-a-no-dc RepointableActorRef class akka.cluster.singleton.ClusterSingletonProxy status=0 no children
   |   ⌊-> singletonProxyShardedDaemonProcessCoordinator-eventSourcedProjection-passivation-race-entity-passivation-race-consumer-b-no-dc RepointableActorRef class akka.cluster.singleton.ClusterSingletonProxy status=0 no children
   |   ⌊-> singletonProxyShardedDaemonProcessCoordinator-eventSourcedProjection-passivation-race-entity-passivation-race-view-no-dc RepointableActorRef class akka.cluster.singleton.ClusterSingletonProxy status=0 no children
   |   ⌊-> singletonProxyschemaSingleton-no-dc RepointableActorRef class akka.cluster.singleton.ClusterSingletonProxy status=0 no children
   |   ⌊-> timers-aggregator RepointableActorRef class akka.actor.typed.internal.adapter.ActorAdapter status=0 no children
   |   ⌊-> typedDdataReplicator RepointableActorRef class akka.actor.typed.internal.adapter.ActorAdapter status=0 no children
   ⌊-> user LocalActorRef class akka.actor.LocalActorRefProvider$Guardian status=0 no children
	at akka.testkit.TestKit$.shutdownActorSystem(TestKit.scala:1018)
	at akka.testkit.javadsl.TestKit$.shutdownActorSystem(TestKit.scala:596)
	at akka.testkit.javadsl.TestKit.shutdownActorSystem(TestKit.scala)
	at akka.javasdk.testkit.TestKit.stop(TestKit.java:1468)
	at repro.BootstrapWorkTimingTest.cycle(BootstrapWorkTimingTest.java:66)
	at repro.BootstrapWorkTimingTest.withBurstFromOnStartup(BootstrapWorkTimingTest.java:28)
	at java.base/jdk.internal.reflect.DirectMethodHandleAccessor.invoke(DirectMethodHandleAccessor.java:104)
	at java.base/java.lang.reflect.Method.invoke(Method.java:583)
	at org.junit.platform.commons.util.ReflectionUtils.invokeMethod(ReflectionUtils.java:767)
	at org.junit.jupiter.engine.execution.MethodInvocation.proceed(MethodInvocation.java:60)
	at org.junit.jupiter.engine.execution.InvocationInterceptorChain$ValidatingInvocation.proceed(InvocationInterceptorChain.java:131)
	at org.junit.jupiter.engine.extension.SameThreadTimeoutInvocation.proceed(SameThreadTimeoutInvocation.java:45)
	at org.junit.jupiter.engine.extension.TimeoutExtension.intercept(TimeoutExtension.java:156)
	at org.junit.jupiter.engine.extension.TimeoutExtension.interceptTestableMethod(TimeoutExtension.java:147)
	at org.junit.jupiter.engine.extension.TimeoutExtension.interceptTestMethod(TimeoutExtension.java:86)
	at org.junit.jupiter.engine.execution.InterceptingExecutableInvoker$ReflectiveInterceptorCall.lambda$ofVoidMethod$0(InterceptingExecutableInvoker.java:103)
	at org.junit.jupiter.engine.execution.InterceptingExecutableInvoker.lambda$invoke$0(InterceptingExecutableInvoker.java:93)
	at org.junit.jupiter.engine.execution.InvocationInterceptorChain$InterceptedInvocation.proceed(InvocationInterceptorChain.java:106)
	at org.junit.jupiter.engine.execution.InvocationInterceptorChain.proceed(InvocationInterceptorChain.java:64)
	at org.junit.jupiter.engine.execution.InvocationInterceptorChain.chainAndInvoke(InvocationInterceptorChain.java:45)
	at org.junit.jupiter.engine.execution.InvocationInterceptorChain.invoke(InvocationInterceptorChain.java:37)
	at org.junit.jupiter.engine.execution.InterceptingExecutableInvoker.invoke(InterceptingExecutableInvoker.java:92)
	at org.junit.jupiter.engine.execution.InterceptingExecutableInvoker.invoke(InterceptingExecutableInvoker.java:86)
	at org.junit.jupiter.engine.descriptor.TestMethodTestDescriptor.lambda$invokeTestMethod$8(TestMethodTestDescriptor.java:217)
	at org.junit.platform.engine.support.hierarchical.ThrowableCollector.execute(ThrowableCollector.java:73)
	at org.junit.jupiter.engine.descriptor.TestMethodTestDescriptor.invokeTestMethod(TestMethodTestDescriptor.java:213)
	at org.junit.jupiter.engine.descriptor.TestMethodTestDescriptor.execute(TestMethodTestDescriptor.java:138)
	at org.junit.jupiter.engine.descriptor.TestMethodTestDescriptor.execute(TestMethodTestDescriptor.java:68)
	at org.junit.platform.engine.support.hierarchical.NodeTestTask.lambda$executeRecursively$6(NodeTestTask.java:156)
	at org.junit.platform.engine.support.hierarchical.ThrowableCollector.execute(ThrowableCollector.java:73)
	at org.junit.platform.engine.support.hierarchical.NodeTestTask.lambda$executeRecursively$8(NodeTestTask.java:146)
	at org.junit.platform.engine.support.hierarchical.Node.around(Node.java:137)
	at org.junit.platform.engine.support.hierarchical.NodeTestTask.lambda$executeRecursively$9(NodeTestTask.java:144)
	at org.junit.platform.engine.support.hierarchical.ThrowableCollector.execute(ThrowableCollector.java:73)
	at org.junit.platform.engine.support.hierarchical.NodeTestTask.executeRecursively(NodeTestTask.java:143)
	at org.junit.platform.engine.support.hierarchical.NodeTestTask.execute(NodeTestTask.java:100)
	at java.base/java.util.ArrayList.forEach(ArrayList.java:1612)
	at org.junit.platform.engine.support.hierarchical.SameThreadHierarchicalTestExecutorService.invokeAll(SameThreadHierarchicalTestExecutorService.java:41)
	at org.junit.platform.engine.support.hierarchical.NodeTestTask.lambda$executeRecursively$6(NodeTestTask.java:160)
	at org.junit.platform.engine.support.hierarchical.ThrowableCollector.execute(ThrowableCollector.java:73)
	at org.junit.platform.engine.support.hierarchical.NodeTestTask.lambda$executeRecursively$8(NodeTestTask.java:146)
	at org.junit.platform.engine.support.hierarchical.Node.around(Node.java:137)
	at org.junit.platform.engine.support.hierarchical.NodeTestTask.lambda$executeRecursively$9(NodeTestTask.java:144)
	at org.junit.platform.engine.support.hierarchical.ThrowableCollector.execute(ThrowableCollector.java:73)
	at org.junit.platform.engine.support.hierarchical.NodeTestTask.executeRecursively(NodeTestTask.java:143)
	at org.junit.platform.engine.support.hierarchical.NodeTestTask.execute(NodeTestTask.java:100)
	at java.base/java.util.ArrayList.forEach(ArrayList.java:1612)
	at org.junit.platform.engine.support.hierarchical.SameThreadHierarchicalTestExecutorService.invokeAll(SameThreadHierarchicalTestExecutorService.java:41)
	at org.junit.platform.engine.support.hierarchical.NodeTestTask.lambda$executeRecursively$6(NodeTestTask.java:160)
	at org.junit.platform.engine.support.hierarchical.ThrowableCollector.execute(ThrowableCollector.java:73)
	at org.junit.platform.engine.support.hierarchical.NodeTestTask.lambda$executeRecursively$8(NodeTestTask.java:146)
	at org.junit.platform.engine.support.hierarchical.Node.around(Node.java:137)
	at org.junit.platform.engine.support.hierarchical.NodeTestTask.lambda$executeRecursively$9(NodeTestTask.java:144)
	at org.junit.platform.engine.support.hierarchical.ThrowableCollector.execute(ThrowableCollector.java:73)
	at org.junit.platform.engine.support.hierarchical.NodeTestTask.executeRecursively(NodeTestTask.java:143)
	at org.junit.platform.engine.support.hierarchical.NodeTestTask.execute(NodeTestTask.java:100)
	at org.junit.platform.engine.support.hierarchical.SameThreadHierarchicalTestExecutorService.submit(SameThreadHierarchicalTestExecutorService.java:35)
	at org.junit.platform.engine.support.hierarchical.HierarchicalTestExecutor.execute(HierarchicalTestExecutor.java:57)
	at org.junit.platform.engine.support.hierarchical.HierarchicalTestEngine.execute(HierarchicalTestEngine.java:54)
	at org.junit.platform.launcher.core.DefaultLauncher.execute(DefaultLauncher.java:220)
	at org.junit.platform.launcher.core.DefaultLauncher.lambda$execute$6(DefaultLauncher.java:188)
	at org.junit.platform.launcher.core.DefaultLauncher.withInterceptedStreams(DefaultLauncher.java:202)
	at org.junit.platform.launcher.core.DefaultLauncher.execute(DefaultLauncher.java:181)
	at org.junit.platform.launcher.core.DefaultLauncher.execute(DefaultLauncher.java:128)
	at org.apache.maven.surefire.junitplatform.JUnitPlatformProvider.invokeAllTests(JUnitPlatformProvider.java:150)
	at org.apache.maven.surefire.junitplatform.JUnitPlatformProvider.invoke(JUnitPlatformProvider.java:124)
	at org.apache.maven.surefire.booter.ForkedBooter.invokeProviderInSameClassLoader(ForkedBooter.java:384)
	at org.apache.maven.surefire.booter.ForkedBooter.runSuitesInProcess(ForkedBooter.java:345)
	at org.apache.maven.surefire.booter.ForkedBooter.execute(ForkedBooter.java:126)
	at org.apache.maven.surefire.booter.ForkedBooter.main(ForkedBooter.java:418)
08:06:23.211 ERROR repro.Bootstrap - onStartup() threw an exception
java.util.concurrent.TimeoutException: Command to entity [passivation-race-entity] id [3b9bd74e-adbd-4b73-88aa-8c58f2015553] timed out.
	at kalix.runtime.eventsourcedentity.EventSourcedSupport$$anonfun$$nestedInanonfun$handleCommand$1$1.applyOrElse(EventSourcedEntitySupportFactory.scala:191)
	at kalix.runtime.eventsourcedentity.EventSourcedSupport$$anonfun$$nestedInanonfun$handleCommand$1$1.applyOrElse(EventSourcedEntitySupportFactory.scala:189)
	at scala.concurrent.impl.Promise$Transformation.run(Promise.scala:523)
	at akka.dispatch.BatchingExecutor$AbstractBatch.processBatch(BatchingExecutor.scala:64)
	at akka.dispatch.BatchingExecutor$BlockableBatch.$anonfun$run$1(BatchingExecutor.scala:101)
	at scala.runtime.java8.JFunction0$mcV$sp.apply(JFunction0$mcV$sp.scala:18)
	at scala.concurrent.BlockContext$.withBlockContext(BlockContext.scala:94)
	at akka.dispatch.BatchingExecutor$BlockableBatch.run(BatchingExecutor.scala:101)
	at akka.dispatch.TaskInvocation.run(AbstractDispatcher.scala:48)
	at akka.dispatch.ForkJoinExecutorConfigurator$AkkaForkJoinTask.exec(ForkJoinExecutorConfigurator.scala:60)
	at java.base/java.util.concurrent.ForkJoinTask.doExec(ForkJoinTask.java:507)
	at java.base/java.util.concurrent.ForkJoinPool$WorkQueue.topLevelExec(ForkJoinPool.java:1450)
	at java.base/java.util.concurrent.ForkJoinPool.runWorker(ForkJoinPool.java:2019)
	at java.base/java.util.concurrent.ForkJoinWorkerThread.run(ForkJoinWorkerThread.java:187)
08:06:23.241 INFO  a.c.s.ClusterSingletonManager - Singleton manager stopping singleton actor [akka://akka-runtime/system/singletonManagerschemaSingleton/schemaSingleton]
08:06:23.241 INFO  a.c.s.ClusterSingletonManager - Singleton manager stopping singleton actor [akka://akka-runtime/system/sharding/sharded-daemon-process-eventSourcedProjection-passivation-race-entity-passivation-race-consumer-aCoordinator/singleton]
08:06:23.241 INFO  a.c.s.ClusterSingletonManager - Singleton manager stopping singleton actor [akka://akka-runtime/system/singletonManagerShardedDaemonProcessCoordinator-eventSourcedProjection-passivation-race-entity-passivation-race-consumer-b/ShardedDaemonProcessCoordinator-eventSourcedProjection-passivation-race-entity-passivation-race-consumer-b]
08:06:23.241 INFO  a.c.s.ClusterSingletonManager - Singleton manager stopping singleton actor [akka://akka-runtime/system/sharding/passivation-race-entityCoordinator/singleton]
08:06:23.241 INFO  a.c.s.ClusterSingletonManager - Singleton manager stopping singleton actor [akka://akka-runtime/system/singletonManagerShardedDaemonProcessCoordinator-eventSourcedProjection-passivation-race-entity-passivation-race-view/ShardedDaemonProcessCoordinator-eventSourcedProjection-passivation-race-entity-passivation-race-view]
08:06:23.241 INFO  a.c.s.ClusterSingletonManager - Singleton manager stopping singleton actor [akka://akka-runtime/system/sharding/sharded-daemon-process-eventSourcedProjection-passivation-race-entity-passivation-race-consumer-bCoordinator/singleton]
08:06:23.241 INFO  a.c.s.ClusterSingletonManager - Singleton manager stopping singleton actor [akka://akka-runtime/system/sharding/sharded-daemon-process-eventSourcedProjection-passivation-race-entity-passivation-race-viewCoordinator/singleton]
08:06:23.241 INFO  a.c.s.ClusterSingletonManager - Singleton manager stopping singleton actor [akka://akka-runtime/system/sharding/_timerCoordinator/singleton]
08:06:23.241 INFO  a.c.s.ClusterSingletonManager - Singleton manager stopping singleton actor [akka://akka-runtime/system/singletonManagerShardedDaemonProcessCoordinator-eventSourcedProjection-passivation-race-entity-passivation-race-consumer-a/ShardedDaemonProcessCoordinator-eventSourcedProjection-passivation-race-entity-passivation-race-consumer-a]
08:06:23.241 INFO  a.c.s.ClusterSingletonManager - ClusterSingletonManager state change [WasOldest -> Stopping]
08:06:23.241 INFO  a.c.s.ClusterSingletonManager - ClusterSingletonManager state change [WasOldest -> Stopping]
08:06:23.241 INFO  a.c.s.ClusterSingletonManager - ClusterSingletonManager state change [WasOldest -> Stopping]
08:06:23.241 INFO  a.c.s.ClusterSingletonManager - ClusterSingletonManager state change [WasOldest -> Stopping]
08:06:23.241 INFO  a.c.s.ClusterSingletonManager - Singleton actor [akka://akka-runtime/system/singletonManagerShardedDaemonProcessCoordinator-eventSourcedProjection-passivation-race-entity-passivation-race-view/ShardedDaemonProcessCoordinator-eventSourcedProjection-passivation-race-entity-passivation-race-view] was terminated
08:06:23.241 INFO  a.c.s.ClusterSingletonManager - ClusterSingletonManager state change [WasOldest -> Stopping]
08:06:23.242 INFO  a.c.s.ClusterSingletonManager - ClusterSingletonManager state change [WasOldest -> Stopping]
08:06:23.242 INFO  a.c.s.ClusterSingletonManager - ClusterSingletonManager state change [WasOldest -> Stopping]
08:06:23.242 INFO  a.c.s.ClusterSingletonManager - Singleton actor [akka://akka-runtime/system/singletonManagerShardedDaemonProcessCoordinator-eventSourcedProjection-passivation-race-entity-passivation-race-consumer-a/ShardedDaemonProcessCoordinator-eventSourcedProjection-passivation-race-entity-passivation-race-consumer-a] was terminated
08:06:23.242 INFO  a.c.s.ClusterSingletonManager - ClusterSingletonManager state change [WasOldest -> Stopping]
08:06:23.242 INFO  a.c.s.ClusterSingletonManager - Singleton actor [akka://akka-runtime/system/singletonManagerschemaSingleton/schemaSingleton] was terminated
08:06:23.242 DEBUG a.c.sharding.DDataShardCoordinator - sharded-daemon-process-eventSourcedProjection-passivation-race-entity-passivation-race-consumer-a: Received termination message.
08:06:23.242 DEBUG a.c.sharding.DDataShardCoordinator - passivation-race-entity: Received termination message.
08:06:23.242 DEBUG a.c.sharding.DDataShardCoordinator - sharded-daemon-process-eventSourcedProjection-passivation-race-entity-passivation-race-consumer-b: Received termination message.
08:06:23.242 INFO  a.c.s.ClusterSingletonManager - Singleton actor [akka://akka-runtime/system/singletonManagerShardedDaemonProcessCoordinator-eventSourcedProjection-passivation-race-entity-passivation-race-consumer-b/ShardedDaemonProcessCoordinator-eventSourcedProjection-passivation-race-entity-passivation-race-consumer-b] was terminated
08:06:23.242 DEBUG a.c.sharding.DDataShardCoordinator - _timer: Received termination message.
08:06:23.242 INFO  a.c.s.ClusterSingletonManager - ClusterSingletonManager state change [WasOldest -> Stopping]
08:06:23.243 INFO  a.c.s.ClusterSingletonManager - Singleton actor [akka://akka-runtime/system/sharding/sharded-daemon-process-eventSourcedProjection-passivation-race-entity-passivation-race-consumer-aCoordinator/singleton] was terminated
08:06:23.243 INFO  a.c.s.ClusterSingletonManager - Singleton actor [akka://akka-runtime/system/sharding/_timerCoordinator/singleton] was terminated
08:06:23.243 INFO  a.c.s.ClusterSingletonManager - Singleton actor [akka://akka-runtime/system/sharding/passivation-race-entityCoordinator/singleton] was terminated
08:06:23.243 INFO  a.c.s.ClusterSingletonManager - Singleton actor [akka://akka-runtime/system/sharding/sharded-daemon-process-eventSourcedProjection-passivation-race-entity-passivation-race-consumer-bCoordinator/singleton] was terminated
08:06:23.244 DEBUG a.c.sharding.DDataShardCoordinator - sharded-daemon-process-eventSourcedProjection-passivation-race-entity-passivation-race-view: Received termination message.
08:06:23.244 INFO  a.c.s.ClusterSingletonManager - Singleton actor [akka://akka-runtime/system/sharding/sharded-daemon-process-eventSourcedProjection-passivation-race-entity-passivation-race-viewCoordinator/singleton] was terminated
08:06:23.245 DEBUG akka.actor.CoordinatedShutdown - Performing phase [cluster-exiting-done] with [1] tasks.
08:06:23.245 DEBUG akka.actor.CoordinatedShutdown - Performing task [exiting-completed] in CoordinatedShutdown phase [cluster-exiting-done]
08:06:23.248 DEBUG akka.actor.CoordinatedShutdown - Performing phase [cluster-shutdown] with [1] tasks.
08:06:23.248 DEBUG akka.actor.CoordinatedShutdown - Performing task [wait-shutdown] in CoordinatedShutdown phase [cluster-shutdown]
08:06:23.249 DEBUG akka.actor.CoordinatedShutdown - Performing phase [before-actor-system-terminate] with [2] tasks.
08:06:23.249 DEBUG akka.actor.CoordinatedShutdown - Performing task [close connection pools] in CoordinatedShutdown phase [before-actor-system-terminate]
08:06:23.252 DEBUG akka.actor.CoordinatedShutdown - Performing task [close-grpc-channels] in CoordinatedShutdown phase [before-actor-system-terminate]
08:06:23.254 DEBUG akka.actor.CoordinatedShutdown - Performing phase [actor-system-terminate] with [1] tasks.
08:06:23.254 DEBUG akka.actor.CoordinatedShutdown - Performing task [terminate-system] in CoordinatedShutdown phase [actor-system-terminate]
08:06:23.308 INFO  akka.runtime.AkkaRuntimeMain - Starting Akka Runtime version [1.6.15]
08:06:23.324 INFO  akka.javasdk.impl.ComponentLocator$ - Looking for component descriptors matching pattern [META-INF/akka-javasdk-components_*.conf]
08:06:23.336 INFO  akka.javasdk.testkit.TestKit - Eventing TestKit booting up on port: 63083
08:06:23.340 DEBUG a.c.singleton.ClusterSingletonProxy - Singleton not available, buffering message type [kalix.runtime.SchemaSingleton$ExecDdl]
08:06:23.340 DEBUG a.c.singleton.ClusterSingletonProxy - Creating singleton identification timer...
08:06:23.340 DEBUG a.c.singleton.ClusterSingletonProxy - Trying to identify singleton at [akka://akka-runtime@127.0.0.1:63084/system/singletonManagerschemaSingleton/schemaSingleton]
08:06:23.340 INFO  a.c.s.ClusterSingletonManager - Singleton manager starting singleton actor [akka://akka-runtime/system/singletonManagerschemaSingleton/schemaSingleton]
08:06:23.341 INFO  a.c.s.ClusterSingletonManager - ClusterSingletonManager state change [Start -> Oldest]
08:06:23.342 INFO  akka.javasdk.testkit.TestKit - Checking runtime status
08:06:23.405 DEBUG a.c.singleton.ClusterSingletonProxy - Trying to identify singleton at [akka://akka-runtime@127.0.0.1:63084/system/singletonManagerschemaSingleton/schemaSingleton]
08:06:23.405 INFO  a.c.singleton.ClusterSingletonProxy - Singleton identified at [akka://akka-runtime/system/singletonManagerschemaSingleton/schemaSingleton]
08:06:23.405 DEBUG a.c.singleton.ClusterSingletonProxy - Sending buffered messages to current singleton instance
08:06:23.410 INFO  a.c.s.typed.scaladsl.ClusterSharding - Starting Shard Region [passivation-race-entity]...
08:06:23.411 INFO  akka.cluster.sharding.ShardRegion - passivation-race-entity: Automatic entity passivation: composite strategy with limit of [10000] active entities, admission window (least recently used entities) with proportions [initial = 0.01, min = 0.01, max = 1.0] adapting with hill-climbing optimizer [adjust multiplier = 10.0, initial step = 0.0625, restart threshold = 0.05, step decay = 0.98], admit using frequency sketch [width multiplier = 4, reset multiplier = 10.0, depth = 4, counter bits = 4], main (least recently used entities (segmented with [2] levels with proportions of [0.20, 0.80]))
08:06:23.412 INFO  a.c.s.ClusterSingletonManager - Singleton manager starting singleton actor [akka://akka-runtime/system/sharding/passivation-race-entityCoordinator/singleton]
08:06:23.412 INFO  a.c.s.ClusterSingletonManager - ClusterSingletonManager state change [Start -> Oldest]
08:06:23.412 DEBUG a.c.sharding.DDataShardCoordinator - passivation-race-entity: Initial coordinator is empty.
08:06:23.412 INFO  a.c.sharding.DDataShardCoordinator - passivation-race-entity: ShardCoordinator was moved to the active state with [0] shards
08:06:23.414 DEBUG a.c.singleton.ClusterSingletonProxy - Forwarding message of type [SchemaSingleton$ExecDdl] to current singleton instance at [akka://akka-runtime/system/singletonManagerschemaSingleton/schemaSingleton]
08:06:23.416 INFO  akka.runtime.DiscoveryManager - Service components: EventSourcedEntity: [1], Consumer: [2], View: [1]
08:06:23.419 INFO  a.c.s.typed.scaladsl.ClusterSharding - Starting Shard Region [_timer]...
08:06:23.420 INFO  a.c.s.typed.scaladsl.ClusterSharding - Starting Shard Region [sharded-daemon-process-eventSourcedProjection-passivation-race-entity-passivation-race-consumer-a]...
08:06:23.420 INFO  a.c.s.ClusterSingletonManager - Singleton manager starting singleton actor [akka://akka-runtime/system/sharding/_timerCoordinator/singleton]
08:06:23.420 INFO  akka.cluster.sharding.ShardRegion - sharded-daemon-process-eventSourcedProjection-passivation-race-entity-passivation-race-consumer-a: Automatic entity passivation: disabled
08:06:23.420 INFO  a.c.s.ClusterSingletonManager - ClusterSingletonManager state change [Start -> Oldest]
08:06:23.421 DEBUG a.c.sharding.DDataShardCoordinator - _timer: Starting remember entities store from provider akka.cluster.sharding.internal.DDataRememberEntitiesProvider@72a2fe93
08:06:23.421 DEBUG a.c.sharding.DDataShardCoordinator - _timer: Initial coordinator is empty.
08:06:23.421 INFO  a.c.sharding.DDataShardCoordinator - _timer: ShardCoordinator was moved to the active state with [0] shards
08:06:23.421 INFO  a.c.s.typed.scaladsl.ClusterSharding - Starting Shard Region [sharded-daemon-process-eventSourcedProjection-passivation-race-entity-passivation-race-consumer-b]...
08:06:23.421 DEBUG a.c.sharding.DDataShardCoordinator - _timer: Received [0] remembered shard ids (after state initialized)
08:06:23.422 INFO  a.c.s.ClusterSingletonManager - Singleton manager starting singleton actor [akka://akka-runtime/system/sharding/sharded-daemon-process-eventSourcedProjection-passivation-race-entity-passivation-race-consumer-aCoordinator/singleton]
08:06:23.422 INFO  a.c.s.ClusterSingletonManager - ClusterSingletonManager state change [Start -> Oldest]
08:06:23.422 INFO  akka.cluster.sharding.ShardRegion - sharded-daemon-process-eventSourcedProjection-passivation-race-entity-passivation-race-consumer-b: Automatic entity passivation: disabled
08:06:23.422 DEBUG a.c.singleton.ClusterSingletonProxy - Creating singleton identification timer...
08:06:23.422 DEBUG a.c.singleton.ClusterSingletonProxy - Trying to identify singleton at [akka://akka-runtime@127.0.0.1:63084/system/singletonManagerShardedDaemonProcessCoordinator-eventSourcedProjection-passivation-race-entity-passivation-race-consumer-a/ShardedDaemonProcessCoordinator-eventSourcedProjection-passivation-race-entity-passivation-race-consumer-a]
08:06:23.422 DEBUG a.c.sharding.DDataShardCoordinator - sharded-daemon-process-eventSourcedProjection-passivation-race-entity-passivation-race-consumer-a: Initial coordinator is empty.
08:06:23.422 INFO  a.c.sharding.DDataShardCoordinator - sharded-daemon-process-eventSourcedProjection-passivation-race-entity-passivation-race-consumer-a: ShardCoordinator was moved to the active state with [0] shards
08:06:23.423 INFO  a.c.s.typed.scaladsl.ClusterSharding - Starting Shard Region [sharded-daemon-process-eventSourcedProjection-passivation-race-entity-passivation-race-view]...
08:06:23.423 INFO  akka.cluster.sharding.ShardRegion - sharded-daemon-process-eventSourcedProjection-passivation-race-entity-passivation-race-view: Automatic entity passivation: disabled
08:06:23.423 INFO  a.c.s.ClusterSingletonManager - Singleton manager starting singleton actor [akka://akka-runtime/system/singletonManagerShardedDaemonProcessCoordinator-eventSourcedProjection-passivation-race-entity-passivation-race-consumer-a/ShardedDaemonProcessCoordinator-eventSourcedProjection-passivation-race-entity-passivation-race-consumer-a]
08:06:23.423 INFO  a.c.s.ClusterSingletonManager - ClusterSingletonManager state change [Start -> Oldest]
08:06:23.423 DEBUG a.c.s.t.i.ShardedDaemonProcessCoordinator$ - ShardedDaemonProcessCoordinator for [eventSourcedProjection-passivation-race-entity-passivation-race-consumer-a] starting
08:06:23.423 DEBUG a.c.singleton.ClusterSingletonProxy - Creating singleton identification timer...
08:06:23.424 DEBUG a.c.singleton.ClusterSingletonProxy - Trying to identify singleton at [akka://akka-runtime@127.0.0.1:63084/system/singletonManagerShardedDaemonProcessCoordinator-eventSourcedProjection-passivation-race-entity-passivation-race-consumer-b/ShardedDaemonProcessCoordinator-eventSourcedProjection-passivation-race-entity-passivation-race-consumer-b]
08:06:23.424 INFO  a.c.s.ClusterSingletonManager - Singleton manager starting singleton actor [akka://akka-runtime/system/sharding/sharded-daemon-process-eventSourcedProjection-passivation-race-entity-passivation-race-consumer-bCoordinator/singleton]
08:06:23.424 INFO  a.c.s.ClusterSingletonManager - ClusterSingletonManager state change [Start -> Oldest]
08:06:23.424 DEBUG a.c.s.t.i.ShardedDaemonProcessCoordinator$ - eventSourcedProjection-passivation-race-entity-passivation-race-consumer-a: No previous state stored for Sharded Daemon Process
08:06:23.424 DEBUG a.c.s.t.i.ShardedDaemonProcessCoordinator$ - Sending periodic keep alive for Sharded Daemon Process [eventSourcedProjection-passivation-race-entity-passivation-race-consumer-a] to [1] processes (revision [0]).
08:06:23.424 DEBUG a.c.sharding.DDataShardCoordinator - sharded-daemon-process-eventSourcedProjection-passivation-race-entity-passivation-race-consumer-b: Initial coordinator is empty.
08:06:23.424 INFO  a.c.sharding.DDataShardCoordinator - sharded-daemon-process-eventSourcedProjection-passivation-race-entity-passivation-race-consumer-b: ShardCoordinator was moved to the active state with [0] shards
08:06:23.424 DEBUG a.c.singleton.ClusterSingletonProxy - Creating singleton identification timer...
08:06:23.424 DEBUG a.c.singleton.ClusterSingletonProxy - Trying to identify singleton at [akka://akka-runtime@127.0.0.1:63084/system/singletonManagerShardedDaemonProcessCoordinator-eventSourcedProjection-passivation-race-entity-passivation-race-view/ShardedDaemonProcessCoordinator-eventSourcedProjection-passivation-race-entity-passivation-race-view]
08:06:23.424 INFO  a.c.s.ClusterSingletonManager - Singleton manager starting singleton actor [akka://akka-runtime/system/singletonManagerShardedDaemonProcessCoordinator-eventSourcedProjection-passivation-race-entity-passivation-race-consumer-b/ShardedDaemonProcessCoordinator-eventSourcedProjection-passivation-race-entity-passivation-race-consumer-b]
08:06:23.424 INFO  a.c.s.ClusterSingletonManager - ClusterSingletonManager state change [Start -> Oldest]
08:06:23.425 DEBUG a.c.s.t.i.ShardedDaemonProcessCoordinator$ - ShardedDaemonProcessCoordinator for [eventSourcedProjection-passivation-race-entity-passivation-race-consumer-b] starting
08:06:23.425 DEBUG a.c.s.t.i.ShardedDaemonProcessCoordinator$ - eventSourcedProjection-passivation-race-entity-passivation-race-consumer-b: No previous state stored for Sharded Daemon Process
08:06:23.425 DEBUG a.c.s.t.i.ShardedDaemonProcessCoordinator$ - Sending periodic keep alive for Sharded Daemon Process [eventSourcedProjection-passivation-race-entity-passivation-race-consumer-b] to [1] processes (revision [0]).
08:06:23.425 INFO  akka.runtime.DiscoveryManager - Akka Runtime started at 127.0.0.1:63082
08:06:23.426 INFO  repro.Bootstrap - onStartup burst of 8 starting
08:06:23.426 INFO  a.c.s.ClusterSingletonManager - Singleton manager starting singleton actor [akka://akka-runtime/system/sharding/sharded-daemon-process-eventSourcedProjection-passivation-race-entity-passivation-race-viewCoordinator/singleton]
08:06:23.426 INFO  a.c.s.ClusterSingletonManager - ClusterSingletonManager state change [Start -> Oldest]
08:06:23.426 INFO  a.c.s.ClusterSingletonManager - Singleton manager starting singleton actor [akka://akka-runtime/system/singletonManagerShardedDaemonProcessCoordinator-eventSourcedProjection-passivation-race-entity-passivation-race-view/ShardedDaemonProcessCoordinator-eventSourcedProjection-passivation-race-entity-passivation-race-view]
08:06:23.426 INFO  a.c.s.ClusterSingletonManager - ClusterSingletonManager state change [Start -> Oldest]
08:06:23.426 DEBUG a.c.s.t.i.ShardedDaemonProcessCoordinator$ - ShardedDaemonProcessCoordinator for [eventSourcedProjection-passivation-race-entity-passivation-race-view] starting
08:06:23.426 DEBUG a.c.sharding.DDataShardCoordinator - sharded-daemon-process-eventSourcedProjection-passivation-race-entity-passivation-race-view: Initial coordinator is empty.
08:06:23.426 INFO  a.c.sharding.DDataShardCoordinator - sharded-daemon-process-eventSourcedProjection-passivation-race-entity-passivation-race-view: ShardCoordinator was moved to the active state with [0] shards
08:06:23.426 DEBUG a.c.s.t.i.ShardedDaemonProcessCoordinator$ - eventSourcedProjection-passivation-race-entity-passivation-race-view: No previous state stored for Sharded Daemon Process
08:06:23.426 DEBUG a.c.s.t.i.ShardedDaemonProcessCoordinator$ - Sending periodic keep alive for Sharded Daemon Process [eventSourcedProjection-passivation-race-entity-passivation-race-view] to [1] processes (revision [0]).
08:06:23.468 INFO  akka.javasdk.testkit.TestKit - Runtime started
08:06:23.468 INFO  akka.actor.CoordinatedShutdown - Running CoordinatedShutdown with reason [ActorSystemTerminateReason]
08:06:23.468 DEBUG akka.actor.CoordinatedShutdown - Performing phase [before-service-unbind] with [0] tasks
08:06:23.468 DEBUG akka.actor.CoordinatedShutdown - Performing phase [service-unbind] with [1] tasks.
08:06:23.468 DEBUG akka.actor.CoordinatedShutdown - Performing task [http-unbind-/127.0.0.1:63082] in CoordinatedShutdown phase [service-unbind]
08:06:23.469 DEBUG akka.actor.CoordinatedShutdown - Performing phase [service-requests-done] with [1] tasks.
08:06:23.469 DEBUG akka.actor.CoordinatedShutdown - Performing task [http-terminate-/127.0.0.1:63082] in CoordinatedShutdown phase [service-requests-done]
08:06:23.469 DEBUG akka.actor.CoordinatedShutdown - Performing phase [service-stop] with [1] tasks.
08:06:23.469 DEBUG akka.actor.CoordinatedShutdown - Performing task [stop-grpc-clients] in CoordinatedShutdown phase [service-stop]
08:06:23.469 DEBUG akka.actor.CoordinatedShutdown - Performing phase [before-cluster-shutdown] with [0] tasks
08:06:23.469 DEBUG akka.actor.CoordinatedShutdown - Performing phase [cluster-sharding-shutdown-region] with [5] tasks.
08:06:23.469 DEBUG akka.actor.CoordinatedShutdown - Performing task [region-shutdown] in CoordinatedShutdown phase [cluster-sharding-shutdown-region]
08:06:23.469 DEBUG akka.actor.CoordinatedShutdown - Performing task [region-shutdown] in CoordinatedShutdown phase [cluster-sharding-shutdown-region]
08:06:23.469 DEBUG akka.actor.CoordinatedShutdown - Performing task [region-shutdown] in CoordinatedShutdown phase [cluster-sharding-shutdown-region]
08:06:23.469 DEBUG akka.actor.CoordinatedShutdown - Performing task [region-shutdown] in CoordinatedShutdown phase [cluster-sharding-shutdown-region]
08:06:23.469 DEBUG akka.actor.CoordinatedShutdown - Performing task [region-shutdown] in CoordinatedShutdown phase [cluster-sharding-shutdown-region]
08:06:23.469 DEBUG a.c.sharding.DDataShardCoordinator - sharded-daemon-process-eventSourcedProjection-passivation-race-entity-passivation-race-consumer-a: Unknown region requested graceful shutdown [Actor[akka://akka-runtime/system/sharding/sharded-daemon-process-eventSourcedProjection-passivation-race-entity-passivation-race-consumer-a#-1264292653]]
08:06:23.469 DEBUG a.c.sharding.DDataShardCoordinator - passivation-race-entity: Unknown region requested graceful shutdown [Actor[akka://akka-runtime/system/sharding/passivation-race-entity#526890621]]
08:06:23.469 DEBUG a.c.sharding.DDataShardCoordinator - sharded-daemon-process-eventSourcedProjection-passivation-race-entity-passivation-race-consumer-b: Unknown region requested graceful shutdown [Actor[akka://akka-runtime/system/sharding/sharded-daemon-process-eventSourcedProjection-passivation-race-entity-passivation-race-consumer-b#370167723]]
08:06:23.470 DEBUG a.c.sharding.DDataShardCoordinator - sharded-daemon-process-eventSourcedProjection-passivation-race-entity-passivation-race-view: Unknown region requested graceful shutdown [Actor[akka://akka-runtime/system/sharding/sharded-daemon-process-eventSourcedProjection-passivation-race-entity-passivation-race-view#-1158936060]]
08:06:23.470 DEBUG a.c.sharding.DDataShardCoordinator - _timer: Unknown region requested graceful shutdown [Actor[akka://akka-runtime/system/sharding/_timer#656331937]]
08:06:23.484 DEBUG a.c.singleton.ClusterSingletonProxy - Trying to identify singleton at [akka://akka-runtime@127.0.0.1:63084/system/singletonManagerShardedDaemonProcessCoordinator-eventSourcedProjection-passivation-race-entity-passivation-race-view/ShardedDaemonProcessCoordinator-eventSourcedProjection-passivation-race-entity-passivation-race-view]
08:06:23.485 DEBUG a.c.singleton.ClusterSingletonProxy - Trying to identify singleton at [akka://akka-runtime@127.0.0.1:63084/system/singletonManagerShardedDaemonProcessCoordinator-eventSourcedProjection-passivation-race-entity-passivation-race-consumer-a/ShardedDaemonProcessCoordinator-eventSourcedProjection-passivation-race-entity-passivation-race-consumer-a]
08:06:23.485 DEBUG a.c.singleton.ClusterSingletonProxy - Trying to identify singleton at [akka://akka-runtime@127.0.0.1:63084/system/singletonManagerShardedDaemonProcessCoordinator-eventSourcedProjection-passivation-race-entity-passivation-race-consumer-b/ShardedDaemonProcessCoordinator-eventSourcedProjection-passivation-race-entity-passivation-race-consumer-b]
08:06:23.485 INFO  a.c.singleton.ClusterSingletonProxy - Singleton identified at [akka://akka-runtime/system/singletonManagerShardedDaemonProcessCoordinator-eventSourcedProjection-passivation-race-entity-passivation-race-consumer-a/ShardedDaemonProcessCoordinator-eventSourcedProjection-passivation-race-entity-passivation-race-consumer-a]
08:06:23.485 INFO  a.c.singleton.ClusterSingletonProxy - Singleton identified at [akka://akka-runtime/system/singletonManagerShardedDaemonProcessCoordinator-eventSourcedProjection-passivation-race-entity-passivation-race-consumer-b/ShardedDaemonProcessCoordinator-eventSourcedProjection-passivation-race-entity-passivation-race-consumer-b]
08:06:23.485 DEBUG a.c.singleton.ClusterSingletonProxy - Sending buffered messages to current singleton instance
08:06:23.485 DEBUG a.c.singleton.ClusterSingletonProxy - Sending buffered messages to current singleton instance
08:06:23.485 INFO  a.c.singleton.ClusterSingletonProxy - Singleton identified at [akka://akka-runtime/system/singletonManagerShardedDaemonProcessCoordinator-eventSourcedProjection-passivation-race-entity-passivation-race-view/ShardedDaemonProcessCoordinator-eventSourcedProjection-passivation-race-entity-passivation-race-view]
08:06:23.485 DEBUG a.c.singleton.ClusterSingletonProxy - Sending buffered messages to current singleton instance
08:06:23.675 DEBUG a.c.sharding.DDataShardCoordinator - passivation-race-entity: ShardRegion registered: [Actor[akka://akka-runtime/system/sharding/passivation-race-entity#526890621]]
08:06:23.676 DEBUG a.c.sharding.DDataShardCoordinator - passivation-race-entity: The coordinator state was successfully updated with ShardRegionRegistered(Actor[akka://akka-runtime/system/sharding/passivation-race-entity#526890621])
08:06:23.676 DEBUG a.c.sharding.DDataShardCoordinator - passivation-race-entity: The coordinator state was successfully updated with ShardHomeAllocated(287,Actor[akka://akka-runtime/system/sharding/passivation-race-entity#526890621])
08:06:23.677 DEBUG a.c.sharding.DDataShardCoordinator - passivation-race-entity: Shard [287] allocated at [Actor[akka://akka-runtime/system/sharding/passivation-race-entity#526890621]]
08:06:23.677 DEBUG a.c.sharding.DDataShardCoordinator - passivation-race-entity: Graceful shutdown of region [Actor[akka://akka-runtime/system/sharding/passivation-race-entity#526890621]] with [1] shards
08:06:23.677 INFO  a.c.sharding.DDataShardCoordinator - passivation-race-entity: Starting shutting down shards [287] due to region shutting down or explicit stopping of shards.
08:06:23.677 DEBUG a.c.s.ShardCoordinator$RebalanceWorker - passivation-race-entity: Shutting down shard [287] from region [Actor[akka://akka-runtime/system/sharding/passivation-race-entity#526890621]]. Asking [1] region(s) to hand-off shard
08:06:23.677 DEBUG a.c.s.ShardCoordinator$RebalanceWorker - passivation-race-entity: BeginHandOffAck for shard [287] received from [Actor[akka://akka-runtime/system/sharding/passivation-race-entity#526890621]].
08:06:23.677 DEBUG a.c.s.ShardCoordinator$RebalanceWorker - passivation-race-entity: All shard regions acked, handing off shard [287].
08:06:23.677 WARN  akka.cluster.sharding.ShardRegion - passivation-race-entity: Dropping [1] buffered messages to shard [287] during hand off to avoid re-ordering
08:06:23.677 DEBUG akka.cluster.sharding.Shard - passivation-race-entity: Shard initialized
08:06:23.677 DEBUG akka.cluster.sharding.Shard - passivation-race-entity: HandOff shard [287]
08:06:23.677 DEBUG a.c.sharding.DDataShardCoordinator - passivation-race-entity: Shard [287] deallocation completed successfully.
08:06:23.677 DEBUG akka.cluster.sharding.Shard - passivation-race-entity: Shard [287] shutting down
08:06:23.678 DEBUG a.c.sharding.DDataShardCoordinator - passivation-race-entity: The coordinator state was successfully updated with ShardHomeDeallocated(287)
08:06:23.678 DEBUG a.c.sharding.DDataShardCoordinator - passivation-race-entity: Shard [287] deallocated after
08:06:23.678 DEBUG a.c.sharding.DDataShardCoordinator - passivation-race-entity: ShardRegion terminated (gracefully): [Actor[akka://akka-runtime/system/sharding/passivation-race-entity#526890621]] {}
08:06:23.678 DEBUG a.c.sharding.DDataShardCoordinator - passivation-race-entity: GetShardHome [287] request from [Actor[akka://local/ignore]] stashed, because waiting for initial state or update of state. It will be handled afterwards.
08:06:23.678 DEBUG a.c.sharding.DDataShardCoordinator - passivation-race-entity: The coordinator state was successfully updated with ShardRegionTerminated(Actor[akka://akka-runtime/system/sharding/passivation-race-entity#526890621])
08:06:23.678 DEBUG a.c.sharding.DDataShardCoordinator - passivation-race-entity: ShardRegion stopped: [Actor[akka://akka-runtime/system/sharding/passivation-race-entity#526890621]]
08:06:23.684 DEBUG a.c.sharding.DDataShardCoordinator - sharded-daemon-process-eventSourcedProjection-passivation-race-entity-passivation-race-consumer-b: ShardRegion registered: [Actor[akka://akka-runtime/system/sharding/sharded-daemon-process-eventSourcedProjection-passivation-race-entity-passivation-race-consumer-b#370167723]]
08:06:23.684 DEBUG a.c.sharding.DDataShardCoordinator - sharded-daemon-process-eventSourcedProjection-passivation-race-entity-passivation-race-consumer-a: ShardRegion registered: [Actor[akka://akka-runtime/system/sharding/sharded-daemon-process-eventSourcedProjection-passivation-race-entity-passivation-race-consumer-a#-1264292653]]
08:06:23.684 DEBUG a.c.sharding.DDataShardCoordinator - sharded-daemon-process-eventSourcedProjection-passivation-race-entity-passivation-race-view: ShardRegion registered: [Actor[akka://akka-runtime/system/sharding/sharded-daemon-process-eventSourcedProjection-passivation-race-entity-passivation-race-view#-1158936060]]
08:06:23.684 DEBUG a.c.sharding.DDataShardCoordinator - sharded-daemon-process-eventSourcedProjection-passivation-race-entity-passivation-race-consumer-b: The coordinator state was successfully updated with ShardRegionRegistered(Actor[akka://akka-runtime/system/sharding/sharded-daemon-process-eventSourcedProjection-passivation-race-entity-passivation-race-consumer-b#370167723])
08:06:23.685 DEBUG a.c.sharding.DDataShardCoordinator - sharded-daemon-process-eventSourcedProjection-passivation-race-entity-passivation-race-consumer-a: The coordinator state was successfully updated with ShardRegionRegistered(Actor[akka://akka-runtime/system/sharding/sharded-daemon-process-eventSourcedProjection-passivation-race-entity-passivation-race-consumer-a#-1264292653])
08:06:23.685 DEBUG a.c.sharding.DDataShardCoordinator - sharded-daemon-process-eventSourcedProjection-passivation-race-entity-passivation-race-view: The coordinator state was successfully updated with ShardRegionRegistered(Actor[akka://akka-runtime/system/sharding/sharded-daemon-process-eventSourcedProjection-passivation-race-entity-passivation-race-view#-1158936060])
08:06:23.685 DEBUG a.c.sharding.DDataShardCoordinator - sharded-daemon-process-eventSourcedProjection-passivation-race-entity-passivation-race-consumer-b: The coordinator state was successfully updated with ShardHomeAllocated(0,Actor[akka://akka-runtime/system/sharding/sharded-daemon-process-eventSourcedProjection-passivation-race-entity-passivation-race-consumer-b#370167723])
08:06:23.685 DEBUG a.c.sharding.DDataShardCoordinator - sharded-daemon-process-eventSourcedProjection-passivation-race-entity-passivation-race-consumer-b: Shard [0] allocated at [Actor[akka://akka-runtime/system/sharding/sharded-daemon-process-eventSourcedProjection-passivation-race-entity-passivation-race-consumer-b#370167723]]
08:06:23.685 DEBUG a.c.sharding.DDataShardCoordinator - sharded-daemon-process-eventSourcedProjection-passivation-race-entity-passivation-race-consumer-a: The coordinator state was successfully updated with ShardHomeAllocated(0,Actor[akka://akka-runtime/system/sharding/sharded-daemon-process-eventSourcedProjection-passivation-race-entity-passivation-race-consumer-a#-1264292653])
08:06:23.685 DEBUG a.c.sharding.DDataShardCoordinator - sharded-daemon-process-eventSourcedProjection-passivation-race-entity-passivation-race-view: The coordinator state was successfully updated with ShardHomeAllocated(0,Actor[akka://akka-runtime/system/sharding/sharded-daemon-process-eventSourcedProjection-passivation-race-entity-passivation-race-view#-1158936060])
08:06:23.685 DEBUG a.c.sharding.DDataShardCoordinator - sharded-daemon-process-eventSourcedProjection-passivation-race-entity-passivation-race-consumer-a: Shard [0] allocated at [Actor[akka://akka-runtime/system/sharding/sharded-daemon-process-eventSourcedProjection-passivation-race-entity-passivation-race-consumer-a#-1264292653]]
08:06:23.685 DEBUG a.c.sharding.DDataShardCoordinator - sharded-daemon-process-eventSourcedProjection-passivation-race-entity-passivation-race-view: Shard [0] allocated at [Actor[akka://akka-runtime/system/sharding/sharded-daemon-process-eventSourcedProjection-passivation-race-entity-passivation-race-view#-1158936060]]
08:06:23.685 DEBUG a.c.sharding.DDataShardCoordinator - sharded-daemon-process-eventSourcedProjection-passivation-race-entity-passivation-race-consumer-b: Graceful shutdown of region [Actor[akka://akka-runtime/system/sharding/sharded-daemon-process-eventSourcedProjection-passivation-race-entity-passivation-race-consumer-b#370167723]] with [1] shards
08:06:23.685 INFO  a.c.sharding.DDataShardCoordinator - sharded-daemon-process-eventSourcedProjection-passivation-race-entity-passivation-race-consumer-b: Starting shutting down shards [0] due to region shutting down or explicit stopping of shards.
08:06:23.685 DEBUG a.c.sharding.DDataShardCoordinator - sharded-daemon-process-eventSourcedProjection-passivation-race-entity-passivation-race-consumer-a: Graceful shutdown of region [Actor[akka://akka-runtime/system/sharding/sharded-daemon-process-eventSourcedProjection-passivation-race-entity-passivation-race-consumer-a#-1264292653]] with [1] shards
08:06:23.685 INFO  a.c.sharding.DDataShardCoordinator - sharded-daemon-process-eventSourcedProjection-passivation-race-entity-passivation-race-consumer-a: Starting shutting down shards [0] due to region shutting down or explicit stopping of shards.
08:06:23.685 DEBUG a.c.sharding.DDataShardCoordinator - sharded-daemon-process-eventSourcedProjection-passivation-race-entity-passivation-race-view: Graceful shutdown of region [Actor[akka://akka-runtime/system/sharding/sharded-daemon-process-eventSourcedProjection-passivation-race-entity-passivation-race-view#-1158936060]] with [1] shards
08:06:23.685 DEBUG a.c.s.ShardCoordinator$RebalanceWorker - sharded-daemon-process-eventSourcedProjection-passivation-race-entity-passivation-race-consumer-b: Shutting down shard [0] from region [Actor[akka://akka-runtime/system/sharding/sharded-daemon-process-eventSourcedProjection-passivation-race-entity-passivation-race-consumer-b#370167723]]. Asking [1] region(s) to hand-off shard
08:06:23.685 INFO  a.c.sharding.DDataShardCoordinator - sharded-daemon-process-eventSourcedProjection-passivation-race-entity-passivation-race-view: Starting shutting down shards [0] due to region shutting down or explicit stopping of shards.
08:06:23.685 DEBUG a.c.s.ShardCoordinator$RebalanceWorker - sharded-daemon-process-eventSourcedProjection-passivation-race-entity-passivation-race-consumer-b: BeginHandOffAck for shard [0] received from [Actor[akka://akka-runtime/system/sharding/sharded-daemon-process-eventSourcedProjection-passivation-race-entity-passivation-race-consumer-b#370167723]].
08:06:23.685 DEBUG a.c.s.ShardCoordinator$RebalanceWorker - sharded-daemon-process-eventSourcedProjection-passivation-race-entity-passivation-race-consumer-b: All shard regions acked, handing off shard [0].
08:06:23.685 DEBUG akka.cluster.sharding.Shard - sharded-daemon-process-eventSourcedProjection-passivation-race-entity-passivation-race-consumer-a: Shard initialized
08:06:23.685 DEBUG akka.cluster.sharding.Shard - sharded-daemon-process-eventSourcedProjection-passivation-race-entity-passivation-race-consumer-b: Shard initialized
08:06:23.685 WARN  akka.cluster.sharding.ShardRegion - sharded-daemon-process-eventSourcedProjection-passivation-race-entity-passivation-race-consumer-b: Dropping [1] buffered messages to shard [0] during hand off to avoid re-ordering
08:06:23.685 DEBUG a.c.s.ShardCoordinator$RebalanceWorker - sharded-daemon-process-eventSourcedProjection-passivation-race-entity-passivation-race-view: Shutting down shard [0] from region [Actor[akka://akka-runtime/system/sharding/sharded-daemon-process-eventSourcedProjection-passivation-race-entity-passivation-race-view#-1158936060]]. Asking [1] region(s) to hand-off shard
08:06:23.685 DEBUG akka.cluster.sharding.Shard - sharded-daemon-process-eventSourcedProjection-passivation-race-entity-passivation-race-view: Shard initialized
08:06:23.685 DEBUG a.c.s.ShardCoordinator$RebalanceWorker - sharded-daemon-process-eventSourcedProjection-passivation-race-entity-passivation-race-consumer-a: Shutting down shard [0] from region [Actor[akka://akka-runtime/system/sharding/sharded-daemon-process-eventSourcedProjection-passivation-race-entity-passivation-race-consumer-a#-1264292653]]. Asking [1] region(s) to hand-off shard
08:06:23.685 DEBUG a.c.s.ShardCoordinator$RebalanceWorker - sharded-daemon-process-eventSourcedProjection-passivation-race-entity-passivation-race-consumer-a: BeginHandOffAck for shard [0] received from [Actor[akka://akka-runtime/system/sharding/sharded-daemon-process-eventSourcedProjection-passivation-race-entity-passivation-race-consumer-a#-1264292653]].
08:06:23.686 DEBUG akka.cluster.sharding.Shard - sharded-daemon-process-eventSourcedProjection-passivation-race-entity-passivation-race-consumer-b: HandOff shard [0]
08:06:23.686 DEBUG a.c.s.ShardCoordinator$RebalanceWorker - sharded-daemon-process-eventSourcedProjection-passivation-race-entity-passivation-race-view: BeginHandOffAck for shard [0] received from [Actor[akka://akka-runtime/system/sharding/sharded-daemon-process-eventSourcedProjection-passivation-race-entity-passivation-race-view#-1158936060]].
08:06:23.686 DEBUG a.c.s.ShardCoordinator$RebalanceWorker - sharded-daemon-process-eventSourcedProjection-passivation-race-entity-passivation-race-consumer-a: All shard regions acked, handing off shard [0].
08:06:23.686 DEBUG a.c.s.ShardCoordinator$RebalanceWorker - sharded-daemon-process-eventSourcedProjection-passivation-race-entity-passivation-race-view: All shard regions acked, handing off shard [0].
08:06:23.686 DEBUG akka.cluster.sharding.Shard - sharded-daemon-process-eventSourcedProjection-passivation-race-entity-passivation-race-consumer-b: Shard [0] shutting down
08:06:23.686 DEBUG akka.cluster.sharding.Shard - sharded-daemon-process-eventSourcedProjection-passivation-race-entity-passivation-race-view: Request to start entity [0] and ack to [Some(Actor[akka://akka-runtime/deadLetters])]
08:06:23.686 DEBUG akka.cluster.sharding.Shard - sharded-daemon-process-eventSourcedProjection-passivation-race-entity-passivation-race-consumer-a: Request to start entity [0] and ack to [Some(Actor[akka://akka-runtime/deadLetters])]
08:06:23.686 DEBUG akka.cluster.sharding.Shard - sharded-daemon-process-eventSourcedProjection-passivation-race-entity-passivation-race-consumer-a: Started entity [Actor[akka://akka-runtime/system/sharding/sharded-daemon-process-eventSourcedProjection-passivation-race-entity-passivation-race-consumer-a/0/0#918756077]] with entity id [0] in shard [0]
08:06:23.686 DEBUG akka.cluster.sharding.Shard - sharded-daemon-process-eventSourcedProjection-passivation-race-entity-passivation-race-consumer-a: HandOff shard [0]
08:06:23.686 DEBUG akka.cluster.sharding.Shard - sharded-daemon-process-eventSourcedProjection-passivation-race-entity-passivation-race-consumer-a: Starting HandOffStopper for shard [0] to terminate [1] entities.
08:06:23.686 DEBUG a.c.sharding.DDataShardCoordinator - sharded-daemon-process-eventSourcedProjection-passivation-race-entity-passivation-race-consumer-b: Shard [0] deallocation completed successfully.
08:06:23.686 DEBUG akka.cluster.sharding.Shard - sharded-daemon-process-eventSourcedProjection-passivation-race-entity-passivation-race-view: Started entity [Actor[akka://akka-runtime/system/sharding/sharded-daemon-process-eventSourcedProjection-passivation-race-entity-passivation-race-view/0/0#1354543516]] with entity id [0] in shard [0]
08:06:23.686 DEBUG a.c.s.t.i.ShardedDaemonProcessState$ - eventSourcedProjection-passivation-race-entity-passivation-race-consumer-a: Deferred start of worker to verify its revision [0] is the latest
08:06:23.686 DEBUG akka.cluster.sharding.Shard - sharded-daemon-process-eventSourcedProjection-passivation-race-entity-passivation-race-view: HandOff shard [0]
08:06:23.686 DEBUG akka.cluster.sharding.Shard - sharded-daemon-process-eventSourcedProjection-passivation-race-entity-passivation-race-view: Starting HandOffStopper for shard [0] to terminate [1] entities.
08:06:23.686 DEBUG a.c.s.t.i.ShardedDaemonProcessState$ - eventSourcedProjection-passivation-race-entity-passivation-race-view: Deferred start of worker to verify its revision [0] is the latest
08:06:23.686 INFO  a.c.s.t.i.ShardedDaemonProcessState$ - eventSourcedProjection-passivation-race-entity-passivation-race-view: Starting Sharded Daemon Process [0] out of a total [1] (revision [0] and no state found)
08:06:23.686 DEBUG a.c.sharding.DDataShardCoordinator - sharded-daemon-process-eventSourcedProjection-passivation-race-entity-passivation-race-consumer-b: The coordinator state was successfully updated with ShardHomeDeallocated(0)
08:06:23.686 DEBUG a.c.sharding.DDataShardCoordinator - sharded-daemon-process-eventSourcedProjection-passivation-race-entity-passivation-race-consumer-b: Shard [0] deallocated after
08:06:23.686 DEBUG a.c.sharding.DDataShardCoordinator - sharded-daemon-process-eventSourcedProjection-passivation-race-entity-passivation-race-consumer-b: ShardRegion terminated (gracefully): [Actor[akka://akka-runtime/system/sharding/sharded-daemon-process-eventSourcedProjection-passivation-race-entity-passivation-race-consumer-b#370167723]] {}
08:06:23.686 DEBUG a.c.sharding.DDataShardCoordinator - sharded-daemon-process-eventSourcedProjection-passivation-race-entity-passivation-race-consumer-b: GetShardHome [0] request from [Actor[akka://local/ignore]] stashed, because waiting for initial state or update of state. It will be handled afterwards.
08:06:23.686 INFO  a.c.s.t.i.ShardedDaemonProcessState$ - eventSourcedProjection-passivation-race-entity-passivation-race-consumer-a: Starting Sharded Daemon Process [0] out of a total [1] (revision [0] and no state found)
08:06:23.686 DEBUG a.c.sharding.DDataShardCoordinator - sharded-daemon-process-eventSourcedProjection-passivation-race-entity-passivation-race-consumer-b: The coordinator state was successfully updated with ShardRegionTerminated(Actor[akka://akka-runtime/system/sharding/sharded-daemon-process-eventSourcedProjection-passivation-race-entity-passivation-race-consumer-b#370167723])
08:06:23.686 DEBUG a.c.sharding.DDataShardCoordinator - sharded-daemon-process-eventSourcedProjection-passivation-race-entity-passivation-race-consumer-b: ShardRegion stopped: [Actor[akka://akka-runtime/system/sharding/sharded-daemon-process-eventSourcedProjection-passivation-race-entity-passivation-race-consumer-b#370167723]]
08:06:24.454 WARN  a.c.s.ShardRegion$HandOffStopper - sharded-daemon-process-eventSourcedProjection-passivation-race-entity-passivation-race-view: [1] of the entities in shard [0] not stopped after [750 milliseconds]. Maybe the handOffStopMessage [akka.projection.ProjectionBehavior$Stop$] is not handled? Waiting additional [250 milliseconds] before stopping the remaining entities.
08:06:24.455 WARN  a.c.s.ShardRegion$HandOffStopper - sharded-daemon-process-eventSourcedProjection-passivation-race-entity-passivation-race-consumer-a: [1] of the entities in shard [0] not stopped after [750 milliseconds]. Maybe the handOffStopMessage [akka.projection.ProjectionBehavior$Stop$] is not handled? Waiting additional [250 milliseconds] before stopping the remaining entities.
08:06:24.704 WARN  a.c.s.ShardRegion$HandOffStopper - sharded-daemon-process-eventSourcedProjection-passivation-race-entity-passivation-race-view: HandOffStopMessage [akka.projection.ProjectionBehavior$Stop$] is not handled by some of the entities in shard [0] after [1 second], stopping the remaining [1] entities.
08:06:24.704 WARN  a.c.s.ShardRegion$HandOffStopper - sharded-daemon-process-eventSourcedProjection-passivation-race-entity-passivation-race-consumer-a: HandOffStopMessage [akka.projection.ProjectionBehavior$Stop$] is not handled by some of the entities in shard [0] after [1 second], stopping the remaining [1] entities.
08:06:24.705 DEBUG a.c.sharding.DDataShardCoordinator - sharded-daemon-process-eventSourcedProjection-passivation-race-entity-passivation-race-consumer-a: Shard [0] deallocation completed successfully.
08:06:24.705 DEBUG akka.cluster.sharding.Shard - sharded-daemon-process-eventSourcedProjection-passivation-race-entity-passivation-race-view: Shard [0] shutting down
08:06:24.705 DEBUG a.c.sharding.DDataShardCoordinator - sharded-daemon-process-eventSourcedProjection-passivation-race-entity-passivation-race-view: Shard [0] deallocation completed successfully.
08:06:24.706 DEBUG a.c.sharding.DDataShardCoordinator - sharded-daemon-process-eventSourcedProjection-passivation-race-entity-passivation-race-consumer-a: The coordinator state was successfully updated with ShardHomeDeallocated(0)
08:06:24.706 DEBUG a.c.sharding.DDataShardCoordinator - sharded-daemon-process-eventSourcedProjection-passivation-race-entity-passivation-race-consumer-a: Shard [0] deallocated after
08:06:24.706 DEBUG a.c.sharding.DDataShardCoordinator - sharded-daemon-process-eventSourcedProjection-passivation-race-entity-passivation-race-view: The coordinator state was successfully updated with ShardHomeDeallocated(0)
08:06:24.706 DEBUG a.c.sharding.DDataShardCoordinator - sharded-daemon-process-eventSourcedProjection-passivation-race-entity-passivation-race-view: Shard [0] deallocated after
08:06:24.706 DEBUG a.c.sharding.DDataShardCoordinator - sharded-daemon-process-eventSourcedProjection-passivation-race-entity-passivation-race-view: ShardRegion stopped: [Actor[akka://akka-runtime/system/sharding/sharded-daemon-process-eventSourcedProjection-passivation-race-entity-passivation-race-view#-1158936060]]
08:06:24.706 DEBUG a.c.sharding.DDataShardCoordinator - sharded-daemon-process-eventSourcedProjection-passivation-race-entity-passivation-race-view: ShardRegion terminated (gracefully): [Actor[akka://akka-runtime/system/sharding/sharded-daemon-process-eventSourcedProjection-passivation-race-entity-passivation-race-view#-1158936060]] {}
08:06:24.706 DEBUG a.c.sharding.DDataShardCoordinator - sharded-daemon-process-eventSourcedProjection-passivation-race-entity-passivation-race-view: GetShardHome [0] request from [Actor[akka://local/ignore]] stashed, because waiting for initial state or update of state. It will be handled afterwards.
08:06:24.706 DEBUG akka.cluster.sharding.Shard - sharded-daemon-process-eventSourcedProjection-passivation-race-entity-passivation-race-consumer-a: Shard [0] shutting down
08:06:24.707 DEBUG a.c.sharding.DDataShardCoordinator - sharded-daemon-process-eventSourcedProjection-passivation-race-entity-passivation-race-view: The coordinator state was successfully updated with ShardRegionTerminated(Actor[akka://akka-runtime/system/sharding/sharded-daemon-process-eventSourcedProjection-passivation-race-entity-passivation-race-view#-1158936060])
08:06:24.707 DEBUG a.c.sharding.DDataShardCoordinator - sharded-daemon-process-eventSourcedProjection-passivation-race-entity-passivation-race-consumer-a: ShardRegion stopped: [Actor[akka://akka-runtime/system/sharding/sharded-daemon-process-eventSourcedProjection-passivation-race-entity-passivation-race-consumer-a#-1264292653]]
08:06:24.707 DEBUG a.c.sharding.DDataShardCoordinator - sharded-daemon-process-eventSourcedProjection-passivation-race-entity-passivation-race-consumer-a: ShardRegion terminated (gracefully): [Actor[akka://akka-runtime/system/sharding/sharded-daemon-process-eventSourcedProjection-passivation-race-entity-passivation-race-consumer-a#-1264292653]] {}
08:06:24.707 DEBUG akka.actor.CoordinatedShutdown - Performing phase [cluster-leave] with [1] tasks.
08:06:24.707 DEBUG akka.actor.CoordinatedShutdown - Performing task [leave] in CoordinatedShutdown phase [cluster-leave]
08:06:24.707 DEBUG a.c.sharding.DDataShardCoordinator - sharded-daemon-process-eventSourcedProjection-passivation-race-entity-passivation-race-consumer-a: The coordinator state was successfully updated with ShardRegionTerminated(Actor[akka://akka-runtime/system/sharding/sharded-daemon-process-eventSourcedProjection-passivation-race-entity-passivation-race-consumer-a#-1264292653])
08:06:24.709 DEBUG akka.actor.CoordinatedShutdown - Performing phase [cluster-exiting] with [28] tasks.
08:06:24.709 DEBUG akka.actor.CoordinatedShutdown - Performing task [singleton-exiting-1] in CoordinatedShutdown phase [cluster-exiting]
08:06:24.709 DEBUG akka.actor.CoordinatedShutdown - Performing task [singleton-exiting-1] in CoordinatedShutdown phase [cluster-exiting]
08:06:24.709 DEBUG akka.actor.CoordinatedShutdown - Performing task [singleton-exiting-1] in CoordinatedShutdown phase [cluster-exiting]
08:06:24.709 DEBUG akka.actor.CoordinatedShutdown - Performing task [wait-singleton-exiting] in CoordinatedShutdown phase [cluster-exiting]
08:06:24.709 DEBUG akka.actor.CoordinatedShutdown - Performing task [wait-singleton-exiting] in CoordinatedShutdown phase [cluster-exiting]
08:06:24.709 DEBUG akka.actor.CoordinatedShutdown - Performing task [singleton-exiting-2] in CoordinatedShutdown phase [cluster-exiting]
08:06:24.709 DEBUG akka.actor.CoordinatedShutdown - Performing task [wait-singleton-exiting] in CoordinatedShutdown phase [cluster-exiting]
08:06:24.709 DEBUG akka.actor.CoordinatedShutdown - Performing task [singleton-exiting-1] in CoordinatedShutdown phase [cluster-exiting]
08:06:24.709 DEBUG akka.actor.CoordinatedShutdown - Performing task [singleton-exiting-2] in CoordinatedShutdown phase [cluster-exiting]
08:06:24.709 DEBUG akka.actor.CoordinatedShutdown - Performing task [singleton-exiting-1] in CoordinatedShutdown phase [cluster-exiting]
08:06:24.709 DEBUG akka.actor.CoordinatedShutdown - Performing task [wait-singleton-exiting] in CoordinatedShutdown phase [cluster-exiting]
08:06:24.709 DEBUG akka.actor.CoordinatedShutdown - Performing task [singleton-exiting-1] in CoordinatedShutdown phase [cluster-exiting]
08:06:24.709 DEBUG akka.actor.CoordinatedShutdown - Performing task [wait-singleton-exiting] in CoordinatedShutdown phase [cluster-exiting]
08:06:24.709 DEBUG akka.actor.CoordinatedShutdown - Performing task [singleton-exiting-1] in CoordinatedShutdown phase [cluster-exiting]
08:06:24.709 DEBUG akka.actor.CoordinatedShutdown - Performing task [wait-exiting] in CoordinatedShutdown phase [cluster-exiting]
08:06:24.709 DEBUG akka.actor.CoordinatedShutdown - Performing task [wait-singleton-exiting] in CoordinatedShutdown phase [cluster-exiting]
08:06:24.709 DEBUG akka.actor.CoordinatedShutdown - Performing task [wait-singleton-exiting] in CoordinatedShutdown phase [cluster-exiting]
08:06:24.709 DEBUG akka.actor.CoordinatedShutdown - Performing task [wait-singleton-exiting] in CoordinatedShutdown phase [cluster-exiting]
08:06:24.709 DEBUG akka.actor.CoordinatedShutdown - Performing task [singleton-exiting-2] in CoordinatedShutdown phase [cluster-exiting]
08:06:24.709 DEBUG akka.actor.CoordinatedShutdown - Performing task [singleton-exiting-1] in CoordinatedShutdown phase [cluster-exiting]
08:06:24.709 INFO  a.c.s.ClusterSingletonManager - Oldest observed OldestChanged: [akka://akka-runtime@127.0.0.1:63084 -> None]
08:06:24.709 DEBUG akka.actor.CoordinatedShutdown - Performing task [singleton-exiting-2] in CoordinatedShutdown phase [cluster-exiting]
08:06:24.709 DEBUG akka.actor.CoordinatedShutdown - Performing task [singleton-exiting-2] in CoordinatedShutdown phase [cluster-exiting]
08:06:24.709 DEBUG akka.actor.CoordinatedShutdown - Performing task [singleton-exiting-1] in CoordinatedShutdown phase [cluster-exiting]
08:06:24.709 INFO  a.c.s.ClusterSingletonManager - ClusterSingletonManager state change [Oldest -> WasOldest]
08:06:24.709 DEBUG akka.actor.CoordinatedShutdown - Performing task [singleton-exiting-2] in CoordinatedShutdown phase [cluster-exiting]
08:06:24.709 DEBUG akka.actor.CoordinatedShutdown - Performing task [singleton-exiting-2] in CoordinatedShutdown phase [cluster-exiting]
08:06:24.709 DEBUG akka.actor.CoordinatedShutdown - Performing task [singleton-exiting-2] in CoordinatedShutdown phase [cluster-exiting]
08:06:24.709 INFO  a.c.s.ClusterSingletonManager - Exited [akka://akka-runtime@127.0.0.1:63084].
08:06:24.710 DEBUG akka.actor.CoordinatedShutdown - Performing task [wait-singleton-exiting] in CoordinatedShutdown phase [cluster-exiting]
08:06:24.710 DEBUG akka.actor.CoordinatedShutdown - Performing task [singleton-exiting-2] in CoordinatedShutdown phase [cluster-exiting]
08:06:24.710 INFO  a.c.s.ClusterSingletonManager - Exited [akka://akka-runtime@127.0.0.1:63084].
08:06:24.710 INFO  a.c.s.ClusterSingletonManager - Oldest observed OldestChanged: [akka://akka-runtime@127.0.0.1:63084 -> None]
08:06:24.710 INFO  a.c.s.ClusterSingletonManager - Exited [akka://akka-runtime@127.0.0.1:63084].
08:06:24.710 INFO  a.c.s.ClusterSingletonManager - ClusterSingletonManager state change [Oldest -> WasOldest]
08:06:24.710 INFO  a.c.s.ClusterSingletonManager - Exited [akka://akka-runtime@127.0.0.1:63084].
08:06:24.710 INFO  a.c.s.ClusterSingletonManager - Exited [akka://akka-runtime@127.0.0.1:63084].
08:06:24.710 INFO  a.c.s.ClusterSingletonManager - Oldest observed OldestChanged: [akka://akka-runtime@127.0.0.1:63084 -> None]
08:06:24.710 INFO  a.c.s.ClusterSingletonManager - Oldest observed OldestChanged: [akka://akka-runtime@127.0.0.1:63084 -> None]
08:06:24.710 INFO  a.c.s.ClusterSingletonManager - Oldest observed OldestChanged: [akka://akka-runtime@127.0.0.1:63084 -> None]
08:06:24.710 INFO  a.c.s.ClusterSingletonManager - ClusterSingletonManager state change [Oldest -> WasOldest]
08:06:24.710 INFO  a.c.s.ClusterSingletonManager - ClusterSingletonManager state change [Oldest -> WasOldest]
08:06:24.710 INFO  a.c.s.ClusterSingletonManager - ClusterSingletonManager state change [Oldest -> WasOldest]
08:06:24.710 INFO  a.c.s.ClusterSingletonManager - Exited [akka://akka-runtime@127.0.0.1:63084].
08:06:24.710 INFO  a.c.s.ClusterSingletonManager - Exited [akka://akka-runtime@127.0.0.1:63084].
08:06:24.710 INFO  a.c.s.ClusterSingletonManager - Exited [akka://akka-runtime@127.0.0.1:63084].
08:06:24.710 INFO  a.c.s.ClusterSingletonManager - Oldest observed OldestChanged: [akka://akka-runtime@127.0.0.1:63084 -> None]
08:06:24.710 INFO  a.c.s.ClusterSingletonManager - Oldest observed OldestChanged: [akka://akka-runtime@127.0.0.1:63084 -> None]
08:06:24.710 INFO  a.c.s.ClusterSingletonManager - Oldest observed OldestChanged: [akka://akka-runtime@127.0.0.1:63084 -> None]
08:06:24.710 INFO  a.c.s.ClusterSingletonManager - ClusterSingletonManager state change [Oldest -> WasOldest]
08:06:24.710 INFO  a.c.s.ClusterSingletonManager - ClusterSingletonManager state change [Oldest -> WasOldest]
08:06:24.710 INFO  a.c.s.ClusterSingletonManager - ClusterSingletonManager state change [Oldest -> WasOldest]
08:06:24.710 INFO  a.c.s.ClusterSingletonManager - Exited [akka://akka-runtime@127.0.0.1:63084].
08:06:24.710 INFO  a.c.s.ClusterSingletonManager - Oldest observed OldestChanged: [akka://akka-runtime@127.0.0.1:63084 -> None]
08:06:24.710 INFO  a.c.s.ClusterSingletonManager - ClusterSingletonManager state change [Oldest -> WasOldest]
08:06:25.264 DEBUG a.c.singleton.ClusterSingletonProxy - Creating singleton identification timer...
08:06:25.265 DEBUG a.c.singleton.ClusterSingletonProxy - Creating singleton identification timer...
08:06:25.265 DEBUG a.c.singleton.ClusterSingletonProxy - Creating singleton identification timer...
08:06:25.265 DEBUG a.c.singleton.ClusterSingletonProxy - Creating singleton identification timer...
08:06:25.724 INFO  a.c.s.ClusterSingletonManager - Singleton manager stopping singleton actor [akka://akka-runtime/system/sharding/sharded-daemon-process-eventSourcedProjection-passivation-race-entity-passivation-race-viewCoordinator/singleton]
08:06:25.726 INFO  a.c.s.ClusterSingletonManager - Singleton manager stopping singleton actor [akka://akka-runtime/system/sharding/passivation-race-entityCoordinator/singleton]
08:06:25.726 INFO  a.c.s.ClusterSingletonManager - Singleton manager stopping singleton actor [akka://akka-runtime/system/singletonManagerShardedDaemonProcessCoordinator-eventSourcedProjection-passivation-race-entity-passivation-race-consumer-b/ShardedDaemonProcessCoordinator-eventSourcedProjection-passivation-race-entity-passivation-race-consumer-b]
08:06:25.726 INFO  a.c.s.ClusterSingletonManager - Singleton manager stopping singleton actor [akka://akka-runtime/system/singletonManagerschemaSingleton/schemaSingleton]
08:06:25.726 INFO  a.c.s.ClusterSingletonManager - Singleton manager stopping singleton actor [akka://akka-runtime/system/singletonManagerShardedDaemonProcessCoordinator-eventSourcedProjection-passivation-race-entity-passivation-race-consumer-a/ShardedDaemonProcessCoordinator-eventSourcedProjection-passivation-race-entity-passivation-race-consumer-a]
08:06:25.726 INFO  a.c.s.ClusterSingletonManager - Singleton manager stopping singleton actor [akka://akka-runtime/system/sharding/sharded-daemon-process-eventSourcedProjection-passivation-race-entity-passivation-race-consumer-bCoordinator/singleton]
08:06:25.726 INFO  a.c.s.ClusterSingletonManager - ClusterSingletonManager state change [WasOldest -> Stopping]
08:06:25.726 INFO  a.c.s.ClusterSingletonManager - ClusterSingletonManager state change [WasOldest -> Stopping]
08:06:25.726 INFO  a.c.s.ClusterSingletonManager - ClusterSingletonManager state change [WasOldest -> Stopping]
08:06:25.726 INFO  a.c.s.ClusterSingletonManager - ClusterSingletonManager state change [WasOldest -> Stopping]
08:06:25.726 INFO  a.c.s.ClusterSingletonManager - ClusterSingletonManager state change [WasOldest -> Stopping]
08:06:25.726 INFO  a.c.s.ClusterSingletonManager - ClusterSingletonManager state change [WasOldest -> Stopping]
08:06:25.726 DEBUG a.c.sharding.DDataShardCoordinator - sharded-daemon-process-eventSourcedProjection-passivation-race-entity-passivation-race-consumer-b: Received termination message.
08:06:25.726 DEBUG a.c.sharding.DDataShardCoordinator - passivation-race-entity: Received termination message.
08:06:25.726 DEBUG a.c.sharding.DDataShardCoordinator - sharded-daemon-process-eventSourcedProjection-passivation-race-entity-passivation-race-view: Received termination message.
08:06:25.726 INFO  a.c.s.ClusterSingletonManager - Singleton manager stopping singleton actor [akka://akka-runtime/system/sharding/sharded-daemon-process-eventSourcedProjection-passivation-race-entity-passivation-race-consumer-aCoordinator/singleton]
08:06:25.726 INFO  a.c.s.ClusterSingletonManager - Singleton manager stopping singleton actor [akka://akka-runtime/system/singletonManagerShardedDaemonProcessCoordinator-eventSourcedProjection-passivation-race-entity-passivation-race-view/ShardedDaemonProcessCoordinator-eventSourcedProjection-passivation-race-entity-passivation-race-view]
08:06:25.727 INFO  a.c.s.ClusterSingletonManager - Singleton manager stopping singleton actor [akka://akka-runtime/system/sharding/_timerCoordinator/singleton]
08:06:25.727 INFO  a.c.s.ClusterSingletonManager - ClusterSingletonManager state change [WasOldest -> Stopping]
08:06:25.727 INFO  a.c.s.ClusterSingletonManager - ClusterSingletonManager state change [WasOldest -> Stopping]
08:06:25.727 INFO  a.c.s.ClusterSingletonManager - ClusterSingletonManager state change [WasOldest -> Stopping]
08:06:25.727 DEBUG a.c.sharding.DDataShardCoordinator - sharded-daemon-process-eventSourcedProjection-passivation-race-entity-passivation-race-consumer-a: Received termination message.
08:06:25.727 DEBUG a.c.sharding.DDataShardCoordinator - _timer: Received termination message.
08:06:25.727 INFO  a.c.s.ClusterSingletonManager - Singleton actor [akka://akka-runtime/system/singletonManagerShardedDaemonProcessCoordinator-eventSourcedProjection-passivation-race-entity-passivation-race-view/ShardedDaemonProcessCoordinator-eventSourcedProjection-passivation-race-entity-passivation-race-view] was terminated
08:06:25.727 INFO  a.c.s.ClusterSingletonManager - Singleton actor [akka://akka-runtime/system/singletonManagerschemaSingleton/schemaSingleton] was terminated
08:06:25.727 INFO  a.c.s.ClusterSingletonManager - Singleton actor [akka://akka-runtime/system/singletonManagerShardedDaemonProcessCoordinator-eventSourcedProjection-passivation-race-entity-passivation-race-consumer-a/ShardedDaemonProcessCoordinator-eventSourcedProjection-passivation-race-entity-passivation-race-consumer-a] was terminated
08:06:25.727 INFO  a.c.s.ClusterSingletonManager - Singleton actor [akka://akka-runtime/system/sharding/sharded-daemon-process-eventSourcedProjection-passivation-race-entity-passivation-race-consumer-bCoordinator/singleton] was terminated
08:06:25.727 INFO  a.c.s.ClusterSingletonManager - Singleton actor [akka://akka-runtime/system/sharding/sharded-daemon-process-eventSourcedProjection-passivation-race-entity-passivation-race-viewCoordinator/singleton] was terminated
08:06:25.727 INFO  a.c.s.ClusterSingletonManager - Singleton actor [akka://akka-runtime/system/sharding/passivation-race-entityCoordinator/singleton] was terminated
08:06:25.727 INFO  a.c.s.ClusterSingletonManager - Singleton actor [akka://akka-runtime/system/sharding/_timerCoordinator/singleton] was terminated
08:06:25.727 INFO  a.c.s.ClusterSingletonManager - Singleton actor [akka://akka-runtime/system/singletonManagerShardedDaemonProcessCoordinator-eventSourcedProjection-passivation-race-entity-passivation-race-consumer-b/ShardedDaemonProcessCoordinator-eventSourcedProjection-passivation-race-entity-passivation-race-consumer-b] was terminated
08:06:25.728 INFO  a.c.s.ClusterSingletonManager - Singleton actor [akka://akka-runtime/system/sharding/sharded-daemon-process-eventSourcedProjection-passivation-race-entity-passivation-race-consumer-aCoordinator/singleton] was terminated
08:06:25.728 DEBUG akka.actor.CoordinatedShutdown - Performing phase [cluster-exiting-done] with [1] tasks.
08:06:25.728 DEBUG akka.actor.CoordinatedShutdown - Performing task [exiting-completed] in CoordinatedShutdown phase [cluster-exiting-done]
08:06:25.728 DEBUG akka.actor.CoordinatedShutdown - Performing phase [cluster-shutdown] with [1] tasks.
08:06:25.728 DEBUG akka.actor.CoordinatedShutdown - Performing task [wait-shutdown] in CoordinatedShutdown phase [cluster-shutdown]
08:06:25.730 DEBUG akka.actor.CoordinatedShutdown - Performing phase [before-actor-system-terminate] with [2] tasks.
08:06:25.730 DEBUG akka.actor.CoordinatedShutdown - Performing task [close connection pools] in CoordinatedShutdown phase [before-actor-system-terminate]
08:06:25.730 DEBUG akka.actor.CoordinatedShutdown - Performing task [close-grpc-channels] in CoordinatedShutdown phase [before-actor-system-terminate]
08:06:25.731 DEBUG akka.actor.CoordinatedShutdown - Performing phase [actor-system-terminate] with [1] tasks.
08:06:25.731 DEBUG akka.actor.CoordinatedShutdown - Performing task [terminate-system] in CoordinatedShutdown phase [actor-system-terminate]
08:06:25.817 INFO  akka.runtime.AkkaRuntimeMain - Starting Akka Runtime version [1.6.15]
08:06:25.829 INFO  akka.javasdk.impl.ComponentLocator$ - Looking for component descriptors matching pattern [META-INF/akka-javasdk-components_*.conf]
08:06:25.838 INFO  akka.javasdk.testkit.TestKit - Eventing TestKit booting up on port: 63111
08:06:25.841 DEBUG a.c.singleton.ClusterSingletonProxy - Creating singleton identification timer...
08:06:25.841 DEBUG a.c.singleton.ClusterSingletonProxy - Singleton not available, buffering message type [kalix.runtime.SchemaSingleton$ExecDdl]
08:06:25.841 DEBUG a.c.singleton.ClusterSingletonProxy - Trying to identify singleton at [akka://akka-runtime@127.0.0.1:63112/system/singletonManagerschemaSingleton/schemaSingleton]
08:06:25.842 INFO  akka.javasdk.testkit.TestKit - Checking runtime status
08:06:25.842 INFO  a.c.s.ClusterSingletonManager - Singleton manager starting singleton actor [akka://akka-runtime/system/singletonManagerschemaSingleton/schemaSingleton]
08:06:25.842 INFO  a.c.s.ClusterSingletonManager - ClusterSingletonManager state change [Start -> Oldest]
08:06:25.910 DEBUG a.c.singleton.ClusterSingletonProxy - Trying to identify singleton at [akka://akka-runtime@127.0.0.1:63112/system/singletonManagerschemaSingleton/schemaSingleton]
08:06:25.910 INFO  a.c.singleton.ClusterSingletonProxy - Singleton identified at [akka://akka-runtime/system/singletonManagerschemaSingleton/schemaSingleton]
08:06:25.910 DEBUG a.c.singleton.ClusterSingletonProxy - Sending buffered messages to current singleton instance
08:06:25.912 INFO  a.c.s.typed.scaladsl.ClusterSharding - Starting Shard Region [passivation-race-entity]...
08:06:25.913 INFO  akka.cluster.sharding.ShardRegion - passivation-race-entity: Automatic entity passivation: composite strategy with limit of [10000] active entities, admission window (least recently used entities) with proportions [initial = 0.01, min = 0.01, max = 1.0] adapting with hill-climbing optimizer [adjust multiplier = 10.0, initial step = 0.0625, restart threshold = 0.05, step decay = 0.98], admit using frequency sketch [width multiplier = 4, reset multiplier = 10.0, depth = 4, counter bits = 4], main (least recently used entities (segmented with [2] levels with proportions of [0.20, 0.80]))
08:06:25.913 INFO  a.c.s.ClusterSingletonManager - Singleton manager starting singleton actor [akka://akka-runtime/system/sharding/passivation-race-entityCoordinator/singleton]
08:06:25.913 INFO  a.c.s.ClusterSingletonManager - ClusterSingletonManager state change [Start -> Oldest]
08:06:25.914 DEBUG a.c.sharding.DDataShardCoordinator - passivation-race-entity: Initial coordinator is empty.
08:06:25.914 INFO  a.c.sharding.DDataShardCoordinator - passivation-race-entity: ShardCoordinator was moved to the active state with [0] shards
08:06:25.915 DEBUG a.c.singleton.ClusterSingletonProxy - Forwarding message of type [SchemaSingleton$ExecDdl] to current singleton instance at [akka://akka-runtime/system/singletonManagerschemaSingleton/schemaSingleton]
08:06:25.916 INFO  akka.runtime.DiscoveryManager - Service components: EventSourcedEntity: [1], Consumer: [2], View: [1]
08:06:25.917 INFO  a.c.s.typed.scaladsl.ClusterSharding - Starting Shard Region [_timer]...
08:06:25.918 INFO  a.c.s.typed.scaladsl.ClusterSharding - Starting Shard Region [sharded-daemon-process-eventSourcedProjection-passivation-race-entity-passivation-race-consumer-a]...
08:06:25.918 INFO  akka.cluster.sharding.ShardRegion - sharded-daemon-process-eventSourcedProjection-passivation-race-entity-passivation-race-consumer-a: Automatic entity passivation: disabled
08:06:25.919 INFO  a.c.s.ClusterSingletonManager - Singleton manager starting singleton actor [akka://akka-runtime/system/sharding/_timerCoordinator/singleton]
08:06:25.919 INFO  a.c.s.ClusterSingletonManager - ClusterSingletonManager state change [Start -> Oldest]
08:06:25.919 INFO  a.c.s.typed.scaladsl.ClusterSharding - Starting Shard Region [sharded-daemon-process-eventSourcedProjection-passivation-race-entity-passivation-race-consumer-b]...
08:06:25.919 DEBUG a.c.singleton.ClusterSingletonProxy - Creating singleton identification timer...
08:06:25.919 DEBUG a.c.singleton.ClusterSingletonProxy - Trying to identify singleton at [akka://akka-runtime@127.0.0.1:63112/system/singletonManagerShardedDaemonProcessCoordinator-eventSourcedProjection-passivation-race-entity-passivation-race-consumer-a/ShardedDaemonProcessCoordinator-eventSourcedProjection-passivation-race-entity-passivation-race-consumer-a]
08:06:25.919 DEBUG a.c.sharding.DDataShardCoordinator - _timer: Starting remember entities store from provider akka.cluster.sharding.internal.DDataRememberEntitiesProvider@22504d0b
08:06:25.919 INFO  a.c.s.ClusterSingletonManager - Singleton manager starting singleton actor [akka://akka-runtime/system/sharding/sharded-daemon-process-eventSourcedProjection-passivation-race-entity-passivation-race-consumer-aCoordinator/singleton]
08:06:25.919 INFO  a.c.s.ClusterSingletonManager - ClusterSingletonManager state change [Start -> Oldest]
08:06:25.919 DEBUG a.c.sharding.DDataShardCoordinator - _timer: Initial coordinator is empty.
08:06:25.919 INFO  akka.cluster.sharding.ShardRegion - sharded-daemon-process-eventSourcedProjection-passivation-race-entity-passivation-race-consumer-b: Automatic entity passivation: disabled
08:06:25.919 INFO  a.c.sharding.DDataShardCoordinator - _timer: ShardCoordinator was moved to the active state with [0] shards
08:06:25.919 DEBUG a.c.sharding.DDataShardCoordinator - _timer: Received [0] remembered shard ids (after state initialized)
08:06:25.919 DEBUG a.c.sharding.DDataShardCoordinator - sharded-daemon-process-eventSourcedProjection-passivation-race-entity-passivation-race-consumer-a: Initial coordinator is empty.
08:06:25.919 INFO  a.c.sharding.DDataShardCoordinator - sharded-daemon-process-eventSourcedProjection-passivation-race-entity-passivation-race-consumer-a: ShardCoordinator was moved to the active state with [0] shards
08:06:25.919 INFO  a.c.s.ClusterSingletonManager - Singleton manager starting singleton actor [akka://akka-runtime/system/singletonManagerShardedDaemonProcessCoordinator-eventSourcedProjection-passivation-race-entity-passivation-race-consumer-a/ShardedDaemonProcessCoordinator-eventSourcedProjection-passivation-race-entity-passivation-race-consumer-a]
08:06:25.920 INFO  a.c.s.typed.scaladsl.ClusterSharding - Starting Shard Region [sharded-daemon-process-eventSourcedProjection-passivation-race-entity-passivation-race-view]...
08:06:25.920 INFO  a.c.s.ClusterSingletonManager - ClusterSingletonManager state change [Start -> Oldest]
08:06:25.920 DEBUG a.c.s.t.i.ShardedDaemonProcessCoordinator$ - ShardedDaemonProcessCoordinator for [eventSourcedProjection-passivation-race-entity-passivation-race-consumer-a] starting
08:06:25.920 INFO  akka.cluster.sharding.ShardRegion - sharded-daemon-process-eventSourcedProjection-passivation-race-entity-passivation-race-view: Automatic entity passivation: disabled
08:06:25.920 DEBUG a.c.s.t.i.ShardedDaemonProcessCoordinator$ - eventSourcedProjection-passivation-race-entity-passivation-race-consumer-a: No previous state stored for Sharded Daemon Process
08:06:25.920 DEBUG a.c.s.t.i.ShardedDaemonProcessCoordinator$ - Sending periodic keep alive for Sharded Daemon Process [eventSourcedProjection-passivation-race-entity-passivation-race-consumer-a] to [1] processes (revision [0]).
08:06:25.920 DEBUG a.c.singleton.ClusterSingletonProxy - Creating singleton identification timer...
08:06:25.920 DEBUG a.c.singleton.ClusterSingletonProxy - Trying to identify singleton at [akka://akka-runtime@127.0.0.1:63112/system/singletonManagerShardedDaemonProcessCoordinator-eventSourcedProjection-passivation-race-entity-passivation-race-consumer-b/ShardedDaemonProcessCoordinator-eventSourcedProjection-passivation-race-entity-passivation-race-consumer-b]
08:06:25.921 INFO  akka.runtime.DiscoveryManager - Akka Runtime started at 127.0.0.1:63110
08:06:25.921 INFO  repro.Bootstrap - onStartup burst of 8 starting
08:06:25.921 DEBUG a.c.singleton.ClusterSingletonProxy - Creating singleton identification timer...
08:06:25.921 DEBUG a.c.singleton.ClusterSingletonProxy - Trying to identify singleton at [akka://akka-runtime@127.0.0.1:63112/system/singletonManagerShardedDaemonProcessCoordinator-eventSourcedProjection-passivation-race-entity-passivation-race-view/ShardedDaemonProcessCoordinator-eventSourcedProjection-passivation-race-entity-passivation-race-view]
08:06:25.921 INFO  a.c.s.ClusterSingletonManager - Singleton manager starting singleton actor [akka://akka-runtime/system/sharding/sharded-daemon-process-eventSourcedProjection-passivation-race-entity-passivation-race-consumer-bCoordinator/singleton]
08:06:25.922 INFO  a.c.s.ClusterSingletonManager - Singleton manager starting singleton actor [akka://akka-runtime/system/singletonManagerShardedDaemonProcessCoordinator-eventSourcedProjection-passivation-race-entity-passivation-race-consumer-b/ShardedDaemonProcessCoordinator-eventSourcedProjection-passivation-race-entity-passivation-race-consumer-b]
08:06:25.922 INFO  a.c.s.ClusterSingletonManager - ClusterSingletonManager state change [Start -> Oldest]
08:06:25.922 INFO  a.c.s.ClusterSingletonManager - ClusterSingletonManager state change [Start -> Oldest]
08:06:25.922 INFO  a.c.s.ClusterSingletonManager - Singleton manager starting singleton actor [akka://akka-runtime/system/sharding/sharded-daemon-process-eventSourcedProjection-passivation-race-entity-passivation-race-viewCoordinator/singleton]
08:06:25.922 INFO  a.c.s.ClusterSingletonManager - ClusterSingletonManager state change [Start -> Oldest]
08:06:25.922 DEBUG a.c.s.t.i.ShardedDaemonProcessCoordinator$ - ShardedDaemonProcessCoordinator for [eventSourcedProjection-passivation-race-entity-passivation-race-consumer-b] starting
08:06:25.922 INFO  a.c.s.ClusterSingletonManager - Singleton manager starting singleton actor [akka://akka-runtime/system/singletonManagerShardedDaemonProcessCoordinator-eventSourcedProjection-passivation-race-entity-passivation-race-view/ShardedDaemonProcessCoordinator-eventSourcedProjection-passivation-race-entity-passivation-race-view]
08:06:25.922 INFO  a.c.s.ClusterSingletonManager - ClusterSingletonManager state change [Start -> Oldest]
08:06:25.922 DEBUG a.c.s.t.i.ShardedDaemonProcessCoordinator$ - ShardedDaemonProcessCoordinator for [eventSourcedProjection-passivation-race-entity-passivation-race-view] starting
08:06:25.922 DEBUG a.c.sharding.DDataShardCoordinator - sharded-daemon-process-eventSourcedProjection-passivation-race-entity-passivation-race-consumer-b: Initial coordinator is empty.
08:06:25.922 DEBUG a.c.sharding.DDataShardCoordinator - sharded-daemon-process-eventSourcedProjection-passivation-race-entity-passivation-race-view: Initial coordinator is empty.
08:06:25.922 DEBUG a.c.s.t.i.ShardedDaemonProcessCoordinator$ - eventSourcedProjection-passivation-race-entity-passivation-race-consumer-b: No previous state stored for Sharded Daemon Process
08:06:25.922 INFO  a.c.sharding.DDataShardCoordinator - sharded-daemon-process-eventSourcedProjection-passivation-race-entity-passivation-race-view: ShardCoordinator was moved to the active state with [0] shards
08:06:25.922 DEBUG a.c.s.t.i.ShardedDaemonProcessCoordinator$ - eventSourcedProjection-passivation-race-entity-passivation-race-view: No previous state stored for Sharded Daemon Process
08:06:25.922 DEBUG a.c.s.t.i.ShardedDaemonProcessCoordinator$ - Sending periodic keep alive for Sharded Daemon Process [eventSourcedProjection-passivation-race-entity-passivation-race-consumer-b] to [1] processes (revision [0]).
08:06:25.922 INFO  a.c.sharding.DDataShardCoordinator - sharded-daemon-process-eventSourcedProjection-passivation-race-entity-passivation-race-consumer-b: ShardCoordinator was moved to the active state with [0] shards
08:06:25.922 DEBUG a.c.s.t.i.ShardedDaemonProcessCoordinator$ - Sending periodic keep alive for Sharded Daemon Process [eventSourcedProjection-passivation-race-entity-passivation-race-view] to [1] processes (revision [0]).
08:06:25.963 INFO  akka.javasdk.testkit.TestKit - Runtime started
08:06:25.964 INFO  akka.actor.CoordinatedShutdown - Running CoordinatedShutdown with reason [ActorSystemTerminateReason]
08:06:25.964 DEBUG akka.actor.CoordinatedShutdown - Performing phase [before-service-unbind] with [0] tasks
08:06:25.964 DEBUG akka.actor.CoordinatedShutdown - Performing phase [service-unbind] with [1] tasks.
08:06:25.964 DEBUG akka.actor.CoordinatedShutdown - Performing task [http-unbind-/127.0.0.1:63110] in CoordinatedShutdown phase [service-unbind]
08:06:25.964 DEBUG akka.actor.CoordinatedShutdown - Performing phase [service-requests-done] with [1] tasks.
08:06:25.964 DEBUG akka.actor.CoordinatedShutdown - Performing task [http-terminate-/127.0.0.1:63110] in CoordinatedShutdown phase [service-requests-done]
08:06:25.964 DEBUG akka.actor.CoordinatedShutdown - Performing phase [service-stop] with [1] tasks.
08:06:25.964 DEBUG akka.actor.CoordinatedShutdown - Performing task [stop-grpc-clients] in CoordinatedShutdown phase [service-stop]
08:06:25.964 DEBUG akka.actor.CoordinatedShutdown - Performing phase [before-cluster-shutdown] with [0] tasks
08:06:25.964 DEBUG akka.actor.CoordinatedShutdown - Performing phase [cluster-sharding-shutdown-region] with [5] tasks.
08:06:25.964 DEBUG akka.actor.CoordinatedShutdown - Performing task [region-shutdown] in CoordinatedShutdown phase [cluster-sharding-shutdown-region]
08:06:25.965 DEBUG akka.actor.CoordinatedShutdown - Performing task [region-shutdown] in CoordinatedShutdown phase [cluster-sharding-shutdown-region]
08:06:25.965 DEBUG akka.actor.CoordinatedShutdown - Performing task [region-shutdown] in CoordinatedShutdown phase [cluster-sharding-shutdown-region]
08:06:25.965 DEBUG akka.actor.CoordinatedShutdown - Performing task [region-shutdown] in CoordinatedShutdown phase [cluster-sharding-shutdown-region]
08:06:25.965 DEBUG akka.actor.CoordinatedShutdown - Performing task [region-shutdown] in CoordinatedShutdown phase [cluster-sharding-shutdown-region]
08:06:25.965 DEBUG a.c.sharding.DDataShardCoordinator - sharded-daemon-process-eventSourcedProjection-passivation-race-entity-passivation-race-view: Unknown region requested graceful shutdown [Actor[akka://akka-runtime/system/sharding/sharded-daemon-process-eventSourcedProjection-passivation-race-entity-passivation-race-view#2018823822]]
08:06:25.965 DEBUG a.c.sharding.DDataShardCoordinator - _timer: Unknown region requested graceful shutdown [Actor[akka://akka-runtime/system/sharding/_timer#-1181931880]]
08:06:25.965 DEBUG a.c.sharding.DDataShardCoordinator - passivation-race-entity: Unknown region requested graceful shutdown [Actor[akka://akka-runtime/system/sharding/passivation-race-entity#1074939400]]
08:06:25.965 DEBUG a.c.sharding.DDataShardCoordinator - sharded-daemon-process-eventSourcedProjection-passivation-race-entity-passivation-race-consumer-a: Unknown region requested graceful shutdown [Actor[akka://akka-runtime/system/sharding/sharded-daemon-process-eventSourcedProjection-passivation-race-entity-passivation-race-consumer-a#-207188277]]
08:06:25.965 DEBUG a.c.sharding.DDataShardCoordinator - sharded-daemon-process-eventSourcedProjection-passivation-race-entity-passivation-race-consumer-b: Unknown region requested graceful shutdown [Actor[akka://akka-runtime/system/sharding/sharded-daemon-process-eventSourcedProjection-passivation-race-entity-passivation-race-consumer-b#-201823247]]
08:06:25.981 DEBUG a.c.singleton.ClusterSingletonProxy - Trying to identify singleton at [akka://akka-runtime@127.0.0.1:63112/system/singletonManagerShardedDaemonProcessCoordinator-eventSourcedProjection-passivation-race-entity-passivation-race-consumer-a/ShardedDaemonProcessCoordinator-eventSourcedProjection-passivation-race-entity-passivation-race-consumer-a]
08:06:25.981 INFO  a.c.singleton.ClusterSingletonProxy - Singleton identified at [akka://akka-runtime/system/singletonManagerShardedDaemonProcessCoordinator-eventSourcedProjection-passivation-race-entity-passivation-race-consumer-a/ShardedDaemonProcessCoordinator-eventSourcedProjection-passivation-race-entity-passivation-race-consumer-a]
08:06:25.981 DEBUG a.c.singleton.ClusterSingletonProxy - Sending buffered messages to current singleton instance
08:06:25.991 DEBUG a.c.singleton.ClusterSingletonProxy - Trying to identify singleton at [akka://akka-runtime@127.0.0.1:63112/system/singletonManagerShardedDaemonProcessCoordinator-eventSourcedProjection-passivation-race-entity-passivation-race-consumer-b/ShardedDaemonProcessCoordinator-eventSourcedProjection-passivation-race-entity-passivation-race-consumer-b]
08:06:25.991 INFO  a.c.singleton.ClusterSingletonProxy - Singleton identified at [akka://akka-runtime/system/singletonManagerShardedDaemonProcessCoordinator-eventSourcedProjection-passivation-race-entity-passivation-race-consumer-b/ShardedDaemonProcessCoordinator-eventSourcedProjection-passivation-race-entity-passivation-race-consumer-b]
08:06:25.991 DEBUG a.c.singleton.ClusterSingletonProxy - Sending buffered messages to current singleton instance
08:06:25.991 DEBUG a.c.singleton.ClusterSingletonProxy - Trying to identify singleton at [akka://akka-runtime@127.0.0.1:63112/system/singletonManagerShardedDaemonProcessCoordinator-eventSourcedProjection-passivation-race-entity-passivation-race-view/ShardedDaemonProcessCoordinator-eventSourcedProjection-passivation-race-entity-passivation-race-view]
08:06:25.991 INFO  a.c.singleton.ClusterSingletonProxy - Singleton identified at [akka://akka-runtime/system/singletonManagerShardedDaemonProcessCoordinator-eventSourcedProjection-passivation-race-entity-passivation-race-view/ShardedDaemonProcessCoordinator-eventSourcedProjection-passivation-race-entity-passivation-race-view]
08:06:25.991 DEBUG a.c.singleton.ClusterSingletonProxy - Sending buffered messages to current singleton instance
08:06:26.181 DEBUG a.c.sharding.DDataShardCoordinator - passivation-race-entity: ShardRegion registered: [Actor[akka://akka-runtime/system/sharding/passivation-race-entity#1074939400]]
08:06:26.181 DEBUG a.c.sharding.DDataShardCoordinator - sharded-daemon-process-eventSourcedProjection-passivation-race-entity-passivation-race-consumer-b: ShardRegion registered: [Actor[akka://akka-runtime/system/sharding/sharded-daemon-process-eventSourcedProjection-passivation-race-entity-passivation-race-consumer-b#-201823247]]
08:06:26.181 DEBUG a.c.sharding.DDataShardCoordinator - sharded-daemon-process-eventSourcedProjection-passivation-race-entity-passivation-race-consumer-a: ShardRegion registered: [Actor[akka://akka-runtime/system/sharding/sharded-daemon-process-eventSourcedProjection-passivation-race-entity-passivation-race-consumer-a#-207188277]]
08:06:26.181 DEBUG a.c.sharding.DDataShardCoordinator - passivation-race-entity: The coordinator state was successfully updated with ShardRegionRegistered(Actor[akka://akka-runtime/system/sharding/passivation-race-entity#1074939400])
08:06:26.181 DEBUG a.c.sharding.DDataShardCoordinator - sharded-daemon-process-eventSourcedProjection-passivation-race-entity-passivation-race-consumer-b: The coordinator state was successfully updated with ShardRegionRegistered(Actor[akka://akka-runtime/system/sharding/sharded-daemon-process-eventSourcedProjection-passivation-race-entity-passivation-race-consumer-b#-201823247])
08:06:26.181 DEBUG a.c.sharding.DDataShardCoordinator - sharded-daemon-process-eventSourcedProjection-passivation-race-entity-passivation-race-consumer-a: The coordinator state was successfully updated with ShardRegionRegistered(Actor[akka://akka-runtime/system/sharding/sharded-daemon-process-eventSourcedProjection-passivation-race-entity-passivation-race-consumer-a#-207188277])
08:06:26.182 DEBUG a.c.sharding.DDataShardCoordinator - sharded-daemon-process-eventSourcedProjection-passivation-race-entity-passivation-race-consumer-a: The coordinator state was successfully updated with ShardHomeAllocated(0,Actor[akka://akka-runtime/system/sharding/sharded-daemon-process-eventSourcedProjection-passivation-race-entity-passivation-race-consumer-a#-207188277])
08:06:26.182 DEBUG a.c.sharding.DDataShardCoordinator - passivation-race-entity: The coordinator state was successfully updated with ShardHomeAllocated(912,Actor[akka://akka-runtime/system/sharding/passivation-race-entity#1074939400])
08:06:26.182 DEBUG a.c.sharding.DDataShardCoordinator - sharded-daemon-process-eventSourcedProjection-passivation-race-entity-passivation-race-consumer-b: The coordinator state was successfully updated with ShardHomeAllocated(0,Actor[akka://akka-runtime/system/sharding/sharded-daemon-process-eventSourcedProjection-passivation-race-entity-passivation-race-consumer-b#-201823247])
08:06:26.182 DEBUG a.c.sharding.DDataShardCoordinator - sharded-daemon-process-eventSourcedProjection-passivation-race-entity-passivation-race-consumer-a: Shard [0] allocated at [Actor[akka://akka-runtime/system/sharding/sharded-daemon-process-eventSourcedProjection-passivation-race-entity-passivation-race-consumer-a#-207188277]]
08:06:26.182 DEBUG a.c.sharding.DDataShardCoordinator - sharded-daemon-process-eventSourcedProjection-passivation-race-entity-passivation-race-consumer-b: Shard [0] allocated at [Actor[akka://akka-runtime/system/sharding/sharded-daemon-process-eventSourcedProjection-passivation-race-entity-passivation-race-consumer-b#-201823247]]
08:06:26.182 DEBUG a.c.sharding.DDataShardCoordinator - passivation-race-entity: Shard [912] allocated at [Actor[akka://akka-runtime/system/sharding/passivation-race-entity#1074939400]]
08:06:26.182 DEBUG a.c.sharding.DDataShardCoordinator - sharded-daemon-process-eventSourcedProjection-passivation-race-entity-passivation-race-consumer-b: Graceful shutdown of region [Actor[akka://akka-runtime/system/sharding/sharded-daemon-process-eventSourcedProjection-passivation-race-entity-passivation-race-consumer-b#-201823247]] with [1] shards
08:06:26.182 INFO  a.c.sharding.DDataShardCoordinator - sharded-daemon-process-eventSourcedProjection-passivation-race-entity-passivation-race-consumer-b: Starting shutting down shards [0] due to region shutting down or explicit stopping of shards.
08:06:26.182 DEBUG a.c.sharding.DDataShardCoordinator - sharded-daemon-process-eventSourcedProjection-passivation-race-entity-passivation-race-consumer-a: Graceful shutdown of region [Actor[akka://akka-runtime/system/sharding/sharded-daemon-process-eventSourcedProjection-passivation-race-entity-passivation-race-consumer-a#-207188277]] with [1] shards
08:06:26.182 INFO  a.c.sharding.DDataShardCoordinator - sharded-daemon-process-eventSourcedProjection-passivation-race-entity-passivation-race-consumer-a: Starting shutting down shards [0] due to region shutting down or explicit stopping of shards.
08:06:26.182 DEBUG a.c.s.ShardCoordinator$RebalanceWorker - sharded-daemon-process-eventSourcedProjection-passivation-race-entity-passivation-race-consumer-b: Shutting down shard [0] from region [Actor[akka://akka-runtime/system/sharding/sharded-daemon-process-eventSourcedProjection-passivation-race-entity-passivation-race-consumer-b#-201823247]]. Asking [1] region(s) to hand-off shard
08:06:26.182 DEBUG a.c.s.ShardCoordinator$RebalanceWorker - sharded-daemon-process-eventSourcedProjection-passivation-race-entity-passivation-race-consumer-b: BeginHandOffAck for shard [0] received from [Actor[akka://akka-runtime/system/sharding/sharded-daemon-process-eventSourcedProjection-passivation-race-entity-passivation-race-consumer-b#-201823247]].
08:06:26.182 DEBUG a.c.s.ShardCoordinator$RebalanceWorker - sharded-daemon-process-eventSourcedProjection-passivation-race-entity-passivation-race-consumer-b: All shard regions acked, handing off shard [0].
08:06:26.182 DEBUG a.c.sharding.DDataShardCoordinator - passivation-race-entity: Graceful shutdown of region [Actor[akka://akka-runtime/system/sharding/passivation-race-entity#1074939400]] with [1] shards
08:06:26.182 DEBUG akka.cluster.sharding.Shard - sharded-daemon-process-eventSourcedProjection-passivation-race-entity-passivation-race-consumer-b: Shard initialized
08:06:26.182 WARN  akka.cluster.sharding.ShardRegion - sharded-daemon-process-eventSourcedProjection-passivation-race-entity-passivation-race-consumer-b: Dropping [1] buffered messages to shard [0] during hand off to avoid re-ordering
08:06:26.182 INFO  a.c.sharding.DDataShardCoordinator - passivation-race-entity: Starting shutting down shards [912] due to region shutting down or explicit stopping of shards.
08:06:26.182 DEBUG a.c.s.ShardCoordinator$RebalanceWorker - sharded-daemon-process-eventSourcedProjection-passivation-race-entity-passivation-race-consumer-a: Shutting down shard [0] from region [Actor[akka://akka-runtime/system/sharding/sharded-daemon-process-eventSourcedProjection-passivation-race-entity-passivation-race-consumer-a#-207188277]]. Asking [1] region(s) to hand-off shard
08:06:26.182 DEBUG akka.cluster.sharding.Shard - sharded-daemon-process-eventSourcedProjection-passivation-race-entity-passivation-race-consumer-a: Shard initialized
08:06:26.182 DEBUG a.c.s.ShardCoordinator$RebalanceWorker - sharded-daemon-process-eventSourcedProjection-passivation-race-entity-passivation-race-consumer-a: BeginHandOffAck for shard [0] received from [Actor[akka://akka-runtime/system/sharding/sharded-daemon-process-eventSourcedProjection-passivation-race-entity-passivation-race-consumer-a#-207188277]].
08:06:26.182 DEBUG a.c.s.ShardCoordinator$RebalanceWorker - sharded-daemon-process-eventSourcedProjection-passivation-race-entity-passivation-race-consumer-a: All shard regions acked, handing off shard [0].
08:06:26.182 DEBUG a.c.s.ShardCoordinator$RebalanceWorker - passivation-race-entity: Shutting down shard [912] from region [Actor[akka://akka-runtime/system/sharding/passivation-race-entity#1074939400]]. Asking [1] region(s) to hand-off shard
08:06:26.182 DEBUG akka.cluster.sharding.Shard - sharded-daemon-process-eventSourcedProjection-passivation-race-entity-passivation-race-consumer-b: HandOff shard [0]
08:06:26.182 DEBUG akka.cluster.sharding.Shard - sharded-daemon-process-eventSourcedProjection-passivation-race-entity-passivation-race-consumer-a: Request to start entity [0] and ack to [Some(Actor[akka://akka-runtime/deadLetters])]
08:06:26.182 DEBUG a.c.s.ShardCoordinator$RebalanceWorker - passivation-race-entity: BeginHandOffAck for shard [912] received from [Actor[akka://akka-runtime/system/sharding/passivation-race-entity#1074939400]].
08:06:26.182 DEBUG a.c.s.ShardCoordinator$RebalanceWorker - passivation-race-entity: All shard regions acked, handing off shard [912].
08:06:26.182 WARN  akka.cluster.sharding.ShardRegion - passivation-race-entity: Dropping [1] buffered messages to shard [912] during hand off to avoid re-ordering
08:06:26.182 DEBUG akka.cluster.sharding.Shard - sharded-daemon-process-eventSourcedProjection-passivation-race-entity-passivation-race-consumer-b: Shard [0] shutting down
08:06:26.182 DEBUG a.c.sharding.DDataShardCoordinator - sharded-daemon-process-eventSourcedProjection-passivation-race-entity-passivation-race-consumer-b: Shard [0] deallocation completed successfully.
08:06:26.182 DEBUG akka.cluster.sharding.Shard - sharded-daemon-process-eventSourcedProjection-passivation-race-entity-passivation-race-consumer-a: Started entity [Actor[akka://akka-runtime/system/sharding/sharded-daemon-process-eventSourcedProjection-passivation-race-entity-passivation-race-consumer-a/0/0#609968567]] with entity id [0] in shard [0]
08:06:26.182 DEBUG akka.cluster.sharding.Shard - sharded-daemon-process-eventSourcedProjection-passivation-race-entity-passivation-race-consumer-a: HandOff shard [0]
08:06:26.182 DEBUG akka.cluster.sharding.Shard - passivation-race-entity: Shard initialized
08:06:26.182 DEBUG akka.cluster.sharding.Shard - sharded-daemon-process-eventSourcedProjection-passivation-race-entity-passivation-race-consumer-a: Starting HandOffStopper for shard [0] to terminate [1] entities.
08:06:26.182 DEBUG akka.cluster.sharding.Shard - passivation-race-entity: HandOff shard [912]
08:06:26.182 DEBUG a.c.s.t.i.ShardedDaemonProcessState$ - eventSourcedProjection-passivation-race-entity-passivation-race-consumer-a: Deferred start of worker to verify its revision [0] is the latest
08:06:26.182 DEBUG a.c.sharding.DDataShardCoordinator - sharded-daemon-process-eventSourcedProjection-passivation-race-entity-passivation-race-consumer-b: The coordinator state was successfully updated with ShardHomeDeallocated(0)
08:06:26.182 DEBUG a.c.sharding.DDataShardCoordinator - sharded-daemon-process-eventSourcedProjection-passivation-race-entity-passivation-race-consumer-b: Shard [0] deallocated after
08:06:26.182 DEBUG akka.cluster.sharding.Shard - passivation-race-entity: Shard [912] shutting down
08:06:26.182 DEBUG a.c.sharding.DDataShardCoordinator - sharded-daemon-process-eventSourcedProjection-passivation-race-entity-passivation-race-consumer-b: ShardRegion stopped: [Actor[akka://akka-runtime/system/sharding/sharded-daemon-process-eventSourcedProjection-passivation-race-entity-passivation-race-consumer-b#-201823247]]
08:06:26.182 DEBUG a.c.sharding.DDataShardCoordinator - sharded-daemon-process-eventSourcedProjection-passivation-race-entity-passivation-race-consumer-b: ShardRegion terminated (gracefully): [Actor[akka://akka-runtime/system/sharding/sharded-daemon-process-eventSourcedProjection-passivation-race-entity-passivation-race-consumer-b#-201823247]] {}
08:06:26.182 DEBUG a.c.sharding.DDataShardCoordinator - sharded-daemon-process-eventSourcedProjection-passivation-race-entity-passivation-race-consumer-b: GetShardHome [0] request from [Actor[akka://local/ignore]] stashed, because waiting for initial state or update of state. It will be handled afterwards.
08:06:26.182 DEBUG a.c.sharding.DDataShardCoordinator - passivation-race-entity: Shard [912] deallocation completed successfully.
08:06:26.183 INFO  a.c.s.t.i.ShardedDaemonProcessState$ - eventSourcedProjection-passivation-race-entity-passivation-race-consumer-a: Starting Sharded Daemon Process [0] out of a total [1] (revision [0] and no state found)
08:06:26.183 DEBUG a.c.sharding.DDataShardCoordinator - sharded-daemon-process-eventSourcedProjection-passivation-race-entity-passivation-race-consumer-b: The coordinator state was successfully updated with ShardRegionTerminated(Actor[akka://akka-runtime/system/sharding/sharded-daemon-process-eventSourcedProjection-passivation-race-entity-passivation-race-consumer-b#-201823247])
08:06:26.183 DEBUG a.c.sharding.DDataShardCoordinator - passivation-race-entity: The coordinator state was successfully updated with ShardHomeDeallocated(912)
08:06:26.183 DEBUG a.c.sharding.DDataShardCoordinator - passivation-race-entity: Shard [912] deallocated after
08:06:26.183 DEBUG a.c.sharding.DDataShardCoordinator - passivation-race-entity: ShardRegion terminated (gracefully): [Actor[akka://akka-runtime/system/sharding/passivation-race-entity#1074939400]] {}
08:06:26.183 DEBUG a.c.sharding.DDataShardCoordinator - passivation-race-entity: GetShardHome [912] request from [Actor[akka://local/ignore]] stashed, because waiting for initial state or update of state. It will be handled afterwards.
08:06:26.183 DEBUG a.c.sharding.DDataShardCoordinator - passivation-race-entity: The coordinator state was successfully updated with ShardRegionTerminated(Actor[akka://akka-runtime/system/sharding/passivation-race-entity#1074939400])
08:06:26.183 DEBUG a.c.sharding.DDataShardCoordinator - passivation-race-entity: ShardRegion stopped: [Actor[akka://akka-runtime/system/sharding/passivation-race-entity#1074939400]]
08:06:26.191 DEBUG a.c.sharding.DDataShardCoordinator - sharded-daemon-process-eventSourcedProjection-passivation-race-entity-passivation-race-view: ShardRegion registered: [Actor[akka://akka-runtime/system/sharding/sharded-daemon-process-eventSourcedProjection-passivation-race-entity-passivation-race-view#2018823822]]
08:06:26.192 DEBUG a.c.sharding.DDataShardCoordinator - sharded-daemon-process-eventSourcedProjection-passivation-race-entity-passivation-race-view: The coordinator state was successfully updated with ShardRegionRegistered(Actor[akka://akka-runtime/system/sharding/sharded-daemon-process-eventSourcedProjection-passivation-race-entity-passivation-race-view#2018823822])
08:06:26.192 DEBUG a.c.sharding.DDataShardCoordinator - sharded-daemon-process-eventSourcedProjection-passivation-race-entity-passivation-race-view: The coordinator state was successfully updated with ShardHomeAllocated(0,Actor[akka://akka-runtime/system/sharding/sharded-daemon-process-eventSourcedProjection-passivation-race-entity-passivation-race-view#2018823822])
08:06:26.192 DEBUG a.c.sharding.DDataShardCoordinator - sharded-daemon-process-eventSourcedProjection-passivation-race-entity-passivation-race-view: Shard [0] allocated at [Actor[akka://akka-runtime/system/sharding/sharded-daemon-process-eventSourcedProjection-passivation-race-entity-passivation-race-view#2018823822]]
08:06:26.192 DEBUG a.c.sharding.DDataShardCoordinator - sharded-daemon-process-eventSourcedProjection-passivation-race-entity-passivation-race-view: Graceful shutdown of region [Actor[akka://akka-runtime/system/sharding/sharded-daemon-process-eventSourcedProjection-passivation-race-entity-passivation-race-view#2018823822]] with [1] shards
08:06:26.192 INFO  a.c.sharding.DDataShardCoordinator - sharded-daemon-process-eventSourcedProjection-passivation-race-entity-passivation-race-view: Starting shutting down shards [0] due to region shutting down or explicit stopping of shards.
08:06:26.192 DEBUG akka.cluster.sharding.Shard - sharded-daemon-process-eventSourcedProjection-passivation-race-entity-passivation-race-view: Shard initialized
08:06:26.192 DEBUG a.c.s.ShardCoordinator$RebalanceWorker - sharded-daemon-process-eventSourcedProjection-passivation-race-entity-passivation-race-view: Shutting down shard [0] from region [Actor[akka://akka-runtime/system/sharding/sharded-daemon-process-eventSourcedProjection-passivation-race-entity-passivation-race-view#2018823822]]. Asking [1] region(s) to hand-off shard
08:06:26.192 DEBUG a.c.s.ShardCoordinator$RebalanceWorker - sharded-daemon-process-eventSourcedProjection-passivation-race-entity-passivation-race-view: BeginHandOffAck for shard [0] received from [Actor[akka://akka-runtime/system/sharding/sharded-daemon-process-eventSourcedProjection-passivation-race-entity-passivation-race-view#2018823822]].
08:06:26.192 DEBUG a.c.s.ShardCoordinator$RebalanceWorker - sharded-daemon-process-eventSourcedProjection-passivation-race-entity-passivation-race-view: All shard regions acked, handing off shard [0].
08:06:26.192 DEBUG akka.cluster.sharding.Shard - sharded-daemon-process-eventSourcedProjection-passivation-race-entity-passivation-race-view: Request to start entity [0] and ack to [Some(Actor[akka://akka-runtime/deadLetters])]
08:06:26.193 DEBUG akka.cluster.sharding.Shard - sharded-daemon-process-eventSourcedProjection-passivation-race-entity-passivation-race-view: Started entity [Actor[akka://akka-runtime/system/sharding/sharded-daemon-process-eventSourcedProjection-passivation-race-entity-passivation-race-view/0/0#123504095]] with entity id [0] in shard [0]
08:06:26.193 DEBUG akka.cluster.sharding.Shard - sharded-daemon-process-eventSourcedProjection-passivation-race-entity-passivation-race-view: HandOff shard [0]
08:06:26.193 DEBUG akka.cluster.sharding.Shard - sharded-daemon-process-eventSourcedProjection-passivation-race-entity-passivation-race-view: Starting HandOffStopper for shard [0] to terminate [1] entities.
08:06:26.193 DEBUG a.c.s.t.i.ShardedDaemonProcessState$ - eventSourcedProjection-passivation-race-entity-passivation-race-view: Deferred start of worker to verify its revision [0] is the latest
08:06:26.193 INFO  a.c.s.t.i.ShardedDaemonProcessState$ - eventSourcedProjection-passivation-race-entity-passivation-race-view: Starting Sharded Daemon Process [0] out of a total [1] (revision [0] and no state found)
08:06:26.950 WARN  a.c.s.ShardRegion$HandOffStopper - sharded-daemon-process-eventSourcedProjection-passivation-race-entity-passivation-race-consumer-a: [1] of the entities in shard [0] not stopped after [750 milliseconds]. Maybe the handOffStopMessage [akka.projection.ProjectionBehavior$Stop$] is not handled? Waiting additional [250 milliseconds] before stopping the remaining entities.
08:06:26.960 WARN  a.c.s.ShardRegion$HandOffStopper - sharded-daemon-process-eventSourcedProjection-passivation-race-entity-passivation-race-view: [1] of the entities in shard [0] not stopped after [750 milliseconds]. Maybe the handOffStopMessage [akka.projection.ProjectionBehavior$Stop$] is not handled? Waiting additional [250 milliseconds] before stopping the remaining entities.
08:06:27.200 WARN  a.c.s.ShardRegion$HandOffStopper - sharded-daemon-process-eventSourcedProjection-passivation-race-entity-passivation-race-consumer-a: HandOffStopMessage [akka.projection.ProjectionBehavior$Stop$] is not handled by some of the entities in shard [0] after [1 second], stopping the remaining [1] entities.
08:06:27.200 DEBUG akka.cluster.sharding.Shard - sharded-daemon-process-eventSourcedProjection-passivation-race-entity-passivation-race-consumer-a: Shard [0] shutting down
08:06:27.200 DEBUG a.c.sharding.DDataShardCoordinator - sharded-daemon-process-eventSourcedProjection-passivation-race-entity-passivation-race-consumer-a: Shard [0] deallocation completed successfully.
08:06:27.201 DEBUG a.c.sharding.DDataShardCoordinator - sharded-daemon-process-eventSourcedProjection-passivation-race-entity-passivation-race-consumer-a: The coordinator state was successfully updated with ShardHomeDeallocated(0)
08:06:27.201 DEBUG a.c.sharding.DDataShardCoordinator - sharded-daemon-process-eventSourcedProjection-passivation-race-entity-passivation-race-consumer-a: Shard [0] deallocated after
08:06:27.201 DEBUG a.c.sharding.DDataShardCoordinator - sharded-daemon-process-eventSourcedProjection-passivation-race-entity-passivation-race-consumer-a: ShardRegion terminated (gracefully): [Actor[akka://akka-runtime/system/sharding/sharded-daemon-process-eventSourcedProjection-passivation-race-entity-passivation-race-consumer-a#-207188277]] {}
08:06:27.201 DEBUG a.c.sharding.DDataShardCoordinator - sharded-daemon-process-eventSourcedProjection-passivation-race-entity-passivation-race-consumer-a: GetShardHome [0] request from [Actor[akka://local/ignore]] stashed, because waiting for initial state or update of state. It will be handled afterwards.
08:06:27.202 DEBUG a.c.sharding.DDataShardCoordinator - sharded-daemon-process-eventSourcedProjection-passivation-race-entity-passivation-race-consumer-a: The coordinator state was successfully updated with ShardRegionTerminated(Actor[akka://akka-runtime/system/sharding/sharded-daemon-process-eventSourcedProjection-passivation-race-entity-passivation-race-consumer-a#-207188277])
08:06:27.202 DEBUG a.c.sharding.DDataShardCoordinator - sharded-daemon-process-eventSourcedProjection-passivation-race-entity-passivation-race-consumer-a: ShardRegion stopped: [Actor[akka://akka-runtime/system/sharding/sharded-daemon-process-eventSourcedProjection-passivation-race-entity-passivation-race-consumer-a#-207188277]]
08:06:27.208 WARN  a.c.s.ShardRegion$HandOffStopper - sharded-daemon-process-eventSourcedProjection-passivation-race-entity-passivation-race-view: HandOffStopMessage [akka.projection.ProjectionBehavior$Stop$] is not handled by some of the entities in shard [0] after [1 second], stopping the remaining [1] entities.
08:06:27.209 DEBUG akka.cluster.sharding.Shard - sharded-daemon-process-eventSourcedProjection-passivation-race-entity-passivation-race-view: Shard [0] shutting down
08:06:27.209 DEBUG a.c.sharding.DDataShardCoordinator - sharded-daemon-process-eventSourcedProjection-passivation-race-entity-passivation-race-view: Shard [0] deallocation completed successfully.
08:06:27.209 DEBUG akka.actor.CoordinatedShutdown - Performing phase [cluster-leave] with [1] tasks.
08:06:27.209 DEBUG akka.actor.CoordinatedShutdown - Performing task [leave] in CoordinatedShutdown phase [cluster-leave]
08:06:27.209 DEBUG a.c.sharding.DDataShardCoordinator - sharded-daemon-process-eventSourcedProjection-passivation-race-entity-passivation-race-view: The coordinator state was successfully updated with ShardHomeDeallocated(0)
08:06:27.209 DEBUG a.c.sharding.DDataShardCoordinator - sharded-daemon-process-eventSourcedProjection-passivation-race-entity-passivation-race-view: Shard [0] deallocated after
08:06:27.209 DEBUG a.c.sharding.DDataShardCoordinator - sharded-daemon-process-eventSourcedProjection-passivation-race-entity-passivation-race-view: ShardRegion terminated (gracefully): [Actor[akka://akka-runtime/system/sharding/sharded-daemon-process-eventSourcedProjection-passivation-race-entity-passivation-race-view#2018823822]] {}
08:06:27.210 DEBUG a.c.sharding.DDataShardCoordinator - sharded-daemon-process-eventSourcedProjection-passivation-race-entity-passivation-race-view: GetShardHome [0] request from [Actor[akka://local/ignore]] stashed, because waiting for initial state or update of state. It will be handled afterwards.
08:06:27.210 DEBUG a.c.sharding.DDataShardCoordinator - sharded-daemon-process-eventSourcedProjection-passivation-race-entity-passivation-race-view: The coordinator state was successfully updated with ShardRegionTerminated(Actor[akka://akka-runtime/system/sharding/sharded-daemon-process-eventSourcedProjection-passivation-race-entity-passivation-race-view#2018823822])
08:06:27.210 DEBUG a.c.sharding.DDataShardCoordinator - sharded-daemon-process-eventSourcedProjection-passivation-race-entity-passivation-race-view: ShardRegion stopped: [Actor[akka://akka-runtime/system/sharding/sharded-daemon-process-eventSourcedProjection-passivation-race-entity-passivation-race-view#2018823822]]
08:06:27.211 DEBUG akka.actor.CoordinatedShutdown - Performing phase [cluster-exiting] with [28] tasks.
08:06:27.211 DEBUG akka.actor.CoordinatedShutdown - Performing task [wait-singleton-exiting] in CoordinatedShutdown phase [cluster-exiting]
08:06:27.211 DEBUG akka.actor.CoordinatedShutdown - Performing task [singleton-exiting-2] in CoordinatedShutdown phase [cluster-exiting]
08:06:27.211 DEBUG akka.actor.CoordinatedShutdown - Performing task [singleton-exiting-2] in CoordinatedShutdown phase [cluster-exiting]
08:06:27.211 DEBUG akka.actor.CoordinatedShutdown - Performing task [singleton-exiting-2] in CoordinatedShutdown phase [cluster-exiting]
08:06:27.211 DEBUG akka.actor.CoordinatedShutdown - Performing task [singleton-exiting-1] in CoordinatedShutdown phase [cluster-exiting]
08:06:27.211 DEBUG akka.actor.CoordinatedShutdown - Performing task [wait-singleton-exiting] in CoordinatedShutdown phase [cluster-exiting]
08:06:27.211 DEBUG akka.actor.CoordinatedShutdown - Performing task [wait-singleton-exiting] in CoordinatedShutdown phase [cluster-exiting]
08:06:27.211 DEBUG akka.actor.CoordinatedShutdown - Performing task [wait-singleton-exiting] in CoordinatedShutdown phase [cluster-exiting]
08:06:27.211 DEBUG akka.actor.CoordinatedShutdown - Performing task [wait-exiting] in CoordinatedShutdown phase [cluster-exiting]
08:06:27.211 DEBUG akka.actor.CoordinatedShutdown - Performing task [singleton-exiting-1] in CoordinatedShutdown phase [cluster-exiting]
08:06:27.212 DEBUG akka.actor.CoordinatedShutdown - Performing task [singleton-exiting-1] in CoordinatedShutdown phase [cluster-exiting]
08:06:27.212 DEBUG akka.actor.CoordinatedShutdown - Performing task [wait-singleton-exiting] in CoordinatedShutdown phase [cluster-exiting]
08:06:27.212 DEBUG akka.actor.CoordinatedShutdown - Performing task [singleton-exiting-1] in CoordinatedShutdown phase [cluster-exiting]
08:06:27.212 DEBUG akka.actor.CoordinatedShutdown - Performing task [singleton-exiting-1] in CoordinatedShutdown phase [cluster-exiting]
08:06:27.212 DEBUG akka.actor.CoordinatedShutdown - Performing task [singleton-exiting-1] in CoordinatedShutdown phase [cluster-exiting]
08:06:27.212 INFO  a.c.s.ClusterSingletonManager - Exited [akka://akka-runtime@127.0.0.1:63112].
08:06:27.212 DEBUG akka.actor.CoordinatedShutdown - Performing task [wait-singleton-exiting] in CoordinatedShutdown phase [cluster-exiting]
08:06:27.212 DEBUG akka.actor.CoordinatedShutdown - Performing task [singleton-exiting-1] in CoordinatedShutdown phase [cluster-exiting]
08:06:27.212 DEBUG akka.actor.CoordinatedShutdown - Performing task [wait-singleton-exiting] in CoordinatedShutdown phase [cluster-exiting]
08:06:27.212 DEBUG akka.actor.CoordinatedShutdown - Performing task [singleton-exiting-2] in CoordinatedShutdown phase [cluster-exiting]
08:06:27.212 INFO  a.c.s.ClusterSingletonManager - Exited [akka://akka-runtime@127.0.0.1:63112].
08:06:27.212 INFO  a.c.s.ClusterSingletonManager - Oldest observed OldestChanged: [akka://akka-runtime@127.0.0.1:63112 -> None]
08:06:27.212 INFO  a.c.s.ClusterSingletonManager - Oldest observed OldestChanged: [akka://akka-runtime@127.0.0.1:63112 -> None]
08:06:27.212 INFO  a.c.s.ClusterSingletonManager - ClusterSingletonManager state change [Oldest -> WasOldest]
08:06:27.212 INFO  a.c.s.ClusterSingletonManager - ClusterSingletonManager state change [Oldest -> WasOldest]
08:06:27.212 INFO  a.c.s.ClusterSingletonManager - Oldest observed OldestChanged: [akka://akka-runtime@127.0.0.1:63112 -> None]
08:06:27.212 INFO  a.c.s.ClusterSingletonManager - Oldest observed OldestChanged: [akka://akka-runtime@127.0.0.1:63112 -> None]
08:06:27.212 INFO  a.c.s.ClusterSingletonManager - ClusterSingletonManager state change [Oldest -> WasOldest]
08:06:27.212 INFO  a.c.s.ClusterSingletonManager - ClusterSingletonManager state change [Oldest -> WasOldest]
08:06:27.212 INFO  a.c.s.ClusterSingletonManager - Oldest observed OldestChanged: [akka://akka-runtime@127.0.0.1:63112 -> None]
08:06:27.212 INFO  a.c.s.ClusterSingletonManager - Exited [akka://akka-runtime@127.0.0.1:63112].
08:06:27.212 INFO  a.c.s.ClusterSingletonManager - ClusterSingletonManager state change [Oldest -> WasOldest]
08:06:27.212 INFO  a.c.s.ClusterSingletonManager - Oldest observed OldestChanged: [akka://akka-runtime@127.0.0.1:63112 -> None]
08:06:27.212 INFO  a.c.s.ClusterSingletonManager - ClusterSingletonManager state change [Oldest -> WasOldest]
08:06:27.212 DEBUG akka.actor.CoordinatedShutdown - Performing task [singleton-exiting-2] in CoordinatedShutdown phase [cluster-exiting]
08:06:27.212 INFO  a.c.s.ClusterSingletonManager - Exited [akka://akka-runtime@127.0.0.1:63112].
08:06:27.212 INFO  a.c.s.ClusterSingletonManager - Oldest observed OldestChanged: [akka://akka-runtime@127.0.0.1:63112 -> None]
08:06:27.212 DEBUG akka.actor.CoordinatedShutdown - Performing task [singleton-exiting-2] in CoordinatedShutdown phase [cluster-exiting]
08:06:27.212 INFO  a.c.s.ClusterSingletonManager - ClusterSingletonManager state change [Oldest -> WasOldest]
08:06:27.212 DEBUG akka.actor.CoordinatedShutdown - Performing task [singleton-exiting-2] in CoordinatedShutdown phase [cluster-exiting]
08:06:27.212 DEBUG akka.actor.CoordinatedShutdown - Performing task [singleton-exiting-1] in CoordinatedShutdown phase [cluster-exiting]
08:06:27.212 INFO  a.c.s.ClusterSingletonManager - Exited [akka://akka-runtime@127.0.0.1:63112].
08:06:27.212 DEBUG akka.actor.CoordinatedShutdown - Performing task [singleton-exiting-2] in CoordinatedShutdown phase [cluster-exiting]
08:06:27.212 INFO  a.c.s.ClusterSingletonManager - Exited [akka://akka-runtime@127.0.0.1:63112].
08:06:27.212 DEBUG akka.actor.CoordinatedShutdown - Performing task [singleton-exiting-2] in CoordinatedShutdown phase [cluster-exiting]
08:06:27.212 DEBUG akka.actor.CoordinatedShutdown - Performing task [singleton-exiting-1] in CoordinatedShutdown phase [cluster-exiting]
08:06:27.212 INFO  a.c.s.ClusterSingletonManager - Exited [akka://akka-runtime@127.0.0.1:63112].
08:06:27.212 DEBUG akka.actor.CoordinatedShutdown - Performing task [wait-singleton-exiting] in CoordinatedShutdown phase [cluster-exiting]
08:06:27.212 DEBUG akka.actor.CoordinatedShutdown - Performing task [wait-singleton-exiting] in CoordinatedShutdown phase [cluster-exiting]
08:06:27.213 INFO  a.c.s.ClusterSingletonManager - Oldest observed OldestChanged: [akka://akka-runtime@127.0.0.1:63112 -> None]
08:06:27.213 INFO  a.c.s.ClusterSingletonManager - ClusterSingletonManager state change [Oldest -> WasOldest]
08:06:27.213 INFO  a.c.s.ClusterSingletonManager - Exited [akka://akka-runtime@127.0.0.1:63112].
08:06:27.213 INFO  a.c.s.ClusterSingletonManager - Exited [akka://akka-runtime@127.0.0.1:63112].
08:06:27.213 INFO  a.c.s.ClusterSingletonManager - Oldest observed OldestChanged: [akka://akka-runtime@127.0.0.1:63112 -> None]
08:06:27.213 INFO  a.c.s.ClusterSingletonManager - ClusterSingletonManager state change [Oldest -> WasOldest]
08:06:27.809 DEBUG a.c.singleton.ClusterSingletonProxy - Creating singleton identification timer...
08:06:27.809 DEBUG a.c.singleton.ClusterSingletonProxy - Creating singleton identification timer...
08:06:27.809 DEBUG a.c.singleton.ClusterSingletonProxy - Creating singleton identification timer...
08:06:27.809 DEBUG a.c.singleton.ClusterSingletonProxy - Creating singleton identification timer...
08:06:28.229 INFO  a.c.s.ClusterSingletonManager - Singleton manager stopping singleton actor [akka://akka-runtime/system/singletonManagerShardedDaemonProcessCoordinator-eventSourcedProjection-passivation-race-entity-passivation-race-view/ShardedDaemonProcessCoordinator-eventSourcedProjection-passivation-race-entity-passivation-race-view]
08:06:28.229 INFO  a.c.s.ClusterSingletonManager - Singleton manager stopping singleton actor [akka://akka-runtime/system/sharding/passivation-race-entityCoordinator/singleton]
08:06:28.229 INFO  a.c.s.ClusterSingletonManager - Singleton manager stopping singleton actor [akka://akka-runtime/system/sharding/sharded-daemon-process-eventSourcedProjection-passivation-race-entity-passivation-race-consumer-bCoordinator/singleton]
08:06:28.229 INFO  a.c.s.ClusterSingletonManager - Singleton manager stopping singleton actor [akka://akka-runtime/system/sharding/sharded-daemon-process-eventSourcedProjection-passivation-race-entity-passivation-race-viewCoordinator/singleton]
08:06:28.229 INFO  a.c.s.ClusterSingletonManager - Singleton manager stopping singleton actor [akka://akka-runtime/system/singletonManagerschemaSingleton/schemaSingleton]
08:06:28.229 INFO  a.c.s.ClusterSingletonManager - Singleton manager stopping singleton actor [akka://akka-runtime/system/sharding/sharded-daemon-process-eventSourcedProjection-passivation-race-entity-passivation-race-consumer-aCoordinator/singleton]
08:06:28.229 INFO  a.c.s.ClusterSingletonManager - ClusterSingletonManager state change [WasOldest -> Stopping]
08:06:28.229 INFO  a.c.s.ClusterSingletonManager - ClusterSingletonManager state change [WasOldest -> Stopping]
08:06:28.229 INFO  a.c.s.ClusterSingletonManager - ClusterSingletonManager state change [WasOldest -> Stopping]
08:06:28.229 INFO  a.c.s.ClusterSingletonManager - ClusterSingletonManager state change [WasOldest -> Stopping]
08:06:28.229 INFO  a.c.s.ClusterSingletonManager - ClusterSingletonManager state change [WasOldest -> Stopping]
08:06:28.229 INFO  a.c.s.ClusterSingletonManager - ClusterSingletonManager state change [WasOldest -> Stopping]
08:06:28.229 INFO  a.c.s.ClusterSingletonManager - Singleton manager stopping singleton actor [akka://akka-runtime/system/sharding/_timerCoordinator/singleton]
08:06:28.229 DEBUG a.c.sharding.DDataShardCoordinator - sharded-daemon-process-eventSourcedProjection-passivation-race-entity-passivation-race-consumer-a: Received termination message.
08:06:28.229 INFO  a.c.s.ClusterSingletonManager - Singleton manager stopping singleton actor [akka://akka-runtime/system/singletonManagerShardedDaemonProcessCoordinator-eventSourcedProjection-passivation-race-entity-passivation-race-consumer-a/ShardedDaemonProcessCoordinator-eventSourcedProjection-passivation-race-entity-passivation-race-consumer-a]
08:06:28.229 INFO  a.c.s.ClusterSingletonManager - ClusterSingletonManager state change [WasOldest -> Stopping]
08:06:28.229 INFO  a.c.s.ClusterSingletonManager - ClusterSingletonManager state change [WasOldest -> Stopping]
08:06:28.229 DEBUG a.c.sharding.DDataShardCoordinator - _timer: Received termination message.
08:06:28.229 DEBUG a.c.sharding.DDataShardCoordinator - sharded-daemon-process-eventSourcedProjection-passivation-race-entity-passivation-race-consumer-b: Received termination message.
08:06:28.229 INFO  a.c.s.ClusterSingletonManager - Singleton actor [akka://akka-runtime/system/singletonManagerschemaSingleton/schemaSingleton] was terminated
08:06:28.229 INFO  a.c.s.ClusterSingletonManager - Singleton actor [akka://akka-runtime/system/singletonManagerShardedDaemonProcessCoordinator-eventSourcedProjection-passivation-race-entity-passivation-race-consumer-a/ShardedDaemonProcessCoordinator-eventSourcedProjection-passivation-race-entity-passivation-race-consumer-a] was terminated
08:06:28.229 DEBUG a.c.sharding.DDataShardCoordinator - sharded-daemon-process-eventSourcedProjection-passivation-race-entity-passivation-race-view: Received termination message.
08:06:28.229 DEBUG a.c.sharding.DDataShardCoordinator - passivation-race-entity: Received termination message.
08:06:28.229 INFO  a.c.s.ClusterSingletonManager - Singleton actor [akka://akka-runtime/system/sharding/sharded-daemon-process-eventSourcedProjection-passivation-race-entity-passivation-race-consumer-bCoordinator/singleton] was terminated
08:06:28.229 INFO  a.c.s.ClusterSingletonManager - Singleton manager stopping singleton actor [akka://akka-runtime/system/singletonManagerShardedDaemonProcessCoordinator-eventSourcedProjection-passivation-race-entity-passivation-race-consumer-b/ShardedDaemonProcessCoordinator-eventSourcedProjection-passivation-race-entity-passivation-race-consumer-b]
08:06:28.229 INFO  a.c.s.ClusterSingletonManager - ClusterSingletonManager state change [WasOldest -> Stopping]
08:06:28.229 INFO  a.c.s.ClusterSingletonManager - Singleton actor [akka://akka-runtime/system/sharding/sharded-daemon-process-eventSourcedProjection-passivation-race-entity-passivation-race-viewCoordinator/singleton] was terminated
08:06:28.230 INFO  a.c.s.ClusterSingletonManager - Singleton actor [akka://akka-runtime/system/sharding/passivation-race-entityCoordinator/singleton] was terminated
08:06:28.230 INFO  a.c.s.ClusterSingletonManager - Singleton actor [akka://akka-runtime/system/singletonManagerShardedDaemonProcessCoordinator-eventSourcedProjection-passivation-race-entity-passivation-race-view/ShardedDaemonProcessCoordinator-eventSourcedProjection-passivation-race-entity-passivation-race-view] was terminated
08:06:28.230 INFO  a.c.s.ClusterSingletonManager - Singleton actor [akka://akka-runtime/system/sharding/sharded-daemon-process-eventSourcedProjection-passivation-race-entity-passivation-race-consumer-aCoordinator/singleton] was terminated
08:06:28.230 INFO  a.c.s.ClusterSingletonManager - Singleton actor [akka://akka-runtime/system/singletonManagerShardedDaemonProcessCoordinator-eventSourcedProjection-passivation-race-entity-passivation-race-consumer-b/ShardedDaemonProcessCoordinator-eventSourcedProjection-passivation-race-entity-passivation-race-consumer-b] was terminated
08:06:28.230 INFO  a.c.s.ClusterSingletonManager - Singleton actor [akka://akka-runtime/system/sharding/_timerCoordinator/singleton] was terminated
08:06:28.230 DEBUG akka.actor.CoordinatedShutdown - Performing phase [cluster-exiting-done] with [1] tasks.
08:06:28.230 DEBUG akka.actor.CoordinatedShutdown - Performing task [exiting-completed] in CoordinatedShutdown phase [cluster-exiting-done]
08:06:28.231 DEBUG akka.actor.CoordinatedShutdown - Performing phase [cluster-shutdown] with [1] tasks.
08:06:28.231 DEBUG akka.actor.CoordinatedShutdown - Performing task [wait-shutdown] in CoordinatedShutdown phase [cluster-shutdown]
08:06:28.233 DEBUG akka.actor.CoordinatedShutdown - Performing phase [before-actor-system-terminate] with [2] tasks.
08:06:28.233 DEBUG akka.actor.CoordinatedShutdown - Performing task [close connection pools] in CoordinatedShutdown phase [before-actor-system-terminate]
08:06:28.233 DEBUG akka.actor.CoordinatedShutdown - Performing task [close-grpc-channels] in CoordinatedShutdown phase [before-actor-system-terminate]
08:06:28.234 DEBUG akka.actor.CoordinatedShutdown - Performing phase [actor-system-terminate] with [1] tasks.
08:06:28.234 DEBUG akka.actor.CoordinatedShutdown - Performing task [terminate-system] in CoordinatedShutdown phase [actor-system-terminate]
08:06:28.313 INFO  akka.runtime.AkkaRuntimeMain - Starting Akka Runtime version [1.6.15]
08:06:28.321 INFO  akka.javasdk.impl.ComponentLocator$ - Looking for component descriptors matching pattern [META-INF/akka-javasdk-components_*.conf]
08:06:28.329 INFO  akka.javasdk.testkit.TestKit - Eventing TestKit booting up on port: 63116
08:06:28.331 DEBUG a.c.singleton.ClusterSingletonProxy - Creating singleton identification timer...
08:06:28.331 DEBUG a.c.singleton.ClusterSingletonProxy - Trying to identify singleton at [akka://akka-runtime@127.0.0.1:63117/system/singletonManagerschemaSingleton/schemaSingleton]
08:06:28.331 DEBUG a.c.singleton.ClusterSingletonProxy - Singleton not available, buffering message type [kalix.runtime.SchemaSingleton$ExecDdl]
08:06:28.332 INFO  a.c.s.ClusterSingletonManager - Singleton manager starting singleton actor [akka://akka-runtime/system/singletonManagerschemaSingleton/schemaSingleton]
08:06:28.332 INFO  a.c.s.ClusterSingletonManager - ClusterSingletonManager state change [Start -> Oldest]
08:06:28.333 INFO  akka.javasdk.testkit.TestKit - Checking runtime status
08:06:28.400 DEBUG a.c.singleton.ClusterSingletonProxy - Trying to identify singleton at [akka://akka-runtime@127.0.0.1:63117/system/singletonManagerschemaSingleton/schemaSingleton]
08:06:28.400 INFO  a.c.singleton.ClusterSingletonProxy - Singleton identified at [akka://akka-runtime/system/singletonManagerschemaSingleton/schemaSingleton]
08:06:28.400 DEBUG a.c.singleton.ClusterSingletonProxy - Sending buffered messages to current singleton instance
08:06:28.401 INFO  a.c.s.typed.scaladsl.ClusterSharding - Starting Shard Region [passivation-race-entity]...
08:06:28.402 INFO  akka.cluster.sharding.ShardRegion - passivation-race-entity: Automatic entity passivation: composite strategy with limit of [10000] active entities, admission window (least recently used entities) with proportions [initial = 0.01, min = 0.01, max = 1.0] adapting with hill-climbing optimizer [adjust multiplier = 10.0, initial step = 0.0625, restart threshold = 0.05, step decay = 0.98], admit using frequency sketch [width multiplier = 4, reset multiplier = 10.0, depth = 4, counter bits = 4], main (least recently used entities (segmented with [2] levels with proportions of [0.20, 0.80]))
08:06:28.402 INFO  a.c.s.ClusterSingletonManager - Singleton manager starting singleton actor [akka://akka-runtime/system/sharding/passivation-race-entityCoordinator/singleton]
08:06:28.402 INFO  a.c.s.ClusterSingletonManager - ClusterSingletonManager state change [Start -> Oldest]
08:06:28.403 DEBUG a.c.sharding.DDataShardCoordinator - passivation-race-entity: Initial coordinator is empty.
08:06:28.403 INFO  a.c.sharding.DDataShardCoordinator - passivation-race-entity: ShardCoordinator was moved to the active state with [0] shards
08:06:28.404 DEBUG a.c.singleton.ClusterSingletonProxy - Forwarding message of type [SchemaSingleton$ExecDdl] to current singleton instance at [akka://akka-runtime/system/singletonManagerschemaSingleton/schemaSingleton]
08:06:28.405 INFO  akka.runtime.DiscoveryManager - Service components: EventSourcedEntity: [1], Consumer: [2], View: [1]
08:06:28.406 INFO  a.c.s.typed.scaladsl.ClusterSharding - Starting Shard Region [_timer]...
08:06:28.407 INFO  a.c.s.typed.scaladsl.ClusterSharding - Starting Shard Region [sharded-daemon-process-eventSourcedProjection-passivation-race-entity-passivation-race-consumer-a]...
08:06:28.407 INFO  a.c.s.ClusterSingletonManager - Singleton manager starting singleton actor [akka://akka-runtime/system/sharding/_timerCoordinator/singleton]
08:06:28.407 INFO  a.c.s.ClusterSingletonManager - ClusterSingletonManager state change [Start -> Oldest]
08:06:28.407 INFO  akka.cluster.sharding.ShardRegion - sharded-daemon-process-eventSourcedProjection-passivation-race-entity-passivation-race-consumer-a: Automatic entity passivation: disabled
08:06:28.407 DEBUG a.c.sharding.DDataShardCoordinator - _timer: Starting remember entities store from provider akka.cluster.sharding.internal.DDataRememberEntitiesProvider@286121d4
08:06:28.407 DEBUG a.c.sharding.DDataShardCoordinator - _timer: Initial coordinator is empty.
08:06:28.408 INFO  a.c.s.ClusterSingletonManager - Singleton manager starting singleton actor [akka://akka-runtime/system/sharding/sharded-daemon-process-eventSourcedProjection-passivation-race-entity-passivation-race-consumer-aCoordinator/singleton]
08:06:28.408 DEBUG a.c.singleton.ClusterSingletonProxy - Creating singleton identification timer...
08:06:28.408 DEBUG a.c.singleton.ClusterSingletonProxy - Trying to identify singleton at [akka://akka-runtime@127.0.0.1:63117/system/singletonManagerShardedDaemonProcessCoordinator-eventSourcedProjection-passivation-race-entity-passivation-race-consumer-a/ShardedDaemonProcessCoordinator-eventSourcedProjection-passivation-race-entity-passivation-race-consumer-a]
08:06:28.408 INFO  a.c.s.ClusterSingletonManager - ClusterSingletonManager state change [Start -> Oldest]
08:06:28.408 INFO  a.c.s.typed.scaladsl.ClusterSharding - Starting Shard Region [sharded-daemon-process-eventSourcedProjection-passivation-race-entity-passivation-race-consumer-b]...
08:06:28.408 INFO  a.c.sharding.DDataShardCoordinator - _timer: ShardCoordinator was moved to the active state with [0] shards
08:06:28.408 DEBUG a.c.sharding.DDataShardCoordinator - _timer: Received [0] remembered shard ids (after state initialized)
08:06:28.408 INFO  akka.cluster.sharding.ShardRegion - sharded-daemon-process-eventSourcedProjection-passivation-race-entity-passivation-race-consumer-b: Automatic entity passivation: disabled
08:06:28.408 INFO  a.c.s.ClusterSingletonManager - Singleton manager starting singleton actor [akka://akka-runtime/system/singletonManagerShardedDaemonProcessCoordinator-eventSourcedProjection-passivation-race-entity-passivation-race-consumer-a/ShardedDaemonProcessCoordinator-eventSourcedProjection-passivation-race-entity-passivation-race-consumer-a]
08:06:28.408 INFO  a.c.s.ClusterSingletonManager - ClusterSingletonManager state change [Start -> Oldest]
08:06:28.408 DEBUG a.c.sharding.DDataShardCoordinator - sharded-daemon-process-eventSourcedProjection-passivation-race-entity-passivation-race-consumer-a: Initial coordinator is empty.
08:06:28.408 INFO  a.c.sharding.DDataShardCoordinator - sharded-daemon-process-eventSourcedProjection-passivation-race-entity-passivation-race-consumer-a: ShardCoordinator was moved to the active state with [0] shards
08:06:28.408 DEBUG a.c.s.t.i.ShardedDaemonProcessCoordinator$ - ShardedDaemonProcessCoordinator for [eventSourcedProjection-passivation-race-entity-passivation-race-consumer-a] starting
08:06:28.408 DEBUG a.c.s.t.i.ShardedDaemonProcessCoordinator$ - eventSourcedProjection-passivation-race-entity-passivation-race-consumer-a: No previous state stored for Sharded Daemon Process
08:06:28.408 DEBUG a.c.s.t.i.ShardedDaemonProcessCoordinator$ - Sending periodic keep alive for Sharded Daemon Process [eventSourcedProjection-passivation-race-entity-passivation-race-consumer-a] to [1] processes (revision [0]).
08:06:28.409 INFO  a.c.s.typed.scaladsl.ClusterSharding - Starting Shard Region [sharded-daemon-process-eventSourcedProjection-passivation-race-entity-passivation-race-view]...
08:06:28.409 INFO  a.c.s.ClusterSingletonManager - Singleton manager starting singleton actor [akka://akka-runtime/system/sharding/sharded-daemon-process-eventSourcedProjection-passivation-race-entity-passivation-race-consumer-bCoordinator/singleton]
08:06:28.409 INFO  a.c.s.ClusterSingletonManager - ClusterSingletonManager state change [Start -> Oldest]
08:06:28.409 INFO  akka.cluster.sharding.ShardRegion - sharded-daemon-process-eventSourcedProjection-passivation-race-entity-passivation-race-view: Automatic entity passivation: disabled
08:06:28.409 DEBUG a.c.singleton.ClusterSingletonProxy - Creating singleton identification timer...
08:06:28.409 DEBUG a.c.singleton.ClusterSingletonProxy - Trying to identify singleton at [akka://akka-runtime@127.0.0.1:63117/system/singletonManagerShardedDaemonProcessCoordinator-eventSourcedProjection-passivation-race-entity-passivation-race-consumer-b/ShardedDaemonProcessCoordinator-eventSourcedProjection-passivation-race-entity-passivation-race-consumer-b]
08:06:28.409 DEBUG a.c.sharding.DDataShardCoordinator - sharded-daemon-process-eventSourcedProjection-passivation-race-entity-passivation-race-consumer-b: Initial coordinator is empty.
08:06:28.409 INFO  a.c.sharding.DDataShardCoordinator - sharded-daemon-process-eventSourcedProjection-passivation-race-entity-passivation-race-consumer-b: ShardCoordinator was moved to the active state with [0] shards
08:06:28.410 DEBUG a.c.singleton.ClusterSingletonProxy - Creating singleton identification timer...
08:06:28.410 DEBUG a.c.singleton.ClusterSingletonProxy - Trying to identify singleton at [akka://akka-runtime@127.0.0.1:63117/system/singletonManagerShardedDaemonProcessCoordinator-eventSourcedProjection-passivation-race-entity-passivation-race-view/ShardedDaemonProcessCoordinator-eventSourcedProjection-passivation-race-entity-passivation-race-view]
08:06:28.410 INFO  a.c.s.ClusterSingletonManager - Singleton manager starting singleton actor [akka://akka-runtime/system/singletonManagerShardedDaemonProcessCoordinator-eventSourcedProjection-passivation-race-entity-passivation-race-consumer-b/ShardedDaemonProcessCoordinator-eventSourcedProjection-passivation-race-entity-passivation-race-consumer-b]
08:06:28.410 INFO  a.c.s.ClusterSingletonManager - ClusterSingletonManager state change [Start -> Oldest]
08:06:28.410 INFO  a.c.s.ClusterSingletonManager - Singleton manager starting singleton actor [akka://akka-runtime/system/sharding/sharded-daemon-process-eventSourcedProjection-passivation-race-entity-passivation-race-viewCoordinator/singleton]
08:06:28.410 INFO  a.c.s.ClusterSingletonManager - Singleton manager starting singleton actor [akka://akka-runtime/system/singletonManagerShardedDaemonProcessCoordinator-eventSourcedProjection-passivation-race-entity-passivation-race-view/ShardedDaemonProcessCoordinator-eventSourcedProjection-passivation-race-entity-passivation-race-view]
08:06:28.410 INFO  a.c.s.ClusterSingletonManager - ClusterSingletonManager state change [Start -> Oldest]
08:06:28.410 INFO  a.c.s.ClusterSingletonManager - ClusterSingletonManager state change [Start -> Oldest]
08:06:28.410 DEBUG a.c.s.t.i.ShardedDaemonProcessCoordinator$ - ShardedDaemonProcessCoordinator for [eventSourcedProjection-passivation-race-entity-passivation-race-consumer-b] starting
08:06:28.411 DEBUG a.c.s.t.i.ShardedDaemonProcessCoordinator$ - ShardedDaemonProcessCoordinator for [eventSourcedProjection-passivation-race-entity-passivation-race-view] starting
08:06:28.411 DEBUG a.c.s.t.i.ShardedDaemonProcessCoordinator$ - eventSourcedProjection-passivation-race-entity-passivation-race-consumer-b: No previous state stored for Sharded Daemon Process
08:06:28.411 INFO  akka.runtime.DiscoveryManager - Akka Runtime started at 127.0.0.1:63115
08:06:28.411 DEBUG a.c.sharding.DDataShardCoordinator - sharded-daemon-process-eventSourcedProjection-passivation-race-entity-passivation-race-view: Initial coordinator is empty.
08:06:28.411 INFO  a.c.sharding.DDataShardCoordinator - sharded-daemon-process-eventSourcedProjection-passivation-race-entity-passivation-race-view: ShardCoordinator was moved to the active state with [0] shards
08:06:28.411 DEBUG a.c.s.t.i.ShardedDaemonProcessCoordinator$ - Sending periodic keep alive for Sharded Daemon Process [eventSourcedProjection-passivation-race-entity-passivation-race-consumer-b] to [1] processes (revision [0]).
08:06:28.411 INFO  repro.Bootstrap - onStartup burst of 8 starting
08:06:28.411 DEBUG a.c.s.t.i.ShardedDaemonProcessCoordinator$ - eventSourcedProjection-passivation-race-entity-passivation-race-view: No previous state stored for Sharded Daemon Process
08:06:28.411 DEBUG a.c.s.t.i.ShardedDaemonProcessCoordinator$ - Sending periodic keep alive for Sharded Daemon Process [eventSourcedProjection-passivation-race-entity-passivation-race-view] to [1] processes (revision [0]).
08:06:28.454 INFO  akka.javasdk.testkit.TestKit - Runtime started
08:06:28.454 INFO  akka.actor.CoordinatedShutdown - Running CoordinatedShutdown with reason [ActorSystemTerminateReason]
08:06:28.454 DEBUG akka.actor.CoordinatedShutdown - Performing phase [before-service-unbind] with [0] tasks
08:06:28.454 DEBUG akka.actor.CoordinatedShutdown - Performing phase [service-unbind] with [1] tasks.
08:06:28.454 DEBUG akka.actor.CoordinatedShutdown - Performing task [http-unbind-/127.0.0.1:63115] in CoordinatedShutdown phase [service-unbind]
08:06:28.454 DEBUG akka.actor.CoordinatedShutdown - Performing phase [service-requests-done] with [1] tasks.
08:06:28.454 DEBUG akka.actor.CoordinatedShutdown - Performing task [http-terminate-/127.0.0.1:63115] in CoordinatedShutdown phase [service-requests-done]
08:06:28.455 DEBUG akka.actor.CoordinatedShutdown - Performing phase [service-stop] with [1] tasks.
08:06:28.455 DEBUG akka.actor.CoordinatedShutdown - Performing task [stop-grpc-clients] in CoordinatedShutdown phase [service-stop]
08:06:28.455 DEBUG akka.actor.CoordinatedShutdown - Performing phase [before-cluster-shutdown] with [0] tasks
08:06:28.455 DEBUG akka.actor.CoordinatedShutdown - Performing phase [cluster-sharding-shutdown-region] with [5] tasks.
08:06:28.455 DEBUG akka.actor.CoordinatedShutdown - Performing task [region-shutdown] in CoordinatedShutdown phase [cluster-sharding-shutdown-region]
08:06:28.455 DEBUG akka.actor.CoordinatedShutdown - Performing task [region-shutdown] in CoordinatedShutdown phase [cluster-sharding-shutdown-region]
08:06:28.455 DEBUG akka.actor.CoordinatedShutdown - Performing task [region-shutdown] in CoordinatedShutdown phase [cluster-sharding-shutdown-region]
08:06:28.455 DEBUG akka.actor.CoordinatedShutdown - Performing task [region-shutdown] in CoordinatedShutdown phase [cluster-sharding-shutdown-region]
08:06:28.455 DEBUG akka.actor.CoordinatedShutdown - Performing task [region-shutdown] in CoordinatedShutdown phase [cluster-sharding-shutdown-region]
08:06:28.455 DEBUG a.c.sharding.DDataShardCoordinator - passivation-race-entity: Unknown region requested graceful shutdown [Actor[akka://akka-runtime/system/sharding/passivation-race-entity#1712835520]]
08:06:28.455 DEBUG a.c.sharding.DDataShardCoordinator - sharded-daemon-process-eventSourcedProjection-passivation-race-entity-passivation-race-consumer-b: Unknown region requested graceful shutdown [Actor[akka://akka-runtime/system/sharding/sharded-daemon-process-eventSourcedProjection-passivation-race-entity-passivation-race-consumer-b#1189148060]]
08:06:28.455 DEBUG a.c.sharding.DDataShardCoordinator - sharded-daemon-process-eventSourcedProjection-passivation-race-entity-passivation-race-consumer-a: Unknown region requested graceful shutdown [Actor[akka://akka-runtime/system/sharding/sharded-daemon-process-eventSourcedProjection-passivation-race-entity-passivation-race-consumer-a#763877824]]
08:06:28.455 DEBUG a.c.sharding.DDataShardCoordinator - sharded-daemon-process-eventSourcedProjection-passivation-race-entity-passivation-race-view: Unknown region requested graceful shutdown [Actor[akka://akka-runtime/system/sharding/sharded-daemon-process-eventSourcedProjection-passivation-race-entity-passivation-race-view#119239979]]
08:06:28.455 DEBUG a.c.sharding.DDataShardCoordinator - _timer: Unknown region requested graceful shutdown [Actor[akka://akka-runtime/system/sharding/_timer#1826164358]]
08:06:28.469 DEBUG a.c.singleton.ClusterSingletonProxy - Trying to identify singleton at [akka://akka-runtime@127.0.0.1:63117/system/singletonManagerShardedDaemonProcessCoordinator-eventSourcedProjection-passivation-race-entity-passivation-race-consumer-a/ShardedDaemonProcessCoordinator-eventSourcedProjection-passivation-race-entity-passivation-race-consumer-a]
08:06:28.470 INFO  a.c.singleton.ClusterSingletonProxy - Singleton identified at [akka://akka-runtime/system/singletonManagerShardedDaemonProcessCoordinator-eventSourcedProjection-passivation-race-entity-passivation-race-consumer-a/ShardedDaemonProcessCoordinator-eventSourcedProjection-passivation-race-entity-passivation-race-consumer-a]
08:06:28.470 DEBUG a.c.singleton.ClusterSingletonProxy - Sending buffered messages to current singleton instance
08:06:28.479 DEBUG a.c.singleton.ClusterSingletonProxy - Trying to identify singleton at [akka://akka-runtime@127.0.0.1:63117/system/singletonManagerShardedDaemonProcessCoordinator-eventSourcedProjection-passivation-race-entity-passivation-race-consumer-b/ShardedDaemonProcessCoordinator-eventSourcedProjection-passivation-race-entity-passivation-race-consumer-b]
08:06:28.479 DEBUG a.c.singleton.ClusterSingletonProxy - Trying to identify singleton at [akka://akka-runtime@127.0.0.1:63117/system/singletonManagerShardedDaemonProcessCoordinator-eventSourcedProjection-passivation-race-entity-passivation-race-view/ShardedDaemonProcessCoordinator-eventSourcedProjection-passivation-race-entity-passivation-race-view]
08:06:28.480 INFO  a.c.singleton.ClusterSingletonProxy - Singleton identified at [akka://akka-runtime/system/singletonManagerShardedDaemonProcessCoordinator-eventSourcedProjection-passivation-race-entity-passivation-race-consumer-b/ShardedDaemonProcessCoordinator-eventSourcedProjection-passivation-race-entity-passivation-race-consumer-b]
08:06:28.480 DEBUG a.c.singleton.ClusterSingletonProxy - Sending buffered messages to current singleton instance
08:06:28.480 INFO  a.c.singleton.ClusterSingletonProxy - Singleton identified at [akka://akka-runtime/system/singletonManagerShardedDaemonProcessCoordinator-eventSourcedProjection-passivation-race-entity-passivation-race-view/ShardedDaemonProcessCoordinator-eventSourcedProjection-passivation-race-entity-passivation-race-view]
08:06:28.480 DEBUG a.c.singleton.ClusterSingletonProxy - Sending buffered messages to current singleton instance
08:06:28.669 DEBUG a.c.sharding.DDataShardCoordinator - passivation-race-entity: ShardRegion registered: [Actor[akka://akka-runtime/system/sharding/passivation-race-entity#1712835520]]
08:06:28.669 DEBUG a.c.sharding.DDataShardCoordinator - sharded-daemon-process-eventSourcedProjection-passivation-race-entity-passivation-race-consumer-b: ShardRegion registered: [Actor[akka://akka-runtime/system/sharding/sharded-daemon-process-eventSourcedProjection-passivation-race-entity-passivation-race-consumer-b#1189148060]]
08:06:28.669 DEBUG a.c.sharding.DDataShardCoordinator - sharded-daemon-process-eventSourcedProjection-passivation-race-entity-passivation-race-consumer-a: ShardRegion registered: [Actor[akka://akka-runtime/system/sharding/sharded-daemon-process-eventSourcedProjection-passivation-race-entity-passivation-race-consumer-a#763877824]]
08:06:28.669 DEBUG a.c.sharding.DDataShardCoordinator - sharded-daemon-process-eventSourcedProjection-passivation-race-entity-passivation-race-consumer-a: The coordinator state was successfully updated with ShardRegionRegistered(Actor[akka://akka-runtime/system/sharding/sharded-daemon-process-eventSourcedProjection-passivation-race-entity-passivation-race-consumer-a#763877824])
08:06:28.669 DEBUG a.c.sharding.DDataShardCoordinator - passivation-race-entity: The coordinator state was successfully updated with ShardRegionRegistered(Actor[akka://akka-runtime/system/sharding/passivation-race-entity#1712835520])
08:06:28.669 DEBUG a.c.sharding.DDataShardCoordinator - sharded-daemon-process-eventSourcedProjection-passivation-race-entity-passivation-race-consumer-b: The coordinator state was successfully updated with ShardRegionRegistered(Actor[akka://akka-runtime/system/sharding/sharded-daemon-process-eventSourcedProjection-passivation-race-entity-passivation-race-consumer-b#1189148060])
08:06:28.669 DEBUG a.c.sharding.DDataShardCoordinator - sharded-daemon-process-eventSourcedProjection-passivation-race-entity-passivation-race-consumer-a: The coordinator state was successfully updated with ShardHomeAllocated(0,Actor[akka://akka-runtime/system/sharding/sharded-daemon-process-eventSourcedProjection-passivation-race-entity-passivation-race-consumer-a#763877824])
08:06:28.669 DEBUG a.c.sharding.DDataShardCoordinator - passivation-race-entity: The coordinator state was successfully updated with ShardHomeAllocated(283,Actor[akka://akka-runtime/system/sharding/passivation-race-entity#1712835520])
08:06:28.669 DEBUG a.c.sharding.DDataShardCoordinator - sharded-daemon-process-eventSourcedProjection-passivation-race-entity-passivation-race-consumer-b: The coordinator state was successfully updated with ShardHomeAllocated(0,Actor[akka://akka-runtime/system/sharding/sharded-daemon-process-eventSourcedProjection-passivation-race-entity-passivation-race-consumer-b#1189148060])
08:06:28.669 DEBUG a.c.sharding.DDataShardCoordinator - sharded-daemon-process-eventSourcedProjection-passivation-race-entity-passivation-race-consumer-a: Shard [0] allocated at [Actor[akka://akka-runtime/system/sharding/sharded-daemon-process-eventSourcedProjection-passivation-race-entity-passivation-race-consumer-a#763877824]]
08:06:28.669 DEBUG a.c.sharding.DDataShardCoordinator - passivation-race-entity: Shard [283] allocated at [Actor[akka://akka-runtime/system/sharding/passivation-race-entity#1712835520]]
08:06:28.669 DEBUG a.c.sharding.DDataShardCoordinator - sharded-daemon-process-eventSourcedProjection-passivation-race-entity-passivation-race-consumer-b: Shard [0] allocated at [Actor[akka://akka-runtime/system/sharding/sharded-daemon-process-eventSourcedProjection-passivation-race-entity-passivation-race-consumer-b#1189148060]]
08:06:28.670 DEBUG a.c.sharding.DDataShardCoordinator - passivation-race-entity: Graceful shutdown of region [Actor[akka://akka-runtime/system/sharding/passivation-race-entity#1712835520]] with [1] shards
08:06:28.670 DEBUG a.c.sharding.DDataShardCoordinator - sharded-daemon-process-eventSourcedProjection-passivation-race-entity-passivation-race-consumer-a: Graceful shutdown of region [Actor[akka://akka-runtime/system/sharding/sharded-daemon-process-eventSourcedProjection-passivation-race-entity-passivation-race-consumer-a#763877824]] with [1] shards
08:06:28.670 INFO  a.c.sharding.DDataShardCoordinator - passivation-race-entity: Starting shutting down shards [283] due to region shutting down or explicit stopping of shards.
08:06:28.670 DEBUG a.c.sharding.DDataShardCoordinator - sharded-daemon-process-eventSourcedProjection-passivation-race-entity-passivation-race-consumer-b: Graceful shutdown of region [Actor[akka://akka-runtime/system/sharding/sharded-daemon-process-eventSourcedProjection-passivation-race-entity-passivation-race-consumer-b#1189148060]] with [1] shards
08:06:28.670 INFO  a.c.sharding.DDataShardCoordinator - sharded-daemon-process-eventSourcedProjection-passivation-race-entity-passivation-race-consumer-b: Starting shutting down shards [0] due to region shutting down or explicit stopping of shards.
08:06:28.670 INFO  a.c.sharding.DDataShardCoordinator - sharded-daemon-process-eventSourcedProjection-passivation-race-entity-passivation-race-consumer-a: Starting shutting down shards [0] due to region shutting down or explicit stopping of shards.
08:06:28.670 DEBUG a.c.s.ShardCoordinator$RebalanceWorker - sharded-daemon-process-eventSourcedProjection-passivation-race-entity-passivation-race-consumer-a: Shutting down shard [0] from region [Actor[akka://akka-runtime/system/sharding/sharded-daemon-process-eventSourcedProjection-passivation-race-entity-passivation-race-consumer-a#763877824]]. Asking [1] region(s) to hand-off shard
08:06:28.670 DEBUG a.c.s.ShardCoordinator$RebalanceWorker - sharded-daemon-process-eventSourcedProjection-passivation-race-entity-passivation-race-consumer-b: Shutting down shard [0] from region [Actor[akka://akka-runtime/system/sharding/sharded-daemon-process-eventSourcedProjection-passivation-race-entity-passivation-race-consumer-b#1189148060]]. Asking [1] region(s) to hand-off shard
08:06:28.670 DEBUG a.c.s.ShardCoordinator$RebalanceWorker - passivation-race-entity: Shutting down shard [283] from region [Actor[akka://akka-runtime/system/sharding/passivation-race-entity#1712835520]]. Asking [1] region(s) to hand-off shard
08:06:28.670 DEBUG a.c.s.ShardCoordinator$RebalanceWorker - sharded-daemon-process-eventSourcedProjection-passivation-race-entity-passivation-race-consumer-a: BeginHandOffAck for shard [0] received from [Actor[akka://akka-runtime/system/sharding/sharded-daemon-process-eventSourcedProjection-passivation-race-entity-passivation-race-consumer-a#763877824]].
08:06:28.670 DEBUG a.c.s.ShardCoordinator$RebalanceWorker - sharded-daemon-process-eventSourcedProjection-passivation-race-entity-passivation-race-consumer-a: All shard regions acked, handing off shard [0].
08:06:28.670 DEBUG akka.cluster.sharding.Shard - sharded-daemon-process-eventSourcedProjection-passivation-race-entity-passivation-race-consumer-b: Shard initialized
08:06:28.670 DEBUG akka.cluster.sharding.Shard - sharded-daemon-process-eventSourcedProjection-passivation-race-entity-passivation-race-consumer-a: Shard initialized
08:06:28.670 DEBUG akka.cluster.sharding.Shard - passivation-race-entity: Shard initialized
08:06:28.670 DEBUG a.c.s.ShardCoordinator$RebalanceWorker - passivation-race-entity: BeginHandOffAck for shard [283] received from [Actor[akka://akka-runtime/system/sharding/passivation-race-entity#1712835520]].
08:06:28.670 DEBUG a.c.s.ShardCoordinator$RebalanceWorker - passivation-race-entity: All shard regions acked, handing off shard [283].
08:06:28.670 DEBUG a.c.s.ShardCoordinator$RebalanceWorker - sharded-daemon-process-eventSourcedProjection-passivation-race-entity-passivation-race-consumer-b: BeginHandOffAck for shard [0] received from [Actor[akka://akka-runtime/system/sharding/sharded-daemon-process-eventSourcedProjection-passivation-race-entity-passivation-race-consumer-b#1189148060]].
08:06:28.670 DEBUG a.c.s.ShardCoordinator$RebalanceWorker - sharded-daemon-process-eventSourcedProjection-passivation-race-entity-passivation-race-consumer-b: All shard regions acked, handing off shard [0].
08:06:28.670 DEBUG akka.cluster.sharding.Shard - sharded-daemon-process-eventSourcedProjection-passivation-race-entity-passivation-race-consumer-b: Request to start entity [0] and ack to [Some(Actor[akka://akka-runtime/deadLetters])]
08:06:28.670 WARN  akka.cluster.sharding.ShardRegion - sharded-daemon-process-eventSourcedProjection-passivation-race-entity-passivation-race-consumer-a: Dropping [1] buffered messages to shard [0] during hand off to avoid re-ordering
08:06:28.670 DEBUG akka.cluster.sharding.Shard - sharded-daemon-process-eventSourcedProjection-passivation-race-entity-passivation-race-consumer-a: HandOff shard [0]
08:06:28.670 DEBUG akka.cluster.sharding.Shard - passivation-race-entity: Started entity [Actor[akka://akka-runtime/system/sharding/passivation-race-entity/283/de2c6f53-c7d2-42d6-8757-ea04651701a3#1835651905]] with entity id [de2c6f53-c7d2-42d6-8757-ea04651701a3] in shard [283]
08:06:28.670 DEBUG akka.cluster.sharding.Shard - passivation-race-entity: HandOff shard [283]
08:06:28.670 DEBUG akka.cluster.sharding.Shard - sharded-daemon-process-eventSourcedProjection-passivation-race-entity-passivation-race-consumer-a: Shard [0] shutting down
08:06:28.670 DEBUG akka.cluster.sharding.Shard - sharded-daemon-process-eventSourcedProjection-passivation-race-entity-passivation-race-consumer-b: Started entity [Actor[akka://akka-runtime/system/sharding/sharded-daemon-process-eventSourcedProjection-passivation-race-entity-passivation-race-consumer-b/0/0#120032934]] with entity id [0] in shard [0]
08:06:28.670 DEBUG akka.cluster.sharding.Shard - passivation-race-entity: Starting HandOffStopper for shard [283] to terminate [1] entities.
08:06:28.670 DEBUG akka.cluster.sharding.Shard - sharded-daemon-process-eventSourcedProjection-passivation-race-entity-passivation-race-consumer-b: HandOff shard [0]
08:06:28.670 DEBUG akka.cluster.sharding.Shard - sharded-daemon-process-eventSourcedProjection-passivation-race-entity-passivation-race-consumer-b: Starting HandOffStopper for shard [0] to terminate [1] entities.
08:06:28.670 DEBUG a.c.sharding.DDataShardCoordinator - sharded-daemon-process-eventSourcedProjection-passivation-race-entity-passivation-race-consumer-a: Shard [0] deallocation completed successfully.
08:06:28.670 DEBUG a.c.s.t.i.ShardedDaemonProcessState$ - eventSourcedProjection-passivation-race-entity-passivation-race-consumer-b: Deferred start of worker to verify its revision [0] is the latest
08:06:28.670 DEBUG a.c.sharding.DDataShardCoordinator - sharded-daemon-process-eventSourcedProjection-passivation-race-entity-passivation-race-consumer-a: The coordinator state was successfully updated with ShardHomeDeallocated(0)
08:06:28.670 DEBUG a.c.sharding.DDataShardCoordinator - sharded-daemon-process-eventSourcedProjection-passivation-race-entity-passivation-race-consumer-a: Shard [0] deallocated after
08:06:28.670 DEBUG a.c.sharding.DDataShardCoordinator - sharded-daemon-process-eventSourcedProjection-passivation-race-entity-passivation-race-consumer-a: ShardRegion stopped: [Actor[akka://akka-runtime/system/sharding/sharded-daemon-process-eventSourcedProjection-passivation-race-entity-passivation-race-consumer-a#763877824]]
08:06:28.670 DEBUG a.c.sharding.DDataShardCoordinator - sharded-daemon-process-eventSourcedProjection-passivation-race-entity-passivation-race-consumer-a: ShardRegion terminated (gracefully): [Actor[akka://akka-runtime/system/sharding/sharded-daemon-process-eventSourcedProjection-passivation-race-entity-passivation-race-consumer-a#763877824]] {}
08:06:28.670 DEBUG a.c.sharding.DDataShardCoordinator - sharded-daemon-process-eventSourcedProjection-passivation-race-entity-passivation-race-consumer-a: GetShardHome [0] request from [Actor[akka://local/ignore]] stashed, because waiting for initial state or update of state. It will be handled afterwards.
08:06:28.670 INFO  a.c.s.t.i.ShardedDaemonProcessState$ - eventSourcedProjection-passivation-race-entity-passivation-race-consumer-b: Starting Sharded Daemon Process [0] out of a total [1] (revision [0] and no state found)
08:06:28.670 DEBUG a.c.sharding.DDataShardCoordinator - sharded-daemon-process-eventSourcedProjection-passivation-race-entity-passivation-race-consumer-a: The coordinator state was successfully updated with ShardRegionTerminated(Actor[akka://akka-runtime/system/sharding/sharded-daemon-process-eventSourcedProjection-passivation-race-entity-passivation-race-consumer-a#763877824])
08:06:28.677 DEBUG a.c.sharding.DDataShardCoordinator - passivation-race-entity: Shard [283] deallocation completed successfully.
08:06:28.677 DEBUG akka.cluster.sharding.Shard - passivation-race-entity: Shard [283] shutting down
08:06:28.677 DEBUG a.c.sharding.DDataShardCoordinator - passivation-race-entity: The coordinator state was successfully updated with ShardHomeDeallocated(283)
08:06:28.677 DEBUG a.c.sharding.DDataShardCoordinator - passivation-race-entity: Shard [283] deallocated after
08:06:28.679 DEBUG a.c.sharding.DDataShardCoordinator - sharded-daemon-process-eventSourcedProjection-passivation-race-entity-passivation-race-view: ShardRegion registered: [Actor[akka://akka-runtime/system/sharding/sharded-daemon-process-eventSourcedProjection-passivation-race-entity-passivation-race-view#119239979]]
08:06:28.679 DEBUG a.c.sharding.DDataShardCoordinator - sharded-daemon-process-eventSourcedProjection-passivation-race-entity-passivation-race-view: The coordinator state was successfully updated with ShardRegionRegistered(Actor[akka://akka-runtime/system/sharding/sharded-daemon-process-eventSourcedProjection-passivation-race-entity-passivation-race-view#119239979])
08:06:28.679 DEBUG a.c.sharding.DDataShardCoordinator - sharded-daemon-process-eventSourcedProjection-passivation-race-entity-passivation-race-view: The coordinator state was successfully updated with ShardHomeAllocated(0,Actor[akka://akka-runtime/system/sharding/sharded-daemon-process-eventSourcedProjection-passivation-race-entity-passivation-race-view#119239979])
08:06:28.679 DEBUG a.c.sharding.DDataShardCoordinator - sharded-daemon-process-eventSourcedProjection-passivation-race-entity-passivation-race-view: Shard [0] allocated at [Actor[akka://akka-runtime/system/sharding/sharded-daemon-process-eventSourcedProjection-passivation-race-entity-passivation-race-view#119239979]]
08:06:28.679 DEBUG a.c.sharding.DDataShardCoordinator - sharded-daemon-process-eventSourcedProjection-passivation-race-entity-passivation-race-view: Graceful shutdown of region [Actor[akka://akka-runtime/system/sharding/sharded-daemon-process-eventSourcedProjection-passivation-race-entity-passivation-race-view#119239979]] with [1] shards
08:06:28.679 INFO  a.c.sharding.DDataShardCoordinator - sharded-daemon-process-eventSourcedProjection-passivation-race-entity-passivation-race-view: Starting shutting down shards [0] due to region shutting down or explicit stopping of shards.
08:06:28.680 DEBUG akka.cluster.sharding.Shard - sharded-daemon-process-eventSourcedProjection-passivation-race-entity-passivation-race-view: Shard initialized
08:06:28.680 DEBUG a.c.s.ShardCoordinator$RebalanceWorker - sharded-daemon-process-eventSourcedProjection-passivation-race-entity-passivation-race-view: Shutting down shard [0] from region [Actor[akka://akka-runtime/system/sharding/sharded-daemon-process-eventSourcedProjection-passivation-race-entity-passivation-race-view#119239979]]. Asking [1] region(s) to hand-off shard
08:06:28.680 DEBUG akka.cluster.sharding.Shard - sharded-daemon-process-eventSourcedProjection-passivation-race-entity-passivation-race-view: Request to start entity [0] and ack to [Some(Actor[akka://akka-runtime/deadLetters])]
08:06:28.680 DEBUG a.c.s.ShardCoordinator$RebalanceWorker - sharded-daemon-process-eventSourcedProjection-passivation-race-entity-passivation-race-view: BeginHandOffAck for shard [0] received from [Actor[akka://akka-runtime/system/sharding/sharded-daemon-process-eventSourcedProjection-passivation-race-entity-passivation-race-view#119239979]].
08:06:28.680 DEBUG a.c.s.ShardCoordinator$RebalanceWorker - sharded-daemon-process-eventSourcedProjection-passivation-race-entity-passivation-race-view: All shard regions acked, handing off shard [0].
08:06:28.680 DEBUG akka.cluster.sharding.Shard - sharded-daemon-process-eventSourcedProjection-passivation-race-entity-passivation-race-view: Started entity [Actor[akka://akka-runtime/system/sharding/sharded-daemon-process-eventSourcedProjection-passivation-race-entity-passivation-race-view/0/0#627785041]] with entity id [0] in shard [0]
08:06:28.680 DEBUG akka.cluster.sharding.Shard - sharded-daemon-process-eventSourcedProjection-passivation-race-entity-passivation-race-view: HandOff shard [0]
08:06:28.680 DEBUG akka.cluster.sharding.Shard - sharded-daemon-process-eventSourcedProjection-passivation-race-entity-passivation-race-view: Starting HandOffStopper for shard [0] to terminate [1] entities.
08:06:28.680 DEBUG a.c.s.t.i.ShardedDaemonProcessState$ - eventSourcedProjection-passivation-race-entity-passivation-race-view: Deferred start of worker to verify its revision [0] is the latest
08:06:28.680 INFO  a.c.s.t.i.ShardedDaemonProcessState$ - eventSourcedProjection-passivation-race-entity-passivation-race-view: Starting Sharded Daemon Process [0] out of a total [1] (revision [0] and no state found)
08:06:29.439 WARN  a.c.s.ShardRegion$HandOffStopper - sharded-daemon-process-eventSourcedProjection-passivation-race-entity-passivation-race-consumer-b: [1] of the entities in shard [0] not stopped after [750 milliseconds]. Maybe the handOffStopMessage [akka.projection.ProjectionBehavior$Stop$] is not handled? Waiting additional [250 milliseconds] before stopping the remaining entities.
08:06:29.449 WARN  a.c.s.ShardRegion$HandOffStopper - sharded-daemon-process-eventSourcedProjection-passivation-race-entity-passivation-race-view: [1] of the entities in shard [0] not stopped after [750 milliseconds]. Maybe the handOffStopMessage [akka.projection.ProjectionBehavior$Stop$] is not handled? Waiting additional [250 milliseconds] before stopping the remaining entities.
08:06:29.690 WARN  a.c.s.ShardRegion$HandOffStopper - sharded-daemon-process-eventSourcedProjection-passivation-race-entity-passivation-race-consumer-b: HandOffStopMessage [akka.projection.ProjectionBehavior$Stop$] is not handled by some of the entities in shard [0] after [1 second], stopping the remaining [1] entities.
08:06:29.690 DEBUG akka.cluster.sharding.Shard - sharded-daemon-process-eventSourcedProjection-passivation-race-entity-passivation-race-consumer-b: Shard [0] shutting down
08:06:29.690 DEBUG a.c.sharding.DDataShardCoordinator - sharded-daemon-process-eventSourcedProjection-passivation-race-entity-passivation-race-consumer-b: Shard [0] deallocation completed successfully.
08:06:29.691 DEBUG a.c.sharding.DDataShardCoordinator - sharded-daemon-process-eventSourcedProjection-passivation-race-entity-passivation-race-consumer-b: The coordinator state was successfully updated with ShardHomeDeallocated(0)
08:06:29.691 DEBUG a.c.sharding.DDataShardCoordinator - sharded-daemon-process-eventSourcedProjection-passivation-race-entity-passivation-race-consumer-b: Shard [0] deallocated after
08:06:29.691 DEBUG a.c.sharding.DDataShardCoordinator - sharded-daemon-process-eventSourcedProjection-passivation-race-entity-passivation-race-consumer-b: ShardRegion stopped: [Actor[akka://akka-runtime/system/sharding/sharded-daemon-process-eventSourcedProjection-passivation-race-entity-passivation-race-consumer-b#1189148060]]
08:06:29.691 DEBUG a.c.sharding.DDataShardCoordinator - sharded-daemon-process-eventSourcedProjection-passivation-race-entity-passivation-race-consumer-b: ShardRegion terminated (gracefully): [Actor[akka://akka-runtime/system/sharding/sharded-daemon-process-eventSourcedProjection-passivation-race-entity-passivation-race-consumer-b#1189148060]] {}
08:06:29.691 DEBUG a.c.sharding.DDataShardCoordinator - sharded-daemon-process-eventSourcedProjection-passivation-race-entity-passivation-race-consumer-b: GetShardHome [0] request from [Actor[akka://local/ignore]] stashed, because waiting for initial state or update of state. It will be handled afterwards.
08:06:29.691 DEBUG a.c.sharding.DDataShardCoordinator - sharded-daemon-process-eventSourcedProjection-passivation-race-entity-passivation-race-consumer-b: The coordinator state was successfully updated with ShardRegionTerminated(Actor[akka://akka-runtime/system/sharding/sharded-daemon-process-eventSourcedProjection-passivation-race-entity-passivation-race-consumer-b#1189148060])
08:06:29.692 WARN  a.s.s.RestartWithBackoffSource - Restarting stream due to failure [1]: akka.projection.r2dbc.internal.R2dbcOffsetStore$AttemptToUseStoppedOffsetStore: eventSourcedProjection-passivation-race-entity-passivation-race-consumer-b [0-1023], correlation [edd85e76-b958-400d-aa2c-2eb50cb7b2cb]: R2dbcOffsetStore was stopped
08:06:29.698 WARN  a.c.s.ShardRegion$HandOffStopper - sharded-daemon-process-eventSourcedProjection-passivation-race-entity-passivation-race-view: HandOffStopMessage [akka.projection.ProjectionBehavior$Stop$] is not handled by some of the entities in shard [0] after [1 second], stopping the remaining [1] entities.
08:06:29.698 DEBUG a.c.sharding.DDataShardCoordinator - sharded-daemon-process-eventSourcedProjection-passivation-race-entity-passivation-race-view: Shard [0] deallocation completed successfully.
08:06:29.698 DEBUG akka.cluster.sharding.Shard - sharded-daemon-process-eventSourcedProjection-passivation-race-entity-passivation-race-view: Shard [0] shutting down
08:06:29.699 DEBUG a.c.sharding.DDataShardCoordinator - sharded-daemon-process-eventSourcedProjection-passivation-race-entity-passivation-race-view: The coordinator state was successfully updated with ShardHomeDeallocated(0)
08:06:29.699 DEBUG a.c.sharding.DDataShardCoordinator - sharded-daemon-process-eventSourcedProjection-passivation-race-entity-passivation-race-view: Shard [0] deallocated after
08:06:29.699 DEBUG a.c.sharding.DDataShardCoordinator - sharded-daemon-process-eventSourcedProjection-passivation-race-entity-passivation-race-view: ShardRegion terminated (gracefully): [Actor[akka://akka-runtime/system/sharding/sharded-daemon-process-eventSourcedProjection-passivation-race-entity-passivation-race-view#119239979]] {}
08:06:29.699 DEBUG a.c.sharding.DDataShardCoordinator - sharded-daemon-process-eventSourcedProjection-passivation-race-entity-passivation-race-view: GetShardHome [0] request from [Actor[akka://local/ignore]] stashed, because waiting for initial state or update of state. It will be handled afterwards.
08:06:29.699 DEBUG a.c.sharding.DDataShardCoordinator - sharded-daemon-process-eventSourcedProjection-passivation-race-entity-passivation-race-view: The coordinator state was successfully updated with ShardRegionTerminated(Actor[akka://akka-runtime/system/sharding/sharded-daemon-process-eventSourcedProjection-passivation-race-entity-passivation-race-view#119239979])
08:06:29.699 DEBUG a.c.sharding.DDataShardCoordinator - sharded-daemon-process-eventSourcedProjection-passivation-race-entity-passivation-race-view: ShardRegion stopped: [Actor[akka://akka-runtime/system/sharding/sharded-daemon-process-eventSourcedProjection-passivation-race-entity-passivation-race-view#119239979]]
08:06:29.699 WARN  a.s.s.RestartWithBackoffSource - Restarting stream due to failure [1]: akka.projection.r2dbc.internal.R2dbcOffsetStore$AttemptToUseStoppedOffsetStore: eventSourcedProjection-passivation-race-entity-passivation-race-view [0-1023], correlation [88f52913-1bbb-44c7-973d-43e9ecb867f0]: R2dbcOffsetStore was stopped
08:06:37.470 WARN  akka.cluster.sharding.ShardRegion - passivation-race-entity: Graceful shutdown of shard region timed out, region will be stopped. Remaining shards [], remaining buffered messages [1].
08:06:37.470 DEBUG a.c.sharding.DDataShardCoordinator - passivation-race-entity: ShardRegion stopped: [Actor[akka://akka-runtime/system/sharding/passivation-race-entity#1712835520]]
08:06:37.470 DEBUG a.c.sharding.DDataShardCoordinator - passivation-race-entity: ShardRegion terminated (gracefully): [Actor[akka://akka-runtime/system/sharding/passivation-race-entity#1712835520]] {}
08:06:37.470 DEBUG akka.actor.CoordinatedShutdown - Performing phase [cluster-leave] with [1] tasks.
08:06:37.470 DEBUG akka.actor.CoordinatedShutdown - Performing task [leave] in CoordinatedShutdown phase [cluster-leave]
08:06:37.471 DEBUG a.c.sharding.DDataShardCoordinator - passivation-race-entity: The coordinator state was successfully updated with ShardRegionTerminated(Actor[akka://akka-runtime/system/sharding/passivation-race-entity#1712835520])
08:06:37.473 DEBUG akka.actor.CoordinatedShutdown - Performing phase [cluster-exiting] with [28] tasks.
08:06:37.473 DEBUG akka.actor.CoordinatedShutdown - Performing task [wait-singleton-exiting] in CoordinatedShutdown phase [cluster-exiting]
08:06:37.473 DEBUG akka.actor.CoordinatedShutdown - Performing task [singleton-exiting-2] in CoordinatedShutdown phase [cluster-exiting]
08:06:37.473 DEBUG akka.actor.CoordinatedShutdown - Performing task [wait-singleton-exiting] in CoordinatedShutdown phase [cluster-exiting]
08:06:37.473 DEBUG akka.actor.CoordinatedShutdown - Performing task [singleton-exiting-1] in CoordinatedShutdown phase [cluster-exiting]
08:06:37.473 INFO  a.c.s.ClusterSingletonManager - Exited [akka://akka-runtime@127.0.0.1:63117].
08:06:37.473 DEBUG akka.actor.CoordinatedShutdown - Performing task [singleton-exiting-2] in CoordinatedShutdown phase [cluster-exiting]
08:06:37.473 DEBUG akka.actor.CoordinatedShutdown - Performing task [wait-singleton-exiting] in CoordinatedShutdown phase [cluster-exiting]
08:06:37.473 DEBUG akka.actor.CoordinatedShutdown - Performing task [singleton-exiting-1] in CoordinatedShutdown phase [cluster-exiting]
08:06:37.473 INFO  a.c.s.ClusterSingletonManager - Exited [akka://akka-runtime@127.0.0.1:63117].
08:06:37.473 DEBUG akka.actor.CoordinatedShutdown - Performing task [wait-exiting] in CoordinatedShutdown phase [cluster-exiting]
08:06:37.473 INFO  a.c.s.ClusterSingletonManager - Oldest observed OldestChanged: [akka://akka-runtime@127.0.0.1:63117 -> None]
08:06:37.473 DEBUG akka.actor.CoordinatedShutdown - Performing task [singleton-exiting-2] in CoordinatedShutdown phase [cluster-exiting]
08:06:37.473 DEBUG akka.actor.CoordinatedShutdown - Performing task [singleton-exiting-1] in CoordinatedShutdown phase [cluster-exiting]
08:06:37.473 DEBUG akka.actor.CoordinatedShutdown - Performing task [singleton-exiting-1] in CoordinatedShutdown phase [cluster-exiting]
08:06:37.473 INFO  a.c.s.ClusterSingletonManager - Oldest observed OldestChanged: [akka://akka-runtime@127.0.0.1:63117 -> None]
08:06:37.473 INFO  a.c.s.ClusterSingletonManager - ClusterSingletonManager state change [Oldest -> WasOldest]
08:06:37.473 INFO  a.c.s.ClusterSingletonManager - Exited [akka://akka-runtime@127.0.0.1:63117].
08:06:37.473 DEBUG akka.actor.CoordinatedShutdown - Performing task [singleton-exiting-1] in CoordinatedShutdown phase [cluster-exiting]
08:06:37.473 INFO  a.c.s.ClusterSingletonManager - ClusterSingletonManager state change [Oldest -> WasOldest]
08:06:37.473 DEBUG akka.actor.CoordinatedShutdown - Performing task [wait-singleton-exiting] in CoordinatedShutdown phase [cluster-exiting]
08:06:37.473 DEBUG akka.actor.CoordinatedShutdown - Performing task [singleton-exiting-2] in CoordinatedShutdown phase [cluster-exiting]
08:06:37.473 DEBUG akka.actor.CoordinatedShutdown - Performing task [singleton-exiting-1] in CoordinatedShutdown phase [cluster-exiting]
08:06:37.473 INFO  a.c.s.ClusterSingletonManager - Oldest observed OldestChanged: [akka://akka-runtime@127.0.0.1:63117 -> None]
08:06:37.473 INFO  a.c.s.ClusterSingletonManager - Oldest observed OldestChanged: [akka://akka-runtime@127.0.0.1:63117 -> None]
08:06:37.473 DEBUG akka.actor.CoordinatedShutdown - Performing task [singleton-exiting-2] in CoordinatedShutdown phase [cluster-exiting]
08:06:37.473 INFO  a.c.s.ClusterSingletonManager - Oldest observed OldestChanged: [akka://akka-runtime@127.0.0.1:63117 -> None]
08:06:37.473 INFO  a.c.s.ClusterSingletonManager - ClusterSingletonManager state change [Oldest -> WasOldest]
08:06:37.473 DEBUG akka.actor.CoordinatedShutdown - Performing task [wait-singleton-exiting] in CoordinatedShutdown phase [cluster-exiting]
08:06:37.473 INFO  a.c.s.ClusterSingletonManager - ClusterSingletonManager state change [Oldest -> WasOldest]
08:06:37.473 DEBUG akka.actor.CoordinatedShutdown - Performing task [wait-singleton-exiting] in CoordinatedShutdown phase [cluster-exiting]
08:06:37.473 DEBUG akka.actor.CoordinatedShutdown - Performing task [singleton-exiting-1] in CoordinatedShutdown phase [cluster-exiting]
08:06:37.473 INFO  a.c.s.ClusterSingletonManager - Exited [akka://akka-runtime@127.0.0.1:63117].
08:06:37.473 INFO  a.c.s.ClusterSingletonManager - ClusterSingletonManager state change [Oldest -> WasOldest]
08:06:37.473 DEBUG akka.actor.CoordinatedShutdown - Performing task [singleton-exiting-2] in CoordinatedShutdown phase [cluster-exiting]
08:06:37.473 INFO  a.c.s.ClusterSingletonManager - Exited [akka://akka-runtime@127.0.0.1:63117].
08:06:37.473 INFO  a.c.s.ClusterSingletonManager - Oldest observed OldestChanged: [akka://akka-runtime@127.0.0.1:63117 -> None]
08:06:37.473 DEBUG akka.actor.CoordinatedShutdown - Performing task [wait-singleton-exiting] in CoordinatedShutdown phase [cluster-exiting]
08:06:37.473 INFO  a.c.s.ClusterSingletonManager - Exited [akka://akka-runtime@127.0.0.1:63117].
08:06:37.473 DEBUG akka.actor.CoordinatedShutdown - Performing task [wait-singleton-exiting] in CoordinatedShutdown phase [cluster-exiting]
08:06:37.473 INFO  a.c.s.ClusterSingletonManager - Oldest observed OldestChanged: [akka://akka-runtime@127.0.0.1:63117 -> None]
08:06:37.473 DEBUG akka.actor.CoordinatedShutdown - Performing task [singleton-exiting-2] in CoordinatedShutdown phase [cluster-exiting]
08:06:37.473 INFO  a.c.s.ClusterSingletonManager - ClusterSingletonManager state change [Oldest -> WasOldest]
08:06:37.473 INFO  a.c.s.ClusterSingletonManager - ClusterSingletonManager state change [Oldest -> WasOldest]
08:06:37.473 DEBUG akka.actor.CoordinatedShutdown - Performing task [wait-singleton-exiting] in CoordinatedShutdown phase [cluster-exiting]
08:06:37.473 INFO  a.c.s.ClusterSingletonManager - Exited [akka://akka-runtime@127.0.0.1:63117].
08:06:37.473 DEBUG akka.actor.CoordinatedShutdown - Performing task [singleton-exiting-1] in CoordinatedShutdown phase [cluster-exiting]
08:06:37.473 DEBUG akka.actor.CoordinatedShutdown - Performing task [singleton-exiting-2] in CoordinatedShutdown phase [cluster-exiting]
08:06:37.473 DEBUG akka.actor.CoordinatedShutdown - Performing task [singleton-exiting-1] in CoordinatedShutdown phase [cluster-exiting]
08:06:37.474 INFO  a.c.s.ClusterSingletonManager - Oldest observed OldestChanged: [akka://akka-runtime@127.0.0.1:63117 -> None]
08:06:37.474 INFO  a.c.s.ClusterSingletonManager - ClusterSingletonManager state change [Oldest -> WasOldest]
08:06:37.474 DEBUG akka.actor.CoordinatedShutdown - Performing task [singleton-exiting-2] in CoordinatedShutdown phase [cluster-exiting]
08:06:37.474 INFO  a.c.s.ClusterSingletonManager - Exited [akka://akka-runtime@127.0.0.1:63117].
08:06:37.474 INFO  a.c.s.ClusterSingletonManager - Exited [akka://akka-runtime@127.0.0.1:63117].
08:06:37.474 INFO  a.c.s.ClusterSingletonManager - Oldest observed OldestChanged: [akka://akka-runtime@127.0.0.1:63117 -> None]
08:06:37.474 INFO  a.c.s.ClusterSingletonManager - ClusterSingletonManager state change [Oldest -> WasOldest]
08:06:38.430 DEBUG a.c.s.t.i.ShardedDaemonProcessCoordinator$ - Sending periodic keep alive for Sharded Daemon Process [eventSourcedProjection-passivation-race-entity-passivation-race-consumer-b] to [1] processes (revision [0]).
08:06:38.430 DEBUG a.c.s.t.i.ShardedDaemonProcessCoordinator$ - Sending periodic keep alive for Sharded Daemon Process [eventSourcedProjection-passivation-race-entity-passivation-race-view] to [1] processes (revision [0]).
08:06:38.430 DEBUG a.c.s.t.i.ShardedDaemonProcessCoordinator$ - Sending periodic keep alive for Sharded Daemon Process [eventSourcedProjection-passivation-race-entity-passivation-race-consumer-a] to [1] processes (revision [0]).
08:06:38.459 DEBUG a.c.singleton.ClusterSingletonProxy - Creating singleton identification timer...
08:06:38.459 DEBUG a.c.singleton.ClusterSingletonProxy - Creating singleton identification timer...
08:06:38.459 DEBUG a.c.singleton.ClusterSingletonProxy - Creating singleton identification timer...
08:06:38.459 DEBUG a.c.singleton.ClusterSingletonProxy - Creating singleton identification timer...
08:06:38.462 ERROR akka.javasdk.testkit.TestKit - TestKit runtime failed to terminate
java.lang.RuntimeException: Failed to stop [akka-runtime] within [10 seconds] 
-> / LocalActorRefProvider$$anon$2 class akka.actor.LocalActorRefProvider$Guardian status=0 2 children
   ⌊-> system LocalActorRef class akka.actor.LocalActorRefProvider$SystemGuardian status=0 43 children
   |   ⌊-> IO-DNS RepointableActorRef class akka.io.SimpleDnsManager status=0 1 children
   |   |   ⌊-> inet-address RoutedActorRef class akka.routing.RouterPoolActor status=0 4 children
   |   |       ⌊-> $a LocalActorRef class akka.io.InetAddressDnsResolver status=0 no children
   |   |       ⌊-> $b LocalActorRef class akka.io.InetAddressDnsResolver status=0 no children
   |   |       ⌊-> $c LocalActorRef class akka.io.InetAddressDnsResolver status=0 no children
   |   |       ⌊-> $d LocalActorRef class akka.io.InetAddressDnsResolver status=0 no children
   |   ⌊-> IO-TCP RepointableActorRef class akka.io.TcpManager status=0 1 children
   |   |   ⌊-> selectors RoutedActorRef class akka.routing.RouterPoolActor status=0 1 children
   |   |       ⌊-> $a LocalActorRef class akka.io.SelectionHandler status=0 2 children
   |   |           ⌊-> 0 LocalActorRef class akka.io.TcpListener status=0 no children
   |   |           ⌊-> 1 LocalActorRef class akka.io.TcpListener status=0 no children
   |   ⌊-> Materializers RepointableActorRef class akka.stream.impl.MaterializerGuardian status=0 4 children
   |   |   ⌊-> StreamSupervisor-12 LocalActorRef class akka.stream.impl.StreamSupervisor status=0 2 children
   |   |   |   ⌊-> flow-7-0-ignoreSink RepointableActorRef class akka.stream.impl.fusing.ActorGraphInterpreter status=0 no children
   |   |   |   ⌊-> flow-8-0-PoolFlow RepointableActorRef class akka.stream.impl.fusing.ActorGraphInterpreter status=0 no children
   |   |   ⌊-> StreamSupervisor-13 LocalActorRef class akka.stream.impl.StreamSupervisor status=0 6 children
   |   |   |   ⌊-> remote-0-0-ignoreSink RepointableActorRef class akka.stream.impl.fusing.ActorGraphInterpreter status=0 no children
   |   |   |   ⌊-> remote-2-0-unnamed RepointableActorRef class akka.stream.impl.fusing.ActorGraphInterpreter status=0 no children
   |   |   |   ⌊-> remote-3-0-ignoreSink RepointableActorRef class akka.stream.impl.fusing.ActorGraphInterpreter status=0 no children
   |   |   |   ⌊-> remote-4-0-ignoreSink RepointableActorRef class akka.stream.impl.fusing.ActorGraphInterpreter status=0 no children
   |   |   |   ⌊-> remote-5-0-ignoreSink RepointableActorRef class akka.stream.impl.fusing.ActorGraphInterpreter status=0 no children
   |   |   |   ⌊-> remote-6-0-ignoreSink RepointableActorRef class akka.stream.impl.fusing.ActorGraphInterpreter status=0 no children
   |   |   ⌊-> StreamSupervisor-14 LocalActorRef class akka.stream.impl.StreamSupervisor status=0 1 children
   |   |   |   ⌊-> remoteControl-1-0-ignoreSink RepointableActorRef class akka.stream.impl.fusing.ActorGraphInterpreter status=0 no children
   |   |   ⌊-> StreamSupervisor-15 LocalActorRef class akka.stream.impl.StreamSupervisor status=0 no children
   |   ⌊-> _timerShardCommandDelegator RepointableActorRef class akka.actor.typed.internal.adapter.ActorAdapter status=0 no children
   |   ⌊-> akka.persistence.r2dbc.journal RepointableActorRef class akka.persistence.r2dbc.journal.R2dbcJournal status=0 1 children
   |   |   ⌊-> $a LocalActorRef class akka.persistence.journal.AsyncWriteJournal$Resequencer status=0 no children
   |   ⌊-> akka.persistence.r2dbc.snapshot RepointableActorRef class akka.persistence.r2dbc.snapshot.R2dbcSnapshotStore status=0 no children
   |   ⌊-> cluster RepointableActorRef class akka.cluster.ClusterDaemon status=0 2 children
   |   |   ⌊-> core LocalActorRef class akka.cluster.ClusterCoreSupervisor status=0 2 children
   |   |   |   ⌊-> daemon LocalActorRef class akka.cluster.ClusterCoreDaemon status=0 3 children
   |   |   |   |   ⌊-> crossDcHeartbeatSender LocalActorRef class akka.cluster.CrossDcHeartbeatSender status=0 no children
   |   |   |   |   ⌊-> downingProvider LocalActorRef class akka.cluster.sbr.SplitBrainResolver status=0 no children
   |   |   |   |   ⌊-> heartbeatSender LocalActorRef class akka.cluster.ClusterHeartbeatSender status=0 no children
   |   |   |   ⌊-> publisher LocalActorRef class akka.cluster.ClusterDomainEventPublisher status=0 no children
   |   |   ⌊-> heartbeatReceiver LocalActorRef class akka.cluster.ClusterHeartbeatReceiver status=0 no children
   |   ⌊-> clusterCommandManager RepointableActorRef class akka.actor.typed.internal.adapter.ActorAdapter status=0 no children
   |   ⌊-> clusterEventBusListener RepointableActorRef class akka.cluster.ClusterReadView$$anon$1 status=0 no children
   |   ⌊-> clusterReceptionist RepointableActorRef class akka.actor.typed.internal.adapter.ActorAdapter status=0 1 children
   |   |   ⌊-> replicator LocalActorRef class akka.cluster.ddata.Replicator status=0 no children
   |   ⌊-> clusterStateSubscriptions RepointableActorRef class akka.actor.typed.internal.adapter.ActorAdapter status=0 no children
   |   ⌊-> ddataReplicator RepointableActorRef class akka.cluster.ddata.Replicator status=0 no children
   |   ⌊-> deadLetterListener RepointableActorRef class akka.event.DeadLetterListener status=0 no children
   |   ⌊-> discovery-manager RepointableActorRef class akka.actor.typed.internal.adapter.ActorAdapter status=0 no children
   |   ⌊-> discovery-watcher RepointableActorRef class akka.actor.typed.internal.adapter.ActorAdapter status=0 no children
   |   ⌊-> dynamicReplicationSettingsDdata RepointableActorRef class akka.actor.typed.internal.adapter.ActorAdapter status=0 no children
   |   ⌊-> eventStreamUnsubscriber-4 RepointableActorRef class akka.event.EventStreamUnsubscriber status=0 no children
   |   ⌊-> eventstream RepointableActorRef class akka.actor.typed.internal.adapter.ActorAdapter status=0 no children
   |   ⌊-> log-level-config RepointableActorRef class akka.actor.typed.internal.adapter.ActorAdapter status=0 no children
   |   ⌊-> log1-Slf4jLogger RepointableActorRef class akka.event.slf4j.Slf4jLogger status=0 no children
   |   ⌊-> passivation-race-entityShardCommandDelegator RepointableActorRef class akka.actor.typed.internal.adapter.ActorAdapter status=0 no children
   |   ⌊-> pool-master RepointableActorRef class akka.http.impl.engine.client.PoolMasterActor status=0 no children
   |   ⌊-> projection-eventSourcedProjection-passivation-race-entity-passivation-race-consumer-b RepointableActorRef class akka.actor.typed.internal.adapter.ActorAdapter status=0 no children
   |   ⌊-> projection-eventSourcedProjection-passivation-race-entity-passivation-race-view RepointableActorRef class akka.actor.typed.internal.adapter.ActorAdapter status=0 no children
   |   ⌊-> r2dbc-passivation-race-entity-0-1023 RepointableActorRef class akka.actor.typed.internal.adapter.ActorAdapter status=0 no children
   |   ⌊-> recoveryPermitter RepointableActorRef class akka.persistence.RecoveryPermitter status=0 no children
   |   ⌊-> remote-deployment-watcher RepointableActorRef class akka.remote.RemoteDeploymentWatcher status=0 no children
   |   ⌊-> remote-watcher RepointableActorRef class akka.cluster.ClusterRemoteWatcher status=0 no children
   |   ⌊-> remoting-terminator RepointableActorRef class akka.remote.RemoteActorRefProvider$RemotingTerminator status=0 no children
   |   ⌊-> sharded-daemon-process-eventSourcedProjection-passivation-race-entity-passivation-race-consumer-aShardCommandDelegator RepointableActorRef class akka.actor.typed.internal.adapter.ActorAdapter status=0 no children
   |   ⌊-> sharded-daemon-process-eventSourcedProjection-passivation-race-entity-passivation-race-consumer-bShardCommandDelegator RepointableActorRef class akka.actor.typed.internal.adapter.ActorAdapter status=0 no children
   |   ⌊-> sharded-daemon-process-eventSourcedProjection-passivation-race-entity-passivation-race-viewShardCommandDelegator RepointableActorRef class akka.actor.typed.internal.adapter.ActorAdapter status=0 no children
   |   ⌊-> sharding RepointableActorRef class akka.cluster.sharding.ClusterShardingGuardian status=0 6 children
   |   |   ⌊-> _timerCoordinator LocalActorRef class akka.cluster.singleton.ClusterSingletonManager status=0 2 children
   |   |   |   ⌊-> $a LocalActorRef class akka.cluster.singleton.ClusterSingletonManager$Internal$OldestChangedBuffer status=0 no children
   |   |   |   ⌊-> singleton LocalActorRef class akka.pattern.internal.BackoffOnStopSupervisor status=0 1 children
   |   |   |       ⌊-> coordinator LocalActorRef class akka.cluster.sharding.DDataShardCoordinator status=0 1 children
   |   |   |           ⌊-> RememberEntitiesStore LocalActorRef class akka.cluster.sharding.internal.DDataRememberEntitiesCoordinatorStore status=0 no children
   |   |   ⌊-> passivation-race-entityCoordinator LocalActorRef class akka.cluster.singleton.ClusterSingletonManager status=0 2 children
   |   |   |   ⌊-> $a LocalActorRef class akka.cluster.singleton.ClusterSingletonManager$Internal$OldestChangedBuffer status=0 no children
   |   |   |   ⌊-> singleton LocalActorRef class akka.pattern.internal.BackoffOnStopSupervisor status=0 1 children
   |   |   |       ⌊-> coordinator LocalActorRef class akka.cluster.sharding.DDataShardCoordinator status=0 no children
   |   |   ⌊-> replicator LocalActorRef class akka.cluster.ddata.Replicator status=0 no children
   |   |   ⌊-> sharded-daemon-process-eventSourcedProjection-passivation-race-entity-passivation-race-consumer-aCoordinator LocalActorRef class akka.cluster.singleton.ClusterSingletonManager status=0 2 children
   |   |   |   ⌊-> $a LocalActorRef class akka.cluster.singleton.ClusterSingletonManager$Internal$OldestChangedBuffer status=0 no children
   |   |   |   ⌊-> singleton LocalActorRef class akka.pattern.internal.BackoffOnStopSupervisor status=0 1 children
   |   |   |       ⌊-> coordinator LocalActorRef class akka.cluster.sharding.DDataShardCoordinator status=0 no children
   |   |   ⌊-> sharded-daemon-process-eventSourcedProjection-passivation-race-entity-passivation-race-consumer-bCoordinator LocalActorRef class akka.cluster.singleton.ClusterSingletonManager status=0 2 children
   |   |   |   ⌊-> $a LocalActorRef class akka.cluster.singleton.ClusterSingletonManager$Internal$OldestChangedBuffer status=0 no children
   |   |   |   ⌊-> singleton LocalActorRef class akka.pattern.internal.BackoffOnStopSupervisor status=0 1 children
   |   |   |       ⌊-> coordinator LocalActorRef class akka.cluster.sharding.DDataShardCoordinator status=0 no children
   |   |   ⌊-> sharded-daemon-process-eventSourcedProjection-passivation-race-entity-passivation-race-viewCoordinator LocalActorRef class akka.cluster.singleton.ClusterSingletonManager status=0 2 children
   |   |       ⌊-> $a LocalActorRef class akka.cluster.singleton.ClusterSingletonManager$Internal$OldestChangedBuffer status=0 no children
   |   |       ⌊-> singleton LocalActorRef class akka.pattern.internal.BackoffOnStopSupervisor status=0 1 children
   |   |           ⌊-> coordinator LocalActorRef class akka.cluster.sharding.DDataShardCoordinator status=0 no children
   |   ⌊-> singletonManagerShardedDaemonProcessCoordinator-eventSourcedProjection-passivation-race-entity-passivation-race-consumer-a RepointableActorRef class akka.cluster.singleton.ClusterSingletonManager status=0 2 children
   |   |   ⌊-> $a LocalActorRef class akka.cluster.singleton.ClusterSingletonManager$Internal$OldestChangedBuffer status=0 no children
   |   |   ⌊-> ShardedDaemonProcessCoordinator-eventSourcedProjection-passivation-race-entity-passivation-race-consumer-a LocalActorRef class akka.actor.typed.internal.adapter.ActorAdapter status=0 no children
   |   ⌊-> singletonManagerShardedDaemonProcessCoordinator-eventSourcedProjection-passivation-race-entity-passivation-race-consumer-b RepointableActorRef class akka.cluster.singleton.ClusterSingletonManager status=0 2 children
   |   |   ⌊-> $a LocalActorRef class akka.cluster.singleton.ClusterSingletonManager$Internal$OldestChangedBuffer status=0 no children
   |   |   ⌊-> ShardedDaemonProcessCoordinator-eventSourcedProjection-passivation-race-entity-passivation-race-consumer-b LocalActorRef class akka.actor.typed.internal.adapter.ActorAdapter status=0 no children
   |   ⌊-> singletonManagerShardedDaemonProcessCoordinator-eventSourcedProjection-passivation-race-entity-passivation-race-view RepointableActorRef class akka.cluster.singleton.ClusterSingletonManager status=0 2 children
   |   |   ⌊-> $a LocalActorRef class akka.cluster.singleton.ClusterSingletonManager$Internal$OldestChangedBuffer status=0 no children
   |   |   ⌊-> ShardedDaemonProcessCoordinator-eventSourcedProjection-passivation-race-entity-passivation-race-view LocalActorRef class akka.actor.typed.internal.adapter.ActorAdapter status=0 no children
   |   ⌊-> singletonManagerschemaSingleton RepointableActorRef class akka.cluster.singleton.ClusterSingletonManager status=0 2 children
   |   |   ⌊-> $a LocalActorRef class akka.cluster.singleton.ClusterSingletonManager$Internal$OldestChangedBuffer status=0 no children
   |   |   ⌊-> schemaSingleton LocalActorRef class akka.actor.typed.internal.adapter.ActorAdapter status=0 no children
   |   ⌊-> singletonProxyShardedDaemonProcessCoordinator-eventSourcedProjection-passivation-race-entity-passivation-race-consumer-a-no-dc RepointableActorRef class akka.cluster.singleton.ClusterSingletonProxy status=0 no children
   |   ⌊-> singletonProxyShardedDaemonProcessCoordinator-eventSourcedProjection-passivation-race-entity-passivation-race-consumer-b-no-dc RepointableActorRef class akka.cluster.singleton.ClusterSingletonProxy status=0 no children
   |   ⌊-> singletonProxyShardedDaemonProcessCoordinator-eventSourcedProjection-passivation-race-entity-passivation-race-view-no-dc RepointableActorRef class akka.cluster.singleton.ClusterSingletonProxy status=0 no children
   |   ⌊-> singletonProxyschemaSingleton-no-dc RepointableActorRef class akka.cluster.singleton.ClusterSingletonProxy status=0 no children
   |   ⌊-> timers-aggregator RepointableActorRef class akka.actor.typed.internal.adapter.ActorAdapter status=0 no children
   |   ⌊-> typedDdataReplicator RepointableActorRef class akka.actor.typed.internal.adapter.ActorAdapter status=0 no children
   ⌊-> user LocalActorRef class akka.actor.LocalActorRefProvider$Guardian status=0 no children
	at akka.testkit.TestKit$.shutdownActorSystem(TestKit.scala:1018)
	at akka.testkit.javadsl.TestKit$.shutdownActorSystem(TestKit.scala:596)
	at akka.testkit.javadsl.TestKit.shutdownActorSystem(TestKit.scala)
	at akka.javasdk.testkit.TestKit.stop(TestKit.java:1468)
	at repro.BootstrapWorkTimingTest.cycle(BootstrapWorkTimingTest.java:66)
	at repro.BootstrapWorkTimingTest.withBurstFromOnStartup(BootstrapWorkTimingTest.java:28)
	at java.base/jdk.internal.reflect.DirectMethodHandleAccessor.invoke(DirectMethodHandleAccessor.java:104)
	at java.base/java.lang.reflect.Method.invoke(Method.java:583)
	at org.junit.platform.commons.util.ReflectionUtils.invokeMethod(ReflectionUtils.java:767)
	at org.junit.jupiter.engine.execution.MethodInvocation.proceed(MethodInvocation.java:60)
	at org.junit.jupiter.engine.execution.InvocationInterceptorChain$ValidatingInvocation.proceed(InvocationInterceptorChain.java:131)
	at org.junit.jupiter.engine.extension.SameThreadTimeoutInvocation.proceed(SameThreadTimeoutInvocation.java:45)
	at org.junit.jupiter.engine.extension.TimeoutExtension.intercept(TimeoutExtension.java:156)
	at org.junit.jupiter.engine.extension.TimeoutExtension.interceptTestableMethod(TimeoutExtension.java:147)
	at org.junit.jupiter.engine.extension.TimeoutExtension.interceptTestMethod(TimeoutExtension.java:86)
	at org.junit.jupiter.engine.execution.InterceptingExecutableInvoker$ReflectiveInterceptorCall.lambda$ofVoidMethod$0(InterceptingExecutableInvoker.java:103)
	at org.junit.jupiter.engine.execution.InterceptingExecutableInvoker.lambda$invoke$0(InterceptingExecutableInvoker.java:93)
	at org.junit.jupiter.engine.execution.InvocationInterceptorChain$InterceptedInvocation.proceed(InvocationInterceptorChain.java:106)
	at org.junit.jupiter.engine.execution.InvocationInterceptorChain.proceed(InvocationInterceptorChain.java:64)
	at org.junit.jupiter.engine.execution.InvocationInterceptorChain.chainAndInvoke(InvocationInterceptorChain.java:45)
	at org.junit.jupiter.engine.execution.InvocationInterceptorChain.invoke(InvocationInterceptorChain.java:37)
	at org.junit.jupiter.engine.execution.InterceptingExecutableInvoker.invoke(InterceptingExecutableInvoker.java:92)
	at org.junit.jupiter.engine.execution.InterceptingExecutableInvoker.invoke(InterceptingExecutableInvoker.java:86)
	at org.junit.jupiter.engine.descriptor.TestMethodTestDescriptor.lambda$invokeTestMethod$8(TestMethodTestDescriptor.java:217)
	at org.junit.platform.engine.support.hierarchical.ThrowableCollector.execute(ThrowableCollector.java:73)
	at org.junit.jupiter.engine.descriptor.TestMethodTestDescriptor.invokeTestMethod(TestMethodTestDescriptor.java:213)
	at org.junit.jupiter.engine.descriptor.TestMethodTestDescriptor.execute(TestMethodTestDescriptor.java:138)
	at org.junit.jupiter.engine.descriptor.TestMethodTestDescriptor.execute(TestMethodTestDescriptor.java:68)
	at org.junit.platform.engine.support.hierarchical.NodeTestTask.lambda$executeRecursively$6(NodeTestTask.java:156)
	at org.junit.platform.engine.support.hierarchical.ThrowableCollector.execute(ThrowableCollector.java:73)
	at org.junit.platform.engine.support.hierarchical.NodeTestTask.lambda$executeRecursively$8(NodeTestTask.java:146)
	at org.junit.platform.engine.support.hierarchical.Node.around(Node.java:137)
	at org.junit.platform.engine.support.hierarchical.NodeTestTask.lambda$executeRecursively$9(NodeTestTask.java:144)
	at org.junit.platform.engine.support.hierarchical.ThrowableCollector.execute(ThrowableCollector.java:73)
	at org.junit.platform.engine.support.hierarchical.NodeTestTask.executeRecursively(NodeTestTask.java:143)
	at org.junit.platform.engine.support.hierarchical.NodeTestTask.execute(NodeTestTask.java:100)
	at java.base/java.util.ArrayList.forEach(ArrayList.java:1612)
	at org.junit.platform.engine.support.hierarchical.SameThreadHierarchicalTestExecutorService.invokeAll(SameThreadHierarchicalTestExecutorService.java:41)
	at org.junit.platform.engine.support.hierarchical.NodeTestTask.lambda$executeRecursively$6(NodeTestTask.java:160)
	at org.junit.platform.engine.support.hierarchical.ThrowableCollector.execute(ThrowableCollector.java:73)
	at org.junit.platform.engine.support.hierarchical.NodeTestTask.lambda$executeRecursively$8(NodeTestTask.java:146)
	at org.junit.platform.engine.support.hierarchical.Node.around(Node.java:137)
	at org.junit.platform.engine.support.hierarchical.NodeTestTask.lambda$executeRecursively$9(NodeTestTask.java:144)
	at org.junit.platform.engine.support.hierarchical.ThrowableCollector.execute(ThrowableCollector.java:73)
	at org.junit.platform.engine.support.hierarchical.NodeTestTask.executeRecursively(NodeTestTask.java:143)
	at org.junit.platform.engine.support.hierarchical.NodeTestTask.execute(NodeTestTask.java:100)
	at java.base/java.util.ArrayList.forEach(ArrayList.java:1612)
	at org.junit.platform.engine.support.hierarchical.SameThreadHierarchicalTestExecutorService.invokeAll(SameThreadHierarchicalTestExecutorService.java:41)
	at org.junit.platform.engine.support.hierarchical.NodeTestTask.lambda$executeRecursively$6(NodeTestTask.java:160)
	at org.junit.platform.engine.support.hierarchical.ThrowableCollector.execute(ThrowableCollector.java:73)
	at org.junit.platform.engine.support.hierarchical.NodeTestTask.lambda$executeRecursively$8(NodeTestTask.java:146)
	at org.junit.platform.engine.support.hierarchical.Node.around(Node.java:137)
	at org.junit.platform.engine.support.hierarchical.NodeTestTask.lambda$executeRecursively$9(NodeTestTask.java:144)
	at org.junit.platform.engine.support.hierarchical.ThrowableCollector.execute(ThrowableCollector.java:73)
	at org.junit.platform.engine.support.hierarchical.NodeTestTask.executeRecursively(NodeTestTask.java:143)
	at org.junit.platform.engine.support.hierarchical.NodeTestTask.execute(NodeTestTask.java:100)
	at org.junit.platform.engine.support.hierarchical.SameThreadHierarchicalTestExecutorService.submit(SameThreadHierarchicalTestExecutorService.java:35)
	at org.junit.platform.engine.support.hierarchical.HierarchicalTestExecutor.execute(HierarchicalTestExecutor.java:57)
	at org.junit.platform.engine.support.hierarchical.HierarchicalTestEngine.execute(HierarchicalTestEngine.java:54)
	at org.junit.platform.launcher.core.DefaultLauncher.execute(DefaultLauncher.java:220)
	at org.junit.platform.launcher.core.DefaultLauncher.lambda$execute$6(DefaultLauncher.java:188)
	at org.junit.platform.launcher.core.DefaultLauncher.withInterceptedStreams(DefaultLauncher.java:202)
	at org.junit.platform.launcher.core.DefaultLauncher.execute(DefaultLauncher.java:181)
	at org.junit.platform.launcher.core.DefaultLauncher.execute(DefaultLauncher.java:128)
	at org.apache.maven.surefire.junitplatform.JUnitPlatformProvider.invokeAllTests(JUnitPlatformProvider.java:150)
	at org.apache.maven.surefire.junitplatform.JUnitPlatformProvider.invoke(JUnitPlatformProvider.java:124)
	at org.apache.maven.surefire.booter.ForkedBooter.invokeProviderInSameClassLoader(ForkedBooter.java:384)
	at org.apache.maven.surefire.booter.ForkedBooter.runSuitesInProcess(ForkedBooter.java:345)
	at org.apache.maven.surefire.booter.ForkedBooter.execute(ForkedBooter.java:126)
	at org.apache.maven.surefire.booter.ForkedBooter.main(ForkedBooter.java:418)
08:06:38.489 INFO  a.c.s.ClusterSingletonManager - Singleton manager stopping singleton actor [akka://akka-runtime/system/singletonManagerShardedDaemonProcessCoordinator-eventSourcedProjection-passivation-race-entity-passivation-race-view/ShardedDaemonProcessCoordinator-eventSourcedProjection-passivation-race-entity-passivation-race-view]
08:06:38.490 INFO  a.c.s.ClusterSingletonManager - Singleton manager stopping singleton actor [akka://akka-runtime/system/sharding/sharded-daemon-process-eventSourcedProjection-passivation-race-entity-passivation-race-consumer-aCoordinator/singleton]
08:06:38.490 INFO  a.c.s.ClusterSingletonManager - Singleton manager stopping singleton actor [akka://akka-runtime/system/singletonManagerShardedDaemonProcessCoordinator-eventSourcedProjection-passivation-race-entity-passivation-race-consumer-a/ShardedDaemonProcessCoordinator-eventSourcedProjection-passivation-race-entity-passivation-race-consumer-a]
08:06:38.490 INFO  a.c.s.ClusterSingletonManager - Singleton manager stopping singleton actor [akka://akka-runtime/system/singletonManagerschemaSingleton/schemaSingleton]
08:06:38.490 INFO  a.c.s.ClusterSingletonManager - ClusterSingletonManager state change [WasOldest -> Stopping]
08:06:38.490 INFO  a.c.s.ClusterSingletonManager - ClusterSingletonManager state change [WasOldest -> Stopping]
08:06:38.490 INFO  a.c.s.ClusterSingletonManager - ClusterSingletonManager state change [WasOldest -> Stopping]
08:06:38.490 INFO  a.c.s.ClusterSingletonManager - ClusterSingletonManager state change [WasOldest -> Stopping]
08:06:38.490 DEBUG a.c.sharding.DDataShardCoordinator - sharded-daemon-process-eventSourcedProjection-passivation-race-entity-passivation-race-consumer-a: Received termination message.
08:06:38.490 INFO  a.c.s.ClusterSingletonManager - Singleton manager stopping singleton actor [akka://akka-runtime/system/sharding/sharded-daemon-process-eventSourcedProjection-passivation-race-entity-passivation-race-consumer-bCoordinator/singleton]
08:06:38.490 INFO  a.c.s.ClusterSingletonManager - ClusterSingletonManager state change [WasOldest -> Stopping]
08:06:38.490 INFO  a.c.s.ClusterSingletonManager - Singleton manager stopping singleton actor [akka://akka-runtime/system/sharding/_timerCoordinator/singleton]
08:06:38.490 INFO  a.c.s.ClusterSingletonManager - ClusterSingletonManager state change [WasOldest -> Stopping]
08:06:38.490 DEBUG a.c.sharding.DDataShardCoordinator - sharded-daemon-process-eventSourcedProjection-passivation-race-entity-passivation-race-consumer-b: Received termination message.
08:06:38.490 DEBUG a.c.sharding.DDataShardCoordinator - _timer: Received termination message.
08:06:38.490 INFO  a.c.s.ClusterSingletonManager - Singleton manager stopping singleton actor [akka://akka-runtime/system/singletonManagerShardedDaemonProcessCoordinator-eventSourcedProjection-passivation-race-entity-passivation-race-consumer-b/ShardedDaemonProcessCoordinator-eventSourcedProjection-passivation-race-entity-passivation-race-consumer-b]
08:06:38.490 INFO  a.c.s.ClusterSingletonManager - ClusterSingletonManager state change [WasOldest -> Stopping]
08:06:38.490 INFO  a.c.s.ClusterSingletonManager - Singleton manager stopping singleton actor [akka://akka-runtime/system/sharding/sharded-daemon-process-eventSourcedProjection-passivation-race-entity-passivation-race-viewCoordinator/singleton]
08:06:38.490 INFO  a.c.s.ClusterSingletonManager - ClusterSingletonManager state change [WasOldest -> Stopping]
08:06:38.490 INFO  a.c.s.ClusterSingletonManager - Singleton actor [akka://akka-runtime/system/sharding/sharded-daemon-process-eventSourcedProjection-passivation-race-entity-passivation-race-consumer-bCoordinator/singleton] was terminated
08:06:38.490 DEBUG a.c.sharding.DDataShardCoordinator - sharded-daemon-process-eventSourcedProjection-passivation-race-entity-passivation-race-view: Received termination message.
08:06:38.490 INFO  a.c.s.ClusterSingletonManager - Singleton actor [akka://akka-runtime/system/sharding/sharded-daemon-process-eventSourcedProjection-passivation-race-entity-passivation-race-viewCoordinator/singleton] was terminated
08:06:38.490 INFO  a.c.s.ClusterSingletonManager - Singleton actor [akka://akka-runtime/system/sharding/_timerCoordinator/singleton] was terminated
08:06:38.490 INFO  a.c.s.ClusterSingletonManager - Singleton actor [akka://akka-runtime/system/singletonManagerShardedDaemonProcessCoordinator-eventSourcedProjection-passivation-race-entity-passivation-race-consumer-b/ShardedDaemonProcessCoordinator-eventSourcedProjection-passivation-race-entity-passivation-race-consumer-b] was terminated
08:06:38.490 INFO  a.c.s.ClusterSingletonManager - Singleton manager stopping singleton actor [akka://akka-runtime/system/sharding/passivation-race-entityCoordinator/singleton]
08:06:38.490 INFO  a.c.s.ClusterSingletonManager - ClusterSingletonManager state change [WasOldest -> Stopping]
08:06:38.490 DEBUG a.c.sharding.DDataShardCoordinator - passivation-race-entity: Received termination message.
08:06:38.490 INFO  a.c.s.ClusterSingletonManager - Singleton actor [akka://akka-runtime/system/singletonManagerShardedDaemonProcessCoordinator-eventSourcedProjection-passivation-race-entity-passivation-race-consumer-a/ShardedDaemonProcessCoordinator-eventSourcedProjection-passivation-race-entity-passivation-race-consumer-a] was terminated
08:06:38.490 INFO  a.c.s.ClusterSingletonManager - Singleton actor [akka://akka-runtime/system/sharding/passivation-race-entityCoordinator/singleton] was terminated
08:06:38.490 INFO  a.c.s.ClusterSingletonManager - Singleton actor [akka://akka-runtime/system/singletonManagerschemaSingleton/schemaSingleton] was terminated
08:06:38.490 INFO  a.c.s.ClusterSingletonManager - Singleton actor [akka://akka-runtime/system/singletonManagerShardedDaemonProcessCoordinator-eventSourcedProjection-passivation-race-entity-passivation-race-view/ShardedDaemonProcessCoordinator-eventSourcedProjection-passivation-race-entity-passivation-race-view] was terminated
08:06:38.490 INFO  a.c.s.ClusterSingletonManager - Singleton actor [akka://akka-runtime/system/sharding/sharded-daemon-process-eventSourcedProjection-passivation-race-entity-passivation-race-consumer-aCoordinator/singleton] was terminated
08:06:38.490 DEBUG akka.actor.CoordinatedShutdown - Performing phase [cluster-exiting-done] with [1] tasks.
08:06:38.490 DEBUG akka.actor.CoordinatedShutdown - Performing task [exiting-completed] in CoordinatedShutdown phase [cluster-exiting-done]
08:06:38.491 DEBUG akka.actor.CoordinatedShutdown - Performing phase [cluster-shutdown] with [1] tasks.
08:06:38.491 DEBUG akka.actor.CoordinatedShutdown - Performing task [wait-shutdown] in CoordinatedShutdown phase [cluster-shutdown]
08:06:38.491 DEBUG akka.actor.CoordinatedShutdown - Performing phase [before-actor-system-terminate] with [2] tasks.
08:06:38.491 DEBUG akka.actor.CoordinatedShutdown - Performing task [close connection pools] in CoordinatedShutdown phase [before-actor-system-terminate]
08:06:38.492 DEBUG akka.actor.CoordinatedShutdown - Performing task [close-grpc-channels] in CoordinatedShutdown phase [before-actor-system-terminate]
08:06:38.492 DEBUG akka.actor.CoordinatedShutdown - Performing phase [actor-system-terminate] with [1] tasks.
08:06:38.492 DEBUG akka.actor.CoordinatedShutdown - Performing task [terminate-system] in CoordinatedShutdown phase [actor-system-terminate]
08:06:38.529 INFO  akka.runtime.AkkaRuntimeMain - Starting Akka Runtime version [1.6.15]
08:06:38.538 INFO  akka.javasdk.impl.ComponentLocator$ - Looking for component descriptors matching pattern [META-INF/akka-javasdk-components_*.conf]
08:06:38.545 INFO  akka.javasdk.testkit.TestKit - Eventing TestKit booting up on port: 63121
08:06:38.547 DEBUG a.c.singleton.ClusterSingletonProxy - Creating singleton identification timer...
08:06:38.547 DEBUG a.c.singleton.ClusterSingletonProxy - Trying to identify singleton at [akka://akka-runtime@127.0.0.1:63122/system/singletonManagerschemaSingleton/schemaSingleton]
08:06:38.547 DEBUG a.c.singleton.ClusterSingletonProxy - Singleton not available, buffering message type [kalix.runtime.SchemaSingleton$ExecDdl]
08:06:38.548 INFO  a.c.s.ClusterSingletonManager - Singleton manager starting singleton actor [akka://akka-runtime/system/singletonManagerschemaSingleton/schemaSingleton]
08:06:38.548 INFO  akka.javasdk.testkit.TestKit - Checking runtime status
08:06:38.548 INFO  a.c.s.ClusterSingletonManager - ClusterSingletonManager state change [Start -> Oldest]
08:06:38.614 DEBUG a.c.singleton.ClusterSingletonProxy - Trying to identify singleton at [akka://akka-runtime@127.0.0.1:63122/system/singletonManagerschemaSingleton/schemaSingleton]
08:06:38.614 INFO  a.c.singleton.ClusterSingletonProxy - Singleton identified at [akka://akka-runtime/system/singletonManagerschemaSingleton/schemaSingleton]
08:06:38.614 DEBUG a.c.singleton.ClusterSingletonProxy - Sending buffered messages to current singleton instance
08:06:38.616 INFO  a.c.s.typed.scaladsl.ClusterSharding - Starting Shard Region [passivation-race-entity]...
08:06:38.616 INFO  akka.cluster.sharding.ShardRegion - passivation-race-entity: Automatic entity passivation: composite strategy with limit of [10000] active entities, admission window (least recently used entities) with proportions [initial = 0.01, min = 0.01, max = 1.0] adapting with hill-climbing optimizer [adjust multiplier = 10.0, initial step = 0.0625, restart threshold = 0.05, step decay = 0.98], admit using frequency sketch [width multiplier = 4, reset multiplier = 10.0, depth = 4, counter bits = 4], main (least recently used entities (segmented with [2] levels with proportions of [0.20, 0.80]))
08:06:38.616 INFO  a.c.s.ClusterSingletonManager - Singleton manager starting singleton actor [akka://akka-runtime/system/sharding/passivation-race-entityCoordinator/singleton]
08:06:38.616 INFO  a.c.s.ClusterSingletonManager - ClusterSingletonManager state change [Start -> Oldest]
08:06:38.617 DEBUG a.c.sharding.DDataShardCoordinator - passivation-race-entity: Initial coordinator is empty.
08:06:38.617 INFO  a.c.sharding.DDataShardCoordinator - passivation-race-entity: ShardCoordinator was moved to the active state with [0] shards
08:06:38.618 DEBUG a.c.singleton.ClusterSingletonProxy - Forwarding message of type [SchemaSingleton$ExecDdl] to current singleton instance at [akka://akka-runtime/system/singletonManagerschemaSingleton/schemaSingleton]
08:06:38.619 INFO  akka.runtime.DiscoveryManager - Service components: EventSourcedEntity: [1], Consumer: [2], View: [1]
08:06:38.620 INFO  a.c.s.typed.scaladsl.ClusterSharding - Starting Shard Region [_timer]...
08:06:38.620 INFO  a.c.s.typed.scaladsl.ClusterSharding - Starting Shard Region [sharded-daemon-process-eventSourcedProjection-passivation-race-entity-passivation-race-consumer-a]...
08:06:38.621 INFO  akka.cluster.sharding.ShardRegion - sharded-daemon-process-eventSourcedProjection-passivation-race-entity-passivation-race-consumer-a: Automatic entity passivation: disabled
08:06:38.621 INFO  a.c.s.typed.scaladsl.ClusterSharding - Starting Shard Region [sharded-daemon-process-eventSourcedProjection-passivation-race-entity-passivation-race-consumer-b]...
08:06:38.621 INFO  a.c.s.ClusterSingletonManager - Singleton manager starting singleton actor [akka://akka-runtime/system/sharding/_timerCoordinator/singleton]
08:06:38.621 INFO  akka.cluster.sharding.ShardRegion - sharded-daemon-process-eventSourcedProjection-passivation-race-entity-passivation-race-consumer-b: Automatic entity passivation: disabled
08:06:38.621 INFO  a.c.s.ClusterSingletonManager - ClusterSingletonManager state change [Start -> Oldest]
08:06:38.621 DEBUG a.c.sharding.DDataShardCoordinator - _timer: Starting remember entities store from provider akka.cluster.sharding.internal.DDataRememberEntitiesProvider@7867b64f
08:06:38.621 DEBUG a.c.singleton.ClusterSingletonProxy - Creating singleton identification timer...
08:06:38.621 DEBUG a.c.singleton.ClusterSingletonProxy - Trying to identify singleton at [akka://akka-runtime@127.0.0.1:63122/system/singletonManagerShardedDaemonProcessCoordinator-eventSourcedProjection-passivation-race-entity-passivation-race-consumer-a/ShardedDaemonProcessCoordinator-eventSourcedProjection-passivation-race-entity-passivation-race-consumer-a]
08:06:38.621 DEBUG a.c.sharding.DDataShardCoordinator - _timer: Initial coordinator is empty.
08:06:38.621 INFO  a.c.sharding.DDataShardCoordinator - _timer: ShardCoordinator was moved to the active state with [0] shards
08:06:38.621 DEBUG a.c.sharding.DDataShardCoordinator - _timer: Received [0] remembered shard ids (after state initialized)
08:06:38.622 INFO  a.c.s.typed.scaladsl.ClusterSharding - Starting Shard Region [sharded-daemon-process-eventSourcedProjection-passivation-race-entity-passivation-race-view]...
08:06:38.622 INFO  a.c.s.ClusterSingletonManager - Singleton manager starting singleton actor [akka://akka-runtime/system/sharding/sharded-daemon-process-eventSourcedProjection-passivation-race-entity-passivation-race-consumer-aCoordinator/singleton]
08:06:38.622 INFO  akka.cluster.sharding.ShardRegion - sharded-daemon-process-eventSourcedProjection-passivation-race-entity-passivation-race-view: Automatic entity passivation: disabled
08:06:38.622 INFO  a.c.s.ClusterSingletonManager - ClusterSingletonManager state change [Start -> Oldest]
08:06:38.622 DEBUG a.c.singleton.ClusterSingletonProxy - Creating singleton identification timer...
08:06:38.622 DEBUG a.c.sharding.DDataShardCoordinator - sharded-daemon-process-eventSourcedProjection-passivation-race-entity-passivation-race-consumer-a: Initial coordinator is empty.
08:06:38.622 INFO  a.c.sharding.DDataShardCoordinator - sharded-daemon-process-eventSourcedProjection-passivation-race-entity-passivation-race-consumer-a: ShardCoordinator was moved to the active state with [0] shards
08:06:38.622 DEBUG a.c.singleton.ClusterSingletonProxy - Trying to identify singleton at [akka://akka-runtime@127.0.0.1:63122/system/singletonManagerShardedDaemonProcessCoordinator-eventSourcedProjection-passivation-race-entity-passivation-race-consumer-b/ShardedDaemonProcessCoordinator-eventSourcedProjection-passivation-race-entity-passivation-race-consumer-b]
08:06:38.622 INFO  a.c.s.ClusterSingletonManager - Singleton manager starting singleton actor [akka://akka-runtime/system/sharding/sharded-daemon-process-eventSourcedProjection-passivation-race-entity-passivation-race-consumer-bCoordinator/singleton]
08:06:38.622 INFO  a.c.s.ClusterSingletonManager - Singleton manager starting singleton actor [akka://akka-runtime/system/singletonManagerShardedDaemonProcessCoordinator-eventSourcedProjection-passivation-race-entity-passivation-race-consumer-a/ShardedDaemonProcessCoordinator-eventSourcedProjection-passivation-race-entity-passivation-race-consumer-a]
08:06:38.622 INFO  a.c.s.ClusterSingletonManager - ClusterSingletonManager state change [Start -> Oldest]
08:06:38.622 INFO  a.c.s.ClusterSingletonManager - ClusterSingletonManager state change [Start -> Oldest]
08:06:38.623 DEBUG a.c.s.t.i.ShardedDaemonProcessCoordinator$ - ShardedDaemonProcessCoordinator for [eventSourcedProjection-passivation-race-entity-passivation-race-consumer-a] starting
08:06:38.623 DEBUG a.c.sharding.DDataShardCoordinator - sharded-daemon-process-eventSourcedProjection-passivation-race-entity-passivation-race-consumer-b: Initial coordinator is empty.
08:06:38.623 INFO  a.c.sharding.DDataShardCoordinator - sharded-daemon-process-eventSourcedProjection-passivation-race-entity-passivation-race-consumer-b: ShardCoordinator was moved to the active state with [0] shards
08:06:38.623 DEBUG a.c.s.t.i.ShardedDaemonProcessCoordinator$ - eventSourcedProjection-passivation-race-entity-passivation-race-consumer-a: No previous state stored for Sharded Daemon Process
08:06:38.623 DEBUG a.c.s.t.i.ShardedDaemonProcessCoordinator$ - Sending periodic keep alive for Sharded Daemon Process [eventSourcedProjection-passivation-race-entity-passivation-race-consumer-a] to [1] processes (revision [0]).
08:06:38.623 INFO  a.c.s.ClusterSingletonManager - Singleton manager starting singleton actor [akka://akka-runtime/system/singletonManagerShardedDaemonProcessCoordinator-eventSourcedProjection-passivation-race-entity-passivation-race-consumer-b/ShardedDaemonProcessCoordinator-eventSourcedProjection-passivation-race-entity-passivation-race-consumer-b]
08:06:38.623 INFO  a.c.s.ClusterSingletonManager - ClusterSingletonManager state change [Start -> Oldest]
08:06:38.623 DEBUG a.c.singleton.ClusterSingletonProxy - Creating singleton identification timer...
08:06:38.623 DEBUG a.c.singleton.ClusterSingletonProxy - Trying to identify singleton at [akka://akka-runtime@127.0.0.1:63122/system/singletonManagerShardedDaemonProcessCoordinator-eventSourcedProjection-passivation-race-entity-passivation-race-view/ShardedDaemonProcessCoordinator-eventSourcedProjection-passivation-race-entity-passivation-race-view]
08:06:38.623 DEBUG a.c.s.t.i.ShardedDaemonProcessCoordinator$ - ShardedDaemonProcessCoordinator for [eventSourcedProjection-passivation-race-entity-passivation-race-consumer-b] starting
08:06:38.624 DEBUG a.c.s.t.i.ShardedDaemonProcessCoordinator$ - eventSourcedProjection-passivation-race-entity-passivation-race-consumer-b: No previous state stored for Sharded Daemon Process
08:06:38.624 DEBUG a.c.s.t.i.ShardedDaemonProcessCoordinator$ - Sending periodic keep alive for Sharded Daemon Process [eventSourcedProjection-passivation-race-entity-passivation-race-consumer-b] to [1] processes (revision [0]).
08:06:38.624 INFO  akka.runtime.DiscoveryManager - Akka Runtime started at 127.0.0.1:63120
08:06:38.624 INFO  a.c.s.ClusterSingletonManager - Singleton manager starting singleton actor [akka://akka-runtime/system/sharding/sharded-daemon-process-eventSourcedProjection-passivation-race-entity-passivation-race-viewCoordinator/singleton]
08:06:38.624 INFO  a.c.s.ClusterSingletonManager - ClusterSingletonManager state change [Start -> Oldest]
08:06:38.624 INFO  repro.Bootstrap - onStartup burst of 8 starting
08:06:38.624 INFO  a.c.s.ClusterSingletonManager - Singleton manager starting singleton actor [akka://akka-runtime/system/singletonManagerShardedDaemonProcessCoordinator-eventSourcedProjection-passivation-race-entity-passivation-race-view/ShardedDaemonProcessCoordinator-eventSourcedProjection-passivation-race-entity-passivation-race-view]
08:06:38.624 INFO  a.c.s.ClusterSingletonManager - ClusterSingletonManager state change [Start -> Oldest]
08:06:38.624 DEBUG a.c.sharding.DDataShardCoordinator - sharded-daemon-process-eventSourcedProjection-passivation-race-entity-passivation-race-view: Initial coordinator is empty.
08:06:38.624 INFO  a.c.sharding.DDataShardCoordinator - sharded-daemon-process-eventSourcedProjection-passivation-race-entity-passivation-race-view: ShardCoordinator was moved to the active state with [0] shards
08:06:38.624 DEBUG a.c.s.t.i.ShardedDaemonProcessCoordinator$ - ShardedDaemonProcessCoordinator for [eventSourcedProjection-passivation-race-entity-passivation-race-view] starting
08:06:38.624 DEBUG a.c.s.t.i.ShardedDaemonProcessCoordinator$ - eventSourcedProjection-passivation-race-entity-passivation-race-view: No previous state stored for Sharded Daemon Process
08:06:38.624 DEBUG a.c.s.t.i.ShardedDaemonProcessCoordinator$ - Sending periodic keep alive for Sharded Daemon Process [eventSourcedProjection-passivation-race-entity-passivation-race-view] to [1] processes (revision [0]).
08:06:38.667 INFO  akka.javasdk.testkit.TestKit - Runtime started
08:06:38.667 INFO  akka.actor.CoordinatedShutdown - Running CoordinatedShutdown with reason [ActorSystemTerminateReason]
08:06:38.667 DEBUG akka.actor.CoordinatedShutdown - Performing phase [before-service-unbind] with [0] tasks
08:06:38.667 DEBUG akka.actor.CoordinatedShutdown - Performing phase [service-unbind] with [1] tasks.
08:06:38.667 DEBUG akka.actor.CoordinatedShutdown - Performing task [http-unbind-/127.0.0.1:63120] in CoordinatedShutdown phase [service-unbind]
08:06:38.668 DEBUG akka.actor.CoordinatedShutdown - Performing phase [service-requests-done] with [1] tasks.
08:06:38.668 DEBUG akka.actor.CoordinatedShutdown - Performing task [http-terminate-/127.0.0.1:63120] in CoordinatedShutdown phase [service-requests-done]
08:06:38.668 DEBUG akka.actor.CoordinatedShutdown - Performing phase [service-stop] with [1] tasks.
08:06:38.668 DEBUG akka.actor.CoordinatedShutdown - Performing task [stop-grpc-clients] in CoordinatedShutdown phase [service-stop]
08:06:38.668 DEBUG akka.actor.CoordinatedShutdown - Performing phase [before-cluster-shutdown] with [0] tasks
08:06:38.668 DEBUG akka.actor.CoordinatedShutdown - Performing phase [cluster-sharding-shutdown-region] with [5] tasks.
08:06:38.668 DEBUG akka.actor.CoordinatedShutdown - Performing task [region-shutdown] in CoordinatedShutdown phase [cluster-sharding-shutdown-region]
08:06:38.668 DEBUG akka.actor.CoordinatedShutdown - Performing task [region-shutdown] in CoordinatedShutdown phase [cluster-sharding-shutdown-region]
08:06:38.668 DEBUG akka.actor.CoordinatedShutdown - Performing task [region-shutdown] in CoordinatedShutdown phase [cluster-sharding-shutdown-region]
08:06:38.668 DEBUG akka.actor.CoordinatedShutdown - Performing task [region-shutdown] in CoordinatedShutdown phase [cluster-sharding-shutdown-region]
08:06:38.668 DEBUG akka.actor.CoordinatedShutdown - Performing task [region-shutdown] in CoordinatedShutdown phase [cluster-sharding-shutdown-region]
08:06:38.668 DEBUG a.c.sharding.DDataShardCoordinator - _timer: Unknown region requested graceful shutdown [Actor[akka://akka-runtime/system/sharding/_timer#-530759969]]
08:06:38.668 DEBUG a.c.sharding.DDataShardCoordinator - passivation-race-entity: Unknown region requested graceful shutdown [Actor[akka://akka-runtime/system/sharding/passivation-race-entity#-511389253]]
08:06:38.668 DEBUG a.c.sharding.DDataShardCoordinator - sharded-daemon-process-eventSourcedProjection-passivation-race-entity-passivation-race-consumer-b: Unknown region requested graceful shutdown [Actor[akka://akka-runtime/system/sharding/sharded-daemon-process-eventSourcedProjection-passivation-race-entity-passivation-race-consumer-b#-1745186588]]
08:06:38.668 DEBUG a.c.sharding.DDataShardCoordinator - sharded-daemon-process-eventSourcedProjection-passivation-race-entity-passivation-race-view: Unknown region requested graceful shutdown [Actor[akka://akka-runtime/system/sharding/sharded-daemon-process-eventSourcedProjection-passivation-race-entity-passivation-race-view#1893324425]]
08:06:38.668 DEBUG a.c.sharding.DDataShardCoordinator - sharded-daemon-process-eventSourcedProjection-passivation-race-entity-passivation-race-consumer-a: Unknown region requested graceful shutdown [Actor[akka://akka-runtime/system/sharding/sharded-daemon-process-eventSourcedProjection-passivation-race-entity-passivation-race-consumer-a#452174096]]
08:06:38.685 DEBUG a.c.singleton.ClusterSingletonProxy - Trying to identify singleton at [akka://akka-runtime@127.0.0.1:63122/system/singletonManagerShardedDaemonProcessCoordinator-eventSourcedProjection-passivation-race-entity-passivation-race-consumer-a/ShardedDaemonProcessCoordinator-eventSourcedProjection-passivation-race-entity-passivation-race-consumer-a]
08:06:38.685 DEBUG a.c.singleton.ClusterSingletonProxy - Trying to identify singleton at [akka://akka-runtime@127.0.0.1:63122/system/singletonManagerShardedDaemonProcessCoordinator-eventSourcedProjection-passivation-race-entity-passivation-race-view/ShardedDaemonProcessCoordinator-eventSourcedProjection-passivation-race-entity-passivation-race-view]
08:06:38.685 DEBUG a.c.singleton.ClusterSingletonProxy - Trying to identify singleton at [akka://akka-runtime@127.0.0.1:63122/system/singletonManagerShardedDaemonProcessCoordinator-eventSourcedProjection-passivation-race-entity-passivation-race-consumer-b/ShardedDaemonProcessCoordinator-eventSourcedProjection-passivation-race-entity-passivation-race-consumer-b]
08:06:38.685 INFO  a.c.singleton.ClusterSingletonProxy - Singleton identified at [akka://akka-runtime/system/singletonManagerShardedDaemonProcessCoordinator-eventSourcedProjection-passivation-race-entity-passivation-race-consumer-a/ShardedDaemonProcessCoordinator-eventSourcedProjection-passivation-race-entity-passivation-race-consumer-a]
08:06:38.685 DEBUG a.c.singleton.ClusterSingletonProxy - Sending buffered messages to current singleton instance
08:06:38.685 INFO  a.c.singleton.ClusterSingletonProxy - Singleton identified at [akka://akka-runtime/system/singletonManagerShardedDaemonProcessCoordinator-eventSourcedProjection-passivation-race-entity-passivation-race-view/ShardedDaemonProcessCoordinator-eventSourcedProjection-passivation-race-entity-passivation-race-view]
08:06:38.685 INFO  a.c.singleton.ClusterSingletonProxy - Singleton identified at [akka://akka-runtime/system/singletonManagerShardedDaemonProcessCoordinator-eventSourcedProjection-passivation-race-entity-passivation-race-consumer-b/ShardedDaemonProcessCoordinator-eventSourcedProjection-passivation-race-entity-passivation-race-consumer-b]
08:06:38.685 DEBUG a.c.singleton.ClusterSingletonProxy - Sending buffered messages to current singleton instance
08:06:38.685 DEBUG a.c.singleton.ClusterSingletonProxy - Sending buffered messages to current singleton instance
08:06:38.885 DEBUG a.c.sharding.DDataShardCoordinator - sharded-daemon-process-eventSourcedProjection-passivation-race-entity-passivation-race-view: ShardRegion registered: [Actor[akka://akka-runtime/system/sharding/sharded-daemon-process-eventSourcedProjection-passivation-race-entity-passivation-race-view#1893324425]]
08:06:38.885 DEBUG a.c.sharding.DDataShardCoordinator - passivation-race-entity: ShardRegion registered: [Actor[akka://akka-runtime/system/sharding/passivation-race-entity#-511389253]]
08:06:38.885 DEBUG a.c.sharding.DDataShardCoordinator - sharded-daemon-process-eventSourcedProjection-passivation-race-entity-passivation-race-consumer-a: ShardRegion registered: [Actor[akka://akka-runtime/system/sharding/sharded-daemon-process-eventSourcedProjection-passivation-race-entity-passivation-race-consumer-a#452174096]]
08:06:38.885 DEBUG a.c.sharding.DDataShardCoordinator - sharded-daemon-process-eventSourcedProjection-passivation-race-entity-passivation-race-consumer-b: ShardRegion registered: [Actor[akka://akka-runtime/system/sharding/sharded-daemon-process-eventSourcedProjection-passivation-race-entity-passivation-race-consumer-b#-1745186588]]
08:06:38.885 DEBUG a.c.sharding.DDataShardCoordinator - sharded-daemon-process-eventSourcedProjection-passivation-race-entity-passivation-race-consumer-a: The coordinator state was successfully updated with ShardRegionRegistered(Actor[akka://akka-runtime/system/sharding/sharded-daemon-process-eventSourcedProjection-passivation-race-entity-passivation-race-consumer-a#452174096])
08:06:38.886 DEBUG a.c.sharding.DDataShardCoordinator - passivation-race-entity: The coordinator state was successfully updated with ShardRegionRegistered(Actor[akka://akka-runtime/system/sharding/passivation-race-entity#-511389253])
08:06:38.886 DEBUG a.c.sharding.DDataShardCoordinator - sharded-daemon-process-eventSourcedProjection-passivation-race-entity-passivation-race-view: The coordinator state was successfully updated with ShardRegionRegistered(Actor[akka://akka-runtime/system/sharding/sharded-daemon-process-eventSourcedProjection-passivation-race-entity-passivation-race-view#1893324425])
08:06:38.886 DEBUG a.c.sharding.DDataShardCoordinator - sharded-daemon-process-eventSourcedProjection-passivation-race-entity-passivation-race-consumer-b: The coordinator state was successfully updated with ShardRegionRegistered(Actor[akka://akka-runtime/system/sharding/sharded-daemon-process-eventSourcedProjection-passivation-race-entity-passivation-race-consumer-b#-1745186588])
08:06:38.886 DEBUG a.c.sharding.DDataShardCoordinator - passivation-race-entity: The coordinator state was successfully updated with ShardHomeAllocated(322,Actor[akka://akka-runtime/system/sharding/passivation-race-entity#-511389253])
08:06:38.886 DEBUG a.c.sharding.DDataShardCoordinator - sharded-daemon-process-eventSourcedProjection-passivation-race-entity-passivation-race-consumer-a: The coordinator state was successfully updated with ShardHomeAllocated(0,Actor[akka://akka-runtime/system/sharding/sharded-daemon-process-eventSourcedProjection-passivation-race-entity-passivation-race-consumer-a#452174096])
08:06:38.886 DEBUG a.c.sharding.DDataShardCoordinator - sharded-daemon-process-eventSourcedProjection-passivation-race-entity-passivation-race-view: The coordinator state was successfully updated with ShardHomeAllocated(0,Actor[akka://akka-runtime/system/sharding/sharded-daemon-process-eventSourcedProjection-passivation-race-entity-passivation-race-view#1893324425])
08:06:38.886 DEBUG a.c.sharding.DDataShardCoordinator - sharded-daemon-process-eventSourcedProjection-passivation-race-entity-passivation-race-consumer-b: The coordinator state was successfully updated with ShardHomeAllocated(0,Actor[akka://akka-runtime/system/sharding/sharded-daemon-process-eventSourcedProjection-passivation-race-entity-passivation-race-consumer-b#-1745186588])
08:06:38.886 DEBUG a.c.sharding.DDataShardCoordinator - passivation-race-entity: Shard [322] allocated at [Actor[akka://akka-runtime/system/sharding/passivation-race-entity#-511389253]]
08:06:38.886 DEBUG a.c.sharding.DDataShardCoordinator - sharded-daemon-process-eventSourcedProjection-passivation-race-entity-passivation-race-consumer-a: Shard [0] allocated at [Actor[akka://akka-runtime/system/sharding/sharded-daemon-process-eventSourcedProjection-passivation-race-entity-passivation-race-consumer-a#452174096]]
08:06:38.886 DEBUG a.c.sharding.DDataShardCoordinator - sharded-daemon-process-eventSourcedProjection-passivation-race-entity-passivation-race-view: Shard [0] allocated at [Actor[akka://akka-runtime/system/sharding/sharded-daemon-process-eventSourcedProjection-passivation-race-entity-passivation-race-view#1893324425]]
08:06:38.886 DEBUG a.c.sharding.DDataShardCoordinator - sharded-daemon-process-eventSourcedProjection-passivation-race-entity-passivation-race-consumer-b: Shard [0] allocated at [Actor[akka://akka-runtime/system/sharding/sharded-daemon-process-eventSourcedProjection-passivation-race-entity-passivation-race-consumer-b#-1745186588]]
08:06:38.886 DEBUG a.c.sharding.DDataShardCoordinator - sharded-daemon-process-eventSourcedProjection-passivation-race-entity-passivation-race-consumer-a: Graceful shutdown of region [Actor[akka://akka-runtime/system/sharding/sharded-daemon-process-eventSourcedProjection-passivation-race-entity-passivation-race-consumer-a#452174096]] with [1] shards
08:06:38.886 INFO  a.c.sharding.DDataShardCoordinator - sharded-daemon-process-eventSourcedProjection-passivation-race-entity-passivation-race-consumer-a: Starting shutting down shards [0] due to region shutting down or explicit stopping of shards.
08:06:38.886 DEBUG a.c.sharding.DDataShardCoordinator - sharded-daemon-process-eventSourcedProjection-passivation-race-entity-passivation-race-view: Graceful shutdown of region [Actor[akka://akka-runtime/system/sharding/sharded-daemon-process-eventSourcedProjection-passivation-race-entity-passivation-race-view#1893324425]] with [1] shards
08:06:38.886 INFO  a.c.sharding.DDataShardCoordinator - sharded-daemon-process-eventSourcedProjection-passivation-race-entity-passivation-race-view: Starting shutting down shards [0] due to region shutting down or explicit stopping of shards.
08:06:38.886 DEBUG a.c.sharding.DDataShardCoordinator - passivation-race-entity: Graceful shutdown of region [Actor[akka://akka-runtime/system/sharding/passivation-race-entity#-511389253]] with [1] shards
08:06:38.886 INFO  a.c.sharding.DDataShardCoordinator - passivation-race-entity: Starting shutting down shards [322] due to region shutting down or explicit stopping of shards.
08:06:38.887 DEBUG a.c.sharding.DDataShardCoordinator - sharded-daemon-process-eventSourcedProjection-passivation-race-entity-passivation-race-consumer-b: Graceful shutdown of region [Actor[akka://akka-runtime/system/sharding/sharded-daemon-process-eventSourcedProjection-passivation-race-entity-passivation-race-consumer-b#-1745186588]] with [1] shards
08:06:38.887 INFO  a.c.sharding.DDataShardCoordinator - sharded-daemon-process-eventSourcedProjection-passivation-race-entity-passivation-race-consumer-b: Starting shutting down shards [0] due to region shutting down or explicit stopping of shards.
08:06:38.887 DEBUG a.c.s.ShardCoordinator$RebalanceWorker - sharded-daemon-process-eventSourcedProjection-passivation-race-entity-passivation-race-consumer-a: Shutting down shard [0] from region [Actor[akka://akka-runtime/system/sharding/sharded-daemon-process-eventSourcedProjection-passivation-race-entity-passivation-race-consumer-a#452174096]]. Asking [1] region(s) to hand-off shard
08:06:38.887 DEBUG akka.cluster.sharding.Shard - sharded-daemon-process-eventSourcedProjection-passivation-race-entity-passivation-race-view: Shard initialized
08:06:38.887 DEBUG akka.cluster.sharding.Shard - sharded-daemon-process-eventSourcedProjection-passivation-race-entity-passivation-race-consumer-b: Shard initialized
08:06:38.887 DEBUG a.c.s.ShardCoordinator$RebalanceWorker - sharded-daemon-process-eventSourcedProjection-passivation-race-entity-passivation-race-consumer-b: Shutting down shard [0] from region [Actor[akka://akka-runtime/system/sharding/sharded-daemon-process-eventSourcedProjection-passivation-race-entity-passivation-race-consumer-b#-1745186588]]. Asking [1] region(s) to hand-off shard
08:06:38.887 DEBUG a.c.s.ShardCoordinator$RebalanceWorker - sharded-daemon-process-eventSourcedProjection-passivation-race-entity-passivation-race-view: Shutting down shard [0] from region [Actor[akka://akka-runtime/system/sharding/sharded-daemon-process-eventSourcedProjection-passivation-race-entity-passivation-race-view#1893324425]]. Asking [1] region(s) to hand-off shard
08:06:38.887 DEBUG a.c.s.ShardCoordinator$RebalanceWorker - passivation-race-entity: Shutting down shard [322] from region [Actor[akka://akka-runtime/system/sharding/passivation-race-entity#-511389253]]. Asking [1] region(s) to hand-off shard
08:06:38.887 DEBUG akka.cluster.sharding.Shard - sharded-daemon-process-eventSourcedProjection-passivation-race-entity-passivation-race-consumer-b: Request to start entity [0] and ack to [Some(Actor[akka://akka-runtime/deadLetters])]
08:06:38.887 DEBUG a.c.s.ShardCoordinator$RebalanceWorker - passivation-race-entity: BeginHandOffAck for shard [322] received from [Actor[akka://akka-runtime/system/sharding/passivation-race-entity#-511389253]].
08:06:38.887 DEBUG a.c.s.ShardCoordinator$RebalanceWorker - passivation-race-entity: All shard regions acked, handing off shard [322].
08:06:38.887 DEBUG akka.cluster.sharding.Shard - passivation-race-entity: Shard initialized
08:06:38.887 DEBUG akka.cluster.sharding.Shard - sharded-daemon-process-eventSourcedProjection-passivation-race-entity-passivation-race-consumer-b: Started entity [Actor[akka://akka-runtime/system/sharding/sharded-daemon-process-eventSourcedProjection-passivation-race-entity-passivation-race-consumer-b/0/0#1142153288]] with entity id [0] in shard [0]
08:06:38.887 DEBUG a.c.s.t.i.ShardedDaemonProcessState$ - eventSourcedProjection-passivation-race-entity-passivation-race-consumer-b: Deferred start of worker to verify its revision [0] is the latest
08:06:38.887 WARN  akka.cluster.sharding.ShardRegion - passivation-race-entity: Dropping [1] buffered messages to shard [322] during hand off to avoid re-ordering
08:06:38.887 DEBUG akka.cluster.sharding.Shard - passivation-race-entity: HandOff shard [322]
08:06:38.887 DEBUG a.c.s.ShardCoordinator$RebalanceWorker - sharded-daemon-process-eventSourcedProjection-passivation-race-entity-passivation-race-consumer-b: BeginHandOffAck for shard [0] received from [Actor[akka://akka-runtime/system/sharding/sharded-daemon-process-eventSourcedProjection-passivation-race-entity-passivation-race-consumer-b#-1745186588]].
08:06:38.887 DEBUG a.c.s.ShardCoordinator$RebalanceWorker - sharded-daemon-process-eventSourcedProjection-passivation-race-entity-passivation-race-consumer-b: All shard regions acked, handing off shard [0].
08:06:38.887 DEBUG a.c.s.t.i.ShardedDaemonProcessState$ - eventSourcedProjection-passivation-race-entity-passivation-race-view: Deferred start of worker to verify its revision [0] is the latest
08:06:38.887 DEBUG akka.cluster.sharding.Shard - passivation-race-entity: Shard [322] shutting down
08:06:38.887 DEBUG a.c.sharding.DDataShardCoordinator - passivation-race-entity: Shard [322] deallocation completed successfully.
08:06:38.887 DEBUG akka.cluster.sharding.Shard - sharded-daemon-process-eventSourcedProjection-passivation-race-entity-passivation-race-view: Request to start entity [0] and ack to [Some(Actor[akka://akka-runtime/deadLetters])]
08:06:38.887 DEBUG akka.cluster.sharding.Shard - sharded-daemon-process-eventSourcedProjection-passivation-race-entity-passivation-race-view: Started entity [Actor[akka://akka-runtime/system/sharding/sharded-daemon-process-eventSourcedProjection-passivation-race-entity-passivation-race-view/0/0#1792332096]] with entity id [0] in shard [0]
08:06:38.887 DEBUG a.c.sharding.DDataShardCoordinator - passivation-race-entity: The coordinator state was successfully updated with ShardHomeDeallocated(322)
08:06:38.887 DEBUG a.c.sharding.DDataShardCoordinator - passivation-race-entity: Shard [322] deallocated after
08:06:38.887 DEBUG akka.cluster.sharding.Shard - sharded-daemon-process-eventSourcedProjection-passivation-race-entity-passivation-race-consumer-b: HandOff shard [0]
08:06:38.887 DEBUG akka.cluster.sharding.Shard - sharded-daemon-process-eventSourcedProjection-passivation-race-entity-passivation-race-consumer-b: Starting HandOffStopper for shard [0] to terminate [1] entities.
08:06:38.887 DEBUG a.c.s.ShardCoordinator$RebalanceWorker - sharded-daemon-process-eventSourcedProjection-passivation-race-entity-passivation-race-view: BeginHandOffAck for shard [0] received from [Actor[akka://akka-runtime/system/sharding/sharded-daemon-process-eventSourcedProjection-passivation-race-entity-passivation-race-view#1893324425]].
08:06:38.887 DEBUG a.c.s.ShardCoordinator$RebalanceWorker - sharded-daemon-process-eventSourcedProjection-passivation-race-entity-passivation-race-view: All shard regions acked, handing off shard [0].
08:06:38.888 DEBUG akka.cluster.sharding.Shard - sharded-daemon-process-eventSourcedProjection-passivation-race-entity-passivation-race-view: HandOff shard [0]
08:06:38.888 INFO  a.c.s.t.i.ShardedDaemonProcessState$ - eventSourcedProjection-passivation-race-entity-passivation-race-consumer-b: Starting Sharded Daemon Process [0] out of a total [1] (revision [0] and no state found)
08:06:38.888 DEBUG akka.cluster.sharding.Shard - sharded-daemon-process-eventSourcedProjection-passivation-race-entity-passivation-race-view: Starting HandOffStopper for shard [0] to terminate [1] entities.
08:06:38.888 INFO  a.c.s.t.i.ShardedDaemonProcessState$ - eventSourcedProjection-passivation-race-entity-passivation-race-view: Starting Sharded Daemon Process [0] out of a total [1] (revision [0] and no state found)
08:06:38.888 DEBUG a.c.s.ShardCoordinator$RebalanceWorker - sharded-daemon-process-eventSourcedProjection-passivation-race-entity-passivation-race-consumer-a: BeginHandOffAck for shard [0] received from [Actor[akka://akka-runtime/system/sharding/sharded-daemon-process-eventSourcedProjection-passivation-race-entity-passivation-race-consumer-a#452174096]].
08:06:38.888 DEBUG a.c.s.ShardCoordinator$RebalanceWorker - sharded-daemon-process-eventSourcedProjection-passivation-race-entity-passivation-race-consumer-a: All shard regions acked, handing off shard [0].
08:06:38.888 DEBUG akka.cluster.sharding.Shard - sharded-daemon-process-eventSourcedProjection-passivation-race-entity-passivation-race-consumer-a: Shard initialized
08:06:38.888 WARN  akka.cluster.sharding.ShardRegion - sharded-daemon-process-eventSourcedProjection-passivation-race-entity-passivation-race-consumer-a: Dropping [1] buffered messages to shard [0] during hand off to avoid re-ordering
08:06:38.888 DEBUG akka.cluster.sharding.Shard - sharded-daemon-process-eventSourcedProjection-passivation-race-entity-passivation-race-consumer-a: HandOff shard [0]
08:06:38.888 DEBUG akka.cluster.sharding.Shard - sharded-daemon-process-eventSourcedProjection-passivation-race-entity-passivation-race-consumer-a: Shard [0] shutting down
08:06:38.888 DEBUG a.c.sharding.DDataShardCoordinator - sharded-daemon-process-eventSourcedProjection-passivation-race-entity-passivation-race-consumer-a: Shard [0] deallocation completed successfully.
08:06:38.889 DEBUG a.c.sharding.DDataShardCoordinator - sharded-daemon-process-eventSourcedProjection-passivation-race-entity-passivation-race-consumer-a: The coordinator state was successfully updated with ShardHomeDeallocated(0)
08:06:38.889 DEBUG a.c.sharding.DDataShardCoordinator - sharded-daemon-process-eventSourcedProjection-passivation-race-entity-passivation-race-consumer-a: Shard [0] deallocated after
08:06:38.889 DEBUG a.c.sharding.DDataShardCoordinator - passivation-race-entity: ShardRegion stopped: [Actor[akka://akka-runtime/system/sharding/passivation-race-entity#-511389253]]
08:06:38.889 DEBUG a.c.sharding.DDataShardCoordinator - passivation-race-entity: ShardRegion terminated (gracefully): [Actor[akka://akka-runtime/system/sharding/passivation-race-entity#-511389253]] {}
08:06:38.889 DEBUG a.c.sharding.DDataShardCoordinator - sharded-daemon-process-eventSourcedProjection-passivation-race-entity-passivation-race-consumer-a: ShardRegion terminated (gracefully): [Actor[akka://akka-runtime/system/sharding/sharded-daemon-process-eventSourcedProjection-passivation-race-entity-passivation-race-consumer-a#452174096]] {}
08:06:38.889 DEBUG a.c.sharding.DDataShardCoordinator - sharded-daemon-process-eventSourcedProjection-passivation-race-entity-passivation-race-consumer-a: GetShardHome [0] request from [Actor[akka://local/ignore]] stashed, because waiting for initial state or update of state. It will be handled afterwards.
08:06:38.889 DEBUG a.c.sharding.DDataShardCoordinator - passivation-race-entity: The coordinator state was successfully updated with ShardRegionTerminated(Actor[akka://akka-runtime/system/sharding/passivation-race-entity#-511389253])
08:06:38.889 DEBUG a.c.sharding.DDataShardCoordinator - sharded-daemon-process-eventSourcedProjection-passivation-race-entity-passivation-race-consumer-a: The coordinator state was successfully updated with ShardRegionTerminated(Actor[akka://akka-runtime/system/sharding/sharded-daemon-process-eventSourcedProjection-passivation-race-entity-passivation-race-consumer-a#452174096])
08:06:38.889 DEBUG a.c.sharding.DDataShardCoordinator - sharded-daemon-process-eventSourcedProjection-passivation-race-entity-passivation-race-consumer-a: ShardRegion stopped: [Actor[akka://akka-runtime/system/sharding/sharded-daemon-process-eventSourcedProjection-passivation-race-entity-passivation-race-consumer-a#452174096]]
08:06:39.655 WARN  a.c.s.ShardRegion$HandOffStopper - sharded-daemon-process-eventSourcedProjection-passivation-race-entity-passivation-race-view: [1] of the entities in shard [0] not stopped after [750 milliseconds]. Maybe the handOffStopMessage [akka.projection.ProjectionBehavior$Stop$] is not handled? Waiting additional [250 milliseconds] before stopping the remaining entities.
08:06:39.655 WARN  a.c.s.ShardRegion$HandOffStopper - sharded-daemon-process-eventSourcedProjection-passivation-race-entity-passivation-race-consumer-b: [1] of the entities in shard [0] not stopped after [750 milliseconds]. Maybe the handOffStopMessage [akka.projection.ProjectionBehavior$Stop$] is not handled? Waiting additional [250 milliseconds] before stopping the remaining entities.
08:06:39.903 WARN  a.c.s.ShardRegion$HandOffStopper - sharded-daemon-process-eventSourcedProjection-passivation-race-entity-passivation-race-consumer-b: HandOffStopMessage [akka.projection.ProjectionBehavior$Stop$] is not handled by some of the entities in shard [0] after [1 second], stopping the remaining [1] entities.
08:06:39.903 WARN  a.c.s.ShardRegion$HandOffStopper - sharded-daemon-process-eventSourcedProjection-passivation-race-entity-passivation-race-view: HandOffStopMessage [akka.projection.ProjectionBehavior$Stop$] is not handled by some of the entities in shard [0] after [1 second], stopping the remaining [1] entities.
08:06:39.903 DEBUG akka.cluster.sharding.Shard - sharded-daemon-process-eventSourcedProjection-passivation-race-entity-passivation-race-consumer-b: Shard [0] shutting down
08:06:39.904 DEBUG a.c.sharding.DDataShardCoordinator - sharded-daemon-process-eventSourcedProjection-passivation-race-entity-passivation-race-consumer-b: Shard [0] deallocation completed successfully.
08:06:39.904 DEBUG akka.cluster.sharding.Shard - sharded-daemon-process-eventSourcedProjection-passivation-race-entity-passivation-race-view: Shard [0] shutting down
08:06:39.904 DEBUG a.c.sharding.DDataShardCoordinator - sharded-daemon-process-eventSourcedProjection-passivation-race-entity-passivation-race-view: Shard [0] deallocation completed successfully.
08:06:39.904 DEBUG akka.actor.CoordinatedShutdown - Performing phase [cluster-leave] with [1] tasks.
08:06:39.904 DEBUG akka.actor.CoordinatedShutdown - Performing task [leave] in CoordinatedShutdown phase [cluster-leave]
08:06:39.904 DEBUG a.c.sharding.DDataShardCoordinator - sharded-daemon-process-eventSourcedProjection-passivation-race-entity-passivation-race-view: The coordinator state was successfully updated with ShardHomeDeallocated(0)
08:06:39.904 DEBUG a.c.sharding.DDataShardCoordinator - sharded-daemon-process-eventSourcedProjection-passivation-race-entity-passivation-race-consumer-b: The coordinator state was successfully updated with ShardHomeDeallocated(0)
08:06:39.904 DEBUG a.c.sharding.DDataShardCoordinator - sharded-daemon-process-eventSourcedProjection-passivation-race-entity-passivation-race-view: Shard [0] deallocated after
08:06:39.904 DEBUG a.c.sharding.DDataShardCoordinator - sharded-daemon-process-eventSourcedProjection-passivation-race-entity-passivation-race-consumer-b: Shard [0] deallocated after
08:06:39.904 DEBUG a.c.sharding.DDataShardCoordinator - sharded-daemon-process-eventSourcedProjection-passivation-race-entity-passivation-race-consumer-b: ShardRegion terminated (gracefully): [Actor[akka://akka-runtime/system/sharding/sharded-daemon-process-eventSourcedProjection-passivation-race-entity-passivation-race-consumer-b#-1745186588]] {}
08:06:39.904 DEBUG a.c.sharding.DDataShardCoordinator - sharded-daemon-process-eventSourcedProjection-passivation-race-entity-passivation-race-view: ShardRegion terminated (gracefully): [Actor[akka://akka-runtime/system/sharding/sharded-daemon-process-eventSourcedProjection-passivation-race-entity-passivation-race-view#1893324425]] {}
08:06:39.904 DEBUG a.c.sharding.DDataShardCoordinator - sharded-daemon-process-eventSourcedProjection-passivation-race-entity-passivation-race-view: GetShardHome [0] request from [Actor[akka://local/ignore]] stashed, because waiting for initial state or update of state. It will be handled afterwards.
08:06:39.904 DEBUG a.c.sharding.DDataShardCoordinator - sharded-daemon-process-eventSourcedProjection-passivation-race-entity-passivation-race-consumer-b: GetShardHome [0] request from [Actor[akka://local/ignore]] stashed, because waiting for initial state or update of state. It will be handled afterwards.
08:06:39.905 DEBUG a.c.sharding.DDataShardCoordinator - sharded-daemon-process-eventSourcedProjection-passivation-race-entity-passivation-race-view: The coordinator state was successfully updated with ShardRegionTerminated(Actor[akka://akka-runtime/system/sharding/sharded-daemon-process-eventSourcedProjection-passivation-race-entity-passivation-race-view#1893324425])
08:06:39.905 DEBUG a.c.sharding.DDataShardCoordinator - sharded-daemon-process-eventSourcedProjection-passivation-race-entity-passivation-race-consumer-b: The coordinator state was successfully updated with ShardRegionTerminated(Actor[akka://akka-runtime/system/sharding/sharded-daemon-process-eventSourcedProjection-passivation-race-entity-passivation-race-consumer-b#-1745186588])
08:06:39.905 DEBUG a.c.sharding.DDataShardCoordinator - sharded-daemon-process-eventSourcedProjection-passivation-race-entity-passivation-race-consumer-b: ShardRegion stopped: [Actor[akka://akka-runtime/system/sharding/sharded-daemon-process-eventSourcedProjection-passivation-race-entity-passivation-race-consumer-b#-1745186588]]
08:06:39.905 DEBUG a.c.sharding.DDataShardCoordinator - sharded-daemon-process-eventSourcedProjection-passivation-race-entity-passivation-race-view: ShardRegion stopped: [Actor[akka://akka-runtime/system/sharding/sharded-daemon-process-eventSourcedProjection-passivation-race-entity-passivation-race-view#1893324425]]
08:06:39.905 DEBUG akka.actor.CoordinatedShutdown - Performing phase [cluster-exiting] with [28] tasks.
08:06:39.905 DEBUG akka.actor.CoordinatedShutdown - Performing task [wait-singleton-exiting] in CoordinatedShutdown phase [cluster-exiting]
08:06:39.905 DEBUG akka.actor.CoordinatedShutdown - Performing task [wait-singleton-exiting] in CoordinatedShutdown phase [cluster-exiting]
08:06:39.905 DEBUG akka.actor.CoordinatedShutdown - Performing task [singleton-exiting-2] in CoordinatedShutdown phase [cluster-exiting]
08:06:39.905 DEBUG akka.actor.CoordinatedShutdown - Performing task [singleton-exiting-2] in CoordinatedShutdown phase [cluster-exiting]
08:06:39.905 INFO  a.c.s.ClusterSingletonManager - Exited [akka://akka-runtime@127.0.0.1:63122].
08:06:39.905 DEBUG akka.actor.CoordinatedShutdown - Performing task [singleton-exiting-1] in CoordinatedShutdown phase [cluster-exiting]
08:06:39.905 DEBUG akka.actor.CoordinatedShutdown - Performing task [singleton-exiting-1] in CoordinatedShutdown phase [cluster-exiting]
08:06:39.905 DEBUG akka.actor.CoordinatedShutdown - Performing task [wait-singleton-exiting] in CoordinatedShutdown phase [cluster-exiting]
08:06:39.905 INFO  a.c.s.ClusterSingletonManager - Exited [akka://akka-runtime@127.0.0.1:63122].
08:06:39.905 DEBUG akka.actor.CoordinatedShutdown - Performing task [wait-exiting] in CoordinatedShutdown phase [cluster-exiting]
08:06:39.905 DEBUG akka.actor.CoordinatedShutdown - Performing task [wait-singleton-exiting] in CoordinatedShutdown phase [cluster-exiting]
08:06:39.905 DEBUG akka.actor.CoordinatedShutdown - Performing task [singleton-exiting-2] in CoordinatedShutdown phase [cluster-exiting]
08:06:39.905 DEBUG akka.actor.CoordinatedShutdown - Performing task [singleton-exiting-2] in CoordinatedShutdown phase [cluster-exiting]
08:06:39.905 DEBUG akka.actor.CoordinatedShutdown - Performing task [wait-singleton-exiting] in CoordinatedShutdown phase [cluster-exiting]
08:06:39.905 DEBUG akka.actor.CoordinatedShutdown - Performing task [singleton-exiting-1] in CoordinatedShutdown phase [cluster-exiting]
08:06:39.905 INFO  a.c.s.ClusterSingletonManager - Oldest observed OldestChanged: [akka://akka-runtime@127.0.0.1:63122 -> None]
08:06:39.905 DEBUG akka.actor.CoordinatedShutdown - Performing task [wait-singleton-exiting] in CoordinatedShutdown phase [cluster-exiting]
08:06:39.905 DEBUG akka.actor.CoordinatedShutdown - Performing task [wait-singleton-exiting] in CoordinatedShutdown phase [cluster-exiting]
08:06:39.905 DEBUG akka.actor.CoordinatedShutdown - Performing task [singleton-exiting-1] in CoordinatedShutdown phase [cluster-exiting]
08:06:39.905 INFO  a.c.s.ClusterSingletonManager - ClusterSingletonManager state change [Oldest -> WasOldest]
08:06:39.905 DEBUG akka.actor.CoordinatedShutdown - Performing task [singleton-exiting-1] in CoordinatedShutdown phase [cluster-exiting]
08:06:39.905 DEBUG akka.actor.CoordinatedShutdown - Performing task [singleton-exiting-2] in CoordinatedShutdown phase [cluster-exiting]
08:06:39.905 DEBUG akka.actor.CoordinatedShutdown - Performing task [singleton-exiting-1] in CoordinatedShutdown phase [cluster-exiting]
08:06:39.905 INFO  a.c.s.ClusterSingletonManager - Exited [akka://akka-runtime@127.0.0.1:63122].
08:06:39.905 INFO  a.c.s.ClusterSingletonManager - Exited [akka://akka-runtime@127.0.0.1:63122].
08:06:39.905 DEBUG akka.actor.CoordinatedShutdown - Performing task [singleton-exiting-2] in CoordinatedShutdown phase [cluster-exiting]
08:06:39.905 DEBUG akka.actor.CoordinatedShutdown - Performing task [singleton-exiting-2] in CoordinatedShutdown phase [cluster-exiting]
08:06:39.905 INFO  a.c.s.ClusterSingletonManager - Oldest observed OldestChanged: [akka://akka-runtime@127.0.0.1:63122 -> None]
08:06:39.905 INFO  a.c.s.ClusterSingletonManager - Oldest observed OldestChanged: [akka://akka-runtime@127.0.0.1:63122 -> None]
08:06:39.905 DEBUG akka.actor.CoordinatedShutdown - Performing task [wait-singleton-exiting] in CoordinatedShutdown phase [cluster-exiting]
08:06:39.905 DEBUG akka.actor.CoordinatedShutdown - Performing task [singleton-exiting-1] in CoordinatedShutdown phase [cluster-exiting]
08:06:39.905 INFO  a.c.s.ClusterSingletonManager - ClusterSingletonManager state change [Oldest -> WasOldest]
08:06:39.905 DEBUG akka.actor.CoordinatedShutdown - Performing task [singleton-exiting-2] in CoordinatedShutdown phase [cluster-exiting]
08:06:39.905 INFO  a.c.s.ClusterSingletonManager - ClusterSingletonManager state change [Oldest -> WasOldest]
08:06:39.905 DEBUG akka.actor.CoordinatedShutdown - Performing task [singleton-exiting-2] in CoordinatedShutdown phase [cluster-exiting]
08:06:39.906 INFO  a.c.s.ClusterSingletonManager - Exited [akka://akka-runtime@127.0.0.1:63122].
08:06:39.906 DEBUG akka.actor.CoordinatedShutdown - Performing task [singleton-exiting-1] in CoordinatedShutdown phase [cluster-exiting]
08:06:39.906 INFO  a.c.s.ClusterSingletonManager - Oldest observed OldestChanged: [akka://akka-runtime@127.0.0.1:63122 -> None]
08:06:39.906 INFO  a.c.s.ClusterSingletonManager - Exited [akka://akka-runtime@127.0.0.1:63122].
08:06:39.906 DEBUG akka.actor.CoordinatedShutdown - Performing task [wait-singleton-exiting] in CoordinatedShutdown phase [cluster-exiting]
08:06:39.906 DEBUG akka.actor.CoordinatedShutdown - Performing task [singleton-exiting-1] in CoordinatedShutdown phase [cluster-exiting]
08:06:39.906 INFO  a.c.s.ClusterSingletonManager - ClusterSingletonManager state change [Oldest -> WasOldest]
08:06:39.906 INFO  a.c.s.ClusterSingletonManager - Oldest observed OldestChanged: [akka://akka-runtime@127.0.0.1:63122 -> None]
08:06:39.906 INFO  a.c.s.ClusterSingletonManager - Exited [akka://akka-runtime@127.0.0.1:63122].
08:06:39.906 INFO  a.c.s.ClusterSingletonManager - ClusterSingletonManager state change [Oldest -> WasOldest]
08:06:39.906 INFO  a.c.s.ClusterSingletonManager - Exited [akka://akka-runtime@127.0.0.1:63122].
08:06:39.906 INFO  a.c.s.ClusterSingletonManager - Exited [akka://akka-runtime@127.0.0.1:63122].
08:06:39.906 INFO  a.c.s.ClusterSingletonManager - Oldest observed OldestChanged: [akka://akka-runtime@127.0.0.1:63122 -> None]
08:06:39.906 INFO  a.c.s.ClusterSingletonManager - Oldest observed OldestChanged: [akka://akka-runtime@127.0.0.1:63122 -> None]
08:06:39.906 INFO  a.c.s.ClusterSingletonManager - ClusterSingletonManager state change [Oldest -> WasOldest]
08:06:39.906 INFO  a.c.s.ClusterSingletonManager - ClusterSingletonManager state change [Oldest -> WasOldest]
08:06:39.906 INFO  a.c.s.ClusterSingletonManager - Oldest observed OldestChanged: [akka://akka-runtime@127.0.0.1:63122 -> None]
08:06:39.906 INFO  a.c.s.ClusterSingletonManager - Oldest observed OldestChanged: [akka://akka-runtime@127.0.0.1:63122 -> None]
08:06:39.906 INFO  a.c.s.ClusterSingletonManager - ClusterSingletonManager state change [Oldest -> WasOldest]
08:06:39.906 INFO  a.c.s.ClusterSingletonManager - ClusterSingletonManager state change [Oldest -> WasOldest]
08:06:40.525 DEBUG a.c.singleton.ClusterSingletonProxy - Creating singleton identification timer...
08:06:40.525 DEBUG a.c.singleton.ClusterSingletonProxy - Creating singleton identification timer...
08:06:40.525 DEBUG a.c.singleton.ClusterSingletonProxy - Creating singleton identification timer...
08:06:40.525 DEBUG a.c.singleton.ClusterSingletonProxy - Creating singleton identification timer...
08:06:40.924 INFO  a.c.s.ClusterSingletonManager - Singleton manager stopping singleton actor [akka://akka-runtime/system/singletonManagerShardedDaemonProcessCoordinator-eventSourcedProjection-passivation-race-entity-passivation-race-consumer-b/ShardedDaemonProcessCoordinator-eventSourcedProjection-passivation-race-entity-passivation-race-consumer-b]
08:06:40.924 INFO  a.c.s.ClusterSingletonManager - Singleton manager stopping singleton actor [akka://akka-runtime/system/singletonManagerschemaSingleton/schemaSingleton]
08:06:40.924 INFO  a.c.s.ClusterSingletonManager - Singleton manager stopping singleton actor [akka://akka-runtime/system/sharding/passivation-race-entityCoordinator/singleton]
08:06:40.924 INFO  a.c.s.ClusterSingletonManager - Singleton manager stopping singleton actor [akka://akka-runtime/system/singletonManagerShardedDaemonProcessCoordinator-eventSourcedProjection-passivation-race-entity-passivation-race-view/ShardedDaemonProcessCoordinator-eventSourcedProjection-passivation-race-entity-passivation-race-view]
08:06:40.924 INFO  a.c.s.ClusterSingletonManager - Singleton manager stopping singleton actor [akka://akka-runtime/system/singletonManagerShardedDaemonProcessCoordinator-eventSourcedProjection-passivation-race-entity-passivation-race-consumer-a/ShardedDaemonProcessCoordinator-eventSourcedProjection-passivation-race-entity-passivation-race-consumer-a]
08:06:40.924 INFO  a.c.s.ClusterSingletonManager - ClusterSingletonManager state change [WasOldest -> Stopping]
08:06:40.924 INFO  a.c.s.ClusterSingletonManager - ClusterSingletonManager state change [WasOldest -> Stopping]
08:06:40.924 INFO  a.c.s.ClusterSingletonManager - ClusterSingletonManager state change [WasOldest -> Stopping]
08:06:40.924 INFO  a.c.s.ClusterSingletonManager - ClusterSingletonManager state change [WasOldest -> Stopping]
08:06:40.924 INFO  a.c.s.ClusterSingletonManager - ClusterSingletonManager state change [WasOldest -> Stopping]
08:06:40.925 DEBUG a.c.sharding.DDataShardCoordinator - passivation-race-entity: Received termination message.
08:06:40.925 INFO  a.c.s.ClusterSingletonManager - Singleton manager stopping singleton actor [akka://akka-runtime/system/sharding/sharded-daemon-process-eventSourcedProjection-passivation-race-entity-passivation-race-consumer-bCoordinator/singleton]
08:06:40.925 INFO  a.c.s.ClusterSingletonManager - Singleton manager stopping singleton actor [akka://akka-runtime/system/sharding/sharded-daemon-process-eventSourcedProjection-passivation-race-entity-passivation-race-consumer-aCoordinator/singleton]
08:06:40.925 INFO  a.c.s.ClusterSingletonManager - ClusterSingletonManager state change [WasOldest -> Stopping]
08:06:40.925 INFO  a.c.s.ClusterSingletonManager - ClusterSingletonManager state change [WasOldest -> Stopping]
08:06:40.925 INFO  a.c.s.ClusterSingletonManager - Singleton actor [akka://akka-runtime/system/singletonManagerschemaSingleton/schemaSingleton] was terminated
08:06:40.925 INFO  a.c.s.ClusterSingletonManager - Singleton actor [akka://akka-runtime/system/singletonManagerShardedDaemonProcessCoordinator-eventSourcedProjection-passivation-race-entity-passivation-race-view/ShardedDaemonProcessCoordinator-eventSourcedProjection-passivation-race-entity-passivation-race-view] was terminated
08:06:40.925 DEBUG a.c.sharding.DDataShardCoordinator - sharded-daemon-process-eventSourcedProjection-passivation-race-entity-passivation-race-consumer-b: Received termination message.
08:06:40.925 DEBUG a.c.sharding.DDataShardCoordinator - sharded-daemon-process-eventSourcedProjection-passivation-race-entity-passivation-race-consumer-a: Received termination message.
08:06:40.925 INFO  a.c.s.ClusterSingletonManager - Singleton actor [akka://akka-runtime/system/singletonManagerShardedDaemonProcessCoordinator-eventSourcedProjection-passivation-race-entity-passivation-race-consumer-b/ShardedDaemonProcessCoordinator-eventSourcedProjection-passivation-race-entity-passivation-race-consumer-b] was terminated
08:06:40.925 INFO  a.c.s.ClusterSingletonManager - Singleton actor [akka://akka-runtime/system/sharding/passivation-race-entityCoordinator/singleton] was terminated
08:06:40.925 INFO  a.c.s.ClusterSingletonManager - Singleton actor [akka://akka-runtime/system/sharding/sharded-daemon-process-eventSourcedProjection-passivation-race-entity-passivation-race-consumer-bCoordinator/singleton] was terminated
08:06:40.925 INFO  a.c.s.ClusterSingletonManager - Singleton actor [akka://akka-runtime/system/singletonManagerShardedDaemonProcessCoordinator-eventSourcedProjection-passivation-race-entity-passivation-race-consumer-a/ShardedDaemonProcessCoordinator-eventSourcedProjection-passivation-race-entity-passivation-race-consumer-a] was terminated
08:06:40.925 INFO  a.c.s.ClusterSingletonManager - Singleton manager stopping singleton actor [akka://akka-runtime/system/sharding/sharded-daemon-process-eventSourcedProjection-passivation-race-entity-passivation-race-viewCoordinator/singleton]
08:06:40.925 INFO  a.c.s.ClusterSingletonManager - ClusterSingletonManager state change [WasOldest -> Stopping]
08:06:40.925 DEBUG a.c.sharding.DDataShardCoordinator - sharded-daemon-process-eventSourcedProjection-passivation-race-entity-passivation-race-view: Received termination message.
08:06:40.925 INFO  a.c.s.ClusterSingletonManager - Singleton actor [akka://akka-runtime/system/sharding/sharded-daemon-process-eventSourcedProjection-passivation-race-entity-passivation-race-viewCoordinator/singleton] was terminated
08:06:40.925 INFO  a.c.s.ClusterSingletonManager - Singleton manager stopping singleton actor [akka://akka-runtime/system/sharding/_timerCoordinator/singleton]
08:06:40.925 INFO  a.c.s.ClusterSingletonManager - ClusterSingletonManager state change [WasOldest -> Stopping]
08:06:40.925 DEBUG a.c.sharding.DDataShardCoordinator - _timer: Received termination message.
08:06:40.925 INFO  a.c.s.ClusterSingletonManager - Singleton actor [akka://akka-runtime/system/sharding/_timerCoordinator/singleton] was terminated
08:06:40.925 INFO  a.c.s.ClusterSingletonManager - Singleton actor [akka://akka-runtime/system/sharding/sharded-daemon-process-eventSourcedProjection-passivation-race-entity-passivation-race-consumer-aCoordinator/singleton] was terminated
08:06:40.926 DEBUG akka.actor.CoordinatedShutdown - Performing phase [cluster-exiting-done] with [1] tasks.
08:06:40.926 DEBUG akka.actor.CoordinatedShutdown - Performing task [exiting-completed] in CoordinatedShutdown phase [cluster-exiting-done]
08:06:40.926 DEBUG akka.actor.CoordinatedShutdown - Performing phase [cluster-shutdown] with [1] tasks.
08:06:40.926 DEBUG akka.actor.CoordinatedShutdown - Performing task [wait-shutdown] in CoordinatedShutdown phase [cluster-shutdown]
08:06:40.927 DEBUG akka.actor.CoordinatedShutdown - Performing phase [before-actor-system-terminate] with [2] tasks.
08:06:40.927 DEBUG akka.actor.CoordinatedShutdown - Performing task [close connection pools] in CoordinatedShutdown phase [before-actor-system-terminate]
08:06:40.927 DEBUG akka.actor.CoordinatedShutdown - Performing task [close-grpc-channels] in CoordinatedShutdown phase [before-actor-system-terminate]
08:06:40.928 DEBUG akka.actor.CoordinatedShutdown - Performing phase [actor-system-terminate] with [1] tasks.
08:06:40.928 DEBUG akka.actor.CoordinatedShutdown - Performing task [terminate-system] in CoordinatedShutdown phase [actor-system-terminate]
08:06:40.989 INFO  akka.runtime.AkkaRuntimeMain - Starting Akka Runtime version [1.6.15]
08:06:40.996 INFO  akka.javasdk.impl.ComponentLocator$ - Looking for component descriptors matching pattern [META-INF/akka-javasdk-components_*.conf]
08:06:41.006 INFO  akka.javasdk.testkit.TestKit - Eventing TestKit booting up on port: 63126
08:06:41.008 DEBUG a.c.singleton.ClusterSingletonProxy - Creating singleton identification timer...
08:06:41.008 DEBUG a.c.singleton.ClusterSingletonProxy - Singleton not available, buffering message type [kalix.runtime.SchemaSingleton$ExecDdl]
08:06:41.008 DEBUG a.c.singleton.ClusterSingletonProxy - Trying to identify singleton at [akka://akka-runtime@127.0.0.1:63127/system/singletonManagerschemaSingleton/schemaSingleton]
08:06:41.008 INFO  a.c.s.ClusterSingletonManager - Singleton manager starting singleton actor [akka://akka-runtime/system/singletonManagerschemaSingleton/schemaSingleton]
08:06:41.008 INFO  a.c.s.ClusterSingletonManager - ClusterSingletonManager state change [Start -> Oldest]
08:06:41.009 INFO  akka.javasdk.testkit.TestKit - Checking runtime status
08:06:41.072 DEBUG a.c.singleton.ClusterSingletonProxy - Trying to identify singleton at [akka://akka-runtime@127.0.0.1:63127/system/singletonManagerschemaSingleton/schemaSingleton]
08:06:41.072 INFO  a.c.singleton.ClusterSingletonProxy - Singleton identified at [akka://akka-runtime/system/singletonManagerschemaSingleton/schemaSingleton]
08:06:41.072 DEBUG a.c.singleton.ClusterSingletonProxy - Sending buffered messages to current singleton instance
08:06:41.073 INFO  a.c.s.typed.scaladsl.ClusterSharding - Starting Shard Region [passivation-race-entity]...
08:06:41.074 INFO  akka.cluster.sharding.ShardRegion - passivation-race-entity: Automatic entity passivation: composite strategy with limit of [10000] active entities, admission window (least recently used entities) with proportions [initial = 0.01, min = 0.01, max = 1.0] adapting with hill-climbing optimizer [adjust multiplier = 10.0, initial step = 0.0625, restart threshold = 0.05, step decay = 0.98], admit using frequency sketch [width multiplier = 4, reset multiplier = 10.0, depth = 4, counter bits = 4], main (least recently used entities (segmented with [2] levels with proportions of [0.20, 0.80]))
08:06:41.075 INFO  a.c.s.ClusterSingletonManager - Singleton manager starting singleton actor [akka://akka-runtime/system/sharding/passivation-race-entityCoordinator/singleton]
08:06:41.075 INFO  a.c.s.ClusterSingletonManager - ClusterSingletonManager state change [Start -> Oldest]
08:06:41.075 DEBUG a.c.sharding.DDataShardCoordinator - passivation-race-entity: Initial coordinator is empty.
08:06:41.075 INFO  a.c.sharding.DDataShardCoordinator - passivation-race-entity: ShardCoordinator was moved to the active state with [0] shards
08:06:41.077 DEBUG a.c.singleton.ClusterSingletonProxy - Forwarding message of type [SchemaSingleton$ExecDdl] to current singleton instance at [akka://akka-runtime/system/singletonManagerschemaSingleton/schemaSingleton]
08:06:41.078 INFO  akka.runtime.DiscoveryManager - Service components: EventSourcedEntity: [1], Consumer: [2], View: [1]
08:06:41.078 INFO  a.c.s.typed.scaladsl.ClusterSharding - Starting Shard Region [_timer]...
08:06:41.079 INFO  a.c.s.typed.scaladsl.ClusterSharding - Starting Shard Region [sharded-daemon-process-eventSourcedProjection-passivation-race-entity-passivation-race-consumer-a]...
08:06:41.079 INFO  a.c.s.ClusterSingletonManager - Singleton manager starting singleton actor [akka://akka-runtime/system/sharding/_timerCoordinator/singleton]
08:06:41.079 INFO  a.c.s.ClusterSingletonManager - ClusterSingletonManager state change [Start -> Oldest]
08:06:41.079 INFO  akka.cluster.sharding.ShardRegion - sharded-daemon-process-eventSourcedProjection-passivation-race-entity-passivation-race-consumer-a: Automatic entity passivation: disabled
08:06:41.079 DEBUG a.c.sharding.DDataShardCoordinator - _timer: Starting remember entities store from provider akka.cluster.sharding.internal.DDataRememberEntitiesProvider@46c1a18e
08:06:41.080 DEBUG a.c.sharding.DDataShardCoordinator - _timer: Initial coordinator is empty.
08:06:41.080 INFO  a.c.sharding.DDataShardCoordinator - _timer: ShardCoordinator was moved to the active state with [0] shards
08:06:41.080 DEBUG a.c.sharding.DDataShardCoordinator - _timer: Received [0] remembered shard ids (after state initialized)
08:06:41.080 INFO  a.c.s.typed.scaladsl.ClusterSharding - Starting Shard Region [sharded-daemon-process-eventSourcedProjection-passivation-race-entity-passivation-race-consumer-b]...
08:06:41.080 INFO  akka.cluster.sharding.ShardRegion - sharded-daemon-process-eventSourcedProjection-passivation-race-entity-passivation-race-consumer-b: Automatic entity passivation: disabled
08:06:41.080 DEBUG a.c.singleton.ClusterSingletonProxy - Creating singleton identification timer...
08:06:41.080 DEBUG a.c.singleton.ClusterSingletonProxy - Trying to identify singleton at [akka://akka-runtime@127.0.0.1:63127/system/singletonManagerShardedDaemonProcessCoordinator-eventSourcedProjection-passivation-race-entity-passivation-race-consumer-a/ShardedDaemonProcessCoordinator-eventSourcedProjection-passivation-race-entity-passivation-race-consumer-a]
08:06:41.080 INFO  a.c.s.ClusterSingletonManager - Singleton manager starting singleton actor [akka://akka-runtime/system/sharding/sharded-daemon-process-eventSourcedProjection-passivation-race-entity-passivation-race-consumer-aCoordinator/singleton]
08:06:41.080 INFO  a.c.s.ClusterSingletonManager - ClusterSingletonManager state change [Start -> Oldest]
08:06:41.080 INFO  a.c.s.ClusterSingletonManager - Singleton manager starting singleton actor [akka://akka-runtime/system/singletonManagerShardedDaemonProcessCoordinator-eventSourcedProjection-passivation-race-entity-passivation-race-consumer-a/ShardedDaemonProcessCoordinator-eventSourcedProjection-passivation-race-entity-passivation-race-consumer-a]
08:06:41.081 INFO  a.c.s.ClusterSingletonManager - ClusterSingletonManager state change [Start -> Oldest]
08:06:41.081 INFO  a.c.s.ClusterSingletonManager - Singleton manager starting singleton actor [akka://akka-runtime/system/sharding/sharded-daemon-process-eventSourcedProjection-passivation-race-entity-passivation-race-consumer-bCoordinator/singleton]
08:06:41.081 INFO  a.c.s.ClusterSingletonManager - ClusterSingletonManager state change [Start -> Oldest]
08:06:41.081 DEBUG a.c.sharding.DDataShardCoordinator - sharded-daemon-process-eventSourcedProjection-passivation-race-entity-passivation-race-consumer-a: Initial coordinator is empty.
08:06:41.081 INFO  a.c.sharding.DDataShardCoordinator - sharded-daemon-process-eventSourcedProjection-passivation-race-entity-passivation-race-consumer-a: ShardCoordinator was moved to the active state with [0] shards
08:06:41.081 DEBUG a.c.s.t.i.ShardedDaemonProcessCoordinator$ - ShardedDaemonProcessCoordinator for [eventSourcedProjection-passivation-race-entity-passivation-race-consumer-a] starting
08:06:41.081 DEBUG a.c.sharding.DDataShardCoordinator - sharded-daemon-process-eventSourcedProjection-passivation-race-entity-passivation-race-consumer-b: Initial coordinator is empty.
08:06:41.081 INFO  a.c.sharding.DDataShardCoordinator - sharded-daemon-process-eventSourcedProjection-passivation-race-entity-passivation-race-consumer-b: ShardCoordinator was moved to the active state with [0] shards
08:06:41.081 INFO  a.c.s.typed.scaladsl.ClusterSharding - Starting Shard Region [sharded-daemon-process-eventSourcedProjection-passivation-race-entity-passivation-race-view]...
08:06:41.081 DEBUG a.c.s.t.i.ShardedDaemonProcessCoordinator$ - eventSourcedProjection-passivation-race-entity-passivation-race-consumer-a: No previous state stored for Sharded Daemon Process
08:06:41.081 INFO  akka.cluster.sharding.ShardRegion - sharded-daemon-process-eventSourcedProjection-passivation-race-entity-passivation-race-view: Automatic entity passivation: disabled
08:06:41.081 DEBUG a.c.s.t.i.ShardedDaemonProcessCoordinator$ - Sending periodic keep alive for Sharded Daemon Process [eventSourcedProjection-passivation-race-entity-passivation-race-consumer-a] to [1] processes (revision [0]).
08:06:41.081 DEBUG a.c.singleton.ClusterSingletonProxy - Creating singleton identification timer...
08:06:41.081 DEBUG a.c.singleton.ClusterSingletonProxy - Trying to identify singleton at [akka://akka-runtime@127.0.0.1:63127/system/singletonManagerShardedDaemonProcessCoordinator-eventSourcedProjection-passivation-race-entity-passivation-race-consumer-b/ShardedDaemonProcessCoordinator-eventSourcedProjection-passivation-race-entity-passivation-race-consumer-b]
08:06:41.082 DEBUG a.c.singleton.ClusterSingletonProxy - Creating singleton identification timer...
08:06:41.082 DEBUG a.c.singleton.ClusterSingletonProxy - Trying to identify singleton at [akka://akka-runtime@127.0.0.1:63127/system/singletonManagerShardedDaemonProcessCoordinator-eventSourcedProjection-passivation-race-entity-passivation-race-view/ShardedDaemonProcessCoordinator-eventSourcedProjection-passivation-race-entity-passivation-race-view]
08:06:41.082 INFO  akka.runtime.DiscoveryManager - Akka Runtime started at 127.0.0.1:63125
08:06:41.082 INFO  repro.Bootstrap - onStartup burst of 8 starting
08:06:41.082 INFO  a.c.s.ClusterSingletonManager - Singleton manager starting singleton actor [akka://akka-runtime/system/singletonManagerShardedDaemonProcessCoordinator-eventSourcedProjection-passivation-race-entity-passivation-race-consumer-b/ShardedDaemonProcessCoordinator-eventSourcedProjection-passivation-race-entity-passivation-race-consumer-b]
08:06:41.082 INFO  a.c.s.ClusterSingletonManager - ClusterSingletonManager state change [Start -> Oldest]
08:06:41.082 INFO  a.c.s.ClusterSingletonManager - Singleton manager starting singleton actor [akka://akka-runtime/system/singletonManagerShardedDaemonProcessCoordinator-eventSourcedProjection-passivation-race-entity-passivation-race-view/ShardedDaemonProcessCoordinator-eventSourcedProjection-passivation-race-entity-passivation-race-view]
08:06:41.082 INFO  a.c.s.ClusterSingletonManager - ClusterSingletonManager state change [Start -> Oldest]
08:06:41.082 INFO  a.c.s.ClusterSingletonManager - Singleton manager starting singleton actor [akka://akka-runtime/system/sharding/sharded-daemon-process-eventSourcedProjection-passivation-race-entity-passivation-race-viewCoordinator/singleton]
08:06:41.082 INFO  a.c.s.ClusterSingletonManager - ClusterSingletonManager state change [Start -> Oldest]
08:06:41.082 DEBUG a.c.s.t.i.ShardedDaemonProcessCoordinator$ - ShardedDaemonProcessCoordinator for [eventSourcedProjection-passivation-race-entity-passivation-race-consumer-b] starting
08:06:41.082 DEBUG a.c.s.t.i.ShardedDaemonProcessCoordinator$ - ShardedDaemonProcessCoordinator for [eventSourcedProjection-passivation-race-entity-passivation-race-view] starting
08:06:41.083 DEBUG a.c.s.t.i.ShardedDaemonProcessCoordinator$ - eventSourcedProjection-passivation-race-entity-passivation-race-view: No previous state stored for Sharded Daemon Process
08:06:41.083 DEBUG a.c.sharding.DDataShardCoordinator - sharded-daemon-process-eventSourcedProjection-passivation-race-entity-passivation-race-view: Initial coordinator is empty.
08:06:41.083 INFO  a.c.sharding.DDataShardCoordinator - sharded-daemon-process-eventSourcedProjection-passivation-race-entity-passivation-race-view: ShardCoordinator was moved to the active state with [0] shards
08:06:41.083 DEBUG a.c.s.t.i.ShardedDaemonProcessCoordinator$ - eventSourcedProjection-passivation-race-entity-passivation-race-consumer-b: No previous state stored for Sharded Daemon Process
08:06:41.083 DEBUG a.c.s.t.i.ShardedDaemonProcessCoordinator$ - Sending periodic keep alive for Sharded Daemon Process [eventSourcedProjection-passivation-race-entity-passivation-race-consumer-b] to [1] processes (revision [0]).
08:06:41.083 DEBUG a.c.s.t.i.ShardedDaemonProcessCoordinator$ - Sending periodic keep alive for Sharded Daemon Process [eventSourcedProjection-passivation-race-entity-passivation-race-view] to [1] processes (revision [0]).
08:06:41.134 INFO  akka.javasdk.testkit.TestKit - Runtime started
08:06:41.134 INFO  akka.actor.CoordinatedShutdown - Running CoordinatedShutdown with reason [ActorSystemTerminateReason]
08:06:41.134 DEBUG akka.actor.CoordinatedShutdown - Performing phase [before-service-unbind] with [0] tasks
08:06:41.134 DEBUG akka.actor.CoordinatedShutdown - Performing phase [service-unbind] with [1] tasks.
08:06:41.134 DEBUG akka.actor.CoordinatedShutdown - Performing task [http-unbind-/127.0.0.1:63125] in CoordinatedShutdown phase [service-unbind]
08:06:41.134 DEBUG akka.actor.CoordinatedShutdown - Performing phase [service-requests-done] with [1] tasks.
08:06:41.134 DEBUG akka.actor.CoordinatedShutdown - Performing task [http-terminate-/127.0.0.1:63125] in CoordinatedShutdown phase [service-requests-done]
08:06:41.135 DEBUG akka.actor.CoordinatedShutdown - Performing phase [service-stop] with [1] tasks.
08:06:41.135 DEBUG akka.actor.CoordinatedShutdown - Performing task [stop-grpc-clients] in CoordinatedShutdown phase [service-stop]
08:06:41.135 DEBUG akka.actor.CoordinatedShutdown - Performing phase [before-cluster-shutdown] with [0] tasks
08:06:41.135 DEBUG akka.actor.CoordinatedShutdown - Performing phase [cluster-sharding-shutdown-region] with [5] tasks.
08:06:41.135 DEBUG akka.actor.CoordinatedShutdown - Performing task [region-shutdown] in CoordinatedShutdown phase [cluster-sharding-shutdown-region]
08:06:41.135 DEBUG akka.actor.CoordinatedShutdown - Performing task [region-shutdown] in CoordinatedShutdown phase [cluster-sharding-shutdown-region]
08:06:41.135 DEBUG akka.actor.CoordinatedShutdown - Performing task [region-shutdown] in CoordinatedShutdown phase [cluster-sharding-shutdown-region]
08:06:41.135 DEBUG akka.actor.CoordinatedShutdown - Performing task [region-shutdown] in CoordinatedShutdown phase [cluster-sharding-shutdown-region]
08:06:41.135 DEBUG akka.actor.CoordinatedShutdown - Performing task [region-shutdown] in CoordinatedShutdown phase [cluster-sharding-shutdown-region]
08:06:41.135 DEBUG a.c.sharding.DDataShardCoordinator - passivation-race-entity: Unknown region requested graceful shutdown [Actor[akka://akka-runtime/system/sharding/passivation-race-entity#288829765]]
08:06:41.135 DEBUG a.c.sharding.DDataShardCoordinator - sharded-daemon-process-eventSourcedProjection-passivation-race-entity-passivation-race-consumer-a: Unknown region requested graceful shutdown [Actor[akka://akka-runtime/system/sharding/sharded-daemon-process-eventSourcedProjection-passivation-race-entity-passivation-race-consumer-a#1856939093]]
08:06:41.135 DEBUG a.c.sharding.DDataShardCoordinator - sharded-daemon-process-eventSourcedProjection-passivation-race-entity-passivation-race-view: Unknown region requested graceful shutdown [Actor[akka://akka-runtime/system/sharding/sharded-daemon-process-eventSourcedProjection-passivation-race-entity-passivation-race-view#524694511]]
08:06:41.135 DEBUG a.c.sharding.DDataShardCoordinator - sharded-daemon-process-eventSourcedProjection-passivation-race-entity-passivation-race-consumer-b: Unknown region requested graceful shutdown [Actor[akka://akka-runtime/system/sharding/sharded-daemon-process-eventSourcedProjection-passivation-race-entity-passivation-race-consumer-b#-436634651]]
08:06:41.135 DEBUG a.c.sharding.DDataShardCoordinator - _timer: Unknown region requested graceful shutdown [Actor[akka://akka-runtime/system/sharding/_timer#-432592107]]
08:06:41.142 DEBUG a.c.singleton.ClusterSingletonProxy - Trying to identify singleton at [akka://akka-runtime@127.0.0.1:63127/system/singletonManagerShardedDaemonProcessCoordinator-eventSourcedProjection-passivation-race-entity-passivation-race-consumer-a/ShardedDaemonProcessCoordinator-eventSourcedProjection-passivation-race-entity-passivation-race-consumer-a]
08:06:41.142 INFO  a.c.singleton.ClusterSingletonProxy - Singleton identified at [akka://akka-runtime/system/singletonManagerShardedDaemonProcessCoordinator-eventSourcedProjection-passivation-race-entity-passivation-race-consumer-a/ShardedDaemonProcessCoordinator-eventSourcedProjection-passivation-race-entity-passivation-race-consumer-a]
08:06:41.142 DEBUG a.c.singleton.ClusterSingletonProxy - Sending buffered messages to current singleton instance
08:06:41.151 DEBUG a.c.singleton.ClusterSingletonProxy - Trying to identify singleton at [akka://akka-runtime@127.0.0.1:63127/system/singletonManagerShardedDaemonProcessCoordinator-eventSourcedProjection-passivation-race-entity-passivation-race-view/ShardedDaemonProcessCoordinator-eventSourcedProjection-passivation-race-entity-passivation-race-view]
08:06:41.152 DEBUG a.c.singleton.ClusterSingletonProxy - Trying to identify singleton at [akka://akka-runtime@127.0.0.1:63127/system/singletonManagerShardedDaemonProcessCoordinator-eventSourcedProjection-passivation-race-entity-passivation-race-consumer-b/ShardedDaemonProcessCoordinator-eventSourcedProjection-passivation-race-entity-passivation-race-consumer-b]
08:06:41.152 INFO  a.c.singleton.ClusterSingletonProxy - Singleton identified at [akka://akka-runtime/system/singletonManagerShardedDaemonProcessCoordinator-eventSourcedProjection-passivation-race-entity-passivation-race-view/ShardedDaemonProcessCoordinator-eventSourcedProjection-passivation-race-entity-passivation-race-view]
08:06:41.152 INFO  a.c.singleton.ClusterSingletonProxy - Singleton identified at [akka://akka-runtime/system/singletonManagerShardedDaemonProcessCoordinator-eventSourcedProjection-passivation-race-entity-passivation-race-consumer-b/ShardedDaemonProcessCoordinator-eventSourcedProjection-passivation-race-entity-passivation-race-consumer-b]
08:06:41.152 DEBUG a.c.singleton.ClusterSingletonProxy - Sending buffered messages to current singleton instance
08:06:41.152 DEBUG a.c.singleton.ClusterSingletonProxy - Sending buffered messages to current singleton instance
08:06:41.343 DEBUG a.c.sharding.DDataShardCoordinator - sharded-daemon-process-eventSourcedProjection-passivation-race-entity-passivation-race-consumer-a: ShardRegion registered: [Actor[akka://akka-runtime/system/sharding/sharded-daemon-process-eventSourcedProjection-passivation-race-entity-passivation-race-consumer-a#1856939093]]
08:06:41.343 DEBUG a.c.sharding.DDataShardCoordinator - passivation-race-entity: ShardRegion registered: [Actor[akka://akka-runtime/system/sharding/passivation-race-entity#288829765]]
08:06:41.343 DEBUG a.c.sharding.DDataShardCoordinator - passivation-race-entity: The coordinator state was successfully updated with ShardRegionRegistered(Actor[akka://akka-runtime/system/sharding/passivation-race-entity#288829765])
08:06:41.343 DEBUG a.c.sharding.DDataShardCoordinator - sharded-daemon-process-eventSourcedProjection-passivation-race-entity-passivation-race-consumer-a: The coordinator state was successfully updated with ShardRegionRegistered(Actor[akka://akka-runtime/system/sharding/sharded-daemon-process-eventSourcedProjection-passivation-race-entity-passivation-race-consumer-a#1856939093])
08:06:41.343 DEBUG a.c.sharding.DDataShardCoordinator - passivation-race-entity: The coordinator state was successfully updated with ShardHomeAllocated(136,Actor[akka://akka-runtime/system/sharding/passivation-race-entity#288829765])
08:06:41.343 DEBUG a.c.sharding.DDataShardCoordinator - sharded-daemon-process-eventSourcedProjection-passivation-race-entity-passivation-race-consumer-a: The coordinator state was successfully updated with ShardHomeAllocated(0,Actor[akka://akka-runtime/system/sharding/sharded-daemon-process-eventSourcedProjection-passivation-race-entity-passivation-race-consumer-a#1856939093])
08:06:41.343 DEBUG a.c.sharding.DDataShardCoordinator - passivation-race-entity: Shard [136] allocated at [Actor[akka://akka-runtime/system/sharding/passivation-race-entity#288829765]]
08:06:41.343 DEBUG a.c.sharding.DDataShardCoordinator - sharded-daemon-process-eventSourcedProjection-passivation-race-entity-passivation-race-consumer-a: Shard [0] allocated at [Actor[akka://akka-runtime/system/sharding/sharded-daemon-process-eventSourcedProjection-passivation-race-entity-passivation-race-consumer-a#1856939093]]
08:06:41.344 DEBUG a.c.sharding.DDataShardCoordinator - passivation-race-entity: Graceful shutdown of region [Actor[akka://akka-runtime/system/sharding/passivation-race-entity#288829765]] with [1] shards
08:06:41.344 DEBUG a.c.sharding.DDataShardCoordinator - sharded-daemon-process-eventSourcedProjection-passivation-race-entity-passivation-race-consumer-a: Graceful shutdown of region [Actor[akka://akka-runtime/system/sharding/sharded-daemon-process-eventSourcedProjection-passivation-race-entity-passivation-race-consumer-a#1856939093]] with [1] shards
08:06:41.344 INFO  a.c.sharding.DDataShardCoordinator - sharded-daemon-process-eventSourcedProjection-passivation-race-entity-passivation-race-consumer-a: Starting shutting down shards [0] due to region shutting down or explicit stopping of shards.
08:06:41.344 INFO  a.c.sharding.DDataShardCoordinator - passivation-race-entity: Starting shutting down shards [136] due to region shutting down or explicit stopping of shards.
08:06:41.344 DEBUG a.c.s.ShardCoordinator$RebalanceWorker - sharded-daemon-process-eventSourcedProjection-passivation-race-entity-passivation-race-consumer-a: Shutting down shard [0] from region [Actor[akka://akka-runtime/system/sharding/sharded-daemon-process-eventSourcedProjection-passivation-race-entity-passivation-race-consumer-a#1856939093]]. Asking [1] region(s) to hand-off shard
08:06:41.344 DEBUG a.c.s.ShardCoordinator$RebalanceWorker - sharded-daemon-process-eventSourcedProjection-passivation-race-entity-passivation-race-consumer-a: BeginHandOffAck for shard [0] received from [Actor[akka://akka-runtime/system/sharding/sharded-daemon-process-eventSourcedProjection-passivation-race-entity-passivation-race-consumer-a#1856939093]].
08:06:41.344 DEBUG a.c.s.ShardCoordinator$RebalanceWorker - sharded-daemon-process-eventSourcedProjection-passivation-race-entity-passivation-race-consumer-a: All shard regions acked, handing off shard [0].
08:06:41.344 DEBUG a.c.s.ShardCoordinator$RebalanceWorker - passivation-race-entity: Shutting down shard [136] from region [Actor[akka://akka-runtime/system/sharding/passivation-race-entity#288829765]]. Asking [1] region(s) to hand-off shard
08:06:41.344 DEBUG a.c.s.ShardCoordinator$RebalanceWorker - passivation-race-entity: BeginHandOffAck for shard [136] received from [Actor[akka://akka-runtime/system/sharding/passivation-race-entity#288829765]].
08:06:41.344 DEBUG akka.cluster.sharding.Shard - sharded-daemon-process-eventSourcedProjection-passivation-race-entity-passivation-race-consumer-a: Shard initialized
08:06:41.344 DEBUG a.c.s.ShardCoordinator$RebalanceWorker - passivation-race-entity: All shard regions acked, handing off shard [136].
08:06:41.344 WARN  akka.cluster.sharding.ShardRegion - sharded-daemon-process-eventSourcedProjection-passivation-race-entity-passivation-race-consumer-a: Dropping [1] buffered messages to shard [0] during hand off to avoid re-ordering
08:06:41.344 DEBUG akka.cluster.sharding.Shard - sharded-daemon-process-eventSourcedProjection-passivation-race-entity-passivation-race-consumer-a: HandOff shard [0]
08:06:41.344 DEBUG akka.cluster.sharding.Shard - sharded-daemon-process-eventSourcedProjection-passivation-race-entity-passivation-race-consumer-a: Shard [0] shutting down
08:06:41.344 WARN  akka.cluster.sharding.ShardRegion - passivation-race-entity: Dropping [1] buffered messages to shard [136] during hand off to avoid re-ordering
08:06:41.344 DEBUG a.c.sharding.DDataShardCoordinator - sharded-daemon-process-eventSourcedProjection-passivation-race-entity-passivation-race-consumer-a: Shard [0] deallocation completed successfully.
08:06:41.344 DEBUG akka.cluster.sharding.Shard - passivation-race-entity: Shard initialized
08:06:41.344 DEBUG akka.cluster.sharding.Shard - passivation-race-entity: HandOff shard [136]
08:06:41.344 DEBUG akka.cluster.sharding.Shard - passivation-race-entity: Shard [136] shutting down
08:06:41.344 DEBUG a.c.sharding.DDataShardCoordinator - sharded-daemon-process-eventSourcedProjection-passivation-race-entity-passivation-race-consumer-a: The coordinator state was successfully updated with ShardHomeDeallocated(0)
08:06:41.344 DEBUG a.c.sharding.DDataShardCoordinator - sharded-daemon-process-eventSourcedProjection-passivation-race-entity-passivation-race-consumer-a: Shard [0] deallocated after
08:06:41.344 DEBUG a.c.sharding.DDataShardCoordinator - sharded-daemon-process-eventSourcedProjection-passivation-race-entity-passivation-race-consumer-a: ShardRegion stopped: [Actor[akka://akka-runtime/system/sharding/sharded-daemon-process-eventSourcedProjection-passivation-race-entity-passivation-race-consumer-a#1856939093]]
08:06:41.344 DEBUG a.c.sharding.DDataShardCoordinator - sharded-daemon-process-eventSourcedProjection-passivation-race-entity-passivation-race-consumer-a: ShardRegion terminated (gracefully): [Actor[akka://akka-runtime/system/sharding/sharded-daemon-process-eventSourcedProjection-passivation-race-entity-passivation-race-consumer-a#1856939093]] {}
08:06:41.344 DEBUG a.c.sharding.DDataShardCoordinator - passivation-race-entity: ShardRegion stopped: [Actor[akka://akka-runtime/system/sharding/passivation-race-entity#288829765]]
08:06:41.344 DEBUG a.c.sharding.DDataShardCoordinator - sharded-daemon-process-eventSourcedProjection-passivation-race-entity-passivation-race-consumer-a: GetShardHome [0] request from [Actor[akka://local/ignore]] stashed, because waiting for initial state or update of state. It will be handled afterwards.
08:06:41.344 DEBUG a.c.sharding.DDataShardCoordinator - sharded-daemon-process-eventSourcedProjection-passivation-race-entity-passivation-race-consumer-a: The coordinator state was successfully updated with ShardRegionTerminated(Actor[akka://akka-runtime/system/sharding/sharded-daemon-process-eventSourcedProjection-passivation-race-entity-passivation-race-consumer-a#1856939093])
08:06:41.345 DEBUG a.c.sharding.DDataShardCoordinator - passivation-race-entity: ShardRegion terminated (gracefully): [Actor[akka://akka-runtime/system/sharding/passivation-race-entity#288829765]] {}
08:06:41.345 DEBUG a.c.sharding.DDataShardCoordinator - passivation-race-entity: GetShardHome [136] request from [Actor[akka://local/ignore]] deferred, because rebalance is in progress for this shard. It will be handled when rebalance is done.
08:06:41.345 DEBUG a.c.sharding.DDataShardCoordinator - passivation-race-entity: The coordinator state was successfully updated with ShardRegionTerminated(Actor[akka://akka-runtime/system/sharding/passivation-race-entity#288829765])
08:06:41.345 DEBUG a.c.sharding.DDataShardCoordinator - passivation-race-entity: Shard [136] deallocation completed successfully.
08:06:41.352 DEBUG a.c.sharding.DDataShardCoordinator - sharded-daemon-process-eventSourcedProjection-passivation-race-entity-passivation-race-view: ShardRegion registered: [Actor[akka://akka-runtime/system/sharding/sharded-daemon-process-eventSourcedProjection-passivation-race-entity-passivation-race-view#524694511]]
08:06:41.352 DEBUG a.c.sharding.DDataShardCoordinator - sharded-daemon-process-eventSourcedProjection-passivation-race-entity-passivation-race-consumer-b: ShardRegion registered: [Actor[akka://akka-runtime/system/sharding/sharded-daemon-process-eventSourcedProjection-passivation-race-entity-passivation-race-consumer-b#-436634651]]
08:06:41.353 DEBUG a.c.sharding.DDataShardCoordinator - sharded-daemon-process-eventSourcedProjection-passivation-race-entity-passivation-race-view: The coordinator state was successfully updated with ShardRegionRegistered(Actor[akka://akka-runtime/system/sharding/sharded-daemon-process-eventSourcedProjection-passivation-race-entity-passivation-race-view#524694511])
08:06:41.353 DEBUG a.c.sharding.DDataShardCoordinator - sharded-daemon-process-eventSourcedProjection-passivation-race-entity-passivation-race-consumer-b: The coordinator state was successfully updated with ShardRegionRegistered(Actor[akka://akka-runtime/system/sharding/sharded-daemon-process-eventSourcedProjection-passivation-race-entity-passivation-race-consumer-b#-436634651])
08:06:41.353 DEBUG a.c.sharding.DDataShardCoordinator - sharded-daemon-process-eventSourcedProjection-passivation-race-entity-passivation-race-consumer-b: The coordinator state was successfully updated with ShardHomeAllocated(0,Actor[akka://akka-runtime/system/sharding/sharded-daemon-process-eventSourcedProjection-passivation-race-entity-passivation-race-consumer-b#-436634651])
08:06:41.353 DEBUG a.c.sharding.DDataShardCoordinator - sharded-daemon-process-eventSourcedProjection-passivation-race-entity-passivation-race-view: The coordinator state was successfully updated with ShardHomeAllocated(0,Actor[akka://akka-runtime/system/sharding/sharded-daemon-process-eventSourcedProjection-passivation-race-entity-passivation-race-view#524694511])
08:06:41.353 DEBUG a.c.sharding.DDataShardCoordinator - sharded-daemon-process-eventSourcedProjection-passivation-race-entity-passivation-race-consumer-b: Shard [0] allocated at [Actor[akka://akka-runtime/system/sharding/sharded-daemon-process-eventSourcedProjection-passivation-race-entity-passivation-race-consumer-b#-436634651]]
08:06:41.354 DEBUG a.c.sharding.DDataShardCoordinator - sharded-daemon-process-eventSourcedProjection-passivation-race-entity-passivation-race-view: Shard [0] allocated at [Actor[akka://akka-runtime/system/sharding/sharded-daemon-process-eventSourcedProjection-passivation-race-entity-passivation-race-view#524694511]]
08:06:41.354 DEBUG a.c.sharding.DDataShardCoordinator - sharded-daemon-process-eventSourcedProjection-passivation-race-entity-passivation-race-view: Graceful shutdown of region [Actor[akka://akka-runtime/system/sharding/sharded-daemon-process-eventSourcedProjection-passivation-race-entity-passivation-race-view#524694511]] with [1] shards
08:06:41.354 INFO  a.c.sharding.DDataShardCoordinator - sharded-daemon-process-eventSourcedProjection-passivation-race-entity-passivation-race-view: Starting shutting down shards [0] due to region shutting down or explicit stopping of shards.
08:06:41.354 DEBUG a.c.sharding.DDataShardCoordinator - sharded-daemon-process-eventSourcedProjection-passivation-race-entity-passivation-race-consumer-b: Graceful shutdown of region [Actor[akka://akka-runtime/system/sharding/sharded-daemon-process-eventSourcedProjection-passivation-race-entity-passivation-race-consumer-b#-436634651]] with [1] shards
08:06:41.354 INFO  a.c.sharding.DDataShardCoordinator - sharded-daemon-process-eventSourcedProjection-passivation-race-entity-passivation-race-consumer-b: Starting shutting down shards [0] due to region shutting down or explicit stopping of shards.
08:06:41.354 DEBUG a.c.s.ShardCoordinator$RebalanceWorker - sharded-daemon-process-eventSourcedProjection-passivation-race-entity-passivation-race-view: Shutting down shard [0] from region [Actor[akka://akka-runtime/system/sharding/sharded-daemon-process-eventSourcedProjection-passivation-race-entity-passivation-race-view#524694511]]. Asking [1] region(s) to hand-off shard
08:06:41.354 DEBUG akka.cluster.sharding.Shard - sharded-daemon-process-eventSourcedProjection-passivation-race-entity-passivation-race-view: Shard initialized
08:06:41.354 DEBUG akka.cluster.sharding.Shard - sharded-daemon-process-eventSourcedProjection-passivation-race-entity-passivation-race-consumer-b: Shard initialized
08:06:41.354 DEBUG a.c.s.ShardCoordinator$RebalanceWorker - sharded-daemon-process-eventSourcedProjection-passivation-race-entity-passivation-race-view: BeginHandOffAck for shard [0] received from [Actor[akka://akka-runtime/system/sharding/sharded-daemon-process-eventSourcedProjection-passivation-race-entity-passivation-race-view#524694511]].
08:06:41.354 DEBUG a.c.s.ShardCoordinator$RebalanceWorker - sharded-daemon-process-eventSourcedProjection-passivation-race-entity-passivation-race-view: All shard regions acked, handing off shard [0].
08:06:41.354 DEBUG akka.cluster.sharding.Shard - sharded-daemon-process-eventSourcedProjection-passivation-race-entity-passivation-race-view: Request to start entity [0] and ack to [Some(Actor[akka://akka-runtime/deadLetters])]
08:06:41.354 DEBUG a.c.s.ShardCoordinator$RebalanceWorker - sharded-daemon-process-eventSourcedProjection-passivation-race-entity-passivation-race-consumer-b: Shutting down shard [0] from region [Actor[akka://akka-runtime/system/sharding/sharded-daemon-process-eventSourcedProjection-passivation-race-entity-passivation-race-consumer-b#-436634651]]. Asking [1] region(s) to hand-off shard
08:06:41.354 DEBUG akka.cluster.sharding.Shard - sharded-daemon-process-eventSourcedProjection-passivation-race-entity-passivation-race-view: Started entity [Actor[akka://akka-runtime/system/sharding/sharded-daemon-process-eventSourcedProjection-passivation-race-entity-passivation-race-view/0/0#275996564]] with entity id [0] in shard [0]
08:06:41.354 DEBUG akka.cluster.sharding.Shard - sharded-daemon-process-eventSourcedProjection-passivation-race-entity-passivation-race-consumer-b: Request to start entity [0] and ack to [Some(Actor[akka://akka-runtime/deadLetters])]
08:06:41.354 DEBUG akka.cluster.sharding.Shard - sharded-daemon-process-eventSourcedProjection-passivation-race-entity-passivation-race-view: HandOff shard [0]
08:06:41.354 DEBUG akka.cluster.sharding.Shard - sharded-daemon-process-eventSourcedProjection-passivation-race-entity-passivation-race-view: Starting HandOffStopper for shard [0] to terminate [1] entities.
08:06:41.354 DEBUG akka.cluster.sharding.Shard - sharded-daemon-process-eventSourcedProjection-passivation-race-entity-passivation-race-consumer-b: Started entity [Actor[akka://akka-runtime/system/sharding/sharded-daemon-process-eventSourcedProjection-passivation-race-entity-passivation-race-consumer-b/0/0#-2129814822]] with entity id [0] in shard [0]
08:06:41.354 DEBUG a.c.s.t.i.ShardedDaemonProcessState$ - eventSourcedProjection-passivation-race-entity-passivation-race-view: Deferred start of worker to verify its revision [0] is the latest
08:06:41.354 DEBUG a.c.s.ShardCoordinator$RebalanceWorker - sharded-daemon-process-eventSourcedProjection-passivation-race-entity-passivation-race-consumer-b: BeginHandOffAck for shard [0] received from [Actor[akka://akka-runtime/system/sharding/sharded-daemon-process-eventSourcedProjection-passivation-race-entity-passivation-race-consumer-b#-436634651]].
08:06:41.354 DEBUG a.c.s.ShardCoordinator$RebalanceWorker - sharded-daemon-process-eventSourcedProjection-passivation-race-entity-passivation-race-consumer-b: All shard regions acked, handing off shard [0].
08:06:41.354 DEBUG akka.cluster.sharding.Shard - sharded-daemon-process-eventSourcedProjection-passivation-race-entity-passivation-race-consumer-b: HandOff shard [0]
08:06:41.354 DEBUG akka.cluster.sharding.Shard - sharded-daemon-process-eventSourcedProjection-passivation-race-entity-passivation-race-consumer-b: Starting HandOffStopper for shard [0] to terminate [1] entities.
08:06:41.354 INFO  a.c.s.t.i.ShardedDaemonProcessState$ - eventSourcedProjection-passivation-race-entity-passivation-race-view: Starting Sharded Daemon Process [0] out of a total [1] (revision [0] and no state found)
08:06:41.354 DEBUG a.c.s.t.i.ShardedDaemonProcessState$ - eventSourcedProjection-passivation-race-entity-passivation-race-consumer-b: Deferred start of worker to verify its revision [0] is the latest
08:06:41.354 INFO  a.c.s.t.i.ShardedDaemonProcessState$ - eventSourcedProjection-passivation-race-entity-passivation-race-consumer-b: Starting Sharded Daemon Process [0] out of a total [1] (revision [0] and no state found)
08:06:42.122 WARN  a.c.s.ShardRegion$HandOffStopper - sharded-daemon-process-eventSourcedProjection-passivation-race-entity-passivation-race-view: [1] of the entities in shard [0] not stopped after [750 milliseconds]. Maybe the handOffStopMessage [akka.projection.ProjectionBehavior$Stop$] is not handled? Waiting additional [250 milliseconds] before stopping the remaining entities.
08:06:42.122 WARN  a.c.s.ShardRegion$HandOffStopper - sharded-daemon-process-eventSourcedProjection-passivation-race-entity-passivation-race-consumer-b: [1] of the entities in shard [0] not stopped after [750 milliseconds]. Maybe the handOffStopMessage [akka.projection.ProjectionBehavior$Stop$] is not handled? Waiting additional [250 milliseconds] before stopping the remaining entities.
08:06:42.372 WARN  a.c.s.ShardRegion$HandOffStopper - sharded-daemon-process-eventSourcedProjection-passivation-race-entity-passivation-race-consumer-b: HandOffStopMessage [akka.projection.ProjectionBehavior$Stop$] is not handled by some of the entities in shard [0] after [1 second], stopping the remaining [1] entities.
08:06:42.373 WARN  a.c.s.ShardRegion$HandOffStopper - sharded-daemon-process-eventSourcedProjection-passivation-race-entity-passivation-race-view: HandOffStopMessage [akka.projection.ProjectionBehavior$Stop$] is not handled by some of the entities in shard [0] after [1 second], stopping the remaining [1] entities.
08:06:42.373 DEBUG akka.cluster.sharding.Shard - sharded-daemon-process-eventSourcedProjection-passivation-race-entity-passivation-race-consumer-b: Shard [0] shutting down
08:06:42.373 DEBUG akka.cluster.sharding.Shard - sharded-daemon-process-eventSourcedProjection-passivation-race-entity-passivation-race-view: Shard [0] shutting down
08:06:42.373 DEBUG a.c.sharding.DDataShardCoordinator - sharded-daemon-process-eventSourcedProjection-passivation-race-entity-passivation-race-view: Shard [0] deallocation completed successfully.
08:06:42.374 DEBUG akka.actor.CoordinatedShutdown - Performing phase [cluster-leave] with [1] tasks.
08:06:42.374 DEBUG akka.actor.CoordinatedShutdown - Performing task [leave] in CoordinatedShutdown phase [cluster-leave]
08:06:42.374 DEBUG a.c.sharding.DDataShardCoordinator - sharded-daemon-process-eventSourcedProjection-passivation-race-entity-passivation-race-view: The coordinator state was successfully updated with ShardHomeDeallocated(0)
08:06:42.374 DEBUG a.c.sharding.DDataShardCoordinator - sharded-daemon-process-eventSourcedProjection-passivation-race-entity-passivation-race-view: Shard [0] deallocated after
08:06:42.374 DEBUG a.c.sharding.DDataShardCoordinator - sharded-daemon-process-eventSourcedProjection-passivation-race-entity-passivation-race-view: ShardRegion terminated (gracefully): [Actor[akka://akka-runtime/system/sharding/sharded-daemon-process-eventSourcedProjection-passivation-race-entity-passivation-race-view#524694511]] {}
08:06:42.374 DEBUG a.c.sharding.DDataShardCoordinator - sharded-daemon-process-eventSourcedProjection-passivation-race-entity-passivation-race-view: GetShardHome [0] request from [Actor[akka://local/ignore]] stashed, because waiting for initial state or update of state. It will be handled afterwards.
08:06:42.374 DEBUG a.c.sharding.DDataShardCoordinator - sharded-daemon-process-eventSourcedProjection-passivation-race-entity-passivation-race-view: The coordinator state was successfully updated with ShardRegionTerminated(Actor[akka://akka-runtime/system/sharding/sharded-daemon-process-eventSourcedProjection-passivation-race-entity-passivation-race-view#524694511])
08:06:42.374 DEBUG a.c.sharding.DDataShardCoordinator - sharded-daemon-process-eventSourcedProjection-passivation-race-entity-passivation-race-view: ShardRegion stopped: [Actor[akka://akka-runtime/system/sharding/sharded-daemon-process-eventSourcedProjection-passivation-race-entity-passivation-race-view#524694511]]
08:06:42.374 DEBUG a.c.sharding.DDataShardCoordinator - sharded-daemon-process-eventSourcedProjection-passivation-race-entity-passivation-race-consumer-b: Shard [0] deallocation completed successfully.
08:06:42.375 DEBUG a.c.sharding.DDataShardCoordinator - sharded-daemon-process-eventSourcedProjection-passivation-race-entity-passivation-race-consumer-b: The coordinator state was successfully updated with ShardHomeDeallocated(0)
08:06:42.375 DEBUG a.c.sharding.DDataShardCoordinator - sharded-daemon-process-eventSourcedProjection-passivation-race-entity-passivation-race-consumer-b: Shard [0] deallocated after
08:06:42.375 DEBUG a.c.sharding.DDataShardCoordinator - sharded-daemon-process-eventSourcedProjection-passivation-race-entity-passivation-race-consumer-b: ShardRegion terminated (gracefully): [Actor[akka://akka-runtime/system/sharding/sharded-daemon-process-eventSourcedProjection-passivation-race-entity-passivation-race-consumer-b#-436634651]] {}
08:06:42.375 DEBUG a.c.sharding.DDataShardCoordinator - sharded-daemon-process-eventSourcedProjection-passivation-race-entity-passivation-race-consumer-b: GetShardHome [0] request from [Actor[akka://local/ignore]] stashed, because waiting for initial state or update of state. It will be handled afterwards.
08:06:42.375 DEBUG akka.actor.CoordinatedShutdown - Performing phase [cluster-exiting] with [28] tasks.
08:06:42.375 DEBUG akka.actor.CoordinatedShutdown - Performing task [singleton-exiting-2] in CoordinatedShutdown phase [cluster-exiting]
08:06:42.375 DEBUG akka.actor.CoordinatedShutdown - Performing task [singleton-exiting-1] in CoordinatedShutdown phase [cluster-exiting]
08:06:42.375 DEBUG akka.actor.CoordinatedShutdown - Performing task [singleton-exiting-1] in CoordinatedShutdown phase [cluster-exiting]
08:06:42.375 DEBUG a.c.sharding.DDataShardCoordinator - sharded-daemon-process-eventSourcedProjection-passivation-race-entity-passivation-race-consumer-b: The coordinator state was successfully updated with ShardRegionTerminated(Actor[akka://akka-runtime/system/sharding/sharded-daemon-process-eventSourcedProjection-passivation-race-entity-passivation-race-consumer-b#-436634651])
08:06:42.375 DEBUG akka.actor.CoordinatedShutdown - Performing task [singleton-exiting-2] in CoordinatedShutdown phase [cluster-exiting]
08:06:42.375 INFO  a.c.s.ClusterSingletonManager - Exited [akka://akka-runtime@127.0.0.1:63127].
08:06:42.375 DEBUG akka.actor.CoordinatedShutdown - Performing task [singleton-exiting-1] in CoordinatedShutdown phase [cluster-exiting]
08:06:42.375 DEBUG akka.actor.CoordinatedShutdown - Performing task [singleton-exiting-1] in CoordinatedShutdown phase [cluster-exiting]
08:06:42.375 DEBUG a.c.sharding.DDataShardCoordinator - sharded-daemon-process-eventSourcedProjection-passivation-race-entity-passivation-race-consumer-b: ShardRegion stopped: [Actor[akka://akka-runtime/system/sharding/sharded-daemon-process-eventSourcedProjection-passivation-race-entity-passivation-race-consumer-b#-436634651]]
08:06:42.375 DEBUG akka.actor.CoordinatedShutdown - Performing task [wait-singleton-exiting] in CoordinatedShutdown phase [cluster-exiting]
08:06:42.375 DEBUG akka.actor.CoordinatedShutdown - Performing task [wait-singleton-exiting] in CoordinatedShutdown phase [cluster-exiting]
08:06:42.375 DEBUG akka.actor.CoordinatedShutdown - Performing task [singleton-exiting-2] in CoordinatedShutdown phase [cluster-exiting]
08:06:42.376 DEBUG akka.actor.CoordinatedShutdown - Performing task [wait-singleton-exiting] in CoordinatedShutdown phase [cluster-exiting]
08:06:42.376 INFO  a.c.s.ClusterSingletonManager - Oldest observed OldestChanged: [akka://akka-runtime@127.0.0.1:63127 -> None]
08:06:42.376 DEBUG akka.actor.CoordinatedShutdown - Performing task [singleton-exiting-2] in CoordinatedShutdown phase [cluster-exiting]
08:06:42.376 DEBUG akka.actor.CoordinatedShutdown - Performing task [singleton-exiting-2] in CoordinatedShutdown phase [cluster-exiting]
08:06:42.376 DEBUG akka.actor.CoordinatedShutdown - Performing task [wait-singleton-exiting] in CoordinatedShutdown phase [cluster-exiting]
08:06:42.376 INFO  a.c.s.ClusterSingletonManager - ClusterSingletonManager state change [Oldest -> WasOldest]
08:06:42.376 DEBUG akka.actor.CoordinatedShutdown - Performing task [singleton-exiting-2] in CoordinatedShutdown phase [cluster-exiting]
08:06:42.376 DEBUG akka.actor.CoordinatedShutdown - Performing task [singleton-exiting-1] in CoordinatedShutdown phase [cluster-exiting]
08:06:42.376 DEBUG akka.actor.CoordinatedShutdown - Performing task [wait-singleton-exiting] in CoordinatedShutdown phase [cluster-exiting]
08:06:42.376 INFO  a.c.s.ClusterSingletonManager - Exited [akka://akka-runtime@127.0.0.1:63127].
08:06:42.376 DEBUG akka.actor.CoordinatedShutdown - Performing task [wait-singleton-exiting] in CoordinatedShutdown phase [cluster-exiting]
08:06:42.376 DEBUG akka.actor.CoordinatedShutdown - Performing task [singleton-exiting-1] in CoordinatedShutdown phase [cluster-exiting]
08:06:42.376 INFO  a.c.s.ClusterSingletonManager - Oldest observed OldestChanged: [akka://akka-runtime@127.0.0.1:63127 -> None]
08:06:42.376 INFO  a.c.s.ClusterSingletonManager - Oldest observed OldestChanged: [akka://akka-runtime@127.0.0.1:63127 -> None]
08:06:42.376 INFO  a.c.s.ClusterSingletonManager - ClusterSingletonManager state change [Oldest -> WasOldest]
08:06:42.376 DEBUG akka.actor.CoordinatedShutdown - Performing task [singleton-exiting-1] in CoordinatedShutdown phase [cluster-exiting]
08:06:42.376 INFO  a.c.s.ClusterSingletonManager - ClusterSingletonManager state change [Oldest -> WasOldest]
08:06:42.376 DEBUG akka.actor.CoordinatedShutdown - Performing task [singleton-exiting-1] in CoordinatedShutdown phase [cluster-exiting]
08:06:42.376 INFO  a.c.s.ClusterSingletonManager - Exited [akka://akka-runtime@127.0.0.1:63127].
08:06:42.376 DEBUG akka.actor.CoordinatedShutdown - Performing task [wait-singleton-exiting] in CoordinatedShutdown phase [cluster-exiting]
08:06:42.376 INFO  a.c.s.ClusterSingletonManager - Exited [akka://akka-runtime@127.0.0.1:63127].
08:06:42.376 DEBUG akka.actor.CoordinatedShutdown - Performing task [singleton-exiting-2] in CoordinatedShutdown phase [cluster-exiting]
08:06:42.376 INFO  a.c.s.ClusterSingletonManager - Exited [akka://akka-runtime@127.0.0.1:63127].
08:06:42.376 DEBUG akka.actor.CoordinatedShutdown - Performing task [wait-singleton-exiting] in CoordinatedShutdown phase [cluster-exiting]
08:06:42.376 DEBUG akka.actor.CoordinatedShutdown - Performing task [wait-exiting] in CoordinatedShutdown phase [cluster-exiting]
08:06:42.376 INFO  a.c.s.ClusterSingletonManager - Oldest observed OldestChanged: [akka://akka-runtime@127.0.0.1:63127 -> None]
08:06:42.376 DEBUG akka.actor.CoordinatedShutdown - Performing task [singleton-exiting-2] in CoordinatedShutdown phase [cluster-exiting]
08:06:42.376 DEBUG akka.actor.CoordinatedShutdown - Performing task [wait-singleton-exiting] in CoordinatedShutdown phase [cluster-exiting]
08:06:42.376 INFO  a.c.s.ClusterSingletonManager - ClusterSingletonManager state change [Oldest -> WasOldest]
08:06:42.376 DEBUG akka.actor.CoordinatedShutdown - Performing task [singleton-exiting-2] in CoordinatedShutdown phase [cluster-exiting]
08:06:42.376 INFO  a.c.s.ClusterSingletonManager - Exited [akka://akka-runtime@127.0.0.1:63127].
08:06:42.376 DEBUG akka.actor.CoordinatedShutdown - Performing task [singleton-exiting-1] in CoordinatedShutdown phase [cluster-exiting]
08:06:42.376 INFO  a.c.s.ClusterSingletonManager - Oldest observed OldestChanged: [akka://akka-runtime@127.0.0.1:63127 -> None]
08:06:42.376 INFO  a.c.s.ClusterSingletonManager - ClusterSingletonManager state change [Oldest -> WasOldest]
08:06:42.376 INFO  a.c.s.ClusterSingletonManager - Oldest observed OldestChanged: [akka://akka-runtime@127.0.0.1:63127 -> None]
08:06:42.376 INFO  a.c.s.ClusterSingletonManager - ClusterSingletonManager state change [Oldest -> WasOldest]
08:06:42.376 INFO  a.c.s.ClusterSingletonManager - Exited [akka://akka-runtime@127.0.0.1:63127].
08:06:42.376 INFO  a.c.s.ClusterSingletonManager - Exited [akka://akka-runtime@127.0.0.1:63127].
08:06:42.376 INFO  a.c.s.ClusterSingletonManager - Oldest observed OldestChanged: [akka://akka-runtime@127.0.0.1:63127 -> None]
08:06:42.376 INFO  a.c.s.ClusterSingletonManager - Exited [akka://akka-runtime@127.0.0.1:63127].
08:06:42.376 INFO  a.c.s.ClusterSingletonManager - Oldest observed OldestChanged: [akka://akka-runtime@127.0.0.1:63127 -> None]
08:06:42.376 INFO  a.c.s.ClusterSingletonManager - ClusterSingletonManager state change [Oldest -> WasOldest]
08:06:42.376 INFO  a.c.s.ClusterSingletonManager - ClusterSingletonManager state change [Oldest -> WasOldest]
08:06:42.376 INFO  a.c.s.ClusterSingletonManager - Oldest observed OldestChanged: [akka://akka-runtime@127.0.0.1:63127 -> None]
08:06:42.376 INFO  a.c.s.ClusterSingletonManager - ClusterSingletonManager state change [Oldest -> WasOldest]
08:06:42.991 DEBUG a.c.singleton.ClusterSingletonProxy - Creating singleton identification timer...
08:06:42.991 DEBUG a.c.singleton.ClusterSingletonProxy - Creating singleton identification timer...
08:06:42.991 DEBUG a.c.singleton.ClusterSingletonProxy - Creating singleton identification timer...
08:06:42.991 DEBUG a.c.singleton.ClusterSingletonProxy - Creating singleton identification timer...
08:06:43.392 INFO  a.c.s.ClusterSingletonManager - Singleton manager stopping singleton actor [akka://akka-runtime/system/sharding/passivation-race-entityCoordinator/singleton]
08:06:43.392 INFO  a.c.s.ClusterSingletonManager - Singleton manager stopping singleton actor [akka://akka-runtime/system/sharding/_timerCoordinator/singleton]
08:06:43.392 INFO  a.c.s.ClusterSingletonManager - Singleton manager stopping singleton actor [akka://akka-runtime/system/sharding/sharded-daemon-process-eventSourcedProjection-passivation-race-entity-passivation-race-consumer-bCoordinator/singleton]
08:06:43.392 INFO  a.c.s.ClusterSingletonManager - Singleton manager stopping singleton actor [akka://akka-runtime/system/sharding/sharded-daemon-process-eventSourcedProjection-passivation-race-entity-passivation-race-viewCoordinator/singleton]
08:06:43.392 INFO  a.c.s.ClusterSingletonManager - Singleton manager stopping singleton actor [akka://akka-runtime/system/singletonManagerschemaSingleton/schemaSingleton]
08:06:43.392 INFO  a.c.s.ClusterSingletonManager - ClusterSingletonManager state change [WasOldest -> Stopping]
08:06:43.392 INFO  a.c.s.ClusterSingletonManager - ClusterSingletonManager state change [WasOldest -> Stopping]
08:06:43.392 INFO  a.c.s.ClusterSingletonManager - ClusterSingletonManager state change [WasOldest -> Stopping]
08:06:43.392 INFO  a.c.s.ClusterSingletonManager - ClusterSingletonManager state change [WasOldest -> Stopping]
08:06:43.392 INFO  a.c.s.ClusterSingletonManager - ClusterSingletonManager state change [WasOldest -> Stopping]
08:06:43.392 INFO  a.c.s.ClusterSingletonManager - Singleton manager stopping singleton actor [akka://akka-runtime/system/singletonManagerShardedDaemonProcessCoordinator-eventSourcedProjection-passivation-race-entity-passivation-race-consumer-a/ShardedDaemonProcessCoordinator-eventSourcedProjection-passivation-race-entity-passivation-race-consumer-a]
08:06:43.392 INFO  a.c.s.ClusterSingletonManager - ClusterSingletonManager state change [WasOldest -> Stopping]
08:06:43.392 INFO  a.c.s.ClusterSingletonManager - Singleton actor [akka://akka-runtime/system/singletonManagerschemaSingleton/schemaSingleton] was terminated
08:06:43.393 DEBUG a.c.sharding.DDataShardCoordinator - _timer: Received termination message.
08:06:43.393 INFO  a.c.s.ClusterSingletonManager - Singleton actor [akka://akka-runtime/system/singletonManagerShardedDaemonProcessCoordinator-eventSourcedProjection-passivation-race-entity-passivation-race-consumer-a/ShardedDaemonProcessCoordinator-eventSourcedProjection-passivation-race-entity-passivation-race-consumer-a] was terminated
08:06:43.393 INFO  a.c.s.ClusterSingletonManager - Singleton manager stopping singleton actor [akka://akka-runtime/system/singletonManagerShardedDaemonProcessCoordinator-eventSourcedProjection-passivation-race-entity-passivation-race-view/ShardedDaemonProcessCoordinator-eventSourcedProjection-passivation-race-entity-passivation-race-view]
08:06:43.393 INFO  a.c.s.ClusterSingletonManager - ClusterSingletonManager state change [WasOldest -> Stopping]
08:06:43.393 INFO  a.c.s.ClusterSingletonManager - Singleton actor [akka://akka-runtime/system/singletonManagerShardedDaemonProcessCoordinator-eventSourcedProjection-passivation-race-entity-passivation-race-view/ShardedDaemonProcessCoordinator-eventSourcedProjection-passivation-race-entity-passivation-race-view] was terminated
08:06:43.393 INFO  a.c.s.ClusterSingletonManager - Singleton manager stopping singleton actor [akka://akka-runtime/system/singletonManagerShardedDaemonProcessCoordinator-eventSourcedProjection-passivation-race-entity-passivation-race-consumer-b/ShardedDaemonProcessCoordinator-eventSourcedProjection-passivation-race-entity-passivation-race-consumer-b]
08:06:43.393 INFO  a.c.s.ClusterSingletonManager - ClusterSingletonManager state change [WasOldest -> Stopping]
08:06:43.393 INFO  a.c.s.ClusterSingletonManager - Singleton actor [akka://akka-runtime/system/sharding/_timerCoordinator/singleton] was terminated
08:06:43.393 INFO  a.c.s.ClusterSingletonManager - Singleton actor [akka://akka-runtime/system/singletonManagerShardedDaemonProcessCoordinator-eventSourcedProjection-passivation-race-entity-passivation-race-consumer-b/ShardedDaemonProcessCoordinator-eventSourcedProjection-passivation-race-entity-passivation-race-consumer-b] was terminated
08:06:43.393 DEBUG a.c.sharding.DDataShardCoordinator - sharded-daemon-process-eventSourcedProjection-passivation-race-entity-passivation-race-view: Received termination message.
08:06:43.393 INFO  a.c.s.ClusterSingletonManager - Singleton actor [akka://akka-runtime/system/sharding/sharded-daemon-process-eventSourcedProjection-passivation-race-entity-passivation-race-viewCoordinator/singleton] was terminated
08:06:43.393 DEBUG a.c.sharding.DDataShardCoordinator - sharded-daemon-process-eventSourcedProjection-passivation-race-entity-passivation-race-consumer-b: Received termination message.
08:06:43.394 INFO  a.c.s.ClusterSingletonManager - Singleton actor [akka://akka-runtime/system/sharding/sharded-daemon-process-eventSourcedProjection-passivation-race-entity-passivation-race-consumer-bCoordinator/singleton] was terminated
08:06:43.394 INFO  a.c.s.ClusterSingletonManager - Singleton manager stopping singleton actor [akka://akka-runtime/system/sharding/sharded-daemon-process-eventSourcedProjection-passivation-race-entity-passivation-race-consumer-aCoordinator/singleton]
08:06:43.394 INFO  a.c.s.ClusterSingletonManager - ClusterSingletonManager state change [WasOldest -> Stopping]
08:06:43.394 DEBUG a.c.sharding.DDataShardCoordinator - sharded-daemon-process-eventSourcedProjection-passivation-race-entity-passivation-race-consumer-a: Received termination message.
08:06:43.394 INFO  a.c.s.ClusterSingletonManager - Singleton actor [akka://akka-runtime/system/sharding/sharded-daemon-process-eventSourcedProjection-passivation-race-entity-passivation-race-consumer-aCoordinator/singleton] was terminated
08:06:43.394 DEBUG a.c.sharding.DDataShardCoordinator - passivation-race-entity: Received termination message.
08:06:43.394 INFO  a.c.s.ClusterSingletonManager - Singleton actor [akka://akka-runtime/system/sharding/passivation-race-entityCoordinator/singleton] was terminated
08:06:43.394 DEBUG akka.actor.CoordinatedShutdown - Performing phase [cluster-exiting-done] with [1] tasks.
08:06:43.394 DEBUG akka.actor.CoordinatedShutdown - Performing task [exiting-completed] in CoordinatedShutdown phase [cluster-exiting-done]
08:06:43.394 DEBUG akka.actor.CoordinatedShutdown - Performing phase [cluster-shutdown] with [1] tasks.
08:06:43.394 DEBUG akka.actor.CoordinatedShutdown - Performing task [wait-shutdown] in CoordinatedShutdown phase [cluster-shutdown]
08:06:43.395 DEBUG akka.actor.CoordinatedShutdown - Performing phase [before-actor-system-terminate] with [2] tasks.
08:06:43.395 DEBUG akka.actor.CoordinatedShutdown - Performing task [close connection pools] in CoordinatedShutdown phase [before-actor-system-terminate]
08:06:43.396 DEBUG akka.actor.CoordinatedShutdown - Performing task [close-grpc-channels] in CoordinatedShutdown phase [before-actor-system-terminate]
08:06:43.396 DEBUG akka.actor.CoordinatedShutdown - Performing phase [actor-system-terminate] with [1] tasks.
08:06:43.396 DEBUG akka.actor.CoordinatedShutdown - Performing task [terminate-system] in CoordinatedShutdown phase [actor-system-terminate]
08:06:43.449 INFO  akka.runtime.AkkaRuntimeMain - Starting Akka Runtime version [1.6.15]
08:06:43.456 INFO  akka.javasdk.impl.ComponentLocator$ - Looking for component descriptors matching pattern [META-INF/akka-javasdk-components_*.conf]
08:06:43.462 INFO  akka.javasdk.testkit.TestKit - Eventing TestKit booting up on port: 63131
08:06:43.463 DEBUG a.c.singleton.ClusterSingletonProxy - Creating singleton identification timer...
08:06:43.463 DEBUG a.c.singleton.ClusterSingletonProxy - Singleton not available, buffering message type [kalix.runtime.SchemaSingleton$ExecDdl]
08:06:43.463 DEBUG a.c.singleton.ClusterSingletonProxy - Trying to identify singleton at [akka://akka-runtime@127.0.0.1:63132/system/singletonManagerschemaSingleton/schemaSingleton]
08:06:43.464 INFO  a.c.s.ClusterSingletonManager - Singleton manager starting singleton actor [akka://akka-runtime/system/singletonManagerschemaSingleton/schemaSingleton]
08:06:43.464 INFO  a.c.s.ClusterSingletonManager - ClusterSingletonManager state change [Start -> Oldest]
08:06:43.464 INFO  akka.javasdk.testkit.TestKit - Checking runtime status
08:06:43.529 DEBUG a.c.singleton.ClusterSingletonProxy - Trying to identify singleton at [akka://akka-runtime@127.0.0.1:63132/system/singletonManagerschemaSingleton/schemaSingleton]
08:06:43.530 INFO  a.c.singleton.ClusterSingletonProxy - Singleton identified at [akka://akka-runtime/system/singletonManagerschemaSingleton/schemaSingleton]
08:06:43.530 DEBUG a.c.singleton.ClusterSingletonProxy - Sending buffered messages to current singleton instance
08:06:43.531 INFO  a.c.s.typed.scaladsl.ClusterSharding - Starting Shard Region [passivation-race-entity]...
08:06:43.531 INFO  akka.cluster.sharding.ShardRegion - passivation-race-entity: Automatic entity passivation: composite strategy with limit of [10000] active entities, admission window (least recently used entities) with proportions [initial = 0.01, min = 0.01, max = 1.0] adapting with hill-climbing optimizer [adjust multiplier = 10.0, initial step = 0.0625, restart threshold = 0.05, step decay = 0.98], admit using frequency sketch [width multiplier = 4, reset multiplier = 10.0, depth = 4, counter bits = 4], main (least recently used entities (segmented with [2] levels with proportions of [0.20, 0.80]))
08:06:43.532 INFO  a.c.s.ClusterSingletonManager - Singleton manager starting singleton actor [akka://akka-runtime/system/sharding/passivation-race-entityCoordinator/singleton]
08:06:43.532 INFO  a.c.s.ClusterSingletonManager - ClusterSingletonManager state change [Start -> Oldest]
08:06:43.534 DEBUG a.c.sharding.DDataShardCoordinator - passivation-race-entity: Initial coordinator is empty.
08:06:43.534 INFO  a.c.sharding.DDataShardCoordinator - passivation-race-entity: ShardCoordinator was moved to the active state with [0] shards
08:06:43.535 DEBUG a.c.singleton.ClusterSingletonProxy - Forwarding message of type [SchemaSingleton$ExecDdl] to current singleton instance at [akka://akka-runtime/system/singletonManagerschemaSingleton/schemaSingleton]
08:06:43.536 INFO  akka.runtime.DiscoveryManager - Service components: EventSourcedEntity: [1], Consumer: [2], View: [1]
08:06:43.537 INFO  a.c.s.typed.scaladsl.ClusterSharding - Starting Shard Region [_timer]...
08:06:43.538 INFO  a.c.s.typed.scaladsl.ClusterSharding - Starting Shard Region [sharded-daemon-process-eventSourcedProjection-passivation-race-entity-passivation-race-consumer-a]...
08:06:43.538 INFO  a.c.s.ClusterSingletonManager - Singleton manager starting singleton actor [akka://akka-runtime/system/sharding/_timerCoordinator/singleton]
08:06:43.538 INFO  a.c.s.ClusterSingletonManager - ClusterSingletonManager state change [Start -> Oldest]
08:06:43.538 DEBUG a.c.sharding.DDataShardCoordinator - _timer: Starting remember entities store from provider akka.cluster.sharding.internal.DDataRememberEntitiesProvider@1e47ca54
08:06:43.538 DEBUG a.c.sharding.DDataShardCoordinator - _timer: Initial coordinator is empty.
08:06:43.538 INFO  a.c.sharding.DDataShardCoordinator - _timer: ShardCoordinator was moved to the active state with [0] shards
08:06:43.538 DEBUG a.c.sharding.DDataShardCoordinator - _timer: Received [0] remembered shard ids (after state initialized)
08:06:43.538 INFO  akka.cluster.sharding.ShardRegion - sharded-daemon-process-eventSourcedProjection-passivation-race-entity-passivation-race-consumer-a: Automatic entity passivation: disabled
08:06:43.539 INFO  a.c.s.ClusterSingletonManager - Singleton manager starting singleton actor [akka://akka-runtime/system/sharding/sharded-daemon-process-eventSourcedProjection-passivation-race-entity-passivation-race-consumer-aCoordinator/singleton]
08:06:43.539 INFO  a.c.s.ClusterSingletonManager - ClusterSingletonManager state change [Start -> Oldest]
08:06:43.539 DEBUG a.c.singleton.ClusterSingletonProxy - Creating singleton identification timer...
08:06:43.539 INFO  a.c.s.typed.scaladsl.ClusterSharding - Starting Shard Region [sharded-daemon-process-eventSourcedProjection-passivation-race-entity-passivation-race-consumer-b]...
08:06:43.539 DEBUG a.c.singleton.ClusterSingletonProxy - Trying to identify singleton at [akka://akka-runtime@127.0.0.1:63132/system/singletonManagerShardedDaemonProcessCoordinator-eventSourcedProjection-passivation-race-entity-passivation-race-consumer-a/ShardedDaemonProcessCoordinator-eventSourcedProjection-passivation-race-entity-passivation-race-consumer-a]
08:06:43.539 DEBUG a.c.sharding.DDataShardCoordinator - sharded-daemon-process-eventSourcedProjection-passivation-race-entity-passivation-race-consumer-a: Initial coordinator is empty.
08:06:43.539 INFO  a.c.sharding.DDataShardCoordinator - sharded-daemon-process-eventSourcedProjection-passivation-race-entity-passivation-race-consumer-a: ShardCoordinator was moved to the active state with [0] shards
08:06:43.539 INFO  a.c.s.ClusterSingletonManager - Singleton manager starting singleton actor [akka://akka-runtime/system/singletonManagerShardedDaemonProcessCoordinator-eventSourcedProjection-passivation-race-entity-passivation-race-consumer-a/ShardedDaemonProcessCoordinator-eventSourcedProjection-passivation-race-entity-passivation-race-consumer-a]
08:06:43.539 INFO  a.c.s.ClusterSingletonManager - ClusterSingletonManager state change [Start -> Oldest]
08:06:43.539 INFO  akka.cluster.sharding.ShardRegion - sharded-daemon-process-eventSourcedProjection-passivation-race-entity-passivation-race-consumer-b: Automatic entity passivation: disabled
08:06:43.539 DEBUG a.c.s.t.i.ShardedDaemonProcessCoordinator$ - ShardedDaemonProcessCoordinator for [eventSourcedProjection-passivation-race-entity-passivation-race-consumer-a] starting
08:06:43.539 INFO  a.c.s.ClusterSingletonManager - Singleton manager starting singleton actor [akka://akka-runtime/system/sharding/sharded-daemon-process-eventSourcedProjection-passivation-race-entity-passivation-race-consumer-bCoordinator/singleton]
08:06:43.539 INFO  a.c.s.ClusterSingletonManager - ClusterSingletonManager state change [Start -> Oldest]
08:06:43.539 DEBUG a.c.s.t.i.ShardedDaemonProcessCoordinator$ - eventSourcedProjection-passivation-race-entity-passivation-race-consumer-a: No previous state stored for Sharded Daemon Process
08:06:43.539 DEBUG a.c.s.t.i.ShardedDaemonProcessCoordinator$ - Sending periodic keep alive for Sharded Daemon Process [eventSourcedProjection-passivation-race-entity-passivation-race-consumer-a] to [1] processes (revision [0]).
08:06:43.540 DEBUG a.c.sharding.DDataShardCoordinator - sharded-daemon-process-eventSourcedProjection-passivation-race-entity-passivation-race-consumer-b: Initial coordinator is empty.
08:06:43.540 INFO  a.c.sharding.DDataShardCoordinator - sharded-daemon-process-eventSourcedProjection-passivation-race-entity-passivation-race-consumer-b: ShardCoordinator was moved to the active state with [0] shards
08:06:43.540 INFO  a.c.s.typed.scaladsl.ClusterSharding - Starting Shard Region [sharded-daemon-process-eventSourcedProjection-passivation-race-entity-passivation-race-view]...
08:06:43.540 DEBUG a.c.singleton.ClusterSingletonProxy - Creating singleton identification timer...
08:06:43.540 DEBUG a.c.singleton.ClusterSingletonProxy - Trying to identify singleton at [akka://akka-runtime@127.0.0.1:63132/system/singletonManagerShardedDaemonProcessCoordinator-eventSourcedProjection-passivation-race-entity-passivation-race-consumer-b/ShardedDaemonProcessCoordinator-eventSourcedProjection-passivation-race-entity-passivation-race-consumer-b]
08:06:43.540 DEBUG a.c.s.t.i.ShardedDaemonProcessCoordinator$ - ShardedDaemonProcessCoordinator for [eventSourcedProjection-passivation-race-entity-passivation-race-consumer-b] starting
08:06:43.540 INFO  a.c.s.ClusterSingletonManager - Singleton manager starting singleton actor [akka://akka-runtime/system/singletonManagerShardedDaemonProcessCoordinator-eventSourcedProjection-passivation-race-entity-passivation-race-consumer-b/ShardedDaemonProcessCoordinator-eventSourcedProjection-passivation-race-entity-passivation-race-consumer-b]
08:06:43.540 INFO  a.c.s.ClusterSingletonManager - ClusterSingletonManager state change [Start -> Oldest]
08:06:43.540 DEBUG a.c.s.t.i.ShardedDaemonProcessCoordinator$ - eventSourcedProjection-passivation-race-entity-passivation-race-consumer-b: No previous state stored for Sharded Daemon Process
08:06:43.540 DEBUG a.c.s.t.i.ShardedDaemonProcessCoordinator$ - Sending periodic keep alive for Sharded Daemon Process [eventSourcedProjection-passivation-race-entity-passivation-race-consumer-b] to [1] processes (revision [0]).
08:06:43.540 INFO  akka.cluster.sharding.ShardRegion - sharded-daemon-process-eventSourcedProjection-passivation-race-entity-passivation-race-view: Automatic entity passivation: disabled
08:06:43.540 INFO  akka.runtime.DiscoveryManager - Akka Runtime started at 127.0.0.1:63130
08:06:43.540 INFO  repro.Bootstrap - onStartup burst of 8 starting
08:06:43.541 INFO  a.c.s.ClusterSingletonManager - Singleton manager starting singleton actor [akka://akka-runtime/system/sharding/sharded-daemon-process-eventSourcedProjection-passivation-race-entity-passivation-race-viewCoordinator/singleton]
08:06:43.541 INFO  a.c.s.ClusterSingletonManager - ClusterSingletonManager state change [Start -> Oldest]
08:06:43.541 DEBUG a.c.sharding.DDataShardCoordinator - sharded-daemon-process-eventSourcedProjection-passivation-race-entity-passivation-race-view: Initial coordinator is empty.
08:06:43.541 INFO  a.c.sharding.DDataShardCoordinator - sharded-daemon-process-eventSourcedProjection-passivation-race-entity-passivation-race-view: ShardCoordinator was moved to the active state with [0] shards
08:06:43.541 DEBUG a.c.singleton.ClusterSingletonProxy - Creating singleton identification timer...
08:06:43.541 INFO  akka.runtime.DiscoveryManager - Eventing initialized
08:06:43.541 DEBUG a.c.singleton.ClusterSingletonProxy - Trying to identify singleton at [akka://akka-runtime@127.0.0.1:63132/system/singletonManagerShardedDaemonProcessCoordinator-eventSourcedProjection-passivation-race-entity-passivation-race-view/ShardedDaemonProcessCoordinator-eventSourcedProjection-passivation-race-entity-passivation-race-view]
08:06:43.541 INFO  a.c.s.ClusterSingletonManager - Singleton manager starting singleton actor [akka://akka-runtime/system/singletonManagerShardedDaemonProcessCoordinator-eventSourcedProjection-passivation-race-entity-passivation-race-view/ShardedDaemonProcessCoordinator-eventSourcedProjection-passivation-race-entity-passivation-race-view]
08:06:43.541 INFO  a.c.s.ClusterSingletonManager - ClusterSingletonManager state change [Start -> Oldest]
08:06:43.541 DEBUG a.c.s.t.i.ShardedDaemonProcessCoordinator$ - ShardedDaemonProcessCoordinator for [eventSourcedProjection-passivation-race-entity-passivation-race-view] starting
08:06:43.541 DEBUG a.c.s.t.i.ShardedDaemonProcessCoordinator$ - eventSourcedProjection-passivation-race-entity-passivation-race-view: No previous state stored for Sharded Daemon Process
08:06:43.541 DEBUG a.c.s.t.i.ShardedDaemonProcessCoordinator$ - Sending periodic keep alive for Sharded Daemon Process [eventSourcedProjection-passivation-race-entity-passivation-race-view] to [1] processes (revision [0]).
08:06:43.581 INFO  akka.javasdk.testkit.TestKit - Runtime started
08:06:43.582 INFO  akka.actor.CoordinatedShutdown - Running CoordinatedShutdown with reason [ActorSystemTerminateReason]
08:06:43.582 DEBUG akka.actor.CoordinatedShutdown - Performing phase [before-service-unbind] with [0] tasks
08:06:43.582 DEBUG akka.actor.CoordinatedShutdown - Performing phase [service-unbind] with [1] tasks.
08:06:43.582 DEBUG akka.actor.CoordinatedShutdown - Performing task [http-unbind-/127.0.0.1:63130] in CoordinatedShutdown phase [service-unbind]
08:06:43.582 DEBUG akka.actor.CoordinatedShutdown - Performing phase [service-requests-done] with [1] tasks.
08:06:43.582 DEBUG akka.actor.CoordinatedShutdown - Performing task [http-terminate-/127.0.0.1:63130] in CoordinatedShutdown phase [service-requests-done]
08:06:43.582 DEBUG akka.actor.CoordinatedShutdown - Performing phase [service-stop] with [1] tasks.
08:06:43.582 DEBUG akka.actor.CoordinatedShutdown - Performing task [stop-grpc-clients] in CoordinatedShutdown phase [service-stop]
08:06:43.582 DEBUG akka.actor.CoordinatedShutdown - Performing phase [before-cluster-shutdown] with [0] tasks
08:06:43.582 DEBUG akka.actor.CoordinatedShutdown - Performing phase [cluster-sharding-shutdown-region] with [5] tasks.
08:06:43.582 DEBUG akka.actor.CoordinatedShutdown - Performing task [region-shutdown] in CoordinatedShutdown phase [cluster-sharding-shutdown-region]
08:06:43.582 DEBUG akka.actor.CoordinatedShutdown - Performing task [region-shutdown] in CoordinatedShutdown phase [cluster-sharding-shutdown-region]
08:06:43.582 DEBUG akka.actor.CoordinatedShutdown - Performing task [region-shutdown] in CoordinatedShutdown phase [cluster-sharding-shutdown-region]
08:06:43.582 DEBUG akka.actor.CoordinatedShutdown - Performing task [region-shutdown] in CoordinatedShutdown phase [cluster-sharding-shutdown-region]
08:06:43.582 DEBUG akka.actor.CoordinatedShutdown - Performing task [region-shutdown] in CoordinatedShutdown phase [cluster-sharding-shutdown-region]
08:06:43.582 DEBUG a.c.sharding.DDataShardCoordinator - sharded-daemon-process-eventSourcedProjection-passivation-race-entity-passivation-race-consumer-b: Unknown region requested graceful shutdown [Actor[akka://akka-runtime/system/sharding/sharded-daemon-process-eventSourcedProjection-passivation-race-entity-passivation-race-consumer-b#1968469359]]
08:06:43.582 DEBUG a.c.sharding.DDataShardCoordinator - _timer: Unknown region requested graceful shutdown [Actor[akka://akka-runtime/system/sharding/_timer#-140410890]]
08:06:43.582 DEBUG a.c.sharding.DDataShardCoordinator - sharded-daemon-process-eventSourcedProjection-passivation-race-entity-passivation-race-consumer-a: Unknown region requested graceful shutdown [Actor[akka://akka-runtime/system/sharding/sharded-daemon-process-eventSourcedProjection-passivation-race-entity-passivation-race-consumer-a#-1981326710]]
08:06:43.582 DEBUG a.c.sharding.DDataShardCoordinator - passivation-race-entity: Unknown region requested graceful shutdown [Actor[akka://akka-runtime/system/sharding/passivation-race-entity#1622438256]]
08:06:43.582 DEBUG a.c.sharding.DDataShardCoordinator - sharded-daemon-process-eventSourcedProjection-passivation-race-entity-passivation-race-view: Unknown region requested graceful shutdown [Actor[akka://akka-runtime/system/sharding/sharded-daemon-process-eventSourcedProjection-passivation-race-entity-passivation-race-view#-1297024085]]
08:06:43.600 DEBUG a.c.singleton.ClusterSingletonProxy - Trying to identify singleton at [akka://akka-runtime@127.0.0.1:63132/system/singletonManagerShardedDaemonProcessCoordinator-eventSourcedProjection-passivation-race-entity-passivation-race-consumer-a/ShardedDaemonProcessCoordinator-eventSourcedProjection-passivation-race-entity-passivation-race-consumer-a]
08:06:43.600 INFO  a.c.singleton.ClusterSingletonProxy - Singleton identified at [akka://akka-runtime/system/singletonManagerShardedDaemonProcessCoordinator-eventSourcedProjection-passivation-race-entity-passivation-race-consumer-a/ShardedDaemonProcessCoordinator-eventSourcedProjection-passivation-race-entity-passivation-race-consumer-a]
08:06:43.600 DEBUG a.c.singleton.ClusterSingletonProxy - Sending buffered messages to current singleton instance
08:06:43.608 DEBUG a.c.singleton.ClusterSingletonProxy - Trying to identify singleton at [akka://akka-runtime@127.0.0.1:63132/system/singletonManagerShardedDaemonProcessCoordinator-eventSourcedProjection-passivation-race-entity-passivation-race-view/ShardedDaemonProcessCoordinator-eventSourcedProjection-passivation-race-entity-passivation-race-view]
08:06:43.608 DEBUG a.c.singleton.ClusterSingletonProxy - Trying to identify singleton at [akka://akka-runtime@127.0.0.1:63132/system/singletonManagerShardedDaemonProcessCoordinator-eventSourcedProjection-passivation-race-entity-passivation-race-consumer-b/ShardedDaemonProcessCoordinator-eventSourcedProjection-passivation-race-entity-passivation-race-consumer-b]
08:06:43.608 INFO  a.c.singleton.ClusterSingletonProxy - Singleton identified at [akka://akka-runtime/system/singletonManagerShardedDaemonProcessCoordinator-eventSourcedProjection-passivation-race-entity-passivation-race-view/ShardedDaemonProcessCoordinator-eventSourcedProjection-passivation-race-entity-passivation-race-view]
08:06:43.608 INFO  a.c.singleton.ClusterSingletonProxy - Singleton identified at [akka://akka-runtime/system/singletonManagerShardedDaemonProcessCoordinator-eventSourcedProjection-passivation-race-entity-passivation-race-consumer-b/ShardedDaemonProcessCoordinator-eventSourcedProjection-passivation-race-entity-passivation-race-consumer-b]
08:06:43.608 DEBUG a.c.singleton.ClusterSingletonProxy - Sending buffered messages to current singleton instance
08:06:43.608 DEBUG a.c.singleton.ClusterSingletonProxy - Sending buffered messages to current singleton instance
08:06:43.799 DEBUG a.c.sharding.DDataShardCoordinator - sharded-daemon-process-eventSourcedProjection-passivation-race-entity-passivation-race-consumer-b: ShardRegion registered: [Actor[akka://akka-runtime/system/sharding/sharded-daemon-process-eventSourcedProjection-passivation-race-entity-passivation-race-consumer-b#1968469359]]
08:06:43.799 DEBUG a.c.sharding.DDataShardCoordinator - sharded-daemon-process-eventSourcedProjection-passivation-race-entity-passivation-race-consumer-a: ShardRegion registered: [Actor[akka://akka-runtime/system/sharding/sharded-daemon-process-eventSourcedProjection-passivation-race-entity-passivation-race-consumer-a#-1981326710]]
08:06:43.800 DEBUG a.c.sharding.DDataShardCoordinator - passivation-race-entity: ShardRegion registered: [Actor[akka://akka-runtime/system/sharding/passivation-race-entity#1622438256]]
08:06:43.800 DEBUG a.c.sharding.DDataShardCoordinator - sharded-daemon-process-eventSourcedProjection-passivation-race-entity-passivation-race-consumer-b: The coordinator state was successfully updated with ShardRegionRegistered(Actor[akka://akka-runtime/system/sharding/sharded-daemon-process-eventSourcedProjection-passivation-race-entity-passivation-race-consumer-b#1968469359])
08:06:43.800 DEBUG a.c.sharding.DDataShardCoordinator - sharded-daemon-process-eventSourcedProjection-passivation-race-entity-passivation-race-consumer-a: The coordinator state was successfully updated with ShardRegionRegistered(Actor[akka://akka-runtime/system/sharding/sharded-daemon-process-eventSourcedProjection-passivation-race-entity-passivation-race-consumer-a#-1981326710])
08:06:43.800 DEBUG a.c.sharding.DDataShardCoordinator - passivation-race-entity: The coordinator state was successfully updated with ShardRegionRegistered(Actor[akka://akka-runtime/system/sharding/passivation-race-entity#1622438256])
08:06:43.801 DEBUG a.c.sharding.DDataShardCoordinator - sharded-daemon-process-eventSourcedProjection-passivation-race-entity-passivation-race-consumer-a: The coordinator state was successfully updated with ShardHomeAllocated(0,Actor[akka://akka-runtime/system/sharding/sharded-daemon-process-eventSourcedProjection-passivation-race-entity-passivation-race-consumer-a#-1981326710])
08:06:43.801 DEBUG a.c.sharding.DDataShardCoordinator - passivation-race-entity: The coordinator state was successfully updated with ShardHomeAllocated(175,Actor[akka://akka-runtime/system/sharding/passivation-race-entity#1622438256])
08:06:43.801 DEBUG a.c.sharding.DDataShardCoordinator - sharded-daemon-process-eventSourcedProjection-passivation-race-entity-passivation-race-consumer-b: The coordinator state was successfully updated with ShardHomeAllocated(0,Actor[akka://akka-runtime/system/sharding/sharded-daemon-process-eventSourcedProjection-passivation-race-entity-passivation-race-consumer-b#1968469359])
08:06:43.801 DEBUG a.c.sharding.DDataShardCoordinator - passivation-race-entity: Shard [175] allocated at [Actor[akka://akka-runtime/system/sharding/passivation-race-entity#1622438256]]
08:06:43.801 DEBUG a.c.sharding.DDataShardCoordinator - sharded-daemon-process-eventSourcedProjection-passivation-race-entity-passivation-race-consumer-a: Shard [0] allocated at [Actor[akka://akka-runtime/system/sharding/sharded-daemon-process-eventSourcedProjection-passivation-race-entity-passivation-race-consumer-a#-1981326710]]
08:06:43.801 DEBUG a.c.sharding.DDataShardCoordinator - sharded-daemon-process-eventSourcedProjection-passivation-race-entity-passivation-race-consumer-b: Shard [0] allocated at [Actor[akka://akka-runtime/system/sharding/sharded-daemon-process-eventSourcedProjection-passivation-race-entity-passivation-race-consumer-b#1968469359]]
08:06:43.801 DEBUG akka.cluster.sharding.Shard - sharded-daemon-process-eventSourcedProjection-passivation-race-entity-passivation-race-consumer-a: Shard initialized
08:06:43.802 DEBUG a.c.sharding.DDataShardCoordinator - passivation-race-entity: Graceful shutdown of region [Actor[akka://akka-runtime/system/sharding/passivation-race-entity#1622438256]] with [1] shards
08:06:43.802 DEBUG akka.cluster.sharding.Shard - sharded-daemon-process-eventSourcedProjection-passivation-race-entity-passivation-race-consumer-b: Shard initialized
08:06:43.802 INFO  a.c.sharding.DDataShardCoordinator - passivation-race-entity: Starting shutting down shards [175] due to region shutting down or explicit stopping of shards.
08:06:43.802 DEBUG akka.cluster.sharding.Shard - sharded-daemon-process-eventSourcedProjection-passivation-race-entity-passivation-race-consumer-b: Request to start entity [0] and ack to [Some(Actor[akka://akka-runtime/deadLetters])]
08:06:43.802 DEBUG a.c.sharding.DDataShardCoordinator - sharded-daemon-process-eventSourcedProjection-passivation-race-entity-passivation-race-consumer-b: Graceful shutdown of region [Actor[akka://akka-runtime/system/sharding/sharded-daemon-process-eventSourcedProjection-passivation-race-entity-passivation-race-consumer-b#1968469359]] with [1] shards
08:06:43.802 INFO  a.c.sharding.DDataShardCoordinator - sharded-daemon-process-eventSourcedProjection-passivation-race-entity-passivation-race-consumer-b: Starting shutting down shards [0] due to region shutting down or explicit stopping of shards.
08:06:43.802 DEBUG akka.cluster.sharding.Shard - sharded-daemon-process-eventSourcedProjection-passivation-race-entity-passivation-race-consumer-b: Started entity [Actor[akka://akka-runtime/system/sharding/sharded-daemon-process-eventSourcedProjection-passivation-race-entity-passivation-race-consumer-b/0/0#1048252956]] with entity id [0] in shard [0]
08:06:43.802 DEBUG akka.cluster.sharding.Shard - passivation-race-entity: Shard initialized
08:06:43.802 DEBUG a.c.s.ShardCoordinator$RebalanceWorker - sharded-daemon-process-eventSourcedProjection-passivation-race-entity-passivation-race-consumer-b: Shutting down shard [0] from region [Actor[akka://akka-runtime/system/sharding/sharded-daemon-process-eventSourcedProjection-passivation-race-entity-passivation-race-consumer-b#1968469359]]. Asking [1] region(s) to hand-off shard
08:06:43.802 DEBUG a.c.s.ShardCoordinator$RebalanceWorker - sharded-daemon-process-eventSourcedProjection-passivation-race-entity-passivation-race-consumer-b: BeginHandOffAck for shard [0] received from [Actor[akka://akka-runtime/system/sharding/sharded-daemon-process-eventSourcedProjection-passivation-race-entity-passivation-race-consumer-b#1968469359]].
08:06:43.802 DEBUG a.c.s.ShardCoordinator$RebalanceWorker - sharded-daemon-process-eventSourcedProjection-passivation-race-entity-passivation-race-consumer-b: All shard regions acked, handing off shard [0].
08:06:43.802 DEBUG akka.cluster.sharding.Shard - sharded-daemon-process-eventSourcedProjection-passivation-race-entity-passivation-race-consumer-b: HandOff shard [0]
08:06:43.802 DEBUG akka.cluster.sharding.Shard - sharded-daemon-process-eventSourcedProjection-passivation-race-entity-passivation-race-consumer-b: Starting HandOffStopper for shard [0] to terminate [1] entities.
08:06:43.802 DEBUG a.c.sharding.DDataShardCoordinator - sharded-daemon-process-eventSourcedProjection-passivation-race-entity-passivation-race-consumer-a: Graceful shutdown of region [Actor[akka://akka-runtime/system/sharding/sharded-daemon-process-eventSourcedProjection-passivation-race-entity-passivation-race-consumer-a#-1981326710]] with [1] shards
08:06:43.802 INFO  a.c.sharding.DDataShardCoordinator - sharded-daemon-process-eventSourcedProjection-passivation-race-entity-passivation-race-consumer-a: Starting shutting down shards [0] due to region shutting down or explicit stopping of shards.
08:06:43.802 DEBUG akka.cluster.sharding.Shard - passivation-race-entity: Started entity [Actor[akka://akka-runtime/system/sharding/passivation-race-entity/175/6e30fa64-167d-436a-bba3-73bddfa7b673#-2059080747]] with entity id [6e30fa64-167d-436a-bba3-73bddfa7b673] in shard [175]
08:06:43.802 DEBUG a.c.s.ShardCoordinator$RebalanceWorker - passivation-race-entity: Shutting down shard [175] from region [Actor[akka://akka-runtime/system/sharding/passivation-race-entity#1622438256]]. Asking [1] region(s) to hand-off shard
08:06:43.802 DEBUG a.c.s.ShardCoordinator$RebalanceWorker - sharded-daemon-process-eventSourcedProjection-passivation-race-entity-passivation-race-consumer-a: Shutting down shard [0] from region [Actor[akka://akka-runtime/system/sharding/sharded-daemon-process-eventSourcedProjection-passivation-race-entity-passivation-race-consumer-a#-1981326710]]. Asking [1] region(s) to hand-off shard
08:06:43.802 DEBUG a.c.s.ShardCoordinator$RebalanceWorker - passivation-race-entity: BeginHandOffAck for shard [175] received from [Actor[akka://akka-runtime/system/sharding/passivation-race-entity#1622438256]].
08:06:43.802 DEBUG a.c.s.ShardCoordinator$RebalanceWorker - sharded-daemon-process-eventSourcedProjection-passivation-race-entity-passivation-race-consumer-a: BeginHandOffAck for shard [0] received from [Actor[akka://akka-runtime/system/sharding/sharded-daemon-process-eventSourcedProjection-passivation-race-entity-passivation-race-consumer-a#-1981326710]].
08:06:43.802 DEBUG a.c.s.ShardCoordinator$RebalanceWorker - passivation-race-entity: All shard regions acked, handing off shard [175].
08:06:43.802 DEBUG a.c.s.ShardCoordinator$RebalanceWorker - sharded-daemon-process-eventSourcedProjection-passivation-race-entity-passivation-race-consumer-a: All shard regions acked, handing off shard [0].
08:06:43.802 DEBUG akka.cluster.sharding.Shard - passivation-race-entity: HandOff shard [175]
08:06:43.802 DEBUG a.c.s.t.i.ShardedDaemonProcessState$ - eventSourcedProjection-passivation-race-entity-passivation-race-consumer-a: Deferred start of worker to verify its revision [0] is the latest
08:06:43.802 DEBUG a.c.s.t.i.ShardedDaemonProcessState$ - eventSourcedProjection-passivation-race-entity-passivation-race-consumer-b: Deferred start of worker to verify its revision [0] is the latest
08:06:43.803 INFO  a.c.s.t.i.ShardedDaemonProcessState$ - eventSourcedProjection-passivation-race-entity-passivation-race-consumer-a: Starting Sharded Daemon Process [0] out of a total [1] (revision [0] and no state found)
08:06:43.803 INFO  a.c.s.t.i.ShardedDaemonProcessState$ - eventSourcedProjection-passivation-race-entity-passivation-race-consumer-b: Starting Sharded Daemon Process [0] out of a total [1] (revision [0] and no state found)
08:06:43.802 DEBUG akka.cluster.sharding.Shard - passivation-race-entity: Starting HandOffStopper for shard [175] to terminate [1] entities.
08:06:43.804 DEBUG akka.cluster.sharding.Shard - sharded-daemon-process-eventSourcedProjection-passivation-race-entity-passivation-race-consumer-a: Request to start entity [0] and ack to [Some(Actor[akka://akka-runtime/deadLetters])]
08:06:43.804 DEBUG akka.cluster.sharding.Shard - sharded-daemon-process-eventSourcedProjection-passivation-race-entity-passivation-race-consumer-a: Started entity [Actor[akka://akka-runtime/system/sharding/sharded-daemon-process-eventSourcedProjection-passivation-race-entity-passivation-race-consumer-a/0/0#175208950]] with entity id [0] in shard [0]
08:06:43.804 DEBUG akka.cluster.sharding.Shard - sharded-daemon-process-eventSourcedProjection-passivation-race-entity-passivation-race-consumer-a: HandOff shard [0]
08:06:43.804 DEBUG akka.cluster.sharding.Shard - sharded-daemon-process-eventSourcedProjection-passivation-race-entity-passivation-race-consumer-a: Starting HandOffStopper for shard [0] to terminate [1] entities.
08:06:43.808 DEBUG a.c.sharding.DDataShardCoordinator - sharded-daemon-process-eventSourcedProjection-passivation-race-entity-passivation-race-view: ShardRegion registered: [Actor[akka://akka-runtime/system/sharding/sharded-daemon-process-eventSourcedProjection-passivation-race-entity-passivation-race-view#-1297024085]]
08:06:43.809 DEBUG a.c.sharding.DDataShardCoordinator - sharded-daemon-process-eventSourcedProjection-passivation-race-entity-passivation-race-view: The coordinator state was successfully updated with ShardRegionRegistered(Actor[akka://akka-runtime/system/sharding/sharded-daemon-process-eventSourcedProjection-passivation-race-entity-passivation-race-view#-1297024085])
08:06:43.809 DEBUG a.c.sharding.DDataShardCoordinator - sharded-daemon-process-eventSourcedProjection-passivation-race-entity-passivation-race-view: The coordinator state was successfully updated with ShardHomeAllocated(0,Actor[akka://akka-runtime/system/sharding/sharded-daemon-process-eventSourcedProjection-passivation-race-entity-passivation-race-view#-1297024085])
08:06:43.809 DEBUG a.c.sharding.DDataShardCoordinator - sharded-daemon-process-eventSourcedProjection-passivation-race-entity-passivation-race-view: Shard [0] allocated at [Actor[akka://akka-runtime/system/sharding/sharded-daemon-process-eventSourcedProjection-passivation-race-entity-passivation-race-view#-1297024085]]
08:06:43.810 DEBUG a.c.sharding.DDataShardCoordinator - sharded-daemon-process-eventSourcedProjection-passivation-race-entity-passivation-race-view: Graceful shutdown of region [Actor[akka://akka-runtime/system/sharding/sharded-daemon-process-eventSourcedProjection-passivation-race-entity-passivation-race-view#-1297024085]] with [1] shards
08:06:43.810 INFO  a.c.sharding.DDataShardCoordinator - sharded-daemon-process-eventSourcedProjection-passivation-race-entity-passivation-race-view: Starting shutting down shards [0] due to region shutting down or explicit stopping of shards.
08:06:43.810 DEBUG akka.cluster.sharding.Shard - sharded-daemon-process-eventSourcedProjection-passivation-race-entity-passivation-race-view: Shard initialized
08:06:43.810 DEBUG a.c.s.ShardCoordinator$RebalanceWorker - sharded-daemon-process-eventSourcedProjection-passivation-race-entity-passivation-race-view: Shutting down shard [0] from region [Actor[akka://akka-runtime/system/sharding/sharded-daemon-process-eventSourcedProjection-passivation-race-entity-passivation-race-view#-1297024085]]. Asking [1] region(s) to hand-off shard
08:06:43.810 DEBUG akka.cluster.sharding.Shard - sharded-daemon-process-eventSourcedProjection-passivation-race-entity-passivation-race-view: Request to start entity [0] and ack to [Some(Actor[akka://akka-runtime/deadLetters])]
08:06:43.810 DEBUG akka.cluster.sharding.Shard - sharded-daemon-process-eventSourcedProjection-passivation-race-entity-passivation-race-view: Started entity [Actor[akka://akka-runtime/system/sharding/sharded-daemon-process-eventSourcedProjection-passivation-race-entity-passivation-race-view/0/0#420154986]] with entity id [0] in shard [0]
08:06:43.811 DEBUG a.c.s.ShardCoordinator$RebalanceWorker - sharded-daemon-process-eventSourcedProjection-passivation-race-entity-passivation-race-view: BeginHandOffAck for shard [0] received from [Actor[akka://akka-runtime/system/sharding/sharded-daemon-process-eventSourcedProjection-passivation-race-entity-passivation-race-view#-1297024085]].
08:06:43.811 DEBUG a.c.s.ShardCoordinator$RebalanceWorker - sharded-daemon-process-eventSourcedProjection-passivation-race-entity-passivation-race-view: All shard regions acked, handing off shard [0].
08:06:43.811 DEBUG a.c.s.t.i.ShardedDaemonProcessState$ - eventSourcedProjection-passivation-race-entity-passivation-race-view: Deferred start of worker to verify its revision [0] is the latest
08:06:43.811 DEBUG akka.cluster.sharding.Shard - sharded-daemon-process-eventSourcedProjection-passivation-race-entity-passivation-race-view: HandOff shard [0]
08:06:43.811 DEBUG akka.cluster.sharding.Shard - sharded-daemon-process-eventSourcedProjection-passivation-race-entity-passivation-race-view: Starting HandOffStopper for shard [0] to terminate [1] entities.
08:06:43.811 INFO  a.c.s.t.i.ShardedDaemonProcessState$ - eventSourcedProjection-passivation-race-entity-passivation-race-view: Starting Sharded Daemon Process [0] out of a total [1] (revision [0] and no state found)
08:06:43.819 DEBUG a.c.sharding.DDataShardCoordinator - passivation-race-entity: Shard [175] deallocation completed successfully.
08:06:43.819 DEBUG akka.cluster.sharding.Shard - passivation-race-entity: Shard [175] shutting down
08:06:43.819 DEBUG a.c.sharding.DDataShardCoordinator - passivation-race-entity: The coordinator state was successfully updated with ShardHomeDeallocated(175)
08:06:43.819 DEBUG a.c.sharding.DDataShardCoordinator - passivation-race-entity: Shard [175] deallocated after
08:06:43.819 DEBUG a.c.sharding.DDataShardCoordinator - passivation-race-entity: ShardRegion terminated (gracefully): [Actor[akka://akka-runtime/system/sharding/passivation-race-entity#1622438256]] {}
08:06:43.819 DEBUG a.c.sharding.DDataShardCoordinator - passivation-race-entity: GetShardHome [175] request from [Actor[akka://local/ignore]] stashed, because waiting for initial state or update of state. It will be handled afterwards.
08:06:43.819 DEBUG a.c.sharding.DDataShardCoordinator - passivation-race-entity: The coordinator state was successfully updated with ShardRegionTerminated(Actor[akka://akka-runtime/system/sharding/passivation-race-entity#1622438256])
08:06:43.826 DEBUG a.c.sharding.DDataShardCoordinator - passivation-race-entity: ShardRegion stopped: [Actor[akka://akka-runtime/system/sharding/passivation-race-entity#1622438256]]
08:06:43.827 ERROR repro.Bootstrap - onStartup() threw an exception
java.util.concurrent.TimeoutException: Command to entity [passivation-race-entity] id [47566c73-d174-47a3-bdc7-b8d645702141] timed out.
	at kalix.runtime.eventsourcedentity.EventSourcedSupport$$anonfun$$nestedInanonfun$handleCommand$1$1.applyOrElse(EventSourcedEntitySupportFactory.scala:191)
	at kalix.runtime.eventsourcedentity.EventSourcedSupport$$anonfun$$nestedInanonfun$handleCommand$1$1.applyOrElse(EventSourcedEntitySupportFactory.scala:189)
	at scala.concurrent.impl.Promise$Transformation.run(Promise.scala:523)
	at akka.dispatch.BatchingExecutor$AbstractBatch.processBatch(BatchingExecutor.scala:64)
	at akka.dispatch.BatchingExecutor$BlockableBatch.$anonfun$run$1(BatchingExecutor.scala:101)
	at scala.runtime.java8.JFunction0$mcV$sp.apply(JFunction0$mcV$sp.scala:18)
	at scala.concurrent.BlockContext$.withBlockContext(BlockContext.scala:94)
	at akka.dispatch.BatchingExecutor$BlockableBatch.run(BatchingExecutor.scala:101)
	at akka.dispatch.TaskInvocation.run(AbstractDispatcher.scala:48)
	at akka.dispatch.ForkJoinExecutorConfigurator$AkkaForkJoinTask.exec(ForkJoinExecutorConfigurator.scala:60)
	at java.base/java.util.concurrent.ForkJoinTask.doExec(ForkJoinTask.java:507)
	at java.base/java.util.concurrent.ForkJoinPool$WorkQueue.topLevelExec(ForkJoinPool.java:1450)
	at java.base/java.util.concurrent.ForkJoinPool.runWorker(ForkJoinPool.java:2019)
	at java.base/java.util.concurrent.ForkJoinWorkerThread.run(ForkJoinWorkerThread.java:187)
08:06:44.568 WARN  a.c.s.ShardRegion$HandOffStopper - sharded-daemon-process-eventSourcedProjection-passivation-race-entity-passivation-race-consumer-b: [1] of the entities in shard [0] not stopped after [750 milliseconds]. Maybe the handOffStopMessage [akka.projection.ProjectionBehavior$Stop$] is not handled? Waiting additional [250 milliseconds] before stopping the remaining entities.
08:06:44.568 WARN  a.c.s.ShardRegion$HandOffStopper - sharded-daemon-process-eventSourcedProjection-passivation-race-entity-passivation-race-consumer-a: [1] of the entities in shard [0] not stopped after [750 milliseconds]. Maybe the handOffStopMessage [akka.projection.ProjectionBehavior$Stop$] is not handled? Waiting additional [250 milliseconds] before stopping the remaining entities.
08:06:44.580 WARN  a.c.s.ShardRegion$HandOffStopper - sharded-daemon-process-eventSourcedProjection-passivation-race-entity-passivation-race-view: [1] of the entities in shard [0] not stopped after [750 milliseconds]. Maybe the handOffStopMessage [akka.projection.ProjectionBehavior$Stop$] is not handled? Waiting additional [250 milliseconds] before stopping the remaining entities.
08:06:44.820 WARN  a.c.s.ShardRegion$HandOffStopper - sharded-daemon-process-eventSourcedProjection-passivation-race-entity-passivation-race-consumer-a: HandOffStopMessage [akka.projection.ProjectionBehavior$Stop$] is not handled by some of the entities in shard [0] after [1 second], stopping the remaining [1] entities.
08:06:44.820 WARN  a.c.s.ShardRegion$HandOffStopper - sharded-daemon-process-eventSourcedProjection-passivation-race-entity-passivation-race-consumer-b: HandOffStopMessage [akka.projection.ProjectionBehavior$Stop$] is not handled by some of the entities in shard [0] after [1 second], stopping the remaining [1] entities.
08:06:44.821 DEBUG akka.cluster.sharding.Shard - sharded-daemon-process-eventSourcedProjection-passivation-race-entity-passivation-race-consumer-b: Shard [0] shutting down
08:06:44.821 DEBUG a.c.sharding.DDataShardCoordinator - sharded-daemon-process-eventSourcedProjection-passivation-race-entity-passivation-race-consumer-b: Shard [0] deallocation completed successfully.
08:06:44.821 DEBUG akka.cluster.sharding.Shard - sharded-daemon-process-eventSourcedProjection-passivation-race-entity-passivation-race-consumer-a: Shard [0] shutting down
08:06:44.821 DEBUG a.c.sharding.DDataShardCoordinator - sharded-daemon-process-eventSourcedProjection-passivation-race-entity-passivation-race-consumer-a: Shard [0] deallocation completed successfully.
08:06:44.822 WARN  a.s.s.RestartWithBackoffSource - Restarting stream due to failure [1]: akka.projection.r2dbc.internal.R2dbcOffsetStore$AttemptToUseStoppedOffsetStore: eventSourcedProjection-passivation-race-entity-passivation-race-consumer-a [0-1023], correlation [5432fad3-c46e-4d82-a8ec-f202429c5386]: R2dbcOffsetStore was stopped
08:06:44.822 WARN  a.s.s.RestartWithBackoffSource - Restarting stream due to failure [1]: akka.projection.r2dbc.internal.R2dbcOffsetStore$AttemptToUseStoppedOffsetStore: eventSourcedProjection-passivation-race-entity-passivation-race-consumer-b [0-1023], correlation [b47010ae-c047-4974-ab12-6b3180528c93]: R2dbcOffsetStore was stopped
08:06:44.822 DEBUG a.c.sharding.DDataShardCoordinator - sharded-daemon-process-eventSourcedProjection-passivation-race-entity-passivation-race-consumer-b: The coordinator state was successfully updated with ShardHomeDeallocated(0)
08:06:44.822 DEBUG a.c.sharding.DDataShardCoordinator - sharded-daemon-process-eventSourcedProjection-passivation-race-entity-passivation-race-consumer-b: Shard [0] deallocated after
08:06:44.822 DEBUG a.c.sharding.DDataShardCoordinator - sharded-daemon-process-eventSourcedProjection-passivation-race-entity-passivation-race-consumer-a: The coordinator state was successfully updated with ShardHomeDeallocated(0)
08:06:44.822 DEBUG a.c.sharding.DDataShardCoordinator - sharded-daemon-process-eventSourcedProjection-passivation-race-entity-passivation-race-consumer-a: Shard [0] deallocated after
08:06:44.822 DEBUG a.c.sharding.DDataShardCoordinator - sharded-daemon-process-eventSourcedProjection-passivation-race-entity-passivation-race-consumer-b: ShardRegion terminated (gracefully): [Actor[akka://akka-runtime/system/sharding/sharded-daemon-process-eventSourcedProjection-passivation-race-entity-passivation-race-consumer-b#1968469359]] {}
08:06:44.822 DEBUG a.c.sharding.DDataShardCoordinator - sharded-daemon-process-eventSourcedProjection-passivation-race-entity-passivation-race-consumer-b: GetShardHome [0] request from [Actor[akka://local/ignore]] stashed, because waiting for initial state or update of state. It will be handled afterwards.
08:06:44.822 DEBUG a.c.sharding.DDataShardCoordinator - sharded-daemon-process-eventSourcedProjection-passivation-race-entity-passivation-race-consumer-a: ShardRegion stopped: [Actor[akka://akka-runtime/system/sharding/sharded-daemon-process-eventSourcedProjection-passivation-race-entity-passivation-race-consumer-a#-1981326710]]
08:06:44.822 DEBUG a.c.sharding.DDataShardCoordinator - sharded-daemon-process-eventSourcedProjection-passivation-race-entity-passivation-race-consumer-a: ShardRegion terminated (gracefully): [Actor[akka://akka-runtime/system/sharding/sharded-daemon-process-eventSourcedProjection-passivation-race-entity-passivation-race-consumer-a#-1981326710]] {}
08:06:44.823 DEBUG a.c.sharding.DDataShardCoordinator - sharded-daemon-process-eventSourcedProjection-passivation-race-entity-passivation-race-consumer-b: The coordinator state was successfully updated with ShardRegionTerminated(Actor[akka://akka-runtime/system/sharding/sharded-daemon-process-eventSourcedProjection-passivation-race-entity-passivation-race-consumer-b#1968469359])
08:06:44.823 DEBUG a.c.sharding.DDataShardCoordinator - sharded-daemon-process-eventSourcedProjection-passivation-race-entity-passivation-race-consumer-a: The coordinator state was successfully updated with ShardRegionTerminated(Actor[akka://akka-runtime/system/sharding/sharded-daemon-process-eventSourcedProjection-passivation-race-entity-passivation-race-consumer-a#-1981326710])
08:06:44.823 DEBUG a.c.sharding.DDataShardCoordinator - sharded-daemon-process-eventSourcedProjection-passivation-race-entity-passivation-race-consumer-b: ShardRegion stopped: [Actor[akka://akka-runtime/system/sharding/sharded-daemon-process-eventSourcedProjection-passivation-race-entity-passivation-race-consumer-b#1968469359]]
08:06:44.830 WARN  a.c.s.ShardRegion$HandOffStopper - sharded-daemon-process-eventSourcedProjection-passivation-race-entity-passivation-race-view: HandOffStopMessage [akka.projection.ProjectionBehavior$Stop$] is not handled by some of the entities in shard [0] after [1 second], stopping the remaining [1] entities.
08:06:44.830 DEBUG a.c.sharding.DDataShardCoordinator - sharded-daemon-process-eventSourcedProjection-passivation-race-entity-passivation-race-view: Shard [0] deallocation completed successfully.
08:06:44.830 DEBUG akka.cluster.sharding.Shard - sharded-daemon-process-eventSourcedProjection-passivation-race-entity-passivation-race-view: Shard [0] shutting down
08:06:44.830 DEBUG akka.actor.CoordinatedShutdown - Performing phase [cluster-leave] with [1] tasks.
08:06:44.830 WARN  a.s.s.RestartWithBackoffSource - Restarting stream due to failure [1]: akka.projection.r2dbc.internal.R2dbcOffsetStore$AttemptToUseStoppedOffsetStore: eventSourcedProjection-passivation-race-entity-passivation-race-view [0-1023], correlation [04a54622-c909-4575-ac80-f3a091bdbc56]: R2dbcOffsetStore was stopped
08:06:44.830 DEBUG akka.actor.CoordinatedShutdown - Performing task [leave] in CoordinatedShutdown phase [cluster-leave]
08:06:44.830 DEBUG a.c.sharding.DDataShardCoordinator - sharded-daemon-process-eventSourcedProjection-passivation-race-entity-passivation-race-view: The coordinator state was successfully updated with ShardHomeDeallocated(0)
08:06:44.830 DEBUG a.c.sharding.DDataShardCoordinator - sharded-daemon-process-eventSourcedProjection-passivation-race-entity-passivation-race-view: Shard [0] deallocated after
08:06:44.830 DEBUG a.c.sharding.DDataShardCoordinator - sharded-daemon-process-eventSourcedProjection-passivation-race-entity-passivation-race-view: ShardRegion terminated (gracefully): [Actor[akka://akka-runtime/system/sharding/sharded-daemon-process-eventSourcedProjection-passivation-race-entity-passivation-race-view#-1297024085]] {}
08:06:44.830 DEBUG a.c.sharding.DDataShardCoordinator - sharded-daemon-process-eventSourcedProjection-passivation-race-entity-passivation-race-view: GetShardHome [0] request from [Actor[akka://local/ignore]] stashed, because waiting for initial state or update of state. It will be handled afterwards.
08:06:44.831 DEBUG a.c.sharding.DDataShardCoordinator - sharded-daemon-process-eventSourcedProjection-passivation-race-entity-passivation-race-view: The coordinator state was successfully updated with ShardRegionTerminated(Actor[akka://akka-runtime/system/sharding/sharded-daemon-process-eventSourcedProjection-passivation-race-entity-passivation-race-view#-1297024085])
08:06:44.831 DEBUG a.c.sharding.DDataShardCoordinator - sharded-daemon-process-eventSourcedProjection-passivation-race-entity-passivation-race-view: ShardRegion stopped: [Actor[akka://akka-runtime/system/sharding/sharded-daemon-process-eventSourcedProjection-passivation-race-entity-passivation-race-view#-1297024085]]
08:06:44.831 DEBUG akka.actor.CoordinatedShutdown - Performing phase [cluster-exiting] with [28] tasks.
08:06:44.831 DEBUG akka.actor.CoordinatedShutdown - Performing task [wait-singleton-exiting] in CoordinatedShutdown phase [cluster-exiting]
08:06:44.831 DEBUG akka.actor.CoordinatedShutdown - Performing task [singleton-exiting-2] in CoordinatedShutdown phase [cluster-exiting]
08:06:44.831 DEBUG akka.actor.CoordinatedShutdown - Performing task [wait-singleton-exiting] in CoordinatedShutdown phase [cluster-exiting]
08:06:44.831 DEBUG akka.actor.CoordinatedShutdown - Performing task [wait-singleton-exiting] in CoordinatedShutdown phase [cluster-exiting]
08:06:44.831 DEBUG akka.actor.CoordinatedShutdown - Performing task [wait-singleton-exiting] in CoordinatedShutdown phase [cluster-exiting]
08:06:44.831 DEBUG akka.actor.CoordinatedShutdown - Performing task [singleton-exiting-2] in CoordinatedShutdown phase [cluster-exiting]
08:06:44.831 DEBUG akka.actor.CoordinatedShutdown - Performing task [singleton-exiting-2] in CoordinatedShutdown phase [cluster-exiting]
08:06:44.831 DEBUG akka.actor.CoordinatedShutdown - Performing task [singleton-exiting-1] in CoordinatedShutdown phase [cluster-exiting]
08:06:44.831 DEBUG akka.actor.CoordinatedShutdown - Performing task [wait-singleton-exiting] in CoordinatedShutdown phase [cluster-exiting]
08:06:44.831 DEBUG akka.actor.CoordinatedShutdown - Performing task [singleton-exiting-1] in CoordinatedShutdown phase [cluster-exiting]
08:06:44.831 DEBUG akka.actor.CoordinatedShutdown - Performing task [singleton-exiting-1] in CoordinatedShutdown phase [cluster-exiting]
08:06:44.831 DEBUG akka.actor.CoordinatedShutdown - Performing task [singleton-exiting-1] in CoordinatedShutdown phase [cluster-exiting]
08:06:44.831 DEBUG akka.actor.CoordinatedShutdown - Performing task [singleton-exiting-1] in CoordinatedShutdown phase [cluster-exiting]
08:06:44.831 DEBUG akka.actor.CoordinatedShutdown - Performing task [wait-exiting] in CoordinatedShutdown phase [cluster-exiting]
08:06:44.831 DEBUG akka.actor.CoordinatedShutdown - Performing task [singleton-exiting-2] in CoordinatedShutdown phase [cluster-exiting]
08:06:44.832 DEBUG akka.actor.CoordinatedShutdown - Performing task [singleton-exiting-1] in CoordinatedShutdown phase [cluster-exiting]
08:06:44.832 DEBUG akka.actor.CoordinatedShutdown - Performing task [wait-singleton-exiting] in CoordinatedShutdown phase [cluster-exiting]
08:06:44.832 DEBUG akka.actor.CoordinatedShutdown - Performing task [singleton-exiting-2] in CoordinatedShutdown phase [cluster-exiting]
08:06:44.832 INFO  a.c.s.ClusterSingletonManager - Exited [akka://akka-runtime@127.0.0.1:63132].
08:06:44.832 DEBUG akka.actor.CoordinatedShutdown - Performing task [singleton-exiting-1] in CoordinatedShutdown phase [cluster-exiting]
08:06:44.832 DEBUG akka.actor.CoordinatedShutdown - Performing task [wait-singleton-exiting] in CoordinatedShutdown phase [cluster-exiting]
08:06:44.832 DEBUG akka.actor.CoordinatedShutdown - Performing task [singleton-exiting-2] in CoordinatedShutdown phase [cluster-exiting]
08:06:44.832 DEBUG akka.actor.CoordinatedShutdown - Performing task [singleton-exiting-1] in CoordinatedShutdown phase [cluster-exiting]
08:06:44.832 DEBUG akka.actor.CoordinatedShutdown - Performing task [singleton-exiting-2] in CoordinatedShutdown phase [cluster-exiting]
08:06:44.832 DEBUG akka.actor.CoordinatedShutdown - Performing task [wait-singleton-exiting] in CoordinatedShutdown phase [cluster-exiting]
08:06:44.832 DEBUG akka.actor.CoordinatedShutdown - Performing task [singleton-exiting-2] in CoordinatedShutdown phase [cluster-exiting]
08:06:44.832 DEBUG akka.actor.CoordinatedShutdown - Performing task [singleton-exiting-1] in CoordinatedShutdown phase [cluster-exiting]
08:06:44.832 DEBUG akka.actor.CoordinatedShutdown - Performing task [wait-singleton-exiting] in CoordinatedShutdown phase [cluster-exiting]
08:06:44.832 DEBUG akka.actor.CoordinatedShutdown - Performing task [singleton-exiting-2] in CoordinatedShutdown phase [cluster-exiting]
08:06:44.832 INFO  a.c.s.ClusterSingletonManager - Exited [akka://akka-runtime@127.0.0.1:63132].
08:06:44.832 INFO  a.c.s.ClusterSingletonManager - Exited [akka://akka-runtime@127.0.0.1:63132].
08:06:44.832 INFO  a.c.s.ClusterSingletonManager - Exited [akka://akka-runtime@127.0.0.1:63132].
08:06:44.832 INFO  a.c.s.ClusterSingletonManager - Oldest observed OldestChanged: [akka://akka-runtime@127.0.0.1:63132 -> None]
08:06:44.832 INFO  a.c.s.ClusterSingletonManager - ClusterSingletonManager state change [Oldest -> WasOldest]
08:06:44.832 INFO  a.c.s.ClusterSingletonManager - Oldest observed OldestChanged: [akka://akka-runtime@127.0.0.1:63132 -> None]
08:06:44.832 INFO  a.c.s.ClusterSingletonManager - Exited [akka://akka-runtime@127.0.0.1:63132].
08:06:44.832 INFO  a.c.s.ClusterSingletonManager - Oldest observed OldestChanged: [akka://akka-runtime@127.0.0.1:63132 -> None]
08:06:44.832 INFO  a.c.s.ClusterSingletonManager - Exited [akka://akka-runtime@127.0.0.1:63132].
08:06:44.832 INFO  a.c.s.ClusterSingletonManager - ClusterSingletonManager state change [Oldest -> WasOldest]
08:06:44.832 INFO  a.c.s.ClusterSingletonManager - ClusterSingletonManager state change [Oldest -> WasOldest]
08:06:44.832 INFO  a.c.s.ClusterSingletonManager - Oldest observed OldestChanged: [akka://akka-runtime@127.0.0.1:63132 -> None]
08:06:44.832 INFO  a.c.s.ClusterSingletonManager - Exited [akka://akka-runtime@127.0.0.1:63132].
08:06:44.832 INFO  a.c.s.ClusterSingletonManager - Oldest observed OldestChanged: [akka://akka-runtime@127.0.0.1:63132 -> None]
08:06:44.832 INFO  a.c.s.ClusterSingletonManager - ClusterSingletonManager state change [Oldest -> WasOldest]
08:06:44.832 INFO  a.c.s.ClusterSingletonManager - Oldest observed OldestChanged: [akka://akka-runtime@127.0.0.1:63132 -> None]
08:06:44.832 INFO  a.c.s.ClusterSingletonManager - ClusterSingletonManager state change [Oldest -> WasOldest]
08:06:44.832 INFO  a.c.s.ClusterSingletonManager - Exited [akka://akka-runtime@127.0.0.1:63132].
08:06:44.832 INFO  a.c.s.ClusterSingletonManager - ClusterSingletonManager state change [Oldest -> WasOldest]
08:06:44.832 INFO  a.c.s.ClusterSingletonManager - Oldest observed OldestChanged: [akka://akka-runtime@127.0.0.1:63132 -> None]
08:06:44.832 INFO  a.c.s.ClusterSingletonManager - Oldest observed OldestChanged: [akka://akka-runtime@127.0.0.1:63132 -> None]
08:06:44.832 INFO  a.c.s.ClusterSingletonManager - Exited [akka://akka-runtime@127.0.0.1:63132].
08:06:44.832 INFO  a.c.s.ClusterSingletonManager - ClusterSingletonManager state change [Oldest -> WasOldest]
08:06:44.832 INFO  a.c.s.ClusterSingletonManager - ClusterSingletonManager state change [Oldest -> WasOldest]
08:06:44.832 INFO  a.c.s.ClusterSingletonManager - Oldest observed OldestChanged: [akka://akka-runtime@127.0.0.1:63132 -> None]
08:06:44.832 INFO  a.c.s.ClusterSingletonManager - ClusterSingletonManager state change [Oldest -> WasOldest]
08:06:45.458 DEBUG a.c.singleton.ClusterSingletonProxy - Creating singleton identification timer...
08:06:45.458 DEBUG a.c.singleton.ClusterSingletonProxy - Creating singleton identification timer...
08:06:45.458 DEBUG a.c.singleton.ClusterSingletonProxy - Creating singleton identification timer...
08:06:45.458 DEBUG a.c.singleton.ClusterSingletonProxy - Creating singleton identification timer...
08:06:45.850 INFO  a.c.s.ClusterSingletonManager - Singleton manager stopping singleton actor [akka://akka-runtime/system/sharding/sharded-daemon-process-eventSourcedProjection-passivation-race-entity-passivation-race-viewCoordinator/singleton]
08:06:45.850 INFO  a.c.s.ClusterSingletonManager - Singleton manager stopping singleton actor [akka://akka-runtime/system/singletonManagerShardedDaemonProcessCoordinator-eventSourcedProjection-passivation-race-entity-passivation-race-consumer-a/ShardedDaemonProcessCoordinator-eventSourcedProjection-passivation-race-entity-passivation-race-consumer-a]
08:06:45.850 INFO  a.c.s.ClusterSingletonManager - Singleton manager stopping singleton actor [akka://akka-runtime/system/sharding/sharded-daemon-process-eventSourcedProjection-passivation-race-entity-passivation-race-consumer-bCoordinator/singleton]
08:06:45.850 INFO  a.c.s.ClusterSingletonManager - Singleton manager stopping singleton actor [akka://akka-runtime/system/sharding/passivation-race-entityCoordinator/singleton]
08:06:45.850 INFO  a.c.s.ClusterSingletonManager - Singleton manager stopping singleton actor [akka://akka-runtime/system/singletonManagerShardedDaemonProcessCoordinator-eventSourcedProjection-passivation-race-entity-passivation-race-consumer-b/ShardedDaemonProcessCoordinator-eventSourcedProjection-passivation-race-entity-passivation-race-consumer-b]
08:06:45.850 INFO  a.c.s.ClusterSingletonManager - ClusterSingletonManager state change [WasOldest -> Stopping]
08:06:45.850 INFO  a.c.s.ClusterSingletonManager - ClusterSingletonManager state change [WasOldest -> Stopping]
08:06:45.850 INFO  a.c.s.ClusterSingletonManager - ClusterSingletonManager state change [WasOldest -> Stopping]
08:06:45.850 INFO  a.c.s.ClusterSingletonManager - ClusterSingletonManager state change [WasOldest -> Stopping]
08:06:45.850 INFO  a.c.s.ClusterSingletonManager - ClusterSingletonManager state change [WasOldest -> Stopping]
08:06:45.850 DEBUG a.c.sharding.DDataShardCoordinator - sharded-daemon-process-eventSourcedProjection-passivation-race-entity-passivation-race-consumer-b: Received termination message.
08:06:45.850 INFO  a.c.s.ClusterSingletonManager - Singleton manager stopping singleton actor [akka://akka-runtime/system/singletonManagerShardedDaemonProcessCoordinator-eventSourcedProjection-passivation-race-entity-passivation-race-view/ShardedDaemonProcessCoordinator-eventSourcedProjection-passivation-race-entity-passivation-race-view]
08:06:45.850 DEBUG a.c.sharding.DDataShardCoordinator - passivation-race-entity: Received termination message.
08:06:45.850 INFO  a.c.s.ClusterSingletonManager - ClusterSingletonManager state change [WasOldest -> Stopping]
08:06:45.850 INFO  a.c.s.ClusterSingletonManager - Singleton actor [akka://akka-runtime/system/singletonManagerShardedDaemonProcessCoordinator-eventSourcedProjection-passivation-race-entity-passivation-race-consumer-a/ShardedDaemonProcessCoordinator-eventSourcedProjection-passivation-race-entity-passivation-race-consumer-a] was terminated
08:06:45.850 INFO  a.c.s.ClusterSingletonManager - Singleton actor [akka://akka-runtime/system/singletonManagerShardedDaemonProcessCoordinator-eventSourcedProjection-passivation-race-entity-passivation-race-view/ShardedDaemonProcessCoordinator-eventSourcedProjection-passivation-race-entity-passivation-race-view] was terminated
08:06:45.851 INFO  a.c.s.ClusterSingletonManager - Singleton actor [akka://akka-runtime/system/sharding/sharded-daemon-process-eventSourcedProjection-passivation-race-entity-passivation-race-consumer-bCoordinator/singleton] was terminated
08:06:45.851 DEBUG a.c.sharding.DDataShardCoordinator - sharded-daemon-process-eventSourcedProjection-passivation-race-entity-passivation-race-view: Received termination message.
08:06:45.851 INFO  a.c.s.ClusterSingletonManager - Singleton manager stopping singleton actor [akka://akka-runtime/system/singletonManagerschemaSingleton/schemaSingleton]
08:06:45.851 INFO  a.c.s.ClusterSingletonManager - ClusterSingletonManager state change [WasOldest -> Stopping]
08:06:45.851 INFO  a.c.s.ClusterSingletonManager - Singleton actor [akka://akka-runtime/system/sharding/sharded-daemon-process-eventSourcedProjection-passivation-race-entity-passivation-race-viewCoordinator/singleton] was terminated
08:06:45.851 INFO  a.c.s.ClusterSingletonManager - Singleton manager stopping singleton actor [akka://akka-runtime/system/sharding/sharded-daemon-process-eventSourcedProjection-passivation-race-entity-passivation-race-consumer-aCoordinator/singleton]
08:06:45.851 INFO  a.c.s.ClusterSingletonManager - Singleton actor [akka://akka-runtime/system/singletonManagerschemaSingleton/schemaSingleton] was terminated
08:06:45.851 INFO  a.c.s.ClusterSingletonManager - ClusterSingletonManager state change [WasOldest -> Stopping]
08:06:45.851 DEBUG a.c.sharding.DDataShardCoordinator - sharded-daemon-process-eventSourcedProjection-passivation-race-entity-passivation-race-consumer-a: Received termination message.
08:06:45.851 INFO  a.c.s.ClusterSingletonManager - Singleton actor [akka://akka-runtime/system/sharding/passivation-race-entityCoordinator/singleton] was terminated
08:06:45.851 INFO  a.c.s.ClusterSingletonManager - Singleton actor [akka://akka-runtime/system/sharding/sharded-daemon-process-eventSourcedProjection-passivation-race-entity-passivation-race-consumer-aCoordinator/singleton] was terminated
08:06:45.851 INFO  a.c.s.ClusterSingletonManager - Singleton manager stopping singleton actor [akka://akka-runtime/system/sharding/_timerCoordinator/singleton]
08:06:45.851 INFO  a.c.s.ClusterSingletonManager - ClusterSingletonManager state change [WasOldest -> Stopping]
08:06:45.851 DEBUG a.c.sharding.DDataShardCoordinator - _timer: Received termination message.
08:06:45.851 INFO  a.c.s.ClusterSingletonManager - Singleton actor [akka://akka-runtime/system/sharding/_timerCoordinator/singleton] was terminated
08:06:45.851 INFO  a.c.s.ClusterSingletonManager - Singleton actor [akka://akka-runtime/system/singletonManagerShardedDaemonProcessCoordinator-eventSourcedProjection-passivation-race-entity-passivation-race-consumer-b/ShardedDaemonProcessCoordinator-eventSourcedProjection-passivation-race-entity-passivation-race-consumer-b] was terminated
08:06:45.852 DEBUG akka.actor.CoordinatedShutdown - Performing phase [cluster-exiting-done] with [1] tasks.
08:06:45.852 DEBUG akka.actor.CoordinatedShutdown - Performing task [exiting-completed] in CoordinatedShutdown phase [cluster-exiting-done]
08:06:45.852 DEBUG akka.actor.CoordinatedShutdown - Performing phase [cluster-shutdown] with [1] tasks.
08:06:45.852 DEBUG akka.actor.CoordinatedShutdown - Performing task [wait-shutdown] in CoordinatedShutdown phase [cluster-shutdown]
08:06:45.852 DEBUG akka.actor.CoordinatedShutdown - Performing phase [before-actor-system-terminate] with [2] tasks.
08:06:45.852 DEBUG akka.actor.CoordinatedShutdown - Performing task [close connection pools] in CoordinatedShutdown phase [before-actor-system-terminate]
08:06:45.853 DEBUG akka.actor.CoordinatedShutdown - Performing task [close-grpc-channels] in CoordinatedShutdown phase [before-actor-system-terminate]
08:06:45.853 DEBUG akka.actor.CoordinatedShutdown - Performing phase [actor-system-terminate] with [1] tasks.
08:06:45.853 DEBUG akka.actor.CoordinatedShutdown - Performing task [terminate-system] in CoordinatedShutdown phase [actor-system-terminate]
08:06:45.915 INFO  akka.runtime.AkkaRuntimeMain - Starting Akka Runtime version [1.6.15]
08:06:45.921 INFO  akka.javasdk.impl.ComponentLocator$ - Looking for component descriptors matching pattern [META-INF/akka-javasdk-components_*.conf]
08:06:45.927 INFO  akka.javasdk.testkit.TestKit - Eventing TestKit booting up on port: 63136
08:06:45.929 DEBUG a.c.singleton.ClusterSingletonProxy - Singleton not available, buffering message type [kalix.runtime.SchemaSingleton$ExecDdl]
08:06:45.929 DEBUG a.c.singleton.ClusterSingletonProxy - Creating singleton identification timer...
08:06:45.929 DEBUG a.c.singleton.ClusterSingletonProxy - Trying to identify singleton at [akka://akka-runtime@127.0.0.1:63137/system/singletonManagerschemaSingleton/schemaSingleton]
08:06:45.929 INFO  a.c.s.ClusterSingletonManager - Singleton manager starting singleton actor [akka://akka-runtime/system/singletonManagerschemaSingleton/schemaSingleton]
08:06:45.929 INFO  a.c.s.ClusterSingletonManager - ClusterSingletonManager state change [Start -> Oldest]
08:06:45.930 INFO  akka.javasdk.testkit.TestKit - Checking runtime status
08:06:45.998 DEBUG a.c.singleton.ClusterSingletonProxy - Trying to identify singleton at [akka://akka-runtime@127.0.0.1:63137/system/singletonManagerschemaSingleton/schemaSingleton]
08:06:45.999 INFO  a.c.singleton.ClusterSingletonProxy - Singleton identified at [akka://akka-runtime/system/singletonManagerschemaSingleton/schemaSingleton]
08:06:45.999 DEBUG a.c.singleton.ClusterSingletonProxy - Sending buffered messages to current singleton instance
08:06:46.000 INFO  a.c.s.typed.scaladsl.ClusterSharding - Starting Shard Region [passivation-race-entity]...
08:06:46.001 INFO  akka.cluster.sharding.ShardRegion - passivation-race-entity: Automatic entity passivation: composite strategy with limit of [10000] active entities, admission window (least recently used entities) with proportions [initial = 0.01, min = 0.01, max = 1.0] adapting with hill-climbing optimizer [adjust multiplier = 10.0, initial step = 0.0625, restart threshold = 0.05, step decay = 0.98], admit using frequency sketch [width multiplier = 4, reset multiplier = 10.0, depth = 4, counter bits = 4], main (least recently used entities (segmented with [2] levels with proportions of [0.20, 0.80]))
08:06:46.002 INFO  a.c.s.ClusterSingletonManager - Singleton manager starting singleton actor [akka://akka-runtime/system/sharding/passivation-race-entityCoordinator/singleton]
08:06:46.002 INFO  a.c.s.ClusterSingletonManager - ClusterSingletonManager state change [Start -> Oldest]
08:06:46.002 DEBUG a.c.sharding.DDataShardCoordinator - passivation-race-entity: Initial coordinator is empty.
08:06:46.002 INFO  a.c.sharding.DDataShardCoordinator - passivation-race-entity: ShardCoordinator was moved to the active state with [0] shards
08:06:46.002 DEBUG a.c.singleton.ClusterSingletonProxy - Forwarding message of type [SchemaSingleton$ExecDdl] to current singleton instance at [akka://akka-runtime/system/singletonManagerschemaSingleton/schemaSingleton]
08:06:46.003 INFO  akka.runtime.DiscoveryManager - Service components: EventSourcedEntity: [1], Consumer: [2], View: [1]
08:06:46.004 INFO  a.c.s.typed.scaladsl.ClusterSharding - Starting Shard Region [_timer]...
08:06:46.004 INFO  a.c.s.ClusterSingletonManager - Singleton manager starting singleton actor [akka://akka-runtime/system/sharding/_timerCoordinator/singleton]
08:06:46.004 INFO  a.c.s.ClusterSingletonManager - ClusterSingletonManager state change [Start -> Oldest]
08:06:46.004 INFO  a.c.s.typed.scaladsl.ClusterSharding - Starting Shard Region [sharded-daemon-process-eventSourcedProjection-passivation-race-entity-passivation-race-consumer-a]...
08:06:46.005 DEBUG a.c.sharding.DDataShardCoordinator - _timer: Starting remember entities store from provider akka.cluster.sharding.internal.DDataRememberEntitiesProvider@4751fc09
08:06:46.005 INFO  akka.cluster.sharding.ShardRegion - sharded-daemon-process-eventSourcedProjection-passivation-race-entity-passivation-race-consumer-a: Automatic entity passivation: disabled
08:06:46.005 DEBUG a.c.sharding.DDataShardCoordinator - _timer: Initial coordinator is empty.
08:06:46.005 INFO  a.c.sharding.DDataShardCoordinator - _timer: ShardCoordinator was moved to the active state with [0] shards
08:06:46.005 DEBUG a.c.sharding.DDataShardCoordinator - _timer: Received [0] remembered shard ids (after state initialized)
08:06:46.005 INFO  a.c.s.typed.scaladsl.ClusterSharding - Starting Shard Region [sharded-daemon-process-eventSourcedProjection-passivation-race-entity-passivation-race-consumer-b]...
08:06:46.005 DEBUG a.c.singleton.ClusterSingletonProxy - Creating singleton identification timer...
08:06:46.005 DEBUG a.c.singleton.ClusterSingletonProxy - Trying to identify singleton at [akka://akka-runtime@127.0.0.1:63137/system/singletonManagerShardedDaemonProcessCoordinator-eventSourcedProjection-passivation-race-entity-passivation-race-consumer-a/ShardedDaemonProcessCoordinator-eventSourcedProjection-passivation-race-entity-passivation-race-consumer-a]
08:06:46.005 INFO  akka.cluster.sharding.ShardRegion - sharded-daemon-process-eventSourcedProjection-passivation-race-entity-passivation-race-consumer-b: Automatic entity passivation: disabled
08:06:46.005 INFO  a.c.s.ClusterSingletonManager - Singleton manager starting singleton actor [akka://akka-runtime/system/sharding/sharded-daemon-process-eventSourcedProjection-passivation-race-entity-passivation-race-consumer-aCoordinator/singleton]
08:06:46.005 INFO  a.c.s.ClusterSingletonManager - ClusterSingletonManager state change [Start -> Oldest]
08:06:46.005 INFO  a.c.s.ClusterSingletonManager - Singleton manager starting singleton actor [akka://akka-runtime/system/singletonManagerShardedDaemonProcessCoordinator-eventSourcedProjection-passivation-race-entity-passivation-race-consumer-a/ShardedDaemonProcessCoordinator-eventSourcedProjection-passivation-race-entity-passivation-race-consumer-a]
08:06:46.005 INFO  a.c.s.ClusterSingletonManager - ClusterSingletonManager state change [Start -> Oldest]
08:06:46.006 DEBUG a.c.sharding.DDataShardCoordinator - sharded-daemon-process-eventSourcedProjection-passivation-race-entity-passivation-race-consumer-a: Initial coordinator is empty.
08:06:46.006 INFO  a.c.sharding.DDataShardCoordinator - sharded-daemon-process-eventSourcedProjection-passivation-race-entity-passivation-race-consumer-a: ShardCoordinator was moved to the active state with [0] shards
08:06:46.006 DEBUG a.c.s.t.i.ShardedDaemonProcessCoordinator$ - ShardedDaemonProcessCoordinator for [eventSourcedProjection-passivation-race-entity-passivation-race-consumer-a] starting
08:06:46.006 DEBUG a.c.singleton.ClusterSingletonProxy - Creating singleton identification timer...
08:06:46.006 INFO  a.c.s.typed.scaladsl.ClusterSharding - Starting Shard Region [sharded-daemon-process-eventSourcedProjection-passivation-race-entity-passivation-race-view]...
08:06:46.006 DEBUG a.c.s.t.i.ShardedDaemonProcessCoordinator$ - eventSourcedProjection-passivation-race-entity-passivation-race-consumer-a: No previous state stored for Sharded Daemon Process
08:06:46.006 DEBUG a.c.s.t.i.ShardedDaemonProcessCoordinator$ - Sending periodic keep alive for Sharded Daemon Process [eventSourcedProjection-passivation-race-entity-passivation-race-consumer-a] to [1] processes (revision [0]).
08:06:46.006 DEBUG a.c.singleton.ClusterSingletonProxy - Trying to identify singleton at [akka://akka-runtime@127.0.0.1:63137/system/singletonManagerShardedDaemonProcessCoordinator-eventSourcedProjection-passivation-race-entity-passivation-race-consumer-b/ShardedDaemonProcessCoordinator-eventSourcedProjection-passivation-race-entity-passivation-race-consumer-b]
08:06:46.006 INFO  a.c.s.ClusterSingletonManager - Singleton manager starting singleton actor [akka://akka-runtime/system/sharding/sharded-daemon-process-eventSourcedProjection-passivation-race-entity-passivation-race-consumer-bCoordinator/singleton]
08:06:46.006 INFO  a.c.s.ClusterSingletonManager - ClusterSingletonManager state change [Start -> Oldest]
08:06:46.006 INFO  akka.cluster.sharding.ShardRegion - sharded-daemon-process-eventSourcedProjection-passivation-race-entity-passivation-race-view: Automatic entity passivation: disabled
08:06:46.006 DEBUG a.c.sharding.DDataShardCoordinator - sharded-daemon-process-eventSourcedProjection-passivation-race-entity-passivation-race-consumer-b: Initial coordinator is empty.
08:06:46.006 INFO  a.c.sharding.DDataShardCoordinator - sharded-daemon-process-eventSourcedProjection-passivation-race-entity-passivation-race-consumer-b: ShardCoordinator was moved to the active state with [0] shards
08:06:46.006 INFO  a.c.s.ClusterSingletonManager - Singleton manager starting singleton actor [akka://akka-runtime/system/singletonManagerShardedDaemonProcessCoordinator-eventSourcedProjection-passivation-race-entity-passivation-race-consumer-b/ShardedDaemonProcessCoordinator-eventSourcedProjection-passivation-race-entity-passivation-race-consumer-b]
08:06:46.006 INFO  a.c.s.ClusterSingletonManager - ClusterSingletonManager state change [Start -> Oldest]
08:06:46.006 DEBUG a.c.s.t.i.ShardedDaemonProcessCoordinator$ - ShardedDaemonProcessCoordinator for [eventSourcedProjection-passivation-race-entity-passivation-race-consumer-b] starting
08:06:46.006 DEBUG a.c.s.t.i.ShardedDaemonProcessCoordinator$ - eventSourcedProjection-passivation-race-entity-passivation-race-consumer-b: No previous state stored for Sharded Daemon Process
08:06:46.006 DEBUG a.c.s.t.i.ShardedDaemonProcessCoordinator$ - Sending periodic keep alive for Sharded Daemon Process [eventSourcedProjection-passivation-race-entity-passivation-race-consumer-b] to [1] processes (revision [0]).
08:06:46.006 DEBUG a.c.singleton.ClusterSingletonProxy - Creating singleton identification timer...
08:06:46.007 DEBUG a.c.singleton.ClusterSingletonProxy - Trying to identify singleton at [akka://akka-runtime@127.0.0.1:63137/system/singletonManagerShardedDaemonProcessCoordinator-eventSourcedProjection-passivation-race-entity-passivation-race-view/ShardedDaemonProcessCoordinator-eventSourcedProjection-passivation-race-entity-passivation-race-view]
08:06:46.007 INFO  a.c.s.ClusterSingletonManager - Singleton manager starting singleton actor [akka://akka-runtime/system/sharding/sharded-daemon-process-eventSourcedProjection-passivation-race-entity-passivation-race-viewCoordinator/singleton]
08:06:46.007 INFO  a.c.s.ClusterSingletonManager - ClusterSingletonManager state change [Start -> Oldest]
08:06:46.007 INFO  a.c.s.ClusterSingletonManager - Singleton manager starting singleton actor [akka://akka-runtime/system/singletonManagerShardedDaemonProcessCoordinator-eventSourcedProjection-passivation-race-entity-passivation-race-view/ShardedDaemonProcessCoordinator-eventSourcedProjection-passivation-race-entity-passivation-race-view]
08:06:46.007 INFO  a.c.s.ClusterSingletonManager - ClusterSingletonManager state change [Start -> Oldest]
08:06:46.007 DEBUG a.c.sharding.DDataShardCoordinator - sharded-daemon-process-eventSourcedProjection-passivation-race-entity-passivation-race-view: Initial coordinator is empty.
08:06:46.007 DEBUG a.c.s.t.i.ShardedDaemonProcessCoordinator$ - ShardedDaemonProcessCoordinator for [eventSourcedProjection-passivation-race-entity-passivation-race-view] starting
08:06:46.007 INFO  a.c.sharding.DDataShardCoordinator - sharded-daemon-process-eventSourcedProjection-passivation-race-entity-passivation-race-view: ShardCoordinator was moved to the active state with [0] shards
08:06:46.007 DEBUG a.c.s.t.i.ShardedDaemonProcessCoordinator$ - eventSourcedProjection-passivation-race-entity-passivation-race-view: No previous state stored for Sharded Daemon Process
08:06:46.007 DEBUG a.c.s.t.i.ShardedDaemonProcessCoordinator$ - Sending periodic keep alive for Sharded Daemon Process [eventSourcedProjection-passivation-race-entity-passivation-race-view] to [1] processes (revision [0]).
08:06:46.007 INFO  akka.runtime.DiscoveryManager - Akka Runtime started at 127.0.0.1:63135
08:06:46.008 INFO  repro.Bootstrap - onStartup burst of 8 starting
08:06:46.051 INFO  akka.javasdk.testkit.TestKit - Runtime started
08:06:46.051 INFO  akka.actor.CoordinatedShutdown - Running CoordinatedShutdown with reason [ActorSystemTerminateReason]
08:06:46.051 DEBUG akka.actor.CoordinatedShutdown - Performing phase [before-service-unbind] with [0] tasks
08:06:46.051 DEBUG akka.actor.CoordinatedShutdown - Performing phase [service-unbind] with [1] tasks.
08:06:46.051 DEBUG akka.actor.CoordinatedShutdown - Performing task [http-unbind-/127.0.0.1:63135] in CoordinatedShutdown phase [service-unbind]
08:06:46.051 DEBUG akka.actor.CoordinatedShutdown - Performing phase [service-requests-done] with [1] tasks.
08:06:46.051 DEBUG akka.actor.CoordinatedShutdown - Performing task [http-terminate-/127.0.0.1:63135] in CoordinatedShutdown phase [service-requests-done]
08:06:46.052 DEBUG akka.actor.CoordinatedShutdown - Performing phase [service-stop] with [1] tasks.
08:06:46.052 DEBUG akka.actor.CoordinatedShutdown - Performing task [stop-grpc-clients] in CoordinatedShutdown phase [service-stop]
08:06:46.052 DEBUG akka.actor.CoordinatedShutdown - Performing phase [before-cluster-shutdown] with [0] tasks
08:06:46.052 DEBUG akka.actor.CoordinatedShutdown - Performing phase [cluster-sharding-shutdown-region] with [5] tasks.
08:06:46.052 DEBUG akka.actor.CoordinatedShutdown - Performing task [region-shutdown] in CoordinatedShutdown phase [cluster-sharding-shutdown-region]
08:06:46.052 DEBUG akka.actor.CoordinatedShutdown - Performing task [region-shutdown] in CoordinatedShutdown phase [cluster-sharding-shutdown-region]
08:06:46.052 DEBUG akka.actor.CoordinatedShutdown - Performing task [region-shutdown] in CoordinatedShutdown phase [cluster-sharding-shutdown-region]
08:06:46.052 DEBUG akka.actor.CoordinatedShutdown - Performing task [region-shutdown] in CoordinatedShutdown phase [cluster-sharding-shutdown-region]
08:06:46.052 DEBUG akka.actor.CoordinatedShutdown - Performing task [region-shutdown] in CoordinatedShutdown phase [cluster-sharding-shutdown-region]
08:06:46.052 DEBUG a.c.sharding.DDataShardCoordinator - sharded-daemon-process-eventSourcedProjection-passivation-race-entity-passivation-race-view: Unknown region requested graceful shutdown [Actor[akka://akka-runtime/system/sharding/sharded-daemon-process-eventSourcedProjection-passivation-race-entity-passivation-race-view#1258922186]]
08:06:46.052 DEBUG a.c.sharding.DDataShardCoordinator - sharded-daemon-process-eventSourcedProjection-passivation-race-entity-passivation-race-consumer-a: Unknown region requested graceful shutdown [Actor[akka://akka-runtime/system/sharding/sharded-daemon-process-eventSourcedProjection-passivation-race-entity-passivation-race-consumer-a#-1850027954]]
08:06:46.052 DEBUG a.c.sharding.DDataShardCoordinator - passivation-race-entity: Unknown region requested graceful shutdown [Actor[akka://akka-runtime/system/sharding/passivation-race-entity#-1506367901]]
08:06:46.052 DEBUG a.c.sharding.DDataShardCoordinator - sharded-daemon-process-eventSourcedProjection-passivation-race-entity-passivation-race-consumer-b: Unknown region requested graceful shutdown [Actor[akka://akka-runtime/system/sharding/sharded-daemon-process-eventSourcedProjection-passivation-race-entity-passivation-race-consumer-b#-530066621]]
08:06:46.052 DEBUG a.c.sharding.DDataShardCoordinator - _timer: Unknown region requested graceful shutdown [Actor[akka://akka-runtime/system/sharding/_timer#1190441161]]
08:06:46.067 DEBUG a.c.singleton.ClusterSingletonProxy - Trying to identify singleton at [akka://akka-runtime@127.0.0.1:63137/system/singletonManagerShardedDaemonProcessCoordinator-eventSourcedProjection-passivation-race-entity-passivation-race-view/ShardedDaemonProcessCoordinator-eventSourcedProjection-passivation-race-entity-passivation-race-view]
08:06:46.067 DEBUG a.c.singleton.ClusterSingletonProxy - Trying to identify singleton at [akka://akka-runtime@127.0.0.1:63137/system/singletonManagerShardedDaemonProcessCoordinator-eventSourcedProjection-passivation-race-entity-passivation-race-consumer-a/ShardedDaemonProcessCoordinator-eventSourcedProjection-passivation-race-entity-passivation-race-consumer-a]
08:06:46.067 DEBUG a.c.singleton.ClusterSingletonProxy - Trying to identify singleton at [akka://akka-runtime@127.0.0.1:63137/system/singletonManagerShardedDaemonProcessCoordinator-eventSourcedProjection-passivation-race-entity-passivation-race-consumer-b/ShardedDaemonProcessCoordinator-eventSourcedProjection-passivation-race-entity-passivation-race-consumer-b]
08:06:46.067 INFO  a.c.singleton.ClusterSingletonProxy - Singleton identified at [akka://akka-runtime/system/singletonManagerShardedDaemonProcessCoordinator-eventSourcedProjection-passivation-race-entity-passivation-race-consumer-a/ShardedDaemonProcessCoordinator-eventSourcedProjection-passivation-race-entity-passivation-race-consumer-a]
08:06:46.067 INFO  a.c.singleton.ClusterSingletonProxy - Singleton identified at [akka://akka-runtime/system/singletonManagerShardedDaemonProcessCoordinator-eventSourcedProjection-passivation-race-entity-passivation-race-view/ShardedDaemonProcessCoordinator-eventSourcedProjection-passivation-race-entity-passivation-race-view]
08:06:46.067 DEBUG a.c.singleton.ClusterSingletonProxy - Sending buffered messages to current singleton instance
08:06:46.067 DEBUG a.c.singleton.ClusterSingletonProxy - Sending buffered messages to current singleton instance
08:06:46.067 INFO  a.c.singleton.ClusterSingletonProxy - Singleton identified at [akka://akka-runtime/system/singletonManagerShardedDaemonProcessCoordinator-eventSourcedProjection-passivation-race-entity-passivation-race-consumer-b/ShardedDaemonProcessCoordinator-eventSourcedProjection-passivation-race-entity-passivation-race-consumer-b]
08:06:46.067 DEBUG a.c.singleton.ClusterSingletonProxy - Sending buffered messages to current singleton instance
08:06:46.267 DEBUG a.c.sharding.DDataShardCoordinator - passivation-race-entity: ShardRegion registered: [Actor[akka://akka-runtime/system/sharding/passivation-race-entity#-1506367901]]
08:06:46.267 DEBUG a.c.sharding.DDataShardCoordinator - sharded-daemon-process-eventSourcedProjection-passivation-race-entity-passivation-race-consumer-b: ShardRegion registered: [Actor[akka://akka-runtime/system/sharding/sharded-daemon-process-eventSourcedProjection-passivation-race-entity-passivation-race-consumer-b#-530066621]]
08:06:46.267 DEBUG a.c.sharding.DDataShardCoordinator - sharded-daemon-process-eventSourcedProjection-passivation-race-entity-passivation-race-consumer-a: ShardRegion registered: [Actor[akka://akka-runtime/system/sharding/sharded-daemon-process-eventSourcedProjection-passivation-race-entity-passivation-race-consumer-a#-1850027954]]
08:06:46.268 DEBUG a.c.sharding.DDataShardCoordinator - sharded-daemon-process-eventSourcedProjection-passivation-race-entity-passivation-race-view: ShardRegion registered: [Actor[akka://akka-runtime/system/sharding/sharded-daemon-process-eventSourcedProjection-passivation-race-entity-passivation-race-view#1258922186]]
08:06:46.268 DEBUG a.c.sharding.DDataShardCoordinator - sharded-daemon-process-eventSourcedProjection-passivation-race-entity-passivation-race-consumer-b: The coordinator state was successfully updated with ShardRegionRegistered(Actor[akka://akka-runtime/system/sharding/sharded-daemon-process-eventSourcedProjection-passivation-race-entity-passivation-race-consumer-b#-530066621])
08:06:46.268 DEBUG a.c.sharding.DDataShardCoordinator - sharded-daemon-process-eventSourcedProjection-passivation-race-entity-passivation-race-view: The coordinator state was successfully updated with ShardRegionRegistered(Actor[akka://akka-runtime/system/sharding/sharded-daemon-process-eventSourcedProjection-passivation-race-entity-passivation-race-view#1258922186])
08:06:46.268 DEBUG a.c.sharding.DDataShardCoordinator - passivation-race-entity: The coordinator state was successfully updated with ShardRegionRegistered(Actor[akka://akka-runtime/system/sharding/passivation-race-entity#-1506367901])
08:06:46.268 DEBUG a.c.sharding.DDataShardCoordinator - sharded-daemon-process-eventSourcedProjection-passivation-race-entity-passivation-race-consumer-a: The coordinator state was successfully updated with ShardRegionRegistered(Actor[akka://akka-runtime/system/sharding/sharded-daemon-process-eventSourcedProjection-passivation-race-entity-passivation-race-consumer-a#-1850027954])
08:06:46.268 DEBUG a.c.sharding.DDataShardCoordinator - sharded-daemon-process-eventSourcedProjection-passivation-race-entity-passivation-race-consumer-b: The coordinator state was successfully updated with ShardHomeAllocated(0,Actor[akka://akka-runtime/system/sharding/sharded-daemon-process-eventSourcedProjection-passivation-race-entity-passivation-race-consumer-b#-530066621])
08:06:46.268 DEBUG a.c.sharding.DDataShardCoordinator - sharded-daemon-process-eventSourcedProjection-passivation-race-entity-passivation-race-consumer-b: Shard [0] allocated at [Actor[akka://akka-runtime/system/sharding/sharded-daemon-process-eventSourcedProjection-passivation-race-entity-passivation-race-consumer-b#-530066621]]
08:06:46.268 DEBUG a.c.sharding.DDataShardCoordinator - sharded-daemon-process-eventSourcedProjection-passivation-race-entity-passivation-race-view: The coordinator state was successfully updated with ShardHomeAllocated(0,Actor[akka://akka-runtime/system/sharding/sharded-daemon-process-eventSourcedProjection-passivation-race-entity-passivation-race-view#1258922186])
08:06:46.268 DEBUG a.c.sharding.DDataShardCoordinator - sharded-daemon-process-eventSourcedProjection-passivation-race-entity-passivation-race-view: Shard [0] allocated at [Actor[akka://akka-runtime/system/sharding/sharded-daemon-process-eventSourcedProjection-passivation-race-entity-passivation-race-view#1258922186]]
08:06:46.269 DEBUG a.c.sharding.DDataShardCoordinator - passivation-race-entity: The coordinator state was successfully updated with ShardHomeAllocated(109,Actor[akka://akka-runtime/system/sharding/passivation-race-entity#-1506367901])
08:06:46.269 DEBUG a.c.sharding.DDataShardCoordinator - passivation-race-entity: Shard [109] allocated at [Actor[akka://akka-runtime/system/sharding/passivation-race-entity#-1506367901]]
08:06:46.269 DEBUG a.c.sharding.DDataShardCoordinator - sharded-daemon-process-eventSourcedProjection-passivation-race-entity-passivation-race-consumer-a: The coordinator state was successfully updated with ShardHomeAllocated(0,Actor[akka://akka-runtime/system/sharding/sharded-daemon-process-eventSourcedProjection-passivation-race-entity-passivation-race-consumer-a#-1850027954])
08:06:46.269 DEBUG a.c.sharding.DDataShardCoordinator - sharded-daemon-process-eventSourcedProjection-passivation-race-entity-passivation-race-consumer-a: Shard [0] allocated at [Actor[akka://akka-runtime/system/sharding/sharded-daemon-process-eventSourcedProjection-passivation-race-entity-passivation-race-consumer-a#-1850027954]]
08:06:46.269 DEBUG a.c.sharding.DDataShardCoordinator - sharded-daemon-process-eventSourcedProjection-passivation-race-entity-passivation-race-consumer-b: Graceful shutdown of region [Actor[akka://akka-runtime/system/sharding/sharded-daemon-process-eventSourcedProjection-passivation-race-entity-passivation-race-consumer-b#-530066621]] with [1] shards
08:06:46.269 INFO  a.c.sharding.DDataShardCoordinator - sharded-daemon-process-eventSourcedProjection-passivation-race-entity-passivation-race-consumer-b: Starting shutting down shards [0] due to region shutting down or explicit stopping of shards.
08:06:46.269 DEBUG a.c.sharding.DDataShardCoordinator - sharded-daemon-process-eventSourcedProjection-passivation-race-entity-passivation-race-view: Graceful shutdown of region [Actor[akka://akka-runtime/system/sharding/sharded-daemon-process-eventSourcedProjection-passivation-race-entity-passivation-race-view#1258922186]] with [1] shards
08:06:46.269 INFO  a.c.sharding.DDataShardCoordinator - sharded-daemon-process-eventSourcedProjection-passivation-race-entity-passivation-race-view: Starting shutting down shards [0] due to region shutting down or explicit stopping of shards.
08:06:46.269 DEBUG akka.cluster.sharding.Shard - sharded-daemon-process-eventSourcedProjection-passivation-race-entity-passivation-race-view: Shard initialized
08:06:46.269 DEBUG akka.cluster.sharding.Shard - sharded-daemon-process-eventSourcedProjection-passivation-race-entity-passivation-race-consumer-b: Shard initialized
08:06:46.269 DEBUG a.c.sharding.DDataShardCoordinator - passivation-race-entity: Graceful shutdown of region [Actor[akka://akka-runtime/system/sharding/passivation-race-entity#-1506367901]] with [1] shards
08:06:46.269 INFO  a.c.sharding.DDataShardCoordinator - passivation-race-entity: Starting shutting down shards [109] due to region shutting down or explicit stopping of shards.
08:06:46.269 DEBUG a.c.s.ShardCoordinator$RebalanceWorker - sharded-daemon-process-eventSourcedProjection-passivation-race-entity-passivation-race-view: Shutting down shard [0] from region [Actor[akka://akka-runtime/system/sharding/sharded-daemon-process-eventSourcedProjection-passivation-race-entity-passivation-race-view#1258922186]]. Asking [1] region(s) to hand-off shard
08:06:46.269 DEBUG a.c.s.ShardCoordinator$RebalanceWorker - sharded-daemon-process-eventSourcedProjection-passivation-race-entity-passivation-race-consumer-b: Shutting down shard [0] from region [Actor[akka://akka-runtime/system/sharding/sharded-daemon-process-eventSourcedProjection-passivation-race-entity-passivation-race-consumer-b#-530066621]]. Asking [1] region(s) to hand-off shard
08:06:46.269 DEBUG a.c.s.t.i.ShardedDaemonProcessState$ - eventSourcedProjection-passivation-race-entity-passivation-race-view: Deferred start of worker to verify its revision [0] is the latest
08:06:46.270 INFO  a.c.s.t.i.ShardedDaemonProcessState$ - eventSourcedProjection-passivation-race-entity-passivation-race-view: Starting Sharded Daemon Process [0] out of a total [1] (revision [0] and no state found)
08:06:46.270 DEBUG akka.cluster.sharding.Shard - sharded-daemon-process-eventSourcedProjection-passivation-race-entity-passivation-race-view: Request to start entity [0] and ack to [Some(Actor[akka://akka-runtime/deadLetters])]
08:06:46.270 DEBUG akka.cluster.sharding.Shard - sharded-daemon-process-eventSourcedProjection-passivation-race-entity-passivation-race-view: Started entity [Actor[akka://akka-runtime/system/sharding/sharded-daemon-process-eventSourcedProjection-passivation-race-entity-passivation-race-view/0/0#-1095145520]] with entity id [0] in shard [0]
08:06:46.270 DEBUG a.c.s.ShardCoordinator$RebalanceWorker - sharded-daemon-process-eventSourcedProjection-passivation-race-entity-passivation-race-view: BeginHandOffAck for shard [0] received from [Actor[akka://akka-runtime/system/sharding/sharded-daemon-process-eventSourcedProjection-passivation-race-entity-passivation-race-view#1258922186]].
08:06:46.270 DEBUG a.c.s.ShardCoordinator$RebalanceWorker - sharded-daemon-process-eventSourcedProjection-passivation-race-entity-passivation-race-view: All shard regions acked, handing off shard [0].
08:06:46.270 DEBUG akka.cluster.sharding.Shard - passivation-race-entity: Shard initialized
08:06:46.270 DEBUG a.c.s.t.i.ShardedDaemonProcessState$ - eventSourcedProjection-passivation-race-entity-passivation-race-consumer-b: Deferred start of worker to verify its revision [0] is the latest
08:06:46.270 DEBUG a.c.sharding.DDataShardCoordinator - sharded-daemon-process-eventSourcedProjection-passivation-race-entity-passivation-race-consumer-a: Graceful shutdown of region [Actor[akka://akka-runtime/system/sharding/sharded-daemon-process-eventSourcedProjection-passivation-race-entity-passivation-race-consumer-a#-1850027954]] with [1] shards
08:06:46.270 INFO  a.c.sharding.DDataShardCoordinator - sharded-daemon-process-eventSourcedProjection-passivation-race-entity-passivation-race-consumer-a: Starting shutting down shards [0] due to region shutting down or explicit stopping of shards.
08:06:46.270 DEBUG akka.cluster.sharding.Shard - sharded-daemon-process-eventSourcedProjection-passivation-race-entity-passivation-race-consumer-a: Shard initialized
08:06:46.270 DEBUG a.c.s.ShardCoordinator$RebalanceWorker - passivation-race-entity: Shutting down shard [109] from region [Actor[akka://akka-runtime/system/sharding/passivation-race-entity#-1506367901]]. Asking [1] region(s) to hand-off shard
08:06:46.270 DEBUG akka.cluster.sharding.Shard - sharded-daemon-process-eventSourcedProjection-passivation-race-entity-passivation-race-view: HandOff shard [0]
08:06:46.270 DEBUG a.c.s.ShardCoordinator$RebalanceWorker - sharded-daemon-process-eventSourcedProjection-passivation-race-entity-passivation-race-consumer-a: Shutting down shard [0] from region [Actor[akka://akka-runtime/system/sharding/sharded-daemon-process-eventSourcedProjection-passivation-race-entity-passivation-race-consumer-a#-1850027954]]. Asking [1] region(s) to hand-off shard
08:06:46.270 DEBUG akka.cluster.sharding.Shard - sharded-daemon-process-eventSourcedProjection-passivation-race-entity-passivation-race-view: Starting HandOffStopper for shard [0] to terminate [1] entities.
08:06:46.270 DEBUG akka.cluster.sharding.Shard - passivation-race-entity: Started entity [Actor[akka://akka-runtime/system/sharding/passivation-race-entity/109/a9951f5d-2283-4b85-beac-1b66a9155684#-393545659]] with entity id [a9951f5d-2283-4b85-beac-1b66a9155684] in shard [109]
08:06:46.270 DEBUG a.c.s.ShardCoordinator$RebalanceWorker - passivation-race-entity: BeginHandOffAck for shard [109] received from [Actor[akka://akka-runtime/system/sharding/passivation-race-entity#-1506367901]].
08:06:46.270 DEBUG a.c.s.ShardCoordinator$RebalanceWorker - passivation-race-entity: All shard regions acked, handing off shard [109].
08:06:46.270 DEBUG akka.cluster.sharding.Shard - sharded-daemon-process-eventSourcedProjection-passivation-race-entity-passivation-race-consumer-a: Request to start entity [0] and ack to [Some(Actor[akka://akka-runtime/deadLetters])]
08:06:46.270 DEBUG akka.cluster.sharding.Shard - sharded-daemon-process-eventSourcedProjection-passivation-race-entity-passivation-race-consumer-a: Started entity [Actor[akka://akka-runtime/system/sharding/sharded-daemon-process-eventSourcedProjection-passivation-race-entity-passivation-race-consumer-a/0/0#-1519313422]] with entity id [0] in shard [0]
08:06:46.270 DEBUG a.c.s.ShardCoordinator$RebalanceWorker - sharded-daemon-process-eventSourcedProjection-passivation-race-entity-passivation-race-consumer-a: BeginHandOffAck for shard [0] received from [Actor[akka://akka-runtime/system/sharding/sharded-daemon-process-eventSourcedProjection-passivation-race-entity-passivation-race-consumer-a#-1850027954]].
08:06:46.270 DEBUG a.c.s.ShardCoordinator$RebalanceWorker - sharded-daemon-process-eventSourcedProjection-passivation-race-entity-passivation-race-consumer-a: All shard regions acked, handing off shard [0].
08:06:46.270 DEBUG akka.cluster.sharding.Shard - sharded-daemon-process-eventSourcedProjection-passivation-race-entity-passivation-race-consumer-b: Request to start entity [0] and ack to [Some(Actor[akka://akka-runtime/deadLetters])]
08:06:46.271 DEBUG akka.cluster.sharding.Shard - sharded-daemon-process-eventSourcedProjection-passivation-race-entity-passivation-race-consumer-b: Started entity [Actor[akka://akka-runtime/system/sharding/sharded-daemon-process-eventSourcedProjection-passivation-race-entity-passivation-race-consumer-b/0/0#-61856120]] with entity id [0] in shard [0]
08:06:46.271 DEBUG a.c.s.ShardCoordinator$RebalanceWorker - sharded-daemon-process-eventSourcedProjection-passivation-race-entity-passivation-race-consumer-b: BeginHandOffAck for shard [0] received from [Actor[akka://akka-runtime/system/sharding/sharded-daemon-process-eventSourcedProjection-passivation-race-entity-passivation-race-consumer-b#-530066621]].
08:06:46.271 DEBUG a.c.s.ShardCoordinator$RebalanceWorker - sharded-daemon-process-eventSourcedProjection-passivation-race-entity-passivation-race-consumer-b: All shard regions acked, handing off shard [0].
08:06:46.271 DEBUG akka.cluster.sharding.Shard - sharded-daemon-process-eventSourcedProjection-passivation-race-entity-passivation-race-consumer-b: HandOff shard [0]
08:06:46.271 DEBUG akka.cluster.sharding.Shard - sharded-daemon-process-eventSourcedProjection-passivation-race-entity-passivation-race-consumer-b: Starting HandOffStopper for shard [0] to terminate [1] entities.
08:06:46.271 INFO  a.c.s.t.i.ShardedDaemonProcessState$ - eventSourcedProjection-passivation-race-entity-passivation-race-consumer-b: Starting Sharded Daemon Process [0] out of a total [1] (revision [0] and no state found)
08:06:46.273 DEBUG akka.cluster.sharding.Shard - passivation-race-entity: HandOff shard [109]
08:06:46.273 DEBUG akka.cluster.sharding.Shard - passivation-race-entity: Starting HandOffStopper for shard [109] to terminate [1] entities.
08:06:46.273 DEBUG a.c.s.t.i.ShardedDaemonProcessState$ - eventSourcedProjection-passivation-race-entity-passivation-race-consumer-a: Deferred start of worker to verify its revision [0] is the latest
08:06:46.273 DEBUG akka.cluster.sharding.Shard - sharded-daemon-process-eventSourcedProjection-passivation-race-entity-passivation-race-consumer-a: HandOff shard [0]
08:06:46.273 DEBUG akka.cluster.sharding.Shard - sharded-daemon-process-eventSourcedProjection-passivation-race-entity-passivation-race-consumer-a: Starting HandOffStopper for shard [0] to terminate [1] entities.
08:06:46.274 INFO  a.c.s.t.i.ShardedDaemonProcessState$ - eventSourcedProjection-passivation-race-entity-passivation-race-consumer-a: Starting Sharded Daemon Process [0] out of a total [1] (revision [0] and no state found)
08:06:46.282 DEBUG a.c.sharding.DDataShardCoordinator - passivation-race-entity: Shard [109] deallocation completed successfully.
08:06:46.282 DEBUG akka.cluster.sharding.Shard - passivation-race-entity: Shard [109] shutting down
08:06:46.282 DEBUG a.c.sharding.DDataShardCoordinator - passivation-race-entity: The coordinator state was successfully updated with ShardHomeDeallocated(109)
08:06:46.282 DEBUG a.c.sharding.DDataShardCoordinator - passivation-race-entity: Shard [109] deallocated after
08:06:46.282 DEBUG a.c.sharding.DDataShardCoordinator - passivation-race-entity: ShardRegion terminated (gracefully): [Actor[akka://akka-runtime/system/sharding/passivation-race-entity#-1506367901]] {}
08:06:46.282 DEBUG a.c.sharding.DDataShardCoordinator - passivation-race-entity: GetShardHome [109] request from [Actor[akka://local/ignore]] stashed, because waiting for initial state or update of state. It will be handled afterwards.
08:06:46.282 DEBUG a.c.sharding.DDataShardCoordinator - passivation-race-entity: The coordinator state was successfully updated with ShardRegionTerminated(Actor[akka://akka-runtime/system/sharding/passivation-race-entity#-1506367901])
08:06:46.282 DEBUG a.c.sharding.DDataShardCoordinator - passivation-race-entity: ShardRegion stopped: [Actor[akka://akka-runtime/system/sharding/passivation-race-entity#-1506367901]]
08:06:46.285 ERROR repro.Bootstrap - onStartup() threw an exception
java.util.concurrent.TimeoutException: Command to entity [passivation-race-entity] id [d7164c62-df52-4627-a83d-0426447f612d] timed out.
	at kalix.runtime.eventsourcedentity.EventSourcedSupport$$anonfun$$nestedInanonfun$handleCommand$1$1.applyOrElse(EventSourcedEntitySupportFactory.scala:191)
	at kalix.runtime.eventsourcedentity.EventSourcedSupport$$anonfun$$nestedInanonfun$handleCommand$1$1.applyOrElse(EventSourcedEntitySupportFactory.scala:189)
	at scala.concurrent.impl.Promise$Transformation.run(Promise.scala:523)
	at akka.dispatch.BatchingExecutor$AbstractBatch.processBatch(BatchingExecutor.scala:64)
	at akka.dispatch.BatchingExecutor$BlockableBatch.$anonfun$run$1(BatchingExecutor.scala:101)
	at scala.runtime.java8.JFunction0$mcV$sp.apply(JFunction0$mcV$sp.scala:18)
	at scala.concurrent.BlockContext$.withBlockContext(BlockContext.scala:94)
	at akka.dispatch.BatchingExecutor$BlockableBatch.run(BatchingExecutor.scala:101)
	at akka.dispatch.TaskInvocation.run(AbstractDispatcher.scala:48)
	at akka.dispatch.ForkJoinExecutorConfigurator$AkkaForkJoinTask.exec(ForkJoinExecutorConfigurator.scala:60)
	at java.base/java.util.concurrent.ForkJoinTask.doExec(ForkJoinTask.java:507)
	at java.base/java.util.concurrent.ForkJoinPool$WorkQueue.topLevelExec(ForkJoinPool.java:1450)
	at java.base/java.util.concurrent.ForkJoinPool.runWorker(ForkJoinPool.java:2019)
	at java.base/java.util.concurrent.ForkJoinWorkerThread.run(ForkJoinWorkerThread.java:187)
08:06:47.038 WARN  a.c.s.ShardRegion$HandOffStopper - sharded-daemon-process-eventSourcedProjection-passivation-race-entity-passivation-race-consumer-b: [1] of the entities in shard [0] not stopped after [750 milliseconds]. Maybe the handOffStopMessage [akka.projection.ProjectionBehavior$Stop$] is not handled? Waiting additional [250 milliseconds] before stopping the remaining entities.
08:06:47.038 WARN  a.c.s.ShardRegion$HandOffStopper - sharded-daemon-process-eventSourcedProjection-passivation-race-entity-passivation-race-view: [1] of the entities in shard [0] not stopped after [750 milliseconds]. Maybe the handOffStopMessage [akka.projection.ProjectionBehavior$Stop$] is not handled? Waiting additional [250 milliseconds] before stopping the remaining entities.
08:06:47.038 WARN  a.c.s.ShardRegion$HandOffStopper - sharded-daemon-process-eventSourcedProjection-passivation-race-entity-passivation-race-consumer-a: [1] of the entities in shard [0] not stopped after [750 milliseconds]. Maybe the handOffStopMessage [akka.projection.ProjectionBehavior$Stop$] is not handled? Waiting additional [250 milliseconds] before stopping the remaining entities.
08:06:47.288 WARN  a.c.s.ShardRegion$HandOffStopper - sharded-daemon-process-eventSourcedProjection-passivation-race-entity-passivation-race-view: HandOffStopMessage [akka.projection.ProjectionBehavior$Stop$] is not handled by some of the entities in shard [0] after [1 second], stopping the remaining [1] entities.
08:06:47.288 WARN  a.c.s.ShardRegion$HandOffStopper - sharded-daemon-process-eventSourcedProjection-passivation-race-entity-passivation-race-consumer-b: HandOffStopMessage [akka.projection.ProjectionBehavior$Stop$] is not handled by some of the entities in shard [0] after [1 second], stopping the remaining [1] entities.
08:06:47.288 WARN  a.c.s.ShardRegion$HandOffStopper - sharded-daemon-process-eventSourcedProjection-passivation-race-entity-passivation-race-consumer-a: HandOffStopMessage [akka.projection.ProjectionBehavior$Stop$] is not handled by some of the entities in shard [0] after [1 second], stopping the remaining [1] entities.
08:06:47.288 DEBUG akka.cluster.sharding.Shard - sharded-daemon-process-eventSourcedProjection-passivation-race-entity-passivation-race-consumer-a: Shard [0] shutting down
08:06:47.288 DEBUG a.c.sharding.DDataShardCoordinator - sharded-daemon-process-eventSourcedProjection-passivation-race-entity-passivation-race-consumer-a: Shard [0] deallocation completed successfully.
08:06:47.289 DEBUG a.c.sharding.DDataShardCoordinator - sharded-daemon-process-eventSourcedProjection-passivation-race-entity-passivation-race-view: Shard [0] deallocation completed successfully.
08:06:47.289 DEBUG akka.cluster.sharding.Shard - sharded-daemon-process-eventSourcedProjection-passivation-race-entity-passivation-race-consumer-b: Shard [0] shutting down
08:06:47.289 DEBUG akka.cluster.sharding.Shard - sharded-daemon-process-eventSourcedProjection-passivation-race-entity-passivation-race-view: Shard [0] shutting down
08:06:47.289 DEBUG a.c.sharding.DDataShardCoordinator - sharded-daemon-process-eventSourcedProjection-passivation-race-entity-passivation-race-consumer-b: Shard [0] deallocation completed successfully.
08:06:47.289 WARN  a.s.s.RestartWithBackoffSource - Restarting stream due to failure [1]: akka.projection.r2dbc.internal.R2dbcOffsetStore$AttemptToUseStoppedOffsetStore: eventSourcedProjection-passivation-race-entity-passivation-race-consumer-b [0-1023], correlation [be03eb18-4f8e-4be0-a02a-5b30af7643e0]: R2dbcOffsetStore was stopped
08:06:47.289 WARN  a.s.s.RestartWithBackoffSource - Restarting stream due to failure [1]: akka.projection.r2dbc.internal.R2dbcOffsetStore$AttemptToUseStoppedOffsetStore: eventSourcedProjection-passivation-race-entity-passivation-race-consumer-a [0-1023], correlation [cf48f0b7-3838-4d0e-a6cc-8900e41f7d45]: R2dbcOffsetStore was stopped
08:06:47.289 DEBUG akka.actor.CoordinatedShutdown - Performing phase [cluster-leave] with [1] tasks.
08:06:47.289 DEBUG akka.actor.CoordinatedShutdown - Performing task [leave] in CoordinatedShutdown phase [cluster-leave]
08:06:47.289 WARN  a.s.s.RestartWithBackoffSource - Restarting stream due to failure [1]: akka.projection.r2dbc.internal.R2dbcOffsetStore$AttemptToUseStoppedOffsetStore: eventSourcedProjection-passivation-race-entity-passivation-race-view [0-1023], correlation [640fe90c-518a-465f-928b-b6b69c142494]: R2dbcOffsetStore was stopped
08:06:47.289 DEBUG a.c.sharding.DDataShardCoordinator - sharded-daemon-process-eventSourcedProjection-passivation-race-entity-passivation-race-consumer-a: The coordinator state was successfully updated with ShardHomeDeallocated(0)
08:06:47.289 DEBUG a.c.sharding.DDataShardCoordinator - sharded-daemon-process-eventSourcedProjection-passivation-race-entity-passivation-race-view: The coordinator state was successfully updated with ShardHomeDeallocated(0)
08:06:47.289 DEBUG a.c.sharding.DDataShardCoordinator - sharded-daemon-process-eventSourcedProjection-passivation-race-entity-passivation-race-view: Shard [0] deallocated after
08:06:47.289 DEBUG a.c.sharding.DDataShardCoordinator - sharded-daemon-process-eventSourcedProjection-passivation-race-entity-passivation-race-consumer-a: Shard [0] deallocated after
08:06:47.289 DEBUG a.c.sharding.DDataShardCoordinator - sharded-daemon-process-eventSourcedProjection-passivation-race-entity-passivation-race-consumer-b: The coordinator state was successfully updated with ShardHomeDeallocated(0)
08:06:47.289 DEBUG a.c.sharding.DDataShardCoordinator - sharded-daemon-process-eventSourcedProjection-passivation-race-entity-passivation-race-consumer-b: Shard [0] deallocated after
08:06:47.289 DEBUG a.c.sharding.DDataShardCoordinator - sharded-daemon-process-eventSourcedProjection-passivation-race-entity-passivation-race-consumer-b: ShardRegion terminated (gracefully): [Actor[akka://akka-runtime/system/sharding/sharded-daemon-process-eventSourcedProjection-passivation-race-entity-passivation-race-consumer-b#-530066621]] {}
08:06:47.289 DEBUG a.c.sharding.DDataShardCoordinator - sharded-daemon-process-eventSourcedProjection-passivation-race-entity-passivation-race-consumer-a: ShardRegion terminated (gracefully): [Actor[akka://akka-runtime/system/sharding/sharded-daemon-process-eventSourcedProjection-passivation-race-entity-passivation-race-consumer-a#-1850027954]] {}
08:06:47.289 DEBUG a.c.sharding.DDataShardCoordinator - sharded-daemon-process-eventSourcedProjection-passivation-race-entity-passivation-race-view: ShardRegion terminated (gracefully): [Actor[akka://akka-runtime/system/sharding/sharded-daemon-process-eventSourcedProjection-passivation-race-entity-passivation-race-view#1258922186]] {}
08:06:47.289 DEBUG a.c.sharding.DDataShardCoordinator - sharded-daemon-process-eventSourcedProjection-passivation-race-entity-passivation-race-view: GetShardHome [0] request from [Actor[akka://local/ignore]] stashed, because waiting for initial state or update of state. It will be handled afterwards.
08:06:47.289 DEBUG a.c.sharding.DDataShardCoordinator - sharded-daemon-process-eventSourcedProjection-passivation-race-entity-passivation-race-consumer-a: GetShardHome [0] request from [Actor[akka://local/ignore]] stashed, because waiting for initial state or update of state. It will be handled afterwards.
08:06:47.289 DEBUG a.c.sharding.DDataShardCoordinator - sharded-daemon-process-eventSourcedProjection-passivation-race-entity-passivation-race-consumer-b: GetShardHome [0] request from [Actor[akka://local/ignore]] stashed, because waiting for initial state or update of state. It will be handled afterwards.
08:06:47.290 DEBUG a.c.sharding.DDataShardCoordinator - sharded-daemon-process-eventSourcedProjection-passivation-race-entity-passivation-race-view: The coordinator state was successfully updated with ShardRegionTerminated(Actor[akka://akka-runtime/system/sharding/sharded-daemon-process-eventSourcedProjection-passivation-race-entity-passivation-race-view#1258922186])
08:06:47.290 DEBUG a.c.sharding.DDataShardCoordinator - sharded-daemon-process-eventSourcedProjection-passivation-race-entity-passivation-race-view: ShardRegion stopped: [Actor[akka://akka-runtime/system/sharding/sharded-daemon-process-eventSourcedProjection-passivation-race-entity-passivation-race-view#1258922186]]
08:06:47.290 DEBUG a.c.sharding.DDataShardCoordinator - sharded-daemon-process-eventSourcedProjection-passivation-race-entity-passivation-race-consumer-b: The coordinator state was successfully updated with ShardRegionTerminated(Actor[akka://akka-runtime/system/sharding/sharded-daemon-process-eventSourcedProjection-passivation-race-entity-passivation-race-consumer-b#-530066621])
08:06:47.290 DEBUG a.c.sharding.DDataShardCoordinator - sharded-daemon-process-eventSourcedProjection-passivation-race-entity-passivation-race-consumer-b: ShardRegion stopped: [Actor[akka://akka-runtime/system/sharding/sharded-daemon-process-eventSourcedProjection-passivation-race-entity-passivation-race-consumer-b#-530066621]]
08:06:47.290 DEBUG a.c.sharding.DDataShardCoordinator - sharded-daemon-process-eventSourcedProjection-passivation-race-entity-passivation-race-consumer-a: The coordinator state was successfully updated with ShardRegionTerminated(Actor[akka://akka-runtime/system/sharding/sharded-daemon-process-eventSourcedProjection-passivation-race-entity-passivation-race-consumer-a#-1850027954])
08:06:47.290 DEBUG a.c.sharding.DDataShardCoordinator - sharded-daemon-process-eventSourcedProjection-passivation-race-entity-passivation-race-consumer-a: ShardRegion stopped: [Actor[akka://akka-runtime/system/sharding/sharded-daemon-process-eventSourcedProjection-passivation-race-entity-passivation-race-consumer-a#-1850027954]]
08:06:47.290 DEBUG akka.actor.CoordinatedShutdown - Performing phase [cluster-exiting] with [28] tasks.
08:06:47.290 DEBUG akka.actor.CoordinatedShutdown - Performing task [wait-singleton-exiting] in CoordinatedShutdown phase [cluster-exiting]
08:06:47.290 DEBUG akka.actor.CoordinatedShutdown - Performing task [wait-singleton-exiting] in CoordinatedShutdown phase [cluster-exiting]
08:06:47.290 DEBUG akka.actor.CoordinatedShutdown - Performing task [wait-singleton-exiting] in CoordinatedShutdown phase [cluster-exiting]
08:06:47.290 DEBUG akka.actor.CoordinatedShutdown - Performing task [wait-exiting] in CoordinatedShutdown phase [cluster-exiting]
08:06:47.290 DEBUG akka.actor.CoordinatedShutdown - Performing task [singleton-exiting-1] in CoordinatedShutdown phase [cluster-exiting]
08:06:47.290 DEBUG akka.actor.CoordinatedShutdown - Performing task [wait-singleton-exiting] in CoordinatedShutdown phase [cluster-exiting]
08:06:47.290 DEBUG akka.actor.CoordinatedShutdown - Performing task [singleton-exiting-2] in CoordinatedShutdown phase [cluster-exiting]
08:06:47.290 DEBUG akka.actor.CoordinatedShutdown - Performing task [singleton-exiting-1] in CoordinatedShutdown phase [cluster-exiting]
08:06:47.290 DEBUG akka.actor.CoordinatedShutdown - Performing task [singleton-exiting-1] in CoordinatedShutdown phase [cluster-exiting]
08:06:47.290 INFO  a.c.s.ClusterSingletonManager - Oldest observed OldestChanged: [akka://akka-runtime@127.0.0.1:63137 -> None]
08:06:47.290 DEBUG akka.actor.CoordinatedShutdown - Performing task [singleton-exiting-2] in CoordinatedShutdown phase [cluster-exiting]
08:06:47.290 DEBUG akka.actor.CoordinatedShutdown - Performing task [singleton-exiting-2] in CoordinatedShutdown phase [cluster-exiting]
08:06:47.290 DEBUG akka.actor.CoordinatedShutdown - Performing task [singleton-exiting-1] in CoordinatedShutdown phase [cluster-exiting]
08:06:47.290 DEBUG akka.actor.CoordinatedShutdown - Performing task [singleton-exiting-1] in CoordinatedShutdown phase [cluster-exiting]
08:06:47.290 INFO  a.c.s.ClusterSingletonManager - ClusterSingletonManager state change [Oldest -> WasOldest]
08:06:47.290 DEBUG akka.actor.CoordinatedShutdown - Performing task [singleton-exiting-1] in CoordinatedShutdown phase [cluster-exiting]
08:06:47.290 DEBUG akka.actor.CoordinatedShutdown - Performing task [singleton-exiting-1] in CoordinatedShutdown phase [cluster-exiting]
08:06:47.290 INFO  a.c.s.ClusterSingletonManager - Exited [akka://akka-runtime@127.0.0.1:63137].
08:06:47.290 DEBUG akka.actor.CoordinatedShutdown - Performing task [wait-singleton-exiting] in CoordinatedShutdown phase [cluster-exiting]
08:06:47.290 DEBUG akka.actor.CoordinatedShutdown - Performing task [singleton-exiting-1] in CoordinatedShutdown phase [cluster-exiting]
08:06:47.290 DEBUG akka.actor.CoordinatedShutdown - Performing task [singleton-exiting-1] in CoordinatedShutdown phase [cluster-exiting]
08:06:47.290 DEBUG akka.actor.CoordinatedShutdown - Performing task [singleton-exiting-2] in CoordinatedShutdown phase [cluster-exiting]
08:06:47.290 DEBUG akka.actor.CoordinatedShutdown - Performing task [singleton-exiting-2] in CoordinatedShutdown phase [cluster-exiting]
08:06:47.290 DEBUG akka.actor.CoordinatedShutdown - Performing task [singleton-exiting-2] in CoordinatedShutdown phase [cluster-exiting]
08:06:47.290 DEBUG akka.actor.CoordinatedShutdown - Performing task [wait-singleton-exiting] in CoordinatedShutdown phase [cluster-exiting]
08:06:47.290 DEBUG akka.actor.CoordinatedShutdown - Performing task [wait-singleton-exiting] in CoordinatedShutdown phase [cluster-exiting]
08:06:47.290 DEBUG akka.actor.CoordinatedShutdown - Performing task [singleton-exiting-2] in CoordinatedShutdown phase [cluster-exiting]
08:06:47.290 DEBUG akka.actor.CoordinatedShutdown - Performing task [singleton-exiting-2] in CoordinatedShutdown phase [cluster-exiting]
08:06:47.290 DEBUG akka.actor.CoordinatedShutdown - Performing task [wait-singleton-exiting] in CoordinatedShutdown phase [cluster-exiting]
08:06:47.290 DEBUG akka.actor.CoordinatedShutdown - Performing task [wait-singleton-exiting] in CoordinatedShutdown phase [cluster-exiting]
08:06:47.290 DEBUG akka.actor.CoordinatedShutdown - Performing task [singleton-exiting-2] in CoordinatedShutdown phase [cluster-exiting]
08:06:47.290 INFO  a.c.s.ClusterSingletonManager - Exited [akka://akka-runtime@127.0.0.1:63137].
08:06:47.290 INFO  a.c.s.ClusterSingletonManager - Exited [akka://akka-runtime@127.0.0.1:63137].
08:06:47.291 INFO  a.c.s.ClusterSingletonManager - Oldest observed OldestChanged: [akka://akka-runtime@127.0.0.1:63137 -> None]
08:06:47.291 INFO  a.c.s.ClusterSingletonManager - ClusterSingletonManager state change [Oldest -> WasOldest]
08:06:47.291 INFO  a.c.s.ClusterSingletonManager - Exited [akka://akka-runtime@127.0.0.1:63137].
08:06:47.291 INFO  a.c.s.ClusterSingletonManager - Oldest observed OldestChanged: [akka://akka-runtime@127.0.0.1:63137 -> None]
08:06:47.291 INFO  a.c.s.ClusterSingletonManager - ClusterSingletonManager state change [Oldest -> WasOldest]
08:06:47.291 INFO  a.c.s.ClusterSingletonManager - Exited [akka://akka-runtime@127.0.0.1:63137].
08:06:47.291 INFO  a.c.s.ClusterSingletonManager - Exited [akka://akka-runtime@127.0.0.1:63137].
08:06:47.291 INFO  a.c.s.ClusterSingletonManager - Oldest observed OldestChanged: [akka://akka-runtime@127.0.0.1:63137 -> None]
08:06:47.291 INFO  a.c.s.ClusterSingletonManager - Oldest observed OldestChanged: [akka://akka-runtime@127.0.0.1:63137 -> None]
08:06:47.291 INFO  a.c.s.ClusterSingletonManager - ClusterSingletonManager state change [Oldest -> WasOldest]
08:06:47.291 INFO  a.c.s.ClusterSingletonManager - ClusterSingletonManager state change [Oldest -> WasOldest]
08:06:47.291 INFO  a.c.s.ClusterSingletonManager - Exited [akka://akka-runtime@127.0.0.1:63137].
08:06:47.291 INFO  a.c.s.ClusterSingletonManager - Exited [akka://akka-runtime@127.0.0.1:63137].
08:06:47.291 INFO  a.c.s.ClusterSingletonManager - Oldest observed OldestChanged: [akka://akka-runtime@127.0.0.1:63137 -> None]
08:06:47.291 INFO  a.c.s.ClusterSingletonManager - Oldest observed OldestChanged: [akka://akka-runtime@127.0.0.1:63137 -> None]
08:06:47.291 INFO  a.c.s.ClusterSingletonManager - ClusterSingletonManager state change [Oldest -> WasOldest]
08:06:47.291 INFO  a.c.s.ClusterSingletonManager - ClusterSingletonManager state change [Oldest -> WasOldest]
08:06:47.291 INFO  a.c.s.ClusterSingletonManager - Exited [akka://akka-runtime@127.0.0.1:63137].
08:06:47.291 INFO  a.c.s.ClusterSingletonManager - Oldest observed OldestChanged: [akka://akka-runtime@127.0.0.1:63137 -> None]
08:06:47.291 INFO  a.c.s.ClusterSingletonManager - ClusterSingletonManager state change [Oldest -> WasOldest]
08:06:47.291 INFO  a.c.s.ClusterSingletonManager - Oldest observed OldestChanged: [akka://akka-runtime@127.0.0.1:63137 -> None]
08:06:47.291 INFO  a.c.s.ClusterSingletonManager - ClusterSingletonManager state change [Oldest -> WasOldest]
08:06:47.919 DEBUG a.c.singleton.ClusterSingletonProxy - Creating singleton identification timer...
08:06:47.920 DEBUG a.c.singleton.ClusterSingletonProxy - Creating singleton identification timer...
08:06:47.920 DEBUG a.c.singleton.ClusterSingletonProxy - Creating singleton identification timer...
08:06:47.920 DEBUG a.c.singleton.ClusterSingletonProxy - Creating singleton identification timer...
08:06:48.307 INFO  a.c.s.ClusterSingletonManager - Singleton manager stopping singleton actor [akka://akka-runtime/system/singletonManagerShardedDaemonProcessCoordinator-eventSourcedProjection-passivation-race-entity-passivation-race-consumer-b/ShardedDaemonProcessCoordinator-eventSourcedProjection-passivation-race-entity-passivation-race-consumer-b]
08:06:48.308 INFO  a.c.s.ClusterSingletonManager - Singleton manager stopping singleton actor [akka://akka-runtime/system/sharding/passivation-race-entityCoordinator/singleton]
08:06:48.308 INFO  a.c.s.ClusterSingletonManager - Singleton manager stopping singleton actor [akka://akka-runtime/system/sharding/sharded-daemon-process-eventSourcedProjection-passivation-race-entity-passivation-race-viewCoordinator/singleton]
08:06:48.308 INFO  a.c.s.ClusterSingletonManager - Singleton manager stopping singleton actor [akka://akka-runtime/system/singletonManagerschemaSingleton/schemaSingleton]
08:06:48.308 INFO  a.c.s.ClusterSingletonManager - ClusterSingletonManager state change [WasOldest -> Stopping]
08:06:48.308 INFO  a.c.s.ClusterSingletonManager - ClusterSingletonManager state change [WasOldest -> Stopping]
08:06:48.308 INFO  a.c.s.ClusterSingletonManager - ClusterSingletonManager state change [WasOldest -> Stopping]
08:06:48.308 INFO  a.c.s.ClusterSingletonManager - Singleton manager stopping singleton actor [akka://akka-runtime/system/sharding/_timerCoordinator/singleton]
08:06:48.308 INFO  a.c.s.ClusterSingletonManager - ClusterSingletonManager state change [WasOldest -> Stopping]
08:06:48.308 INFO  a.c.s.ClusterSingletonManager - ClusterSingletonManager state change [WasOldest -> Stopping]
08:06:48.308 DEBUG a.c.sharding.DDataShardCoordinator - sharded-daemon-process-eventSourcedProjection-passivation-race-entity-passivation-race-view: Received termination message.
08:06:48.308 DEBUG a.c.sharding.DDataShardCoordinator - passivation-race-entity: Received termination message.
08:06:48.308 DEBUG a.c.sharding.DDataShardCoordinator - _timer: Received termination message.
08:06:48.308 INFO  a.c.s.ClusterSingletonManager - Singleton actor [akka://akka-runtime/system/singletonManagerschemaSingleton/schemaSingleton] was terminated
08:06:48.308 INFO  a.c.s.ClusterSingletonManager - Singleton actor [akka://akka-runtime/system/singletonManagerShardedDaemonProcessCoordinator-eventSourcedProjection-passivation-race-entity-passivation-race-consumer-b/ShardedDaemonProcessCoordinator-eventSourcedProjection-passivation-race-entity-passivation-race-consumer-b] was terminated
08:06:48.308 INFO  a.c.s.ClusterSingletonManager - Singleton actor [akka://akka-runtime/system/sharding/sharded-daemon-process-eventSourcedProjection-passivation-race-entity-passivation-race-viewCoordinator/singleton] was terminated
08:06:48.308 INFO  a.c.s.ClusterSingletonManager - Singleton manager stopping singleton actor [akka://akka-runtime/system/singletonManagerShardedDaemonProcessCoordinator-eventSourcedProjection-passivation-race-entity-passivation-race-consumer-a/ShardedDaemonProcessCoordinator-eventSourcedProjection-passivation-race-entity-passivation-race-consumer-a]
08:06:48.308 INFO  a.c.s.ClusterSingletonManager - Singleton actor [akka://akka-runtime/system/sharding/_timerCoordinator/singleton] was terminated
08:06:48.308 INFO  a.c.s.ClusterSingletonManager - Singleton manager stopping singleton actor [akka://akka-runtime/system/sharding/sharded-daemon-process-eventSourcedProjection-passivation-race-entity-passivation-race-consumer-aCoordinator/singleton]
08:06:48.308 INFO  a.c.s.ClusterSingletonManager - ClusterSingletonManager state change [WasOldest -> Stopping]
08:06:48.308 INFO  a.c.s.ClusterSingletonManager - ClusterSingletonManager state change [WasOldest -> Stopping]
08:06:48.308 INFO  a.c.s.ClusterSingletonManager - Singleton manager stopping singleton actor [akka://akka-runtime/system/singletonManagerShardedDaemonProcessCoordinator-eventSourcedProjection-passivation-race-entity-passivation-race-view/ShardedDaemonProcessCoordinator-eventSourcedProjection-passivation-race-entity-passivation-race-view]
08:06:48.308 INFO  a.c.s.ClusterSingletonManager - ClusterSingletonManager state change [WasOldest -> Stopping]
08:06:48.308 DEBUG a.c.sharding.DDataShardCoordinator - sharded-daemon-process-eventSourcedProjection-passivation-race-entity-passivation-race-consumer-a: Received termination message.
08:06:48.308 INFO  a.c.s.ClusterSingletonManager - Singleton actor [akka://akka-runtime/system/singletonManagerShardedDaemonProcessCoordinator-eventSourcedProjection-passivation-race-entity-passivation-race-consumer-a/ShardedDaemonProcessCoordinator-eventSourcedProjection-passivation-race-entity-passivation-race-consumer-a] was terminated
08:06:48.308 INFO  a.c.s.ClusterSingletonManager - Singleton actor [akka://akka-runtime/system/singletonManagerShardedDaemonProcessCoordinator-eventSourcedProjection-passivation-race-entity-passivation-race-view/ShardedDaemonProcessCoordinator-eventSourcedProjection-passivation-race-entity-passivation-race-view] was terminated
08:06:48.308 INFO  a.c.s.ClusterSingletonManager - Singleton actor [akka://akka-runtime/system/sharding/sharded-daemon-process-eventSourcedProjection-passivation-race-entity-passivation-race-consumer-aCoordinator/singleton] was terminated
08:06:48.308 INFO  a.c.s.ClusterSingletonManager - Singleton actor [akka://akka-runtime/system/sharding/passivation-race-entityCoordinator/singleton] was terminated
08:06:48.308 INFO  a.c.s.ClusterSingletonManager - Singleton manager stopping singleton actor [akka://akka-runtime/system/sharding/sharded-daemon-process-eventSourcedProjection-passivation-race-entity-passivation-race-consumer-bCoordinator/singleton]
08:06:48.308 INFO  a.c.s.ClusterSingletonManager - ClusterSingletonManager state change [WasOldest -> Stopping]
08:06:48.308 DEBUG a.c.sharding.DDataShardCoordinator - sharded-daemon-process-eventSourcedProjection-passivation-race-entity-passivation-race-consumer-b: Received termination message.
08:06:48.308 INFO  a.c.s.ClusterSingletonManager - Singleton actor [akka://akka-runtime/system/sharding/sharded-daemon-process-eventSourcedProjection-passivation-race-entity-passivation-race-consumer-bCoordinator/singleton] was terminated
08:06:48.309 DEBUG akka.actor.CoordinatedShutdown - Performing phase [cluster-exiting-done] with [1] tasks.
08:06:48.309 DEBUG akka.actor.CoordinatedShutdown - Performing task [exiting-completed] in CoordinatedShutdown phase [cluster-exiting-done]
08:06:48.309 DEBUG akka.actor.CoordinatedShutdown - Performing phase [cluster-shutdown] with [1] tasks.
08:06:48.309 DEBUG akka.actor.CoordinatedShutdown - Performing task [wait-shutdown] in CoordinatedShutdown phase [cluster-shutdown]
08:06:48.309 DEBUG akka.actor.CoordinatedShutdown - Performing phase [before-actor-system-terminate] with [2] tasks.
08:06:48.309 DEBUG akka.actor.CoordinatedShutdown - Performing task [close connection pools] in CoordinatedShutdown phase [before-actor-system-terminate]
08:06:48.310 DEBUG akka.actor.CoordinatedShutdown - Performing task [close-grpc-channels] in CoordinatedShutdown phase [before-actor-system-terminate]
08:06:48.310 DEBUG akka.actor.CoordinatedShutdown - Performing phase [actor-system-terminate] with [1] tasks.
08:06:48.310 DEBUG akka.actor.CoordinatedShutdown - Performing task [terminate-system] in CoordinatedShutdown phase [actor-system-terminate]
08:06:48.372 INFO  akka.runtime.AkkaRuntimeMain - Starting Akka Runtime version [1.6.15]
08:06:48.379 INFO  akka.javasdk.impl.ComponentLocator$ - Looking for component descriptors matching pattern [META-INF/akka-javasdk-components_*.conf]
08:06:48.387 INFO  akka.javasdk.testkit.TestKit - Eventing TestKit booting up on port: 63141
08:06:48.389 DEBUG a.c.singleton.ClusterSingletonProxy - Creating singleton identification timer...
08:06:48.389 DEBUG a.c.singleton.ClusterSingletonProxy - Singleton not available, buffering message type [kalix.runtime.SchemaSingleton$ExecDdl]
08:06:48.389 INFO  a.c.s.ClusterSingletonManager - Singleton manager starting singleton actor [akka://akka-runtime/system/singletonManagerschemaSingleton/schemaSingleton]
08:06:48.389 DEBUG a.c.singleton.ClusterSingletonProxy - Trying to identify singleton at [akka://akka-runtime@127.0.0.1:63142/system/singletonManagerschemaSingleton/schemaSingleton]
08:06:48.389 INFO  a.c.s.ClusterSingletonManager - ClusterSingletonManager state change [Start -> Oldest]
08:06:48.389 INFO  akka.javasdk.testkit.TestKit - Checking runtime status
08:06:48.390 INFO  a.c.singleton.ClusterSingletonProxy - Singleton identified at [akka://akka-runtime/system/singletonManagerschemaSingleton/schemaSingleton]
08:06:48.390 DEBUG a.c.singleton.ClusterSingletonProxy - Sending buffered messages to current singleton instance
08:06:48.391 INFO  a.c.s.typed.scaladsl.ClusterSharding - Starting Shard Region [passivation-race-entity]...
08:06:48.392 INFO  akka.cluster.sharding.ShardRegion - passivation-race-entity: Automatic entity passivation: composite strategy with limit of [10000] active entities, admission window (least recently used entities) with proportions [initial = 0.01, min = 0.01, max = 1.0] adapting with hill-climbing optimizer [adjust multiplier = 10.0, initial step = 0.0625, restart threshold = 0.05, step decay = 0.98], admit using frequency sketch [width multiplier = 4, reset multiplier = 10.0, depth = 4, counter bits = 4], main (least recently used entities (segmented with [2] levels with proportions of [0.20, 0.80]))
08:06:48.392 INFO  a.c.s.ClusterSingletonManager - Singleton manager starting singleton actor [akka://akka-runtime/system/sharding/passivation-race-entityCoordinator/singleton]
08:06:48.392 INFO  a.c.s.ClusterSingletonManager - ClusterSingletonManager state change [Start -> Oldest]
08:06:48.393 DEBUG a.c.sharding.DDataShardCoordinator - passivation-race-entity: Initial coordinator is empty.
08:06:48.393 INFO  a.c.sharding.DDataShardCoordinator - passivation-race-entity: ShardCoordinator was moved to the active state with [0] shards
08:06:48.395 DEBUG a.c.singleton.ClusterSingletonProxy - Forwarding message of type [SchemaSingleton$ExecDdl] to current singleton instance at [akka://akka-runtime/system/singletonManagerschemaSingleton/schemaSingleton]
08:06:48.396 INFO  akka.runtime.DiscoveryManager - Service components: EventSourcedEntity: [1], Consumer: [2], View: [1]
08:06:48.397 INFO  a.c.s.typed.scaladsl.ClusterSharding - Starting Shard Region [_timer]...
08:06:48.398 INFO  a.c.s.typed.scaladsl.ClusterSharding - Starting Shard Region [sharded-daemon-process-eventSourcedProjection-passivation-race-entity-passivation-race-consumer-a]...
08:06:48.398 INFO  a.c.s.ClusterSingletonManager - Singleton manager starting singleton actor [akka://akka-runtime/system/sharding/_timerCoordinator/singleton]
08:06:48.398 INFO  a.c.s.ClusterSingletonManager - ClusterSingletonManager state change [Start -> Oldest]
08:06:48.398 INFO  akka.cluster.sharding.ShardRegion - sharded-daemon-process-eventSourcedProjection-passivation-race-entity-passivation-race-consumer-a: Automatic entity passivation: disabled
08:06:48.398 DEBUG a.c.sharding.DDataShardCoordinator - _timer: Starting remember entities store from provider akka.cluster.sharding.internal.DDataRememberEntitiesProvider@29570293
08:06:48.399 INFO  a.c.s.ClusterSingletonManager - Singleton manager starting singleton actor [akka://akka-runtime/system/sharding/sharded-daemon-process-eventSourcedProjection-passivation-race-entity-passivation-race-consumer-aCoordinator/singleton]
08:06:48.399 DEBUG a.c.sharding.DDataShardCoordinator - _timer: Initial coordinator is empty.
08:06:48.399 INFO  a.c.s.ClusterSingletonManager - ClusterSingletonManager state change [Start -> Oldest]
08:06:48.399 INFO  a.c.sharding.DDataShardCoordinator - _timer: ShardCoordinator was moved to the active state with [0] shards
08:06:48.399 DEBUG a.c.sharding.DDataShardCoordinator - _timer: Received [0] remembered shard ids (after state initialized)
08:06:48.399 DEBUG a.c.sharding.DDataShardCoordinator - sharded-daemon-process-eventSourcedProjection-passivation-race-entity-passivation-race-consumer-a: Initial coordinator is empty.
08:06:48.399 INFO  a.c.sharding.DDataShardCoordinator - sharded-daemon-process-eventSourcedProjection-passivation-race-entity-passivation-race-consumer-a: ShardCoordinator was moved to the active state with [0] shards
08:06:48.399 DEBUG a.c.singleton.ClusterSingletonProxy - Creating singleton identification timer...
08:06:48.399 DEBUG a.c.singleton.ClusterSingletonProxy - Trying to identify singleton at [akka://akka-runtime@127.0.0.1:63142/system/singletonManagerShardedDaemonProcessCoordinator-eventSourcedProjection-passivation-race-entity-passivation-race-consumer-a/ShardedDaemonProcessCoordinator-eventSourcedProjection-passivation-race-entity-passivation-race-consumer-a]
08:06:48.399 INFO  a.c.s.ClusterSingletonManager - Singleton manager starting singleton actor [akka://akka-runtime/system/singletonManagerShardedDaemonProcessCoordinator-eventSourcedProjection-passivation-race-entity-passivation-race-consumer-a/ShardedDaemonProcessCoordinator-eventSourcedProjection-passivation-race-entity-passivation-race-consumer-a]
08:06:48.399 INFO  a.c.s.ClusterSingletonManager - ClusterSingletonManager state change [Start -> Oldest]
08:06:48.399 INFO  a.c.s.typed.scaladsl.ClusterSharding - Starting Shard Region [sharded-daemon-process-eventSourcedProjection-passivation-race-entity-passivation-race-consumer-b]...
08:06:48.399 DEBUG a.c.s.t.i.ShardedDaemonProcessCoordinator$ - ShardedDaemonProcessCoordinator for [eventSourcedProjection-passivation-race-entity-passivation-race-consumer-a] starting
08:06:48.400 DEBUG a.c.s.t.i.ShardedDaemonProcessCoordinator$ - eventSourcedProjection-passivation-race-entity-passivation-race-consumer-a: No previous state stored for Sharded Daemon Process
08:06:48.400 INFO  akka.cluster.sharding.ShardRegion - sharded-daemon-process-eventSourcedProjection-passivation-race-entity-passivation-race-consumer-b: Automatic entity passivation: disabled
08:06:48.400 DEBUG a.c.s.t.i.ShardedDaemonProcessCoordinator$ - Sending periodic keep alive for Sharded Daemon Process [eventSourcedProjection-passivation-race-entity-passivation-race-consumer-a] to [1] processes (revision [0]).
08:06:48.400 INFO  a.c.s.ClusterSingletonManager - Singleton manager starting singleton actor [akka://akka-runtime/system/sharding/sharded-daemon-process-eventSourcedProjection-passivation-race-entity-passivation-race-consumer-bCoordinator/singleton]
08:06:48.400 INFO  a.c.s.ClusterSingletonManager - ClusterSingletonManager state change [Start -> Oldest]
08:06:48.400 INFO  a.c.s.typed.scaladsl.ClusterSharding - Starting Shard Region [sharded-daemon-process-eventSourcedProjection-passivation-race-entity-passivation-race-view]...
08:06:48.401 DEBUG a.c.sharding.DDataShardCoordinator - sharded-daemon-process-eventSourcedProjection-passivation-race-entity-passivation-race-consumer-b: Initial coordinator is empty.
08:06:48.401 INFO  a.c.sharding.DDataShardCoordinator - sharded-daemon-process-eventSourcedProjection-passivation-race-entity-passivation-race-consumer-b: ShardCoordinator was moved to the active state with [0] shards
08:06:48.401 DEBUG a.c.singleton.ClusterSingletonProxy - Creating singleton identification timer...
08:06:48.401 DEBUG a.c.singleton.ClusterSingletonProxy - Trying to identify singleton at [akka://akka-runtime@127.0.0.1:63142/system/singletonManagerShardedDaemonProcessCoordinator-eventSourcedProjection-passivation-race-entity-passivation-race-consumer-b/ShardedDaemonProcessCoordinator-eventSourcedProjection-passivation-race-entity-passivation-race-consumer-b]
08:06:48.401 INFO  akka.cluster.sharding.ShardRegion - sharded-daemon-process-eventSourcedProjection-passivation-race-entity-passivation-race-view: Automatic entity passivation: disabled
08:06:48.401 INFO  a.c.s.ClusterSingletonManager - Singleton manager starting singleton actor [akka://akka-runtime/system/singletonManagerShardedDaemonProcessCoordinator-eventSourcedProjection-passivation-race-entity-passivation-race-consumer-b/ShardedDaemonProcessCoordinator-eventSourcedProjection-passivation-race-entity-passivation-race-consumer-b]
08:06:48.401 DEBUG a.c.singleton.ClusterSingletonProxy - Creating singleton identification timer...
08:06:48.401 DEBUG a.c.singleton.ClusterSingletonProxy - Trying to identify singleton at [akka://akka-runtime@127.0.0.1:63142/system/singletonManagerShardedDaemonProcessCoordinator-eventSourcedProjection-passivation-race-entity-passivation-race-view/ShardedDaemonProcessCoordinator-eventSourcedProjection-passivation-race-entity-passivation-race-view]
08:06:48.401 INFO  a.c.s.ClusterSingletonManager - ClusterSingletonManager state change [Start -> Oldest]
08:06:48.401 DEBUG a.c.s.t.i.ShardedDaemonProcessCoordinator$ - ShardedDaemonProcessCoordinator for [eventSourcedProjection-passivation-race-entity-passivation-race-consumer-b] starting
08:06:48.401 INFO  a.c.s.ClusterSingletonManager - Singleton manager starting singleton actor [akka://akka-runtime/system/sharding/sharded-daemon-process-eventSourcedProjection-passivation-race-entity-passivation-race-viewCoordinator/singleton]
08:06:48.401 INFO  a.c.s.ClusterSingletonManager - Singleton manager starting singleton actor [akka://akka-runtime/system/singletonManagerShardedDaemonProcessCoordinator-eventSourcedProjection-passivation-race-entity-passivation-race-view/ShardedDaemonProcessCoordinator-eventSourcedProjection-passivation-race-entity-passivation-race-view]
08:06:48.401 INFO  a.c.s.ClusterSingletonManager - ClusterSingletonManager state change [Start -> Oldest]
08:06:48.401 INFO  a.c.s.ClusterSingletonManager - ClusterSingletonManager state change [Start -> Oldest]
08:06:48.401 DEBUG a.c.s.t.i.ShardedDaemonProcessCoordinator$ - ShardedDaemonProcessCoordinator for [eventSourcedProjection-passivation-race-entity-passivation-race-view] starting
08:06:48.402 DEBUG a.c.s.t.i.ShardedDaemonProcessCoordinator$ - eventSourcedProjection-passivation-race-entity-passivation-race-consumer-b: No previous state stored for Sharded Daemon Process
08:06:48.402 DEBUG a.c.s.t.i.ShardedDaemonProcessCoordinator$ - eventSourcedProjection-passivation-race-entity-passivation-race-view: No previous state stored for Sharded Daemon Process
08:06:48.402 DEBUG a.c.s.t.i.ShardedDaemonProcessCoordinator$ - Sending periodic keep alive for Sharded Daemon Process [eventSourcedProjection-passivation-race-entity-passivation-race-consumer-b] to [1] processes (revision [0]).
08:06:48.402 DEBUG a.c.sharding.DDataShardCoordinator - sharded-daemon-process-eventSourcedProjection-passivation-race-entity-passivation-race-view: Initial coordinator is empty.
08:06:48.402 INFO  a.c.sharding.DDataShardCoordinator - sharded-daemon-process-eventSourcedProjection-passivation-race-entity-passivation-race-view: ShardCoordinator was moved to the active state with [0] shards
08:06:48.402 DEBUG a.c.s.t.i.ShardedDaemonProcessCoordinator$ - Sending periodic keep alive for Sharded Daemon Process [eventSourcedProjection-passivation-race-entity-passivation-race-view] to [1] processes (revision [0]).
08:06:48.402 INFO  akka.runtime.DiscoveryManager - Akka Runtime started at 127.0.0.1:63140
08:06:48.402 INFO  repro.Bootstrap - onStartup burst of 8 starting
08:06:48.465 DEBUG a.c.singleton.ClusterSingletonProxy - Trying to identify singleton at [akka://akka-runtime@127.0.0.1:63142/system/singletonManagerShardedDaemonProcessCoordinator-eventSourcedProjection-passivation-race-entity-passivation-race-consumer-b/ShardedDaemonProcessCoordinator-eventSourcedProjection-passivation-race-entity-passivation-race-consumer-b]
08:06:48.465 DEBUG a.c.singleton.ClusterSingletonProxy - Trying to identify singleton at [akka://akka-runtime@127.0.0.1:63142/system/singletonManagerShardedDaemonProcessCoordinator-eventSourcedProjection-passivation-race-entity-passivation-race-consumer-a/ShardedDaemonProcessCoordinator-eventSourcedProjection-passivation-race-entity-passivation-race-consumer-a]
08:06:48.465 DEBUG a.c.singleton.ClusterSingletonProxy - Trying to identify singleton at [akka://akka-runtime@127.0.0.1:63142/system/singletonManagerShardedDaemonProcessCoordinator-eventSourcedProjection-passivation-race-entity-passivation-race-view/ShardedDaemonProcessCoordinator-eventSourcedProjection-passivation-race-entity-passivation-race-view]
08:06:48.465 INFO  a.c.singleton.ClusterSingletonProxy - Singleton identified at [akka://akka-runtime/system/singletonManagerShardedDaemonProcessCoordinator-eventSourcedProjection-passivation-race-entity-passivation-race-consumer-a/ShardedDaemonProcessCoordinator-eventSourcedProjection-passivation-race-entity-passivation-race-consumer-a]
08:06:48.465 INFO  a.c.singleton.ClusterSingletonProxy - Singleton identified at [akka://akka-runtime/system/singletonManagerShardedDaemonProcessCoordinator-eventSourcedProjection-passivation-race-entity-passivation-race-view/ShardedDaemonProcessCoordinator-eventSourcedProjection-passivation-race-entity-passivation-race-view]
08:06:48.465 DEBUG a.c.singleton.ClusterSingletonProxy - Sending buffered messages to current singleton instance
08:06:48.465 DEBUG a.c.singleton.ClusterSingletonProxy - Sending buffered messages to current singleton instance
08:06:48.465 INFO  a.c.singleton.ClusterSingletonProxy - Singleton identified at [akka://akka-runtime/system/singletonManagerShardedDaemonProcessCoordinator-eventSourcedProjection-passivation-race-entity-passivation-race-consumer-b/ShardedDaemonProcessCoordinator-eventSourcedProjection-passivation-race-entity-passivation-race-consumer-b]
08:06:48.465 DEBUG a.c.singleton.ClusterSingletonProxy - Sending buffered messages to current singleton instance
08:06:48.517 INFO  akka.javasdk.testkit.TestKit - Runtime started
08:06:48.518 INFO  akka.actor.CoordinatedShutdown - Running CoordinatedShutdown with reason [ActorSystemTerminateReason]
08:06:48.518 DEBUG akka.actor.CoordinatedShutdown - Performing phase [before-service-unbind] with [0] tasks
08:06:48.518 DEBUG akka.actor.CoordinatedShutdown - Performing phase [service-unbind] with [1] tasks.
08:06:48.518 DEBUG akka.actor.CoordinatedShutdown - Performing task [http-unbind-/127.0.0.1:63140] in CoordinatedShutdown phase [service-unbind]
08:06:48.518 DEBUG akka.actor.CoordinatedShutdown - Performing phase [service-requests-done] with [1] tasks.
08:06:48.518 DEBUG akka.actor.CoordinatedShutdown - Performing task [http-terminate-/127.0.0.1:63140] in CoordinatedShutdown phase [service-requests-done]
08:06:48.518 DEBUG akka.actor.CoordinatedShutdown - Performing phase [service-stop] with [1] tasks.
08:06:48.518 DEBUG akka.actor.CoordinatedShutdown - Performing task [stop-grpc-clients] in CoordinatedShutdown phase [service-stop]
08:06:48.518 DEBUG akka.actor.CoordinatedShutdown - Performing phase [before-cluster-shutdown] with [0] tasks
08:06:48.518 DEBUG akka.actor.CoordinatedShutdown - Performing phase [cluster-sharding-shutdown-region] with [5] tasks.
08:06:48.518 DEBUG akka.actor.CoordinatedShutdown - Performing task [region-shutdown] in CoordinatedShutdown phase [cluster-sharding-shutdown-region]
08:06:48.518 DEBUG akka.actor.CoordinatedShutdown - Performing task [region-shutdown] in CoordinatedShutdown phase [cluster-sharding-shutdown-region]
08:06:48.518 DEBUG akka.actor.CoordinatedShutdown - Performing task [region-shutdown] in CoordinatedShutdown phase [cluster-sharding-shutdown-region]
08:06:48.518 DEBUG akka.actor.CoordinatedShutdown - Performing task [region-shutdown] in CoordinatedShutdown phase [cluster-sharding-shutdown-region]
08:06:48.518 DEBUG akka.actor.CoordinatedShutdown - Performing task [region-shutdown] in CoordinatedShutdown phase [cluster-sharding-shutdown-region]
08:06:48.518 DEBUG a.c.sharding.DDataShardCoordinator - sharded-daemon-process-eventSourcedProjection-passivation-race-entity-passivation-race-consumer-b: Unknown region requested graceful shutdown [Actor[akka://akka-runtime/system/sharding/sharded-daemon-process-eventSourcedProjection-passivation-race-entity-passivation-race-consumer-b#596102461]]
08:06:48.518 DEBUG a.c.sharding.DDataShardCoordinator - sharded-daemon-process-eventSourcedProjection-passivation-race-entity-passivation-race-view: Unknown region requested graceful shutdown [Actor[akka://akka-runtime/system/sharding/sharded-daemon-process-eventSourcedProjection-passivation-race-entity-passivation-race-view#-1322454162]]
08:06:48.518 DEBUG a.c.sharding.DDataShardCoordinator - passivation-race-entity: Unknown region requested graceful shutdown [Actor[akka://akka-runtime/system/sharding/passivation-race-entity#1420162443]]
08:06:48.518 DEBUG a.c.sharding.DDataShardCoordinator - _timer: Unknown region requested graceful shutdown [Actor[akka://akka-runtime/system/sharding/_timer#-1201179229]]
08:06:48.518 DEBUG a.c.sharding.DDataShardCoordinator - sharded-daemon-process-eventSourcedProjection-passivation-race-entity-passivation-race-consumer-a: Unknown region requested graceful shutdown [Actor[akka://akka-runtime/system/sharding/sharded-daemon-process-eventSourcedProjection-passivation-race-entity-passivation-race-consumer-a#-1987541121]]
08:06:48.654 DEBUG a.c.sharding.DDataShardCoordinator - passivation-race-entity: ShardRegion registered: [Actor[akka://akka-runtime/system/sharding/passivation-race-entity#1420162443]]
08:06:48.655 DEBUG a.c.sharding.DDataShardCoordinator - passivation-race-entity: The coordinator state was successfully updated with ShardRegionRegistered(Actor[akka://akka-runtime/system/sharding/passivation-race-entity#1420162443])
08:06:48.655 DEBUG a.c.sharding.DDataShardCoordinator - passivation-race-entity: The coordinator state was successfully updated with ShardHomeAllocated(160,Actor[akka://akka-runtime/system/sharding/passivation-race-entity#1420162443])
08:06:48.655 DEBUG a.c.sharding.DDataShardCoordinator - passivation-race-entity: Shard [160] allocated at [Actor[akka://akka-runtime/system/sharding/passivation-race-entity#1420162443]]
08:06:48.655 DEBUG a.c.sharding.DDataShardCoordinator - passivation-race-entity: Graceful shutdown of region [Actor[akka://akka-runtime/system/sharding/passivation-race-entity#1420162443]] with [1] shards
08:06:48.655 INFO  a.c.sharding.DDataShardCoordinator - passivation-race-entity: Starting shutting down shards [160] due to region shutting down or explicit stopping of shards.
08:06:48.655 DEBUG a.c.s.ShardCoordinator$RebalanceWorker - passivation-race-entity: Shutting down shard [160] from region [Actor[akka://akka-runtime/system/sharding/passivation-race-entity#1420162443]]. Asking [1] region(s) to hand-off shard
08:06:48.655 DEBUG a.c.s.ShardCoordinator$RebalanceWorker - passivation-race-entity: BeginHandOffAck for shard [160] received from [Actor[akka://akka-runtime/system/sharding/passivation-race-entity#1420162443]].
08:06:48.655 DEBUG a.c.s.ShardCoordinator$RebalanceWorker - passivation-race-entity: All shard regions acked, handing off shard [160].
08:06:48.656 WARN  akka.cluster.sharding.ShardRegion - passivation-race-entity: Dropping [1] buffered messages to shard [160] during hand off to avoid re-ordering
08:06:48.656 DEBUG akka.cluster.sharding.Shard - passivation-race-entity: Shard initialized
08:06:48.656 DEBUG akka.cluster.sharding.Shard - passivation-race-entity: HandOff shard [160]
08:06:48.656 DEBUG akka.cluster.sharding.Shard - passivation-race-entity: Shard [160] shutting down
08:06:48.656 DEBUG a.c.sharding.DDataShardCoordinator - passivation-race-entity: Shard [160] deallocation completed successfully.
08:06:48.656 DEBUG a.c.sharding.DDataShardCoordinator - passivation-race-entity: The coordinator state was successfully updated with ShardHomeDeallocated(160)
08:06:48.656 DEBUG a.c.sharding.DDataShardCoordinator - passivation-race-entity: Shard [160] deallocated after
08:06:48.656 DEBUG a.c.sharding.DDataShardCoordinator - passivation-race-entity: ShardRegion terminated (gracefully): [Actor[akka://akka-runtime/system/sharding/passivation-race-entity#1420162443]] {}
08:06:48.656 DEBUG a.c.sharding.DDataShardCoordinator - passivation-race-entity: GetShardHome [160] request from [Actor[akka://local/ignore]] stashed, because waiting for initial state or update of state. It will be handled afterwards.
08:06:48.656 DEBUG a.c.sharding.DDataShardCoordinator - passivation-race-entity: The coordinator state was successfully updated with ShardRegionTerminated(Actor[akka://akka-runtime/system/sharding/passivation-race-entity#1420162443])
08:06:48.656 DEBUG a.c.sharding.DDataShardCoordinator - passivation-race-entity: ShardRegion stopped: [Actor[akka://akka-runtime/system/sharding/passivation-race-entity#1420162443]]
08:06:48.665 DEBUG a.c.sharding.DDataShardCoordinator - sharded-daemon-process-eventSourcedProjection-passivation-race-entity-passivation-race-consumer-b: ShardRegion registered: [Actor[akka://akka-runtime/system/sharding/sharded-daemon-process-eventSourcedProjection-passivation-race-entity-passivation-race-consumer-b#596102461]]
08:06:48.665 DEBUG a.c.sharding.DDataShardCoordinator - _timer: ShardRegion registered: [Actor[akka://akka-runtime/system/sharding/_timer#-1201179229]]
08:06:48.665 DEBUG a.c.sharding.DDataShardCoordinator - sharded-daemon-process-eventSourcedProjection-passivation-race-entity-passivation-race-view: ShardRegion registered: [Actor[akka://akka-runtime/system/sharding/sharded-daemon-process-eventSourcedProjection-passivation-race-entity-passivation-race-view#-1322454162]]
08:06:48.665 DEBUG a.c.sharding.DDataShardCoordinator - sharded-daemon-process-eventSourcedProjection-passivation-race-entity-passivation-race-consumer-a: ShardRegion registered: [Actor[akka://akka-runtime/system/sharding/sharded-daemon-process-eventSourcedProjection-passivation-race-entity-passivation-race-consumer-a#-1987541121]]
08:06:48.665 DEBUG a.c.sharding.DDataShardCoordinator - _timer: The coordinator state was successfully updated with ShardRegionRegistered(Actor[akka://akka-runtime/system/sharding/_timer#-1201179229])
08:06:48.665 DEBUG a.c.sharding.DDataShardCoordinator - _timer: Remembering shard allocation [993]
08:06:48.665 DEBUG a.c.sharding.DDataShardCoordinator - sharded-daemon-process-eventSourcedProjection-passivation-race-entity-passivation-race-view: The coordinator state was successfully updated with ShardRegionRegistered(Actor[akka://akka-runtime/system/sharding/sharded-daemon-process-eventSourcedProjection-passivation-race-entity-passivation-race-view#-1322454162])
08:06:48.665 DEBUG a.c.sharding.DDataShardCoordinator - sharded-daemon-process-eventSourcedProjection-passivation-race-entity-passivation-race-consumer-b: The coordinator state was successfully updated with ShardRegionRegistered(Actor[akka://akka-runtime/system/sharding/sharded-daemon-process-eventSourcedProjection-passivation-race-entity-passivation-race-consumer-b#596102461])
08:06:48.665 DEBUG a.c.sharding.DDataShardCoordinator - sharded-daemon-process-eventSourcedProjection-passivation-race-entity-passivation-race-consumer-a: The coordinator state was successfully updated with ShardRegionRegistered(Actor[akka://akka-runtime/system/sharding/sharded-daemon-process-eventSourcedProjection-passivation-race-entity-passivation-race-consumer-a#-1987541121])
08:06:48.665 DEBUG a.c.sharding.DDataShardCoordinator - _timer: The coordinator state was successfully updated with ShardHomeAllocated(993,Actor[akka://akka-runtime/system/sharding/_timer#-1201179229]), waiting for remember shard update
08:06:48.665 DEBUG a.c.s.i.DDataRememberEntitiesCoordinatorStore - Remember entities coordinator store shards successfully updated with 993
08:06:48.666 DEBUG a.c.sharding.DDataShardCoordinator - sharded-daemon-process-eventSourcedProjection-passivation-race-entity-passivation-race-consumer-b: The coordinator state was successfully updated with ShardHomeAllocated(0,Actor[akka://akka-runtime/system/sharding/sharded-daemon-process-eventSourcedProjection-passivation-race-entity-passivation-race-consumer-b#596102461])
08:06:48.666 DEBUG a.c.sharding.DDataShardCoordinator - _timer: The ShardCoordinator saw remember shard start successfully written ShardHomeAllocated(993,Actor[akka://akka-runtime/system/sharding/_timer#-1201179229])
08:06:48.666 DEBUG a.c.sharding.DDataShardCoordinator - sharded-daemon-process-eventSourcedProjection-passivation-race-entity-passivation-race-consumer-b: Shard [0] allocated at [Actor[akka://akka-runtime/system/sharding/sharded-daemon-process-eventSourcedProjection-passivation-race-entity-passivation-race-consumer-b#596102461]]
08:06:48.666 DEBUG a.c.sharding.DDataShardCoordinator - _timer: Shard [993] allocated at [Actor[akka://akka-runtime/system/sharding/_timer#-1201179229]]
08:06:48.666 DEBUG a.c.sharding.DDataShardCoordinator - sharded-daemon-process-eventSourcedProjection-passivation-race-entity-passivation-race-view: The coordinator state was successfully updated with ShardHomeAllocated(0,Actor[akka://akka-runtime/system/sharding/sharded-daemon-process-eventSourcedProjection-passivation-race-entity-passivation-race-view#-1322454162])
08:06:48.666 DEBUG a.c.sharding.DDataShardCoordinator - sharded-daemon-process-eventSourcedProjection-passivation-race-entity-passivation-race-view: Shard [0] allocated at [Actor[akka://akka-runtime/system/sharding/sharded-daemon-process-eventSourcedProjection-passivation-race-entity-passivation-race-view#-1322454162]]
08:06:48.666 DEBUG a.c.sharding.DDataShardCoordinator - sharded-daemon-process-eventSourcedProjection-passivation-race-entity-passivation-race-consumer-a: The coordinator state was successfully updated with ShardHomeAllocated(0,Actor[akka://akka-runtime/system/sharding/sharded-daemon-process-eventSourcedProjection-passivation-race-entity-passivation-race-consumer-a#-1987541121])
08:06:48.666 DEBUG a.c.sharding.DDataShardCoordinator - sharded-daemon-process-eventSourcedProjection-passivation-race-entity-passivation-race-consumer-a: Shard [0] allocated at [Actor[akka://akka-runtime/system/sharding/sharded-daemon-process-eventSourcedProjection-passivation-race-entity-passivation-race-consumer-a#-1987541121]]
08:06:48.666 DEBUG a.c.sharding.DDataShardCoordinator - _timer: Graceful shutdown of region [Actor[akka://akka-runtime/system/sharding/_timer#-1201179229]] with [1] shards
08:06:48.666 DEBUG a.c.sharding.DDataShardCoordinator - sharded-daemon-process-eventSourcedProjection-passivation-race-entity-passivation-race-consumer-b: Graceful shutdown of region [Actor[akka://akka-runtime/system/sharding/sharded-daemon-process-eventSourcedProjection-passivation-race-entity-passivation-race-consumer-b#596102461]] with [1] shards
08:06:48.666 INFO  a.c.sharding.DDataShardCoordinator - _timer: Starting shutting down shards [993] due to region shutting down or explicit stopping of shards.
08:06:48.666 INFO  a.c.sharding.DDataShardCoordinator - sharded-daemon-process-eventSourcedProjection-passivation-race-entity-passivation-race-consumer-b: Starting shutting down shards [0] due to region shutting down or explicit stopping of shards.
08:06:48.666 DEBUG a.c.s.ShardCoordinator$RebalanceWorker - sharded-daemon-process-eventSourcedProjection-passivation-race-entity-passivation-race-consumer-b: Shutting down shard [0] from region [Actor[akka://akka-runtime/system/sharding/sharded-daemon-process-eventSourcedProjection-passivation-race-entity-passivation-race-consumer-b#596102461]]. Asking [1] region(s) to hand-off shard
08:06:48.666 DEBUG a.c.s.ShardCoordinator$RebalanceWorker - sharded-daemon-process-eventSourcedProjection-passivation-race-entity-passivation-race-consumer-b: BeginHandOffAck for shard [0] received from [Actor[akka://akka-runtime/system/sharding/sharded-daemon-process-eventSourcedProjection-passivation-race-entity-passivation-race-consumer-b#596102461]].
08:06:48.666 DEBUG a.c.s.ShardCoordinator$RebalanceWorker - sharded-daemon-process-eventSourcedProjection-passivation-race-entity-passivation-race-consumer-b: All shard regions acked, handing off shard [0].
08:06:48.666 WARN  akka.cluster.sharding.ShardRegion - sharded-daemon-process-eventSourcedProjection-passivation-race-entity-passivation-race-consumer-b: Dropping [1] buffered messages to shard [0] during hand off to avoid re-ordering
08:06:48.666 DEBUG akka.cluster.sharding.Shard - _timer: Waiting for load of entity ids using [Actor[akka://akka-runtime/system/sharding/_timer/993/RememberEntitiesStore#840857470]] to complete
08:06:48.666 DEBUG a.c.sharding.DDataShardCoordinator - sharded-daemon-process-eventSourcedProjection-passivation-race-entity-passivation-race-view: Graceful shutdown of region [Actor[akka://akka-runtime/system/sharding/sharded-daemon-process-eventSourcedProjection-passivation-race-entity-passivation-race-view#-1322454162]] with [1] shards
08:06:48.666 INFO  a.c.sharding.DDataShardCoordinator - sharded-daemon-process-eventSourcedProjection-passivation-race-entity-passivation-race-view: Starting shutting down shards [0] due to region shutting down or explicit stopping of shards.
08:06:48.666 DEBUG a.c.s.ShardCoordinator$RebalanceWorker - _timer: Shutting down shard [993] from region [Actor[akka://akka-runtime/system/sharding/_timer#-1201179229]]. Asking [1] region(s) to hand-off shard
08:06:48.666 DEBUG akka.cluster.sharding.Shard - sharded-daemon-process-eventSourcedProjection-passivation-race-entity-passivation-race-view: Shard initialized
08:06:48.666 DEBUG a.c.sharding.DDataShardCoordinator - sharded-daemon-process-eventSourcedProjection-passivation-race-entity-passivation-race-consumer-a: Graceful shutdown of region [Actor[akka://akka-runtime/system/sharding/sharded-daemon-process-eventSourcedProjection-passivation-race-entity-passivation-race-consumer-a#-1987541121]] with [1] shards
08:06:48.666 INFO  a.c.sharding.DDataShardCoordinator - sharded-daemon-process-eventSourcedProjection-passivation-race-entity-passivation-race-consumer-a: Starting shutting down shards [0] due to region shutting down or explicit stopping of shards.
08:06:48.666 DEBUG akka.cluster.sharding.Shard - sharded-daemon-process-eventSourcedProjection-passivation-race-entity-passivation-race-view: Request to start entity [0] and ack to [Some(Actor[akka://akka-runtime/deadLetters])]
08:06:48.666 DEBUG a.c.s.t.i.ShardedDaemonProcessState$ - eventSourcedProjection-passivation-race-entity-passivation-race-view: Deferred start of worker to verify its revision [0] is the latest
08:06:48.667 DEBUG akka.cluster.sharding.Shard - sharded-daemon-process-eventSourcedProjection-passivation-race-entity-passivation-race-consumer-a: Shard initialized
08:06:48.667 DEBUG a.c.s.i.DDataRememberEntitiesShardStore - Starting up DDataRememberEntitiesStore, read timeout: [2.000 s], write timeout: [5.000 s], majority min cap: [2]
08:06:48.667 DEBUG akka.cluster.sharding.Shard - sharded-daemon-process-eventSourcedProjection-passivation-race-entity-passivation-race-view: Started entity [Actor[akka://akka-runtime/system/sharding/sharded-daemon-process-eventSourcedProjection-passivation-race-entity-passivation-race-view/0/0#-1943407867]] with entity id [0] in shard [0]
08:06:48.667 DEBUG a.c.s.ShardCoordinator$RebalanceWorker - sharded-daemon-process-eventSourcedProjection-passivation-race-entity-passivation-race-view: Shutting down shard [0] from region [Actor[akka://akka-runtime/system/sharding/sharded-daemon-process-eventSourcedProjection-passivation-race-entity-passivation-race-view#-1322454162]]. Asking [1] region(s) to hand-off shard
08:06:48.667 DEBUG a.c.s.ShardCoordinator$RebalanceWorker - sharded-daemon-process-eventSourcedProjection-passivation-race-entity-passivation-race-consumer-a: Shutting down shard [0] from region [Actor[akka://akka-runtime/system/sharding/sharded-daemon-process-eventSourcedProjection-passivation-race-entity-passivation-race-consumer-a#-1987541121]]. Asking [1] region(s) to hand-off shard
08:06:48.667 INFO  a.c.s.t.i.ShardedDaemonProcessState$ - eventSourcedProjection-passivation-race-entity-passivation-race-view: Starting Sharded Daemon Process [0] out of a total [1] (revision [0] and no state found)
08:06:48.667 DEBUG a.c.s.t.i.ShardedDaemonProcessState$ - eventSourcedProjection-passivation-race-entity-passivation-race-consumer-a: Deferred start of worker to verify its revision [0] is the latest
08:06:48.667 DEBUG akka.cluster.sharding.Shard - sharded-daemon-process-eventSourcedProjection-passivation-race-entity-passivation-race-consumer-a: Request to start entity [0] and ack to [Some(Actor[akka://akka-runtime/deadLetters])]
08:06:48.667 DEBUG akka.cluster.sharding.Shard - sharded-daemon-process-eventSourcedProjection-passivation-race-entity-passivation-race-consumer-a: Started entity [Actor[akka://akka-runtime/system/sharding/sharded-daemon-process-eventSourcedProjection-passivation-race-entity-passivation-race-consumer-a/0/0#1215038455]] with entity id [0] in shard [0]
08:06:48.667 DEBUG a.c.s.ShardCoordinator$RebalanceWorker - sharded-daemon-process-eventSourcedProjection-passivation-race-entity-passivation-race-consumer-a: BeginHandOffAck for shard [0] received from [Actor[akka://akka-runtime/system/sharding/sharded-daemon-process-eventSourcedProjection-passivation-race-entity-passivation-race-consumer-a#-1987541121]].
08:06:48.667 DEBUG a.c.s.ShardCoordinator$RebalanceWorker - sharded-daemon-process-eventSourcedProjection-passivation-race-entity-passivation-race-consumer-a: All shard regions acked, handing off shard [0].
08:06:48.667 DEBUG a.c.s.ShardCoordinator$RebalanceWorker - sharded-daemon-process-eventSourcedProjection-passivation-race-entity-passivation-race-view: BeginHandOffAck for shard [0] received from [Actor[akka://akka-runtime/system/sharding/sharded-daemon-process-eventSourcedProjection-passivation-race-entity-passivation-race-view#-1322454162]].
08:06:48.667 DEBUG a.c.s.ShardCoordinator$RebalanceWorker - sharded-daemon-process-eventSourcedProjection-passivation-race-entity-passivation-race-view: All shard regions acked, handing off shard [0].
08:06:48.667 DEBUG akka.cluster.sharding.Shard - sharded-daemon-process-eventSourcedProjection-passivation-race-entity-passivation-race-consumer-a: HandOff shard [0]
08:06:48.667 DEBUG akka.cluster.sharding.Shard - sharded-daemon-process-eventSourcedProjection-passivation-race-entity-passivation-race-consumer-a: Starting HandOffStopper for shard [0] to terminate [1] entities.
08:06:48.667 DEBUG a.c.s.ShardCoordinator$RebalanceWorker - _timer: BeginHandOffAck for shard [993] received from [Actor[akka://akka-runtime/system/sharding/_timer#-1201179229]].
08:06:48.667 DEBUG a.c.s.ShardCoordinator$RebalanceWorker - _timer: All shard regions acked, handing off shard [993].
08:06:48.667 WARN  akka.cluster.sharding.ShardRegion - _timer: Dropping [1] buffered messages to shard [993] during hand off to avoid re-ordering
08:06:48.667 DEBUG akka.cluster.sharding.Shard - sharded-daemon-process-eventSourcedProjection-passivation-race-entity-passivation-race-view: HandOff shard [0]
08:06:48.667 DEBUG akka.cluster.sharding.Shard - sharded-daemon-process-eventSourcedProjection-passivation-race-entity-passivation-race-view: Starting HandOffStopper for shard [0] to terminate [1] entities.
08:06:48.667 INFO  a.c.s.t.i.ShardedDaemonProcessState$ - eventSourcedProjection-passivation-race-entity-passivation-race-consumer-a: Starting Sharded Daemon Process [0] out of a total [1] (revision [0] and no state found)
08:06:48.668 DEBUG akka.cluster.sharding.Shard - sharded-daemon-process-eventSourcedProjection-passivation-race-entity-passivation-race-consumer-b: Shard initialized
08:06:48.668 DEBUG akka.cluster.sharding.Shard - sharded-daemon-process-eventSourcedProjection-passivation-race-entity-passivation-race-consumer-b: HandOff shard [0]
08:06:48.668 DEBUG akka.cluster.sharding.Shard - sharded-daemon-process-eventSourcedProjection-passivation-race-entity-passivation-race-consumer-b: Shard [0] shutting down
08:06:48.669 DEBUG a.c.sharding.DDataShardCoordinator - sharded-daemon-process-eventSourcedProjection-passivation-race-entity-passivation-race-consumer-b: ShardRegion stopped: [Actor[akka://akka-runtime/system/sharding/sharded-daemon-process-eventSourcedProjection-passivation-race-entity-passivation-race-consumer-b#596102461]]
08:06:48.669 DEBUG a.c.sharding.DDataShardCoordinator - sharded-daemon-process-eventSourcedProjection-passivation-race-entity-passivation-race-consumer-b: ShardRegion terminated (gracefully): [Actor[akka://akka-runtime/system/sharding/sharded-daemon-process-eventSourcedProjection-passivation-race-entity-passivation-race-consumer-b#596102461]] {}
08:06:48.669 DEBUG a.c.sharding.DDataShardCoordinator - sharded-daemon-process-eventSourcedProjection-passivation-race-entity-passivation-race-consumer-b: GetShardHome [0] request from [Actor[akka://local/ignore]] deferred, because rebalance is in progress for this shard. It will be handled when rebalance is done.
08:06:48.669 DEBUG a.c.s.i.DDataRememberEntitiesShardStore - Remember entities shard store got request from shard, waiting for all remembered entities to arrive
08:06:48.669 DEBUG a.c.s.i.DDataRememberEntitiesShardStore - Shard waiting for remembered entities, sending remembered and going idle
08:06:48.669 DEBUG a.c.sharding.DDataShardCoordinator - sharded-daemon-process-eventSourcedProjection-passivation-race-entity-passivation-race-consumer-b: The coordinator state was successfully updated with ShardRegionTerminated(Actor[akka://akka-runtime/system/sharding/sharded-daemon-process-eventSourcedProjection-passivation-race-entity-passivation-race-consumer-b#596102461])
08:06:48.669 DEBUG akka.cluster.sharding.Shard - _timer: Shard initialized
08:06:48.669 DEBUG akka.cluster.sharding.Shard - _timer: HandOff shard [993]
08:06:48.669 DEBUG a.c.sharding.DDataShardCoordinator - sharded-daemon-process-eventSourcedProjection-passivation-race-entity-passivation-race-consumer-b: Shard [0] deallocation completed successfully.
08:06:48.669 DEBUG a.c.sharding.DDataShardCoordinator - _timer: Shard [993] deallocation completed successfully.
08:06:48.669 DEBUG akka.cluster.sharding.Shard - _timer: Shard [993] shutting down
08:06:48.669 DEBUG a.c.sharding.DDataShardCoordinator - _timer: The coordinator state was successfully updated with ShardHomeDeallocated(993)
08:06:48.669 DEBUG a.c.sharding.DDataShardCoordinator - _timer: Shard [993] deallocated after
08:06:48.670 DEBUG a.c.sharding.DDataShardCoordinator - _timer: ShardRegion stopped: [Actor[akka://akka-runtime/system/sharding/_timer#-1201179229]]
08:06:48.670 DEBUG a.c.sharding.DDataShardCoordinator - _timer: ShardRegion terminated (gracefully): [Actor[akka://akka-runtime/system/sharding/_timer#-1201179229]] {}
08:06:48.670 DEBUG a.c.sharding.DDataShardCoordinator - _timer: The coordinator state was successfully updated with ShardRegionTerminated(Actor[akka://akka-runtime/system/sharding/_timer#-1201179229])
08:06:48.673 DEBUG akka.cluster.sharding.Shard - sharded-daemon-process-eventSourcedProjection-passivation-race-entity-passivation-race-view: Shard [0] shutting down
08:06:48.673 DEBUG a.c.sharding.DDataShardCoordinator - sharded-daemon-process-eventSourcedProjection-passivation-race-entity-passivation-race-view: Shard [0] deallocation completed successfully.
08:06:48.673 DEBUG a.c.sharding.DDataShardCoordinator - sharded-daemon-process-eventSourcedProjection-passivation-race-entity-passivation-race-view: The coordinator state was successfully updated with ShardHomeDeallocated(0)
08:06:48.673 DEBUG a.c.sharding.DDataShardCoordinator - sharded-daemon-process-eventSourcedProjection-passivation-race-entity-passivation-race-view: Shard [0] deallocated after
08:06:48.673 DEBUG a.c.sharding.DDataShardCoordinator - sharded-daemon-process-eventSourcedProjection-passivation-race-entity-passivation-race-view: ShardRegion terminated (gracefully): [Actor[akka://akka-runtime/system/sharding/sharded-daemon-process-eventSourcedProjection-passivation-race-entity-passivation-race-view#-1322454162]] {}
08:06:48.673 DEBUG a.c.sharding.DDataShardCoordinator - sharded-daemon-process-eventSourcedProjection-passivation-race-entity-passivation-race-view: GetShardHome [0] request from [Actor[akka://local/ignore]] stashed, because waiting for initial state or update of state. It will be handled afterwards.
08:06:48.673 DEBUG a.c.sharding.DDataShardCoordinator - sharded-daemon-process-eventSourcedProjection-passivation-race-entity-passivation-race-view: The coordinator state was successfully updated with ShardRegionTerminated(Actor[akka://akka-runtime/system/sharding/sharded-daemon-process-eventSourcedProjection-passivation-race-entity-passivation-race-view#-1322454162])
08:06:48.673 DEBUG a.c.sharding.DDataShardCoordinator - sharded-daemon-process-eventSourcedProjection-passivation-race-entity-passivation-race-view: ShardRegion stopped: [Actor[akka://akka-runtime/system/sharding/sharded-daemon-process-eventSourcedProjection-passivation-race-entity-passivation-race-view#-1322454162]]
08:06:49.435 WARN  a.c.s.ShardRegion$HandOffStopper - sharded-daemon-process-eventSourcedProjection-passivation-race-entity-passivation-race-consumer-a: [1] of the entities in shard [0] not stopped after [750 milliseconds]. Maybe the handOffStopMessage [akka.projection.ProjectionBehavior$Stop$] is not handled? Waiting additional [250 milliseconds] before stopping the remaining entities.
08:06:49.683 WARN  a.c.s.ShardRegion$HandOffStopper - sharded-daemon-process-eventSourcedProjection-passivation-race-entity-passivation-race-consumer-a: HandOffStopMessage [akka.projection.ProjectionBehavior$Stop$] is not handled by some of the entities in shard [0] after [1 second], stopping the remaining [1] entities.
08:06:49.683 DEBUG a.c.sharding.DDataShardCoordinator - sharded-daemon-process-eventSourcedProjection-passivation-race-entity-passivation-race-consumer-a: Shard [0] deallocation completed successfully.
08:06:49.683 DEBUG akka.cluster.sharding.Shard - sharded-daemon-process-eventSourcedProjection-passivation-race-entity-passivation-race-consumer-a: Shard [0] shutting down
08:06:49.684 DEBUG akka.actor.CoordinatedShutdown - Performing phase [cluster-leave] with [1] tasks.
08:06:49.684 DEBUG akka.actor.CoordinatedShutdown - Performing task [leave] in CoordinatedShutdown phase [cluster-leave]
08:06:49.684 DEBUG a.c.sharding.DDataShardCoordinator - sharded-daemon-process-eventSourcedProjection-passivation-race-entity-passivation-race-consumer-a: The coordinator state was successfully updated with ShardHomeDeallocated(0)
08:06:49.684 DEBUG a.c.sharding.DDataShardCoordinator - sharded-daemon-process-eventSourcedProjection-passivation-race-entity-passivation-race-consumer-a: Shard [0] deallocated after
08:06:49.684 DEBUG a.c.sharding.DDataShardCoordinator - sharded-daemon-process-eventSourcedProjection-passivation-race-entity-passivation-race-consumer-a: ShardRegion terminated (gracefully): [Actor[akka://akka-runtime/system/sharding/sharded-daemon-process-eventSourcedProjection-passivation-race-entity-passivation-race-consumer-a#-1987541121]] {}
08:06:49.684 DEBUG a.c.sharding.DDataShardCoordinator - sharded-daemon-process-eventSourcedProjection-passivation-race-entity-passivation-race-consumer-a: GetShardHome [0] request from [Actor[akka://local/ignore]] stashed, because waiting for initial state or update of state. It will be handled afterwards.
08:06:49.684 DEBUG a.c.sharding.DDataShardCoordinator - sharded-daemon-process-eventSourcedProjection-passivation-race-entity-passivation-race-consumer-a: The coordinator state was successfully updated with ShardRegionTerminated(Actor[akka://akka-runtime/system/sharding/sharded-daemon-process-eventSourcedProjection-passivation-race-entity-passivation-race-consumer-a#-1987541121])
08:06:49.684 DEBUG a.c.sharding.DDataShardCoordinator - sharded-daemon-process-eventSourcedProjection-passivation-race-entity-passivation-race-consumer-a: ShardRegion stopped: [Actor[akka://akka-runtime/system/sharding/sharded-daemon-process-eventSourcedProjection-passivation-race-entity-passivation-race-consumer-a#-1987541121]]
08:06:49.685 DEBUG akka.actor.CoordinatedShutdown - Performing phase [cluster-exiting] with [28] tasks.
08:06:49.685 DEBUG akka.actor.CoordinatedShutdown - Performing task [singleton-exiting-1] in CoordinatedShutdown phase [cluster-exiting]
08:06:49.685 DEBUG akka.actor.CoordinatedShutdown - Performing task [singleton-exiting-2] in CoordinatedShutdown phase [cluster-exiting]
08:06:49.685 DEBUG akka.actor.CoordinatedShutdown - Performing task [wait-singleton-exiting] in CoordinatedShutdown phase [cluster-exiting]
08:06:49.685 DEBUG akka.actor.CoordinatedShutdown - Performing task [singleton-exiting-1] in CoordinatedShutdown phase [cluster-exiting]
08:06:49.685 INFO  a.c.s.ClusterSingletonManager - Exited [akka://akka-runtime@127.0.0.1:63142].
08:06:49.685 INFO  a.c.s.ClusterSingletonManager - Oldest observed OldestChanged: [akka://akka-runtime@127.0.0.1:63142 -> None]
08:06:49.685 DEBUG akka.actor.CoordinatedShutdown - Performing task [singleton-exiting-2] in CoordinatedShutdown phase [cluster-exiting]
08:06:49.685 DEBUG akka.actor.CoordinatedShutdown - Performing task [wait-exiting] in CoordinatedShutdown phase [cluster-exiting]
08:06:49.685 DEBUG akka.actor.CoordinatedShutdown - Performing task [singleton-exiting-1] in CoordinatedShutdown phase [cluster-exiting]
08:06:49.685 INFO  a.c.s.ClusterSingletonManager - ClusterSingletonManager state change [Oldest -> WasOldest]
08:06:49.685 DEBUG akka.actor.CoordinatedShutdown - Performing task [singleton-exiting-2] in CoordinatedShutdown phase [cluster-exiting]
08:06:49.685 INFO  a.c.s.ClusterSingletonManager - Oldest observed OldestChanged: [akka://akka-runtime@127.0.0.1:63142 -> None]
08:06:49.685 DEBUG akka.actor.CoordinatedShutdown - Performing task [singleton-exiting-1] in CoordinatedShutdown phase [cluster-exiting]
08:06:49.685 INFO  a.c.s.ClusterSingletonManager - Exited [akka://akka-runtime@127.0.0.1:63142].
08:06:49.685 INFO  a.c.s.ClusterSingletonManager - ClusterSingletonManager state change [Oldest -> WasOldest]
08:06:49.685 DEBUG akka.actor.CoordinatedShutdown - Performing task [singleton-exiting-1] in CoordinatedShutdown phase [cluster-exiting]
08:06:49.685 INFO  a.c.s.ClusterSingletonManager - Exited [akka://akka-runtime@127.0.0.1:63142].
08:06:49.685 DEBUG akka.actor.CoordinatedShutdown - Performing task [singleton-exiting-2] in CoordinatedShutdown phase [cluster-exiting]
08:06:49.685 INFO  a.c.s.ClusterSingletonManager - Oldest observed OldestChanged: [akka://akka-runtime@127.0.0.1:63142 -> None]
08:06:49.685 DEBUG akka.actor.CoordinatedShutdown - Performing task [wait-singleton-exiting] in CoordinatedShutdown phase [cluster-exiting]
08:06:49.685 DEBUG akka.actor.CoordinatedShutdown - Performing task [singleton-exiting-2] in CoordinatedShutdown phase [cluster-exiting]
08:06:49.685 INFO  a.c.s.ClusterSingletonManager - Oldest observed OldestChanged: [akka://akka-runtime@127.0.0.1:63142 -> None]
08:06:49.685 INFO  a.c.s.ClusterSingletonManager - ClusterSingletonManager state change [Oldest -> WasOldest]
08:06:49.685 DEBUG akka.actor.CoordinatedShutdown - Performing task [wait-singleton-exiting] in CoordinatedShutdown phase [cluster-exiting]
08:06:49.685 INFO  a.c.s.ClusterSingletonManager - ClusterSingletonManager state change [Oldest -> WasOldest]
08:06:49.685 DEBUG akka.actor.CoordinatedShutdown - Performing task [singleton-exiting-2] in CoordinatedShutdown phase [cluster-exiting]
08:06:49.685 INFO  a.c.s.ClusterSingletonManager - Oldest observed OldestChanged: [akka://akka-runtime@127.0.0.1:63142 -> None]
08:06:49.685 DEBUG akka.actor.CoordinatedShutdown - Performing task [singleton-exiting-1] in CoordinatedShutdown phase [cluster-exiting]
08:06:49.685 INFO  a.c.s.ClusterSingletonManager - Exited [akka://akka-runtime@127.0.0.1:63142].
08:06:49.685 INFO  a.c.s.ClusterSingletonManager - ClusterSingletonManager state change [Oldest -> WasOldest]
08:06:49.685 DEBUG akka.actor.CoordinatedShutdown - Performing task [wait-singleton-exiting] in CoordinatedShutdown phase [cluster-exiting]
08:06:49.685 INFO  a.c.s.ClusterSingletonManager - Exited [akka://akka-runtime@127.0.0.1:63142].
08:06:49.685 DEBUG akka.actor.CoordinatedShutdown - Performing task [wait-singleton-exiting] in CoordinatedShutdown phase [cluster-exiting]
08:06:49.685 INFO  a.c.s.ClusterSingletonManager - Exited [akka://akka-runtime@127.0.0.1:63142].
08:06:49.685 DEBUG akka.actor.CoordinatedShutdown - Performing task [singleton-exiting-1] in CoordinatedShutdown phase [cluster-exiting]
08:06:49.685 INFO  a.c.s.ClusterSingletonManager - Oldest observed OldestChanged: [akka://akka-runtime@127.0.0.1:63142 -> None]
08:06:49.685 DEBUG akka.actor.CoordinatedShutdown - Performing task [singleton-exiting-1] in CoordinatedShutdown phase [cluster-exiting]
08:06:49.685 INFO  a.c.s.ClusterSingletonManager - ClusterSingletonManager state change [Oldest -> WasOldest]
08:06:49.685 INFO  a.c.s.ClusterSingletonManager - Oldest observed OldestChanged: [akka://akka-runtime@127.0.0.1:63142 -> None]
08:06:49.685 DEBUG akka.actor.CoordinatedShutdown - Performing task [wait-singleton-exiting] in CoordinatedShutdown phase [cluster-exiting]
08:06:49.685 DEBUG akka.actor.CoordinatedShutdown - Performing task [singleton-exiting-2] in CoordinatedShutdown phase [cluster-exiting]
08:06:49.685 INFO  a.c.s.ClusterSingletonManager - Oldest observed OldestChanged: [akka://akka-runtime@127.0.0.1:63142 -> None]
08:06:49.685 INFO  a.c.s.ClusterSingletonManager - ClusterSingletonManager state change [Oldest -> WasOldest]
08:06:49.685 DEBUG akka.actor.CoordinatedShutdown - Performing task [wait-singleton-exiting] in CoordinatedShutdown phase [cluster-exiting]
08:06:49.685 DEBUG akka.actor.CoordinatedShutdown - Performing task [singleton-exiting-2] in CoordinatedShutdown phase [cluster-exiting]
08:06:49.685 INFO  a.c.s.ClusterSingletonManager - ClusterSingletonManager state change [Oldest -> WasOldest]
08:06:49.685 INFO  a.c.s.ClusterSingletonManager - Exited [akka://akka-runtime@127.0.0.1:63142].
08:06:49.685 DEBUG akka.actor.CoordinatedShutdown - Performing task [wait-singleton-exiting] in CoordinatedShutdown phase [cluster-exiting]
08:06:49.685 INFO  a.c.s.ClusterSingletonManager - Exited [akka://akka-runtime@127.0.0.1:63142].
08:06:49.685 DEBUG akka.actor.CoordinatedShutdown - Performing task [wait-singleton-exiting] in CoordinatedShutdown phase [cluster-exiting]
08:06:49.685 DEBUG akka.actor.CoordinatedShutdown - Performing task [singleton-exiting-1] in CoordinatedShutdown phase [cluster-exiting]
08:06:49.685 DEBUG akka.actor.CoordinatedShutdown - Performing task [singleton-exiting-2] in CoordinatedShutdown phase [cluster-exiting]
08:06:49.685 INFO  a.c.s.ClusterSingletonManager - Oldest observed OldestChanged: [akka://akka-runtime@127.0.0.1:63142 -> None]
08:06:49.685 INFO  a.c.s.ClusterSingletonManager - ClusterSingletonManager state change [Oldest -> WasOldest]
08:06:49.685 INFO  a.c.s.ClusterSingletonManager - Exited [akka://akka-runtime@127.0.0.1:63142].
08:06:50.375 DEBUG a.c.singleton.ClusterSingletonProxy - Creating singleton identification timer...
08:06:50.375 DEBUG a.c.singleton.ClusterSingletonProxy - Creating singleton identification timer...
08:06:50.375 DEBUG a.c.singleton.ClusterSingletonProxy - Creating singleton identification timer...
08:06:50.375 DEBUG a.c.singleton.ClusterSingletonProxy - Creating singleton identification timer...
08:06:50.705 INFO  a.c.s.ClusterSingletonManager - Singleton manager stopping singleton actor [akka://akka-runtime/system/singletonManagerShardedDaemonProcessCoordinator-eventSourcedProjection-passivation-race-entity-passivation-race-consumer-b/ShardedDaemonProcessCoordinator-eventSourcedProjection-passivation-race-entity-passivation-race-consumer-b]
08:06:50.705 INFO  a.c.s.ClusterSingletonManager - Singleton manager stopping singleton actor [akka://akka-runtime/system/sharding/sharded-daemon-process-eventSourcedProjection-passivation-race-entity-passivation-race-consumer-aCoordinator/singleton]
08:06:50.705 INFO  a.c.s.ClusterSingletonManager - Singleton manager stopping singleton actor [akka://akka-runtime/system/sharding/sharded-daemon-process-eventSourcedProjection-passivation-race-entity-passivation-race-consumer-bCoordinator/singleton]
08:06:50.705 INFO  a.c.s.ClusterSingletonManager - Singleton manager stopping singleton actor [akka://akka-runtime/system/singletonManagerschemaSingleton/schemaSingleton]
08:06:50.705 INFO  a.c.s.ClusterSingletonManager - ClusterSingletonManager state change [WasOldest -> Stopping]
08:06:50.705 INFO  a.c.s.ClusterSingletonManager - ClusterSingletonManager state change [WasOldest -> Stopping]
08:06:50.705 INFO  a.c.s.ClusterSingletonManager - ClusterSingletonManager state change [WasOldest -> Stopping]
08:06:50.705 INFO  a.c.s.ClusterSingletonManager - Singleton manager stopping singleton actor [akka://akka-runtime/system/sharding/passivation-race-entityCoordinator/singleton]
08:06:50.705 DEBUG a.c.sharding.DDataShardCoordinator - sharded-daemon-process-eventSourcedProjection-passivation-race-entity-passivation-race-consumer-b: Received termination message.
08:06:50.705 INFO  a.c.s.ClusterSingletonManager - Singleton manager stopping singleton actor [akka://akka-runtime/system/singletonManagerShardedDaemonProcessCoordinator-eventSourcedProjection-passivation-race-entity-passivation-race-view/ShardedDaemonProcessCoordinator-eventSourcedProjection-passivation-race-entity-passivation-race-view]
08:06:50.705 INFO  a.c.s.ClusterSingletonManager - Singleton manager stopping singleton actor [akka://akka-runtime/system/sharding/_timerCoordinator/singleton]
08:06:50.705 INFO  a.c.s.ClusterSingletonManager - ClusterSingletonManager state change [WasOldest -> Stopping]
08:06:50.705 INFO  a.c.s.ClusterSingletonManager - Singleton actor [akka://akka-runtime/system/singletonManagerShardedDaemonProcessCoordinator-eventSourcedProjection-passivation-race-entity-passivation-race-consumer-b/ShardedDaemonProcessCoordinator-eventSourcedProjection-passivation-race-entity-passivation-race-consumer-b] was terminated
08:06:50.705 INFO  a.c.s.ClusterSingletonManager - Singleton manager stopping singleton actor [akka://akka-runtime/system/singletonManagerShardedDaemonProcessCoordinator-eventSourcedProjection-passivation-race-entity-passivation-race-consumer-a/ShardedDaemonProcessCoordinator-eventSourcedProjection-passivation-race-entity-passivation-race-consumer-a]
08:06:50.705 INFO  a.c.s.ClusterSingletonManager - ClusterSingletonManager state change [WasOldest -> Stopping]
08:06:50.705 INFO  a.c.s.ClusterSingletonManager - Singleton actor [akka://akka-runtime/system/sharding/sharded-daemon-process-eventSourcedProjection-passivation-race-entity-passivation-race-consumer-bCoordinator/singleton] was terminated
08:06:50.705 DEBUG a.c.sharding.DDataShardCoordinator - _timer: Received termination message.
08:06:50.705 INFO  a.c.s.ClusterSingletonManager - ClusterSingletonManager state change [WasOldest -> Stopping]
08:06:50.705 DEBUG a.c.sharding.DDataShardCoordinator - passivation-race-entity: Received termination message.
08:06:50.705 INFO  a.c.s.ClusterSingletonManager - Singleton actor [akka://akka-runtime/system/singletonManagerschemaSingleton/schemaSingleton] was terminated
08:06:50.705 INFO  a.c.s.ClusterSingletonManager - Singleton manager stopping singleton actor [akka://akka-runtime/system/sharding/sharded-daemon-process-eventSourcedProjection-passivation-race-entity-passivation-race-viewCoordinator/singleton]
08:06:50.705 INFO  a.c.s.ClusterSingletonManager - ClusterSingletonManager state change [WasOldest -> Stopping]
08:06:50.705 DEBUG a.c.sharding.DDataShardCoordinator - sharded-daemon-process-eventSourcedProjection-passivation-race-entity-passivation-race-view: Received termination message.
08:06:50.705 INFO  a.c.s.ClusterSingletonManager - Singleton actor [akka://akka-runtime/system/sharding/sharded-daemon-process-eventSourcedProjection-passivation-race-entity-passivation-race-viewCoordinator/singleton] was terminated
08:06:50.706 INFO  a.c.s.ClusterSingletonManager - Singleton actor [akka://akka-runtime/system/sharding/passivation-race-entityCoordinator/singleton] was terminated
08:06:50.706 DEBUG a.c.sharding.DDataShardCoordinator - sharded-daemon-process-eventSourcedProjection-passivation-race-entity-passivation-race-consumer-a: Received termination message.
08:06:50.706 INFO  a.c.s.ClusterSingletonManager - ClusterSingletonManager state change [WasOldest -> Stopping]
08:06:50.706 INFO  a.c.s.ClusterSingletonManager - ClusterSingletonManager state change [WasOldest -> Stopping]
08:06:50.706 INFO  a.c.s.ClusterSingletonManager - Singleton actor [akka://akka-runtime/system/singletonManagerShardedDaemonProcessCoordinator-eventSourcedProjection-passivation-race-entity-passivation-race-view/ShardedDaemonProcessCoordinator-eventSourcedProjection-passivation-race-entity-passivation-race-view] was terminated
08:06:50.706 INFO  a.c.s.ClusterSingletonManager - Singleton actor [akka://akka-runtime/system/sharding/_timerCoordinator/singleton] was terminated
08:06:50.706 INFO  a.c.s.ClusterSingletonManager - Singleton actor [akka://akka-runtime/system/singletonManagerShardedDaemonProcessCoordinator-eventSourcedProjection-passivation-race-entity-passivation-race-consumer-a/ShardedDaemonProcessCoordinator-eventSourcedProjection-passivation-race-entity-passivation-race-consumer-a] was terminated
08:06:50.706 INFO  a.c.s.ClusterSingletonManager - Singleton actor [akka://akka-runtime/system/sharding/sharded-daemon-process-eventSourcedProjection-passivation-race-entity-passivation-race-consumer-aCoordinator/singleton] was terminated
08:06:50.706 DEBUG akka.actor.CoordinatedShutdown - Performing phase [cluster-exiting-done] with [1] tasks.
08:06:50.706 DEBUG akka.actor.CoordinatedShutdown - Performing task [exiting-completed] in CoordinatedShutdown phase [cluster-exiting-done]
08:06:50.707 DEBUG akka.actor.CoordinatedShutdown - Performing phase [cluster-shutdown] with [1] tasks.
08:06:50.707 DEBUG akka.actor.CoordinatedShutdown - Performing task [wait-shutdown] in CoordinatedShutdown phase [cluster-shutdown]
08:06:50.707 DEBUG akka.actor.CoordinatedShutdown - Performing phase [before-actor-system-terminate] with [2] tasks.
08:06:50.707 DEBUG akka.actor.CoordinatedShutdown - Performing task [close connection pools] in CoordinatedShutdown phase [before-actor-system-terminate]
08:06:50.708 DEBUG akka.actor.CoordinatedShutdown - Performing task [close-grpc-channels] in CoordinatedShutdown phase [before-actor-system-terminate]
08:06:50.708 DEBUG akka.actor.CoordinatedShutdown - Performing phase [actor-system-terminate] with [1] tasks.
08:06:50.708 DEBUG akka.actor.CoordinatedShutdown - Performing task [terminate-system] in CoordinatedShutdown phase [actor-system-terminate]
08:06:50.758 INFO  akka.runtime.AkkaRuntimeMain - Starting Akka Runtime version [1.6.15]
08:06:50.764 INFO  akka.javasdk.impl.ComponentLocator$ - Looking for component descriptors matching pattern [META-INF/akka-javasdk-components_*.conf]
08:06:50.769 INFO  akka.javasdk.testkit.TestKit - Eventing TestKit booting up on port: 63146
08:06:50.771 DEBUG a.c.singleton.ClusterSingletonProxy - Creating singleton identification timer...
08:06:50.771 DEBUG a.c.singleton.ClusterSingletonProxy - Trying to identify singleton at [akka://akka-runtime@127.0.0.1:63147/system/singletonManagerschemaSingleton/schemaSingleton]
08:06:50.771 DEBUG a.c.singleton.ClusterSingletonProxy - Singleton not available, buffering message type [kalix.runtime.SchemaSingleton$ExecDdl]
08:06:50.771 INFO  a.c.s.ClusterSingletonManager - Singleton manager starting singleton actor [akka://akka-runtime/system/singletonManagerschemaSingleton/schemaSingleton]
08:06:50.771 INFO  a.c.s.ClusterSingletonManager - ClusterSingletonManager state change [Start -> Oldest]
08:06:50.773 INFO  akka.javasdk.testkit.TestKit - Checking runtime status
08:06:50.830 DEBUG a.c.singleton.ClusterSingletonProxy - Trying to identify singleton at [akka://akka-runtime@127.0.0.1:63147/system/singletonManagerschemaSingleton/schemaSingleton]
08:06:50.831 INFO  a.c.singleton.ClusterSingletonProxy - Singleton identified at [akka://akka-runtime/system/singletonManagerschemaSingleton/schemaSingleton]
08:06:50.831 DEBUG a.c.singleton.ClusterSingletonProxy - Sending buffered messages to current singleton instance
08:06:50.832 INFO  a.c.s.typed.scaladsl.ClusterSharding - Starting Shard Region [passivation-race-entity]...
08:06:50.832 INFO  akka.cluster.sharding.ShardRegion - passivation-race-entity: Automatic entity passivation: composite strategy with limit of [10000] active entities, admission window (least recently used entities) with proportions [initial = 0.01, min = 0.01, max = 1.0] adapting with hill-climbing optimizer [adjust multiplier = 10.0, initial step = 0.0625, restart threshold = 0.05, step decay = 0.98], admit using frequency sketch [width multiplier = 4, reset multiplier = 10.0, depth = 4, counter bits = 4], main (least recently used entities (segmented with [2] levels with proportions of [0.20, 0.80]))
08:06:50.832 INFO  a.c.s.ClusterSingletonManager - Singleton manager starting singleton actor [akka://akka-runtime/system/sharding/passivation-race-entityCoordinator/singleton]
08:06:50.832 INFO  a.c.s.ClusterSingletonManager - ClusterSingletonManager state change [Start -> Oldest]
08:06:50.833 DEBUG a.c.sharding.DDataShardCoordinator - passivation-race-entity: Initial coordinator is empty.
08:06:50.833 INFO  a.c.sharding.DDataShardCoordinator - passivation-race-entity: ShardCoordinator was moved to the active state with [0] shards
08:06:50.834 DEBUG a.c.singleton.ClusterSingletonProxy - Forwarding message of type [SchemaSingleton$ExecDdl] to current singleton instance at [akka://akka-runtime/system/singletonManagerschemaSingleton/schemaSingleton]
08:06:50.834 INFO  akka.runtime.DiscoveryManager - Service components: EventSourcedEntity: [1], Consumer: [2], View: [1]
08:06:50.835 INFO  a.c.s.typed.scaladsl.ClusterSharding - Starting Shard Region [_timer]...
08:06:50.836 INFO  a.c.s.typed.scaladsl.ClusterSharding - Starting Shard Region [sharded-daemon-process-eventSourcedProjection-passivation-race-entity-passivation-race-consumer-a]...
08:06:50.836 INFO  a.c.s.ClusterSingletonManager - Singleton manager starting singleton actor [akka://akka-runtime/system/sharding/_timerCoordinator/singleton]
08:06:50.836 INFO  a.c.s.ClusterSingletonManager - ClusterSingletonManager state change [Start -> Oldest]
08:06:50.836 DEBUG a.c.sharding.DDataShardCoordinator - _timer: Starting remember entities store from provider akka.cluster.sharding.internal.DDataRememberEntitiesProvider@34ac2c5b
08:06:50.836 INFO  akka.cluster.sharding.ShardRegion - sharded-daemon-process-eventSourcedProjection-passivation-race-entity-passivation-race-consumer-a: Automatic entity passivation: disabled
08:06:50.836 INFO  a.c.s.typed.scaladsl.ClusterSharding - Starting Shard Region [sharded-daemon-process-eventSourcedProjection-passivation-race-entity-passivation-race-consumer-b]...
08:06:50.836 DEBUG a.c.sharding.DDataShardCoordinator - _timer: Received [0] remembered shard ids (when waitingForInitialState)
08:06:50.836 DEBUG a.c.sharding.DDataShardCoordinator - _timer: Initial coordinator is empty.
08:06:50.836 INFO  a.c.sharding.DDataShardCoordinator - _timer: ShardCoordinator was moved to the active state with [0] shards
08:06:50.836 INFO  akka.cluster.sharding.ShardRegion - sharded-daemon-process-eventSourcedProjection-passivation-race-entity-passivation-race-consumer-b: Automatic entity passivation: disabled
08:06:50.837 DEBUG a.c.singleton.ClusterSingletonProxy - Creating singleton identification timer...
08:06:50.837 DEBUG a.c.singleton.ClusterSingletonProxy - Trying to identify singleton at [akka://akka-runtime@127.0.0.1:63147/system/singletonManagerShardedDaemonProcessCoordinator-eventSourcedProjection-passivation-race-entity-passivation-race-consumer-a/ShardedDaemonProcessCoordinator-eventSourcedProjection-passivation-race-entity-passivation-race-consumer-a]
08:06:50.837 INFO  a.c.s.ClusterSingletonManager - Singleton manager starting singleton actor [akka://akka-runtime/system/sharding/sharded-daemon-process-eventSourcedProjection-passivation-race-entity-passivation-race-consumer-aCoordinator/singleton]
08:06:50.837 INFO  a.c.s.ClusterSingletonManager - ClusterSingletonManager state change [Start -> Oldest]
08:06:50.837 INFO  a.c.s.ClusterSingletonManager - Singleton manager starting singleton actor [akka://akka-runtime/system/singletonManagerShardedDaemonProcessCoordinator-eventSourcedProjection-passivation-race-entity-passivation-race-consumer-a/ShardedDaemonProcessCoordinator-eventSourcedProjection-passivation-race-entity-passivation-race-consumer-a]
08:06:50.837 INFO  a.c.s.ClusterSingletonManager - ClusterSingletonManager state change [Start -> Oldest]
08:06:50.837 DEBUG a.c.sharding.DDataShardCoordinator - sharded-daemon-process-eventSourcedProjection-passivation-race-entity-passivation-race-consumer-a: Initial coordinator is empty.
08:06:50.837 INFO  a.c.sharding.DDataShardCoordinator - sharded-daemon-process-eventSourcedProjection-passivation-race-entity-passivation-race-consumer-a: ShardCoordinator was moved to the active state with [0] shards
08:06:50.837 DEBUG a.c.s.t.i.ShardedDaemonProcessCoordinator$ - ShardedDaemonProcessCoordinator for [eventSourcedProjection-passivation-race-entity-passivation-race-consumer-a] starting
08:06:50.837 INFO  a.c.s.typed.scaladsl.ClusterSharding - Starting Shard Region [sharded-daemon-process-eventSourcedProjection-passivation-race-entity-passivation-race-view]...
08:06:50.837 DEBUG a.c.s.t.i.ShardedDaemonProcessCoordinator$ - eventSourcedProjection-passivation-race-entity-passivation-race-consumer-a: No previous state stored for Sharded Daemon Process
08:06:50.837 DEBUG a.c.s.t.i.ShardedDaemonProcessCoordinator$ - Sending periodic keep alive for Sharded Daemon Process [eventSourcedProjection-passivation-race-entity-passivation-race-consumer-a] to [1] processes (revision [0]).
08:06:50.837 DEBUG a.c.singleton.ClusterSingletonProxy - Creating singleton identification timer...
08:06:50.837 DEBUG a.c.singleton.ClusterSingletonProxy - Trying to identify singleton at [akka://akka-runtime@127.0.0.1:63147/system/singletonManagerShardedDaemonProcessCoordinator-eventSourcedProjection-passivation-race-entity-passivation-race-consumer-b/ShardedDaemonProcessCoordinator-eventSourcedProjection-passivation-race-entity-passivation-race-consumer-b]
08:06:50.837 INFO  akka.cluster.sharding.ShardRegion - sharded-daemon-process-eventSourcedProjection-passivation-race-entity-passivation-race-view: Automatic entity passivation: disabled
08:06:50.837 INFO  a.c.s.ClusterSingletonManager - Singleton manager starting singleton actor [akka://akka-runtime/system/sharding/sharded-daemon-process-eventSourcedProjection-passivation-race-entity-passivation-race-consumer-bCoordinator/singleton]
08:06:50.837 INFO  a.c.s.ClusterSingletonManager - ClusterSingletonManager state change [Start -> Oldest]
08:06:50.837 INFO  a.c.s.ClusterSingletonManager - Singleton manager starting singleton actor [akka://akka-runtime/system/singletonManagerShardedDaemonProcessCoordinator-eventSourcedProjection-passivation-race-entity-passivation-race-consumer-b/ShardedDaemonProcessCoordinator-eventSourcedProjection-passivation-race-entity-passivation-race-consumer-b]
08:06:50.837 INFO  a.c.s.ClusterSingletonManager - ClusterSingletonManager state change [Start -> Oldest]
08:06:50.838 DEBUG a.c.sharding.DDataShardCoordinator - sharded-daemon-process-eventSourcedProjection-passivation-race-entity-passivation-race-consumer-b: Initial coordinator is empty.
08:06:50.838 DEBUG a.c.s.t.i.ShardedDaemonProcessCoordinator$ - ShardedDaemonProcessCoordinator for [eventSourcedProjection-passivation-race-entity-passivation-race-consumer-b] starting
08:06:50.838 INFO  a.c.sharding.DDataShardCoordinator - sharded-daemon-process-eventSourcedProjection-passivation-race-entity-passivation-race-consumer-b: ShardCoordinator was moved to the active state with [0] shards
08:06:50.838 INFO  akka.runtime.DiscoveryManager - Akka Runtime started at 127.0.0.1:63145
08:06:50.838 DEBUG a.c.s.t.i.ShardedDaemonProcessCoordinator$ - eventSourcedProjection-passivation-race-entity-passivation-race-consumer-b: No previous state stored for Sharded Daemon Process
08:06:50.838 DEBUG a.c.singleton.ClusterSingletonProxy - Creating singleton identification timer...
08:06:50.838 DEBUG a.c.singleton.ClusterSingletonProxy - Trying to identify singleton at [akka://akka-runtime@127.0.0.1:63147/system/singletonManagerShardedDaemonProcessCoordinator-eventSourcedProjection-passivation-race-entity-passivation-race-view/ShardedDaemonProcessCoordinator-eventSourcedProjection-passivation-race-entity-passivation-race-view]
08:06:50.838 DEBUG a.c.s.t.i.ShardedDaemonProcessCoordinator$ - Sending periodic keep alive for Sharded Daemon Process [eventSourcedProjection-passivation-race-entity-passivation-race-consumer-b] to [1] processes (revision [0]).
08:06:50.838 INFO  repro.Bootstrap - onStartup burst of 8 starting
08:06:50.838 INFO  a.c.s.ClusterSingletonManager - Singleton manager starting singleton actor [akka://akka-runtime/system/singletonManagerShardedDaemonProcessCoordinator-eventSourcedProjection-passivation-race-entity-passivation-race-view/ShardedDaemonProcessCoordinator-eventSourcedProjection-passivation-race-entity-passivation-race-view]
08:06:50.838 INFO  a.c.s.ClusterSingletonManager - Singleton manager starting singleton actor [akka://akka-runtime/system/sharding/sharded-daemon-process-eventSourcedProjection-passivation-race-entity-passivation-race-viewCoordinator/singleton]
08:06:50.838 INFO  a.c.s.ClusterSingletonManager - ClusterSingletonManager state change [Start -> Oldest]
08:06:50.838 INFO  a.c.s.ClusterSingletonManager - ClusterSingletonManager state change [Start -> Oldest]
08:06:50.838 DEBUG a.c.s.t.i.ShardedDaemonProcessCoordinator$ - ShardedDaemonProcessCoordinator for [eventSourcedProjection-passivation-race-entity-passivation-race-view] starting
08:06:50.838 DEBUG a.c.s.t.i.ShardedDaemonProcessCoordinator$ - eventSourcedProjection-passivation-race-entity-passivation-race-view: No previous state stored for Sharded Daemon Process
08:06:50.838 DEBUG a.c.s.t.i.ShardedDaemonProcessCoordinator$ - Sending periodic keep alive for Sharded Daemon Process [eventSourcedProjection-passivation-race-entity-passivation-race-view] to [1] processes (revision [0]).
08:06:50.838 DEBUG a.c.sharding.DDataShardCoordinator - sharded-daemon-process-eventSourcedProjection-passivation-race-entity-passivation-race-view: Initial coordinator is empty.
08:06:50.838 INFO  a.c.sharding.DDataShardCoordinator - sharded-daemon-process-eventSourcedProjection-passivation-race-entity-passivation-race-view: ShardCoordinator was moved to the active state with [0] shards
08:06:50.892 INFO  akka.javasdk.testkit.TestKit - Runtime started
08:06:50.893 INFO  akka.actor.CoordinatedShutdown - Running CoordinatedShutdown with reason [ActorSystemTerminateReason]
08:06:50.893 DEBUG akka.actor.CoordinatedShutdown - Performing phase [before-service-unbind] with [0] tasks
08:06:50.893 DEBUG akka.actor.CoordinatedShutdown - Performing phase [service-unbind] with [1] tasks.
08:06:50.893 DEBUG akka.actor.CoordinatedShutdown - Performing task [http-unbind-/127.0.0.1:63145] in CoordinatedShutdown phase [service-unbind]
08:06:50.893 DEBUG akka.actor.CoordinatedShutdown - Performing phase [service-requests-done] with [1] tasks.
08:06:50.893 DEBUG akka.actor.CoordinatedShutdown - Performing task [http-terminate-/127.0.0.1:63145] in CoordinatedShutdown phase [service-requests-done]
08:06:50.893 DEBUG akka.actor.CoordinatedShutdown - Performing phase [service-stop] with [1] tasks.
08:06:50.893 DEBUG akka.actor.CoordinatedShutdown - Performing task [stop-grpc-clients] in CoordinatedShutdown phase [service-stop]
08:06:50.893 DEBUG akka.actor.CoordinatedShutdown - Performing phase [before-cluster-shutdown] with [0] tasks
08:06:50.893 DEBUG akka.actor.CoordinatedShutdown - Performing phase [cluster-sharding-shutdown-region] with [5] tasks.
08:06:50.893 DEBUG akka.actor.CoordinatedShutdown - Performing task [region-shutdown] in CoordinatedShutdown phase [cluster-sharding-shutdown-region]
08:06:50.893 DEBUG akka.actor.CoordinatedShutdown - Performing task [region-shutdown] in CoordinatedShutdown phase [cluster-sharding-shutdown-region]
08:06:50.893 DEBUG akka.actor.CoordinatedShutdown - Performing task [region-shutdown] in CoordinatedShutdown phase [cluster-sharding-shutdown-region]
08:06:50.893 DEBUG akka.actor.CoordinatedShutdown - Performing task [region-shutdown] in CoordinatedShutdown phase [cluster-sharding-shutdown-region]
08:06:50.893 DEBUG akka.actor.CoordinatedShutdown - Performing task [region-shutdown] in CoordinatedShutdown phase [cluster-sharding-shutdown-region]
08:06:50.893 DEBUG a.c.sharding.DDataShardCoordinator - sharded-daemon-process-eventSourcedProjection-passivation-race-entity-passivation-race-view: Unknown region requested graceful shutdown [Actor[akka://akka-runtime/system/sharding/sharded-daemon-process-eventSourcedProjection-passivation-race-entity-passivation-race-view#-1518030160]]
08:06:50.893 DEBUG a.c.sharding.DDataShardCoordinator - passivation-race-entity: Unknown region requested graceful shutdown [Actor[akka://akka-runtime/system/sharding/passivation-race-entity#1382964202]]
08:06:50.893 DEBUG a.c.sharding.DDataShardCoordinator - _timer: Unknown region requested graceful shutdown [Actor[akka://akka-runtime/system/sharding/_timer#1012526559]]
08:06:50.893 DEBUG a.c.sharding.DDataShardCoordinator - sharded-daemon-process-eventSourcedProjection-passivation-race-entity-passivation-race-consumer-b: Unknown region requested graceful shutdown [Actor[akka://akka-runtime/system/sharding/sharded-daemon-process-eventSourcedProjection-passivation-race-entity-passivation-race-consumer-b#1867513436]]
08:06:50.893 DEBUG a.c.sharding.DDataShardCoordinator - sharded-daemon-process-eventSourcedProjection-passivation-race-entity-passivation-race-consumer-a: Unknown region requested graceful shutdown [Actor[akka://akka-runtime/system/sharding/sharded-daemon-process-eventSourcedProjection-passivation-race-entity-passivation-race-consumer-a#703753428]]
08:06:50.901 DEBUG a.c.singleton.ClusterSingletonProxy - Trying to identify singleton at [akka://akka-runtime@127.0.0.1:63147/system/singletonManagerShardedDaemonProcessCoordinator-eventSourcedProjection-passivation-race-entity-passivation-race-consumer-a/ShardedDaemonProcessCoordinator-eventSourcedProjection-passivation-race-entity-passivation-race-consumer-a]
08:06:50.901 DEBUG a.c.singleton.ClusterSingletonProxy - Trying to identify singleton at [akka://akka-runtime@127.0.0.1:63147/system/singletonManagerShardedDaemonProcessCoordinator-eventSourcedProjection-passivation-race-entity-passivation-race-consumer-b/ShardedDaemonProcessCoordinator-eventSourcedProjection-passivation-race-entity-passivation-race-consumer-b]
08:06:50.901 INFO  a.c.singleton.ClusterSingletonProxy - Singleton identified at [akka://akka-runtime/system/singletonManagerShardedDaemonProcessCoordinator-eventSourcedProjection-passivation-race-entity-passivation-race-consumer-a/ShardedDaemonProcessCoordinator-eventSourcedProjection-passivation-race-entity-passivation-race-consumer-a]
08:06:50.901 INFO  a.c.singleton.ClusterSingletonProxy - Singleton identified at [akka://akka-runtime/system/singletonManagerShardedDaemonProcessCoordinator-eventSourcedProjection-passivation-race-entity-passivation-race-consumer-b/ShardedDaemonProcessCoordinator-eventSourcedProjection-passivation-race-entity-passivation-race-consumer-b]
08:06:50.901 DEBUG a.c.singleton.ClusterSingletonProxy - Sending buffered messages to current singleton instance
08:06:50.901 DEBUG a.c.singleton.ClusterSingletonProxy - Sending buffered messages to current singleton instance
08:06:50.901 DEBUG a.c.singleton.ClusterSingletonProxy - Trying to identify singleton at [akka://akka-runtime@127.0.0.1:63147/system/singletonManagerShardedDaemonProcessCoordinator-eventSourcedProjection-passivation-race-entity-passivation-race-view/ShardedDaemonProcessCoordinator-eventSourcedProjection-passivation-race-entity-passivation-race-view]
08:06:50.901 INFO  a.c.singleton.ClusterSingletonProxy - Singleton identified at [akka://akka-runtime/system/singletonManagerShardedDaemonProcessCoordinator-eventSourcedProjection-passivation-race-entity-passivation-race-view/ShardedDaemonProcessCoordinator-eventSourcedProjection-passivation-race-entity-passivation-race-view]
08:06:50.901 DEBUG a.c.singleton.ClusterSingletonProxy - Sending buffered messages to current singleton instance
08:06:51.102 DEBUG a.c.sharding.DDataShardCoordinator - sharded-daemon-process-eventSourcedProjection-passivation-race-entity-passivation-race-view: ShardRegion registered: [Actor[akka://akka-runtime/system/sharding/sharded-daemon-process-eventSourcedProjection-passivation-race-entity-passivation-race-view#-1518030160]]
08:06:51.102 DEBUG a.c.sharding.DDataShardCoordinator - sharded-daemon-process-eventSourcedProjection-passivation-race-entity-passivation-race-consumer-b: ShardRegion registered: [Actor[akka://akka-runtime/system/sharding/sharded-daemon-process-eventSourcedProjection-passivation-race-entity-passivation-race-consumer-b#1867513436]]
08:06:51.102 DEBUG a.c.sharding.DDataShardCoordinator - passivation-race-entity: ShardRegion registered: [Actor[akka://akka-runtime/system/sharding/passivation-race-entity#1382964202]]
08:06:51.102 DEBUG a.c.sharding.DDataShardCoordinator - sharded-daemon-process-eventSourcedProjection-passivation-race-entity-passivation-race-consumer-a: ShardRegion registered: [Actor[akka://akka-runtime/system/sharding/sharded-daemon-process-eventSourcedProjection-passivation-race-entity-passivation-race-consumer-a#703753428]]
08:06:51.102 DEBUG a.c.sharding.DDataShardCoordinator - sharded-daemon-process-eventSourcedProjection-passivation-race-entity-passivation-race-view: The coordinator state was successfully updated with ShardRegionRegistered(Actor[akka://akka-runtime/system/sharding/sharded-daemon-process-eventSourcedProjection-passivation-race-entity-passivation-race-view#-1518030160])
08:06:51.102 DEBUG a.c.sharding.DDataShardCoordinator - passivation-race-entity: The coordinator state was successfully updated with ShardRegionRegistered(Actor[akka://akka-runtime/system/sharding/passivation-race-entity#1382964202])
08:06:51.102 DEBUG a.c.sharding.DDataShardCoordinator - sharded-daemon-process-eventSourcedProjection-passivation-race-entity-passivation-race-consumer-a: The coordinator state was successfully updated with ShardRegionRegistered(Actor[akka://akka-runtime/system/sharding/sharded-daemon-process-eventSourcedProjection-passivation-race-entity-passivation-race-consumer-a#703753428])
08:06:51.102 DEBUG a.c.sharding.DDataShardCoordinator - sharded-daemon-process-eventSourcedProjection-passivation-race-entity-passivation-race-consumer-b: The coordinator state was successfully updated with ShardRegionRegistered(Actor[akka://akka-runtime/system/sharding/sharded-daemon-process-eventSourcedProjection-passivation-race-entity-passivation-race-consumer-b#1867513436])
08:06:51.103 DEBUG a.c.sharding.DDataShardCoordinator - sharded-daemon-process-eventSourcedProjection-passivation-race-entity-passivation-race-view: The coordinator state was successfully updated with ShardHomeAllocated(0,Actor[akka://akka-runtime/system/sharding/sharded-daemon-process-eventSourcedProjection-passivation-race-entity-passivation-race-view#-1518030160])
08:06:51.103 DEBUG a.c.sharding.DDataShardCoordinator - sharded-daemon-process-eventSourcedProjection-passivation-race-entity-passivation-race-view: Shard [0] allocated at [Actor[akka://akka-runtime/system/sharding/sharded-daemon-process-eventSourcedProjection-passivation-race-entity-passivation-race-view#-1518030160]]
08:06:51.103 DEBUG a.c.sharding.DDataShardCoordinator - passivation-race-entity: The coordinator state was successfully updated with ShardHomeAllocated(534,Actor[akka://akka-runtime/system/sharding/passivation-race-entity#1382964202])
08:06:51.103 DEBUG a.c.sharding.DDataShardCoordinator - sharded-daemon-process-eventSourcedProjection-passivation-race-entity-passivation-race-consumer-a: The coordinator state was successfully updated with ShardHomeAllocated(0,Actor[akka://akka-runtime/system/sharding/sharded-daemon-process-eventSourcedProjection-passivation-race-entity-passivation-race-consumer-a#703753428])
08:06:51.103 DEBUG a.c.sharding.DDataShardCoordinator - sharded-daemon-process-eventSourcedProjection-passivation-race-entity-passivation-race-consumer-a: Shard [0] allocated at [Actor[akka://akka-runtime/system/sharding/sharded-daemon-process-eventSourcedProjection-passivation-race-entity-passivation-race-consumer-a#703753428]]
08:06:51.103 DEBUG a.c.sharding.DDataShardCoordinator - passivation-race-entity: Shard [534] allocated at [Actor[akka://akka-runtime/system/sharding/passivation-race-entity#1382964202]]
08:06:51.103 DEBUG a.c.sharding.DDataShardCoordinator - sharded-daemon-process-eventSourcedProjection-passivation-race-entity-passivation-race-consumer-b: The coordinator state was successfully updated with ShardHomeAllocated(0,Actor[akka://akka-runtime/system/sharding/sharded-daemon-process-eventSourcedProjection-passivation-race-entity-passivation-race-consumer-b#1867513436])
08:06:51.103 DEBUG a.c.sharding.DDataShardCoordinator - sharded-daemon-process-eventSourcedProjection-passivation-race-entity-passivation-race-consumer-b: Shard [0] allocated at [Actor[akka://akka-runtime/system/sharding/sharded-daemon-process-eventSourcedProjection-passivation-race-entity-passivation-race-consumer-b#1867513436]]
08:06:51.103 DEBUG a.c.sharding.DDataShardCoordinator - sharded-daemon-process-eventSourcedProjection-passivation-race-entity-passivation-race-view: Graceful shutdown of region [Actor[akka://akka-runtime/system/sharding/sharded-daemon-process-eventSourcedProjection-passivation-race-entity-passivation-race-view#-1518030160]] with [1] shards
08:06:51.103 INFO  a.c.sharding.DDataShardCoordinator - sharded-daemon-process-eventSourcedProjection-passivation-race-entity-passivation-race-view: Starting shutting down shards [0] due to region shutting down or explicit stopping of shards.
08:06:51.103 DEBUG a.c.sharding.DDataShardCoordinator - sharded-daemon-process-eventSourcedProjection-passivation-race-entity-passivation-race-consumer-b: Graceful shutdown of region [Actor[akka://akka-runtime/system/sharding/sharded-daemon-process-eventSourcedProjection-passivation-race-entity-passivation-race-consumer-b#1867513436]] with [1] shards
08:06:51.103 INFO  a.c.sharding.DDataShardCoordinator - sharded-daemon-process-eventSourcedProjection-passivation-race-entity-passivation-race-consumer-b: Starting shutting down shards [0] due to region shutting down or explicit stopping of shards.
08:06:51.103 DEBUG a.c.s.ShardCoordinator$RebalanceWorker - sharded-daemon-process-eventSourcedProjection-passivation-race-entity-passivation-race-view: Shutting down shard [0] from region [Actor[akka://akka-runtime/system/sharding/sharded-daemon-process-eventSourcedProjection-passivation-race-entity-passivation-race-view#-1518030160]]. Asking [1] region(s) to hand-off shard
08:06:51.103 DEBUG a.c.s.ShardCoordinator$RebalanceWorker - sharded-daemon-process-eventSourcedProjection-passivation-race-entity-passivation-race-consumer-b: Shutting down shard [0] from region [Actor[akka://akka-runtime/system/sharding/sharded-daemon-process-eventSourcedProjection-passivation-race-entity-passivation-race-consumer-b#1867513436]]. Asking [1] region(s) to hand-off shard
08:06:51.103 DEBUG a.c.s.ShardCoordinator$RebalanceWorker - sharded-daemon-process-eventSourcedProjection-passivation-race-entity-passivation-race-view: BeginHandOffAck for shard [0] received from [Actor[akka://akka-runtime/system/sharding/sharded-daemon-process-eventSourcedProjection-passivation-race-entity-passivation-race-view#-1518030160]].
08:06:51.103 DEBUG a.c.s.ShardCoordinator$RebalanceWorker - sharded-daemon-process-eventSourcedProjection-passivation-race-entity-passivation-race-view: All shard regions acked, handing off shard [0].
08:06:51.103 DEBUG akka.cluster.sharding.Shard - sharded-daemon-process-eventSourcedProjection-passivation-race-entity-passivation-race-view: Shard initialized
08:06:51.103 DEBUG a.c.s.ShardCoordinator$RebalanceWorker - sharded-daemon-process-eventSourcedProjection-passivation-race-entity-passivation-race-consumer-b: BeginHandOffAck for shard [0] received from [Actor[akka://akka-runtime/system/sharding/sharded-daemon-process-eventSourcedProjection-passivation-race-entity-passivation-race-consumer-b#1867513436]].
08:06:51.103 DEBUG a.c.s.ShardCoordinator$RebalanceWorker - sharded-daemon-process-eventSourcedProjection-passivation-race-entity-passivation-race-consumer-b: All shard regions acked, handing off shard [0].
08:06:51.103 DEBUG akka.cluster.sharding.Shard - sharded-daemon-process-eventSourcedProjection-passivation-race-entity-passivation-race-consumer-b: Shard initialized
08:06:51.103 WARN  akka.cluster.sharding.ShardRegion - sharded-daemon-process-eventSourcedProjection-passivation-race-entity-passivation-race-consumer-b: Dropping [1] buffered messages to shard [0] during hand off to avoid re-ordering
08:06:51.103 DEBUG akka.cluster.sharding.Shard - sharded-daemon-process-eventSourcedProjection-passivation-race-entity-passivation-race-consumer-b: HandOff shard [0]
08:06:51.103 DEBUG akka.cluster.sharding.Shard - sharded-daemon-process-eventSourcedProjection-passivation-race-entity-passivation-race-consumer-b: Shard [0] shutting down
08:06:51.104 DEBUG a.c.sharding.DDataShardCoordinator - sharded-daemon-process-eventSourcedProjection-passivation-race-entity-passivation-race-consumer-b: Shard [0] deallocation completed successfully.
08:06:51.104 DEBUG a.c.sharding.DDataShardCoordinator - sharded-daemon-process-eventSourcedProjection-passivation-race-entity-passivation-race-consumer-b: The coordinator state was successfully updated with ShardHomeDeallocated(0)
08:06:51.104 DEBUG a.c.sharding.DDataShardCoordinator - sharded-daemon-process-eventSourcedProjection-passivation-race-entity-passivation-race-consumer-b: Shard [0] deallocated after
08:06:51.104 DEBUG a.c.sharding.DDataShardCoordinator - passivation-race-entity: Graceful shutdown of region [Actor[akka://akka-runtime/system/sharding/passivation-race-entity#1382964202]] with [1] shards
08:06:51.104 INFO  a.c.sharding.DDataShardCoordinator - passivation-race-entity: Starting shutting down shards [534] due to region shutting down or explicit stopping of shards.
08:06:51.104 DEBUG a.c.sharding.DDataShardCoordinator - sharded-daemon-process-eventSourcedProjection-passivation-race-entity-passivation-race-consumer-b: ShardRegion terminated (gracefully): [Actor[akka://akka-runtime/system/sharding/sharded-daemon-process-eventSourcedProjection-passivation-race-entity-passivation-race-consumer-b#1867513436]] {}
08:06:51.104 DEBUG a.c.sharding.DDataShardCoordinator - sharded-daemon-process-eventSourcedProjection-passivation-race-entity-passivation-race-consumer-b: GetShardHome [0] request from [Actor[akka://local/ignore]] stashed, because waiting for initial state or update of state. It will be handled afterwards.
08:06:51.104 DEBUG a.c.s.ShardCoordinator$RebalanceWorker - passivation-race-entity: Shutting down shard [534] from region [Actor[akka://akka-runtime/system/sharding/passivation-race-entity#1382964202]]. Asking [1] region(s) to hand-off shard
08:06:51.104 DEBUG a.c.s.ShardCoordinator$RebalanceWorker - passivation-race-entity: BeginHandOffAck for shard [534] received from [Actor[akka://akka-runtime/system/sharding/passivation-race-entity#1382964202]].
08:06:51.104 DEBUG a.c.s.ShardCoordinator$RebalanceWorker - passivation-race-entity: All shard regions acked, handing off shard [534].
08:06:51.104 WARN  akka.cluster.sharding.ShardRegion - passivation-race-entity: Dropping [1] buffered messages to shard [534] during hand off to avoid re-ordering
08:06:51.104 DEBUG a.c.sharding.DDataShardCoordinator - sharded-daemon-process-eventSourcedProjection-passivation-race-entity-passivation-race-consumer-b: The coordinator state was successfully updated with ShardRegionTerminated(Actor[akka://akka-runtime/system/sharding/sharded-daemon-process-eventSourcedProjection-passivation-race-entity-passivation-race-consumer-b#1867513436])
08:06:51.104 DEBUG akka.cluster.sharding.Shard - passivation-race-entity: Shard initialized
08:06:51.104 DEBUG a.c.sharding.DDataShardCoordinator - sharded-daemon-process-eventSourcedProjection-passivation-race-entity-passivation-race-consumer-b: ShardRegion stopped: [Actor[akka://akka-runtime/system/sharding/sharded-daemon-process-eventSourcedProjection-passivation-race-entity-passivation-race-consumer-b#1867513436]]
08:06:51.104 DEBUG akka.cluster.sharding.Shard - passivation-race-entity: HandOff shard [534]
08:06:51.104 DEBUG akka.cluster.sharding.Shard - passivation-race-entity: Shard [534] shutting down
08:06:51.104 DEBUG a.c.sharding.DDataShardCoordinator - passivation-race-entity: Shard [534] deallocation completed successfully.
08:06:51.105 DEBUG a.c.sharding.DDataShardCoordinator - passivation-race-entity: The coordinator state was successfully updated with ShardHomeDeallocated(534)
08:06:51.105 DEBUG a.c.sharding.DDataShardCoordinator - passivation-race-entity: Shard [534] deallocated after
08:06:51.105 DEBUG a.c.sharding.DDataShardCoordinator - passivation-race-entity: ShardRegion terminated (gracefully): [Actor[akka://akka-runtime/system/sharding/passivation-race-entity#1382964202]] {}
08:06:51.105 DEBUG a.c.sharding.DDataShardCoordinator - passivation-race-entity: GetShardHome [534] request from [Actor[akka://local/ignore]] stashed, because waiting for initial state or update of state. It will be handled afterwards.
08:06:51.105 DEBUG a.c.sharding.DDataShardCoordinator - passivation-race-entity: The coordinator state was successfully updated with ShardRegionTerminated(Actor[akka://akka-runtime/system/sharding/passivation-race-entity#1382964202])
08:06:51.105 DEBUG a.c.sharding.DDataShardCoordinator - passivation-race-entity: ShardRegion stopped: [Actor[akka://akka-runtime/system/sharding/passivation-race-entity#1382964202]]
08:06:51.105 WARN  akka.cluster.sharding.ShardRegion - sharded-daemon-process-eventSourcedProjection-passivation-race-entity-passivation-race-view: Dropping [1] buffered messages to shard [0] during hand off to avoid re-ordering
08:06:51.105 DEBUG akka.cluster.sharding.Shard - sharded-daemon-process-eventSourcedProjection-passivation-race-entity-passivation-race-view: HandOff shard [0]
08:06:51.105 DEBUG akka.cluster.sharding.Shard - sharded-daemon-process-eventSourcedProjection-passivation-race-entity-passivation-race-view: Shard [0] shutting down
08:06:51.106 DEBUG a.c.sharding.DDataShardCoordinator - sharded-daemon-process-eventSourcedProjection-passivation-race-entity-passivation-race-view: Shard [0] deallocation completed successfully.
08:06:51.106 DEBUG a.c.sharding.DDataShardCoordinator - sharded-daemon-process-eventSourcedProjection-passivation-race-entity-passivation-race-consumer-a: Graceful shutdown of region [Actor[akka://akka-runtime/system/sharding/sharded-daemon-process-eventSourcedProjection-passivation-race-entity-passivation-race-consumer-a#703753428]] with [1] shards
08:06:51.106 INFO  a.c.sharding.DDataShardCoordinator - sharded-daemon-process-eventSourcedProjection-passivation-race-entity-passivation-race-consumer-a: Starting shutting down shards [0] due to region shutting down or explicit stopping of shards.
08:06:51.106 DEBUG akka.cluster.sharding.Shard - sharded-daemon-process-eventSourcedProjection-passivation-race-entity-passivation-race-consumer-a: Shard initialized
08:06:51.106 DEBUG a.c.sharding.DDataShardCoordinator - sharded-daemon-process-eventSourcedProjection-passivation-race-entity-passivation-race-view: The coordinator state was successfully updated with ShardHomeDeallocated(0)
08:06:51.106 DEBUG a.c.sharding.DDataShardCoordinator - sharded-daemon-process-eventSourcedProjection-passivation-race-entity-passivation-race-view: Shard [0] deallocated after
08:06:51.106 DEBUG a.c.sharding.DDataShardCoordinator - sharded-daemon-process-eventSourcedProjection-passivation-race-entity-passivation-race-view: ShardRegion terminated (gracefully): [Actor[akka://akka-runtime/system/sharding/sharded-daemon-process-eventSourcedProjection-passivation-race-entity-passivation-race-view#-1518030160]] {}
08:06:51.106 DEBUG a.c.sharding.DDataShardCoordinator - sharded-daemon-process-eventSourcedProjection-passivation-race-entity-passivation-race-view: GetShardHome [0] request from [Actor[akka://local/ignore]] stashed, because waiting for initial state or update of state. It will be handled afterwards.
08:06:51.106 DEBUG a.c.s.ShardCoordinator$RebalanceWorker - sharded-daemon-process-eventSourcedProjection-passivation-race-entity-passivation-race-consumer-a: Shutting down shard [0] from region [Actor[akka://akka-runtime/system/sharding/sharded-daemon-process-eventSourcedProjection-passivation-race-entity-passivation-race-consumer-a#703753428]]. Asking [1] region(s) to hand-off shard
08:06:51.106 DEBUG a.c.sharding.DDataShardCoordinator - sharded-daemon-process-eventSourcedProjection-passivation-race-entity-passivation-race-view: The coordinator state was successfully updated with ShardRegionTerminated(Actor[akka://akka-runtime/system/sharding/sharded-daemon-process-eventSourcedProjection-passivation-race-entity-passivation-race-view#-1518030160])
08:06:51.106 DEBUG a.c.sharding.DDataShardCoordinator - sharded-daemon-process-eventSourcedProjection-passivation-race-entity-passivation-race-view: ShardRegion stopped: [Actor[akka://akka-runtime/system/sharding/sharded-daemon-process-eventSourcedProjection-passivation-race-entity-passivation-race-view#-1518030160]]
08:06:51.106 DEBUG akka.cluster.sharding.Shard - sharded-daemon-process-eventSourcedProjection-passivation-race-entity-passivation-race-consumer-a: Request to start entity [0] and ack to [Some(Actor[akka://akka-runtime/deadLetters])]
08:06:51.106 DEBUG a.c.s.ShardCoordinator$RebalanceWorker - sharded-daemon-process-eventSourcedProjection-passivation-race-entity-passivation-race-consumer-a: BeginHandOffAck for shard [0] received from [Actor[akka://akka-runtime/system/sharding/sharded-daemon-process-eventSourcedProjection-passivation-race-entity-passivation-race-consumer-a#703753428]].
08:06:51.106 DEBUG a.c.s.ShardCoordinator$RebalanceWorker - sharded-daemon-process-eventSourcedProjection-passivation-race-entity-passivation-race-consumer-a: All shard regions acked, handing off shard [0].
08:06:51.106 DEBUG akka.cluster.sharding.Shard - sharded-daemon-process-eventSourcedProjection-passivation-race-entity-passivation-race-consumer-a: Started entity [Actor[akka://akka-runtime/system/sharding/sharded-daemon-process-eventSourcedProjection-passivation-race-entity-passivation-race-consumer-a/0/0#202825026]] with entity id [0] in shard [0]
08:06:51.106 DEBUG akka.cluster.sharding.Shard - sharded-daemon-process-eventSourcedProjection-passivation-race-entity-passivation-race-consumer-a: HandOff shard [0]
08:06:51.106 DEBUG akka.cluster.sharding.Shard - sharded-daemon-process-eventSourcedProjection-passivation-race-entity-passivation-race-consumer-a: Starting HandOffStopper for shard [0] to terminate [1] entities.
08:06:51.107 DEBUG a.c.s.t.i.ShardedDaemonProcessState$ - eventSourcedProjection-passivation-race-entity-passivation-race-consumer-a: Deferred start of worker to verify its revision [0] is the latest
08:06:51.107 INFO  a.c.s.t.i.ShardedDaemonProcessState$ - eventSourcedProjection-passivation-race-entity-passivation-race-consumer-a: Starting Sharded Daemon Process [0] out of a total [1] (revision [0] and no state found)
08:06:51.869 WARN  a.c.s.ShardRegion$HandOffStopper - sharded-daemon-process-eventSourcedProjection-passivation-race-entity-passivation-race-consumer-a: [1] of the entities in shard [0] not stopped after [750 milliseconds]. Maybe the handOffStopMessage [akka.projection.ProjectionBehavior$Stop$] is not handled? Waiting additional [250 milliseconds] before stopping the remaining entities.
08:06:52.121 WARN  a.c.s.ShardRegion$HandOffStopper - sharded-daemon-process-eventSourcedProjection-passivation-race-entity-passivation-race-consumer-a: HandOffStopMessage [akka.projection.ProjectionBehavior$Stop$] is not handled by some of the entities in shard [0] after [1 second], stopping the remaining [1] entities.
08:06:52.122 DEBUG a.c.sharding.DDataShardCoordinator - sharded-daemon-process-eventSourcedProjection-passivation-race-entity-passivation-race-consumer-a: Shard [0] deallocation completed successfully.
08:06:52.122 DEBUG akka.cluster.sharding.Shard - sharded-daemon-process-eventSourcedProjection-passivation-race-entity-passivation-race-consumer-a: Shard [0] shutting down
08:06:52.122 DEBUG akka.actor.CoordinatedShutdown - Performing phase [cluster-leave] with [1] tasks.
08:06:52.122 DEBUG akka.actor.CoordinatedShutdown - Performing task [leave] in CoordinatedShutdown phase [cluster-leave]
08:06:52.123 DEBUG a.c.sharding.DDataShardCoordinator - sharded-daemon-process-eventSourcedProjection-passivation-race-entity-passivation-race-consumer-a: The coordinator state was successfully updated with ShardHomeDeallocated(0)
08:06:52.123 DEBUG a.c.sharding.DDataShardCoordinator - sharded-daemon-process-eventSourcedProjection-passivation-race-entity-passivation-race-consumer-a: Shard [0] deallocated after
08:06:52.124 DEBUG a.c.sharding.DDataShardCoordinator - sharded-daemon-process-eventSourcedProjection-passivation-race-entity-passivation-race-consumer-a: ShardRegion terminated (gracefully): [Actor[akka://akka-runtime/system/sharding/sharded-daemon-process-eventSourcedProjection-passivation-race-entity-passivation-race-consumer-a#703753428]] {}
08:06:52.124 DEBUG akka.actor.CoordinatedShutdown - Performing phase [cluster-exiting] with [28] tasks.
08:06:52.124 DEBUG a.c.sharding.DDataShardCoordinator - sharded-daemon-process-eventSourcedProjection-passivation-race-entity-passivation-race-consumer-a: GetShardHome [0] request from [Actor[akka://local/ignore]] stashed, because waiting for initial state or update of state. It will be handled afterwards.
08:06:52.124 DEBUG akka.actor.CoordinatedShutdown - Performing task [wait-singleton-exiting] in CoordinatedShutdown phase [cluster-exiting]
08:06:52.124 DEBUG akka.actor.CoordinatedShutdown - Performing task [wait-singleton-exiting] in CoordinatedShutdown phase [cluster-exiting]
08:06:52.124 DEBUG akka.actor.CoordinatedShutdown - Performing task [singleton-exiting-2] in CoordinatedShutdown phase [cluster-exiting]
08:06:52.124 DEBUG akka.actor.CoordinatedShutdown - Performing task [singleton-exiting-2] in CoordinatedShutdown phase [cluster-exiting]
08:06:52.124 DEBUG akka.actor.CoordinatedShutdown - Performing task [singleton-exiting-2] in CoordinatedShutdown phase [cluster-exiting]
08:06:52.124 DEBUG akka.actor.CoordinatedShutdown - Performing task [singleton-exiting-2] in CoordinatedShutdown phase [cluster-exiting]
08:06:52.124 DEBUG akka.actor.CoordinatedShutdown - Performing task [singleton-exiting-1] in CoordinatedShutdown phase [cluster-exiting]
08:06:52.124 DEBUG akka.actor.CoordinatedShutdown - Performing task [wait-singleton-exiting] in CoordinatedShutdown phase [cluster-exiting]
08:06:52.124 INFO  a.c.s.ClusterSingletonManager - Exited [akka://akka-runtime@127.0.0.1:63147].
08:06:52.124 DEBUG akka.actor.CoordinatedShutdown - Performing task [singleton-exiting-1] in CoordinatedShutdown phase [cluster-exiting]
08:06:52.124 DEBUG akka.actor.CoordinatedShutdown - Performing task [singleton-exiting-1] in CoordinatedShutdown phase [cluster-exiting]
08:06:52.124 DEBUG akka.actor.CoordinatedShutdown - Performing task [wait-singleton-exiting] in CoordinatedShutdown phase [cluster-exiting]
08:06:52.124 DEBUG akka.actor.CoordinatedShutdown - Performing task [singleton-exiting-1] in CoordinatedShutdown phase [cluster-exiting]
08:06:52.124 INFO  a.c.s.ClusterSingletonManager - Exited [akka://akka-runtime@127.0.0.1:63147].
08:06:52.124 DEBUG a.c.sharding.DDataShardCoordinator - sharded-daemon-process-eventSourcedProjection-passivation-race-entity-passivation-race-consumer-a: The coordinator state was successfully updated with ShardRegionTerminated(Actor[akka://akka-runtime/system/sharding/sharded-daemon-process-eventSourcedProjection-passivation-race-entity-passivation-race-consumer-a#703753428])
08:06:52.124 DEBUG akka.actor.CoordinatedShutdown - Performing task [singleton-exiting-1] in CoordinatedShutdown phase [cluster-exiting]
08:06:52.124 INFO  a.c.s.ClusterSingletonManager - Exited [akka://akka-runtime@127.0.0.1:63147].
08:06:52.124 DEBUG akka.actor.CoordinatedShutdown - Performing task [singleton-exiting-2] in CoordinatedShutdown phase [cluster-exiting]
08:06:52.124 INFO  a.c.s.ClusterSingletonManager - Exited [akka://akka-runtime@127.0.0.1:63147].
08:06:52.124 DEBUG akka.actor.CoordinatedShutdown - Performing task [singleton-exiting-1] in CoordinatedShutdown phase [cluster-exiting]
08:06:52.124 DEBUG akka.actor.CoordinatedShutdown - Performing task [singleton-exiting-2] in CoordinatedShutdown phase [cluster-exiting]
08:06:52.124 DEBUG akka.actor.CoordinatedShutdown - Performing task [singleton-exiting-2] in CoordinatedShutdown phase [cluster-exiting]
08:06:52.124 DEBUG a.c.sharding.DDataShardCoordinator - sharded-daemon-process-eventSourcedProjection-passivation-race-entity-passivation-race-consumer-a: ShardRegion stopped: [Actor[akka://akka-runtime/system/sharding/sharded-daemon-process-eventSourcedProjection-passivation-race-entity-passivation-race-consumer-a#703753428]]
08:06:52.124 DEBUG akka.actor.CoordinatedShutdown - Performing task [wait-singleton-exiting] in CoordinatedShutdown phase [cluster-exiting]
08:06:52.124 DEBUG akka.actor.CoordinatedShutdown - Performing task [wait-singleton-exiting] in CoordinatedShutdown phase [cluster-exiting]
08:06:52.124 DEBUG akka.actor.CoordinatedShutdown - Performing task [singleton-exiting-1] in CoordinatedShutdown phase [cluster-exiting]
08:06:52.124 DEBUG akka.actor.CoordinatedShutdown - Performing task [wait-exiting] in CoordinatedShutdown phase [cluster-exiting]
08:06:52.124 DEBUG akka.actor.CoordinatedShutdown - Performing task [singleton-exiting-2] in CoordinatedShutdown phase [cluster-exiting]
08:06:52.124 DEBUG akka.actor.CoordinatedShutdown - Performing task [wait-singleton-exiting] in CoordinatedShutdown phase [cluster-exiting]
08:06:52.124 DEBUG akka.actor.CoordinatedShutdown - Performing task [singleton-exiting-1] in CoordinatedShutdown phase [cluster-exiting]
08:06:52.124 DEBUG akka.actor.CoordinatedShutdown - Performing task [wait-singleton-exiting] in CoordinatedShutdown phase [cluster-exiting]
08:06:52.124 DEBUG akka.actor.CoordinatedShutdown - Performing task [wait-singleton-exiting] in CoordinatedShutdown phase [cluster-exiting]
08:06:52.124 INFO  a.c.s.ClusterSingletonManager - Oldest observed OldestChanged: [akka://akka-runtime@127.0.0.1:63147 -> None]
08:06:52.124 DEBUG akka.actor.CoordinatedShutdown - Performing task [singleton-exiting-2] in CoordinatedShutdown phase [cluster-exiting]
08:06:52.124 DEBUG akka.actor.CoordinatedShutdown - Performing task [singleton-exiting-1] in CoordinatedShutdown phase [cluster-exiting]
08:06:52.124 INFO  a.c.s.ClusterSingletonManager - ClusterSingletonManager state change [Oldest -> WasOldest]
08:06:52.124 INFO  a.c.s.ClusterSingletonManager - Oldest observed OldestChanged: [akka://akka-runtime@127.0.0.1:63147 -> None]
08:06:52.124 INFO  a.c.s.ClusterSingletonManager - ClusterSingletonManager state change [Oldest -> WasOldest]
08:06:52.124 INFO  a.c.s.ClusterSingletonManager - Exited [akka://akka-runtime@127.0.0.1:63147].
08:06:52.124 INFO  a.c.s.ClusterSingletonManager - Oldest observed OldestChanged: [akka://akka-runtime@127.0.0.1:63147 -> None]
08:06:52.124 INFO  a.c.s.ClusterSingletonManager - Exited [akka://akka-runtime@127.0.0.1:63147].
08:06:52.124 INFO  a.c.s.ClusterSingletonManager - ClusterSingletonManager state change [Oldest -> WasOldest]
08:06:52.124 INFO  a.c.s.ClusterSingletonManager - Oldest observed OldestChanged: [akka://akka-runtime@127.0.0.1:63147 -> None]
08:06:52.124 INFO  a.c.s.ClusterSingletonManager - Exited [akka://akka-runtime@127.0.0.1:63147].
08:06:52.124 INFO  a.c.s.ClusterSingletonManager - ClusterSingletonManager state change [Oldest -> WasOldest]
08:06:52.124 INFO  a.c.s.ClusterSingletonManager - Exited [akka://akka-runtime@127.0.0.1:63147].
08:06:52.124 INFO  a.c.s.ClusterSingletonManager - Oldest observed OldestChanged: [akka://akka-runtime@127.0.0.1:63147 -> None]
08:06:52.124 INFO  a.c.s.ClusterSingletonManager - Exited [akka://akka-runtime@127.0.0.1:63147].
08:06:52.124 INFO  a.c.s.ClusterSingletonManager - Oldest observed OldestChanged: [akka://akka-runtime@127.0.0.1:63147 -> None]
08:06:52.124 INFO  a.c.s.ClusterSingletonManager - ClusterSingletonManager state change [Oldest -> WasOldest]
08:06:52.124 INFO  a.c.s.ClusterSingletonManager - Oldest observed OldestChanged: [akka://akka-runtime@127.0.0.1:63147 -> None]
08:06:52.124 INFO  a.c.s.ClusterSingletonManager - ClusterSingletonManager state change [Oldest -> WasOldest]
08:06:52.124 INFO  a.c.s.ClusterSingletonManager - Oldest observed OldestChanged: [akka://akka-runtime@127.0.0.1:63147 -> None]
08:06:52.124 INFO  a.c.s.ClusterSingletonManager - ClusterSingletonManager state change [Oldest -> WasOldest]
08:06:52.124 INFO  a.c.s.ClusterSingletonManager - Oldest observed OldestChanged: [akka://akka-runtime@127.0.0.1:63147 -> None]
08:06:52.124 INFO  a.c.s.ClusterSingletonManager - ClusterSingletonManager state change [Oldest -> WasOldest]
08:06:52.124 INFO  a.c.s.ClusterSingletonManager - ClusterSingletonManager state change [Oldest -> WasOldest]
08:06:52.771 DEBUG a.c.singleton.ClusterSingletonProxy - Creating singleton identification timer...
08:06:52.771 DEBUG a.c.singleton.ClusterSingletonProxy - Creating singleton identification timer...
08:06:52.771 DEBUG a.c.singleton.ClusterSingletonProxy - Creating singleton identification timer...
08:06:52.771 DEBUG a.c.singleton.ClusterSingletonProxy - Creating singleton identification timer...
08:06:53.142 INFO  a.c.s.ClusterSingletonManager - Singleton manager stopping singleton actor [akka://akka-runtime/system/singletonManagerschemaSingleton/schemaSingleton]
08:06:53.142 INFO  a.c.s.ClusterSingletonManager - ClusterSingletonManager state change [WasOldest -> Stopping]
08:06:53.142 INFO  a.c.s.ClusterSingletonManager - Singleton manager stopping singleton actor [akka://akka-runtime/system/singletonManagerShardedDaemonProcessCoordinator-eventSourcedProjection-passivation-race-entity-passivation-race-consumer-b/ShardedDaemonProcessCoordinator-eventSourcedProjection-passivation-race-entity-passivation-race-consumer-b]
08:06:53.142 INFO  a.c.s.ClusterSingletonManager - Singleton actor [akka://akka-runtime/system/singletonManagerschemaSingleton/schemaSingleton] was terminated
08:06:53.142 INFO  a.c.s.ClusterSingletonManager - Singleton manager stopping singleton actor [akka://akka-runtime/system/singletonManagerShardedDaemonProcessCoordinator-eventSourcedProjection-passivation-race-entity-passivation-race-consumer-a/ShardedDaemonProcessCoordinator-eventSourcedProjection-passivation-race-entity-passivation-race-consumer-a]
08:06:53.142 INFO  a.c.s.ClusterSingletonManager - Singleton manager stopping singleton actor [akka://akka-runtime/system/singletonManagerShardedDaemonProcessCoordinator-eventSourcedProjection-passivation-race-entity-passivation-race-view/ShardedDaemonProcessCoordinator-eventSourcedProjection-passivation-race-entity-passivation-race-view]
08:06:53.142 INFO  a.c.s.ClusterSingletonManager - Singleton manager stopping singleton actor [akka://akka-runtime/system/sharding/sharded-daemon-process-eventSourcedProjection-passivation-race-entity-passivation-race-consumer-aCoordinator/singleton]
08:06:53.142 INFO  a.c.s.ClusterSingletonManager - Singleton manager stopping singleton actor [akka://akka-runtime/system/sharding/passivation-race-entityCoordinator/singleton]
08:06:53.142 INFO  a.c.s.ClusterSingletonManager - ClusterSingletonManager state change [WasOldest -> Stopping]
08:06:53.142 INFO  a.c.s.ClusterSingletonManager - ClusterSingletonManager state change [WasOldest -> Stopping]
08:06:53.142 INFO  a.c.s.ClusterSingletonManager - Singleton manager stopping singleton actor [akka://akka-runtime/system/sharding/sharded-daemon-process-eventSourcedProjection-passivation-race-entity-passivation-race-viewCoordinator/singleton]
08:06:53.142 INFO  a.c.s.ClusterSingletonManager - ClusterSingletonManager state change [WasOldest -> Stopping]
08:06:53.142 INFO  a.c.s.ClusterSingletonManager - Singleton manager stopping singleton actor [akka://akka-runtime/system/sharding/sharded-daemon-process-eventSourcedProjection-passivation-race-entity-passivation-race-consumer-bCoordinator/singleton]
08:06:53.142 INFO  a.c.s.ClusterSingletonManager - ClusterSingletonManager state change [WasOldest -> Stopping]
08:06:53.142 DEBUG a.c.sharding.DDataShardCoordinator - passivation-race-entity: Received termination message.
08:06:53.142 DEBUG a.c.sharding.DDataShardCoordinator - sharded-daemon-process-eventSourcedProjection-passivation-race-entity-passivation-race-view: Received termination message.
08:06:53.142 DEBUG a.c.sharding.DDataShardCoordinator - sharded-daemon-process-eventSourcedProjection-passivation-race-entity-passivation-race-consumer-b: Received termination message.
08:06:53.142 DEBUG a.c.sharding.DDataShardCoordinator - sharded-daemon-process-eventSourcedProjection-passivation-race-entity-passivation-race-consumer-a: Received termination message.
08:06:53.142 INFO  a.c.s.ClusterSingletonManager - Singleton actor [akka://akka-runtime/system/singletonManagerShardedDaemonProcessCoordinator-eventSourcedProjection-passivation-race-entity-passivation-race-view/ShardedDaemonProcessCoordinator-eventSourcedProjection-passivation-race-entity-passivation-race-view] was terminated
08:06:53.142 INFO  a.c.s.ClusterSingletonManager - Singleton actor [akka://akka-runtime/system/sharding/passivation-race-entityCoordinator/singleton] was terminated
08:06:53.142 INFO  a.c.s.ClusterSingletonManager - ClusterSingletonManager state change [WasOldest -> Stopping]
08:06:53.142 INFO  a.c.s.ClusterSingletonManager - Singleton actor [akka://akka-runtime/system/sharding/sharded-daemon-process-eventSourcedProjection-passivation-race-entity-passivation-race-viewCoordinator/singleton] was terminated
08:06:53.143 INFO  a.c.s.ClusterSingletonManager - Singleton actor [akka://akka-runtime/system/singletonManagerShardedDaemonProcessCoordinator-eventSourcedProjection-passivation-race-entity-passivation-race-consumer-b/ShardedDaemonProcessCoordinator-eventSourcedProjection-passivation-race-entity-passivation-race-consumer-b] was terminated
08:06:53.143 INFO  a.c.s.ClusterSingletonManager - ClusterSingletonManager state change [WasOldest -> Stopping]
08:06:53.143 INFO  a.c.s.ClusterSingletonManager - ClusterSingletonManager state change [WasOldest -> Stopping]
08:06:53.143 INFO  a.c.s.ClusterSingletonManager - Singleton actor [akka://akka-runtime/system/sharding/sharded-daemon-process-eventSourcedProjection-passivation-race-entity-passivation-race-consumer-aCoordinator/singleton] was terminated
08:06:53.143 INFO  a.c.s.ClusterSingletonManager - Singleton actor [akka://akka-runtime/system/sharding/sharded-daemon-process-eventSourcedProjection-passivation-race-entity-passivation-race-consumer-bCoordinator/singleton] was terminated
08:06:53.143 INFO  a.c.s.ClusterSingletonManager - Singleton manager stopping singleton actor [akka://akka-runtime/system/sharding/_timerCoordinator/singleton]
08:06:53.143 INFO  a.c.s.ClusterSingletonManager - ClusterSingletonManager state change [WasOldest -> Stopping]
08:06:53.143 DEBUG a.c.sharding.DDataShardCoordinator - _timer: Received termination message.
08:06:53.143 INFO  a.c.s.ClusterSingletonManager - Singleton actor [akka://akka-runtime/system/sharding/_timerCoordinator/singleton] was terminated
08:06:53.143 INFO  a.c.s.ClusterSingletonManager - Singleton actor [akka://akka-runtime/system/singletonManagerShardedDaemonProcessCoordinator-eventSourcedProjection-passivation-race-entity-passivation-race-consumer-a/ShardedDaemonProcessCoordinator-eventSourcedProjection-passivation-race-entity-passivation-race-consumer-a] was terminated
08:06:53.143 DEBUG akka.actor.CoordinatedShutdown - Performing phase [cluster-exiting-done] with [1] tasks.
08:06:53.143 DEBUG akka.actor.CoordinatedShutdown - Performing task [exiting-completed] in CoordinatedShutdown phase [cluster-exiting-done]
08:06:53.144 DEBUG akka.actor.CoordinatedShutdown - Performing phase [cluster-shutdown] with [1] tasks.
08:06:53.144 DEBUG akka.actor.CoordinatedShutdown - Performing task [wait-shutdown] in CoordinatedShutdown phase [cluster-shutdown]
08:06:53.144 DEBUG akka.actor.CoordinatedShutdown - Performing phase [before-actor-system-terminate] with [2] tasks.
08:06:53.144 DEBUG akka.actor.CoordinatedShutdown - Performing task [close connection pools] in CoordinatedShutdown phase [before-actor-system-terminate]
08:06:53.145 DEBUG akka.actor.CoordinatedShutdown - Performing task [close-grpc-channels] in CoordinatedShutdown phase [before-actor-system-terminate]
08:06:53.145 DEBUG akka.actor.CoordinatedShutdown - Performing phase [actor-system-terminate] with [1] tasks.
08:06:53.145 DEBUG akka.actor.CoordinatedShutdown - Performing task [terminate-system] in CoordinatedShutdown phase [actor-system-terminate]
08:06:53.203 INFO  akka.runtime.AkkaRuntimeMain - Starting Akka Runtime version [1.6.15]
08:06:53.208 INFO  akka.javasdk.impl.ComponentLocator$ - Looking for component descriptors matching pattern [META-INF/akka-javasdk-components_*.conf]
08:06:53.214 INFO  akka.javasdk.testkit.TestKit - Eventing TestKit booting up on port: 63152
08:06:53.216 DEBUG a.c.singleton.ClusterSingletonProxy - Creating singleton identification timer...
08:06:53.216 DEBUG a.c.singleton.ClusterSingletonProxy - Trying to identify singleton at [akka://akka-runtime@127.0.0.1:63153/system/singletonManagerschemaSingleton/schemaSingleton]
08:06:53.216 DEBUG a.c.singleton.ClusterSingletonProxy - Singleton not available, buffering message type [kalix.runtime.SchemaSingleton$ExecDdl]
08:06:53.216 INFO  a.c.s.ClusterSingletonManager - Singleton manager starting singleton actor [akka://akka-runtime/system/singletonManagerschemaSingleton/schemaSingleton]
08:06:53.216 INFO  a.c.s.ClusterSingletonManager - ClusterSingletonManager state change [Start -> Oldest]
08:06:53.217 INFO  akka.javasdk.testkit.TestKit - Checking runtime status
08:06:53.284 DEBUG a.c.singleton.ClusterSingletonProxy - Trying to identify singleton at [akka://akka-runtime@127.0.0.1:63153/system/singletonManagerschemaSingleton/schemaSingleton]
08:06:53.284 INFO  a.c.singleton.ClusterSingletonProxy - Singleton identified at [akka://akka-runtime/system/singletonManagerschemaSingleton/schemaSingleton]
08:06:53.284 DEBUG a.c.singleton.ClusterSingletonProxy - Sending buffered messages to current singleton instance
08:06:53.285 INFO  a.c.s.typed.scaladsl.ClusterSharding - Starting Shard Region [passivation-race-entity]...
08:06:53.286 INFO  akka.cluster.sharding.ShardRegion - passivation-race-entity: Automatic entity passivation: composite strategy with limit of [10000] active entities, admission window (least recently used entities) with proportions [initial = 0.01, min = 0.01, max = 1.0] adapting with hill-climbing optimizer [adjust multiplier = 10.0, initial step = 0.0625, restart threshold = 0.05, step decay = 0.98], admit using frequency sketch [width multiplier = 4, reset multiplier = 10.0, depth = 4, counter bits = 4], main (least recently used entities (segmented with [2] levels with proportions of [0.20, 0.80]))
08:06:53.286 INFO  a.c.s.ClusterSingletonManager - Singleton manager starting singleton actor [akka://akka-runtime/system/sharding/passivation-race-entityCoordinator/singleton]
08:06:53.286 INFO  a.c.s.ClusterSingletonManager - ClusterSingletonManager state change [Start -> Oldest]
08:06:53.286 DEBUG a.c.sharding.DDataShardCoordinator - passivation-race-entity: Initial coordinator is empty.
08:06:53.286 INFO  a.c.sharding.DDataShardCoordinator - passivation-race-entity: ShardCoordinator was moved to the active state with [0] shards
08:06:53.288 DEBUG a.c.singleton.ClusterSingletonProxy - Forwarding message of type [SchemaSingleton$ExecDdl] to current singleton instance at [akka://akka-runtime/system/singletonManagerschemaSingleton/schemaSingleton]
08:06:53.289 INFO  akka.runtime.DiscoveryManager - Service components: EventSourcedEntity: [1], Consumer: [2], View: [1]
08:06:53.290 INFO  a.c.s.typed.scaladsl.ClusterSharding - Starting Shard Region [_timer]...
08:06:53.290 INFO  a.c.s.typed.scaladsl.ClusterSharding - Starting Shard Region [sharded-daemon-process-eventSourcedProjection-passivation-race-entity-passivation-race-consumer-a]...
08:06:53.291 INFO  a.c.s.ClusterSingletonManager - Singleton manager starting singleton actor [akka://akka-runtime/system/sharding/_timerCoordinator/singleton]
08:06:53.291 INFO  a.c.s.ClusterSingletonManager - ClusterSingletonManager state change [Start -> Oldest]
08:06:53.291 INFO  akka.cluster.sharding.ShardRegion - sharded-daemon-process-eventSourcedProjection-passivation-race-entity-passivation-race-consumer-a: Automatic entity passivation: disabled
08:06:53.291 DEBUG a.c.sharding.DDataShardCoordinator - _timer: Starting remember entities store from provider akka.cluster.sharding.internal.DDataRememberEntitiesProvider@3c0de713
08:06:53.291 DEBUG a.c.sharding.DDataShardCoordinator - _timer: Initial coordinator is empty.
08:06:53.291 INFO  a.c.sharding.DDataShardCoordinator - _timer: ShardCoordinator was moved to the active state with [0] shards
08:06:53.291 DEBUG a.c.sharding.DDataShardCoordinator - _timer: Received [0] remembered shard ids (after state initialized)
08:06:53.291 DEBUG a.c.singleton.ClusterSingletonProxy - Creating singleton identification timer...
08:06:53.291 DEBUG a.c.singleton.ClusterSingletonProxy - Trying to identify singleton at [akka://akka-runtime@127.0.0.1:63153/system/singletonManagerShardedDaemonProcessCoordinator-eventSourcedProjection-passivation-race-entity-passivation-race-consumer-a/ShardedDaemonProcessCoordinator-eventSourcedProjection-passivation-race-entity-passivation-race-consumer-a]
08:06:53.291 INFO  a.c.s.typed.scaladsl.ClusterSharding - Starting Shard Region [sharded-daemon-process-eventSourcedProjection-passivation-race-entity-passivation-race-consumer-b]...
08:06:53.291 INFO  a.c.s.ClusterSingletonManager - Singleton manager starting singleton actor [akka://akka-runtime/system/sharding/sharded-daemon-process-eventSourcedProjection-passivation-race-entity-passivation-race-consumer-aCoordinator/singleton]
08:06:53.291 INFO  a.c.s.ClusterSingletonManager - ClusterSingletonManager state change [Start -> Oldest]
08:06:53.291 INFO  a.c.s.ClusterSingletonManager - Singleton manager starting singleton actor [akka://akka-runtime/system/singletonManagerShardedDaemonProcessCoordinator-eventSourcedProjection-passivation-race-entity-passivation-race-consumer-a/ShardedDaemonProcessCoordinator-eventSourcedProjection-passivation-race-entity-passivation-race-consumer-a]
08:06:53.291 INFO  a.c.s.ClusterSingletonManager - ClusterSingletonManager state change [Start -> Oldest]
08:06:53.291 DEBUG a.c.s.t.i.ShardedDaemonProcessCoordinator$ - ShardedDaemonProcessCoordinator for [eventSourcedProjection-passivation-race-entity-passivation-race-consumer-a] starting
08:06:53.292 DEBUG a.c.sharding.DDataShardCoordinator - sharded-daemon-process-eventSourcedProjection-passivation-race-entity-passivation-race-consumer-a: Initial coordinator is empty.
08:06:53.292 INFO  a.c.sharding.DDataShardCoordinator - sharded-daemon-process-eventSourcedProjection-passivation-race-entity-passivation-race-consumer-a: ShardCoordinator was moved to the active state with [0] shards
08:06:53.292 INFO  akka.cluster.sharding.ShardRegion - sharded-daemon-process-eventSourcedProjection-passivation-race-entity-passivation-race-consumer-b: Automatic entity passivation: disabled
08:06:53.292 DEBUG a.c.s.t.i.ShardedDaemonProcessCoordinator$ - eventSourcedProjection-passivation-race-entity-passivation-race-consumer-a: No previous state stored for Sharded Daemon Process
08:06:53.292 DEBUG a.c.s.t.i.ShardedDaemonProcessCoordinator$ - Sending periodic keep alive for Sharded Daemon Process [eventSourcedProjection-passivation-race-entity-passivation-race-consumer-a] to [1] processes (revision [0]).
08:06:53.292 INFO  a.c.s.ClusterSingletonManager - Singleton manager starting singleton actor [akka://akka-runtime/system/sharding/sharded-daemon-process-eventSourcedProjection-passivation-race-entity-passivation-race-consumer-bCoordinator/singleton]
08:06:53.292 INFO  a.c.s.ClusterSingletonManager - ClusterSingletonManager state change [Start -> Oldest]
08:06:53.292 INFO  a.c.s.typed.scaladsl.ClusterSharding - Starting Shard Region [sharded-daemon-process-eventSourcedProjection-passivation-race-entity-passivation-race-view]...
08:06:53.292 DEBUG a.c.sharding.DDataShardCoordinator - sharded-daemon-process-eventSourcedProjection-passivation-race-entity-passivation-race-consumer-b: Initial coordinator is empty.
08:06:53.292 INFO  a.c.sharding.DDataShardCoordinator - sharded-daemon-process-eventSourcedProjection-passivation-race-entity-passivation-race-consumer-b: ShardCoordinator was moved to the active state with [0] shards
08:06:53.292 INFO  akka.cluster.sharding.ShardRegion - sharded-daemon-process-eventSourcedProjection-passivation-race-entity-passivation-race-view: Automatic entity passivation: disabled
08:06:53.293 DEBUG a.c.singleton.ClusterSingletonProxy - Creating singleton identification timer...
08:06:53.293 DEBUG a.c.singleton.ClusterSingletonProxy - Trying to identify singleton at [akka://akka-runtime@127.0.0.1:63153/system/singletonManagerShardedDaemonProcessCoordinator-eventSourcedProjection-passivation-race-entity-passivation-race-consumer-b/ShardedDaemonProcessCoordinator-eventSourcedProjection-passivation-race-entity-passivation-race-consumer-b]
08:06:53.293 DEBUG a.c.singleton.ClusterSingletonProxy - Creating singleton identification timer...
08:06:53.293 DEBUG a.c.singleton.ClusterSingletonProxy - Trying to identify singleton at [akka://akka-runtime@127.0.0.1:63153/system/singletonManagerShardedDaemonProcessCoordinator-eventSourcedProjection-passivation-race-entity-passivation-race-view/ShardedDaemonProcessCoordinator-eventSourcedProjection-passivation-race-entity-passivation-race-view]
08:06:53.293 INFO  a.c.s.ClusterSingletonManager - Singleton manager starting singleton actor [akka://akka-runtime/system/singletonManagerShardedDaemonProcessCoordinator-eventSourcedProjection-passivation-race-entity-passivation-race-consumer-b/ShardedDaemonProcessCoordinator-eventSourcedProjection-passivation-race-entity-passivation-race-consumer-b]
08:06:53.293 INFO  a.c.s.ClusterSingletonManager - ClusterSingletonManager state change [Start -> Oldest]
08:06:53.293 INFO  a.c.s.ClusterSingletonManager - Singleton manager starting singleton actor [akka://akka-runtime/system/singletonManagerShardedDaemonProcessCoordinator-eventSourcedProjection-passivation-race-entity-passivation-race-view/ShardedDaemonProcessCoordinator-eventSourcedProjection-passivation-race-entity-passivation-race-view]
08:06:53.293 INFO  a.c.s.ClusterSingletonManager - ClusterSingletonManager state change [Start -> Oldest]
08:06:53.293 INFO  a.c.s.ClusterSingletonManager - Singleton manager starting singleton actor [akka://akka-runtime/system/sharding/sharded-daemon-process-eventSourcedProjection-passivation-race-entity-passivation-race-viewCoordinator/singleton]
08:06:53.293 DEBUG a.c.s.t.i.ShardedDaemonProcessCoordinator$ - ShardedDaemonProcessCoordinator for [eventSourcedProjection-passivation-race-entity-passivation-race-view] starting
08:06:53.293 DEBUG a.c.s.t.i.ShardedDaemonProcessCoordinator$ - ShardedDaemonProcessCoordinator for [eventSourcedProjection-passivation-race-entity-passivation-race-consumer-b] starting
08:06:53.293 INFO  a.c.s.ClusterSingletonManager - ClusterSingletonManager state change [Start -> Oldest]
08:06:53.293 DEBUG a.c.s.t.i.ShardedDaemonProcessCoordinator$ - eventSourcedProjection-passivation-race-entity-passivation-race-view: No previous state stored for Sharded Daemon Process
08:06:53.293 DEBUG a.c.s.t.i.ShardedDaemonProcessCoordinator$ - Sending periodic keep alive for Sharded Daemon Process [eventSourcedProjection-passivation-race-entity-passivation-race-view] to [1] processes (revision [0]).
08:06:53.293 DEBUG a.c.s.t.i.ShardedDaemonProcessCoordinator$ - eventSourcedProjection-passivation-race-entity-passivation-race-consumer-b: No previous state stored for Sharded Daemon Process
08:06:53.293 DEBUG a.c.s.t.i.ShardedDaemonProcessCoordinator$ - Sending periodic keep alive for Sharded Daemon Process [eventSourcedProjection-passivation-race-entity-passivation-race-consumer-b] to [1] processes (revision [0]).
08:06:53.293 DEBUG a.c.sharding.DDataShardCoordinator - sharded-daemon-process-eventSourcedProjection-passivation-race-entity-passivation-race-view: Initial coordinator is empty.
08:06:53.294 INFO  a.c.sharding.DDataShardCoordinator - sharded-daemon-process-eventSourcedProjection-passivation-race-entity-passivation-race-view: ShardCoordinator was moved to the active state with [0] shards
08:06:53.294 INFO  akka.runtime.DiscoveryManager - Akka Runtime started at 127.0.0.1:63151
08:06:53.294 INFO  repro.Bootstrap - onStartup burst of 8 starting
08:06:53.336 INFO  akka.javasdk.testkit.TestKit - Runtime started
08:06:53.337 INFO  akka.actor.CoordinatedShutdown - Running CoordinatedShutdown with reason [ActorSystemTerminateReason]
08:06:53.337 DEBUG akka.actor.CoordinatedShutdown - Performing phase [before-service-unbind] with [0] tasks
08:06:53.337 DEBUG akka.actor.CoordinatedShutdown - Performing phase [service-unbind] with [1] tasks.
08:06:53.337 DEBUG akka.actor.CoordinatedShutdown - Performing task [http-unbind-/127.0.0.1:63151] in CoordinatedShutdown phase [service-unbind]
08:06:53.337 DEBUG akka.actor.CoordinatedShutdown - Performing phase [service-requests-done] with [1] tasks.
08:06:53.337 DEBUG akka.actor.CoordinatedShutdown - Performing task [http-terminate-/127.0.0.1:63151] in CoordinatedShutdown phase [service-requests-done]
08:06:53.337 DEBUG akka.actor.CoordinatedShutdown - Performing phase [service-stop] with [1] tasks.
08:06:53.337 DEBUG akka.actor.CoordinatedShutdown - Performing task [stop-grpc-clients] in CoordinatedShutdown phase [service-stop]
08:06:53.337 DEBUG akka.actor.CoordinatedShutdown - Performing phase [before-cluster-shutdown] with [0] tasks
08:06:53.337 DEBUG akka.actor.CoordinatedShutdown - Performing phase [cluster-sharding-shutdown-region] with [5] tasks.
08:06:53.337 DEBUG akka.actor.CoordinatedShutdown - Performing task [region-shutdown] in CoordinatedShutdown phase [cluster-sharding-shutdown-region]
08:06:53.337 DEBUG akka.actor.CoordinatedShutdown - Performing task [region-shutdown] in CoordinatedShutdown phase [cluster-sharding-shutdown-region]
08:06:53.337 DEBUG akka.actor.CoordinatedShutdown - Performing task [region-shutdown] in CoordinatedShutdown phase [cluster-sharding-shutdown-region]
08:06:53.337 DEBUG akka.actor.CoordinatedShutdown - Performing task [region-shutdown] in CoordinatedShutdown phase [cluster-sharding-shutdown-region]
08:06:53.337 DEBUG akka.actor.CoordinatedShutdown - Performing task [region-shutdown] in CoordinatedShutdown phase [cluster-sharding-shutdown-region]
08:06:53.337 DEBUG a.c.sharding.DDataShardCoordinator - sharded-daemon-process-eventSourcedProjection-passivation-race-entity-passivation-race-consumer-b: Unknown region requested graceful shutdown [Actor[akka://akka-runtime/system/sharding/sharded-daemon-process-eventSourcedProjection-passivation-race-entity-passivation-race-consumer-b#-562759276]]
08:06:53.337 DEBUG a.c.sharding.DDataShardCoordinator - _timer: Unknown region requested graceful shutdown [Actor[akka://akka-runtime/system/sharding/_timer#1509314083]]
08:06:53.337 DEBUG a.c.sharding.DDataShardCoordinator - sharded-daemon-process-eventSourcedProjection-passivation-race-entity-passivation-race-view: Unknown region requested graceful shutdown [Actor[akka://akka-runtime/system/sharding/sharded-daemon-process-eventSourcedProjection-passivation-race-entity-passivation-race-view#606440491]]
08:06:53.337 DEBUG a.c.sharding.DDataShardCoordinator - passivation-race-entity: Unknown region requested graceful shutdown [Actor[akka://akka-runtime/system/sharding/passivation-race-entity#838056925]]
08:06:53.337 DEBUG a.c.sharding.DDataShardCoordinator - sharded-daemon-process-eventSourcedProjection-passivation-race-entity-passivation-race-consumer-a: Unknown region requested graceful shutdown [Actor[akka://akka-runtime/system/sharding/sharded-daemon-process-eventSourcedProjection-passivation-race-entity-passivation-race-consumer-a#1827091611]]
08:06:53.354 DEBUG a.c.singleton.ClusterSingletonProxy - Trying to identify singleton at [akka://akka-runtime@127.0.0.1:63153/system/singletonManagerShardedDaemonProcessCoordinator-eventSourcedProjection-passivation-race-entity-passivation-race-consumer-b/ShardedDaemonProcessCoordinator-eventSourcedProjection-passivation-race-entity-passivation-race-consumer-b]
08:06:53.355 DEBUG a.c.singleton.ClusterSingletonProxy - Trying to identify singleton at [akka://akka-runtime@127.0.0.1:63153/system/singletonManagerShardedDaemonProcessCoordinator-eventSourcedProjection-passivation-race-entity-passivation-race-consumer-a/ShardedDaemonProcessCoordinator-eventSourcedProjection-passivation-race-entity-passivation-race-consumer-a]
08:06:53.355 DEBUG a.c.singleton.ClusterSingletonProxy - Trying to identify singleton at [akka://akka-runtime@127.0.0.1:63153/system/singletonManagerShardedDaemonProcessCoordinator-eventSourcedProjection-passivation-race-entity-passivation-race-view/ShardedDaemonProcessCoordinator-eventSourcedProjection-passivation-race-entity-passivation-race-view]
08:06:53.355 INFO  a.c.singleton.ClusterSingletonProxy - Singleton identified at [akka://akka-runtime/system/singletonManagerShardedDaemonProcessCoordinator-eventSourcedProjection-passivation-race-entity-passivation-race-view/ShardedDaemonProcessCoordinator-eventSourcedProjection-passivation-race-entity-passivation-race-view]
08:06:53.355 INFO  a.c.singleton.ClusterSingletonProxy - Singleton identified at [akka://akka-runtime/system/singletonManagerShardedDaemonProcessCoordinator-eventSourcedProjection-passivation-race-entity-passivation-race-consumer-a/ShardedDaemonProcessCoordinator-eventSourcedProjection-passivation-race-entity-passivation-race-consumer-a]
08:06:53.355 DEBUG a.c.singleton.ClusterSingletonProxy - Sending buffered messages to current singleton instance
08:06:53.355 INFO  a.c.singleton.ClusterSingletonProxy - Singleton identified at [akka://akka-runtime/system/singletonManagerShardedDaemonProcessCoordinator-eventSourcedProjection-passivation-race-entity-passivation-race-consumer-b/ShardedDaemonProcessCoordinator-eventSourcedProjection-passivation-race-entity-passivation-race-consumer-b]
08:06:53.355 DEBUG a.c.singleton.ClusterSingletonProxy - Sending buffered messages to current singleton instance
08:06:53.355 DEBUG a.c.singleton.ClusterSingletonProxy - Sending buffered messages to current singleton instance
08:06:53.554 DEBUG a.c.sharding.DDataShardCoordinator - sharded-daemon-process-eventSourcedProjection-passivation-race-entity-passivation-race-consumer-b: ShardRegion registered: [Actor[akka://akka-runtime/system/sharding/sharded-daemon-process-eventSourcedProjection-passivation-race-entity-passivation-race-consumer-b#-562759276]]
08:06:53.554 DEBUG a.c.sharding.DDataShardCoordinator - sharded-daemon-process-eventSourcedProjection-passivation-race-entity-passivation-race-view: ShardRegion registered: [Actor[akka://akka-runtime/system/sharding/sharded-daemon-process-eventSourcedProjection-passivation-race-entity-passivation-race-view#606440491]]
08:06:53.554 DEBUG a.c.sharding.DDataShardCoordinator - passivation-race-entity: ShardRegion registered: [Actor[akka://akka-runtime/system/sharding/passivation-race-entity#838056925]]
08:06:53.554 DEBUG a.c.sharding.DDataShardCoordinator - sharded-daemon-process-eventSourcedProjection-passivation-race-entity-passivation-race-consumer-a: ShardRegion registered: [Actor[akka://akka-runtime/system/sharding/sharded-daemon-process-eventSourcedProjection-passivation-race-entity-passivation-race-consumer-a#1827091611]]
08:06:53.554 DEBUG a.c.sharding.DDataShardCoordinator - passivation-race-entity: The coordinator state was successfully updated with ShardRegionRegistered(Actor[akka://akka-runtime/system/sharding/passivation-race-entity#838056925])
08:06:53.555 DEBUG a.c.sharding.DDataShardCoordinator - sharded-daemon-process-eventSourcedProjection-passivation-race-entity-passivation-race-view: The coordinator state was successfully updated with ShardRegionRegistered(Actor[akka://akka-runtime/system/sharding/sharded-daemon-process-eventSourcedProjection-passivation-race-entity-passivation-race-view#606440491])
08:06:53.555 DEBUG a.c.sharding.DDataShardCoordinator - sharded-daemon-process-eventSourcedProjection-passivation-race-entity-passivation-race-consumer-a: The coordinator state was successfully updated with ShardRegionRegistered(Actor[akka://akka-runtime/system/sharding/sharded-daemon-process-eventSourcedProjection-passivation-race-entity-passivation-race-consumer-a#1827091611])
08:06:53.555 DEBUG a.c.sharding.DDataShardCoordinator - sharded-daemon-process-eventSourcedProjection-passivation-race-entity-passivation-race-consumer-b: The coordinator state was successfully updated with ShardRegionRegistered(Actor[akka://akka-runtime/system/sharding/sharded-daemon-process-eventSourcedProjection-passivation-race-entity-passivation-race-consumer-b#-562759276])
08:06:53.555 DEBUG a.c.sharding.DDataShardCoordinator - passivation-race-entity: The coordinator state was successfully updated with ShardHomeAllocated(593,Actor[akka://akka-runtime/system/sharding/passivation-race-entity#838056925])
08:06:53.555 DEBUG a.c.sharding.DDataShardCoordinator - sharded-daemon-process-eventSourcedProjection-passivation-race-entity-passivation-race-view: The coordinator state was successfully updated with ShardHomeAllocated(0,Actor[akka://akka-runtime/system/sharding/sharded-daemon-process-eventSourcedProjection-passivation-race-entity-passivation-race-view#606440491])
08:06:53.555 DEBUG a.c.sharding.DDataShardCoordinator - sharded-daemon-process-eventSourcedProjection-passivation-race-entity-passivation-race-consumer-a: The coordinator state was successfully updated with ShardHomeAllocated(0,Actor[akka://akka-runtime/system/sharding/sharded-daemon-process-eventSourcedProjection-passivation-race-entity-passivation-race-consumer-a#1827091611])
08:06:53.555 DEBUG a.c.sharding.DDataShardCoordinator - sharded-daemon-process-eventSourcedProjection-passivation-race-entity-passivation-race-consumer-b: The coordinator state was successfully updated with ShardHomeAllocated(0,Actor[akka://akka-runtime/system/sharding/sharded-daemon-process-eventSourcedProjection-passivation-race-entity-passivation-race-consumer-b#-562759276])
08:06:53.555 DEBUG a.c.sharding.DDataShardCoordinator - passivation-race-entity: Shard [593] allocated at [Actor[akka://akka-runtime/system/sharding/passivation-race-entity#838056925]]
08:06:53.555 DEBUG a.c.sharding.DDataShardCoordinator - sharded-daemon-process-eventSourcedProjection-passivation-race-entity-passivation-race-consumer-b: Shard [0] allocated at [Actor[akka://akka-runtime/system/sharding/sharded-daemon-process-eventSourcedProjection-passivation-race-entity-passivation-race-consumer-b#-562759276]]
08:06:53.555 DEBUG a.c.sharding.DDataShardCoordinator - sharded-daemon-process-eventSourcedProjection-passivation-race-entity-passivation-race-view: Shard [0] allocated at [Actor[akka://akka-runtime/system/sharding/sharded-daemon-process-eventSourcedProjection-passivation-race-entity-passivation-race-view#606440491]]
08:06:53.556 DEBUG a.c.sharding.DDataShardCoordinator - passivation-race-entity: Graceful shutdown of region [Actor[akka://akka-runtime/system/sharding/passivation-race-entity#838056925]] with [1] shards
08:06:53.556 INFO  a.c.sharding.DDataShardCoordinator - passivation-race-entity: Starting shutting down shards [593] due to region shutting down or explicit stopping of shards.
08:06:53.556 DEBUG a.c.sharding.DDataShardCoordinator - sharded-daemon-process-eventSourcedProjection-passivation-race-entity-passivation-race-consumer-b: Graceful shutdown of region [Actor[akka://akka-runtime/system/sharding/sharded-daemon-process-eventSourcedProjection-passivation-race-entity-passivation-race-consumer-b#-562759276]] with [1] shards
08:06:53.556 INFO  a.c.sharding.DDataShardCoordinator - sharded-daemon-process-eventSourcedProjection-passivation-race-entity-passivation-race-consumer-b: Starting shutting down shards [0] due to region shutting down or explicit stopping of shards.
08:06:53.556 DEBUG a.c.sharding.DDataShardCoordinator - sharded-daemon-process-eventSourcedProjection-passivation-race-entity-passivation-race-view: Graceful shutdown of region [Actor[akka://akka-runtime/system/sharding/sharded-daemon-process-eventSourcedProjection-passivation-race-entity-passivation-race-view#606440491]] with [1] shards
08:06:53.556 INFO  a.c.sharding.DDataShardCoordinator - sharded-daemon-process-eventSourcedProjection-passivation-race-entity-passivation-race-view: Starting shutting down shards [0] due to region shutting down or explicit stopping of shards.
08:06:53.556 DEBUG a.c.sharding.DDataShardCoordinator - sharded-daemon-process-eventSourcedProjection-passivation-race-entity-passivation-race-consumer-a: Shard [0] allocated at [Actor[akka://akka-runtime/system/sharding/sharded-daemon-process-eventSourcedProjection-passivation-race-entity-passivation-race-consumer-a#1827091611]]
08:06:53.556 DEBUG a.c.s.ShardCoordinator$RebalanceWorker - passivation-race-entity: Shutting down shard [593] from region [Actor[akka://akka-runtime/system/sharding/passivation-race-entity#838056925]]. Asking [1] region(s) to hand-off shard
08:06:53.556 DEBUG akka.cluster.sharding.Shard - sharded-daemon-process-eventSourcedProjection-passivation-race-entity-passivation-race-consumer-b: Shard initialized
08:06:53.556 DEBUG a.c.s.ShardCoordinator$RebalanceWorker - passivation-race-entity: BeginHandOffAck for shard [593] received from [Actor[akka://akka-runtime/system/sharding/passivation-race-entity#838056925]].
08:06:53.556 DEBUG a.c.s.ShardCoordinator$RebalanceWorker - passivation-race-entity: All shard regions acked, handing off shard [593].
08:06:53.556 DEBUG akka.cluster.sharding.Shard - sharded-daemon-process-eventSourcedProjection-passivation-race-entity-passivation-race-view: Shard initialized
08:06:53.556 DEBUG a.c.s.ShardCoordinator$RebalanceWorker - sharded-daemon-process-eventSourcedProjection-passivation-race-entity-passivation-race-consumer-b: Shutting down shard [0] from region [Actor[akka://akka-runtime/system/sharding/sharded-daemon-process-eventSourcedProjection-passivation-race-entity-passivation-race-consumer-b#-562759276]]. Asking [1] region(s) to hand-off shard
08:06:53.556 WARN  akka.cluster.sharding.ShardRegion - passivation-race-entity: Dropping [1] buffered messages to shard [593] during hand off to avoid re-ordering
08:06:53.556 DEBUG akka.cluster.sharding.Shard - passivation-race-entity: Shard initialized
08:06:53.556 DEBUG a.c.s.ShardCoordinator$RebalanceWorker - sharded-daemon-process-eventSourcedProjection-passivation-race-entity-passivation-race-view: Shutting down shard [0] from region [Actor[akka://akka-runtime/system/sharding/sharded-daemon-process-eventSourcedProjection-passivation-race-entity-passivation-race-view#606440491]]. Asking [1] region(s) to hand-off shard
08:06:53.556 DEBUG a.c.sharding.DDataShardCoordinator - sharded-daemon-process-eventSourcedProjection-passivation-race-entity-passivation-race-consumer-a: Graceful shutdown of region [Actor[akka://akka-runtime/system/sharding/sharded-daemon-process-eventSourcedProjection-passivation-race-entity-passivation-race-consumer-a#1827091611]] with [1] shards
08:06:53.556 DEBUG akka.cluster.sharding.Shard - passivation-race-entity: HandOff shard [593]
08:06:53.556 DEBUG a.c.s.t.i.ShardedDaemonProcessState$ - eventSourcedProjection-passivation-race-entity-passivation-race-view: Deferred start of worker to verify its revision [0] is the latest
08:06:53.556 DEBUG a.c.s.t.i.ShardedDaemonProcessState$ - eventSourcedProjection-passivation-race-entity-passivation-race-consumer-b: Deferred start of worker to verify its revision [0] is the latest
08:06:53.556 INFO  a.c.sharding.DDataShardCoordinator - sharded-daemon-process-eventSourcedProjection-passivation-race-entity-passivation-race-consumer-a: Starting shutting down shards [0] due to region shutting down or explicit stopping of shards.
08:06:53.556 DEBUG akka.cluster.sharding.Shard - sharded-daemon-process-eventSourcedProjection-passivation-race-entity-passivation-race-consumer-b: Request to start entity [0] and ack to [Some(Actor[akka://akka-runtime/deadLetters])]
08:06:53.556 DEBUG akka.cluster.sharding.Shard - passivation-race-entity: Shard [593] shutting down
08:06:53.556 DEBUG akka.cluster.sharding.Shard - sharded-daemon-process-eventSourcedProjection-passivation-race-entity-passivation-race-view: Request to start entity [0] and ack to [Some(Actor[akka://akka-runtime/deadLetters])]
08:06:53.556 DEBUG a.c.s.t.i.ShardedDaemonProcessState$ - eventSourcedProjection-passivation-race-entity-passivation-race-consumer-a: Deferred start of worker to verify its revision [0] is the latest
08:06:53.556 INFO  a.c.s.t.i.ShardedDaemonProcessState$ - eventSourcedProjection-passivation-race-entity-passivation-race-view: Starting Sharded Daemon Process [0] out of a total [1] (revision [0] and no state found)
08:06:53.556 INFO  a.c.s.t.i.ShardedDaemonProcessState$ - eventSourcedProjection-passivation-race-entity-passivation-race-consumer-b: Starting Sharded Daemon Process [0] out of a total [1] (revision [0] and no state found)
08:06:53.556 INFO  a.c.s.t.i.ShardedDaemonProcessState$ - eventSourcedProjection-passivation-race-entity-passivation-race-consumer-a: Starting Sharded Daemon Process [0] out of a total [1] (revision [0] and no state found)
08:06:53.556 DEBUG a.c.sharding.DDataShardCoordinator - passivation-race-entity: Shard [593] deallocation completed successfully.
08:06:53.556 DEBUG akka.cluster.sharding.Shard - sharded-daemon-process-eventSourcedProjection-passivation-race-entity-passivation-race-consumer-a: Shard initialized
08:06:53.556 DEBUG akka.cluster.sharding.Shard - sharded-daemon-process-eventSourcedProjection-passivation-race-entity-passivation-race-consumer-b: Started entity [Actor[akka://akka-runtime/system/sharding/sharded-daemon-process-eventSourcedProjection-passivation-race-entity-passivation-race-consumer-b/0/0#1867871255]] with entity id [0] in shard [0]
08:06:53.556 DEBUG akka.cluster.sharding.Shard - sharded-daemon-process-eventSourcedProjection-passivation-race-entity-passivation-race-view: Started entity [Actor[akka://akka-runtime/system/sharding/sharded-daemon-process-eventSourcedProjection-passivation-race-entity-passivation-race-view/0/0#-1221543836]] with entity id [0] in shard [0]
08:06:53.556 DEBUG a.c.s.ShardCoordinator$RebalanceWorker - sharded-daemon-process-eventSourcedProjection-passivation-race-entity-passivation-race-consumer-a: Shutting down shard [0] from region [Actor[akka://akka-runtime/system/sharding/sharded-daemon-process-eventSourcedProjection-passivation-race-entity-passivation-race-consumer-a#1827091611]]. Asking [1] region(s) to hand-off shard
08:06:53.556 DEBUG a.c.s.ShardCoordinator$RebalanceWorker - sharded-daemon-process-eventSourcedProjection-passivation-race-entity-passivation-race-view: BeginHandOffAck for shard [0] received from [Actor[akka://akka-runtime/system/sharding/sharded-daemon-process-eventSourcedProjection-passivation-race-entity-passivation-race-view#606440491]].
08:06:53.556 DEBUG a.c.s.ShardCoordinator$RebalanceWorker - sharded-daemon-process-eventSourcedProjection-passivation-race-entity-passivation-race-view: All shard regions acked, handing off shard [0].
08:06:53.556 DEBUG akka.cluster.sharding.Shard - sharded-daemon-process-eventSourcedProjection-passivation-race-entity-passivation-race-consumer-a: Request to start entity [0] and ack to [Some(Actor[akka://akka-runtime/deadLetters])]
08:06:53.557 DEBUG a.c.s.ShardCoordinator$RebalanceWorker - sharded-daemon-process-eventSourcedProjection-passivation-race-entity-passivation-race-consumer-b: BeginHandOffAck for shard [0] received from [Actor[akka://akka-runtime/system/sharding/sharded-daemon-process-eventSourcedProjection-passivation-race-entity-passivation-race-consumer-b#-562759276]].
08:06:53.557 DEBUG a.c.s.ShardCoordinator$RebalanceWorker - sharded-daemon-process-eventSourcedProjection-passivation-race-entity-passivation-race-consumer-b: All shard regions acked, handing off shard [0].
08:06:53.557 DEBUG akka.cluster.sharding.Shard - sharded-daemon-process-eventSourcedProjection-passivation-race-entity-passivation-race-consumer-b: HandOff shard [0]
08:06:53.557 DEBUG akka.cluster.sharding.Shard - sharded-daemon-process-eventSourcedProjection-passivation-race-entity-passivation-race-consumer-b: Starting HandOffStopper for shard [0] to terminate [1] entities.
08:06:53.557 DEBUG a.c.sharding.DDataShardCoordinator - passivation-race-entity: The coordinator state was successfully updated with ShardHomeDeallocated(593)
08:06:53.557 DEBUG a.c.sharding.DDataShardCoordinator - passivation-race-entity: Shard [593] deallocated after
08:06:53.557 DEBUG akka.cluster.sharding.Shard - sharded-daemon-process-eventSourcedProjection-passivation-race-entity-passivation-race-consumer-a: Started entity [Actor[akka://akka-runtime/system/sharding/sharded-daemon-process-eventSourcedProjection-passivation-race-entity-passivation-race-consumer-a/0/0#2096081161]] with entity id [0] in shard [0]
08:06:53.557 DEBUG a.c.s.ShardCoordinator$RebalanceWorker - sharded-daemon-process-eventSourcedProjection-passivation-race-entity-passivation-race-consumer-a: BeginHandOffAck for shard [0] received from [Actor[akka://akka-runtime/system/sharding/sharded-daemon-process-eventSourcedProjection-passivation-race-entity-passivation-race-consumer-a#1827091611]].
08:06:53.557 DEBUG a.c.s.ShardCoordinator$RebalanceWorker - sharded-daemon-process-eventSourcedProjection-passivation-race-entity-passivation-race-consumer-a: All shard regions acked, handing off shard [0].
08:06:53.557 DEBUG a.c.sharding.DDataShardCoordinator - passivation-race-entity: ShardRegion terminated (gracefully): [Actor[akka://akka-runtime/system/sharding/passivation-race-entity#838056925]] {}
08:06:53.557 DEBUG a.c.sharding.DDataShardCoordinator - passivation-race-entity: GetShardHome [593] request from [Actor[akka://local/ignore]] stashed, because waiting for initial state or update of state. It will be handled afterwards.
08:06:53.557 DEBUG akka.cluster.sharding.Shard - sharded-daemon-process-eventSourcedProjection-passivation-race-entity-passivation-race-consumer-a: HandOff shard [0]
08:06:53.557 DEBUG akka.cluster.sharding.Shard - sharded-daemon-process-eventSourcedProjection-passivation-race-entity-passivation-race-consumer-a: Starting HandOffStopper for shard [0] to terminate [1] entities.
08:06:53.557 DEBUG a.c.sharding.DDataShardCoordinator - passivation-race-entity: The coordinator state was successfully updated with ShardRegionTerminated(Actor[akka://akka-runtime/system/sharding/passivation-race-entity#838056925])
08:06:53.557 DEBUG akka.cluster.sharding.Shard - sharded-daemon-process-eventSourcedProjection-passivation-race-entity-passivation-race-view: HandOff shard [0]
08:06:53.557 DEBUG akka.cluster.sharding.Shard - sharded-daemon-process-eventSourcedProjection-passivation-race-entity-passivation-race-view: Starting HandOffStopper for shard [0] to terminate [1] entities.
08:06:53.557 DEBUG a.c.sharding.DDataShardCoordinator - passivation-race-entity: ShardRegion stopped: [Actor[akka://akka-runtime/system/sharding/passivation-race-entity#838056925]]
08:06:53.557 DEBUG akka.cluster.sharding.Shard - sharded-daemon-process-eventSourcedProjection-passivation-race-entity-passivation-race-view: Shard [0] shutting down
08:06:53.557 DEBUG a.c.sharding.DDataShardCoordinator - sharded-daemon-process-eventSourcedProjection-passivation-race-entity-passivation-race-view: Shard [0] deallocation completed successfully.
08:06:53.557 DEBUG a.c.sharding.DDataShardCoordinator - sharded-daemon-process-eventSourcedProjection-passivation-race-entity-passivation-race-view: The coordinator state was successfully updated with ShardHomeDeallocated(0)
08:06:53.557 DEBUG a.c.sharding.DDataShardCoordinator - sharded-daemon-process-eventSourcedProjection-passivation-race-entity-passivation-race-view: Shard [0] deallocated after
08:06:53.557 DEBUG a.c.sharding.DDataShardCoordinator - sharded-daemon-process-eventSourcedProjection-passivation-race-entity-passivation-race-view: ShardRegion terminated (gracefully): [Actor[akka://akka-runtime/system/sharding/sharded-daemon-process-eventSourcedProjection-passivation-race-entity-passivation-race-view#606440491]] {}
08:06:53.557 DEBUG a.c.sharding.DDataShardCoordinator - sharded-daemon-process-eventSourcedProjection-passivation-race-entity-passivation-race-view: GetShardHome [0] request from [Actor[akka://local/ignore]] stashed, because waiting for initial state or update of state. It will be handled afterwards.
08:06:53.557 DEBUG a.c.sharding.DDataShardCoordinator - sharded-daemon-process-eventSourcedProjection-passivation-race-entity-passivation-race-view: The coordinator state was successfully updated with ShardRegionTerminated(Actor[akka://akka-runtime/system/sharding/sharded-daemon-process-eventSourcedProjection-passivation-race-entity-passivation-race-view#606440491])
08:06:53.557 DEBUG a.c.sharding.DDataShardCoordinator - sharded-daemon-process-eventSourcedProjection-passivation-race-entity-passivation-race-view: ShardRegion stopped: [Actor[akka://akka-runtime/system/sharding/sharded-daemon-process-eventSourcedProjection-passivation-race-entity-passivation-race-view#606440491]]
08:06:54.325 WARN  a.c.s.ShardRegion$HandOffStopper - sharded-daemon-process-eventSourcedProjection-passivation-race-entity-passivation-race-consumer-a: [1] of the entities in shard [0] not stopped after [750 milliseconds]. Maybe the handOffStopMessage [akka.projection.ProjectionBehavior$Stop$] is not handled? Waiting additional [250 milliseconds] before stopping the remaining entities.
08:06:54.325 WARN  a.c.s.ShardRegion$HandOffStopper - sharded-daemon-process-eventSourcedProjection-passivation-race-entity-passivation-race-consumer-b: [1] of the entities in shard [0] not stopped after [750 milliseconds]. Maybe the handOffStopMessage [akka.projection.ProjectionBehavior$Stop$] is not handled? Waiting additional [250 milliseconds] before stopping the remaining entities.
08:06:54.572 WARN  a.c.s.ShardRegion$HandOffStopper - sharded-daemon-process-eventSourcedProjection-passivation-race-entity-passivation-race-consumer-a: HandOffStopMessage [akka.projection.ProjectionBehavior$Stop$] is not handled by some of the entities in shard [0] after [1 second], stopping the remaining [1] entities.
08:06:54.572 WARN  a.c.s.ShardRegion$HandOffStopper - sharded-daemon-process-eventSourcedProjection-passivation-race-entity-passivation-race-consumer-b: HandOffStopMessage [akka.projection.ProjectionBehavior$Stop$] is not handled by some of the entities in shard [0] after [1 second], stopping the remaining [1] entities.
08:06:54.573 DEBUG a.c.sharding.DDataShardCoordinator - sharded-daemon-process-eventSourcedProjection-passivation-race-entity-passivation-race-consumer-b: Shard [0] deallocation completed successfully.
08:06:54.573 DEBUG akka.cluster.sharding.Shard - sharded-daemon-process-eventSourcedProjection-passivation-race-entity-passivation-race-consumer-b: Shard [0] shutting down
08:06:54.573 DEBUG akka.cluster.sharding.Shard - sharded-daemon-process-eventSourcedProjection-passivation-race-entity-passivation-race-consumer-a: Shard [0] shutting down
08:06:54.573 DEBUG a.c.sharding.DDataShardCoordinator - sharded-daemon-process-eventSourcedProjection-passivation-race-entity-passivation-race-consumer-a: Shard [0] deallocation completed successfully.
08:06:54.573 DEBUG a.c.sharding.DDataShardCoordinator - sharded-daemon-process-eventSourcedProjection-passivation-race-entity-passivation-race-consumer-b: The coordinator state was successfully updated with ShardHomeDeallocated(0)
08:06:54.573 DEBUG a.c.sharding.DDataShardCoordinator - sharded-daemon-process-eventSourcedProjection-passivation-race-entity-passivation-race-consumer-b: Shard [0] deallocated after
08:06:54.573 DEBUG akka.actor.CoordinatedShutdown - Performing phase [cluster-leave] with [1] tasks.
08:06:54.574 DEBUG a.c.sharding.DDataShardCoordinator - sharded-daemon-process-eventSourcedProjection-passivation-race-entity-passivation-race-consumer-b: ShardRegion terminated (gracefully): [Actor[akka://akka-runtime/system/sharding/sharded-daemon-process-eventSourcedProjection-passivation-race-entity-passivation-race-consumer-b#-562759276]] {}
08:06:54.574 DEBUG akka.actor.CoordinatedShutdown - Performing task [leave] in CoordinatedShutdown phase [cluster-leave]
08:06:54.574 DEBUG a.c.sharding.DDataShardCoordinator - sharded-daemon-process-eventSourcedProjection-passivation-race-entity-passivation-race-consumer-a: The coordinator state was successfully updated with ShardHomeDeallocated(0)
08:06:54.574 DEBUG a.c.sharding.DDataShardCoordinator - sharded-daemon-process-eventSourcedProjection-passivation-race-entity-passivation-race-consumer-a: Shard [0] deallocated after
08:06:54.574 DEBUG a.c.sharding.DDataShardCoordinator - sharded-daemon-process-eventSourcedProjection-passivation-race-entity-passivation-race-consumer-a: ShardRegion terminated (gracefully): [Actor[akka://akka-runtime/system/sharding/sharded-daemon-process-eventSourcedProjection-passivation-race-entity-passivation-race-consumer-a#1827091611]] {}
08:06:54.574 DEBUG a.c.sharding.DDataShardCoordinator - sharded-daemon-process-eventSourcedProjection-passivation-race-entity-passivation-race-consumer-b: GetShardHome [0] request from [Actor[akka://local/ignore]] stashed, because waiting for initial state or update of state. It will be handled afterwards.
08:06:54.574 DEBUG a.c.sharding.DDataShardCoordinator - sharded-daemon-process-eventSourcedProjection-passivation-race-entity-passivation-race-consumer-a: GetShardHome [0] request from [Actor[akka://local/ignore]] stashed, because waiting for initial state or update of state. It will be handled afterwards.
08:06:54.574 DEBUG a.c.sharding.DDataShardCoordinator - sharded-daemon-process-eventSourcedProjection-passivation-race-entity-passivation-race-consumer-b: The coordinator state was successfully updated with ShardRegionTerminated(Actor[akka://akka-runtime/system/sharding/sharded-daemon-process-eventSourcedProjection-passivation-race-entity-passivation-race-consumer-b#-562759276])
08:06:54.574 DEBUG a.c.sharding.DDataShardCoordinator - sharded-daemon-process-eventSourcedProjection-passivation-race-entity-passivation-race-consumer-a: The coordinator state was successfully updated with ShardRegionTerminated(Actor[akka://akka-runtime/system/sharding/sharded-daemon-process-eventSourcedProjection-passivation-race-entity-passivation-race-consumer-a#1827091611])
08:06:54.574 DEBUG a.c.sharding.DDataShardCoordinator - sharded-daemon-process-eventSourcedProjection-passivation-race-entity-passivation-race-consumer-b: ShardRegion stopped: [Actor[akka://akka-runtime/system/sharding/sharded-daemon-process-eventSourcedProjection-passivation-race-entity-passivation-race-consumer-b#-562759276]]
08:06:54.574 DEBUG a.c.sharding.DDataShardCoordinator - sharded-daemon-process-eventSourcedProjection-passivation-race-entity-passivation-race-consumer-a: ShardRegion stopped: [Actor[akka://akka-runtime/system/sharding/sharded-daemon-process-eventSourcedProjection-passivation-race-entity-passivation-race-consumer-a#1827091611]]
08:06:54.575 DEBUG akka.actor.CoordinatedShutdown - Performing phase [cluster-exiting] with [28] tasks.
08:06:54.575 DEBUG akka.actor.CoordinatedShutdown - Performing task [singleton-exiting-1] in CoordinatedShutdown phase [cluster-exiting]
08:06:54.575 DEBUG akka.actor.CoordinatedShutdown - Performing task [singleton-exiting-2] in CoordinatedShutdown phase [cluster-exiting]
08:06:54.575 DEBUG akka.actor.CoordinatedShutdown - Performing task [singleton-exiting-2] in CoordinatedShutdown phase [cluster-exiting]
08:06:54.575 DEBUG akka.actor.CoordinatedShutdown - Performing task [singleton-exiting-2] in CoordinatedShutdown phase [cluster-exiting]
08:06:54.575 DEBUG akka.actor.CoordinatedShutdown - Performing task [wait-exiting] in CoordinatedShutdown phase [cluster-exiting]
08:06:54.575 DEBUG akka.actor.CoordinatedShutdown - Performing task [singleton-exiting-1] in CoordinatedShutdown phase [cluster-exiting]
08:06:54.575 INFO  a.c.s.ClusterSingletonManager - Exited [akka://akka-runtime@127.0.0.1:63153].
08:06:54.575 DEBUG akka.actor.CoordinatedShutdown - Performing task [singleton-exiting-1] in CoordinatedShutdown phase [cluster-exiting]
08:06:54.575 DEBUG akka.actor.CoordinatedShutdown - Performing task [singleton-exiting-2] in CoordinatedShutdown phase [cluster-exiting]
08:06:54.575 INFO  a.c.s.ClusterSingletonManager - Oldest observed OldestChanged: [akka://akka-runtime@127.0.0.1:63153 -> None]
08:06:54.575 DEBUG akka.actor.CoordinatedShutdown - Performing task [singleton-exiting-2] in CoordinatedShutdown phase [cluster-exiting]
08:06:54.575 INFO  a.c.s.ClusterSingletonManager - Exited [akka://akka-runtime@127.0.0.1:63153].
08:06:54.575 DEBUG akka.actor.CoordinatedShutdown - Performing task [wait-singleton-exiting] in CoordinatedShutdown phase [cluster-exiting]
08:06:54.575 DEBUG akka.actor.CoordinatedShutdown - Performing task [singleton-exiting-1] in CoordinatedShutdown phase [cluster-exiting]
08:06:54.575 INFO  a.c.s.ClusterSingletonManager - ClusterSingletonManager state change [Oldest -> WasOldest]
08:06:54.575 DEBUG akka.actor.CoordinatedShutdown - Performing task [singleton-exiting-1] in CoordinatedShutdown phase [cluster-exiting]
08:06:54.575 DEBUG akka.actor.CoordinatedShutdown - Performing task [wait-singleton-exiting] in CoordinatedShutdown phase [cluster-exiting]
08:06:54.575 DEBUG akka.actor.CoordinatedShutdown - Performing task [wait-singleton-exiting] in CoordinatedShutdown phase [cluster-exiting]
08:06:54.575 INFO  a.c.s.ClusterSingletonManager - Exited [akka://akka-runtime@127.0.0.1:63153].
08:06:54.575 DEBUG akka.actor.CoordinatedShutdown - Performing task [wait-singleton-exiting] in CoordinatedShutdown phase [cluster-exiting]
08:06:54.575 DEBUG akka.actor.CoordinatedShutdown - Performing task [wait-singleton-exiting] in CoordinatedShutdown phase [cluster-exiting]
08:06:54.575 DEBUG akka.actor.CoordinatedShutdown - Performing task [singleton-exiting-2] in CoordinatedShutdown phase [cluster-exiting]
08:06:54.575 INFO  a.c.s.ClusterSingletonManager - Exited [akka://akka-runtime@127.0.0.1:63153].
08:06:54.575 DEBUG akka.actor.CoordinatedShutdown - Performing task [singleton-exiting-1] in CoordinatedShutdown phase [cluster-exiting]
08:06:54.575 DEBUG akka.actor.CoordinatedShutdown - Performing task [wait-singleton-exiting] in CoordinatedShutdown phase [cluster-exiting]
08:06:54.575 DEBUG akka.actor.CoordinatedShutdown - Performing task [singleton-exiting-2] in CoordinatedShutdown phase [cluster-exiting]
08:06:54.575 INFO  a.c.s.ClusterSingletonManager - Oldest observed OldestChanged: [akka://akka-runtime@127.0.0.1:63153 -> None]
08:06:54.576 DEBUG akka.actor.CoordinatedShutdown - Performing task [singleton-exiting-2] in CoordinatedShutdown phase [cluster-exiting]
08:06:54.576 INFO  a.c.s.ClusterSingletonManager - ClusterSingletonManager state change [Oldest -> WasOldest]
08:06:54.576 DEBUG akka.actor.CoordinatedShutdown - Performing task [singleton-exiting-2] in CoordinatedShutdown phase [cluster-exiting]
08:06:54.576 INFO  a.c.s.ClusterSingletonManager - Oldest observed OldestChanged: [akka://akka-runtime@127.0.0.1:63153 -> None]
08:06:54.576 INFO  a.c.s.ClusterSingletonManager - ClusterSingletonManager state change [Oldest -> WasOldest]
08:06:54.576 INFO  a.c.s.ClusterSingletonManager - Exited [akka://akka-runtime@127.0.0.1:63153].
08:06:54.576 DEBUG akka.actor.CoordinatedShutdown - Performing task [wait-singleton-exiting] in CoordinatedShutdown phase [cluster-exiting]
08:06:54.576 INFO  a.c.s.ClusterSingletonManager - Oldest observed OldestChanged: [akka://akka-runtime@127.0.0.1:63153 -> None]
08:06:54.576 DEBUG akka.actor.CoordinatedShutdown - Performing task [singleton-exiting-1] in CoordinatedShutdown phase [cluster-exiting]
08:06:54.576 INFO  a.c.s.ClusterSingletonManager - ClusterSingletonManager state change [Oldest -> WasOldest]
08:06:54.576 DEBUG akka.actor.CoordinatedShutdown - Performing task [wait-singleton-exiting] in CoordinatedShutdown phase [cluster-exiting]
08:06:54.576 INFO  a.c.s.ClusterSingletonManager - Exited [akka://akka-runtime@127.0.0.1:63153].
08:06:54.576 DEBUG akka.actor.CoordinatedShutdown - Performing task [singleton-exiting-1] in CoordinatedShutdown phase [cluster-exiting]
08:06:54.576 INFO  a.c.s.ClusterSingletonManager - Oldest observed OldestChanged: [akka://akka-runtime@127.0.0.1:63153 -> None]
08:06:54.576 DEBUG akka.actor.CoordinatedShutdown - Performing task [wait-singleton-exiting] in CoordinatedShutdown phase [cluster-exiting]
08:06:54.576 DEBUG akka.actor.CoordinatedShutdown - Performing task [singleton-exiting-1] in CoordinatedShutdown phase [cluster-exiting]
08:06:54.576 INFO  a.c.s.ClusterSingletonManager - ClusterSingletonManager state change [Oldest -> WasOldest]
08:06:54.576 INFO  a.c.s.ClusterSingletonManager - Exited [akka://akka-runtime@127.0.0.1:63153].
08:06:54.576 INFO  a.c.s.ClusterSingletonManager - Exited [akka://akka-runtime@127.0.0.1:63153].
08:06:54.576 INFO  a.c.s.ClusterSingletonManager - Oldest observed OldestChanged: [akka://akka-runtime@127.0.0.1:63153 -> None]
08:06:54.576 INFO  a.c.s.ClusterSingletonManager - ClusterSingletonManager state change [Oldest -> WasOldest]
08:06:54.576 INFO  a.c.s.ClusterSingletonManager - Exited [akka://akka-runtime@127.0.0.1:63153].
08:06:54.576 INFO  a.c.s.ClusterSingletonManager - Oldest observed OldestChanged: [akka://akka-runtime@127.0.0.1:63153 -> None]
08:06:54.576 INFO  a.c.s.ClusterSingletonManager - ClusterSingletonManager state change [Oldest -> WasOldest]
08:06:54.576 INFO  a.c.s.ClusterSingletonManager - Oldest observed OldestChanged: [akka://akka-runtime@127.0.0.1:63153 -> None]
08:06:54.576 INFO  a.c.s.ClusterSingletonManager - Oldest observed OldestChanged: [akka://akka-runtime@127.0.0.1:63153 -> None]
08:06:54.576 INFO  a.c.s.ClusterSingletonManager - ClusterSingletonManager state change [Oldest -> WasOldest]
08:06:54.576 INFO  a.c.s.ClusterSingletonManager - ClusterSingletonManager state change [Oldest -> WasOldest]
08:06:55.215 DEBUG a.c.singleton.ClusterSingletonProxy - Creating singleton identification timer...
08:06:55.215 DEBUG a.c.singleton.ClusterSingletonProxy - Creating singleton identification timer...
08:06:55.215 DEBUG a.c.singleton.ClusterSingletonProxy - Creating singleton identification timer...
08:06:55.215 DEBUG a.c.singleton.ClusterSingletonProxy - Creating singleton identification timer...
08:06:55.594 INFO  a.c.s.ClusterSingletonManager - Singleton manager stopping singleton actor [akka://akka-runtime/system/singletonManagerShardedDaemonProcessCoordinator-eventSourcedProjection-passivation-race-entity-passivation-race-consumer-a/ShardedDaemonProcessCoordinator-eventSourcedProjection-passivation-race-entity-passivation-race-consumer-a]
08:06:55.594 INFO  a.c.s.ClusterSingletonManager - Singleton manager stopping singleton actor [akka://akka-runtime/system/sharding/passivation-race-entityCoordinator/singleton]
08:06:55.594 INFO  a.c.s.ClusterSingletonManager - Singleton manager stopping singleton actor [akka://akka-runtime/system/singletonManagerShardedDaemonProcessCoordinator-eventSourcedProjection-passivation-race-entity-passivation-race-consumer-b/ShardedDaemonProcessCoordinator-eventSourcedProjection-passivation-race-entity-passivation-race-consumer-b]
08:06:55.594 INFO  a.c.s.ClusterSingletonManager - Singleton manager stopping singleton actor [akka://akka-runtime/system/sharding/sharded-daemon-process-eventSourcedProjection-passivation-race-entity-passivation-race-consumer-aCoordinator/singleton]
08:06:55.594 INFO  a.c.s.ClusterSingletonManager - Singleton manager stopping singleton actor [akka://akka-runtime/system/singletonManagerShardedDaemonProcessCoordinator-eventSourcedProjection-passivation-race-entity-passivation-race-view/ShardedDaemonProcessCoordinator-eventSourcedProjection-passivation-race-entity-passivation-race-view]
08:06:55.594 INFO  a.c.s.ClusterSingletonManager - ClusterSingletonManager state change [WasOldest -> Stopping]
08:06:55.594 INFO  a.c.s.ClusterSingletonManager - ClusterSingletonManager state change [WasOldest -> Stopping]
08:06:55.594 INFO  a.c.s.ClusterSingletonManager - ClusterSingletonManager state change [WasOldest -> Stopping]
08:06:55.594 INFO  a.c.s.ClusterSingletonManager - ClusterSingletonManager state change [WasOldest -> Stopping]
08:06:55.594 INFO  a.c.s.ClusterSingletonManager - Singleton manager stopping singleton actor [akka://akka-runtime/system/sharding/sharded-daemon-process-eventSourcedProjection-passivation-race-entity-passivation-race-viewCoordinator/singleton]
08:06:55.594 INFO  a.c.s.ClusterSingletonManager - ClusterSingletonManager state change [WasOldest -> Stopping]
08:06:55.594 INFO  a.c.s.ClusterSingletonManager - ClusterSingletonManager state change [WasOldest -> Stopping]
08:06:55.594 INFO  a.c.s.ClusterSingletonManager - Singleton manager stopping singleton actor [akka://akka-runtime/system/sharding/sharded-daemon-process-eventSourcedProjection-passivation-race-entity-passivation-race-consumer-bCoordinator/singleton]
08:06:55.594 INFO  a.c.s.ClusterSingletonManager - ClusterSingletonManager state change [WasOldest -> Stopping]
08:06:55.594 INFO  a.c.s.ClusterSingletonManager - Singleton manager stopping singleton actor [akka://akka-runtime/system/sharding/_timerCoordinator/singleton]
08:06:55.594 INFO  a.c.s.ClusterSingletonManager - ClusterSingletonManager state change [WasOldest -> Stopping]
08:06:55.594 DEBUG a.c.sharding.DDataShardCoordinator - sharded-daemon-process-eventSourcedProjection-passivation-race-entity-passivation-race-consumer-b: Received termination message.
08:06:55.594 DEBUG a.c.sharding.DDataShardCoordinator - passivation-race-entity: Received termination message.
08:06:55.594 DEBUG a.c.sharding.DDataShardCoordinator - sharded-daemon-process-eventSourcedProjection-passivation-race-entity-passivation-race-view: Received termination message.
08:06:55.594 DEBUG a.c.sharding.DDataShardCoordinator - sharded-daemon-process-eventSourcedProjection-passivation-race-entity-passivation-race-consumer-a: Received termination message.
08:06:55.594 DEBUG a.c.sharding.DDataShardCoordinator - _timer: Received termination message.
08:06:55.594 INFO  a.c.s.ClusterSingletonManager - Singleton actor [akka://akka-runtime/system/singletonManagerShardedDaemonProcessCoordinator-eventSourcedProjection-passivation-race-entity-passivation-race-consumer-a/ShardedDaemonProcessCoordinator-eventSourcedProjection-passivation-race-entity-passivation-race-consumer-a] was terminated
08:06:55.594 INFO  a.c.s.ClusterSingletonManager - Singleton actor [akka://akka-runtime/system/singletonManagerShardedDaemonProcessCoordinator-eventSourcedProjection-passivation-race-entity-passivation-race-view/ShardedDaemonProcessCoordinator-eventSourcedProjection-passivation-race-entity-passivation-race-view] was terminated
08:06:55.594 INFO  a.c.s.ClusterSingletonManager - Singleton actor [akka://akka-runtime/system/sharding/passivation-race-entityCoordinator/singleton] was terminated
08:06:55.594 INFO  a.c.s.ClusterSingletonManager - Singleton actor [akka://akka-runtime/system/singletonManagerShardedDaemonProcessCoordinator-eventSourcedProjection-passivation-race-entity-passivation-race-consumer-b/ShardedDaemonProcessCoordinator-eventSourcedProjection-passivation-race-entity-passivation-race-consumer-b] was terminated
08:06:55.594 INFO  a.c.s.ClusterSingletonManager - Singleton actor [akka://akka-runtime/system/sharding/sharded-daemon-process-eventSourcedProjection-passivation-race-entity-passivation-race-consumer-aCoordinator/singleton] was terminated
08:06:55.594 INFO  a.c.s.ClusterSingletonManager - Singleton actor [akka://akka-runtime/system/sharding/sharded-daemon-process-eventSourcedProjection-passivation-race-entity-passivation-race-viewCoordinator/singleton] was terminated
08:06:55.594 INFO  a.c.s.ClusterSingletonManager - Singleton actor [akka://akka-runtime/system/sharding/_timerCoordinator/singleton] was terminated
08:06:55.594 INFO  a.c.s.ClusterSingletonManager - Singleton actor [akka://akka-runtime/system/sharding/sharded-daemon-process-eventSourcedProjection-passivation-race-entity-passivation-race-consumer-bCoordinator/singleton] was terminated
08:06:55.594 INFO  a.c.s.ClusterSingletonManager - Singleton manager stopping singleton actor [akka://akka-runtime/system/singletonManagerschemaSingleton/schemaSingleton]
08:06:55.594 INFO  a.c.s.ClusterSingletonManager - ClusterSingletonManager state change [WasOldest -> Stopping]
08:06:55.594 INFO  a.c.s.ClusterSingletonManager - Singleton actor [akka://akka-runtime/system/singletonManagerschemaSingleton/schemaSingleton] was terminated
08:06:55.594 DEBUG akka.actor.CoordinatedShutdown - Performing phase [cluster-exiting-done] with [1] tasks.
08:06:55.594 DEBUG akka.actor.CoordinatedShutdown - Performing task [exiting-completed] in CoordinatedShutdown phase [cluster-exiting-done]
08:06:55.595 DEBUG akka.actor.CoordinatedShutdown - Performing phase [cluster-shutdown] with [1] tasks.
08:06:55.595 DEBUG akka.actor.CoordinatedShutdown - Performing task [wait-shutdown] in CoordinatedShutdown phase [cluster-shutdown]
08:06:55.595 DEBUG akka.actor.CoordinatedShutdown - Performing phase [before-actor-system-terminate] with [2] tasks.
08:06:55.595 DEBUG akka.actor.CoordinatedShutdown - Performing task [close connection pools] in CoordinatedShutdown phase [before-actor-system-terminate]
08:06:55.595 DEBUG akka.actor.CoordinatedShutdown - Performing task [close-grpc-channels] in CoordinatedShutdown phase [before-actor-system-terminate]
08:06:55.595 DEBUG akka.actor.CoordinatedShutdown - Performing phase [actor-system-terminate] with [1] tasks.
08:06:55.595 DEBUG akka.actor.CoordinatedShutdown - Performing task [terminate-system] in CoordinatedShutdown phase [actor-system-terminate]
08:06:55.648 INFO  akka.runtime.AkkaRuntimeMain - Starting Akka Runtime version [1.6.15]
08:06:55.656 INFO  akka.javasdk.impl.ComponentLocator$ - Looking for component descriptors matching pattern [META-INF/akka-javasdk-components_*.conf]
08:06:55.662 INFO  akka.javasdk.testkit.TestKit - Eventing TestKit booting up on port: 63157
08:06:55.664 DEBUG a.c.singleton.ClusterSingletonProxy - Singleton not available, buffering message type [kalix.runtime.SchemaSingleton$ExecDdl]
08:06:55.664 DEBUG a.c.singleton.ClusterSingletonProxy - Creating singleton identification timer...
08:06:55.664 DEBUG a.c.singleton.ClusterSingletonProxy - Trying to identify singleton at [akka://akka-runtime@127.0.0.1:63158/system/singletonManagerschemaSingleton/schemaSingleton]
08:06:55.664 INFO  a.c.s.ClusterSingletonManager - Singleton manager starting singleton actor [akka://akka-runtime/system/singletonManagerschemaSingleton/schemaSingleton]
08:06:55.665 INFO  a.c.s.ClusterSingletonManager - ClusterSingletonManager state change [Start -> Oldest]
08:06:55.665 INFO  akka.javasdk.testkit.TestKit - Checking runtime status
08:06:55.725 DEBUG a.c.singleton.ClusterSingletonProxy - Trying to identify singleton at [akka://akka-runtime@127.0.0.1:63158/system/singletonManagerschemaSingleton/schemaSingleton]
08:06:55.725 INFO  a.c.singleton.ClusterSingletonProxy - Singleton identified at [akka://akka-runtime/system/singletonManagerschemaSingleton/schemaSingleton]
08:06:55.725 DEBUG a.c.singleton.ClusterSingletonProxy - Sending buffered messages to current singleton instance
08:06:55.726 INFO  a.c.s.typed.scaladsl.ClusterSharding - Starting Shard Region [passivation-race-entity]...
08:06:55.727 INFO  akka.cluster.sharding.ShardRegion - passivation-race-entity: Automatic entity passivation: composite strategy with limit of [10000] active entities, admission window (least recently used entities) with proportions [initial = 0.01, min = 0.01, max = 1.0] adapting with hill-climbing optimizer [adjust multiplier = 10.0, initial step = 0.0625, restart threshold = 0.05, step decay = 0.98], admit using frequency sketch [width multiplier = 4, reset multiplier = 10.0, depth = 4, counter bits = 4], main (least recently used entities (segmented with [2] levels with proportions of [0.20, 0.80]))
08:06:55.727 INFO  a.c.s.ClusterSingletonManager - Singleton manager starting singleton actor [akka://akka-runtime/system/sharding/passivation-race-entityCoordinator/singleton]
08:06:55.728 INFO  a.c.s.ClusterSingletonManager - ClusterSingletonManager state change [Start -> Oldest]
08:06:55.728 DEBUG a.c.sharding.DDataShardCoordinator - passivation-race-entity: Initial coordinator is empty.
08:06:55.728 INFO  a.c.sharding.DDataShardCoordinator - passivation-race-entity: ShardCoordinator was moved to the active state with [0] shards
08:06:55.729 DEBUG a.c.singleton.ClusterSingletonProxy - Forwarding message of type [SchemaSingleton$ExecDdl] to current singleton instance at [akka://akka-runtime/system/singletonManagerschemaSingleton/schemaSingleton]
08:06:55.730 INFO  akka.runtime.DiscoveryManager - Service components: EventSourcedEntity: [1], Consumer: [2], View: [1]
08:06:55.731 INFO  a.c.s.typed.scaladsl.ClusterSharding - Starting Shard Region [_timer]...
08:06:55.732 INFO  a.c.s.typed.scaladsl.ClusterSharding - Starting Shard Region [sharded-daemon-process-eventSourcedProjection-passivation-race-entity-passivation-race-consumer-a]...
08:06:55.732 INFO  a.c.s.ClusterSingletonManager - Singleton manager starting singleton actor [akka://akka-runtime/system/sharding/_timerCoordinator/singleton]
08:06:55.732 INFO  a.c.s.ClusterSingletonManager - ClusterSingletonManager state change [Start -> Oldest]
08:06:55.732 DEBUG a.c.sharding.DDataShardCoordinator - _timer: Starting remember entities store from provider akka.cluster.sharding.internal.DDataRememberEntitiesProvider@2a9abba6
08:06:55.733 INFO  akka.cluster.sharding.ShardRegion - sharded-daemon-process-eventSourcedProjection-passivation-race-entity-passivation-race-consumer-a: Automatic entity passivation: disabled
08:06:55.733 DEBUG a.c.sharding.DDataShardCoordinator - _timer: Initial coordinator is empty.
08:06:55.733 INFO  a.c.sharding.DDataShardCoordinator - _timer: ShardCoordinator was moved to the active state with [0] shards
08:06:55.733 DEBUG a.c.sharding.DDataShardCoordinator - _timer: Received [0] remembered shard ids (after state initialized)
08:06:55.733 INFO  a.c.s.ClusterSingletonManager - Singleton manager starting singleton actor [akka://akka-runtime/system/sharding/sharded-daemon-process-eventSourcedProjection-passivation-race-entity-passivation-race-consumer-aCoordinator/singleton]
08:06:55.733 INFO  a.c.s.ClusterSingletonManager - ClusterSingletonManager state change [Start -> Oldest]
08:06:55.733 DEBUG a.c.singleton.ClusterSingletonProxy - Creating singleton identification timer...
08:06:55.733 DEBUG a.c.singleton.ClusterSingletonProxy - Trying to identify singleton at [akka://akka-runtime@127.0.0.1:63158/system/singletonManagerShardedDaemonProcessCoordinator-eventSourcedProjection-passivation-race-entity-passivation-race-consumer-a/ShardedDaemonProcessCoordinator-eventSourcedProjection-passivation-race-entity-passivation-race-consumer-a]
08:06:55.733 INFO  a.c.s.typed.scaladsl.ClusterSharding - Starting Shard Region [sharded-daemon-process-eventSourcedProjection-passivation-race-entity-passivation-race-consumer-b]...
08:06:55.733 DEBUG a.c.sharding.DDataShardCoordinator - sharded-daemon-process-eventSourcedProjection-passivation-race-entity-passivation-race-consumer-a: Initial coordinator is empty.
08:06:55.733 INFO  a.c.sharding.DDataShardCoordinator - sharded-daemon-process-eventSourcedProjection-passivation-race-entity-passivation-race-consumer-a: ShardCoordinator was moved to the active state with [0] shards
08:06:55.733 INFO  akka.cluster.sharding.ShardRegion - sharded-daemon-process-eventSourcedProjection-passivation-race-entity-passivation-race-consumer-b: Automatic entity passivation: disabled
08:06:55.733 INFO  a.c.s.ClusterSingletonManager - Singleton manager starting singleton actor [akka://akka-runtime/system/singletonManagerShardedDaemonProcessCoordinator-eventSourcedProjection-passivation-race-entity-passivation-race-consumer-a/ShardedDaemonProcessCoordinator-eventSourcedProjection-passivation-race-entity-passivation-race-consumer-a]
08:06:55.733 INFO  a.c.s.ClusterSingletonManager - ClusterSingletonManager state change [Start -> Oldest]
08:06:55.734 DEBUG a.c.s.t.i.ShardedDaemonProcessCoordinator$ - ShardedDaemonProcessCoordinator for [eventSourcedProjection-passivation-race-entity-passivation-race-consumer-a] starting
08:06:55.734 INFO  a.c.s.typed.scaladsl.ClusterSharding - Starting Shard Region [sharded-daemon-process-eventSourcedProjection-passivation-race-entity-passivation-race-view]...
08:06:55.734 INFO  a.c.s.ClusterSingletonManager - Singleton manager starting singleton actor [akka://akka-runtime/system/sharding/sharded-daemon-process-eventSourcedProjection-passivation-race-entity-passivation-race-consumer-bCoordinator/singleton]
08:06:55.734 DEBUG a.c.singleton.ClusterSingletonProxy - Creating singleton identification timer...
08:06:55.734 INFO  a.c.s.ClusterSingletonManager - ClusterSingletonManager state change [Start -> Oldest]
08:06:55.734 DEBUG a.c.s.t.i.ShardedDaemonProcessCoordinator$ - eventSourcedProjection-passivation-race-entity-passivation-race-consumer-a: No previous state stored for Sharded Daemon Process
08:06:55.734 DEBUG a.c.singleton.ClusterSingletonProxy - Trying to identify singleton at [akka://akka-runtime@127.0.0.1:63158/system/singletonManagerShardedDaemonProcessCoordinator-eventSourcedProjection-passivation-race-entity-passivation-race-consumer-b/ShardedDaemonProcessCoordinator-eventSourcedProjection-passivation-race-entity-passivation-race-consumer-b]
08:06:55.734 DEBUG a.c.s.t.i.ShardedDaemonProcessCoordinator$ - Sending periodic keep alive for Sharded Daemon Process [eventSourcedProjection-passivation-race-entity-passivation-race-consumer-a] to [1] processes (revision [0]).
08:06:55.734 DEBUG a.c.sharding.DDataShardCoordinator - sharded-daemon-process-eventSourcedProjection-passivation-race-entity-passivation-race-consumer-b: Initial coordinator is empty.
08:06:55.734 INFO  a.c.sharding.DDataShardCoordinator - sharded-daemon-process-eventSourcedProjection-passivation-race-entity-passivation-race-consumer-b: ShardCoordinator was moved to the active state with [0] shards
08:06:55.734 DEBUG a.c.s.t.i.ShardedDaemonProcessCoordinator$ - ShardedDaemonProcessCoordinator for [eventSourcedProjection-passivation-race-entity-passivation-race-consumer-b] starting
08:06:55.734 INFO  a.c.s.ClusterSingletonManager - Singleton manager starting singleton actor [akka://akka-runtime/system/singletonManagerShardedDaemonProcessCoordinator-eventSourcedProjection-passivation-race-entity-passivation-race-consumer-b/ShardedDaemonProcessCoordinator-eventSourcedProjection-passivation-race-entity-passivation-race-consumer-b]
08:06:55.734 INFO  akka.cluster.sharding.ShardRegion - sharded-daemon-process-eventSourcedProjection-passivation-race-entity-passivation-race-view: Automatic entity passivation: disabled
08:06:55.734 INFO  a.c.s.ClusterSingletonManager - ClusterSingletonManager state change [Start -> Oldest]
08:06:55.734 DEBUG a.c.s.t.i.ShardedDaemonProcessCoordinator$ - eventSourcedProjection-passivation-race-entity-passivation-race-consumer-b: No previous state stored for Sharded Daemon Process
08:06:55.734 DEBUG a.c.s.t.i.ShardedDaemonProcessCoordinator$ - Sending periodic keep alive for Sharded Daemon Process [eventSourcedProjection-passivation-race-entity-passivation-race-consumer-b] to [1] processes (revision [0]).
08:06:55.734 DEBUG a.c.singleton.ClusterSingletonProxy - Creating singleton identification timer...
08:06:55.734 DEBUG a.c.singleton.ClusterSingletonProxy - Trying to identify singleton at [akka://akka-runtime@127.0.0.1:63158/system/singletonManagerShardedDaemonProcessCoordinator-eventSourcedProjection-passivation-race-entity-passivation-race-view/ShardedDaemonProcessCoordinator-eventSourcedProjection-passivation-race-entity-passivation-race-view]
08:06:55.735 INFO  a.c.s.ClusterSingletonManager - Singleton manager starting singleton actor [akka://akka-runtime/system/sharding/sharded-daemon-process-eventSourcedProjection-passivation-race-entity-passivation-race-viewCoordinator/singleton]
08:06:55.735 INFO  a.c.s.ClusterSingletonManager - ClusterSingletonManager state change [Start -> Oldest]
08:06:55.735 INFO  a.c.s.ClusterSingletonManager - Singleton manager starting singleton actor [akka://akka-runtime/system/singletonManagerShardedDaemonProcessCoordinator-eventSourcedProjection-passivation-race-entity-passivation-race-view/ShardedDaemonProcessCoordinator-eventSourcedProjection-passivation-race-entity-passivation-race-view]
08:06:55.735 INFO  a.c.s.ClusterSingletonManager - ClusterSingletonManager state change [Start -> Oldest]
08:06:55.735 DEBUG a.c.s.t.i.ShardedDaemonProcessCoordinator$ - ShardedDaemonProcessCoordinator for [eventSourcedProjection-passivation-race-entity-passivation-race-view] starting
08:06:55.735 DEBUG a.c.sharding.DDataShardCoordinator - sharded-daemon-process-eventSourcedProjection-passivation-race-entity-passivation-race-view: Initial coordinator is empty.
08:06:55.735 INFO  a.c.sharding.DDataShardCoordinator - sharded-daemon-process-eventSourcedProjection-passivation-race-entity-passivation-race-view: ShardCoordinator was moved to the active state with [0] shards
08:06:55.735 DEBUG a.c.s.t.i.ShardedDaemonProcessCoordinator$ - eventSourcedProjection-passivation-race-entity-passivation-race-view: No previous state stored for Sharded Daemon Process
08:06:55.735 DEBUG a.c.s.t.i.ShardedDaemonProcessCoordinator$ - Sending periodic keep alive for Sharded Daemon Process [eventSourcedProjection-passivation-race-entity-passivation-race-view] to [1] processes (revision [0]).
08:06:55.735 INFO  akka.runtime.DiscoveryManager - Akka Runtime started at 127.0.0.1:63156
08:06:55.735 INFO  repro.Bootstrap - onStartup burst of 8 starting
08:06:55.787 INFO  akka.javasdk.testkit.TestKit - Runtime started
08:06:55.787 INFO  akka.actor.CoordinatedShutdown - Running CoordinatedShutdown with reason [ActorSystemTerminateReason]
08:06:55.787 DEBUG akka.actor.CoordinatedShutdown - Performing phase [before-service-unbind] with [0] tasks
08:06:55.787 DEBUG akka.actor.CoordinatedShutdown - Performing phase [service-unbind] with [1] tasks.
08:06:55.787 DEBUG akka.actor.CoordinatedShutdown - Performing task [http-unbind-/127.0.0.1:63156] in CoordinatedShutdown phase [service-unbind]
08:06:55.787 DEBUG akka.actor.CoordinatedShutdown - Performing phase [service-requests-done] with [1] tasks.
08:06:55.787 DEBUG akka.actor.CoordinatedShutdown - Performing task [http-terminate-/127.0.0.1:63156] in CoordinatedShutdown phase [service-requests-done]
08:06:55.787 DEBUG akka.actor.CoordinatedShutdown - Performing phase [service-stop] with [1] tasks.
08:06:55.787 DEBUG akka.actor.CoordinatedShutdown - Performing task [stop-grpc-clients] in CoordinatedShutdown phase [service-stop]
08:06:55.788 DEBUG akka.actor.CoordinatedShutdown - Performing phase [before-cluster-shutdown] with [0] tasks
08:06:55.788 DEBUG akka.actor.CoordinatedShutdown - Performing phase [cluster-sharding-shutdown-region] with [5] tasks.
08:06:55.788 DEBUG akka.actor.CoordinatedShutdown - Performing task [region-shutdown] in CoordinatedShutdown phase [cluster-sharding-shutdown-region]
08:06:55.788 DEBUG akka.actor.CoordinatedShutdown - Performing task [region-shutdown] in CoordinatedShutdown phase [cluster-sharding-shutdown-region]
08:06:55.788 DEBUG akka.actor.CoordinatedShutdown - Performing task [region-shutdown] in CoordinatedShutdown phase [cluster-sharding-shutdown-region]
08:06:55.788 DEBUG akka.actor.CoordinatedShutdown - Performing task [region-shutdown] in CoordinatedShutdown phase [cluster-sharding-shutdown-region]
08:06:55.788 DEBUG akka.actor.CoordinatedShutdown - Performing task [region-shutdown] in CoordinatedShutdown phase [cluster-sharding-shutdown-region]
08:06:55.788 DEBUG a.c.sharding.DDataShardCoordinator - sharded-daemon-process-eventSourcedProjection-passivation-race-entity-passivation-race-view: Unknown region requested graceful shutdown [Actor[akka://akka-runtime/system/sharding/sharded-daemon-process-eventSourcedProjection-passivation-race-entity-passivation-race-view#-1113029182]]
08:06:55.788 DEBUG a.c.sharding.DDataShardCoordinator - sharded-daemon-process-eventSourcedProjection-passivation-race-entity-passivation-race-consumer-b: Unknown region requested graceful shutdown [Actor[akka://akka-runtime/system/sharding/sharded-daemon-process-eventSourcedProjection-passivation-race-entity-passivation-race-consumer-b#-1688609998]]
08:06:55.788 DEBUG a.c.sharding.DDataShardCoordinator - sharded-daemon-process-eventSourcedProjection-passivation-race-entity-passivation-race-consumer-a: Unknown region requested graceful shutdown [Actor[akka://akka-runtime/system/sharding/sharded-daemon-process-eventSourcedProjection-passivation-race-entity-passivation-race-consumer-a#-328709592]]
08:06:55.788 DEBUG a.c.sharding.DDataShardCoordinator - _timer: Unknown region requested graceful shutdown [Actor[akka://akka-runtime/system/sharding/_timer#-1326696164]]
08:06:55.788 DEBUG a.c.sharding.DDataShardCoordinator - passivation-race-entity: Unknown region requested graceful shutdown [Actor[akka://akka-runtime/system/sharding/passivation-race-entity#-1403674119]]
08:06:55.795 DEBUG a.c.singleton.ClusterSingletonProxy - Trying to identify singleton at [akka://akka-runtime@127.0.0.1:63158/system/singletonManagerShardedDaemonProcessCoordinator-eventSourcedProjection-passivation-race-entity-passivation-race-consumer-a/ShardedDaemonProcessCoordinator-eventSourcedProjection-passivation-race-entity-passivation-race-consumer-a]
08:06:55.795 DEBUG a.c.singleton.ClusterSingletonProxy - Trying to identify singleton at [akka://akka-runtime@127.0.0.1:63158/system/singletonManagerShardedDaemonProcessCoordinator-eventSourcedProjection-passivation-race-entity-passivation-race-consumer-b/ShardedDaemonProcessCoordinator-eventSourcedProjection-passivation-race-entity-passivation-race-consumer-b]
08:06:55.795 DEBUG a.c.singleton.ClusterSingletonProxy - Trying to identify singleton at [akka://akka-runtime@127.0.0.1:63158/system/singletonManagerShardedDaemonProcessCoordinator-eventSourcedProjection-passivation-race-entity-passivation-race-view/ShardedDaemonProcessCoordinator-eventSourcedProjection-passivation-race-entity-passivation-race-view]
08:06:55.795 INFO  a.c.singleton.ClusterSingletonProxy - Singleton identified at [akka://akka-runtime/system/singletonManagerShardedDaemonProcessCoordinator-eventSourcedProjection-passivation-race-entity-passivation-race-consumer-a/ShardedDaemonProcessCoordinator-eventSourcedProjection-passivation-race-entity-passivation-race-consumer-a]
08:06:55.795 INFO  a.c.singleton.ClusterSingletonProxy - Singleton identified at [akka://akka-runtime/system/singletonManagerShardedDaemonProcessCoordinator-eventSourcedProjection-passivation-race-entity-passivation-race-consumer-b/ShardedDaemonProcessCoordinator-eventSourcedProjection-passivation-race-entity-passivation-race-consumer-b]
08:06:55.795 DEBUG a.c.singleton.ClusterSingletonProxy - Sending buffered messages to current singleton instance
08:06:55.795 DEBUG a.c.singleton.ClusterSingletonProxy - Sending buffered messages to current singleton instance
08:06:55.795 INFO  a.c.singleton.ClusterSingletonProxy - Singleton identified at [akka://akka-runtime/system/singletonManagerShardedDaemonProcessCoordinator-eventSourcedProjection-passivation-race-entity-passivation-race-view/ShardedDaemonProcessCoordinator-eventSourcedProjection-passivation-race-entity-passivation-race-view]
08:06:55.795 DEBUG a.c.singleton.ClusterSingletonProxy - Sending buffered messages to current singleton instance
08:06:55.995 DEBUG a.c.sharding.DDataShardCoordinator - sharded-daemon-process-eventSourcedProjection-passivation-race-entity-passivation-race-consumer-a: ShardRegion registered: [Actor[akka://akka-runtime/system/sharding/sharded-daemon-process-eventSourcedProjection-passivation-race-entity-passivation-race-consumer-a#-328709592]]
08:06:55.995 DEBUG a.c.sharding.DDataShardCoordinator - sharded-daemon-process-eventSourcedProjection-passivation-race-entity-passivation-race-consumer-b: ShardRegion registered: [Actor[akka://akka-runtime/system/sharding/sharded-daemon-process-eventSourcedProjection-passivation-race-entity-passivation-race-consumer-b#-1688609998]]
08:06:55.995 DEBUG a.c.sharding.DDataShardCoordinator - passivation-race-entity: ShardRegion registered: [Actor[akka://akka-runtime/system/sharding/passivation-race-entity#-1403674119]]
08:06:55.995 DEBUG a.c.sharding.DDataShardCoordinator - sharded-daemon-process-eventSourcedProjection-passivation-race-entity-passivation-race-view: ShardRegion registered: [Actor[akka://akka-runtime/system/sharding/sharded-daemon-process-eventSourcedProjection-passivation-race-entity-passivation-race-view#-1113029182]]
08:06:55.996 DEBUG a.c.sharding.DDataShardCoordinator - passivation-race-entity: The coordinator state was successfully updated with ShardRegionRegistered(Actor[akka://akka-runtime/system/sharding/passivation-race-entity#-1403674119])
08:06:55.996 DEBUG a.c.sharding.DDataShardCoordinator - sharded-daemon-process-eventSourcedProjection-passivation-race-entity-passivation-race-consumer-b: The coordinator state was successfully updated with ShardRegionRegistered(Actor[akka://akka-runtime/system/sharding/sharded-daemon-process-eventSourcedProjection-passivation-race-entity-passivation-race-consumer-b#-1688609998])
08:06:55.996 DEBUG a.c.sharding.DDataShardCoordinator - sharded-daemon-process-eventSourcedProjection-passivation-race-entity-passivation-race-consumer-a: The coordinator state was successfully updated with ShardRegionRegistered(Actor[akka://akka-runtime/system/sharding/sharded-daemon-process-eventSourcedProjection-passivation-race-entity-passivation-race-consumer-a#-328709592])
08:06:55.996 DEBUG a.c.sharding.DDataShardCoordinator - sharded-daemon-process-eventSourcedProjection-passivation-race-entity-passivation-race-view: The coordinator state was successfully updated with ShardRegionRegistered(Actor[akka://akka-runtime/system/sharding/sharded-daemon-process-eventSourcedProjection-passivation-race-entity-passivation-race-view#-1113029182])
08:06:55.996 DEBUG a.c.sharding.DDataShardCoordinator - sharded-daemon-process-eventSourcedProjection-passivation-race-entity-passivation-race-view: The coordinator state was successfully updated with ShardHomeAllocated(0,Actor[akka://akka-runtime/system/sharding/sharded-daemon-process-eventSourcedProjection-passivation-race-entity-passivation-race-view#-1113029182])
08:06:55.996 DEBUG a.c.sharding.DDataShardCoordinator - sharded-daemon-process-eventSourcedProjection-passivation-race-entity-passivation-race-consumer-b: The coordinator state was successfully updated with ShardHomeAllocated(0,Actor[akka://akka-runtime/system/sharding/sharded-daemon-process-eventSourcedProjection-passivation-race-entity-passivation-race-consumer-b#-1688609998])
08:06:55.996 DEBUG a.c.sharding.DDataShardCoordinator - passivation-race-entity: The coordinator state was successfully updated with ShardHomeAllocated(230,Actor[akka://akka-runtime/system/sharding/passivation-race-entity#-1403674119])
08:06:55.996 DEBUG a.c.sharding.DDataShardCoordinator - sharded-daemon-process-eventSourcedProjection-passivation-race-entity-passivation-race-consumer-a: The coordinator state was successfully updated with ShardHomeAllocated(0,Actor[akka://akka-runtime/system/sharding/sharded-daemon-process-eventSourcedProjection-passivation-race-entity-passivation-race-consumer-a#-328709592])
08:06:55.996 DEBUG a.c.sharding.DDataShardCoordinator - sharded-daemon-process-eventSourcedProjection-passivation-race-entity-passivation-race-consumer-a: Shard [0] allocated at [Actor[akka://akka-runtime/system/sharding/sharded-daemon-process-eventSourcedProjection-passivation-race-entity-passivation-race-consumer-a#-328709592]]
08:06:55.996 DEBUG a.c.sharding.DDataShardCoordinator - sharded-daemon-process-eventSourcedProjection-passivation-race-entity-passivation-race-view: Shard [0] allocated at [Actor[akka://akka-runtime/system/sharding/sharded-daemon-process-eventSourcedProjection-passivation-race-entity-passivation-race-view#-1113029182]]
08:06:55.996 DEBUG a.c.sharding.DDataShardCoordinator - sharded-daemon-process-eventSourcedProjection-passivation-race-entity-passivation-race-consumer-b: Shard [0] allocated at [Actor[akka://akka-runtime/system/sharding/sharded-daemon-process-eventSourcedProjection-passivation-race-entity-passivation-race-consumer-b#-1688609998]]
08:06:55.996 DEBUG a.c.sharding.DDataShardCoordinator - passivation-race-entity: Shard [230] allocated at [Actor[akka://akka-runtime/system/sharding/passivation-race-entity#-1403674119]]
08:06:55.996 DEBUG a.c.sharding.DDataShardCoordinator - passivation-race-entity: Graceful shutdown of region [Actor[akka://akka-runtime/system/sharding/passivation-race-entity#-1403674119]] with [1] shards
08:06:55.996 INFO  a.c.sharding.DDataShardCoordinator - passivation-race-entity: Starting shutting down shards [230] due to region shutting down or explicit stopping of shards.
08:06:55.996 DEBUG a.c.sharding.DDataShardCoordinator - sharded-daemon-process-eventSourcedProjection-passivation-race-entity-passivation-race-view: Graceful shutdown of region [Actor[akka://akka-runtime/system/sharding/sharded-daemon-process-eventSourcedProjection-passivation-race-entity-passivation-race-view#-1113029182]] with [1] shards
08:06:55.996 INFO  a.c.sharding.DDataShardCoordinator - sharded-daemon-process-eventSourcedProjection-passivation-race-entity-passivation-race-view: Starting shutting down shards [0] due to region shutting down or explicit stopping of shards.
08:06:55.996 DEBUG a.c.sharding.DDataShardCoordinator - sharded-daemon-process-eventSourcedProjection-passivation-race-entity-passivation-race-consumer-a: Graceful shutdown of region [Actor[akka://akka-runtime/system/sharding/sharded-daemon-process-eventSourcedProjection-passivation-race-entity-passivation-race-consumer-a#-328709592]] with [1] shards
08:06:55.996 INFO  a.c.sharding.DDataShardCoordinator - sharded-daemon-process-eventSourcedProjection-passivation-race-entity-passivation-race-consumer-a: Starting shutting down shards [0] due to region shutting down or explicit stopping of shards.
08:06:55.996 DEBUG a.c.sharding.DDataShardCoordinator - sharded-daemon-process-eventSourcedProjection-passivation-race-entity-passivation-race-consumer-b: Graceful shutdown of region [Actor[akka://akka-runtime/system/sharding/sharded-daemon-process-eventSourcedProjection-passivation-race-entity-passivation-race-consumer-b#-1688609998]] with [1] shards
08:06:55.996 INFO  a.c.sharding.DDataShardCoordinator - sharded-daemon-process-eventSourcedProjection-passivation-race-entity-passivation-race-consumer-b: Starting shutting down shards [0] due to region shutting down or explicit stopping of shards.
08:06:55.996 DEBUG a.c.s.ShardCoordinator$RebalanceWorker - sharded-daemon-process-eventSourcedProjection-passivation-race-entity-passivation-race-consumer-b: Shutting down shard [0] from region [Actor[akka://akka-runtime/system/sharding/sharded-daemon-process-eventSourcedProjection-passivation-race-entity-passivation-race-consumer-b#-1688609998]]. Asking [1] region(s) to hand-off shard
08:06:55.996 DEBUG a.c.s.ShardCoordinator$RebalanceWorker - sharded-daemon-process-eventSourcedProjection-passivation-race-entity-passivation-race-consumer-a: Shutting down shard [0] from region [Actor[akka://akka-runtime/system/sharding/sharded-daemon-process-eventSourcedProjection-passivation-race-entity-passivation-race-consumer-a#-328709592]]. Asking [1] region(s) to hand-off shard
08:06:55.996 DEBUG a.c.s.ShardCoordinator$RebalanceWorker - sharded-daemon-process-eventSourcedProjection-passivation-race-entity-passivation-race-view: Shutting down shard [0] from region [Actor[akka://akka-runtime/system/sharding/sharded-daemon-process-eventSourcedProjection-passivation-race-entity-passivation-race-view#-1113029182]]. Asking [1] region(s) to hand-off shard
08:06:55.996 DEBUG akka.cluster.sharding.Shard - sharded-daemon-process-eventSourcedProjection-passivation-race-entity-passivation-race-consumer-b: Shard initialized
08:06:55.996 DEBUG akka.cluster.sharding.Shard - sharded-daemon-process-eventSourcedProjection-passivation-race-entity-passivation-race-view: Shard initialized
08:06:55.996 DEBUG a.c.s.ShardCoordinator$RebalanceWorker - passivation-race-entity: Shutting down shard [230] from region [Actor[akka://akka-runtime/system/sharding/passivation-race-entity#-1403674119]]. Asking [1] region(s) to hand-off shard
08:06:55.996 DEBUG akka.cluster.sharding.Shard - sharded-daemon-process-eventSourcedProjection-passivation-race-entity-passivation-race-consumer-a: Shard initialized
08:06:55.996 DEBUG a.c.s.ShardCoordinator$RebalanceWorker - passivation-race-entity: BeginHandOffAck for shard [230] received from [Actor[akka://akka-runtime/system/sharding/passivation-race-entity#-1403674119]].
08:06:55.996 DEBUG a.c.s.ShardCoordinator$RebalanceWorker - passivation-race-entity: All shard regions acked, handing off shard [230].
08:06:55.996 DEBUG a.c.s.ShardCoordinator$RebalanceWorker - sharded-daemon-process-eventSourcedProjection-passivation-race-entity-passivation-race-view: BeginHandOffAck for shard [0] received from [Actor[akka://akka-runtime/system/sharding/sharded-daemon-process-eventSourcedProjection-passivation-race-entity-passivation-race-view#-1113029182]].
08:06:55.996 DEBUG a.c.s.ShardCoordinator$RebalanceWorker - sharded-daemon-process-eventSourcedProjection-passivation-race-entity-passivation-race-consumer-a: BeginHandOffAck for shard [0] received from [Actor[akka://akka-runtime/system/sharding/sharded-daemon-process-eventSourcedProjection-passivation-race-entity-passivation-race-consumer-a#-328709592]].
08:06:55.996 DEBUG a.c.s.ShardCoordinator$RebalanceWorker - sharded-daemon-process-eventSourcedProjection-passivation-race-entity-passivation-race-view: All shard regions acked, handing off shard [0].
08:06:55.996 DEBUG a.c.s.ShardCoordinator$RebalanceWorker - sharded-daemon-process-eventSourcedProjection-passivation-race-entity-passivation-race-consumer-a: All shard regions acked, handing off shard [0].
08:06:55.996 DEBUG a.c.s.ShardCoordinator$RebalanceWorker - sharded-daemon-process-eventSourcedProjection-passivation-race-entity-passivation-race-consumer-b: BeginHandOffAck for shard [0] received from [Actor[akka://akka-runtime/system/sharding/sharded-daemon-process-eventSourcedProjection-passivation-race-entity-passivation-race-consumer-b#-1688609998]].
08:06:55.996 DEBUG akka.cluster.sharding.Shard - sharded-daemon-process-eventSourcedProjection-passivation-race-entity-passivation-race-consumer-b: Request to start entity [0] and ack to [Some(Actor[akka://akka-runtime/deadLetters])]
08:06:55.996 DEBUG akka.cluster.sharding.Shard - sharded-daemon-process-eventSourcedProjection-passivation-race-entity-passivation-race-view: Request to start entity [0] and ack to [Some(Actor[akka://akka-runtime/deadLetters])]
08:06:55.996 DEBUG a.c.s.ShardCoordinator$RebalanceWorker - sharded-daemon-process-eventSourcedProjection-passivation-race-entity-passivation-race-consumer-b: All shard regions acked, handing off shard [0].
08:06:55.996 DEBUG akka.cluster.sharding.Shard - sharded-daemon-process-eventSourcedProjection-passivation-race-entity-passivation-race-consumer-a: Request to start entity [0] and ack to [Some(Actor[akka://akka-runtime/deadLetters])]
08:06:55.996 WARN  akka.cluster.sharding.ShardRegion - passivation-race-entity: Dropping [1] buffered messages to shard [230] during hand off to avoid re-ordering
08:06:55.996 DEBUG akka.cluster.sharding.Shard - passivation-race-entity: Shard initialized
08:06:55.996 DEBUG akka.cluster.sharding.Shard - sharded-daemon-process-eventSourcedProjection-passivation-race-entity-passivation-race-view: Started entity [Actor[akka://akka-runtime/system/sharding/sharded-daemon-process-eventSourcedProjection-passivation-race-entity-passivation-race-view/0/0#1656536766]] with entity id [0] in shard [0]
08:06:55.996 DEBUG akka.cluster.sharding.Shard - sharded-daemon-process-eventSourcedProjection-passivation-race-entity-passivation-race-consumer-b: Started entity [Actor[akka://akka-runtime/system/sharding/sharded-daemon-process-eventSourcedProjection-passivation-race-entity-passivation-race-consumer-b/0/0#-1431401740]] with entity id [0] in shard [0]
08:06:55.996 DEBUG akka.cluster.sharding.Shard - sharded-daemon-process-eventSourcedProjection-passivation-race-entity-passivation-race-consumer-a: Started entity [Actor[akka://akka-runtime/system/sharding/sharded-daemon-process-eventSourcedProjection-passivation-race-entity-passivation-race-consumer-a/0/0#421833241]] with entity id [0] in shard [0]
08:06:55.996 DEBUG akka.cluster.sharding.Shard - sharded-daemon-process-eventSourcedProjection-passivation-race-entity-passivation-race-view: HandOff shard [0]
08:06:55.996 DEBUG akka.cluster.sharding.Shard - sharded-daemon-process-eventSourcedProjection-passivation-race-entity-passivation-race-consumer-b: HandOff shard [0]
08:06:55.996 DEBUG akka.cluster.sharding.Shard - sharded-daemon-process-eventSourcedProjection-passivation-race-entity-passivation-race-consumer-a: HandOff shard [0]
08:06:55.996 DEBUG akka.cluster.sharding.Shard - passivation-race-entity: HandOff shard [230]
08:06:55.996 DEBUG akka.cluster.sharding.Shard - sharded-daemon-process-eventSourcedProjection-passivation-race-entity-passivation-race-view: Starting HandOffStopper for shard [0] to terminate [1] entities.
08:06:55.996 DEBUG akka.cluster.sharding.Shard - sharded-daemon-process-eventSourcedProjection-passivation-race-entity-passivation-race-consumer-b: Starting HandOffStopper for shard [0] to terminate [1] entities.
08:06:55.996 DEBUG akka.cluster.sharding.Shard - sharded-daemon-process-eventSourcedProjection-passivation-race-entity-passivation-race-consumer-a: Starting HandOffStopper for shard [0] to terminate [1] entities.
08:06:55.996 DEBUG akka.cluster.sharding.Shard - passivation-race-entity: Shard [230] shutting down
08:06:55.997 DEBUG a.c.s.t.i.ShardedDaemonProcessState$ - eventSourcedProjection-passivation-race-entity-passivation-race-consumer-a: Deferred start of worker to verify its revision [0] is the latest
08:06:55.997 DEBUG a.c.sharding.DDataShardCoordinator - passivation-race-entity: Shard [230] deallocation completed successfully.
08:06:55.997 DEBUG a.c.s.t.i.ShardedDaemonProcessState$ - eventSourcedProjection-passivation-race-entity-passivation-race-consumer-b: Deferred start of worker to verify its revision [0] is the latest
08:06:55.997 DEBUG a.c.s.t.i.ShardedDaemonProcessState$ - eventSourcedProjection-passivation-race-entity-passivation-race-view: Deferred start of worker to verify its revision [0] is the latest
08:06:55.997 INFO  a.c.s.t.i.ShardedDaemonProcessState$ - eventSourcedProjection-passivation-race-entity-passivation-race-consumer-a: Starting Sharded Daemon Process [0] out of a total [1] (revision [0] and no state found)
08:06:55.997 INFO  a.c.s.t.i.ShardedDaemonProcessState$ - eventSourcedProjection-passivation-race-entity-passivation-race-view: Starting Sharded Daemon Process [0] out of a total [1] (revision [0] and no state found)
08:06:55.997 INFO  a.c.s.t.i.ShardedDaemonProcessState$ - eventSourcedProjection-passivation-race-entity-passivation-race-consumer-b: Starting Sharded Daemon Process [0] out of a total [1] (revision [0] and no state found)
08:06:55.997 DEBUG a.c.sharding.DDataShardCoordinator - passivation-race-entity: The coordinator state was successfully updated with ShardHomeDeallocated(230)
08:06:55.997 DEBUG a.c.sharding.DDataShardCoordinator - passivation-race-entity: Shard [230] deallocated after
08:06:55.997 DEBUG a.c.sharding.DDataShardCoordinator - passivation-race-entity: ShardRegion terminated (gracefully): [Actor[akka://akka-runtime/system/sharding/passivation-race-entity#-1403674119]] {}
08:06:55.997 DEBUG a.c.sharding.DDataShardCoordinator - passivation-race-entity: GetShardHome [230] request from [Actor[akka://local/ignore]] stashed, because waiting for initial state or update of state. It will be handled afterwards.
08:06:55.997 DEBUG a.c.sharding.DDataShardCoordinator - passivation-race-entity: The coordinator state was successfully updated with ShardRegionTerminated(Actor[akka://akka-runtime/system/sharding/passivation-race-entity#-1403674119])
08:06:55.997 DEBUG a.c.sharding.DDataShardCoordinator - passivation-race-entity: ShardRegion stopped: [Actor[akka://akka-runtime/system/sharding/passivation-race-entity#-1403674119]]
08:06:56.764 WARN  a.c.s.ShardRegion$HandOffStopper - sharded-daemon-process-eventSourcedProjection-passivation-race-entity-passivation-race-view: [1] of the entities in shard [0] not stopped after [750 milliseconds]. Maybe the handOffStopMessage [akka.projection.ProjectionBehavior$Stop$] is not handled? Waiting additional [250 milliseconds] before stopping the remaining entities.
08:06:56.764 WARN  a.c.s.ShardRegion$HandOffStopper - sharded-daemon-process-eventSourcedProjection-passivation-race-entity-passivation-race-consumer-b: [1] of the entities in shard [0] not stopped after [750 milliseconds]. Maybe the handOffStopMessage [akka.projection.ProjectionBehavior$Stop$] is not handled? Waiting additional [250 milliseconds] before stopping the remaining entities.
08:06:56.764 WARN  a.c.s.ShardRegion$HandOffStopper - sharded-daemon-process-eventSourcedProjection-passivation-race-entity-passivation-race-consumer-a: [1] of the entities in shard [0] not stopped after [750 milliseconds]. Maybe the handOffStopMessage [akka.projection.ProjectionBehavior$Stop$] is not handled? Waiting additional [250 milliseconds] before stopping the remaining entities.
08:06:57.013 WARN  a.c.s.ShardRegion$HandOffStopper - sharded-daemon-process-eventSourcedProjection-passivation-race-entity-passivation-race-view: HandOffStopMessage [akka.projection.ProjectionBehavior$Stop$] is not handled by some of the entities in shard [0] after [1 second], stopping the remaining [1] entities.
08:06:57.013 WARN  a.c.s.ShardRegion$HandOffStopper - sharded-daemon-process-eventSourcedProjection-passivation-race-entity-passivation-race-consumer-a: HandOffStopMessage [akka.projection.ProjectionBehavior$Stop$] is not handled by some of the entities in shard [0] after [1 second], stopping the remaining [1] entities.
08:06:57.013 WARN  a.c.s.ShardRegion$HandOffStopper - sharded-daemon-process-eventSourcedProjection-passivation-race-entity-passivation-race-consumer-b: HandOffStopMessage [akka.projection.ProjectionBehavior$Stop$] is not handled by some of the entities in shard [0] after [1 second], stopping the remaining [1] entities.
08:06:57.014 DEBUG akka.cluster.sharding.Shard - sharded-daemon-process-eventSourcedProjection-passivation-race-entity-passivation-race-consumer-b: Shard [0] shutting down
08:06:57.014 DEBUG a.c.sharding.DDataShardCoordinator - sharded-daemon-process-eventSourcedProjection-passivation-race-entity-passivation-race-consumer-b: Shard [0] deallocation completed successfully.
08:06:57.014 DEBUG akka.cluster.sharding.Shard - sharded-daemon-process-eventSourcedProjection-passivation-race-entity-passivation-race-view: Shard [0] shutting down
08:06:57.014 DEBUG a.c.sharding.DDataShardCoordinator - sharded-daemon-process-eventSourcedProjection-passivation-race-entity-passivation-race-view: Shard [0] deallocation completed successfully.
08:06:57.014 DEBUG akka.cluster.sharding.Shard - sharded-daemon-process-eventSourcedProjection-passivation-race-entity-passivation-race-consumer-a: Shard [0] shutting down
08:06:57.014 DEBUG a.c.sharding.DDataShardCoordinator - sharded-daemon-process-eventSourcedProjection-passivation-race-entity-passivation-race-consumer-a: Shard [0] deallocation completed successfully.
08:06:57.014 DEBUG akka.actor.CoordinatedShutdown - Performing phase [cluster-leave] with [1] tasks.
08:06:57.014 DEBUG akka.actor.CoordinatedShutdown - Performing task [leave] in CoordinatedShutdown phase [cluster-leave]
08:06:57.014 DEBUG a.c.sharding.DDataShardCoordinator - sharded-daemon-process-eventSourcedProjection-passivation-race-entity-passivation-race-consumer-b: The coordinator state was successfully updated with ShardHomeDeallocated(0)
08:06:57.014 DEBUG a.c.sharding.DDataShardCoordinator - sharded-daemon-process-eventSourcedProjection-passivation-race-entity-passivation-race-view: The coordinator state was successfully updated with ShardHomeDeallocated(0)
08:06:57.014 DEBUG a.c.sharding.DDataShardCoordinator - sharded-daemon-process-eventSourcedProjection-passivation-race-entity-passivation-race-view: Shard [0] deallocated after
08:06:57.014 DEBUG a.c.sharding.DDataShardCoordinator - sharded-daemon-process-eventSourcedProjection-passivation-race-entity-passivation-race-consumer-b: Shard [0] deallocated after
08:06:57.014 DEBUG a.c.sharding.DDataShardCoordinator - sharded-daemon-process-eventSourcedProjection-passivation-race-entity-passivation-race-consumer-a: The coordinator state was successfully updated with ShardHomeDeallocated(0)
08:06:57.014 DEBUG a.c.sharding.DDataShardCoordinator - sharded-daemon-process-eventSourcedProjection-passivation-race-entity-passivation-race-consumer-a: Shard [0] deallocated after
08:06:57.014 DEBUG a.c.sharding.DDataShardCoordinator - sharded-daemon-process-eventSourcedProjection-passivation-race-entity-passivation-race-consumer-b: ShardRegion terminated (gracefully): [Actor[akka://akka-runtime/system/sharding/sharded-daemon-process-eventSourcedProjection-passivation-race-entity-passivation-race-consumer-b#-1688609998]] {}
08:06:57.014 DEBUG a.c.sharding.DDataShardCoordinator - sharded-daemon-process-eventSourcedProjection-passivation-race-entity-passivation-race-view: ShardRegion terminated (gracefully): [Actor[akka://akka-runtime/system/sharding/sharded-daemon-process-eventSourcedProjection-passivation-race-entity-passivation-race-view#-1113029182]] {}
08:06:57.014 DEBUG a.c.sharding.DDataShardCoordinator - sharded-daemon-process-eventSourcedProjection-passivation-race-entity-passivation-race-consumer-a: ShardRegion terminated (gracefully): [Actor[akka://akka-runtime/system/sharding/sharded-daemon-process-eventSourcedProjection-passivation-race-entity-passivation-race-consumer-a#-328709592]] {}
08:06:57.014 DEBUG a.c.sharding.DDataShardCoordinator - sharded-daemon-process-eventSourcedProjection-passivation-race-entity-passivation-race-consumer-b: GetShardHome [0] request from [Actor[akka://local/ignore]] stashed, because waiting for initial state or update of state. It will be handled afterwards.
08:06:57.014 DEBUG a.c.sharding.DDataShardCoordinator - sharded-daemon-process-eventSourcedProjection-passivation-race-entity-passivation-race-consumer-a: GetShardHome [0] request from [Actor[akka://local/ignore]] stashed, because waiting for initial state or update of state. It will be handled afterwards.
08:06:57.014 DEBUG a.c.sharding.DDataShardCoordinator - sharded-daemon-process-eventSourcedProjection-passivation-race-entity-passivation-race-view: GetShardHome [0] request from [Actor[akka://local/ignore]] stashed, because waiting for initial state or update of state. It will be handled afterwards.
08:06:57.014 DEBUG a.c.sharding.DDataShardCoordinator - sharded-daemon-process-eventSourcedProjection-passivation-race-entity-passivation-race-view: The coordinator state was successfully updated with ShardRegionTerminated(Actor[akka://akka-runtime/system/sharding/sharded-daemon-process-eventSourcedProjection-passivation-race-entity-passivation-race-view#-1113029182])
08:06:57.014 DEBUG a.c.sharding.DDataShardCoordinator - sharded-daemon-process-eventSourcedProjection-passivation-race-entity-passivation-race-consumer-a: The coordinator state was successfully updated with ShardRegionTerminated(Actor[akka://akka-runtime/system/sharding/sharded-daemon-process-eventSourcedProjection-passivation-race-entity-passivation-race-consumer-a#-328709592])
08:06:57.014 DEBUG a.c.sharding.DDataShardCoordinator - sharded-daemon-process-eventSourcedProjection-passivation-race-entity-passivation-race-consumer-b: The coordinator state was successfully updated with ShardRegionTerminated(Actor[akka://akka-runtime/system/sharding/sharded-daemon-process-eventSourcedProjection-passivation-race-entity-passivation-race-consumer-b#-1688609998])
08:06:57.014 DEBUG a.c.sharding.DDataShardCoordinator - sharded-daemon-process-eventSourcedProjection-passivation-race-entity-passivation-race-view: ShardRegion stopped: [Actor[akka://akka-runtime/system/sharding/sharded-daemon-process-eventSourcedProjection-passivation-race-entity-passivation-race-view#-1113029182]]
08:06:57.014 DEBUG a.c.sharding.DDataShardCoordinator - sharded-daemon-process-eventSourcedProjection-passivation-race-entity-passivation-race-consumer-b: ShardRegion stopped: [Actor[akka://akka-runtime/system/sharding/sharded-daemon-process-eventSourcedProjection-passivation-race-entity-passivation-race-consumer-b#-1688609998]]
08:06:57.014 DEBUG a.c.sharding.DDataShardCoordinator - sharded-daemon-process-eventSourcedProjection-passivation-race-entity-passivation-race-consumer-a: ShardRegion stopped: [Actor[akka://akka-runtime/system/sharding/sharded-daemon-process-eventSourcedProjection-passivation-race-entity-passivation-race-consumer-a#-328709592]]
08:06:57.014 DEBUG akka.actor.CoordinatedShutdown - Performing phase [cluster-exiting] with [28] tasks.
08:06:57.014 DEBUG akka.actor.CoordinatedShutdown - Performing task [singleton-exiting-2] in CoordinatedShutdown phase [cluster-exiting]
08:06:57.014 DEBUG akka.actor.CoordinatedShutdown - Performing task [singleton-exiting-1] in CoordinatedShutdown phase [cluster-exiting]
08:06:57.014 INFO  a.c.s.ClusterSingletonManager - Exited [akka://akka-runtime@127.0.0.1:63158].
08:06:57.014 DEBUG akka.actor.CoordinatedShutdown - Performing task [wait-singleton-exiting] in CoordinatedShutdown phase [cluster-exiting]
08:06:57.014 DEBUG akka.actor.CoordinatedShutdown - Performing task [wait-singleton-exiting] in CoordinatedShutdown phase [cluster-exiting]
08:06:57.014 DEBUG akka.actor.CoordinatedShutdown - Performing task [singleton-exiting-2] in CoordinatedShutdown phase [cluster-exiting]
08:06:57.014 DEBUG akka.actor.CoordinatedShutdown - Performing task [wait-exiting] in CoordinatedShutdown phase [cluster-exiting]
08:06:57.015 DEBUG akka.actor.CoordinatedShutdown - Performing task [wait-singleton-exiting] in CoordinatedShutdown phase [cluster-exiting]
08:06:57.015 DEBUG akka.actor.CoordinatedShutdown - Performing task [singleton-exiting-1] in CoordinatedShutdown phase [cluster-exiting]
08:06:57.015 INFO  a.c.s.ClusterSingletonManager - Exited [akka://akka-runtime@127.0.0.1:63158].
08:06:57.015 INFO  a.c.s.ClusterSingletonManager - Oldest observed OldestChanged: [akka://akka-runtime@127.0.0.1:63158 -> None]
08:06:57.015 DEBUG akka.actor.CoordinatedShutdown - Performing task [singleton-exiting-1] in CoordinatedShutdown phase [cluster-exiting]
08:06:57.015 DEBUG akka.actor.CoordinatedShutdown - Performing task [wait-singleton-exiting] in CoordinatedShutdown phase [cluster-exiting]
08:06:57.015 DEBUG akka.actor.CoordinatedShutdown - Performing task [wait-singleton-exiting] in CoordinatedShutdown phase [cluster-exiting]
08:06:57.015 DEBUG akka.actor.CoordinatedShutdown - Performing task [singleton-exiting-1] in CoordinatedShutdown phase [cluster-exiting]
08:06:57.015 DEBUG akka.actor.CoordinatedShutdown - Performing task [wait-singleton-exiting] in CoordinatedShutdown phase [cluster-exiting]
08:06:57.015 INFO  a.c.s.ClusterSingletonManager - Oldest observed OldestChanged: [akka://akka-runtime@127.0.0.1:63158 -> None]
08:06:57.015 DEBUG akka.actor.CoordinatedShutdown - Performing task [singleton-exiting-1] in CoordinatedShutdown phase [cluster-exiting]
08:06:57.015 INFO  a.c.s.ClusterSingletonManager - ClusterSingletonManager state change [Oldest -> WasOldest]
08:06:57.015 DEBUG akka.actor.CoordinatedShutdown - Performing task [singleton-exiting-2] in CoordinatedShutdown phase [cluster-exiting]
08:06:57.015 INFO  a.c.s.ClusterSingletonManager - ClusterSingletonManager state change [Oldest -> WasOldest]
08:06:57.015 DEBUG akka.actor.CoordinatedShutdown - Performing task [singleton-exiting-2] in CoordinatedShutdown phase [cluster-exiting]
08:06:57.015 DEBUG akka.actor.CoordinatedShutdown - Performing task [singleton-exiting-2] in CoordinatedShutdown phase [cluster-exiting]
08:06:57.015 DEBUG akka.actor.CoordinatedShutdown - Performing task [singleton-exiting-1] in CoordinatedShutdown phase [cluster-exiting]
08:06:57.015 INFO  a.c.s.ClusterSingletonManager - Exited [akka://akka-runtime@127.0.0.1:63158].
08:06:57.015 DEBUG akka.actor.CoordinatedShutdown - Performing task [singleton-exiting-2] in CoordinatedShutdown phase [cluster-exiting]
08:06:57.015 INFO  a.c.s.ClusterSingletonManager - Exited [akka://akka-runtime@127.0.0.1:63158].
08:06:57.015 DEBUG akka.actor.CoordinatedShutdown - Performing task [wait-singleton-exiting] in CoordinatedShutdown phase [cluster-exiting]
08:06:57.015 INFO  a.c.s.ClusterSingletonManager - Oldest observed OldestChanged: [akka://akka-runtime@127.0.0.1:63158 -> None]
08:06:57.015 DEBUG akka.actor.CoordinatedShutdown - Performing task [singleton-exiting-1] in CoordinatedShutdown phase [cluster-exiting]
08:06:57.015 INFO  a.c.s.ClusterSingletonManager - Exited [akka://akka-runtime@127.0.0.1:63158].
08:06:57.015 INFO  a.c.s.ClusterSingletonManager - Oldest observed OldestChanged: [akka://akka-runtime@127.0.0.1:63158 -> None]
08:06:57.015 INFO  a.c.s.ClusterSingletonManager - ClusterSingletonManager state change [Oldest -> WasOldest]
08:06:57.015 DEBUG akka.actor.CoordinatedShutdown - Performing task [singleton-exiting-2] in CoordinatedShutdown phase [cluster-exiting]
08:06:57.015 INFO  a.c.s.ClusterSingletonManager - ClusterSingletonManager state change [Oldest -> WasOldest]
08:06:57.015 INFO  a.c.s.ClusterSingletonManager - Oldest observed OldestChanged: [akka://akka-runtime@127.0.0.1:63158 -> None]
08:06:57.015 INFO  a.c.s.ClusterSingletonManager - Exited [akka://akka-runtime@127.0.0.1:63158].
08:06:57.015 INFO  a.c.s.ClusterSingletonManager - Oldest observed OldestChanged: [akka://akka-runtime@127.0.0.1:63158 -> None]
08:06:57.015 DEBUG akka.actor.CoordinatedShutdown - Performing task [wait-singleton-exiting] in CoordinatedShutdown phase [cluster-exiting]
08:06:57.015 INFO  a.c.s.ClusterSingletonManager - Exited [akka://akka-runtime@127.0.0.1:63158].
08:06:57.015 INFO  a.c.s.ClusterSingletonManager - ClusterSingletonManager state change [Oldest -> WasOldest]
08:06:57.015 DEBUG akka.actor.CoordinatedShutdown - Performing task [wait-singleton-exiting] in CoordinatedShutdown phase [cluster-exiting]
08:06:57.015 INFO  a.c.s.ClusterSingletonManager - ClusterSingletonManager state change [Oldest -> WasOldest]
08:06:57.015 DEBUG akka.actor.CoordinatedShutdown - Performing task [singleton-exiting-2] in CoordinatedShutdown phase [cluster-exiting]
08:06:57.015 INFO  a.c.s.ClusterSingletonManager - Oldest observed OldestChanged: [akka://akka-runtime@127.0.0.1:63158 -> None]
08:06:57.015 INFO  a.c.s.ClusterSingletonManager - ClusterSingletonManager state change [Oldest -> WasOldest]
08:06:57.015 INFO  a.c.s.ClusterSingletonManager - Exited [akka://akka-runtime@127.0.0.1:63158].
08:06:57.015 DEBUG akka.actor.CoordinatedShutdown - Performing task [singleton-exiting-1] in CoordinatedShutdown phase [cluster-exiting]
08:06:57.015 DEBUG akka.actor.CoordinatedShutdown - Performing task [singleton-exiting-2] in CoordinatedShutdown phase [cluster-exiting]
08:06:57.015 INFO  a.c.s.ClusterSingletonManager - Oldest observed OldestChanged: [akka://akka-runtime@127.0.0.1:63158 -> None]
08:06:57.015 DEBUG akka.actor.CoordinatedShutdown - Performing task [singleton-exiting-1] in CoordinatedShutdown phase [cluster-exiting]
08:06:57.015 INFO  a.c.s.ClusterSingletonManager - Exited [akka://akka-runtime@127.0.0.1:63158].
08:06:57.015 INFO  a.c.s.ClusterSingletonManager - ClusterSingletonManager state change [Oldest -> WasOldest]
08:06:57.015 INFO  a.c.s.ClusterSingletonManager - Oldest observed OldestChanged: [akka://akka-runtime@127.0.0.1:63158 -> None]
08:06:57.015 INFO  a.c.s.ClusterSingletonManager - ClusterSingletonManager state change [Oldest -> WasOldest]
08:06:57.654 DEBUG a.c.singleton.ClusterSingletonProxy - Creating singleton identification timer...
08:06:57.654 DEBUG a.c.singleton.ClusterSingletonProxy - Creating singleton identification timer...
08:06:57.654 DEBUG a.c.singleton.ClusterSingletonProxy - Creating singleton identification timer...
08:06:57.654 DEBUG a.c.singleton.ClusterSingletonProxy - Creating singleton identification timer...
08:06:58.035 INFO  a.c.s.ClusterSingletonManager - Singleton manager stopping singleton actor [akka://akka-runtime/system/sharding/sharded-daemon-process-eventSourcedProjection-passivation-race-entity-passivation-race-viewCoordinator/singleton]
08:06:58.035 INFO  a.c.s.ClusterSingletonManager - Singleton manager stopping singleton actor [akka://akka-runtime/system/sharding/_timerCoordinator/singleton]
08:06:58.035 INFO  a.c.s.ClusterSingletonManager - ClusterSingletonManager state change [WasOldest -> Stopping]
08:06:58.035 INFO  a.c.s.ClusterSingletonManager - ClusterSingletonManager state change [WasOldest -> Stopping]
08:06:58.035 INFO  a.c.s.ClusterSingletonManager - Singleton manager stopping singleton actor [akka://akka-runtime/system/sharding/sharded-daemon-process-eventSourcedProjection-passivation-race-entity-passivation-race-consumer-bCoordinator/singleton]
08:06:58.035 INFO  a.c.s.ClusterSingletonManager - Singleton manager stopping singleton actor [akka://akka-runtime/system/singletonManagerShardedDaemonProcessCoordinator-eventSourcedProjection-passivation-race-entity-passivation-race-view/ShardedDaemonProcessCoordinator-eventSourcedProjection-passivation-race-entity-passivation-race-view]
08:06:58.035 INFO  a.c.s.ClusterSingletonManager - Singleton manager stopping singleton actor [akka://akka-runtime/system/singletonManagerShardedDaemonProcessCoordinator-eventSourcedProjection-passivation-race-entity-passivation-race-consumer-b/ShardedDaemonProcessCoordinator-eventSourcedProjection-passivation-race-entity-passivation-race-consumer-b]
08:06:58.035 INFO  a.c.s.ClusterSingletonManager - Singleton manager stopping singleton actor [akka://akka-runtime/system/sharding/sharded-daemon-process-eventSourcedProjection-passivation-race-entity-passivation-race-consumer-aCoordinator/singleton]
08:06:58.035 INFO  a.c.s.ClusterSingletonManager - ClusterSingletonManager state change [WasOldest -> Stopping]
08:06:58.035 INFO  a.c.s.ClusterSingletonManager - ClusterSingletonManager state change [WasOldest -> Stopping]
08:06:58.035 INFO  a.c.s.ClusterSingletonManager - ClusterSingletonManager state change [WasOldest -> Stopping]
08:06:58.035 INFO  a.c.s.ClusterSingletonManager - ClusterSingletonManager state change [WasOldest -> Stopping]
08:06:58.035 INFO  a.c.s.ClusterSingletonManager - Singleton manager stopping singleton actor [akka://akka-runtime/system/sharding/passivation-race-entityCoordinator/singleton]
08:06:58.035 INFO  a.c.s.ClusterSingletonManager - ClusterSingletonManager state change [WasOldest -> Stopping]
08:06:58.035 DEBUG a.c.sharding.DDataShardCoordinator - _timer: Received termination message.
08:06:58.035 DEBUG a.c.sharding.DDataShardCoordinator - passivation-race-entity: Received termination message.
08:06:58.035 DEBUG a.c.sharding.DDataShardCoordinator - sharded-daemon-process-eventSourcedProjection-passivation-race-entity-passivation-race-consumer-a: Received termination message.
08:06:58.035 DEBUG a.c.sharding.DDataShardCoordinator - sharded-daemon-process-eventSourcedProjection-passivation-race-entity-passivation-race-consumer-b: Received termination message.
08:06:58.035 DEBUG a.c.sharding.DDataShardCoordinator - sharded-daemon-process-eventSourcedProjection-passivation-race-entity-passivation-race-view: Received termination message.
08:06:58.035 INFO  a.c.s.ClusterSingletonManager - Singleton actor [akka://akka-runtime/system/singletonManagerShardedDaemonProcessCoordinator-eventSourcedProjection-passivation-race-entity-passivation-race-view/ShardedDaemonProcessCoordinator-eventSourcedProjection-passivation-race-entity-passivation-race-view] was terminated
08:06:58.035 INFO  a.c.s.ClusterSingletonManager - Singleton actor [akka://akka-runtime/system/singletonManagerShardedDaemonProcessCoordinator-eventSourcedProjection-passivation-race-entity-passivation-race-consumer-b/ShardedDaemonProcessCoordinator-eventSourcedProjection-passivation-race-entity-passivation-race-consumer-b] was terminated
08:06:58.035 INFO  a.c.s.ClusterSingletonManager - Singleton actor [akka://akka-runtime/system/sharding/passivation-race-entityCoordinator/singleton] was terminated
08:06:58.035 INFO  a.c.s.ClusterSingletonManager - Singleton manager stopping singleton actor [akka://akka-runtime/system/singletonManagerschemaSingleton/schemaSingleton]
08:06:58.035 INFO  a.c.s.ClusterSingletonManager - ClusterSingletonManager state change [WasOldest -> Stopping]
08:06:58.035 INFO  a.c.s.ClusterSingletonManager - Singleton actor [akka://akka-runtime/system/sharding/_timerCoordinator/singleton] was terminated
08:06:58.035 INFO  a.c.s.ClusterSingletonManager - Singleton actor [akka://akka-runtime/system/sharding/sharded-daemon-process-eventSourcedProjection-passivation-race-entity-passivation-race-consumer-aCoordinator/singleton] was terminated
08:06:58.035 INFO  a.c.s.ClusterSingletonManager - Singleton actor [akka://akka-runtime/system/singletonManagerschemaSingleton/schemaSingleton] was terminated
08:06:58.035 INFO  a.c.s.ClusterSingletonManager - Singleton manager stopping singleton actor [akka://akka-runtime/system/singletonManagerShardedDaemonProcessCoordinator-eventSourcedProjection-passivation-race-entity-passivation-race-consumer-a/ShardedDaemonProcessCoordinator-eventSourcedProjection-passivation-race-entity-passivation-race-consumer-a]
08:06:58.035 INFO  a.c.s.ClusterSingletonManager - ClusterSingletonManager state change [WasOldest -> Stopping]
08:06:58.035 INFO  a.c.s.ClusterSingletonManager - Singleton actor [akka://akka-runtime/system/sharding/sharded-daemon-process-eventSourcedProjection-passivation-race-entity-passivation-race-viewCoordinator/singleton] was terminated
08:06:58.035 INFO  a.c.s.ClusterSingletonManager - Singleton actor [akka://akka-runtime/system/sharding/sharded-daemon-process-eventSourcedProjection-passivation-race-entity-passivation-race-consumer-bCoordinator/singleton] was terminated
08:06:58.035 INFO  a.c.s.ClusterSingletonManager - Singleton actor [akka://akka-runtime/system/singletonManagerShardedDaemonProcessCoordinator-eventSourcedProjection-passivation-race-entity-passivation-race-consumer-a/ShardedDaemonProcessCoordinator-eventSourcedProjection-passivation-race-entity-passivation-race-consumer-a] was terminated
08:06:58.035 DEBUG akka.actor.CoordinatedShutdown - Performing phase [cluster-exiting-done] with [1] tasks.
08:06:58.035 DEBUG akka.actor.CoordinatedShutdown - Performing task [exiting-completed] in CoordinatedShutdown phase [cluster-exiting-done]
08:06:58.036 DEBUG akka.actor.CoordinatedShutdown - Performing phase [cluster-shutdown] with [1] tasks.
08:06:58.036 DEBUG akka.actor.CoordinatedShutdown - Performing task [wait-shutdown] in CoordinatedShutdown phase [cluster-shutdown]
08:06:58.036 DEBUG akka.actor.CoordinatedShutdown - Performing phase [before-actor-system-terminate] with [2] tasks.
08:06:58.036 DEBUG akka.actor.CoordinatedShutdown - Performing task [close connection pools] in CoordinatedShutdown phase [before-actor-system-terminate]
08:06:58.036 DEBUG akka.actor.CoordinatedShutdown - Performing task [close-grpc-channels] in CoordinatedShutdown phase [before-actor-system-terminate]
08:06:58.036 DEBUG akka.actor.CoordinatedShutdown - Performing phase [actor-system-terminate] with [1] tasks.
08:06:58.036 DEBUG akka.actor.CoordinatedShutdown - Performing task [terminate-system] in CoordinatedShutdown phase [actor-system-terminate]
08:06:58.090 INFO  akka.runtime.AkkaRuntimeMain - Starting Akka Runtime version [1.6.15]
08:06:58.096 INFO  akka.javasdk.impl.ComponentLocator$ - Looking for component descriptors matching pattern [META-INF/akka-javasdk-components_*.conf]
08:06:58.103 INFO  akka.javasdk.testkit.TestKit - Eventing TestKit booting up on port: 63162
08:06:58.104 DEBUG a.c.singleton.ClusterSingletonProxy - Creating singleton identification timer...
08:06:58.104 DEBUG a.c.singleton.ClusterSingletonProxy - Trying to identify singleton at [akka://akka-runtime@127.0.0.1:63163/system/singletonManagerschemaSingleton/schemaSingleton]
08:06:58.104 DEBUG a.c.singleton.ClusterSingletonProxy - Singleton not available, buffering message type [kalix.runtime.SchemaSingleton$ExecDdl]
08:06:58.104 INFO  a.c.s.ClusterSingletonManager - Singleton manager starting singleton actor [akka://akka-runtime/system/singletonManagerschemaSingleton/schemaSingleton]
08:06:58.104 INFO  a.c.s.ClusterSingletonManager - ClusterSingletonManager state change [Start -> Oldest]
08:06:58.105 INFO  akka.javasdk.testkit.TestKit - Checking runtime status
08:06:58.172 DEBUG a.c.singleton.ClusterSingletonProxy - Trying to identify singleton at [akka://akka-runtime@127.0.0.1:63163/system/singletonManagerschemaSingleton/schemaSingleton]
08:06:58.172 INFO  a.c.singleton.ClusterSingletonProxy - Singleton identified at [akka://akka-runtime/system/singletonManagerschemaSingleton/schemaSingleton]
08:06:58.172 DEBUG a.c.singleton.ClusterSingletonProxy - Sending buffered messages to current singleton instance
08:06:58.173 INFO  a.c.s.typed.scaladsl.ClusterSharding - Starting Shard Region [passivation-race-entity]...
08:06:58.173 INFO  akka.cluster.sharding.ShardRegion - passivation-race-entity: Automatic entity passivation: composite strategy with limit of [10000] active entities, admission window (least recently used entities) with proportions [initial = 0.01, min = 0.01, max = 1.0] adapting with hill-climbing optimizer [adjust multiplier = 10.0, initial step = 0.0625, restart threshold = 0.05, step decay = 0.98], admit using frequency sketch [width multiplier = 4, reset multiplier = 10.0, depth = 4, counter bits = 4], main (least recently used entities (segmented with [2] levels with proportions of [0.20, 0.80]))
08:06:58.173 INFO  a.c.s.ClusterSingletonManager - Singleton manager starting singleton actor [akka://akka-runtime/system/sharding/passivation-race-entityCoordinator/singleton]
08:06:58.173 INFO  a.c.s.ClusterSingletonManager - ClusterSingletonManager state change [Start -> Oldest]
08:06:58.174 DEBUG a.c.sharding.DDataShardCoordinator - passivation-race-entity: Initial coordinator is empty.
08:06:58.174 INFO  a.c.sharding.DDataShardCoordinator - passivation-race-entity: ShardCoordinator was moved to the active state with [0] shards
08:06:58.174 DEBUG a.c.singleton.ClusterSingletonProxy - Forwarding message of type [SchemaSingleton$ExecDdl] to current singleton instance at [akka://akka-runtime/system/singletonManagerschemaSingleton/schemaSingleton]
08:06:58.175 INFO  akka.runtime.DiscoveryManager - Service components: EventSourcedEntity: [1], Consumer: [2], View: [1]
08:06:58.175 INFO  a.c.s.typed.scaladsl.ClusterSharding - Starting Shard Region [_timer]...
08:06:58.176 INFO  a.c.s.typed.scaladsl.ClusterSharding - Starting Shard Region [sharded-daemon-process-eventSourcedProjection-passivation-race-entity-passivation-race-consumer-a]...
08:06:58.176 INFO  a.c.s.ClusterSingletonManager - Singleton manager starting singleton actor [akka://akka-runtime/system/sharding/_timerCoordinator/singleton]
08:06:58.176 INFO  a.c.s.ClusterSingletonManager - ClusterSingletonManager state change [Start -> Oldest]
08:06:58.176 INFO  akka.cluster.sharding.ShardRegion - sharded-daemon-process-eventSourcedProjection-passivation-race-entity-passivation-race-consumer-a: Automatic entity passivation: disabled
08:06:58.176 DEBUG a.c.sharding.DDataShardCoordinator - _timer: Starting remember entities store from provider akka.cluster.sharding.internal.DDataRememberEntitiesProvider@44cfe3e1
08:06:58.176 DEBUG a.c.sharding.DDataShardCoordinator - _timer: Initial coordinator is empty.
08:06:58.176 INFO  a.c.sharding.DDataShardCoordinator - _timer: ShardCoordinator was moved to the active state with [0] shards
08:06:58.176 DEBUG a.c.sharding.DDataShardCoordinator - _timer: Received [0] remembered shard ids (after state initialized)
08:06:58.176 INFO  a.c.s.ClusterSingletonManager - Singleton manager starting singleton actor [akka://akka-runtime/system/sharding/sharded-daemon-process-eventSourcedProjection-passivation-race-entity-passivation-race-consumer-aCoordinator/singleton]
08:06:58.176 DEBUG a.c.singleton.ClusterSingletonProxy - Creating singleton identification timer...
08:06:58.176 INFO  a.c.s.ClusterSingletonManager - ClusterSingletonManager state change [Start -> Oldest]
08:06:58.176 DEBUG a.c.singleton.ClusterSingletonProxy - Trying to identify singleton at [akka://akka-runtime@127.0.0.1:63163/system/singletonManagerShardedDaemonProcessCoordinator-eventSourcedProjection-passivation-race-entity-passivation-race-consumer-a/ShardedDaemonProcessCoordinator-eventSourcedProjection-passivation-race-entity-passivation-race-consumer-a]
08:06:58.176 INFO  a.c.s.typed.scaladsl.ClusterSharding - Starting Shard Region [sharded-daemon-process-eventSourcedProjection-passivation-race-entity-passivation-race-consumer-b]...
08:06:58.176 INFO  a.c.s.ClusterSingletonManager - Singleton manager starting singleton actor [akka://akka-runtime/system/singletonManagerShardedDaemonProcessCoordinator-eventSourcedProjection-passivation-race-entity-passivation-race-consumer-a/ShardedDaemonProcessCoordinator-eventSourcedProjection-passivation-race-entity-passivation-race-consumer-a]
08:06:58.176 DEBUG a.c.sharding.DDataShardCoordinator - sharded-daemon-process-eventSourcedProjection-passivation-race-entity-passivation-race-consumer-a: Initial coordinator is empty.
08:06:58.176 INFO  a.c.sharding.DDataShardCoordinator - sharded-daemon-process-eventSourcedProjection-passivation-race-entity-passivation-race-consumer-a: ShardCoordinator was moved to the active state with [0] shards
08:06:58.176 INFO  a.c.s.ClusterSingletonManager - ClusterSingletonManager state change [Start -> Oldest]
08:06:58.176 DEBUG a.c.s.t.i.ShardedDaemonProcessCoordinator$ - ShardedDaemonProcessCoordinator for [eventSourcedProjection-passivation-race-entity-passivation-race-consumer-a] starting
08:06:58.176 DEBUG a.c.s.t.i.ShardedDaemonProcessCoordinator$ - eventSourcedProjection-passivation-race-entity-passivation-race-consumer-a: No previous state stored for Sharded Daemon Process
08:06:58.176 DEBUG a.c.s.t.i.ShardedDaemonProcessCoordinator$ - Sending periodic keep alive for Sharded Daemon Process [eventSourcedProjection-passivation-race-entity-passivation-race-consumer-a] to [1] processes (revision [0]).
08:06:58.176 INFO  akka.cluster.sharding.ShardRegion - sharded-daemon-process-eventSourcedProjection-passivation-race-entity-passivation-race-consumer-b: Automatic entity passivation: disabled
08:06:58.177 INFO  a.c.s.typed.scaladsl.ClusterSharding - Starting Shard Region [sharded-daemon-process-eventSourcedProjection-passivation-race-entity-passivation-race-view]...
08:06:58.177 DEBUG a.c.singleton.ClusterSingletonProxy - Creating singleton identification timer...
08:06:58.177 INFO  a.c.s.ClusterSingletonManager - Singleton manager starting singleton actor [akka://akka-runtime/system/sharding/sharded-daemon-process-eventSourcedProjection-passivation-race-entity-passivation-race-consumer-bCoordinator/singleton]
08:06:58.177 INFO  a.c.s.ClusterSingletonManager - ClusterSingletonManager state change [Start -> Oldest]
08:06:58.177 INFO  a.c.s.ClusterSingletonManager - Singleton manager starting singleton actor [akka://akka-runtime/system/singletonManagerShardedDaemonProcessCoordinator-eventSourcedProjection-passivation-race-entity-passivation-race-consumer-b/ShardedDaemonProcessCoordinator-eventSourcedProjection-passivation-race-entity-passivation-race-consumer-b]
08:06:58.177 DEBUG a.c.singleton.ClusterSingletonProxy - Trying to identify singleton at [akka://akka-runtime@127.0.0.1:63163/system/singletonManagerShardedDaemonProcessCoordinator-eventSourcedProjection-passivation-race-entity-passivation-race-consumer-b/ShardedDaemonProcessCoordinator-eventSourcedProjection-passivation-race-entity-passivation-race-consumer-b]
08:06:58.177 INFO  akka.cluster.sharding.ShardRegion - sharded-daemon-process-eventSourcedProjection-passivation-race-entity-passivation-race-view: Automatic entity passivation: disabled
08:06:58.177 INFO  a.c.s.ClusterSingletonManager - ClusterSingletonManager state change [Start -> Oldest]
08:06:58.177 DEBUG a.c.s.t.i.ShardedDaemonProcessCoordinator$ - ShardedDaemonProcessCoordinator for [eventSourcedProjection-passivation-race-entity-passivation-race-consumer-b] starting
08:06:58.177 DEBUG a.c.sharding.DDataShardCoordinator - sharded-daemon-process-eventSourcedProjection-passivation-race-entity-passivation-race-consumer-b: Initial coordinator is empty.
08:06:58.177 INFO  a.c.singleton.ClusterSingletonProxy - Singleton identified at [akka://akka-runtime/system/singletonManagerShardedDaemonProcessCoordinator-eventSourcedProjection-passivation-race-entity-passivation-race-consumer-b/ShardedDaemonProcessCoordinator-eventSourcedProjection-passivation-race-entity-passivation-race-consumer-b]
08:06:58.177 DEBUG a.c.singleton.ClusterSingletonProxy - Sending buffered messages to current singleton instance
08:06:58.177 INFO  a.c.sharding.DDataShardCoordinator - sharded-daemon-process-eventSourcedProjection-passivation-race-entity-passivation-race-consumer-b: ShardCoordinator was moved to the active state with [0] shards
08:06:58.177 DEBUG a.c.s.t.i.ShardedDaemonProcessCoordinator$ - eventSourcedProjection-passivation-race-entity-passivation-race-consumer-b: No previous state stored for Sharded Daemon Process
08:06:58.177 DEBUG a.c.s.t.i.ShardedDaemonProcessCoordinator$ - Sending periodic keep alive for Sharded Daemon Process [eventSourcedProjection-passivation-race-entity-passivation-race-consumer-b] to [1] processes (revision [0]).
08:06:58.177 DEBUG a.c.singleton.ClusterSingletonProxy - Creating singleton identification timer...
08:06:58.177 DEBUG a.c.singleton.ClusterSingletonProxy - Trying to identify singleton at [akka://akka-runtime@127.0.0.1:63163/system/singletonManagerShardedDaemonProcessCoordinator-eventSourcedProjection-passivation-race-entity-passivation-race-view/ShardedDaemonProcessCoordinator-eventSourcedProjection-passivation-race-entity-passivation-race-view]
08:06:58.177 INFO  a.c.s.ClusterSingletonManager - Singleton manager starting singleton actor [akka://akka-runtime/system/sharding/sharded-daemon-process-eventSourcedProjection-passivation-race-entity-passivation-race-viewCoordinator/singleton]
08:06:58.177 INFO  a.c.s.ClusterSingletonManager - ClusterSingletonManager state change [Start -> Oldest]
08:06:58.177 INFO  a.c.s.ClusterSingletonManager - Singleton manager starting singleton actor [akka://akka-runtime/system/singletonManagerShardedDaemonProcessCoordinator-eventSourcedProjection-passivation-race-entity-passivation-race-view/ShardedDaemonProcessCoordinator-eventSourcedProjection-passivation-race-entity-passivation-race-view]
08:06:58.177 INFO  a.c.s.ClusterSingletonManager - ClusterSingletonManager state change [Start -> Oldest]
08:06:58.177 DEBUG a.c.s.t.i.ShardedDaemonProcessCoordinator$ - ShardedDaemonProcessCoordinator for [eventSourcedProjection-passivation-race-entity-passivation-race-view] starting
08:06:58.177 DEBUG a.c.sharding.DDataShardCoordinator - sharded-daemon-process-eventSourcedProjection-passivation-race-entity-passivation-race-view: Initial coordinator is empty.
08:06:58.177 INFO  a.c.sharding.DDataShardCoordinator - sharded-daemon-process-eventSourcedProjection-passivation-race-entity-passivation-race-view: ShardCoordinator was moved to the active state with [0] shards
08:06:58.177 DEBUG a.c.s.t.i.ShardedDaemonProcessCoordinator$ - eventSourcedProjection-passivation-race-entity-passivation-race-view: No previous state stored for Sharded Daemon Process
08:06:58.177 DEBUG a.c.s.t.i.ShardedDaemonProcessCoordinator$ - Sending periodic keep alive for Sharded Daemon Process [eventSourcedProjection-passivation-race-entity-passivation-race-view] to [1] processes (revision [0]).
08:06:58.178 INFO  akka.runtime.DiscoveryManager - Akka Runtime started at 127.0.0.1:63161
08:06:58.178 INFO  repro.Bootstrap - onStartup burst of 8 starting
08:06:58.224 INFO  akka.javasdk.testkit.TestKit - Runtime started
08:06:58.224 INFO  akka.actor.CoordinatedShutdown - Running CoordinatedShutdown with reason [ActorSystemTerminateReason]
08:06:58.224 DEBUG akka.actor.CoordinatedShutdown - Performing phase [before-service-unbind] with [0] tasks
08:06:58.224 DEBUG akka.actor.CoordinatedShutdown - Performing phase [service-unbind] with [1] tasks.
08:06:58.224 DEBUG akka.actor.CoordinatedShutdown - Performing task [http-unbind-/127.0.0.1:63161] in CoordinatedShutdown phase [service-unbind]
08:06:58.224 DEBUG akka.actor.CoordinatedShutdown - Performing phase [service-requests-done] with [1] tasks.
08:06:58.224 DEBUG akka.actor.CoordinatedShutdown - Performing task [http-terminate-/127.0.0.1:63161] in CoordinatedShutdown phase [service-requests-done]
08:06:58.224 DEBUG akka.actor.CoordinatedShutdown - Performing phase [service-stop] with [1] tasks.
08:06:58.224 DEBUG akka.actor.CoordinatedShutdown - Performing task [stop-grpc-clients] in CoordinatedShutdown phase [service-stop]
08:06:58.224 DEBUG akka.actor.CoordinatedShutdown - Performing phase [before-cluster-shutdown] with [0] tasks
08:06:58.224 DEBUG akka.actor.CoordinatedShutdown - Performing phase [cluster-sharding-shutdown-region] with [5] tasks.
08:06:58.224 DEBUG akka.actor.CoordinatedShutdown - Performing task [region-shutdown] in CoordinatedShutdown phase [cluster-sharding-shutdown-region]
08:06:58.224 DEBUG akka.actor.CoordinatedShutdown - Performing task [region-shutdown] in CoordinatedShutdown phase [cluster-sharding-shutdown-region]
08:06:58.224 DEBUG akka.actor.CoordinatedShutdown - Performing task [region-shutdown] in CoordinatedShutdown phase [cluster-sharding-shutdown-region]
08:06:58.224 DEBUG akka.actor.CoordinatedShutdown - Performing task [region-shutdown] in CoordinatedShutdown phase [cluster-sharding-shutdown-region]
08:06:58.224 DEBUG akka.actor.CoordinatedShutdown - Performing task [region-shutdown] in CoordinatedShutdown phase [cluster-sharding-shutdown-region]
08:06:58.224 DEBUG a.c.sharding.DDataShardCoordinator - sharded-daemon-process-eventSourcedProjection-passivation-race-entity-passivation-race-consumer-a: Unknown region requested graceful shutdown [Actor[akka://akka-runtime/system/sharding/sharded-daemon-process-eventSourcedProjection-passivation-race-entity-passivation-race-consumer-a#-565117260]]
08:06:58.224 DEBUG a.c.sharding.DDataShardCoordinator - sharded-daemon-process-eventSourcedProjection-passivation-race-entity-passivation-race-consumer-b: Unknown region requested graceful shutdown [Actor[akka://akka-runtime/system/sharding/sharded-daemon-process-eventSourcedProjection-passivation-race-entity-passivation-race-consumer-b#-1639592835]]
08:06:58.224 DEBUG a.c.sharding.DDataShardCoordinator - sharded-daemon-process-eventSourcedProjection-passivation-race-entity-passivation-race-view: Unknown region requested graceful shutdown [Actor[akka://akka-runtime/system/sharding/sharded-daemon-process-eventSourcedProjection-passivation-race-entity-passivation-race-view#434318313]]
08:06:58.224 DEBUG a.c.sharding.DDataShardCoordinator - passivation-race-entity: Unknown region requested graceful shutdown [Actor[akka://akka-runtime/system/sharding/passivation-race-entity#39700362]]
08:06:58.224 DEBUG a.c.sharding.DDataShardCoordinator - _timer: Unknown region requested graceful shutdown [Actor[akka://akka-runtime/system/sharding/_timer#911249737]]
08:06:58.243 DEBUG a.c.singleton.ClusterSingletonProxy - Trying to identify singleton at [akka://akka-runtime@127.0.0.1:63163/system/singletonManagerShardedDaemonProcessCoordinator-eventSourcedProjection-passivation-race-entity-passivation-race-view/ShardedDaemonProcessCoordinator-eventSourcedProjection-passivation-race-entity-passivation-race-view]
08:06:58.243 DEBUG a.c.singleton.ClusterSingletonProxy - Trying to identify singleton at [akka://akka-runtime@127.0.0.1:63163/system/singletonManagerShardedDaemonProcessCoordinator-eventSourcedProjection-passivation-race-entity-passivation-race-consumer-a/ShardedDaemonProcessCoordinator-eventSourcedProjection-passivation-race-entity-passivation-race-consumer-a]
08:06:58.243 INFO  a.c.singleton.ClusterSingletonProxy - Singleton identified at [akka://akka-runtime/system/singletonManagerShardedDaemonProcessCoordinator-eventSourcedProjection-passivation-race-entity-passivation-race-view/ShardedDaemonProcessCoordinator-eventSourcedProjection-passivation-race-entity-passivation-race-view]
08:06:58.243 INFO  a.c.singleton.ClusterSingletonProxy - Singleton identified at [akka://akka-runtime/system/singletonManagerShardedDaemonProcessCoordinator-eventSourcedProjection-passivation-race-entity-passivation-race-consumer-a/ShardedDaemonProcessCoordinator-eventSourcedProjection-passivation-race-entity-passivation-race-consumer-a]
08:06:58.243 DEBUG a.c.singleton.ClusterSingletonProxy - Sending buffered messages to current singleton instance
08:06:58.243 DEBUG a.c.singleton.ClusterSingletonProxy - Sending buffered messages to current singleton instance
08:06:58.441 DEBUG a.c.sharding.DDataShardCoordinator - sharded-daemon-process-eventSourcedProjection-passivation-race-entity-passivation-race-consumer-a: ShardRegion registered: [Actor[akka://akka-runtime/system/sharding/sharded-daemon-process-eventSourcedProjection-passivation-race-entity-passivation-race-consumer-a#-565117260]]
08:06:58.442 DEBUG a.c.sharding.DDataShardCoordinator - passivation-race-entity: ShardRegion registered: [Actor[akka://akka-runtime/system/sharding/passivation-race-entity#39700362]]
08:06:58.442 DEBUG a.c.sharding.DDataShardCoordinator - sharded-daemon-process-eventSourcedProjection-passivation-race-entity-passivation-race-consumer-b: ShardRegion registered: [Actor[akka://akka-runtime/system/sharding/sharded-daemon-process-eventSourcedProjection-passivation-race-entity-passivation-race-consumer-b#-1639592835]]
08:06:58.442 DEBUG a.c.sharding.DDataShardCoordinator - sharded-daemon-process-eventSourcedProjection-passivation-race-entity-passivation-race-view: ShardRegion registered: [Actor[akka://akka-runtime/system/sharding/sharded-daemon-process-eventSourcedProjection-passivation-race-entity-passivation-race-view#434318313]]
08:06:58.442 DEBUG a.c.sharding.DDataShardCoordinator - sharded-daemon-process-eventSourcedProjection-passivation-race-entity-passivation-race-consumer-a: The coordinator state was successfully updated with ShardRegionRegistered(Actor[akka://akka-runtime/system/sharding/sharded-daemon-process-eventSourcedProjection-passivation-race-entity-passivation-race-consumer-a#-565117260])
08:06:58.442 DEBUG a.c.sharding.DDataShardCoordinator - passivation-race-entity: The coordinator state was successfully updated with ShardRegionRegistered(Actor[akka://akka-runtime/system/sharding/passivation-race-entity#39700362])
08:06:58.442 DEBUG a.c.sharding.DDataShardCoordinator - sharded-daemon-process-eventSourcedProjection-passivation-race-entity-passivation-race-view: The coordinator state was successfully updated with ShardRegionRegistered(Actor[akka://akka-runtime/system/sharding/sharded-daemon-process-eventSourcedProjection-passivation-race-entity-passivation-race-view#434318313])
08:06:58.442 DEBUG a.c.sharding.DDataShardCoordinator - sharded-daemon-process-eventSourcedProjection-passivation-race-entity-passivation-race-consumer-b: The coordinator state was successfully updated with ShardRegionRegistered(Actor[akka://akka-runtime/system/sharding/sharded-daemon-process-eventSourcedProjection-passivation-race-entity-passivation-race-consumer-b#-1639592835])
08:06:58.442 DEBUG a.c.sharding.DDataShardCoordinator - sharded-daemon-process-eventSourcedProjection-passivation-race-entity-passivation-race-view: The coordinator state was successfully updated with ShardHomeAllocated(0,Actor[akka://akka-runtime/system/sharding/sharded-daemon-process-eventSourcedProjection-passivation-race-entity-passivation-race-view#434318313])
08:06:58.442 DEBUG a.c.sharding.DDataShardCoordinator - sharded-daemon-process-eventSourcedProjection-passivation-race-entity-passivation-race-consumer-a: The coordinator state was successfully updated with ShardHomeAllocated(0,Actor[akka://akka-runtime/system/sharding/sharded-daemon-process-eventSourcedProjection-passivation-race-entity-passivation-race-consumer-a#-565117260])
08:06:58.442 DEBUG a.c.sharding.DDataShardCoordinator - sharded-daemon-process-eventSourcedProjection-passivation-race-entity-passivation-race-view: Shard [0] allocated at [Actor[akka://akka-runtime/system/sharding/sharded-daemon-process-eventSourcedProjection-passivation-race-entity-passivation-race-view#434318313]]
08:06:58.442 DEBUG a.c.sharding.DDataShardCoordinator - passivation-race-entity: The coordinator state was successfully updated with ShardHomeAllocated(384,Actor[akka://akka-runtime/system/sharding/passivation-race-entity#39700362])
08:06:58.442 DEBUG a.c.sharding.DDataShardCoordinator - sharded-daemon-process-eventSourcedProjection-passivation-race-entity-passivation-race-consumer-b: The coordinator state was successfully updated with ShardHomeAllocated(0,Actor[akka://akka-runtime/system/sharding/sharded-daemon-process-eventSourcedProjection-passivation-race-entity-passivation-race-consumer-b#-1639592835])
08:06:58.442 DEBUG a.c.sharding.DDataShardCoordinator - sharded-daemon-process-eventSourcedProjection-passivation-race-entity-passivation-race-consumer-b: Shard [0] allocated at [Actor[akka://akka-runtime/system/sharding/sharded-daemon-process-eventSourcedProjection-passivation-race-entity-passivation-race-consumer-b#-1639592835]]
08:06:58.442 DEBUG a.c.sharding.DDataShardCoordinator - passivation-race-entity: Shard [384] allocated at [Actor[akka://akka-runtime/system/sharding/passivation-race-entity#39700362]]
08:06:58.442 DEBUG a.c.sharding.DDataShardCoordinator - sharded-daemon-process-eventSourcedProjection-passivation-race-entity-passivation-race-consumer-a: Shard [0] allocated at [Actor[akka://akka-runtime/system/sharding/sharded-daemon-process-eventSourcedProjection-passivation-race-entity-passivation-race-consumer-a#-565117260]]
08:06:58.442 DEBUG a.c.sharding.DDataShardCoordinator - sharded-daemon-process-eventSourcedProjection-passivation-race-entity-passivation-race-view: Graceful shutdown of region [Actor[akka://akka-runtime/system/sharding/sharded-daemon-process-eventSourcedProjection-passivation-race-entity-passivation-race-view#434318313]] with [1] shards
08:06:58.442 INFO  a.c.sharding.DDataShardCoordinator - sharded-daemon-process-eventSourcedProjection-passivation-race-entity-passivation-race-view: Starting shutting down shards [0] due to region shutting down or explicit stopping of shards.
08:06:58.442 DEBUG a.c.sharding.DDataShardCoordinator - passivation-race-entity: Graceful shutdown of region [Actor[akka://akka-runtime/system/sharding/passivation-race-entity#39700362]] with [1] shards
08:06:58.442 INFO  a.c.sharding.DDataShardCoordinator - passivation-race-entity: Starting shutting down shards [384] due to region shutting down or explicit stopping of shards.
08:06:58.442 DEBUG a.c.sharding.DDataShardCoordinator - sharded-daemon-process-eventSourcedProjection-passivation-race-entity-passivation-race-consumer-a: Graceful shutdown of region [Actor[akka://akka-runtime/system/sharding/sharded-daemon-process-eventSourcedProjection-passivation-race-entity-passivation-race-consumer-a#-565117260]] with [1] shards
08:06:58.442 INFO  a.c.sharding.DDataShardCoordinator - sharded-daemon-process-eventSourcedProjection-passivation-race-entity-passivation-race-consumer-a: Starting shutting down shards [0] due to region shutting down or explicit stopping of shards.
08:06:58.442 DEBUG akka.cluster.sharding.Shard - sharded-daemon-process-eventSourcedProjection-passivation-race-entity-passivation-race-view: Shard initialized
08:06:58.442 DEBUG a.c.s.ShardCoordinator$RebalanceWorker - passivation-race-entity: Shutting down shard [384] from region [Actor[akka://akka-runtime/system/sharding/passivation-race-entity#39700362]]. Asking [1] region(s) to hand-off shard
08:06:58.442 DEBUG a.c.sharding.DDataShardCoordinator - sharded-daemon-process-eventSourcedProjection-passivation-race-entity-passivation-race-consumer-b: Graceful shutdown of region [Actor[akka://akka-runtime/system/sharding/sharded-daemon-process-eventSourcedProjection-passivation-race-entity-passivation-race-consumer-b#-1639592835]] with [1] shards
08:06:58.442 INFO  a.c.sharding.DDataShardCoordinator - sharded-daemon-process-eventSourcedProjection-passivation-race-entity-passivation-race-consumer-b: Starting shutting down shards [0] due to region shutting down or explicit stopping of shards.
08:06:58.442 DEBUG a.c.s.ShardCoordinator$RebalanceWorker - sharded-daemon-process-eventSourcedProjection-passivation-race-entity-passivation-race-view: Shutting down shard [0] from region [Actor[akka://akka-runtime/system/sharding/sharded-daemon-process-eventSourcedProjection-passivation-race-entity-passivation-race-view#434318313]]. Asking [1] region(s) to hand-off shard
08:06:58.442 DEBUG a.c.s.ShardCoordinator$RebalanceWorker - sharded-daemon-process-eventSourcedProjection-passivation-race-entity-passivation-race-consumer-b: Shutting down shard [0] from region [Actor[akka://akka-runtime/system/sharding/sharded-daemon-process-eventSourcedProjection-passivation-race-entity-passivation-race-consumer-b#-1639592835]]. Asking [1] region(s) to hand-off shard
08:06:58.442 DEBUG a.c.s.ShardCoordinator$RebalanceWorker - sharded-daemon-process-eventSourcedProjection-passivation-race-entity-passivation-race-consumer-b: BeginHandOffAck for shard [0] received from [Actor[akka://akka-runtime/system/sharding/sharded-daemon-process-eventSourcedProjection-passivation-race-entity-passivation-race-consumer-b#-1639592835]].
08:06:58.442 DEBUG a.c.s.ShardCoordinator$RebalanceWorker - sharded-daemon-process-eventSourcedProjection-passivation-race-entity-passivation-race-consumer-b: All shard regions acked, handing off shard [0].
08:06:58.442 DEBUG a.c.s.ShardCoordinator$RebalanceWorker - sharded-daemon-process-eventSourcedProjection-passivation-race-entity-passivation-race-view: BeginHandOffAck for shard [0] received from [Actor[akka://akka-runtime/system/sharding/sharded-daemon-process-eventSourcedProjection-passivation-race-entity-passivation-race-view#434318313]].
08:06:58.442 DEBUG a.c.s.ShardCoordinator$RebalanceWorker - sharded-daemon-process-eventSourcedProjection-passivation-race-entity-passivation-race-view: All shard regions acked, handing off shard [0].
08:06:58.442 DEBUG akka.cluster.sharding.Shard - sharded-daemon-process-eventSourcedProjection-passivation-race-entity-passivation-race-consumer-a: Shard initialized
08:06:58.442 DEBUG akka.cluster.sharding.Shard - sharded-daemon-process-eventSourcedProjection-passivation-race-entity-passivation-race-consumer-b: Shard initialized
08:06:58.442 DEBUG a.c.s.ShardCoordinator$RebalanceWorker - sharded-daemon-process-eventSourcedProjection-passivation-race-entity-passivation-race-consumer-a: Shutting down shard [0] from region [Actor[akka://akka-runtime/system/sharding/sharded-daemon-process-eventSourcedProjection-passivation-race-entity-passivation-race-consumer-a#-565117260]]. Asking [1] region(s) to hand-off shard
08:06:58.442 WARN  akka.cluster.sharding.ShardRegion - sharded-daemon-process-eventSourcedProjection-passivation-race-entity-passivation-race-consumer-b: Dropping [1] buffered messages to shard [0] during hand off to avoid re-ordering
08:06:58.442 DEBUG akka.cluster.sharding.Shard - sharded-daemon-process-eventSourcedProjection-passivation-race-entity-passivation-race-view: Request to start entity [0] and ack to [Some(Actor[akka://akka-runtime/deadLetters])]
08:06:58.442 DEBUG a.c.s.ShardCoordinator$RebalanceWorker - passivation-race-entity: BeginHandOffAck for shard [384] received from [Actor[akka://akka-runtime/system/sharding/passivation-race-entity#39700362]].
08:06:58.442 DEBUG akka.cluster.sharding.Shard - sharded-daemon-process-eventSourcedProjection-passivation-race-entity-passivation-race-consumer-b: HandOff shard [0]
08:06:58.442 DEBUG a.c.s.ShardCoordinator$RebalanceWorker - passivation-race-entity: All shard regions acked, handing off shard [384].
08:06:58.442 DEBUG a.c.s.ShardCoordinator$RebalanceWorker - sharded-daemon-process-eventSourcedProjection-passivation-race-entity-passivation-race-consumer-a: BeginHandOffAck for shard [0] received from [Actor[akka://akka-runtime/system/sharding/sharded-daemon-process-eventSourcedProjection-passivation-race-entity-passivation-race-consumer-a#-565117260]].
08:06:58.442 DEBUG a.c.s.ShardCoordinator$RebalanceWorker - sharded-daemon-process-eventSourcedProjection-passivation-race-entity-passivation-race-consumer-a: All shard regions acked, handing off shard [0].
08:06:58.442 DEBUG akka.cluster.sharding.Shard - sharded-daemon-process-eventSourcedProjection-passivation-race-entity-passivation-race-consumer-a: Request to start entity [0] and ack to [Some(Actor[akka://akka-runtime/deadLetters])]
08:06:58.442 WARN  akka.cluster.sharding.ShardRegion - passivation-race-entity: Dropping [1] buffered messages to shard [384] during hand off to avoid re-ordering
08:06:58.442 DEBUG akka.cluster.sharding.Shard - sharded-daemon-process-eventSourcedProjection-passivation-race-entity-passivation-race-consumer-b: Shard [0] shutting down
08:06:58.442 DEBUG a.c.sharding.DDataShardCoordinator - sharded-daemon-process-eventSourcedProjection-passivation-race-entity-passivation-race-consumer-b: Shard [0] deallocation completed successfully.
08:06:58.442 DEBUG akka.cluster.sharding.Shard - sharded-daemon-process-eventSourcedProjection-passivation-race-entity-passivation-race-view: Started entity [Actor[akka://akka-runtime/system/sharding/sharded-daemon-process-eventSourcedProjection-passivation-race-entity-passivation-race-view/0/0#1877588384]] with entity id [0] in shard [0]
08:06:58.442 DEBUG akka.cluster.sharding.Shard - sharded-daemon-process-eventSourcedProjection-passivation-race-entity-passivation-race-consumer-a: Started entity [Actor[akka://akka-runtime/system/sharding/sharded-daemon-process-eventSourcedProjection-passivation-race-entity-passivation-race-consumer-a/0/0#2083173539]] with entity id [0] in shard [0]
08:06:58.442 DEBUG akka.cluster.sharding.Shard - sharded-daemon-process-eventSourcedProjection-passivation-race-entity-passivation-race-consumer-a: HandOff shard [0]
08:06:58.442 DEBUG akka.cluster.sharding.Shard - sharded-daemon-process-eventSourcedProjection-passivation-race-entity-passivation-race-consumer-a: Starting HandOffStopper for shard [0] to terminate [1] entities.
08:06:58.442 DEBUG akka.cluster.sharding.Shard - sharded-daemon-process-eventSourcedProjection-passivation-race-entity-passivation-race-view: HandOff shard [0]
08:06:58.442 DEBUG akka.cluster.sharding.Shard - sharded-daemon-process-eventSourcedProjection-passivation-race-entity-passivation-race-view: Starting HandOffStopper for shard [0] to terminate [1] entities.
08:06:58.442 DEBUG akka.cluster.sharding.Shard - passivation-race-entity: Shard initialized
08:06:58.442 DEBUG a.c.sharding.DDataShardCoordinator - sharded-daemon-process-eventSourcedProjection-passivation-race-entity-passivation-race-consumer-b: The coordinator state was successfully updated with ShardHomeDeallocated(0)
08:06:58.442 DEBUG akka.cluster.sharding.Shard - passivation-race-entity: HandOff shard [384]
08:06:58.442 DEBUG a.c.sharding.DDataShardCoordinator - sharded-daemon-process-eventSourcedProjection-passivation-race-entity-passivation-race-consumer-b: Shard [0] deallocated after
08:06:58.442 DEBUG akka.cluster.sharding.Shard - passivation-race-entity: Shard [384] shutting down
08:06:58.442 DEBUG a.c.s.t.i.ShardedDaemonProcessState$ - eventSourcedProjection-passivation-race-entity-passivation-race-consumer-a: Deferred start of worker to verify its revision [0] is the latest
08:06:58.442 DEBUG a.c.sharding.DDataShardCoordinator - sharded-daemon-process-eventSourcedProjection-passivation-race-entity-passivation-race-consumer-b: ShardRegion terminated (gracefully): [Actor[akka://akka-runtime/system/sharding/sharded-daemon-process-eventSourcedProjection-passivation-race-entity-passivation-race-consumer-b#-1639592835]] {}
08:06:58.442 DEBUG a.c.sharding.DDataShardCoordinator - passivation-race-entity: ShardRegion stopped: [Actor[akka://akka-runtime/system/sharding/passivation-race-entity#39700362]]
08:06:58.442 DEBUG a.c.sharding.DDataShardCoordinator - sharded-daemon-process-eventSourcedProjection-passivation-race-entity-passivation-race-consumer-b: GetShardHome [0] request from [Actor[akka://local/ignore]] stashed, because waiting for initial state or update of state. It will be handled afterwards.
08:06:58.442 DEBUG a.c.sharding.DDataShardCoordinator - passivation-race-entity: ShardRegion terminated (gracefully): [Actor[akka://akka-runtime/system/sharding/passivation-race-entity#39700362]] {}
08:06:58.442 DEBUG a.c.sharding.DDataShardCoordinator - passivation-race-entity: GetShardHome [384] request from [Actor[akka://local/ignore]] deferred, because rebalance is in progress for this shard. It will be handled when rebalance is done.
08:06:58.442 DEBUG a.c.s.t.i.ShardedDaemonProcessState$ - eventSourcedProjection-passivation-race-entity-passivation-race-view: Deferred start of worker to verify its revision [0] is the latest
08:06:58.443 INFO  a.c.s.t.i.ShardedDaemonProcessState$ - eventSourcedProjection-passivation-race-entity-passivation-race-view: Starting Sharded Daemon Process [0] out of a total [1] (revision [0] and no state found)
08:06:58.443 INFO  a.c.s.t.i.ShardedDaemonProcessState$ - eventSourcedProjection-passivation-race-entity-passivation-race-consumer-a: Starting Sharded Daemon Process [0] out of a total [1] (revision [0] and no state found)
08:06:58.443 DEBUG a.c.sharding.DDataShardCoordinator - passivation-race-entity: The coordinator state was successfully updated with ShardRegionTerminated(Actor[akka://akka-runtime/system/sharding/passivation-race-entity#39700362])
08:06:58.443 DEBUG a.c.sharding.DDataShardCoordinator - sharded-daemon-process-eventSourcedProjection-passivation-race-entity-passivation-race-consumer-b: The coordinator state was successfully updated with ShardRegionTerminated(Actor[akka://akka-runtime/system/sharding/sharded-daemon-process-eventSourcedProjection-passivation-race-entity-passivation-race-consumer-b#-1639592835])
08:06:58.443 DEBUG a.c.sharding.DDataShardCoordinator - passivation-race-entity: Shard [384] deallocation completed successfully.
08:06:58.443 DEBUG a.c.sharding.DDataShardCoordinator - sharded-daemon-process-eventSourcedProjection-passivation-race-entity-passivation-race-consumer-b: ShardRegion stopped: [Actor[akka://akka-runtime/system/sharding/sharded-daemon-process-eventSourcedProjection-passivation-race-entity-passivation-race-consumer-b#-1639592835]]
08:06:59.212 WARN  a.c.s.ShardRegion$HandOffStopper - sharded-daemon-process-eventSourcedProjection-passivation-race-entity-passivation-race-view: [1] of the entities in shard [0] not stopped after [750 milliseconds]. Maybe the handOffStopMessage [akka.projection.ProjectionBehavior$Stop$] is not handled? Waiting additional [250 milliseconds] before stopping the remaining entities.
08:06:59.212 WARN  a.c.s.ShardRegion$HandOffStopper - sharded-daemon-process-eventSourcedProjection-passivation-race-entity-passivation-race-consumer-a: [1] of the entities in shard [0] not stopped after [750 milliseconds]. Maybe the handOffStopMessage [akka.projection.ProjectionBehavior$Stop$] is not handled? Waiting additional [250 milliseconds] before stopping the remaining entities.
08:06:59.461 WARN  a.c.s.ShardRegion$HandOffStopper - sharded-daemon-process-eventSourcedProjection-passivation-race-entity-passivation-race-consumer-a: HandOffStopMessage [akka.projection.ProjectionBehavior$Stop$] is not handled by some of the entities in shard [0] after [1 second], stopping the remaining [1] entities.
08:06:59.461 WARN  a.c.s.ShardRegion$HandOffStopper - sharded-daemon-process-eventSourcedProjection-passivation-race-entity-passivation-race-view: HandOffStopMessage [akka.projection.ProjectionBehavior$Stop$] is not handled by some of the entities in shard [0] after [1 second], stopping the remaining [1] entities.
08:06:59.461 DEBUG akka.cluster.sharding.Shard - sharded-daemon-process-eventSourcedProjection-passivation-race-entity-passivation-race-consumer-a: Shard [0] shutting down
08:06:59.461 DEBUG a.c.sharding.DDataShardCoordinator - sharded-daemon-process-eventSourcedProjection-passivation-race-entity-passivation-race-consumer-a: Shard [0] deallocation completed successfully.
08:06:59.461 DEBUG akka.cluster.sharding.Shard - sharded-daemon-process-eventSourcedProjection-passivation-race-entity-passivation-race-view: Shard [0] shutting down
08:06:59.461 DEBUG a.c.sharding.DDataShardCoordinator - sharded-daemon-process-eventSourcedProjection-passivation-race-entity-passivation-race-view: Shard [0] deallocation completed successfully.
08:06:59.461 DEBUG akka.actor.CoordinatedShutdown - Performing phase [cluster-leave] with [1] tasks.
08:06:59.461 DEBUG akka.actor.CoordinatedShutdown - Performing task [leave] in CoordinatedShutdown phase [cluster-leave]
08:06:59.461 DEBUG a.c.sharding.DDataShardCoordinator - sharded-daemon-process-eventSourcedProjection-passivation-race-entity-passivation-race-view: The coordinator state was successfully updated with ShardHomeDeallocated(0)
08:06:59.462 DEBUG a.c.sharding.DDataShardCoordinator - sharded-daemon-process-eventSourcedProjection-passivation-race-entity-passivation-race-consumer-a: The coordinator state was successfully updated with ShardHomeDeallocated(0)
08:06:59.462 DEBUG a.c.sharding.DDataShardCoordinator - sharded-daemon-process-eventSourcedProjection-passivation-race-entity-passivation-race-view: Shard [0] deallocated after
08:06:59.462 DEBUG a.c.sharding.DDataShardCoordinator - sharded-daemon-process-eventSourcedProjection-passivation-race-entity-passivation-race-consumer-a: Shard [0] deallocated after
08:06:59.462 DEBUG a.c.sharding.DDataShardCoordinator - sharded-daemon-process-eventSourcedProjection-passivation-race-entity-passivation-race-view: ShardRegion terminated (gracefully): [Actor[akka://akka-runtime/system/sharding/sharded-daemon-process-eventSourcedProjection-passivation-race-entity-passivation-race-view#434318313]] {}
08:06:59.462 DEBUG a.c.sharding.DDataShardCoordinator - sharded-daemon-process-eventSourcedProjection-passivation-race-entity-passivation-race-consumer-a: ShardRegion terminated (gracefully): [Actor[akka://akka-runtime/system/sharding/sharded-daemon-process-eventSourcedProjection-passivation-race-entity-passivation-race-consumer-a#-565117260]] {}
08:06:59.462 DEBUG a.c.sharding.DDataShardCoordinator - sharded-daemon-process-eventSourcedProjection-passivation-race-entity-passivation-race-view: GetShardHome [0] request from [Actor[akka://local/ignore]] stashed, because waiting for initial state or update of state. It will be handled afterwards.
08:06:59.462 DEBUG a.c.sharding.DDataShardCoordinator - sharded-daemon-process-eventSourcedProjection-passivation-race-entity-passivation-race-consumer-a: GetShardHome [0] request from [Actor[akka://local/ignore]] stashed, because waiting for initial state or update of state. It will be handled afterwards.
08:06:59.462 DEBUG a.c.sharding.DDataShardCoordinator - sharded-daemon-process-eventSourcedProjection-passivation-race-entity-passivation-race-consumer-a: The coordinator state was successfully updated with ShardRegionTerminated(Actor[akka://akka-runtime/system/sharding/sharded-daemon-process-eventSourcedProjection-passivation-race-entity-passivation-race-consumer-a#-565117260])
08:06:59.462 DEBUG a.c.sharding.DDataShardCoordinator - sharded-daemon-process-eventSourcedProjection-passivation-race-entity-passivation-race-view: The coordinator state was successfully updated with ShardRegionTerminated(Actor[akka://akka-runtime/system/sharding/sharded-daemon-process-eventSourcedProjection-passivation-race-entity-passivation-race-view#434318313])
08:06:59.462 DEBUG a.c.sharding.DDataShardCoordinator - sharded-daemon-process-eventSourcedProjection-passivation-race-entity-passivation-race-view: ShardRegion stopped: [Actor[akka://akka-runtime/system/sharding/sharded-daemon-process-eventSourcedProjection-passivation-race-entity-passivation-race-view#434318313]]
08:06:59.462 DEBUG a.c.sharding.DDataShardCoordinator - sharded-daemon-process-eventSourcedProjection-passivation-race-entity-passivation-race-consumer-a: ShardRegion stopped: [Actor[akka://akka-runtime/system/sharding/sharded-daemon-process-eventSourcedProjection-passivation-race-entity-passivation-race-consumer-a#-565117260]]
08:06:59.462 DEBUG akka.actor.CoordinatedShutdown - Performing phase [cluster-exiting] with [28] tasks.
08:06:59.462 DEBUG akka.actor.CoordinatedShutdown - Performing task [wait-singleton-exiting] in CoordinatedShutdown phase [cluster-exiting]
08:06:59.462 DEBUG akka.actor.CoordinatedShutdown - Performing task [singleton-exiting-2] in CoordinatedShutdown phase [cluster-exiting]
08:06:59.462 DEBUG akka.actor.CoordinatedShutdown - Performing task [wait-singleton-exiting] in CoordinatedShutdown phase [cluster-exiting]
08:06:59.462 INFO  a.c.s.ClusterSingletonManager - Exited [akka://akka-runtime@127.0.0.1:63163].
08:06:59.462 DEBUG akka.actor.CoordinatedShutdown - Performing task [singleton-exiting-2] in CoordinatedShutdown phase [cluster-exiting]
08:06:59.462 DEBUG akka.actor.CoordinatedShutdown - Performing task [singleton-exiting-2] in CoordinatedShutdown phase [cluster-exiting]
08:06:59.462 DEBUG akka.actor.CoordinatedShutdown - Performing task [singleton-exiting-2] in CoordinatedShutdown phase [cluster-exiting]
08:06:59.462 DEBUG akka.actor.CoordinatedShutdown - Performing task [singleton-exiting-1] in CoordinatedShutdown phase [cluster-exiting]
08:06:59.462 INFO  a.c.s.ClusterSingletonManager - Exited [akka://akka-runtime@127.0.0.1:63163].
08:06:59.462 DEBUG akka.actor.CoordinatedShutdown - Performing task [wait-singleton-exiting] in CoordinatedShutdown phase [cluster-exiting]
08:06:59.462 DEBUG akka.actor.CoordinatedShutdown - Performing task [singleton-exiting-1] in CoordinatedShutdown phase [cluster-exiting]
08:06:59.462 INFO  a.c.s.ClusterSingletonManager - Exited [akka://akka-runtime@127.0.0.1:63163].
08:06:59.462 DEBUG akka.actor.CoordinatedShutdown - Performing task [singleton-exiting-1] in CoordinatedShutdown phase [cluster-exiting]
08:06:59.462 INFO  a.c.s.ClusterSingletonManager - Exited [akka://akka-runtime@127.0.0.1:63163].
08:06:59.462 DEBUG akka.actor.CoordinatedShutdown - Performing task [wait-singleton-exiting] in CoordinatedShutdown phase [cluster-exiting]
08:06:59.462 DEBUG akka.actor.CoordinatedShutdown - Performing task [singleton-exiting-2] in CoordinatedShutdown phase [cluster-exiting]
08:06:59.462 DEBUG akka.actor.CoordinatedShutdown - Performing task [singleton-exiting-1] in CoordinatedShutdown phase [cluster-exiting]
08:06:59.462 DEBUG akka.actor.CoordinatedShutdown - Performing task [wait-singleton-exiting] in CoordinatedShutdown phase [cluster-exiting]
08:06:59.462 DEBUG akka.actor.CoordinatedShutdown - Performing task [wait-singleton-exiting] in CoordinatedShutdown phase [cluster-exiting]
08:06:59.462 DEBUG akka.actor.CoordinatedShutdown - Performing task [singleton-exiting-1] in CoordinatedShutdown phase [cluster-exiting]
08:06:59.462 DEBUG akka.actor.CoordinatedShutdown - Performing task [wait-singleton-exiting] in CoordinatedShutdown phase [cluster-exiting]
08:06:59.462 DEBUG akka.actor.CoordinatedShutdown - Performing task [singleton-exiting-2] in CoordinatedShutdown phase [cluster-exiting]
08:06:59.462 INFO  a.c.s.ClusterSingletonManager - Oldest observed OldestChanged: [akka://akka-runtime@127.0.0.1:63163 -> None]
08:06:59.462 DEBUG akka.actor.CoordinatedShutdown - Performing task [singleton-exiting-1] in CoordinatedShutdown phase [cluster-exiting]
08:06:59.462 DEBUG akka.actor.CoordinatedShutdown - Performing task [singleton-exiting-2] in CoordinatedShutdown phase [cluster-exiting]
08:06:59.462 DEBUG akka.actor.CoordinatedShutdown - Performing task [singleton-exiting-1] in CoordinatedShutdown phase [cluster-exiting]
08:06:59.462 INFO  a.c.s.ClusterSingletonManager - ClusterSingletonManager state change [Oldest -> WasOldest]
08:06:59.462 DEBUG akka.actor.CoordinatedShutdown - Performing task [wait-singleton-exiting] in CoordinatedShutdown phase [cluster-exiting]
08:06:59.462 DEBUG akka.actor.CoordinatedShutdown - Performing task [wait-singleton-exiting] in CoordinatedShutdown phase [cluster-exiting]
08:06:59.462 DEBUG akka.actor.CoordinatedShutdown - Performing task [singleton-exiting-1] in CoordinatedShutdown phase [cluster-exiting]
08:06:59.462 DEBUG akka.actor.CoordinatedShutdown - Performing task [wait-exiting] in CoordinatedShutdown phase [cluster-exiting]
08:06:59.462 INFO  a.c.s.ClusterSingletonManager - Exited [akka://akka-runtime@127.0.0.1:63163].
08:06:59.462 DEBUG akka.actor.CoordinatedShutdown - Performing task [singleton-exiting-2] in CoordinatedShutdown phase [cluster-exiting]
08:06:59.463 DEBUG akka.actor.CoordinatedShutdown - Performing task [singleton-exiting-2] in CoordinatedShutdown phase [cluster-exiting]
08:06:59.463 DEBUG akka.actor.CoordinatedShutdown - Performing task [singleton-exiting-1] in CoordinatedShutdown phase [cluster-exiting]
08:06:59.463 INFO  a.c.s.ClusterSingletonManager - Oldest observed OldestChanged: [akka://akka-runtime@127.0.0.1:63163 -> None]
08:06:59.463 INFO  a.c.s.ClusterSingletonManager - ClusterSingletonManager state change [Oldest -> WasOldest]
08:06:59.463 INFO  a.c.s.ClusterSingletonManager - Exited [akka://akka-runtime@127.0.0.1:63163].
08:06:59.463 INFO  a.c.s.ClusterSingletonManager - Oldest observed OldestChanged: [akka://akka-runtime@127.0.0.1:63163 -> None]
08:06:59.463 INFO  a.c.s.ClusterSingletonManager - Exited [akka://akka-runtime@127.0.0.1:63163].
08:06:59.463 INFO  a.c.s.ClusterSingletonManager - ClusterSingletonManager state change [Oldest -> WasOldest]
08:06:59.463 INFO  a.c.s.ClusterSingletonManager - Oldest observed OldestChanged: [akka://akka-runtime@127.0.0.1:63163 -> None]
08:06:59.463 INFO  a.c.s.ClusterSingletonManager - ClusterSingletonManager state change [Oldest -> WasOldest]
08:06:59.463 INFO  a.c.s.ClusterSingletonManager - Exited [akka://akka-runtime@127.0.0.1:63163].
08:06:59.463 INFO  a.c.s.ClusterSingletonManager - Exited [akka://akka-runtime@127.0.0.1:63163].
08:06:59.463 INFO  a.c.s.ClusterSingletonManager - Oldest observed OldestChanged: [akka://akka-runtime@127.0.0.1:63163 -> None]
08:06:59.463 INFO  a.c.s.ClusterSingletonManager - Oldest observed OldestChanged: [akka://akka-runtime@127.0.0.1:63163 -> None]
08:06:59.463 INFO  a.c.s.ClusterSingletonManager - ClusterSingletonManager state change [Oldest -> WasOldest]
08:06:59.463 INFO  a.c.s.ClusterSingletonManager - ClusterSingletonManager state change [Oldest -> WasOldest]
08:06:59.463 INFO  a.c.s.ClusterSingletonManager - Oldest observed OldestChanged: [akka://akka-runtime@127.0.0.1:63163 -> None]
08:06:59.463 INFO  a.c.s.ClusterSingletonManager - Oldest observed OldestChanged: [akka://akka-runtime@127.0.0.1:63163 -> None]
08:06:59.463 INFO  a.c.s.ClusterSingletonManager - Oldest observed OldestChanged: [akka://akka-runtime@127.0.0.1:63163 -> None]
08:06:59.463 INFO  a.c.s.ClusterSingletonManager - ClusterSingletonManager state change [Oldest -> WasOldest]
08:06:59.463 INFO  a.c.s.ClusterSingletonManager - ClusterSingletonManager state change [Oldest -> WasOldest]
08:06:59.463 INFO  a.c.s.ClusterSingletonManager - ClusterSingletonManager state change [Oldest -> WasOldest]
08:07:00.103 DEBUG a.c.singleton.ClusterSingletonProxy - Creating singleton identification timer...
08:07:00.103 DEBUG a.c.singleton.ClusterSingletonProxy - Creating singleton identification timer...
08:07:00.103 DEBUG a.c.singleton.ClusterSingletonProxy - Creating singleton identification timer...
08:07:00.103 DEBUG a.c.singleton.ClusterSingletonProxy - Creating singleton identification timer...
08:07:00.482 INFO  a.c.s.ClusterSingletonManager - Singleton manager stopping singleton actor [akka://akka-runtime/system/sharding/_timerCoordinator/singleton]
08:07:00.482 INFO  a.c.s.ClusterSingletonManager - Singleton manager stopping singleton actor [akka://akka-runtime/system/singletonManagerShardedDaemonProcessCoordinator-eventSourcedProjection-passivation-race-entity-passivation-race-consumer-a/ShardedDaemonProcessCoordinator-eventSourcedProjection-passivation-race-entity-passivation-race-consumer-a]
08:07:00.482 INFO  a.c.s.ClusterSingletonManager - ClusterSingletonManager state change [WasOldest -> Stopping]
08:07:00.482 INFO  a.c.s.ClusterSingletonManager - ClusterSingletonManager state change [WasOldest -> Stopping]
08:07:00.482 INFO  a.c.s.ClusterSingletonManager - Singleton manager stopping singleton actor [akka://akka-runtime/system/sharding/sharded-daemon-process-eventSourcedProjection-passivation-race-entity-passivation-race-viewCoordinator/singleton]
08:07:00.482 INFO  a.c.s.ClusterSingletonManager - ClusterSingletonManager state change [WasOldest -> Stopping]
08:07:00.482 DEBUG a.c.sharding.DDataShardCoordinator - sharded-daemon-process-eventSourcedProjection-passivation-race-entity-passivation-race-view: Received termination message.
08:07:00.482 DEBUG a.c.sharding.DDataShardCoordinator - _timer: Received termination message.
08:07:00.482 INFO  a.c.s.ClusterSingletonManager - Singleton manager stopping singleton actor [akka://akka-runtime/system/singletonManagerShardedDaemonProcessCoordinator-eventSourcedProjection-passivation-race-entity-passivation-race-consumer-b/ShardedDaemonProcessCoordinator-eventSourcedProjection-passivation-race-entity-passivation-race-consumer-b]
08:07:00.482 INFO  a.c.s.ClusterSingletonManager - ClusterSingletonManager state change [WasOldest -> Stopping]
08:07:00.482 INFO  a.c.s.ClusterSingletonManager - Singleton manager stopping singleton actor [akka://akka-runtime/system/singletonManagerShardedDaemonProcessCoordinator-eventSourcedProjection-passivation-race-entity-passivation-race-view/ShardedDaemonProcessCoordinator-eventSourcedProjection-passivation-race-entity-passivation-race-view]
08:07:00.482 INFO  a.c.s.ClusterSingletonManager - ClusterSingletonManager state change [WasOldest -> Stopping]
08:07:00.482 INFO  a.c.s.ClusterSingletonManager - Singleton actor [akka://akka-runtime/system/singletonManagerShardedDaemonProcessCoordinator-eventSourcedProjection-passivation-race-entity-passivation-race-consumer-b/ShardedDaemonProcessCoordinator-eventSourcedProjection-passivation-race-entity-passivation-race-consumer-b] was terminated
08:07:00.482 INFO  a.c.s.ClusterSingletonManager - Singleton actor [akka://akka-runtime/system/singletonManagerShardedDaemonProcessCoordinator-eventSourcedProjection-passivation-race-entity-passivation-race-consumer-a/ShardedDaemonProcessCoordinator-eventSourcedProjection-passivation-race-entity-passivation-race-consumer-a] was terminated
08:07:00.482 INFO  a.c.s.ClusterSingletonManager - Singleton actor [akka://akka-runtime/system/singletonManagerShardedDaemonProcessCoordinator-eventSourcedProjection-passivation-race-entity-passivation-race-view/ShardedDaemonProcessCoordinator-eventSourcedProjection-passivation-race-entity-passivation-race-view] was terminated
08:07:00.482 INFO  a.c.s.ClusterSingletonManager - Singleton actor [akka://akka-runtime/system/sharding/sharded-daemon-process-eventSourcedProjection-passivation-race-entity-passivation-race-viewCoordinator/singleton] was terminated
08:07:00.482 INFO  a.c.s.ClusterSingletonManager - Singleton manager stopping singleton actor [akka://akka-runtime/system/sharding/passivation-race-entityCoordinator/singleton]
08:07:00.482 INFO  a.c.s.ClusterSingletonManager - ClusterSingletonManager state change [WasOldest -> Stopping]
08:07:00.482 INFO  a.c.s.ClusterSingletonManager - Singleton manager stopping singleton actor [akka://akka-runtime/system/singletonManagerschemaSingleton/schemaSingleton]
08:07:00.482 INFO  a.c.s.ClusterSingletonManager - ClusterSingletonManager state change [WasOldest -> Stopping]
08:07:00.482 INFO  a.c.s.ClusterSingletonManager - Singleton manager stopping singleton actor [akka://akka-runtime/system/sharding/sharded-daemon-process-eventSourcedProjection-passivation-race-entity-passivation-race-consumer-bCoordinator/singleton]
08:07:00.482 INFO  a.c.s.ClusterSingletonManager - ClusterSingletonManager state change [WasOldest -> Stopping]
08:07:00.482 DEBUG a.c.sharding.DDataShardCoordinator - sharded-daemon-process-eventSourcedProjection-passivation-race-entity-passivation-race-consumer-b: Received termination message.
08:07:00.482 INFO  a.c.s.ClusterSingletonManager - Singleton actor [akka://akka-runtime/system/singletonManagerschemaSingleton/schemaSingleton] was terminated
08:07:00.482 DEBUG a.c.sharding.DDataShardCoordinator - passivation-race-entity: Received termination message.
08:07:00.483 INFO  a.c.s.ClusterSingletonManager - Singleton actor [akka://akka-runtime/system/sharding/sharded-daemon-process-eventSourcedProjection-passivation-race-entity-passivation-race-consumer-bCoordinator/singleton] was terminated
08:07:00.483 INFO  a.c.s.ClusterSingletonManager - Singleton manager stopping singleton actor [akka://akka-runtime/system/sharding/sharded-daemon-process-eventSourcedProjection-passivation-race-entity-passivation-race-consumer-aCoordinator/singleton]
08:07:00.483 INFO  a.c.s.ClusterSingletonManager - ClusterSingletonManager state change [WasOldest -> Stopping]
08:07:00.483 DEBUG a.c.sharding.DDataShardCoordinator - sharded-daemon-process-eventSourcedProjection-passivation-race-entity-passivation-race-consumer-a: Received termination message.
08:07:00.483 INFO  a.c.s.ClusterSingletonManager - Singleton actor [akka://akka-runtime/system/sharding/passivation-race-entityCoordinator/singleton] was terminated
08:07:00.483 INFO  a.c.s.ClusterSingletonManager - Singleton actor [akka://akka-runtime/system/sharding/sharded-daemon-process-eventSourcedProjection-passivation-race-entity-passivation-race-consumer-aCoordinator/singleton] was terminated
08:07:00.483 INFO  a.c.s.ClusterSingletonManager - Singleton actor [akka://akka-runtime/system/sharding/_timerCoordinator/singleton] was terminated
08:07:00.483 DEBUG akka.actor.CoordinatedShutdown - Performing phase [cluster-exiting-done] with [1] tasks.
08:07:00.483 DEBUG akka.actor.CoordinatedShutdown - Performing task [exiting-completed] in CoordinatedShutdown phase [cluster-exiting-done]
08:07:00.484 DEBUG akka.actor.CoordinatedShutdown - Performing phase [cluster-shutdown] with [1] tasks.
08:07:00.484 DEBUG akka.actor.CoordinatedShutdown - Performing task [wait-shutdown] in CoordinatedShutdown phase [cluster-shutdown]
08:07:00.484 DEBUG akka.actor.CoordinatedShutdown - Performing phase [before-actor-system-terminate] with [2] tasks.
08:07:00.484 DEBUG akka.actor.CoordinatedShutdown - Performing task [close connection pools] in CoordinatedShutdown phase [before-actor-system-terminate]
08:07:00.484 DEBUG akka.actor.CoordinatedShutdown - Performing task [close-grpc-channels] in CoordinatedShutdown phase [before-actor-system-terminate]
08:07:00.484 DEBUG akka.actor.CoordinatedShutdown - Performing phase [actor-system-terminate] with [1] tasks.
08:07:00.484 DEBUG akka.actor.CoordinatedShutdown - Performing task [terminate-system] in CoordinatedShutdown phase [actor-system-terminate]
08:07:00.540 INFO  akka.runtime.AkkaRuntimeMain - Starting Akka Runtime version [1.6.15]
08:07:00.548 INFO  akka.javasdk.impl.ComponentLocator$ - Looking for component descriptors matching pattern [META-INF/akka-javasdk-components_*.conf]
08:07:00.554 INFO  akka.javasdk.testkit.TestKit - Eventing TestKit booting up on port: 63167
08:07:00.555 DEBUG a.c.singleton.ClusterSingletonProxy - Creating singleton identification timer...
08:07:00.555 DEBUG a.c.singleton.ClusterSingletonProxy - Singleton not available, buffering message type [kalix.runtime.SchemaSingleton$ExecDdl]
08:07:00.555 DEBUG a.c.singleton.ClusterSingletonProxy - Trying to identify singleton at [akka://akka-runtime@127.0.0.1:63168/system/singletonManagerschemaSingleton/schemaSingleton]
08:07:00.555 INFO  a.c.s.ClusterSingletonManager - Singleton manager starting singleton actor [akka://akka-runtime/system/singletonManagerschemaSingleton/schemaSingleton]
08:07:00.555 INFO  a.c.s.ClusterSingletonManager - ClusterSingletonManager state change [Start -> Oldest]
08:07:00.556 INFO  akka.javasdk.testkit.TestKit - Checking runtime status
08:07:00.625 DEBUG a.c.singleton.ClusterSingletonProxy - Trying to identify singleton at [akka://akka-runtime@127.0.0.1:63168/system/singletonManagerschemaSingleton/schemaSingleton]
08:07:00.625 INFO  a.c.singleton.ClusterSingletonProxy - Singleton identified at [akka://akka-runtime/system/singletonManagerschemaSingleton/schemaSingleton]
08:07:00.625 DEBUG a.c.singleton.ClusterSingletonProxy - Sending buffered messages to current singleton instance
08:07:00.627 INFO  a.c.s.typed.scaladsl.ClusterSharding - Starting Shard Region [passivation-race-entity]...
08:07:00.627 INFO  akka.cluster.sharding.ShardRegion - passivation-race-entity: Automatic entity passivation: composite strategy with limit of [10000] active entities, admission window (least recently used entities) with proportions [initial = 0.01, min = 0.01, max = 1.0] adapting with hill-climbing optimizer [adjust multiplier = 10.0, initial step = 0.0625, restart threshold = 0.05, step decay = 0.98], admit using frequency sketch [width multiplier = 4, reset multiplier = 10.0, depth = 4, counter bits = 4], main (least recently used entities (segmented with [2] levels with proportions of [0.20, 0.80]))
08:07:00.627 INFO  a.c.s.ClusterSingletonManager - Singleton manager starting singleton actor [akka://akka-runtime/system/sharding/passivation-race-entityCoordinator/singleton]
08:07:00.627 INFO  a.c.s.ClusterSingletonManager - ClusterSingletonManager state change [Start -> Oldest]
08:07:00.628 DEBUG a.c.sharding.DDataShardCoordinator - passivation-race-entity: Initial coordinator is empty.
08:07:00.628 INFO  a.c.sharding.DDataShardCoordinator - passivation-race-entity: ShardCoordinator was moved to the active state with [0] shards
08:07:00.629 DEBUG a.c.singleton.ClusterSingletonProxy - Forwarding message of type [SchemaSingleton$ExecDdl] to current singleton instance at [akka://akka-runtime/system/singletonManagerschemaSingleton/schemaSingleton]
08:07:00.629 INFO  akka.runtime.DiscoveryManager - Service components: EventSourcedEntity: [1], Consumer: [2], View: [1]
08:07:00.630 INFO  a.c.s.typed.scaladsl.ClusterSharding - Starting Shard Region [_timer]...
08:07:00.630 INFO  a.c.s.typed.scaladsl.ClusterSharding - Starting Shard Region [sharded-daemon-process-eventSourcedProjection-passivation-race-entity-passivation-race-consumer-a]...
08:07:00.631 INFO  akka.cluster.sharding.ShardRegion - sharded-daemon-process-eventSourcedProjection-passivation-race-entity-passivation-race-consumer-a: Automatic entity passivation: disabled
08:07:00.631 INFO  a.c.s.ClusterSingletonManager - Singleton manager starting singleton actor [akka://akka-runtime/system/sharding/_timerCoordinator/singleton]
08:07:00.631 INFO  a.c.s.ClusterSingletonManager - ClusterSingletonManager state change [Start -> Oldest]
08:07:00.631 DEBUG a.c.singleton.ClusterSingletonProxy - Creating singleton identification timer...
08:07:00.631 DEBUG a.c.sharding.DDataShardCoordinator - _timer: Starting remember entities store from provider akka.cluster.sharding.internal.DDataRememberEntitiesProvider@324ffcfc
08:07:00.631 DEBUG a.c.singleton.ClusterSingletonProxy - Trying to identify singleton at [akka://akka-runtime@127.0.0.1:63168/system/singletonManagerShardedDaemonProcessCoordinator-eventSourcedProjection-passivation-race-entity-passivation-race-consumer-a/ShardedDaemonProcessCoordinator-eventSourcedProjection-passivation-race-entity-passivation-race-consumer-a]
08:07:00.631 DEBUG a.c.sharding.DDataShardCoordinator - _timer: Initial coordinator is empty.
08:07:00.631 INFO  a.c.sharding.DDataShardCoordinator - _timer: ShardCoordinator was moved to the active state with [0] shards
08:07:00.631 DEBUG a.c.sharding.DDataShardCoordinator - _timer: Received [0] remembered shard ids (after state initialized)
08:07:00.631 INFO  a.c.s.typed.scaladsl.ClusterSharding - Starting Shard Region [sharded-daemon-process-eventSourcedProjection-passivation-race-entity-passivation-race-consumer-b]...
08:07:00.631 INFO  a.c.s.ClusterSingletonManager - Singleton manager starting singleton actor [akka://akka-runtime/system/sharding/sharded-daemon-process-eventSourcedProjection-passivation-race-entity-passivation-race-consumer-aCoordinator/singleton]
08:07:00.631 INFO  a.c.s.ClusterSingletonManager - ClusterSingletonManager state change [Start -> Oldest]
08:07:00.631 INFO  a.c.s.ClusterSingletonManager - Singleton manager starting singleton actor [akka://akka-runtime/system/singletonManagerShardedDaemonProcessCoordinator-eventSourcedProjection-passivation-race-entity-passivation-race-consumer-a/ShardedDaemonProcessCoordinator-eventSourcedProjection-passivation-race-entity-passivation-race-consumer-a]
08:07:00.631 INFO  a.c.s.ClusterSingletonManager - ClusterSingletonManager state change [Start -> Oldest]
08:07:00.631 DEBUG a.c.s.t.i.ShardedDaemonProcessCoordinator$ - ShardedDaemonProcessCoordinator for [eventSourcedProjection-passivation-race-entity-passivation-race-consumer-a] starting
08:07:00.631 INFO  akka.cluster.sharding.ShardRegion - sharded-daemon-process-eventSourcedProjection-passivation-race-entity-passivation-race-consumer-b: Automatic entity passivation: disabled
08:07:00.631 DEBUG a.c.s.t.i.ShardedDaemonProcessCoordinator$ - eventSourcedProjection-passivation-race-entity-passivation-race-consumer-a: No previous state stored for Sharded Daemon Process
08:07:00.631 DEBUG a.c.sharding.DDataShardCoordinator - sharded-daemon-process-eventSourcedProjection-passivation-race-entity-passivation-race-consumer-a: Initial coordinator is empty.
08:07:00.631 INFO  a.c.sharding.DDataShardCoordinator - sharded-daemon-process-eventSourcedProjection-passivation-race-entity-passivation-race-consumer-a: ShardCoordinator was moved to the active state with [0] shards
08:07:00.631 DEBUG a.c.s.t.i.ShardedDaemonProcessCoordinator$ - Sending periodic keep alive for Sharded Daemon Process [eventSourcedProjection-passivation-race-entity-passivation-race-consumer-a] to [1] processes (revision [0]).
08:07:00.632 INFO  a.c.s.typed.scaladsl.ClusterSharding - Starting Shard Region [sharded-daemon-process-eventSourcedProjection-passivation-race-entity-passivation-race-view]...
08:07:00.632 DEBUG a.c.singleton.ClusterSingletonProxy - Creating singleton identification timer...
08:07:00.632 DEBUG a.c.singleton.ClusterSingletonProxy - Trying to identify singleton at [akka://akka-runtime@127.0.0.1:63168/system/singletonManagerShardedDaemonProcessCoordinator-eventSourcedProjection-passivation-race-entity-passivation-race-consumer-b/ShardedDaemonProcessCoordinator-eventSourcedProjection-passivation-race-entity-passivation-race-consumer-b]
08:07:00.632 INFO  akka.cluster.sharding.ShardRegion - sharded-daemon-process-eventSourcedProjection-passivation-race-entity-passivation-race-view: Automatic entity passivation: disabled
08:07:00.632 INFO  a.c.s.ClusterSingletonManager - Singleton manager starting singleton actor [akka://akka-runtime/system/sharding/sharded-daemon-process-eventSourcedProjection-passivation-race-entity-passivation-race-consumer-bCoordinator/singleton]
08:07:00.632 INFO  a.c.s.ClusterSingletonManager - ClusterSingletonManager state change [Start -> Oldest]
08:07:00.632 DEBUG a.c.sharding.DDataShardCoordinator - sharded-daemon-process-eventSourcedProjection-passivation-race-entity-passivation-race-consumer-b: Initial coordinator is empty.
08:07:00.632 INFO  a.c.s.ClusterSingletonManager - Singleton manager starting singleton actor [akka://akka-runtime/system/singletonManagerShardedDaemonProcessCoordinator-eventSourcedProjection-passivation-race-entity-passivation-race-consumer-b/ShardedDaemonProcessCoordinator-eventSourcedProjection-passivation-race-entity-passivation-race-consumer-b]
08:07:00.632 INFO  a.c.sharding.DDataShardCoordinator - sharded-daemon-process-eventSourcedProjection-passivation-race-entity-passivation-race-consumer-b: ShardCoordinator was moved to the active state with [0] shards
08:07:00.632 INFO  a.c.s.ClusterSingletonManager - ClusterSingletonManager state change [Start -> Oldest]
08:07:00.632 DEBUG a.c.singleton.ClusterSingletonProxy - Creating singleton identification timer...
08:07:00.632 DEBUG a.c.singleton.ClusterSingletonProxy - Trying to identify singleton at [akka://akka-runtime@127.0.0.1:63168/system/singletonManagerShardedDaemonProcessCoordinator-eventSourcedProjection-passivation-race-entity-passivation-race-view/ShardedDaemonProcessCoordinator-eventSourcedProjection-passivation-race-entity-passivation-race-view]
08:07:00.632 DEBUG a.c.s.t.i.ShardedDaemonProcessCoordinator$ - ShardedDaemonProcessCoordinator for [eventSourcedProjection-passivation-race-entity-passivation-race-consumer-b] starting
08:07:00.632 INFO  akka.runtime.DiscoveryManager - Akka Runtime started at 127.0.0.1:63166
08:07:00.632 INFO  a.c.s.ClusterSingletonManager - Singleton manager starting singleton actor [akka://akka-runtime/system/sharding/sharded-daemon-process-eventSourcedProjection-passivation-race-entity-passivation-race-viewCoordinator/singleton]
08:07:00.632 DEBUG a.c.s.t.i.ShardedDaemonProcessCoordinator$ - eventSourcedProjection-passivation-race-entity-passivation-race-consumer-b: No previous state stored for Sharded Daemon Process
08:07:00.632 INFO  a.c.s.ClusterSingletonManager - Singleton manager starting singleton actor [akka://akka-runtime/system/singletonManagerShardedDaemonProcessCoordinator-eventSourcedProjection-passivation-race-entity-passivation-race-view/ShardedDaemonProcessCoordinator-eventSourcedProjection-passivation-race-entity-passivation-race-view]
08:07:00.632 DEBUG a.c.s.t.i.ShardedDaemonProcessCoordinator$ - Sending periodic keep alive for Sharded Daemon Process [eventSourcedProjection-passivation-race-entity-passivation-race-consumer-b] to [1] processes (revision [0]).
08:07:00.632 DEBUG a.c.s.t.i.ShardedDaemonProcessCoordinator$ - ShardedDaemonProcessCoordinator for [eventSourcedProjection-passivation-race-entity-passivation-race-view] starting
08:07:00.633 INFO  a.c.s.ClusterSingletonManager - ClusterSingletonManager state change [Start -> Oldest]
08:07:00.633 INFO  a.c.s.ClusterSingletonManager - ClusterSingletonManager state change [Start -> Oldest]
08:07:00.633 DEBUG a.c.sharding.DDataShardCoordinator - sharded-daemon-process-eventSourcedProjection-passivation-race-entity-passivation-race-view: Initial coordinator is empty.
08:07:00.633 INFO  repro.Bootstrap - onStartup burst of 8 starting
08:07:00.633 DEBUG a.c.s.t.i.ShardedDaemonProcessCoordinator$ - eventSourcedProjection-passivation-race-entity-passivation-race-view: No previous state stored for Sharded Daemon Process
08:07:00.633 INFO  a.c.sharding.DDataShardCoordinator - sharded-daemon-process-eventSourcedProjection-passivation-race-entity-passivation-race-view: ShardCoordinator was moved to the active state with [0] shards
08:07:00.633 DEBUG a.c.s.t.i.ShardedDaemonProcessCoordinator$ - Sending periodic keep alive for Sharded Daemon Process [eventSourcedProjection-passivation-race-entity-passivation-race-view] to [1] processes (revision [0]).
08:07:00.677 INFO  akka.javasdk.testkit.TestKit - Runtime started
08:07:00.677 INFO  akka.actor.CoordinatedShutdown - Running CoordinatedShutdown with reason [ActorSystemTerminateReason]
08:07:00.677 DEBUG akka.actor.CoordinatedShutdown - Performing phase [before-service-unbind] with [0] tasks
08:07:00.677 DEBUG akka.actor.CoordinatedShutdown - Performing phase [service-unbind] with [1] tasks.
08:07:00.677 DEBUG akka.actor.CoordinatedShutdown - Performing task [http-unbind-/127.0.0.1:63166] in CoordinatedShutdown phase [service-unbind]
08:07:00.677 DEBUG akka.actor.CoordinatedShutdown - Performing phase [service-requests-done] with [1] tasks.
08:07:00.677 DEBUG akka.actor.CoordinatedShutdown - Performing task [http-terminate-/127.0.0.1:63166] in CoordinatedShutdown phase [service-requests-done]
08:07:00.677 DEBUG akka.actor.CoordinatedShutdown - Performing phase [service-stop] with [1] tasks.
08:07:00.677 DEBUG akka.actor.CoordinatedShutdown - Performing task [stop-grpc-clients] in CoordinatedShutdown phase [service-stop]
08:07:00.677 DEBUG akka.actor.CoordinatedShutdown - Performing phase [before-cluster-shutdown] with [0] tasks
08:07:00.677 DEBUG akka.actor.CoordinatedShutdown - Performing phase [cluster-sharding-shutdown-region] with [5] tasks.
08:07:00.677 DEBUG akka.actor.CoordinatedShutdown - Performing task [region-shutdown] in CoordinatedShutdown phase [cluster-sharding-shutdown-region]
08:07:00.678 DEBUG akka.actor.CoordinatedShutdown - Performing task [region-shutdown] in CoordinatedShutdown phase [cluster-sharding-shutdown-region]
08:07:00.678 DEBUG akka.actor.CoordinatedShutdown - Performing task [region-shutdown] in CoordinatedShutdown phase [cluster-sharding-shutdown-region]
08:07:00.678 DEBUG akka.actor.CoordinatedShutdown - Performing task [region-shutdown] in CoordinatedShutdown phase [cluster-sharding-shutdown-region]
08:07:00.678 DEBUG akka.actor.CoordinatedShutdown - Performing task [region-shutdown] in CoordinatedShutdown phase [cluster-sharding-shutdown-region]
08:07:00.678 DEBUG a.c.sharding.DDataShardCoordinator - passivation-race-entity: Unknown region requested graceful shutdown [Actor[akka://akka-runtime/system/sharding/passivation-race-entity#99053096]]
08:07:00.678 DEBUG a.c.sharding.DDataShardCoordinator - sharded-daemon-process-eventSourcedProjection-passivation-race-entity-passivation-race-view: Unknown region requested graceful shutdown [Actor[akka://akka-runtime/system/sharding/sharded-daemon-process-eventSourcedProjection-passivation-race-entity-passivation-race-view#-92650257]]
08:07:00.678 DEBUG a.c.sharding.DDataShardCoordinator - sharded-daemon-process-eventSourcedProjection-passivation-race-entity-passivation-race-consumer-a: Unknown region requested graceful shutdown [Actor[akka://akka-runtime/system/sharding/sharded-daemon-process-eventSourcedProjection-passivation-race-entity-passivation-race-consumer-a#-1134008085]]
08:07:00.678 DEBUG a.c.sharding.DDataShardCoordinator - _timer: Unknown region requested graceful shutdown [Actor[akka://akka-runtime/system/sharding/_timer#-1457318404]]
08:07:00.678 DEBUG a.c.sharding.DDataShardCoordinator - sharded-daemon-process-eventSourcedProjection-passivation-race-entity-passivation-race-consumer-b: Unknown region requested graceful shutdown [Actor[akka://akka-runtime/system/sharding/sharded-daemon-process-eventSourcedProjection-passivation-race-entity-passivation-race-consumer-b#77055996]]
08:07:00.695 DEBUG a.c.singleton.ClusterSingletonProxy - Trying to identify singleton at [akka://akka-runtime@127.0.0.1:63168/system/singletonManagerShardedDaemonProcessCoordinator-eventSourcedProjection-passivation-race-entity-passivation-race-consumer-a/ShardedDaemonProcessCoordinator-eventSourcedProjection-passivation-race-entity-passivation-race-consumer-a]
08:07:00.695 DEBUG a.c.singleton.ClusterSingletonProxy - Trying to identify singleton at [akka://akka-runtime@127.0.0.1:63168/system/singletonManagerShardedDaemonProcessCoordinator-eventSourcedProjection-passivation-race-entity-passivation-race-view/ShardedDaemonProcessCoordinator-eventSourcedProjection-passivation-race-entity-passivation-race-view]
08:07:00.695 DEBUG a.c.singleton.ClusterSingletonProxy - Trying to identify singleton at [akka://akka-runtime@127.0.0.1:63168/system/singletonManagerShardedDaemonProcessCoordinator-eventSourcedProjection-passivation-race-entity-passivation-race-consumer-b/ShardedDaemonProcessCoordinator-eventSourcedProjection-passivation-race-entity-passivation-race-consumer-b]
08:07:00.695 INFO  a.c.singleton.ClusterSingletonProxy - Singleton identified at [akka://akka-runtime/system/singletonManagerShardedDaemonProcessCoordinator-eventSourcedProjection-passivation-race-entity-passivation-race-consumer-a/ShardedDaemonProcessCoordinator-eventSourcedProjection-passivation-race-entity-passivation-race-consumer-a]
08:07:00.695 INFO  a.c.singleton.ClusterSingletonProxy - Singleton identified at [akka://akka-runtime/system/singletonManagerShardedDaemonProcessCoordinator-eventSourcedProjection-passivation-race-entity-passivation-race-view/ShardedDaemonProcessCoordinator-eventSourcedProjection-passivation-race-entity-passivation-race-view]
08:07:00.695 DEBUG a.c.singleton.ClusterSingletonProxy - Sending buffered messages to current singleton instance
08:07:00.695 DEBUG a.c.singleton.ClusterSingletonProxy - Sending buffered messages to current singleton instance
08:07:00.695 INFO  a.c.singleton.ClusterSingletonProxy - Singleton identified at [akka://akka-runtime/system/singletonManagerShardedDaemonProcessCoordinator-eventSourcedProjection-passivation-race-entity-passivation-race-consumer-b/ShardedDaemonProcessCoordinator-eventSourcedProjection-passivation-race-entity-passivation-race-consumer-b]
08:07:00.695 DEBUG a.c.singleton.ClusterSingletonProxy - Sending buffered messages to current singleton instance
08:07:00.894 DEBUG a.c.sharding.DDataShardCoordinator - sharded-daemon-process-eventSourcedProjection-passivation-race-entity-passivation-race-consumer-a: ShardRegion registered: [Actor[akka://akka-runtime/system/sharding/sharded-daemon-process-eventSourcedProjection-passivation-race-entity-passivation-race-consumer-a#-1134008085]]
08:07:00.894 DEBUG a.c.sharding.DDataShardCoordinator - passivation-race-entity: ShardRegion registered: [Actor[akka://akka-runtime/system/sharding/passivation-race-entity#99053096]]
08:07:00.894 DEBUG a.c.sharding.DDataShardCoordinator - sharded-daemon-process-eventSourcedProjection-passivation-race-entity-passivation-race-view: ShardRegion registered: [Actor[akka://akka-runtime/system/sharding/sharded-daemon-process-eventSourcedProjection-passivation-race-entity-passivation-race-view#-92650257]]
08:07:00.894 DEBUG a.c.sharding.DDataShardCoordinator - sharded-daemon-process-eventSourcedProjection-passivation-race-entity-passivation-race-consumer-b: ShardRegion registered: [Actor[akka://akka-runtime/system/sharding/sharded-daemon-process-eventSourcedProjection-passivation-race-entity-passivation-race-consumer-b#77055996]]
08:07:00.895 DEBUG a.c.sharding.DDataShardCoordinator - sharded-daemon-process-eventSourcedProjection-passivation-race-entity-passivation-race-consumer-a: The coordinator state was successfully updated with ShardRegionRegistered(Actor[akka://akka-runtime/system/sharding/sharded-daemon-process-eventSourcedProjection-passivation-race-entity-passivation-race-consumer-a#-1134008085])
08:07:00.895 DEBUG a.c.sharding.DDataShardCoordinator - sharded-daemon-process-eventSourcedProjection-passivation-race-entity-passivation-race-view: The coordinator state was successfully updated with ShardRegionRegistered(Actor[akka://akka-runtime/system/sharding/sharded-daemon-process-eventSourcedProjection-passivation-race-entity-passivation-race-view#-92650257])
08:07:00.895 DEBUG a.c.sharding.DDataShardCoordinator - sharded-daemon-process-eventSourcedProjection-passivation-race-entity-passivation-race-consumer-b: The coordinator state was successfully updated with ShardRegionRegistered(Actor[akka://akka-runtime/system/sharding/sharded-daemon-process-eventSourcedProjection-passivation-race-entity-passivation-race-consumer-b#77055996])
08:07:00.895 DEBUG a.c.sharding.DDataShardCoordinator - passivation-race-entity: The coordinator state was successfully updated with ShardRegionRegistered(Actor[akka://akka-runtime/system/sharding/passivation-race-entity#99053096])
08:07:00.895 DEBUG a.c.sharding.DDataShardCoordinator - sharded-daemon-process-eventSourcedProjection-passivation-race-entity-passivation-race-view: The coordinator state was successfully updated with ShardHomeAllocated(0,Actor[akka://akka-runtime/system/sharding/sharded-daemon-process-eventSourcedProjection-passivation-race-entity-passivation-race-view#-92650257])
08:07:00.895 DEBUG a.c.sharding.DDataShardCoordinator - sharded-daemon-process-eventSourcedProjection-passivation-race-entity-passivation-race-consumer-a: The coordinator state was successfully updated with ShardHomeAllocated(0,Actor[akka://akka-runtime/system/sharding/sharded-daemon-process-eventSourcedProjection-passivation-race-entity-passivation-race-consumer-a#-1134008085])
08:07:00.895 DEBUG a.c.sharding.DDataShardCoordinator - passivation-race-entity: The coordinator state was successfully updated with ShardHomeAllocated(836,Actor[akka://akka-runtime/system/sharding/passivation-race-entity#99053096])
08:07:00.895 DEBUG a.c.sharding.DDataShardCoordinator - sharded-daemon-process-eventSourcedProjection-passivation-race-entity-passivation-race-view: Shard [0] allocated at [Actor[akka://akka-runtime/system/sharding/sharded-daemon-process-eventSourcedProjection-passivation-race-entity-passivation-race-view#-92650257]]
08:07:00.895 DEBUG a.c.sharding.DDataShardCoordinator - sharded-daemon-process-eventSourcedProjection-passivation-race-entity-passivation-race-consumer-a: Shard [0] allocated at [Actor[akka://akka-runtime/system/sharding/sharded-daemon-process-eventSourcedProjection-passivation-race-entity-passivation-race-consumer-a#-1134008085]]
08:07:00.896 DEBUG a.c.sharding.DDataShardCoordinator - passivation-race-entity: Shard [836] allocated at [Actor[akka://akka-runtime/system/sharding/passivation-race-entity#99053096]]
08:07:00.896 DEBUG a.c.sharding.DDataShardCoordinator - sharded-daemon-process-eventSourcedProjection-passivation-race-entity-passivation-race-consumer-b: The coordinator state was successfully updated with ShardHomeAllocated(0,Actor[akka://akka-runtime/system/sharding/sharded-daemon-process-eventSourcedProjection-passivation-race-entity-passivation-race-consumer-b#77055996])
08:07:00.896 DEBUG a.c.sharding.DDataShardCoordinator - sharded-daemon-process-eventSourcedProjection-passivation-race-entity-passivation-race-consumer-b: Shard [0] allocated at [Actor[akka://akka-runtime/system/sharding/sharded-daemon-process-eventSourcedProjection-passivation-race-entity-passivation-race-consumer-b#77055996]]
08:07:00.896 DEBUG a.c.sharding.DDataShardCoordinator - sharded-daemon-process-eventSourcedProjection-passivation-race-entity-passivation-race-consumer-a: Graceful shutdown of region [Actor[akka://akka-runtime/system/sharding/sharded-daemon-process-eventSourcedProjection-passivation-race-entity-passivation-race-consumer-a#-1134008085]] with [1] shards
08:07:00.896 INFO  a.c.sharding.DDataShardCoordinator - sharded-daemon-process-eventSourcedProjection-passivation-race-entity-passivation-race-consumer-a: Starting shutting down shards [0] due to region shutting down or explicit stopping of shards.
08:07:00.896 DEBUG a.c.sharding.DDataShardCoordinator - passivation-race-entity: Graceful shutdown of region [Actor[akka://akka-runtime/system/sharding/passivation-race-entity#99053096]] with [1] shards
08:07:00.896 INFO  a.c.sharding.DDataShardCoordinator - passivation-race-entity: Starting shutting down shards [836] due to region shutting down or explicit stopping of shards.
08:07:00.896 DEBUG a.c.sharding.DDataShardCoordinator - sharded-daemon-process-eventSourcedProjection-passivation-race-entity-passivation-race-view: Graceful shutdown of region [Actor[akka://akka-runtime/system/sharding/sharded-daemon-process-eventSourcedProjection-passivation-race-entity-passivation-race-view#-92650257]] with [1] shards
08:07:00.896 INFO  a.c.sharding.DDataShardCoordinator - sharded-daemon-process-eventSourcedProjection-passivation-race-entity-passivation-race-view: Starting shutting down shards [0] due to region shutting down or explicit stopping of shards.
08:07:00.896 DEBUG a.c.s.ShardCoordinator$RebalanceWorker - passivation-race-entity: Shutting down shard [836] from region [Actor[akka://akka-runtime/system/sharding/passivation-race-entity#99053096]]. Asking [1] region(s) to hand-off shard
08:07:00.896 DEBUG a.c.s.ShardCoordinator$RebalanceWorker - sharded-daemon-process-eventSourcedProjection-passivation-race-entity-passivation-race-consumer-a: Shutting down shard [0] from region [Actor[akka://akka-runtime/system/sharding/sharded-daemon-process-eventSourcedProjection-passivation-race-entity-passivation-race-consumer-a#-1134008085]]. Asking [1] region(s) to hand-off shard
08:07:00.896 DEBUG akka.cluster.sharding.Shard - sharded-daemon-process-eventSourcedProjection-passivation-race-entity-passivation-race-consumer-b: Shard initialized
08:07:00.896 DEBUG akka.cluster.sharding.Shard - sharded-daemon-process-eventSourcedProjection-passivation-race-entity-passivation-race-view: Shard initialized
08:07:00.896 DEBUG akka.cluster.sharding.Shard - sharded-daemon-process-eventSourcedProjection-passivation-race-entity-passivation-race-consumer-a: Shard initialized
08:07:00.896 DEBUG a.c.s.ShardCoordinator$RebalanceWorker - sharded-daemon-process-eventSourcedProjection-passivation-race-entity-passivation-race-view: Shutting down shard [0] from region [Actor[akka://akka-runtime/system/sharding/sharded-daemon-process-eventSourcedProjection-passivation-race-entity-passivation-race-view#-92650257]]. Asking [1] region(s) to hand-off shard
08:07:00.896 DEBUG a.c.s.ShardCoordinator$RebalanceWorker - sharded-daemon-process-eventSourcedProjection-passivation-race-entity-passivation-race-consumer-a: BeginHandOffAck for shard [0] received from [Actor[akka://akka-runtime/system/sharding/sharded-daemon-process-eventSourcedProjection-passivation-race-entity-passivation-race-consumer-a#-1134008085]].
08:07:00.896 DEBUG a.c.s.ShardCoordinator$RebalanceWorker - sharded-daemon-process-eventSourcedProjection-passivation-race-entity-passivation-race-consumer-a: All shard regions acked, handing off shard [0].
08:07:00.896 DEBUG a.c.s.ShardCoordinator$RebalanceWorker - sharded-daemon-process-eventSourcedProjection-passivation-race-entity-passivation-race-view: BeginHandOffAck for shard [0] received from [Actor[akka://akka-runtime/system/sharding/sharded-daemon-process-eventSourcedProjection-passivation-race-entity-passivation-race-view#-92650257]].
08:07:00.896 DEBUG a.c.s.ShardCoordinator$RebalanceWorker - sharded-daemon-process-eventSourcedProjection-passivation-race-entity-passivation-race-view: All shard regions acked, handing off shard [0].
08:07:00.896 DEBUG a.c.s.ShardCoordinator$RebalanceWorker - passivation-race-entity: BeginHandOffAck for shard [836] received from [Actor[akka://akka-runtime/system/sharding/passivation-race-entity#99053096]].
08:07:00.896 DEBUG a.c.s.ShardCoordinator$RebalanceWorker - passivation-race-entity: All shard regions acked, handing off shard [836].
08:07:00.896 DEBUG akka.cluster.sharding.Shard - sharded-daemon-process-eventSourcedProjection-passivation-race-entity-passivation-race-view: Request to start entity [0] and ack to [Some(Actor[akka://akka-runtime/deadLetters])]
08:07:00.896 DEBUG akka.cluster.sharding.Shard - sharded-daemon-process-eventSourcedProjection-passivation-race-entity-passivation-race-consumer-b: Request to start entity [0] and ack to [Some(Actor[akka://akka-runtime/deadLetters])]
08:07:00.896 WARN  akka.cluster.sharding.ShardRegion - passivation-race-entity: Dropping [1] buffered messages to shard [836] during hand off to avoid re-ordering
08:07:00.896 DEBUG a.c.sharding.DDataShardCoordinator - sharded-daemon-process-eventSourcedProjection-passivation-race-entity-passivation-race-consumer-b: Graceful shutdown of region [Actor[akka://akka-runtime/system/sharding/sharded-daemon-process-eventSourcedProjection-passivation-race-entity-passivation-race-consumer-b#77055996]] with [1] shards
08:07:00.896 INFO  a.c.sharding.DDataShardCoordinator - sharded-daemon-process-eventSourcedProjection-passivation-race-entity-passivation-race-consumer-b: Starting shutting down shards [0] due to region shutting down or explicit stopping of shards.
08:07:00.896 DEBUG akka.cluster.sharding.Shard - sharded-daemon-process-eventSourcedProjection-passivation-race-entity-passivation-race-consumer-a: Request to start entity [0] and ack to [Some(Actor[akka://akka-runtime/deadLetters])]
08:07:00.896 DEBUG akka.cluster.sharding.Shard - passivation-race-entity: Shard initialized
08:07:00.896 DEBUG akka.cluster.sharding.Shard - sharded-daemon-process-eventSourcedProjection-passivation-race-entity-passivation-race-consumer-b: Started entity [Actor[akka://akka-runtime/system/sharding/sharded-daemon-process-eventSourcedProjection-passivation-race-entity-passivation-race-consumer-b/0/0#-589035130]] with entity id [0] in shard [0]
08:07:00.896 DEBUG akka.cluster.sharding.Shard - sharded-daemon-process-eventSourcedProjection-passivation-race-entity-passivation-race-view: Started entity [Actor[akka://akka-runtime/system/sharding/sharded-daemon-process-eventSourcedProjection-passivation-race-entity-passivation-race-view/0/0#896791239]] with entity id [0] in shard [0]
08:07:00.896 DEBUG a.c.s.ShardCoordinator$RebalanceWorker - sharded-daemon-process-eventSourcedProjection-passivation-race-entity-passivation-race-consumer-b: Shutting down shard [0] from region [Actor[akka://akka-runtime/system/sharding/sharded-daemon-process-eventSourcedProjection-passivation-race-entity-passivation-race-consumer-b#77055996]]. Asking [1] region(s) to hand-off shard
08:07:00.896 DEBUG akka.cluster.sharding.Shard - sharded-daemon-process-eventSourcedProjection-passivation-race-entity-passivation-race-view: HandOff shard [0]
08:07:00.896 DEBUG a.c.s.ShardCoordinator$RebalanceWorker - sharded-daemon-process-eventSourcedProjection-passivation-race-entity-passivation-race-consumer-b: BeginHandOffAck for shard [0] received from [Actor[akka://akka-runtime/system/sharding/sharded-daemon-process-eventSourcedProjection-passivation-race-entity-passivation-race-consumer-b#77055996]].
08:07:00.896 DEBUG a.c.s.ShardCoordinator$RebalanceWorker - sharded-daemon-process-eventSourcedProjection-passivation-race-entity-passivation-race-consumer-b: All shard regions acked, handing off shard [0].
08:07:00.896 DEBUG akka.cluster.sharding.Shard - sharded-daemon-process-eventSourcedProjection-passivation-race-entity-passivation-race-view: Starting HandOffStopper for shard [0] to terminate [1] entities.
08:07:00.896 DEBUG akka.cluster.sharding.Shard - passivation-race-entity: HandOff shard [836]
08:07:00.896 DEBUG akka.cluster.sharding.Shard - sharded-daemon-process-eventSourcedProjection-passivation-race-entity-passivation-race-consumer-b: HandOff shard [0]
08:07:00.896 DEBUG akka.cluster.sharding.Shard - sharded-daemon-process-eventSourcedProjection-passivation-race-entity-passivation-race-consumer-a: Started entity [Actor[akka://akka-runtime/system/sharding/sharded-daemon-process-eventSourcedProjection-passivation-race-entity-passivation-race-consumer-a/0/0#817939181]] with entity id [0] in shard [0]
08:07:00.896 DEBUG akka.cluster.sharding.Shard - sharded-daemon-process-eventSourcedProjection-passivation-race-entity-passivation-race-consumer-b: Starting HandOffStopper for shard [0] to terminate [1] entities.
08:07:00.896 DEBUG akka.cluster.sharding.Shard - passivation-race-entity: Shard [836] shutting down
08:07:00.897 DEBUG akka.cluster.sharding.Shard - sharded-daemon-process-eventSourcedProjection-passivation-race-entity-passivation-race-consumer-a: HandOff shard [0]
08:07:00.897 DEBUG a.c.s.t.i.ShardedDaemonProcessState$ - eventSourcedProjection-passivation-race-entity-passivation-race-consumer-b: Deferred start of worker to verify its revision [0] is the latest
08:07:00.897 DEBUG a.c.sharding.DDataShardCoordinator - passivation-race-entity: Shard [836] deallocation completed successfully.
08:07:00.897 DEBUG a.c.sharding.DDataShardCoordinator - passivation-race-entity: The coordinator state was successfully updated with ShardHomeDeallocated(836)
08:07:00.897 DEBUG a.c.sharding.DDataShardCoordinator - passivation-race-entity: Shard [836] deallocated after
08:07:00.897 DEBUG a.c.s.t.i.ShardedDaemonProcessState$ - eventSourcedProjection-passivation-race-entity-passivation-race-consumer-a: Deferred start of worker to verify its revision [0] is the latest
08:07:00.897 DEBUG a.c.s.t.i.ShardedDaemonProcessState$ - eventSourcedProjection-passivation-race-entity-passivation-race-view: Deferred start of worker to verify its revision [0] is the latest
08:07:00.897 DEBUG a.c.sharding.DDataShardCoordinator - passivation-race-entity: ShardRegion terminated (gracefully): [Actor[akka://akka-runtime/system/sharding/passivation-race-entity#99053096]] {}
08:07:00.897 DEBUG a.c.sharding.DDataShardCoordinator - passivation-race-entity: GetShardHome [836] request from [Actor[akka://local/ignore]] stashed, because waiting for initial state or update of state. It will be handled afterwards.
08:07:00.897 INFO  a.c.s.t.i.ShardedDaemonProcessState$ - eventSourcedProjection-passivation-race-entity-passivation-race-consumer-a: Starting Sharded Daemon Process [0] out of a total [1] (revision [0] and no state found)
08:07:00.897 INFO  a.c.s.t.i.ShardedDaemonProcessState$ - eventSourcedProjection-passivation-race-entity-passivation-race-consumer-b: Starting Sharded Daemon Process [0] out of a total [1] (revision [0] and no state found)
08:07:00.897 DEBUG akka.cluster.sharding.Shard - sharded-daemon-process-eventSourcedProjection-passivation-race-entity-passivation-race-consumer-a: Starting HandOffStopper for shard [0] to terminate [1] entities.
08:07:00.897 INFO  a.c.s.t.i.ShardedDaemonProcessState$ - eventSourcedProjection-passivation-race-entity-passivation-race-view: Starting Sharded Daemon Process [0] out of a total [1] (revision [0] and no state found)
08:07:00.897 DEBUG a.c.sharding.DDataShardCoordinator - passivation-race-entity: The coordinator state was successfully updated with ShardRegionTerminated(Actor[akka://akka-runtime/system/sharding/passivation-race-entity#99053096])
08:07:00.897 DEBUG a.c.sharding.DDataShardCoordinator - passivation-race-entity: ShardRegion stopped: [Actor[akka://akka-runtime/system/sharding/passivation-race-entity#99053096]]
08:07:00.897 DEBUG a.c.sharding.DDataShardCoordinator - sharded-daemon-process-eventSourcedProjection-passivation-race-entity-passivation-race-consumer-a: Shard [0] deallocation completed successfully.
08:07:00.897 DEBUG akka.cluster.sharding.Shard - sharded-daemon-process-eventSourcedProjection-passivation-race-entity-passivation-race-consumer-a: Shard [0] shutting down
08:07:00.897 DEBUG a.c.sharding.DDataShardCoordinator - sharded-daemon-process-eventSourcedProjection-passivation-race-entity-passivation-race-consumer-a: The coordinator state was successfully updated with ShardHomeDeallocated(0)
08:07:00.897 DEBUG a.c.sharding.DDataShardCoordinator - sharded-daemon-process-eventSourcedProjection-passivation-race-entity-passivation-race-consumer-a: Shard [0] deallocated after
08:07:00.898 DEBUG a.c.sharding.DDataShardCoordinator - sharded-daemon-process-eventSourcedProjection-passivation-race-entity-passivation-race-consumer-a: ShardRegion terminated (gracefully): [Actor[akka://akka-runtime/system/sharding/sharded-daemon-process-eventSourcedProjection-passivation-race-entity-passivation-race-consumer-a#-1134008085]] {}
08:07:00.898 DEBUG a.c.sharding.DDataShardCoordinator - sharded-daemon-process-eventSourcedProjection-passivation-race-entity-passivation-race-consumer-a: GetShardHome [0] request from [Actor[akka://local/ignore]] stashed, because waiting for initial state or update of state. It will be handled afterwards.
08:07:00.898 DEBUG a.c.sharding.DDataShardCoordinator - sharded-daemon-process-eventSourcedProjection-passivation-race-entity-passivation-race-consumer-a: The coordinator state was successfully updated with ShardRegionTerminated(Actor[akka://akka-runtime/system/sharding/sharded-daemon-process-eventSourcedProjection-passivation-race-entity-passivation-race-consumer-a#-1134008085])
08:07:00.898 DEBUG a.c.sharding.DDataShardCoordinator - sharded-daemon-process-eventSourcedProjection-passivation-race-entity-passivation-race-consumer-a: ShardRegion stopped: [Actor[akka://akka-runtime/system/sharding/sharded-daemon-process-eventSourcedProjection-passivation-race-entity-passivation-race-consumer-a#-1134008085]]
08:07:01.664 WARN  a.c.s.ShardRegion$HandOffStopper - sharded-daemon-process-eventSourcedProjection-passivation-race-entity-passivation-race-consumer-b: [1] of the entities in shard [0] not stopped after [750 milliseconds]. Maybe the handOffStopMessage [akka.projection.ProjectionBehavior$Stop$] is not handled? Waiting additional [250 milliseconds] before stopping the remaining entities.
08:07:01.664 WARN  a.c.s.ShardRegion$HandOffStopper - sharded-daemon-process-eventSourcedProjection-passivation-race-entity-passivation-race-view: [1] of the entities in shard [0] not stopped after [750 milliseconds]. Maybe the handOffStopMessage [akka.projection.ProjectionBehavior$Stop$] is not handled? Waiting additional [250 milliseconds] before stopping the remaining entities.
08:07:01.913 WARN  a.c.s.ShardRegion$HandOffStopper - sharded-daemon-process-eventSourcedProjection-passivation-race-entity-passivation-race-consumer-b: HandOffStopMessage [akka.projection.ProjectionBehavior$Stop$] is not handled by some of the entities in shard [0] after [1 second], stopping the remaining [1] entities.
08:07:01.913 WARN  a.c.s.ShardRegion$HandOffStopper - sharded-daemon-process-eventSourcedProjection-passivation-race-entity-passivation-race-view: HandOffStopMessage [akka.projection.ProjectionBehavior$Stop$] is not handled by some of the entities in shard [0] after [1 second], stopping the remaining [1] entities.
08:07:01.913 DEBUG a.c.sharding.DDataShardCoordinator - sharded-daemon-process-eventSourcedProjection-passivation-race-entity-passivation-race-consumer-b: Shard [0] deallocation completed successfully.
08:07:01.913 DEBUG akka.cluster.sharding.Shard - sharded-daemon-process-eventSourcedProjection-passivation-race-entity-passivation-race-view: Shard [0] shutting down
08:07:01.913 DEBUG a.c.sharding.DDataShardCoordinator - sharded-daemon-process-eventSourcedProjection-passivation-race-entity-passivation-race-view: Shard [0] deallocation completed successfully.
08:07:01.914 DEBUG akka.cluster.sharding.Shard - sharded-daemon-process-eventSourcedProjection-passivation-race-entity-passivation-race-consumer-b: Shard [0] shutting down
08:07:01.914 DEBUG a.c.sharding.DDataShardCoordinator - sharded-daemon-process-eventSourcedProjection-passivation-race-entity-passivation-race-consumer-b: The coordinator state was successfully updated with ShardHomeDeallocated(0)
08:07:01.914 DEBUG a.c.sharding.DDataShardCoordinator - sharded-daemon-process-eventSourcedProjection-passivation-race-entity-passivation-race-view: The coordinator state was successfully updated with ShardHomeDeallocated(0)
08:07:01.914 DEBUG a.c.sharding.DDataShardCoordinator - sharded-daemon-process-eventSourcedProjection-passivation-race-entity-passivation-race-view: Shard [0] deallocated after
08:07:01.914 DEBUG a.c.sharding.DDataShardCoordinator - sharded-daemon-process-eventSourcedProjection-passivation-race-entity-passivation-race-consumer-b: Shard [0] deallocated after
08:07:01.914 DEBUG a.c.sharding.DDataShardCoordinator - sharded-daemon-process-eventSourcedProjection-passivation-race-entity-passivation-race-consumer-b: ShardRegion stopped: [Actor[akka://akka-runtime/system/sharding/sharded-daemon-process-eventSourcedProjection-passivation-race-entity-passivation-race-consumer-b#77055996]]
08:07:01.914 DEBUG a.c.sharding.DDataShardCoordinator - sharded-daemon-process-eventSourcedProjection-passivation-race-entity-passivation-race-consumer-b: ShardRegion terminated (gracefully): [Actor[akka://akka-runtime/system/sharding/sharded-daemon-process-eventSourcedProjection-passivation-race-entity-passivation-race-consumer-b#77055996]] {}
08:07:01.914 DEBUG a.c.sharding.DDataShardCoordinator - sharded-daemon-process-eventSourcedProjection-passivation-race-entity-passivation-race-view: ShardRegion terminated (gracefully): [Actor[akka://akka-runtime/system/sharding/sharded-daemon-process-eventSourcedProjection-passivation-race-entity-passivation-race-view#-92650257]] {}
08:07:01.914 DEBUG a.c.sharding.DDataShardCoordinator - sharded-daemon-process-eventSourcedProjection-passivation-race-entity-passivation-race-consumer-b: GetShardHome [0] request from [Actor[akka://local/ignore]] stashed, because waiting for initial state or update of state. It will be handled afterwards.
08:07:01.914 DEBUG akka.actor.CoordinatedShutdown - Performing phase [cluster-leave] with [1] tasks.
08:07:01.914 DEBUG a.c.sharding.DDataShardCoordinator - sharded-daemon-process-eventSourcedProjection-passivation-race-entity-passivation-race-view: GetShardHome [0] request from [Actor[akka://local/ignore]] stashed, because waiting for initial state or update of state. It will be handled afterwards.
08:07:01.914 DEBUG akka.actor.CoordinatedShutdown - Performing task [leave] in CoordinatedShutdown phase [cluster-leave]
08:07:01.914 DEBUG a.c.sharding.DDataShardCoordinator - sharded-daemon-process-eventSourcedProjection-passivation-race-entity-passivation-race-consumer-b: The coordinator state was successfully updated with ShardRegionTerminated(Actor[akka://akka-runtime/system/sharding/sharded-daemon-process-eventSourcedProjection-passivation-race-entity-passivation-race-consumer-b#77055996])
08:07:01.914 DEBUG a.c.sharding.DDataShardCoordinator - sharded-daemon-process-eventSourcedProjection-passivation-race-entity-passivation-race-view: The coordinator state was successfully updated with ShardRegionTerminated(Actor[akka://akka-runtime/system/sharding/sharded-daemon-process-eventSourcedProjection-passivation-race-entity-passivation-race-view#-92650257])
08:07:01.914 DEBUG a.c.sharding.DDataShardCoordinator - sharded-daemon-process-eventSourcedProjection-passivation-race-entity-passivation-race-view: ShardRegion stopped: [Actor[akka://akka-runtime/system/sharding/sharded-daemon-process-eventSourcedProjection-passivation-race-entity-passivation-race-view#-92650257]]
08:07:01.914 DEBUG akka.actor.CoordinatedShutdown - Performing phase [cluster-exiting] with [28] tasks.
08:07:01.914 DEBUG akka.actor.CoordinatedShutdown - Performing task [singleton-exiting-2] in CoordinatedShutdown phase [cluster-exiting]
08:07:01.915 DEBUG akka.actor.CoordinatedShutdown - Performing task [singleton-exiting-1] in CoordinatedShutdown phase [cluster-exiting]
08:07:01.915 DEBUG akka.actor.CoordinatedShutdown - Performing task [singleton-exiting-2] in CoordinatedShutdown phase [cluster-exiting]
08:07:01.915 DEBUG akka.actor.CoordinatedShutdown - Performing task [singleton-exiting-2] in CoordinatedShutdown phase [cluster-exiting]
08:07:01.915 DEBUG akka.actor.CoordinatedShutdown - Performing task [wait-exiting] in CoordinatedShutdown phase [cluster-exiting]
08:07:01.915 DEBUG akka.actor.CoordinatedShutdown - Performing task [singleton-exiting-1] in CoordinatedShutdown phase [cluster-exiting]
08:07:01.915 DEBUG akka.actor.CoordinatedShutdown - Performing task [singleton-exiting-1] in CoordinatedShutdown phase [cluster-exiting]
08:07:01.915 DEBUG akka.actor.CoordinatedShutdown - Performing task [singleton-exiting-2] in CoordinatedShutdown phase [cluster-exiting]
08:07:01.915 INFO  a.c.s.ClusterSingletonManager - Exited [akka://akka-runtime@127.0.0.1:63168].
08:07:01.915 DEBUG akka.actor.CoordinatedShutdown - Performing task [singleton-exiting-1] in CoordinatedShutdown phase [cluster-exiting]
08:07:01.915 DEBUG akka.actor.CoordinatedShutdown - Performing task [singleton-exiting-1] in CoordinatedShutdown phase [cluster-exiting]
08:07:01.915 DEBUG akka.actor.CoordinatedShutdown - Performing task [wait-singleton-exiting] in CoordinatedShutdown phase [cluster-exiting]
08:07:01.915 DEBUG akka.actor.CoordinatedShutdown - Performing task [singleton-exiting-1] in CoordinatedShutdown phase [cluster-exiting]
08:07:01.915 INFO  a.c.s.ClusterSingletonManager - Oldest observed OldestChanged: [akka://akka-runtime@127.0.0.1:63168 -> None]
08:07:01.915 DEBUG akka.actor.CoordinatedShutdown - Performing task [wait-singleton-exiting] in CoordinatedShutdown phase [cluster-exiting]
08:07:01.915 DEBUG akka.actor.CoordinatedShutdown - Performing task [singleton-exiting-1] in CoordinatedShutdown phase [cluster-exiting]
08:07:01.915 DEBUG akka.actor.CoordinatedShutdown - Performing task [singleton-exiting-2] in CoordinatedShutdown phase [cluster-exiting]
08:07:01.915 INFO  a.c.s.ClusterSingletonManager - Exited [akka://akka-runtime@127.0.0.1:63168].
08:07:01.915 DEBUG akka.actor.CoordinatedShutdown - Performing task [singleton-exiting-2] in CoordinatedShutdown phase [cluster-exiting]
08:07:01.915 DEBUG akka.actor.CoordinatedShutdown - Performing task [singleton-exiting-2] in CoordinatedShutdown phase [cluster-exiting]
08:07:01.915 INFO  a.c.s.ClusterSingletonManager - ClusterSingletonManager state change [Oldest -> WasOldest]
08:07:01.915 DEBUG akka.actor.CoordinatedShutdown - Performing task [wait-singleton-exiting] in CoordinatedShutdown phase [cluster-exiting]
08:07:01.915 DEBUG akka.actor.CoordinatedShutdown - Performing task [singleton-exiting-1] in CoordinatedShutdown phase [cluster-exiting]
08:07:01.915 DEBUG akka.actor.CoordinatedShutdown - Performing task [wait-singleton-exiting] in CoordinatedShutdown phase [cluster-exiting]
08:07:01.915 DEBUG akka.actor.CoordinatedShutdown - Performing task [wait-singleton-exiting] in CoordinatedShutdown phase [cluster-exiting]
08:07:01.915 DEBUG akka.actor.CoordinatedShutdown - Performing task [singleton-exiting-1] in CoordinatedShutdown phase [cluster-exiting]
08:07:01.915 DEBUG akka.actor.CoordinatedShutdown - Performing task [wait-singleton-exiting] in CoordinatedShutdown phase [cluster-exiting]
08:07:01.915 DEBUG akka.actor.CoordinatedShutdown - Performing task [wait-singleton-exiting] in CoordinatedShutdown phase [cluster-exiting]
08:07:01.915 DEBUG akka.actor.CoordinatedShutdown - Performing task [singleton-exiting-2] in CoordinatedShutdown phase [cluster-exiting]
08:07:01.915 INFO  a.c.s.ClusterSingletonManager - Exited [akka://akka-runtime@127.0.0.1:63168].
08:07:01.915 DEBUG akka.actor.CoordinatedShutdown - Performing task [wait-singleton-exiting] in CoordinatedShutdown phase [cluster-exiting]
08:07:01.915 INFO  a.c.s.ClusterSingletonManager - Oldest observed OldestChanged: [akka://akka-runtime@127.0.0.1:63168 -> None]
08:07:01.915 DEBUG akka.actor.CoordinatedShutdown - Performing task [wait-singleton-exiting] in CoordinatedShutdown phase [cluster-exiting]
08:07:01.915 DEBUG akka.actor.CoordinatedShutdown - Performing task [singleton-exiting-2] in CoordinatedShutdown phase [cluster-exiting]
08:07:01.915 INFO  a.c.s.ClusterSingletonManager - Oldest observed OldestChanged: [akka://akka-runtime@127.0.0.1:63168 -> None]
08:07:01.915 INFO  a.c.s.ClusterSingletonManager - Exited [akka://akka-runtime@127.0.0.1:63168].
08:07:01.915 INFO  a.c.s.ClusterSingletonManager - ClusterSingletonManager state change [Oldest -> WasOldest]
08:07:01.915 INFO  a.c.s.ClusterSingletonManager - ClusterSingletonManager state change [Oldest -> WasOldest]
08:07:01.915 INFO  a.c.s.ClusterSingletonManager - Oldest observed OldestChanged: [akka://akka-runtime@127.0.0.1:63168 -> None]
08:07:01.915 INFO  a.c.s.ClusterSingletonManager - Exited [akka://akka-runtime@127.0.0.1:63168].
08:07:01.915 INFO  a.c.s.ClusterSingletonManager - ClusterSingletonManager state change [Oldest -> WasOldest]
08:07:01.915 INFO  a.c.s.ClusterSingletonManager - Exited [akka://akka-runtime@127.0.0.1:63168].
08:07:01.915 INFO  a.c.s.ClusterSingletonManager - Exited [akka://akka-runtime@127.0.0.1:63168].
08:07:01.915 INFO  a.c.s.ClusterSingletonManager - Oldest observed OldestChanged: [akka://akka-runtime@127.0.0.1:63168 -> None]
08:07:01.915 INFO  a.c.s.ClusterSingletonManager - Oldest observed OldestChanged: [akka://akka-runtime@127.0.0.1:63168 -> None]
08:07:01.915 INFO  a.c.s.ClusterSingletonManager - ClusterSingletonManager state change [Oldest -> WasOldest]
08:07:01.915 INFO  a.c.s.ClusterSingletonManager - Oldest observed OldestChanged: [akka://akka-runtime@127.0.0.1:63168 -> None]
08:07:01.915 INFO  a.c.s.ClusterSingletonManager - ClusterSingletonManager state change [Oldest -> WasOldest]
08:07:01.915 INFO  a.c.s.ClusterSingletonManager - ClusterSingletonManager state change [Oldest -> WasOldest]
08:07:01.915 INFO  a.c.s.ClusterSingletonManager - Exited [akka://akka-runtime@127.0.0.1:63168].
08:07:01.915 INFO  a.c.s.ClusterSingletonManager - Exited [akka://akka-runtime@127.0.0.1:63168].
08:07:01.915 INFO  a.c.s.ClusterSingletonManager - Oldest observed OldestChanged: [akka://akka-runtime@127.0.0.1:63168 -> None]
08:07:01.915 INFO  a.c.s.ClusterSingletonManager - Oldest observed OldestChanged: [akka://akka-runtime@127.0.0.1:63168 -> None]
08:07:01.915 INFO  a.c.s.ClusterSingletonManager - ClusterSingletonManager state change [Oldest -> WasOldest]
08:07:01.915 INFO  a.c.s.ClusterSingletonManager - ClusterSingletonManager state change [Oldest -> WasOldest]
08:07:02.556 DEBUG a.c.singleton.ClusterSingletonProxy - Creating singleton identification timer...
08:07:02.556 DEBUG a.c.singleton.ClusterSingletonProxy - Creating singleton identification timer...
08:07:02.556 DEBUG a.c.singleton.ClusterSingletonProxy - Creating singleton identification timer...
08:07:02.556 DEBUG a.c.singleton.ClusterSingletonProxy - Creating singleton identification timer...
08:07:02.935 INFO  a.c.s.ClusterSingletonManager - Singleton manager stopping singleton actor [akka://akka-runtime/system/sharding/sharded-daemon-process-eventSourcedProjection-passivation-race-entity-passivation-race-consumer-aCoordinator/singleton]
08:07:02.935 INFO  a.c.s.ClusterSingletonManager - Singleton manager stopping singleton actor [akka://akka-runtime/system/sharding/sharded-daemon-process-eventSourcedProjection-passivation-race-entity-passivation-race-viewCoordinator/singleton]
08:07:02.935 INFO  a.c.s.ClusterSingletonManager - Singleton manager stopping singleton actor [akka://akka-runtime/system/sharding/passivation-race-entityCoordinator/singleton]
08:07:02.935 INFO  a.c.s.ClusterSingletonManager - Singleton manager stopping singleton actor [akka://akka-runtime/system/singletonManagerShardedDaemonProcessCoordinator-eventSourcedProjection-passivation-race-entity-passivation-race-view/ShardedDaemonProcessCoordinator-eventSourcedProjection-passivation-race-entity-passivation-race-view]
08:07:02.935 INFO  a.c.s.ClusterSingletonManager - Singleton manager stopping singleton actor [akka://akka-runtime/system/singletonManagerschemaSingleton/schemaSingleton]
08:07:02.935 INFO  a.c.s.ClusterSingletonManager - Singleton manager stopping singleton actor [akka://akka-runtime/system/singletonManagerShardedDaemonProcessCoordinator-eventSourcedProjection-passivation-race-entity-passivation-race-consumer-a/ShardedDaemonProcessCoordinator-eventSourcedProjection-passivation-race-entity-passivation-race-consumer-a]
08:07:02.935 INFO  a.c.s.ClusterSingletonManager - Singleton manager stopping singleton actor [akka://akka-runtime/system/sharding/_timerCoordinator/singleton]
08:07:02.935 INFO  a.c.s.ClusterSingletonManager - ClusterSingletonManager state change [WasOldest -> Stopping]
08:07:02.935 INFO  a.c.s.ClusterSingletonManager - ClusterSingletonManager state change [WasOldest -> Stopping]
08:07:02.935 INFO  a.c.s.ClusterSingletonManager - ClusterSingletonManager state change [WasOldest -> Stopping]
08:07:02.935 INFO  a.c.s.ClusterSingletonManager - ClusterSingletonManager state change [WasOldest -> Stopping]
08:07:02.935 INFO  a.c.s.ClusterSingletonManager - ClusterSingletonManager state change [WasOldest -> Stopping]
08:07:02.935 INFO  a.c.s.ClusterSingletonManager - ClusterSingletonManager state change [WasOldest -> Stopping]
08:07:02.935 INFO  a.c.s.ClusterSingletonManager - ClusterSingletonManager state change [WasOldest -> Stopping]
08:07:02.935 INFO  a.c.s.ClusterSingletonManager - Singleton manager stopping singleton actor [akka://akka-runtime/system/singletonManagerShardedDaemonProcessCoordinator-eventSourcedProjection-passivation-race-entity-passivation-race-consumer-b/ShardedDaemonProcessCoordinator-eventSourcedProjection-passivation-race-entity-passivation-race-consumer-b]
08:07:02.935 INFO  a.c.s.ClusterSingletonManager - ClusterSingletonManager state change [WasOldest -> Stopping]
08:07:02.935 DEBUG a.c.sharding.DDataShardCoordinator - _timer: Received termination message.
08:07:02.935 DEBUG a.c.sharding.DDataShardCoordinator - sharded-daemon-process-eventSourcedProjection-passivation-race-entity-passivation-race-view: Received termination message.
08:07:02.935 DEBUG a.c.sharding.DDataShardCoordinator - sharded-daemon-process-eventSourcedProjection-passivation-race-entity-passivation-race-consumer-a: Received termination message.
08:07:02.935 INFO  a.c.s.ClusterSingletonManager - Singleton actor [akka://akka-runtime/system/singletonManagerShardedDaemonProcessCoordinator-eventSourcedProjection-passivation-race-entity-passivation-race-consumer-a/ShardedDaemonProcessCoordinator-eventSourcedProjection-passivation-race-entity-passivation-race-consumer-a] was terminated
08:07:02.935 INFO  a.c.s.ClusterSingletonManager - Singleton actor [akka://akka-runtime/system/singletonManagerShardedDaemonProcessCoordinator-eventSourcedProjection-passivation-race-entity-passivation-race-view/ShardedDaemonProcessCoordinator-eventSourcedProjection-passivation-race-entity-passivation-race-view] was terminated
08:07:02.935 INFO  a.c.s.ClusterSingletonManager - Singleton actor [akka://akka-runtime/system/singletonManagerschemaSingleton/schemaSingleton] was terminated
08:07:02.935 INFO  a.c.s.ClusterSingletonManager - Singleton manager stopping singleton actor [akka://akka-runtime/system/sharding/sharded-daemon-process-eventSourcedProjection-passivation-race-entity-passivation-race-consumer-bCoordinator/singleton]
08:07:02.935 INFO  a.c.s.ClusterSingletonManager - ClusterSingletonManager state change [WasOldest -> Stopping]
08:07:02.935 DEBUG a.c.sharding.DDataShardCoordinator - sharded-daemon-process-eventSourcedProjection-passivation-race-entity-passivation-race-consumer-b: Received termination message.
08:07:02.935 INFO  a.c.s.ClusterSingletonManager - Singleton actor [akka://akka-runtime/system/sharding/_timerCoordinator/singleton] was terminated
08:07:02.935 INFO  a.c.s.ClusterSingletonManager - Singleton actor [akka://akka-runtime/system/singletonManagerShardedDaemonProcessCoordinator-eventSourcedProjection-passivation-race-entity-passivation-race-consumer-b/ShardedDaemonProcessCoordinator-eventSourcedProjection-passivation-race-entity-passivation-race-consumer-b] was terminated
08:07:02.935 INFO  a.c.s.ClusterSingletonManager - Singleton actor [akka://akka-runtime/system/sharding/sharded-daemon-process-eventSourcedProjection-passivation-race-entity-passivation-race-viewCoordinator/singleton] was terminated
08:07:02.935 INFO  a.c.s.ClusterSingletonManager - Singleton actor [akka://akka-runtime/system/sharding/sharded-daemon-process-eventSourcedProjection-passivation-race-entity-passivation-race-consumer-bCoordinator/singleton] was terminated
08:07:02.935 DEBUG a.c.sharding.DDataShardCoordinator - passivation-race-entity: Received termination message.
08:07:02.935 INFO  a.c.s.ClusterSingletonManager - Singleton actor [akka://akka-runtime/system/sharding/sharded-daemon-process-eventSourcedProjection-passivation-race-entity-passivation-race-consumer-aCoordinator/singleton] was terminated
08:07:02.935 INFO  a.c.s.ClusterSingletonManager - Singleton actor [akka://akka-runtime/system/sharding/passivation-race-entityCoordinator/singleton] was terminated
08:07:02.935 DEBUG akka.actor.CoordinatedShutdown - Performing phase [cluster-exiting-done] with [1] tasks.
08:07:02.935 DEBUG akka.actor.CoordinatedShutdown - Performing task [exiting-completed] in CoordinatedShutdown phase [cluster-exiting-done]
08:07:02.935 DEBUG akka.actor.CoordinatedShutdown - Performing phase [cluster-shutdown] with [1] tasks.
08:07:02.936 DEBUG akka.actor.CoordinatedShutdown - Performing task [wait-shutdown] in CoordinatedShutdown phase [cluster-shutdown]
08:07:02.936 DEBUG akka.actor.CoordinatedShutdown - Performing phase [before-actor-system-terminate] with [2] tasks.
08:07:02.936 DEBUG akka.actor.CoordinatedShutdown - Performing task [close connection pools] in CoordinatedShutdown phase [before-actor-system-terminate]
08:07:02.936 DEBUG akka.actor.CoordinatedShutdown - Performing task [close-grpc-channels] in CoordinatedShutdown phase [before-actor-system-terminate]
08:07:02.937 DEBUG akka.actor.CoordinatedShutdown - Performing phase [actor-system-terminate] with [1] tasks.
08:07:02.937 DEBUG akka.actor.CoordinatedShutdown - Performing task [terminate-system] in CoordinatedShutdown phase [actor-system-terminate]
08:07:02.993 INFO  akka.runtime.AkkaRuntimeMain - Starting Akka Runtime version [1.6.15]
08:07:03.000 INFO  akka.javasdk.impl.ComponentLocator$ - Looking for component descriptors matching pattern [META-INF/akka-javasdk-components_*.conf]
08:07:03.006 INFO  akka.javasdk.testkit.TestKit - Eventing TestKit booting up on port: 63172
08:07:03.007 DEBUG a.c.singleton.ClusterSingletonProxy - Creating singleton identification timer...
08:07:03.007 DEBUG a.c.singleton.ClusterSingletonProxy - Singleton not available, buffering message type [kalix.runtime.SchemaSingleton$ExecDdl]
08:07:03.007 DEBUG a.c.singleton.ClusterSingletonProxy - Trying to identify singleton at [akka://akka-runtime@127.0.0.1:63173/system/singletonManagerschemaSingleton/schemaSingleton]
08:07:03.007 INFO  a.c.s.ClusterSingletonManager - Singleton manager starting singleton actor [akka://akka-runtime/system/singletonManagerschemaSingleton/schemaSingleton]
08:07:03.007 INFO  a.c.s.ClusterSingletonManager - ClusterSingletonManager state change [Start -> Oldest]
08:07:03.008 INFO  akka.javasdk.testkit.TestKit - Checking runtime status
08:07:03.068 DEBUG a.c.singleton.ClusterSingletonProxy - Trying to identify singleton at [akka://akka-runtime@127.0.0.1:63173/system/singletonManagerschemaSingleton/schemaSingleton]
08:07:03.068 INFO  a.c.singleton.ClusterSingletonProxy - Singleton identified at [akka://akka-runtime/system/singletonManagerschemaSingleton/schemaSingleton]
08:07:03.068 DEBUG a.c.singleton.ClusterSingletonProxy - Sending buffered messages to current singleton instance
08:07:03.070 INFO  a.c.s.typed.scaladsl.ClusterSharding - Starting Shard Region [passivation-race-entity]...
08:07:03.070 INFO  akka.cluster.sharding.ShardRegion - passivation-race-entity: Automatic entity passivation: composite strategy with limit of [10000] active entities, admission window (least recently used entities) with proportions [initial = 0.01, min = 0.01, max = 1.0] adapting with hill-climbing optimizer [adjust multiplier = 10.0, initial step = 0.0625, restart threshold = 0.05, step decay = 0.98], admit using frequency sketch [width multiplier = 4, reset multiplier = 10.0, depth = 4, counter bits = 4], main (least recently used entities (segmented with [2] levels with proportions of [0.20, 0.80]))
08:07:03.071 INFO  a.c.s.ClusterSingletonManager - Singleton manager starting singleton actor [akka://akka-runtime/system/sharding/passivation-race-entityCoordinator/singleton]
08:07:03.071 INFO  a.c.s.ClusterSingletonManager - ClusterSingletonManager state change [Start -> Oldest]
08:07:03.071 DEBUG a.c.sharding.DDataShardCoordinator - passivation-race-entity: Initial coordinator is empty.
08:07:03.071 INFO  a.c.sharding.DDataShardCoordinator - passivation-race-entity: ShardCoordinator was moved to the active state with [0] shards
08:07:03.072 DEBUG a.c.singleton.ClusterSingletonProxy - Forwarding message of type [SchemaSingleton$ExecDdl] to current singleton instance at [akka://akka-runtime/system/singletonManagerschemaSingleton/schemaSingleton]
08:07:03.072 INFO  akka.runtime.DiscoveryManager - Service components: EventSourcedEntity: [1], Consumer: [2], View: [1]
08:07:03.073 INFO  a.c.s.typed.scaladsl.ClusterSharding - Starting Shard Region [_timer]...
08:07:03.073 INFO  a.c.s.typed.scaladsl.ClusterSharding - Starting Shard Region [sharded-daemon-process-eventSourcedProjection-passivation-race-entity-passivation-race-consumer-a]...
08:07:03.074 INFO  a.c.s.ClusterSingletonManager - Singleton manager starting singleton actor [akka://akka-runtime/system/sharding/_timerCoordinator/singleton]
08:07:03.074 INFO  akka.cluster.sharding.ShardRegion - sharded-daemon-process-eventSourcedProjection-passivation-race-entity-passivation-race-consumer-a: Automatic entity passivation: disabled
08:07:03.074 INFO  a.c.s.ClusterSingletonManager - ClusterSingletonManager state change [Start -> Oldest]
08:07:03.074 DEBUG a.c.sharding.DDataShardCoordinator - _timer: Starting remember entities store from provider akka.cluster.sharding.internal.DDataRememberEntitiesProvider@5fd6c9e7
08:07:03.074 DEBUG a.c.sharding.DDataShardCoordinator - _timer: Initial coordinator is empty.
08:07:03.074 INFO  a.c.sharding.DDataShardCoordinator - _timer: ShardCoordinator was moved to the active state with [0] shards
08:07:03.074 DEBUG a.c.sharding.DDataShardCoordinator - _timer: Received [0] remembered shard ids (after state initialized)
08:07:03.074 INFO  a.c.s.typed.scaladsl.ClusterSharding - Starting Shard Region [sharded-daemon-process-eventSourcedProjection-passivation-race-entity-passivation-race-consumer-b]...
08:07:03.074 DEBUG a.c.singleton.ClusterSingletonProxy - Creating singleton identification timer...
08:07:03.074 DEBUG a.c.singleton.ClusterSingletonProxy - Trying to identify singleton at [akka://akka-runtime@127.0.0.1:63173/system/singletonManagerShardedDaemonProcessCoordinator-eventSourcedProjection-passivation-race-entity-passivation-race-consumer-a/ShardedDaemonProcessCoordinator-eventSourcedProjection-passivation-race-entity-passivation-race-consumer-a]
08:07:03.074 INFO  akka.cluster.sharding.ShardRegion - sharded-daemon-process-eventSourcedProjection-passivation-race-entity-passivation-race-consumer-b: Automatic entity passivation: disabled
08:07:03.074 INFO  a.c.s.ClusterSingletonManager - Singleton manager starting singleton actor [akka://akka-runtime/system/sharding/sharded-daemon-process-eventSourcedProjection-passivation-race-entity-passivation-race-consumer-aCoordinator/singleton]
08:07:03.074 INFO  a.c.s.ClusterSingletonManager - ClusterSingletonManager state change [Start -> Oldest]
08:07:03.074 INFO  a.c.s.ClusterSingletonManager - Singleton manager starting singleton actor [akka://akka-runtime/system/singletonManagerShardedDaemonProcessCoordinator-eventSourcedProjection-passivation-race-entity-passivation-race-consumer-a/ShardedDaemonProcessCoordinator-eventSourcedProjection-passivation-race-entity-passivation-race-consumer-a]
08:07:03.074 INFO  a.c.s.ClusterSingletonManager - ClusterSingletonManager state change [Start -> Oldest]
08:07:03.075 DEBUG a.c.sharding.DDataShardCoordinator - sharded-daemon-process-eventSourcedProjection-passivation-race-entity-passivation-race-consumer-a: Initial coordinator is empty.
08:07:03.075 INFO  a.c.sharding.DDataShardCoordinator - sharded-daemon-process-eventSourcedProjection-passivation-race-entity-passivation-race-consumer-a: ShardCoordinator was moved to the active state with [0] shards
08:07:03.075 DEBUG a.c.s.t.i.ShardedDaemonProcessCoordinator$ - ShardedDaemonProcessCoordinator for [eventSourcedProjection-passivation-race-entity-passivation-race-consumer-a] starting
08:07:03.075 INFO  a.c.s.ClusterSingletonManager - Singleton manager starting singleton actor [akka://akka-runtime/system/sharding/sharded-daemon-process-eventSourcedProjection-passivation-race-entity-passivation-race-consumer-bCoordinator/singleton]
08:07:03.075 INFO  a.c.s.ClusterSingletonManager - ClusterSingletonManager state change [Start -> Oldest]
08:07:03.075 DEBUG a.c.s.t.i.ShardedDaemonProcessCoordinator$ - eventSourcedProjection-passivation-race-entity-passivation-race-consumer-a: No previous state stored for Sharded Daemon Process
08:07:03.075 DEBUG a.c.s.t.i.ShardedDaemonProcessCoordinator$ - Sending periodic keep alive for Sharded Daemon Process [eventSourcedProjection-passivation-race-entity-passivation-race-consumer-a] to [1] processes (revision [0]).
08:07:03.075 DEBUG a.c.singleton.ClusterSingletonProxy - Creating singleton identification timer...
08:07:03.075 INFO  a.c.s.typed.scaladsl.ClusterSharding - Starting Shard Region [sharded-daemon-process-eventSourcedProjection-passivation-race-entity-passivation-race-view]...
08:07:03.075 DEBUG a.c.singleton.ClusterSingletonProxy - Trying to identify singleton at [akka://akka-runtime@127.0.0.1:63173/system/singletonManagerShardedDaemonProcessCoordinator-eventSourcedProjection-passivation-race-entity-passivation-race-consumer-b/ShardedDaemonProcessCoordinator-eventSourcedProjection-passivation-race-entity-passivation-race-consumer-b]
08:07:03.075 DEBUG a.c.sharding.DDataShardCoordinator - sharded-daemon-process-eventSourcedProjection-passivation-race-entity-passivation-race-consumer-b: Initial coordinator is empty.
08:07:03.075 INFO  a.c.sharding.DDataShardCoordinator - sharded-daemon-process-eventSourcedProjection-passivation-race-entity-passivation-race-consumer-b: ShardCoordinator was moved to the active state with [0] shards
08:07:03.075 INFO  akka.cluster.sharding.ShardRegion - sharded-daemon-process-eventSourcedProjection-passivation-race-entity-passivation-race-view: Automatic entity passivation: disabled
08:07:03.075 INFO  a.c.s.ClusterSingletonManager - Singleton manager starting singleton actor [akka://akka-runtime/system/singletonManagerShardedDaemonProcessCoordinator-eventSourcedProjection-passivation-race-entity-passivation-race-consumer-b/ShardedDaemonProcessCoordinator-eventSourcedProjection-passivation-race-entity-passivation-race-consumer-b]
08:07:03.075 DEBUG a.c.singleton.ClusterSingletonProxy - Creating singleton identification timer...
08:07:03.075 INFO  a.c.s.ClusterSingletonManager - ClusterSingletonManager state change [Start -> Oldest]
08:07:03.075 DEBUG a.c.singleton.ClusterSingletonProxy - Trying to identify singleton at [akka://akka-runtime@127.0.0.1:63173/system/singletonManagerShardedDaemonProcessCoordinator-eventSourcedProjection-passivation-race-entity-passivation-race-view/ShardedDaemonProcessCoordinator-eventSourcedProjection-passivation-race-entity-passivation-race-view]
08:07:03.076 DEBUG a.c.s.t.i.ShardedDaemonProcessCoordinator$ - ShardedDaemonProcessCoordinator for [eventSourcedProjection-passivation-race-entity-passivation-race-consumer-b] starting
08:07:03.076 INFO  a.c.s.ClusterSingletonManager - Singleton manager starting singleton actor [akka://akka-runtime/system/singletonManagerShardedDaemonProcessCoordinator-eventSourcedProjection-passivation-race-entity-passivation-race-view/ShardedDaemonProcessCoordinator-eventSourcedProjection-passivation-race-entity-passivation-race-view]
08:07:03.076 INFO  a.c.s.ClusterSingletonManager - Singleton manager starting singleton actor [akka://akka-runtime/system/sharding/sharded-daemon-process-eventSourcedProjection-passivation-race-entity-passivation-race-viewCoordinator/singleton]
08:07:03.076 INFO  a.c.s.ClusterSingletonManager - ClusterSingletonManager state change [Start -> Oldest]
08:07:03.076 INFO  a.c.s.ClusterSingletonManager - ClusterSingletonManager state change [Start -> Oldest]
08:07:03.076 DEBUG a.c.s.t.i.ShardedDaemonProcessCoordinator$ - ShardedDaemonProcessCoordinator for [eventSourcedProjection-passivation-race-entity-passivation-race-view] starting
08:07:03.076 DEBUG a.c.sharding.DDataShardCoordinator - sharded-daemon-process-eventSourcedProjection-passivation-race-entity-passivation-race-view: Initial coordinator is empty.
08:07:03.076 DEBUG a.c.s.t.i.ShardedDaemonProcessCoordinator$ - eventSourcedProjection-passivation-race-entity-passivation-race-consumer-b: No previous state stored for Sharded Daemon Process
08:07:03.076 DEBUG a.c.s.t.i.ShardedDaemonProcessCoordinator$ - eventSourcedProjection-passivation-race-entity-passivation-race-view: No previous state stored for Sharded Daemon Process
08:07:03.076 INFO  a.c.sharding.DDataShardCoordinator - sharded-daemon-process-eventSourcedProjection-passivation-race-entity-passivation-race-view: ShardCoordinator was moved to the active state with [0] shards
08:07:03.076 DEBUG a.c.s.t.i.ShardedDaemonProcessCoordinator$ - Sending periodic keep alive for Sharded Daemon Process [eventSourcedProjection-passivation-race-entity-passivation-race-consumer-b] to [1] processes (revision [0]).
08:07:03.076 DEBUG a.c.s.t.i.ShardedDaemonProcessCoordinator$ - Sending periodic keep alive for Sharded Daemon Process [eventSourcedProjection-passivation-race-entity-passivation-race-view] to [1] processes (revision [0]).
08:07:03.076 INFO  akka.runtime.DiscoveryManager - Akka Runtime started at 127.0.0.1:63171
08:07:03.076 INFO  repro.Bootstrap - onStartup burst of 8 starting
08:07:03.132 INFO  akka.javasdk.testkit.TestKit - Runtime started
08:07:03.132 INFO  akka.actor.CoordinatedShutdown - Running CoordinatedShutdown with reason [ActorSystemTerminateReason]
08:07:03.132 DEBUG akka.actor.CoordinatedShutdown - Performing phase [before-service-unbind] with [0] tasks
08:07:03.132 DEBUG akka.actor.CoordinatedShutdown - Performing phase [service-unbind] with [1] tasks.
08:07:03.132 DEBUG akka.actor.CoordinatedShutdown - Performing task [http-unbind-/127.0.0.1:63171] in CoordinatedShutdown phase [service-unbind]
08:07:03.132 DEBUG akka.actor.CoordinatedShutdown - Performing phase [service-requests-done] with [1] tasks.
08:07:03.132 DEBUG akka.actor.CoordinatedShutdown - Performing task [http-terminate-/127.0.0.1:63171] in CoordinatedShutdown phase [service-requests-done]
08:07:03.132 DEBUG akka.actor.CoordinatedShutdown - Performing phase [service-stop] with [1] tasks.
08:07:03.132 DEBUG akka.actor.CoordinatedShutdown - Performing task [stop-grpc-clients] in CoordinatedShutdown phase [service-stop]
08:07:03.132 DEBUG akka.actor.CoordinatedShutdown - Performing phase [before-cluster-shutdown] with [0] tasks
08:07:03.132 DEBUG akka.actor.CoordinatedShutdown - Performing phase [cluster-sharding-shutdown-region] with [5] tasks.
08:07:03.132 DEBUG akka.actor.CoordinatedShutdown - Performing task [region-shutdown] in CoordinatedShutdown phase [cluster-sharding-shutdown-region]
08:07:03.132 DEBUG akka.actor.CoordinatedShutdown - Performing task [region-shutdown] in CoordinatedShutdown phase [cluster-sharding-shutdown-region]
08:07:03.132 DEBUG akka.actor.CoordinatedShutdown - Performing task [region-shutdown] in CoordinatedShutdown phase [cluster-sharding-shutdown-region]
08:07:03.132 DEBUG akka.actor.CoordinatedShutdown - Performing task [region-shutdown] in CoordinatedShutdown phase [cluster-sharding-shutdown-region]
08:07:03.132 DEBUG akka.actor.CoordinatedShutdown - Performing task [region-shutdown] in CoordinatedShutdown phase [cluster-sharding-shutdown-region]
08:07:03.132 DEBUG a.c.sharding.DDataShardCoordinator - passivation-race-entity: Unknown region requested graceful shutdown [Actor[akka://akka-runtime/system/sharding/passivation-race-entity#-195723554]]
08:07:03.132 DEBUG a.c.sharding.DDataShardCoordinator - sharded-daemon-process-eventSourcedProjection-passivation-race-entity-passivation-race-view: Unknown region requested graceful shutdown [Actor[akka://akka-runtime/system/sharding/sharded-daemon-process-eventSourcedProjection-passivation-race-entity-passivation-race-view#-591771114]]
08:07:03.132 DEBUG a.c.sharding.DDataShardCoordinator - _timer: Unknown region requested graceful shutdown [Actor[akka://akka-runtime/system/sharding/_timer#-455729497]]
08:07:03.132 DEBUG a.c.sharding.DDataShardCoordinator - sharded-daemon-process-eventSourcedProjection-passivation-race-entity-passivation-race-consumer-b: Unknown region requested graceful shutdown [Actor[akka://akka-runtime/system/sharding/sharded-daemon-process-eventSourcedProjection-passivation-race-entity-passivation-race-consumer-b#1884652708]]
08:07:03.132 DEBUG a.c.sharding.DDataShardCoordinator - sharded-daemon-process-eventSourcedProjection-passivation-race-entity-passivation-race-consumer-a: Unknown region requested graceful shutdown [Actor[akka://akka-runtime/system/sharding/sharded-daemon-process-eventSourcedProjection-passivation-race-entity-passivation-race-consumer-a#982045914]]
08:07:03.139 DEBUG a.c.singleton.ClusterSingletonProxy - Trying to identify singleton at [akka://akka-runtime@127.0.0.1:63173/system/singletonManagerShardedDaemonProcessCoordinator-eventSourcedProjection-passivation-race-entity-passivation-race-consumer-a/ShardedDaemonProcessCoordinator-eventSourcedProjection-passivation-race-entity-passivation-race-consumer-a]
08:07:03.139 DEBUG a.c.singleton.ClusterSingletonProxy - Trying to identify singleton at [akka://akka-runtime@127.0.0.1:63173/system/singletonManagerShardedDaemonProcessCoordinator-eventSourcedProjection-passivation-race-entity-passivation-race-consumer-b/ShardedDaemonProcessCoordinator-eventSourcedProjection-passivation-race-entity-passivation-race-consumer-b]
08:07:03.139 DEBUG a.c.singleton.ClusterSingletonProxy - Trying to identify singleton at [akka://akka-runtime@127.0.0.1:63173/system/singletonManagerShardedDaemonProcessCoordinator-eventSourcedProjection-passivation-race-entity-passivation-race-view/ShardedDaemonProcessCoordinator-eventSourcedProjection-passivation-race-entity-passivation-race-view]
08:07:03.139 INFO  a.c.singleton.ClusterSingletonProxy - Singleton identified at [akka://akka-runtime/system/singletonManagerShardedDaemonProcessCoordinator-eventSourcedProjection-passivation-race-entity-passivation-race-consumer-b/ShardedDaemonProcessCoordinator-eventSourcedProjection-passivation-race-entity-passivation-race-consumer-b]
08:07:03.139 INFO  a.c.singleton.ClusterSingletonProxy - Singleton identified at [akka://akka-runtime/system/singletonManagerShardedDaemonProcessCoordinator-eventSourcedProjection-passivation-race-entity-passivation-race-consumer-a/ShardedDaemonProcessCoordinator-eventSourcedProjection-passivation-race-entity-passivation-race-consumer-a]
08:07:03.139 DEBUG a.c.singleton.ClusterSingletonProxy - Sending buffered messages to current singleton instance
08:07:03.139 DEBUG a.c.singleton.ClusterSingletonProxy - Sending buffered messages to current singleton instance
08:07:03.139 INFO  a.c.singleton.ClusterSingletonProxy - Singleton identified at [akka://akka-runtime/system/singletonManagerShardedDaemonProcessCoordinator-eventSourcedProjection-passivation-race-entity-passivation-race-view/ShardedDaemonProcessCoordinator-eventSourcedProjection-passivation-race-entity-passivation-race-view]
08:07:03.139 DEBUG a.c.singleton.ClusterSingletonProxy - Sending buffered messages to current singleton instance
08:07:03.340 DEBUG a.c.sharding.DDataShardCoordinator - passivation-race-entity: ShardRegion registered: [Actor[akka://akka-runtime/system/sharding/passivation-race-entity#-195723554]]
08:07:03.340 DEBUG a.c.sharding.DDataShardCoordinator - sharded-daemon-process-eventSourcedProjection-passivation-race-entity-passivation-race-consumer-a: ShardRegion registered: [Actor[akka://akka-runtime/system/sharding/sharded-daemon-process-eventSourcedProjection-passivation-race-entity-passivation-race-consumer-a#982045914]]
08:07:03.340 DEBUG a.c.sharding.DDataShardCoordinator - sharded-daemon-process-eventSourcedProjection-passivation-race-entity-passivation-race-consumer-b: ShardRegion registered: [Actor[akka://akka-runtime/system/sharding/sharded-daemon-process-eventSourcedProjection-passivation-race-entity-passivation-race-consumer-b#1884652708]]
08:07:03.340 DEBUG a.c.sharding.DDataShardCoordinator - sharded-daemon-process-eventSourcedProjection-passivation-race-entity-passivation-race-view: ShardRegion registered: [Actor[akka://akka-runtime/system/sharding/sharded-daemon-process-eventSourcedProjection-passivation-race-entity-passivation-race-view#-591771114]]
08:07:03.341 DEBUG a.c.sharding.DDataShardCoordinator - sharded-daemon-process-eventSourcedProjection-passivation-race-entity-passivation-race-view: The coordinator state was successfully updated with ShardRegionRegistered(Actor[akka://akka-runtime/system/sharding/sharded-daemon-process-eventSourcedProjection-passivation-race-entity-passivation-race-view#-591771114])
08:07:03.341 DEBUG a.c.sharding.DDataShardCoordinator - passivation-race-entity: The coordinator state was successfully updated with ShardRegionRegistered(Actor[akka://akka-runtime/system/sharding/passivation-race-entity#-195723554])
08:07:03.341 DEBUG a.c.sharding.DDataShardCoordinator - sharded-daemon-process-eventSourcedProjection-passivation-race-entity-passivation-race-consumer-a: The coordinator state was successfully updated with ShardRegionRegistered(Actor[akka://akka-runtime/system/sharding/sharded-daemon-process-eventSourcedProjection-passivation-race-entity-passivation-race-consumer-a#982045914])
08:07:03.341 DEBUG a.c.sharding.DDataShardCoordinator - sharded-daemon-process-eventSourcedProjection-passivation-race-entity-passivation-race-consumer-b: The coordinator state was successfully updated with ShardRegionRegistered(Actor[akka://akka-runtime/system/sharding/sharded-daemon-process-eventSourcedProjection-passivation-race-entity-passivation-race-consumer-b#1884652708])
08:07:03.341 DEBUG a.c.sharding.DDataShardCoordinator - sharded-daemon-process-eventSourcedProjection-passivation-race-entity-passivation-race-view: The coordinator state was successfully updated with ShardHomeAllocated(0,Actor[akka://akka-runtime/system/sharding/sharded-daemon-process-eventSourcedProjection-passivation-race-entity-passivation-race-view#-591771114])
08:07:03.341 DEBUG a.c.sharding.DDataShardCoordinator - sharded-daemon-process-eventSourcedProjection-passivation-race-entity-passivation-race-view: Shard [0] allocated at [Actor[akka://akka-runtime/system/sharding/sharded-daemon-process-eventSourcedProjection-passivation-race-entity-passivation-race-view#-591771114]]
08:07:03.342 DEBUG a.c.sharding.DDataShardCoordinator - passivation-race-entity: The coordinator state was successfully updated with ShardHomeAllocated(246,Actor[akka://akka-runtime/system/sharding/passivation-race-entity#-195723554])
08:07:03.342 DEBUG a.c.sharding.DDataShardCoordinator - sharded-daemon-process-eventSourcedProjection-passivation-race-entity-passivation-race-consumer-a: The coordinator state was successfully updated with ShardHomeAllocated(0,Actor[akka://akka-runtime/system/sharding/sharded-daemon-process-eventSourcedProjection-passivation-race-entity-passivation-race-consumer-a#982045914])
08:07:03.342 DEBUG a.c.sharding.DDataShardCoordinator - sharded-daemon-process-eventSourcedProjection-passivation-race-entity-passivation-race-consumer-a: Shard [0] allocated at [Actor[akka://akka-runtime/system/sharding/sharded-daemon-process-eventSourcedProjection-passivation-race-entity-passivation-race-consumer-a#982045914]]
08:07:03.342 DEBUG a.c.sharding.DDataShardCoordinator - sharded-daemon-process-eventSourcedProjection-passivation-race-entity-passivation-race-consumer-b: The coordinator state was successfully updated with ShardHomeAllocated(0,Actor[akka://akka-runtime/system/sharding/sharded-daemon-process-eventSourcedProjection-passivation-race-entity-passivation-race-consumer-b#1884652708])
08:07:03.342 DEBUG a.c.sharding.DDataShardCoordinator - sharded-daemon-process-eventSourcedProjection-passivation-race-entity-passivation-race-consumer-b: Shard [0] allocated at [Actor[akka://akka-runtime/system/sharding/sharded-daemon-process-eventSourcedProjection-passivation-race-entity-passivation-race-consumer-b#1884652708]]
08:07:03.342 DEBUG a.c.sharding.DDataShardCoordinator - sharded-daemon-process-eventSourcedProjection-passivation-race-entity-passivation-race-consumer-b: Graceful shutdown of region [Actor[akka://akka-runtime/system/sharding/sharded-daemon-process-eventSourcedProjection-passivation-race-entity-passivation-race-consumer-b#1884652708]] with [1] shards
08:07:03.342 INFO  a.c.sharding.DDataShardCoordinator - sharded-daemon-process-eventSourcedProjection-passivation-race-entity-passivation-race-consumer-b: Starting shutting down shards [0] due to region shutting down or explicit stopping of shards.
08:07:03.342 DEBUG a.c.sharding.DDataShardCoordinator - sharded-daemon-process-eventSourcedProjection-passivation-race-entity-passivation-race-consumer-a: Graceful shutdown of region [Actor[akka://akka-runtime/system/sharding/sharded-daemon-process-eventSourcedProjection-passivation-race-entity-passivation-race-consumer-a#982045914]] with [1] shards
08:07:03.342 DEBUG a.c.sharding.DDataShardCoordinator - passivation-race-entity: Shard [246] allocated at [Actor[akka://akka-runtime/system/sharding/passivation-race-entity#-195723554]]
08:07:03.342 INFO  a.c.sharding.DDataShardCoordinator - sharded-daemon-process-eventSourcedProjection-passivation-race-entity-passivation-race-consumer-a: Starting shutting down shards [0] due to region shutting down or explicit stopping of shards.
08:07:03.342 DEBUG akka.cluster.sharding.Shard - sharded-daemon-process-eventSourcedProjection-passivation-race-entity-passivation-race-consumer-b: Shard initialized
08:07:03.342 DEBUG akka.cluster.sharding.Shard - sharded-daemon-process-eventSourcedProjection-passivation-race-entity-passivation-race-consumer-a: Shard initialized
08:07:03.342 DEBUG a.c.s.ShardCoordinator$RebalanceWorker - sharded-daemon-process-eventSourcedProjection-passivation-race-entity-passivation-race-consumer-b: Shutting down shard [0] from region [Actor[akka://akka-runtime/system/sharding/sharded-daemon-process-eventSourcedProjection-passivation-race-entity-passivation-race-consumer-b#1884652708]]. Asking [1] region(s) to hand-off shard
08:07:03.342 DEBUG a.c.s.ShardCoordinator$RebalanceWorker - sharded-daemon-process-eventSourcedProjection-passivation-race-entity-passivation-race-consumer-a: Shutting down shard [0] from region [Actor[akka://akka-runtime/system/sharding/sharded-daemon-process-eventSourcedProjection-passivation-race-entity-passivation-race-consumer-a#982045914]]. Asking [1] region(s) to hand-off shard
08:07:03.342 DEBUG a.c.s.ShardCoordinator$RebalanceWorker - sharded-daemon-process-eventSourcedProjection-passivation-race-entity-passivation-race-consumer-a: BeginHandOffAck for shard [0] received from [Actor[akka://akka-runtime/system/sharding/sharded-daemon-process-eventSourcedProjection-passivation-race-entity-passivation-race-consumer-a#982045914]].
08:07:03.342 DEBUG a.c.s.ShardCoordinator$RebalanceWorker - sharded-daemon-process-eventSourcedProjection-passivation-race-entity-passivation-race-consumer-a: All shard regions acked, handing off shard [0].
08:07:03.342 DEBUG akka.cluster.sharding.Shard - sharded-daemon-process-eventSourcedProjection-passivation-race-entity-passivation-race-consumer-a: Request to start entity [0] and ack to [Some(Actor[akka://akka-runtime/deadLetters])]
08:07:03.342 DEBUG a.c.sharding.DDataShardCoordinator - sharded-daemon-process-eventSourcedProjection-passivation-race-entity-passivation-race-view: Graceful shutdown of region [Actor[akka://akka-runtime/system/sharding/sharded-daemon-process-eventSourcedProjection-passivation-race-entity-passivation-race-view#-591771114]] with [1] shards
08:07:03.342 INFO  a.c.sharding.DDataShardCoordinator - sharded-daemon-process-eventSourcedProjection-passivation-race-entity-passivation-race-view: Starting shutting down shards [0] due to region shutting down or explicit stopping of shards.
08:07:03.343 DEBUG a.c.sharding.DDataShardCoordinator - passivation-race-entity: Graceful shutdown of region [Actor[akka://akka-runtime/system/sharding/passivation-race-entity#-195723554]] with [1] shards
08:07:03.343 INFO  a.c.sharding.DDataShardCoordinator - passivation-race-entity: Starting shutting down shards [246] due to region shutting down or explicit stopping of shards.
08:07:03.343 DEBUG akka.cluster.sharding.Shard - sharded-daemon-process-eventSourcedProjection-passivation-race-entity-passivation-race-consumer-a: Started entity [Actor[akka://akka-runtime/system/sharding/sharded-daemon-process-eventSourcedProjection-passivation-race-entity-passivation-race-consumer-a/0/0#-1287952549]] with entity id [0] in shard [0]
08:07:03.343 DEBUG akka.cluster.sharding.Shard - sharded-daemon-process-eventSourcedProjection-passivation-race-entity-passivation-race-view: Shard initialized
08:07:03.343 DEBUG akka.cluster.sharding.Shard - sharded-daemon-process-eventSourcedProjection-passivation-race-entity-passivation-race-consumer-a: HandOff shard [0]
08:07:03.343 DEBUG akka.cluster.sharding.Shard - sharded-daemon-process-eventSourcedProjection-passivation-race-entity-passivation-race-consumer-a: Starting HandOffStopper for shard [0] to terminate [1] entities.
08:07:03.343 DEBUG a.c.s.ShardCoordinator$RebalanceWorker - sharded-daemon-process-eventSourcedProjection-passivation-race-entity-passivation-race-view: Shutting down shard [0] from region [Actor[akka://akka-runtime/system/sharding/sharded-daemon-process-eventSourcedProjection-passivation-race-entity-passivation-race-view#-591771114]]. Asking [1] region(s) to hand-off shard
08:07:03.343 DEBUG a.c.s.t.i.ShardedDaemonProcessState$ - eventSourcedProjection-passivation-race-entity-passivation-race-consumer-a: Deferred start of worker to verify its revision [0] is the latest
08:07:03.343 DEBUG akka.cluster.sharding.Shard - sharded-daemon-process-eventSourcedProjection-passivation-race-entity-passivation-race-view: Request to start entity [0] and ack to [Some(Actor[akka://akka-runtime/deadLetters])]
08:07:03.343 DEBUG akka.cluster.sharding.Shard - passivation-race-entity: Shard initialized
08:07:03.343 DEBUG a.c.s.ShardCoordinator$RebalanceWorker - passivation-race-entity: Shutting down shard [246] from region [Actor[akka://akka-runtime/system/sharding/passivation-race-entity#-195723554]]. Asking [1] region(s) to hand-off shard
08:07:03.343 DEBUG akka.cluster.sharding.Shard - sharded-daemon-process-eventSourcedProjection-passivation-race-entity-passivation-race-view: Started entity [Actor[akka://akka-runtime/system/sharding/sharded-daemon-process-eventSourcedProjection-passivation-race-entity-passivation-race-view/0/0#-104453028]] with entity id [0] in shard [0]
08:07:03.343 DEBUG a.c.s.ShardCoordinator$RebalanceWorker - sharded-daemon-process-eventSourcedProjection-passivation-race-entity-passivation-race-view: BeginHandOffAck for shard [0] received from [Actor[akka://akka-runtime/system/sharding/sharded-daemon-process-eventSourcedProjection-passivation-race-entity-passivation-race-view#-591771114]].
08:07:03.343 INFO  a.c.s.t.i.ShardedDaemonProcessState$ - eventSourcedProjection-passivation-race-entity-passivation-race-consumer-a: Starting Sharded Daemon Process [0] out of a total [1] (revision [0] and no state found)
08:07:03.343 DEBUG a.c.s.t.i.ShardedDaemonProcessState$ - eventSourcedProjection-passivation-race-entity-passivation-race-view: Deferred start of worker to verify its revision [0] is the latest
08:07:03.343 DEBUG a.c.s.ShardCoordinator$RebalanceWorker - sharded-daemon-process-eventSourcedProjection-passivation-race-entity-passivation-race-view: All shard regions acked, handing off shard [0].
08:07:03.343 DEBUG a.c.s.t.i.ShardedDaemonProcessState$ - eventSourcedProjection-passivation-race-entity-passivation-race-consumer-b: Deferred start of worker to verify its revision [0] is the latest
08:07:03.344 INFO  a.c.s.t.i.ShardedDaemonProcessState$ - eventSourcedProjection-passivation-race-entity-passivation-race-view: Starting Sharded Daemon Process [0] out of a total [1] (revision [0] and no state found)
08:07:03.344 INFO  a.c.s.t.i.ShardedDaemonProcessState$ - eventSourcedProjection-passivation-race-entity-passivation-race-consumer-b: Starting Sharded Daemon Process [0] out of a total [1] (revision [0] and no state found)
08:07:03.344 DEBUG akka.cluster.sharding.Shard - sharded-daemon-process-eventSourcedProjection-passivation-race-entity-passivation-race-view: HandOff shard [0]
08:07:03.344 DEBUG akka.cluster.sharding.Shard - passivation-race-entity: Started entity [Actor[akka://akka-runtime/system/sharding/passivation-race-entity/246/935ac392-987e-47d9-9ceb-af46ca07ad3c#-1455810721]] with entity id [935ac392-987e-47d9-9ceb-af46ca07ad3c] in shard [246]
08:07:03.344 DEBUG akka.cluster.sharding.Shard - sharded-daemon-process-eventSourcedProjection-passivation-race-entity-passivation-race-view: Starting HandOffStopper for shard [0] to terminate [1] entities.
08:07:03.344 DEBUG a.c.s.ShardCoordinator$RebalanceWorker - passivation-race-entity: BeginHandOffAck for shard [246] received from [Actor[akka://akka-runtime/system/sharding/passivation-race-entity#-195723554]].
08:07:03.344 DEBUG a.c.s.ShardCoordinator$RebalanceWorker - passivation-race-entity: All shard regions acked, handing off shard [246].
08:07:03.344 DEBUG akka.cluster.sharding.Shard - sharded-daemon-process-eventSourcedProjection-passivation-race-entity-passivation-race-consumer-b: Request to start entity [0] and ack to [Some(Actor[akka://akka-runtime/deadLetters])]
08:07:03.344 DEBUG akka.cluster.sharding.Shard - sharded-daemon-process-eventSourcedProjection-passivation-race-entity-passivation-race-consumer-b: Started entity [Actor[akka://akka-runtime/system/sharding/sharded-daemon-process-eventSourcedProjection-passivation-race-entity-passivation-race-consumer-b/0/0#1184798782]] with entity id [0] in shard [0]
08:07:03.344 DEBUG a.c.s.ShardCoordinator$RebalanceWorker - sharded-daemon-process-eventSourcedProjection-passivation-race-entity-passivation-race-consumer-b: BeginHandOffAck for shard [0] received from [Actor[akka://akka-runtime/system/sharding/sharded-daemon-process-eventSourcedProjection-passivation-race-entity-passivation-race-consumer-b#1884652708]].
08:07:03.344 DEBUG a.c.s.ShardCoordinator$RebalanceWorker - sharded-daemon-process-eventSourcedProjection-passivation-race-entity-passivation-race-consumer-b: All shard regions acked, handing off shard [0].
08:07:03.344 DEBUG akka.cluster.sharding.Shard - sharded-daemon-process-eventSourcedProjection-passivation-race-entity-passivation-race-consumer-b: HandOff shard [0]
08:07:03.344 DEBUG akka.cluster.sharding.Shard - sharded-daemon-process-eventSourcedProjection-passivation-race-entity-passivation-race-consumer-b: Starting HandOffStopper for shard [0] to terminate [1] entities.
08:07:03.344 DEBUG akka.cluster.sharding.Shard - passivation-race-entity: HandOff shard [246]
08:07:03.344 DEBUG akka.cluster.sharding.Shard - passivation-race-entity: Starting HandOffStopper for shard [246] to terminate [1] entities.
08:07:03.353 DEBUG akka.cluster.sharding.Shard - passivation-race-entity: Shard [246] shutting down
08:07:03.353 DEBUG a.c.sharding.DDataShardCoordinator - passivation-race-entity: Shard [246] deallocation completed successfully.
08:07:03.353 DEBUG a.c.sharding.DDataShardCoordinator - passivation-race-entity: The coordinator state was successfully updated with ShardHomeDeallocated(246)
08:07:03.353 DEBUG a.c.sharding.DDataShardCoordinator - passivation-race-entity: Shard [246] deallocated after
08:07:03.353 DEBUG a.c.sharding.DDataShardCoordinator - passivation-race-entity: ShardRegion stopped: [Actor[akka://akka-runtime/system/sharding/passivation-race-entity#-195723554]]
08:07:03.353 DEBUG a.c.sharding.DDataShardCoordinator - passivation-race-entity: ShardRegion terminated (gracefully): [Actor[akka://akka-runtime/system/sharding/passivation-race-entity#-195723554]] {}
08:07:03.353 DEBUG a.c.sharding.DDataShardCoordinator - passivation-race-entity: GetShardHome [246] request from [Actor[akka://local/ignore]] stashed, because waiting for initial state or update of state. It will be handled afterwards.
08:07:03.353 DEBUG a.c.sharding.DDataShardCoordinator - passivation-race-entity: The coordinator state was successfully updated with ShardRegionTerminated(Actor[akka://akka-runtime/system/sharding/passivation-race-entity#-195723554])
08:07:03.353 ERROR repro.Bootstrap - onStartup() threw an exception
java.util.concurrent.TimeoutException: Command to entity [passivation-race-entity] id [ec31c57a-2e10-4357-a08b-47c2d56c0311] timed out.
	at kalix.runtime.eventsourcedentity.EventSourcedSupport$$anonfun$$nestedInanonfun$handleCommand$1$1.applyOrElse(EventSourcedEntitySupportFactory.scala:191)
	at kalix.runtime.eventsourcedentity.EventSourcedSupport$$anonfun$$nestedInanonfun$handleCommand$1$1.applyOrElse(EventSourcedEntitySupportFactory.scala:189)
	at scala.concurrent.impl.Promise$Transformation.run(Promise.scala:523)
	at akka.dispatch.BatchingExecutor$AbstractBatch.processBatch(BatchingExecutor.scala:64)
	at akka.dispatch.BatchingExecutor$BlockableBatch.$anonfun$run$1(BatchingExecutor.scala:101)
	at scala.runtime.java8.JFunction0$mcV$sp.apply(JFunction0$mcV$sp.scala:18)
	at scala.concurrent.BlockContext$.withBlockContext(BlockContext.scala:94)
	at akka.dispatch.BatchingExecutor$BlockableBatch.run(BatchingExecutor.scala:101)
	at akka.dispatch.TaskInvocation.run(AbstractDispatcher.scala:48)
	at akka.dispatch.ForkJoinExecutorConfigurator$AkkaForkJoinTask.exec(ForkJoinExecutorConfigurator.scala:60)
	at java.base/java.util.concurrent.ForkJoinTask.doExec(ForkJoinTask.java:507)
	at java.base/java.util.concurrent.ForkJoinPool$WorkQueue.topLevelExec(ForkJoinPool.java:1450)
	at java.base/java.util.concurrent.ForkJoinPool.runWorker(ForkJoinPool.java:2019)
	at java.base/java.util.concurrent.ForkJoinWorkerThread.run(ForkJoinWorkerThread.java:187)
08:07:04.109 WARN  a.c.s.ShardRegion$HandOffStopper - sharded-daemon-process-eventSourcedProjection-passivation-race-entity-passivation-race-view: [1] of the entities in shard [0] not stopped after [750 milliseconds]. Maybe the handOffStopMessage [akka.projection.ProjectionBehavior$Stop$] is not handled? Waiting additional [250 milliseconds] before stopping the remaining entities.
08:07:04.109 WARN  a.c.s.ShardRegion$HandOffStopper - sharded-daemon-process-eventSourcedProjection-passivation-race-entity-passivation-race-consumer-a: [1] of the entities in shard [0] not stopped after [750 milliseconds]. Maybe the handOffStopMessage [akka.projection.ProjectionBehavior$Stop$] is not handled? Waiting additional [250 milliseconds] before stopping the remaining entities.
08:07:04.109 WARN  a.c.s.ShardRegion$HandOffStopper - sharded-daemon-process-eventSourcedProjection-passivation-race-entity-passivation-race-consumer-b: [1] of the entities in shard [0] not stopped after [750 milliseconds]. Maybe the handOffStopMessage [akka.projection.ProjectionBehavior$Stop$] is not handled? Waiting additional [250 milliseconds] before stopping the remaining entities.
08:07:04.358 WARN  a.c.s.ShardRegion$HandOffStopper - sharded-daemon-process-eventSourcedProjection-passivation-race-entity-passivation-race-consumer-b: HandOffStopMessage [akka.projection.ProjectionBehavior$Stop$] is not handled by some of the entities in shard [0] after [1 second], stopping the remaining [1] entities.
08:07:04.358 WARN  a.c.s.ShardRegion$HandOffStopper - sharded-daemon-process-eventSourcedProjection-passivation-race-entity-passivation-race-consumer-a: HandOffStopMessage [akka.projection.ProjectionBehavior$Stop$] is not handled by some of the entities in shard [0] after [1 second], stopping the remaining [1] entities.
08:07:04.358 WARN  a.c.s.ShardRegion$HandOffStopper - sharded-daemon-process-eventSourcedProjection-passivation-race-entity-passivation-race-view: HandOffStopMessage [akka.projection.ProjectionBehavior$Stop$] is not handled by some of the entities in shard [0] after [1 second], stopping the remaining [1] entities.
08:07:04.359 DEBUG akka.cluster.sharding.Shard - sharded-daemon-process-eventSourcedProjection-passivation-race-entity-passivation-race-view: Shard [0] shutting down
08:07:04.359 DEBUG a.c.sharding.DDataShardCoordinator - sharded-daemon-process-eventSourcedProjection-passivation-race-entity-passivation-race-view: Shard [0] deallocation completed successfully.
08:07:04.359 DEBUG akka.cluster.sharding.Shard - sharded-daemon-process-eventSourcedProjection-passivation-race-entity-passivation-race-consumer-a: Shard [0] shutting down
08:07:04.360 WARN  a.s.s.RestartWithBackoffSource - Restarting stream due to failure [1]: akka.projection.r2dbc.internal.R2dbcOffsetStore$AttemptToUseStoppedOffsetStore: eventSourcedProjection-passivation-race-entity-passivation-race-view [0-1023], correlation [e61c8292-e385-4582-aa4c-3ae617b88d1d]: R2dbcOffsetStore was stopped
08:07:04.360 DEBUG akka.cluster.sharding.Shard - sharded-daemon-process-eventSourcedProjection-passivation-race-entity-passivation-race-consumer-b: Shard [0] shutting down
08:07:04.360 DEBUG a.c.sharding.DDataShardCoordinator - sharded-daemon-process-eventSourcedProjection-passivation-race-entity-passivation-race-consumer-b: Shard [0] deallocation completed successfully.
08:07:04.360 DEBUG a.c.sharding.DDataShardCoordinator - sharded-daemon-process-eventSourcedProjection-passivation-race-entity-passivation-race-consumer-a: Shard [0] deallocation completed successfully.
08:07:04.360 DEBUG a.c.sharding.DDataShardCoordinator - sharded-daemon-process-eventSourcedProjection-passivation-race-entity-passivation-race-view: The coordinator state was successfully updated with ShardHomeDeallocated(0)
08:07:04.360 DEBUG a.c.sharding.DDataShardCoordinator - sharded-daemon-process-eventSourcedProjection-passivation-race-entity-passivation-race-view: Shard [0] deallocated after
08:07:04.360 DEBUG a.c.sharding.DDataShardCoordinator - sharded-daemon-process-eventSourcedProjection-passivation-race-entity-passivation-race-consumer-b: The coordinator state was successfully updated with ShardHomeDeallocated(0)
08:07:04.360 DEBUG a.c.sharding.DDataShardCoordinator - sharded-daemon-process-eventSourcedProjection-passivation-race-entity-passivation-race-consumer-b: Shard [0] deallocated after
08:07:04.360 DEBUG a.c.sharding.DDataShardCoordinator - sharded-daemon-process-eventSourcedProjection-passivation-race-entity-passivation-race-view: ShardRegion terminated (gracefully): [Actor[akka://akka-runtime/system/sharding/sharded-daemon-process-eventSourcedProjection-passivation-race-entity-passivation-race-view#-591771114]] {}
08:07:04.360 DEBUG a.c.sharding.DDataShardCoordinator - sharded-daemon-process-eventSourcedProjection-passivation-race-entity-passivation-race-consumer-b: ShardRegion terminated (gracefully): [Actor[akka://akka-runtime/system/sharding/sharded-daemon-process-eventSourcedProjection-passivation-race-entity-passivation-race-consumer-b#1884652708]] {}
08:07:04.360 WARN  a.s.s.RestartWithBackoffSource - Restarting stream due to failure [1]: akka.projection.r2dbc.internal.R2dbcOffsetStore$AttemptToUseStoppedOffsetStore: eventSourcedProjection-passivation-race-entity-passivation-race-consumer-b [0-1023], correlation [730b9c91-5da2-4c0c-a5dd-0e1b6875148c]: R2dbcOffsetStore was stopped
08:07:04.360 DEBUG a.c.sharding.DDataShardCoordinator - sharded-daemon-process-eventSourcedProjection-passivation-race-entity-passivation-race-view: GetShardHome [0] request from [Actor[akka://local/ignore]] stashed, because waiting for initial state or update of state. It will be handled afterwards.
08:07:04.360 DEBUG a.c.sharding.DDataShardCoordinator - sharded-daemon-process-eventSourcedProjection-passivation-race-entity-passivation-race-consumer-b: GetShardHome [0] request from [Actor[akka://local/ignore]] stashed, because waiting for initial state or update of state. It will be handled afterwards.
08:07:04.360 WARN  a.s.s.RestartWithBackoffSource - Restarting stream due to failure [1]: akka.projection.r2dbc.internal.R2dbcOffsetStore$AttemptToUseStoppedOffsetStore: eventSourcedProjection-passivation-race-entity-passivation-race-consumer-a [0-1023], correlation [f8499a0c-e77e-4cd8-aea0-82bec9aad2ca]: R2dbcOffsetStore was stopped
08:07:04.360 DEBUG akka.actor.CoordinatedShutdown - Performing phase [cluster-leave] with [1] tasks.
08:07:04.360 DEBUG akka.actor.CoordinatedShutdown - Performing task [leave] in CoordinatedShutdown phase [cluster-leave]
08:07:04.360 DEBUG a.c.sharding.DDataShardCoordinator - sharded-daemon-process-eventSourcedProjection-passivation-race-entity-passivation-race-consumer-a: The coordinator state was successfully updated with ShardHomeDeallocated(0)
08:07:04.360 DEBUG a.c.sharding.DDataShardCoordinator - sharded-daemon-process-eventSourcedProjection-passivation-race-entity-passivation-race-consumer-a: Shard [0] deallocated after
08:07:04.360 DEBUG a.c.sharding.DDataShardCoordinator - sharded-daemon-process-eventSourcedProjection-passivation-race-entity-passivation-race-consumer-a: ShardRegion terminated (gracefully): [Actor[akka://akka-runtime/system/sharding/sharded-daemon-process-eventSourcedProjection-passivation-race-entity-passivation-race-consumer-a#982045914]] {}
08:07:04.360 DEBUG a.c.sharding.DDataShardCoordinator - sharded-daemon-process-eventSourcedProjection-passivation-race-entity-passivation-race-view: The coordinator state was successfully updated with ShardRegionTerminated(Actor[akka://akka-runtime/system/sharding/sharded-daemon-process-eventSourcedProjection-passivation-race-entity-passivation-race-view#-591771114])
08:07:04.360 DEBUG a.c.sharding.DDataShardCoordinator - sharded-daemon-process-eventSourcedProjection-passivation-race-entity-passivation-race-consumer-a: GetShardHome [0] request from [Actor[akka://local/ignore]] stashed, because waiting for initial state or update of state. It will be handled afterwards.
08:07:04.360 DEBUG a.c.sharding.DDataShardCoordinator - sharded-daemon-process-eventSourcedProjection-passivation-race-entity-passivation-race-view: ShardRegion stopped: [Actor[akka://akka-runtime/system/sharding/sharded-daemon-process-eventSourcedProjection-passivation-race-entity-passivation-race-view#-591771114]]
08:07:04.360 DEBUG a.c.sharding.DDataShardCoordinator - sharded-daemon-process-eventSourcedProjection-passivation-race-entity-passivation-race-consumer-b: The coordinator state was successfully updated with ShardRegionTerminated(Actor[akka://akka-runtime/system/sharding/sharded-daemon-process-eventSourcedProjection-passivation-race-entity-passivation-race-consumer-b#1884652708])
08:07:04.360 DEBUG a.c.sharding.DDataShardCoordinator - sharded-daemon-process-eventSourcedProjection-passivation-race-entity-passivation-race-consumer-b: ShardRegion stopped: [Actor[akka://akka-runtime/system/sharding/sharded-daemon-process-eventSourcedProjection-passivation-race-entity-passivation-race-consumer-b#1884652708]]
08:07:04.361 DEBUG a.c.sharding.DDataShardCoordinator - sharded-daemon-process-eventSourcedProjection-passivation-race-entity-passivation-race-consumer-a: The coordinator state was successfully updated with ShardRegionTerminated(Actor[akka://akka-runtime/system/sharding/sharded-daemon-process-eventSourcedProjection-passivation-race-entity-passivation-race-consumer-a#982045914])
08:07:04.361 DEBUG a.c.sharding.DDataShardCoordinator - sharded-daemon-process-eventSourcedProjection-passivation-race-entity-passivation-race-consumer-a: ShardRegion stopped: [Actor[akka://akka-runtime/system/sharding/sharded-daemon-process-eventSourcedProjection-passivation-race-entity-passivation-race-consumer-a#982045914]]
08:07:04.362 DEBUG akka.actor.CoordinatedShutdown - Performing phase [cluster-exiting] with [28] tasks.
08:07:04.362 DEBUG akka.actor.CoordinatedShutdown - Performing task [singleton-exiting-2] in CoordinatedShutdown phase [cluster-exiting]
08:07:04.362 DEBUG akka.actor.CoordinatedShutdown - Performing task [wait-singleton-exiting] in CoordinatedShutdown phase [cluster-exiting]
08:07:04.362 DEBUG akka.actor.CoordinatedShutdown - Performing task [singleton-exiting-2] in CoordinatedShutdown phase [cluster-exiting]
08:07:04.362 DEBUG akka.actor.CoordinatedShutdown - Performing task [singleton-exiting-1] in CoordinatedShutdown phase [cluster-exiting]
08:07:04.362 DEBUG akka.actor.CoordinatedShutdown - Performing task [singleton-exiting-1] in CoordinatedShutdown phase [cluster-exiting]
08:07:04.362 DEBUG akka.actor.CoordinatedShutdown - Performing task [wait-singleton-exiting] in CoordinatedShutdown phase [cluster-exiting]
08:07:04.362 DEBUG akka.actor.CoordinatedShutdown - Performing task [wait-singleton-exiting] in CoordinatedShutdown phase [cluster-exiting]
08:07:04.362 DEBUG akka.actor.CoordinatedShutdown - Performing task [singleton-exiting-1] in CoordinatedShutdown phase [cluster-exiting]
08:07:04.362 DEBUG akka.actor.CoordinatedShutdown - Performing task [wait-singleton-exiting] in CoordinatedShutdown phase [cluster-exiting]
08:07:04.362 DEBUG akka.actor.CoordinatedShutdown - Performing task [singleton-exiting-1] in CoordinatedShutdown phase [cluster-exiting]
08:07:04.362 DEBUG akka.actor.CoordinatedShutdown - Performing task [singleton-exiting-1] in CoordinatedShutdown phase [cluster-exiting]
08:07:04.362 DEBUG akka.actor.CoordinatedShutdown - Performing task [singleton-exiting-2] in CoordinatedShutdown phase [cluster-exiting]
08:07:04.362 DEBUG akka.actor.CoordinatedShutdown - Performing task [singleton-exiting-2] in CoordinatedShutdown phase [cluster-exiting]
08:07:04.362 DEBUG akka.actor.CoordinatedShutdown - Performing task [wait-exiting] in CoordinatedShutdown phase [cluster-exiting]
08:07:04.362 DEBUG akka.actor.CoordinatedShutdown - Performing task [wait-singleton-exiting] in CoordinatedShutdown phase [cluster-exiting]
08:07:04.362 DEBUG akka.actor.CoordinatedShutdown - Performing task [wait-singleton-exiting] in CoordinatedShutdown phase [cluster-exiting]
08:07:04.362 DEBUG akka.actor.CoordinatedShutdown - Performing task [singleton-exiting-2] in CoordinatedShutdown phase [cluster-exiting]
08:07:04.362 DEBUG akka.actor.CoordinatedShutdown - Performing task [singleton-exiting-2] in CoordinatedShutdown phase [cluster-exiting]
08:07:04.362 DEBUG akka.actor.CoordinatedShutdown - Performing task [singleton-exiting-1] in CoordinatedShutdown phase [cluster-exiting]
08:07:04.362 DEBUG akka.actor.CoordinatedShutdown - Performing task [singleton-exiting-2] in CoordinatedShutdown phase [cluster-exiting]
08:07:04.362 INFO  a.c.s.ClusterSingletonManager - Exited [akka://akka-runtime@127.0.0.1:63173].
08:07:04.362 DEBUG akka.actor.CoordinatedShutdown - Performing task [singleton-exiting-1] in CoordinatedShutdown phase [cluster-exiting]
08:07:04.362 DEBUG akka.actor.CoordinatedShutdown - Performing task [singleton-exiting-1] in CoordinatedShutdown phase [cluster-exiting]
08:07:04.362 DEBUG akka.actor.CoordinatedShutdown - Performing task [singleton-exiting-2] in CoordinatedShutdown phase [cluster-exiting]
08:07:04.362 DEBUG akka.actor.CoordinatedShutdown - Performing task [wait-singleton-exiting] in CoordinatedShutdown phase [cluster-exiting]
08:07:04.362 DEBUG akka.actor.CoordinatedShutdown - Performing task [wait-singleton-exiting] in CoordinatedShutdown phase [cluster-exiting]
08:07:04.362 DEBUG akka.actor.CoordinatedShutdown - Performing task [singleton-exiting-2] in CoordinatedShutdown phase [cluster-exiting]
08:07:04.362 INFO  a.c.s.ClusterSingletonManager - Exited [akka://akka-runtime@127.0.0.1:63173].
08:07:04.362 DEBUG akka.actor.CoordinatedShutdown - Performing task [singleton-exiting-1] in CoordinatedShutdown phase [cluster-exiting]
08:07:04.362 DEBUG akka.actor.CoordinatedShutdown - Performing task [wait-singleton-exiting] in CoordinatedShutdown phase [cluster-exiting]
08:07:04.362 INFO  a.c.s.ClusterSingletonManager - Exited [akka://akka-runtime@127.0.0.1:63173].
08:07:04.362 INFO  a.c.s.ClusterSingletonManager - Oldest observed OldestChanged: [akka://akka-runtime@127.0.0.1:63173 -> None]
08:07:04.362 INFO  a.c.s.ClusterSingletonManager - Oldest observed OldestChanged: [akka://akka-runtime@127.0.0.1:63173 -> None]
08:07:04.362 INFO  a.c.s.ClusterSingletonManager - Exited [akka://akka-runtime@127.0.0.1:63173].
08:07:04.362 INFO  a.c.s.ClusterSingletonManager - ClusterSingletonManager state change [Oldest -> WasOldest]
08:07:04.362 INFO  a.c.s.ClusterSingletonManager - ClusterSingletonManager state change [Oldest -> WasOldest]
08:07:04.362 INFO  a.c.s.ClusterSingletonManager - Oldest observed OldestChanged: [akka://akka-runtime@127.0.0.1:63173 -> None]
08:07:04.362 INFO  a.c.s.ClusterSingletonManager - Exited [akka://akka-runtime@127.0.0.1:63173].
08:07:04.362 INFO  a.c.s.ClusterSingletonManager - ClusterSingletonManager state change [Oldest -> WasOldest]
08:07:04.362 INFO  a.c.s.ClusterSingletonManager - Oldest observed OldestChanged: [akka://akka-runtime@127.0.0.1:63173 -> None]
08:07:04.362 INFO  a.c.s.ClusterSingletonManager - ClusterSingletonManager state change [Oldest -> WasOldest]
08:07:04.362 INFO  a.c.s.ClusterSingletonManager - Exited [akka://akka-runtime@127.0.0.1:63173].
08:07:04.362 INFO  a.c.s.ClusterSingletonManager - Exited [akka://akka-runtime@127.0.0.1:63173].
08:07:04.362 INFO  a.c.s.ClusterSingletonManager - Exited [akka://akka-runtime@127.0.0.1:63173].
08:07:04.362 INFO  a.c.s.ClusterSingletonManager - Oldest observed OldestChanged: [akka://akka-runtime@127.0.0.1:63173 -> None]
08:07:04.362 INFO  a.c.s.ClusterSingletonManager - Oldest observed OldestChanged: [akka://akka-runtime@127.0.0.1:63173 -> None]
08:07:04.362 INFO  a.c.s.ClusterSingletonManager - Oldest observed OldestChanged: [akka://akka-runtime@127.0.0.1:63173 -> None]
08:07:04.362 INFO  a.c.s.ClusterSingletonManager - ClusterSingletonManager state change [Oldest -> WasOldest]
08:07:04.362 INFO  a.c.s.ClusterSingletonManager - ClusterSingletonManager state change [Oldest -> WasOldest]
08:07:04.362 INFO  a.c.s.ClusterSingletonManager - ClusterSingletonManager state change [Oldest -> WasOldest]
08:07:04.362 INFO  a.c.s.ClusterSingletonManager - Exited [akka://akka-runtime@127.0.0.1:63173].
08:07:04.362 INFO  a.c.s.ClusterSingletonManager - Oldest observed OldestChanged: [akka://akka-runtime@127.0.0.1:63173 -> None]
08:07:04.362 INFO  a.c.s.ClusterSingletonManager - ClusterSingletonManager state change [Oldest -> WasOldest]
08:07:04.362 INFO  a.c.s.ClusterSingletonManager - Oldest observed OldestChanged: [akka://akka-runtime@127.0.0.1:63173 -> None]
08:07:04.362 INFO  a.c.s.ClusterSingletonManager - ClusterSingletonManager state change [Oldest -> WasOldest]
08:07:05.010 DEBUG a.c.singleton.ClusterSingletonProxy - Creating singleton identification timer...
08:07:05.010 DEBUG a.c.singleton.ClusterSingletonProxy - Creating singleton identification timer...
08:07:05.010 DEBUG a.c.singleton.ClusterSingletonProxy - Creating singleton identification timer...
08:07:05.010 DEBUG a.c.singleton.ClusterSingletonProxy - Creating singleton identification timer...
08:07:05.379 INFO  a.c.s.ClusterSingletonManager - Singleton manager stopping singleton actor [akka://akka-runtime/system/sharding/sharded-daemon-process-eventSourcedProjection-passivation-race-entity-passivation-race-consumer-bCoordinator/singleton]
08:07:05.379 INFO  a.c.s.ClusterSingletonManager - Singleton manager stopping singleton actor [akka://akka-runtime/system/sharding/sharded-daemon-process-eventSourcedProjection-passivation-race-entity-passivation-race-viewCoordinator/singleton]
08:07:05.379 INFO  a.c.s.ClusterSingletonManager - Singleton manager stopping singleton actor [akka://akka-runtime/system/sharding/_timerCoordinator/singleton]
08:07:05.379 INFO  a.c.s.ClusterSingletonManager - Singleton manager stopping singleton actor [akka://akka-runtime/system/singletonManagerShardedDaemonProcessCoordinator-eventSourcedProjection-passivation-race-entity-passivation-race-consumer-b/ShardedDaemonProcessCoordinator-eventSourcedProjection-passivation-race-entity-passivation-race-consumer-b]
08:07:05.379 INFO  a.c.s.ClusterSingletonManager - ClusterSingletonManager state change [WasOldest -> Stopping]
08:07:05.379 INFO  a.c.s.ClusterSingletonManager - ClusterSingletonManager state change [WasOldest -> Stopping]
08:07:05.379 INFO  a.c.s.ClusterSingletonManager - ClusterSingletonManager state change [WasOldest -> Stopping]
08:07:05.379 INFO  a.c.s.ClusterSingletonManager - ClusterSingletonManager state change [WasOldest -> Stopping]
08:07:05.379 DEBUG a.c.sharding.DDataShardCoordinator - sharded-daemon-process-eventSourcedProjection-passivation-race-entity-passivation-race-consumer-b: Received termination message.
08:07:05.379 INFO  a.c.s.ClusterSingletonManager - Singleton manager stopping singleton actor [akka://akka-runtime/system/singletonManagerschemaSingleton/schemaSingleton]
08:07:05.379 DEBUG a.c.sharding.DDataShardCoordinator - sharded-daemon-process-eventSourcedProjection-passivation-race-entity-passivation-race-view: Received termination message.
08:07:05.379 INFO  a.c.s.ClusterSingletonManager - ClusterSingletonManager state change [WasOldest -> Stopping]
08:07:05.379 DEBUG a.c.sharding.DDataShardCoordinator - _timer: Received termination message.
08:07:05.379 INFO  a.c.s.ClusterSingletonManager - Singleton actor [akka://akka-runtime/system/singletonManagerschemaSingleton/schemaSingleton] was terminated
08:07:05.379 INFO  a.c.s.ClusterSingletonManager - Singleton actor [akka://akka-runtime/system/singletonManagerShardedDaemonProcessCoordinator-eventSourcedProjection-passivation-race-entity-passivation-race-consumer-b/ShardedDaemonProcessCoordinator-eventSourcedProjection-passivation-race-entity-passivation-race-consumer-b] was terminated
08:07:05.379 INFO  a.c.s.ClusterSingletonManager - Singleton actor [akka://akka-runtime/system/sharding/sharded-daemon-process-eventSourcedProjection-passivation-race-entity-passivation-race-viewCoordinator/singleton] was terminated
08:07:05.379 INFO  a.c.s.ClusterSingletonManager - Singleton actor [akka://akka-runtime/system/sharding/_timerCoordinator/singleton] was terminated
08:07:05.379 INFO  a.c.s.ClusterSingletonManager - Singleton manager stopping singleton actor [akka://akka-runtime/system/sharding/sharded-daemon-process-eventSourcedProjection-passivation-race-entity-passivation-race-consumer-aCoordinator/singleton]
08:07:05.379 INFO  a.c.s.ClusterSingletonManager - ClusterSingletonManager state change [WasOldest -> Stopping]
08:07:05.379 DEBUG a.c.sharding.DDataShardCoordinator - sharded-daemon-process-eventSourcedProjection-passivation-race-entity-passivation-race-consumer-a: Received termination message.
08:07:05.379 INFO  a.c.s.ClusterSingletonManager - Singleton actor [akka://akka-runtime/system/sharding/sharded-daemon-process-eventSourcedProjection-passivation-race-entity-passivation-race-consumer-bCoordinator/singleton] was terminated
08:07:05.379 INFO  a.c.s.ClusterSingletonManager - Singleton actor [akka://akka-runtime/system/sharding/sharded-daemon-process-eventSourcedProjection-passivation-race-entity-passivation-race-consumer-aCoordinator/singleton] was terminated
08:07:05.379 INFO  a.c.s.ClusterSingletonManager - Singleton manager stopping singleton actor [akka://akka-runtime/system/singletonManagerShardedDaemonProcessCoordinator-eventSourcedProjection-passivation-race-entity-passivation-race-view/ShardedDaemonProcessCoordinator-eventSourcedProjection-passivation-race-entity-passivation-race-view]
08:07:05.379 INFO  a.c.s.ClusterSingletonManager - ClusterSingletonManager state change [WasOldest -> Stopping]
08:07:05.379 INFO  a.c.s.ClusterSingletonManager - Singleton manager stopping singleton actor [akka://akka-runtime/system/sharding/passivation-race-entityCoordinator/singleton]
08:07:05.379 INFO  a.c.s.ClusterSingletonManager - ClusterSingletonManager state change [WasOldest -> Stopping]
08:07:05.380 DEBUG a.c.sharding.DDataShardCoordinator - passivation-race-entity: Received termination message.
08:07:05.380 INFO  a.c.s.ClusterSingletonManager - Singleton manager stopping singleton actor [akka://akka-runtime/system/singletonManagerShardedDaemonProcessCoordinator-eventSourcedProjection-passivation-race-entity-passivation-race-consumer-a/ShardedDaemonProcessCoordinator-eventSourcedProjection-passivation-race-entity-passivation-race-consumer-a]
08:07:05.380 INFO  a.c.s.ClusterSingletonManager - Singleton actor [akka://akka-runtime/system/singletonManagerShardedDaemonProcessCoordinator-eventSourcedProjection-passivation-race-entity-passivation-race-view/ShardedDaemonProcessCoordinator-eventSourcedProjection-passivation-race-entity-passivation-race-view] was terminated
08:07:05.380 INFO  a.c.s.ClusterSingletonManager - Singleton actor [akka://akka-runtime/system/sharding/passivation-race-entityCoordinator/singleton] was terminated
08:07:05.381 INFO  a.c.s.ClusterSingletonManager - ClusterSingletonManager state change [WasOldest -> Stopping]
08:07:05.381 INFO  a.c.s.ClusterSingletonManager - Singleton actor [akka://akka-runtime/system/singletonManagerShardedDaemonProcessCoordinator-eventSourcedProjection-passivation-race-entity-passivation-race-consumer-a/ShardedDaemonProcessCoordinator-eventSourcedProjection-passivation-race-entity-passivation-race-consumer-a] was terminated
08:07:05.381 DEBUG akka.actor.CoordinatedShutdown - Performing phase [cluster-exiting-done] with [1] tasks.
08:07:05.381 DEBUG akka.actor.CoordinatedShutdown - Performing task [exiting-completed] in CoordinatedShutdown phase [cluster-exiting-done]
08:07:05.381 DEBUG akka.actor.CoordinatedShutdown - Performing phase [cluster-shutdown] with [1] tasks.
08:07:05.381 DEBUG akka.actor.CoordinatedShutdown - Performing task [wait-shutdown] in CoordinatedShutdown phase [cluster-shutdown]
08:07:05.382 DEBUG akka.actor.CoordinatedShutdown - Performing phase [before-actor-system-terminate] with [2] tasks.
08:07:05.382 DEBUG akka.actor.CoordinatedShutdown - Performing task [close connection pools] in CoordinatedShutdown phase [before-actor-system-terminate]
08:07:05.382 DEBUG akka.actor.CoordinatedShutdown - Performing task [close-grpc-channels] in CoordinatedShutdown phase [before-actor-system-terminate]
08:07:05.382 DEBUG akka.actor.CoordinatedShutdown - Performing phase [actor-system-terminate] with [1] tasks.
08:07:05.382 DEBUG akka.actor.CoordinatedShutdown - Performing task [terminate-system] in CoordinatedShutdown phase [actor-system-terminate]
=== BootstrapWorkTimingTest [burst from onStartup()]: 15 cycles ===
start() ms per cycle: [1922, 270, 217, 211, 203, 200, 178, 191, 197, 177, 185, 182, 178, 184, 186]  sum=4681 min=177 max=1922 mean=312
stop() ms per cycle: [10016, 2277, 2278, 10008, 2266, 2268, 2277, 2268, 2197, 2257, 2267, 2258, 2268, 2267, 2259]  sum=49431 min=2197 max=10016 mean=3295
[INFO] Tests run: 1, Failures: 0, Errors: 0, Skipped: 0, Time elapsed: 54.242 s - in repro.BootstrapWorkTimingTest
[INFO] 
[INFO] Results:
[INFO] 
[INFO] Tests run: 1, Failures: 0, Errors: 0, Skipped: 0
[INFO] 
[INFO] ------------------------------------------------------------------------
[INFO] BUILD SUCCESS
[INFO] ------------------------------------------------------------------------
[INFO] Total time:  56.050 s
[INFO] Finished at: 2026-09-23T08:07:05+10:00
[INFO] ------------------------------------------------------------------------
