[INFO] Scanning for projects...
[INFO] ------------------------------------------------------------------------
[INFO] Detecting the operating system and CPU architecture
[INFO] ------------------------------------------------------------------------
[INFO] os.detected.name: osx
[INFO] os.detected.arch: aarch_64
[INFO] os.detected.bitness: 64
[INFO] os.detected.version: 27.0
[INFO] os.detected.version.major: 27
[INFO] os.detected.version.minor: 0
[INFO] os.detected.classifier: osx-aarch_64
[INFO] 
[INFO] ---------------< io.akka.repro:akka-testkit-race-repro >----------------
[INFO] Building akka-testkit-race-repro 0.1.0-SNAPSHOT
[INFO]   from pom.xml
[INFO] --------------------------------[ jar ]---------------------------------
[INFO] 
[INFO] --- enforcer:3.5.0:enforce (enforce-build-rules) @ akka-testkit-race-repro ---
[INFO] No dependency conflicts with Akka runtime detected.
[INFO] Rule 0: akka.javasdk.enforcer.AkkaRuntimeDependencyRule(akkaRuntimeDependencyCheck) passed
[INFO] Rule 1: org.apache.maven.enforcer.rules.version.RequireMavenVersion passed
[INFO] Rule 2: org.apache.maven.enforcer.rules.version.RequireJavaVersion passed
[INFO] 
[INFO] --- antrun:3.1.0:run (clean-on-missing-descriptor) @ akka-testkit-race-repro ---
[INFO] Executing tasks
[INFO] Executed tasks
[INFO] 
[INFO] --- build-helper:3.2.0:add-source (add-java-source) @ akka-testkit-race-repro ---
[INFO] Source directory: /Users/jz/code/akka-testkit-race-repro/target/generated-sources/akka-grpc-java added.
[INFO] 
[INFO] --- resources:3.4.0:resources (default-resources) @ akka-testkit-race-repro ---
[INFO] Copying 1 resource from src/main/resources to target/classes
[INFO] 
[INFO] --- compiler:3.13.0:compile (default-compile) @ akka-testkit-race-repro ---
[INFO] Nothing to compile - all classes are up to date.
[INFO] 
[INFO] --- build-helper:3.2.0:add-test-source (add-integration-test-source) @ akka-testkit-race-repro ---
[INFO] Test Source directory: /Users/jz/code/akka-testkit-race-repro/src/it/java added.
[INFO] 
[INFO] --- build-helper:3.2.0:add-test-resource (add-integration-test-resource) @ akka-testkit-race-repro ---
[INFO] 
[INFO] --- resources:3.4.0:testResources (default-testResources) @ akka-testkit-race-repro ---
[INFO] Copying 2 resources from src/test/resources to target/test-classes
[INFO] skip non existing resourceDirectory /Users/jz/code/akka-testkit-race-repro/src/it/resources
[INFO] 
[INFO] --- compiler:3.13.0:testCompile (default-testCompile) @ akka-testkit-race-repro ---
[INFO] Nothing to compile - all classes are up to date.
[INFO] 
[INFO] --- surefire:2.22.2:test (default-test) @ akka-testkit-race-repro ---
[WARNING] The system property akka.javasdk.dev-mode.project-artifact-id is configured twice! The property appears in <argLine/> and any of <systemPropertyVariables/>, <systemProperties/> or user property.
[WARNING] The system property logback.configurationFile is configured twice! The property appears in <argLine/> and any of <systemPropertyVariables/>, <systemProperties/> or user property.
[INFO] 
[INFO] -------------------------------------------------------
[INFO]  T E S T S
[INFO] -------------------------------------------------------
[INFO] Running repro.BootstrapWorkTimingTest
08:03:15.893 INFO  akka.runtime.AkkaRuntimeMain - Starting Akka Runtime version [1.6.15]
08:03:16.168 INFO  akka.javasdk.impl.ComponentLocator$ - Looking for component descriptors matching pattern [META-INF/akka-javasdk-components_*.conf]
08:03:16.252 INFO  akka.javasdk.testkit.TestKit - Eventing TestKit booting up on port: 62757
08:03:16.354 DEBUG a.c.singleton.ClusterSingletonProxy - Creating singleton identification timer...
08:03:16.354 DEBUG a.c.singleton.ClusterSingletonProxy - Trying to identify singleton at [akka://akka-runtime@127.0.0.1:62758/system/singletonManagerschemaSingleton/schemaSingleton]
08:03:16.359 DEBUG a.c.singleton.ClusterSingletonProxy - Singleton not available, buffering message type [kalix.runtime.SchemaSingleton$ExecDdl]
08:03:16.366 INFO  a.c.s.ClusterSingletonManager - Singleton manager starting singleton actor [akka://akka-runtime/system/singletonManagerschemaSingleton/schemaSingleton]
08:03:16.367 INFO  a.c.s.ClusterSingletonManager - ClusterSingletonManager state change [Start -> Oldest]
08:03:16.422 DEBUG a.c.singleton.ClusterSingletonProxy - Trying to identify singleton at [akka://akka-runtime@127.0.0.1:62758/system/singletonManagerschemaSingleton/schemaSingleton]
08:03:16.422 INFO  a.c.singleton.ClusterSingletonProxy - Singleton identified at [akka://akka-runtime/system/singletonManagerschemaSingleton/schemaSingleton]
08:03:16.422 DEBUG a.c.singleton.ClusterSingletonProxy - Sending buffered messages to current singleton instance
08:03:16.442 INFO  akka.javasdk.testkit.TestKit - Checking runtime status
08:03:16.540 INFO  a.c.s.typed.scaladsl.ClusterSharding - Starting Shard Region [passivation-race-entity]...
08:03:16.559 INFO  a.c.s.ClusterSingletonManager - Singleton manager starting singleton actor [akka://akka-runtime/system/sharding/passivation-race-entityCoordinator/singleton]
08:03:16.559 INFO  a.c.s.ClusterSingletonManager - ClusterSingletonManager state change [Start -> Oldest]
08:03:16.570 INFO  akka.cluster.sharding.ShardRegion - passivation-race-entity: Automatic entity passivation: composite strategy with limit of [10000] active entities, admission window (least recently used entities) with proportions [initial = 0.01, min = 0.01, max = 1.0] adapting with hill-climbing optimizer [adjust multiplier = 10.0, initial step = 0.0625, restart threshold = 0.05, step decay = 0.98], admit using frequency sketch [width multiplier = 4, reset multiplier = 10.0, depth = 4, counter bits = 4], main (least recently used entities (segmented with [2] levels with proportions of [0.20, 0.80]))
08:03:16.572 DEBUG a.c.sharding.DDataShardCoordinator - passivation-race-entity: Initial coordinator is empty.
08:03:16.574 INFO  a.c.sharding.DDataShardCoordinator - passivation-race-entity: ShardCoordinator was moved to the active state with [0] shards
08:03:16.574 DEBUG a.c.sharding.DDataShardCoordinator - passivation-race-entity: ShardRegion registered: [Actor[akka://akka-runtime/system/sharding/passivation-race-entity#-960082186]]
08:03:16.579 DEBUG a.c.sharding.DDataShardCoordinator - passivation-race-entity: The coordinator state was successfully updated with ShardRegionRegistered(Actor[akka://akka-runtime/system/sharding/passivation-race-entity#-960082186])
08:03:16.653 DEBUG a.c.singleton.ClusterSingletonProxy - Forwarding message of type [SchemaSingleton$ExecDdl] to current singleton instance at [akka://akka-runtime/system/singletonManagerschemaSingleton/schemaSingleton]
08:03:16.660 INFO  akka.runtime.DiscoveryManager - Service components: EventSourcedEntity: [1], Consumer: [2], View: [1]
08:03:16.747 INFO  a.c.s.typed.scaladsl.ClusterSharding - Starting Shard Region [_timer]...
08:03:16.749 INFO  a.c.s.ClusterSingletonManager - Singleton manager starting singleton actor [akka://akka-runtime/system/sharding/_timerCoordinator/singleton]
08:03:16.749 INFO  a.c.s.ClusterSingletonManager - ClusterSingletonManager state change [Start -> Oldest]
08:03:16.750 DEBUG a.c.sharding.DDataShardCoordinator - _timer: Starting remember entities store from provider akka.cluster.sharding.internal.DDataRememberEntitiesProvider@23d8bfe0
08:03:16.752 DEBUG a.c.sharding.DDataShardCoordinator - _timer: Initial coordinator is empty.
08:03:16.752 INFO  a.c.sharding.DDataShardCoordinator - _timer: ShardCoordinator was moved to the active state with [0] shards
08:03:16.753 DEBUG a.c.sharding.DDataShardCoordinator - _timer: Received [0] remembered shard ids (after state initialized)
08:03:16.755 INFO  a.c.s.typed.scaladsl.ClusterSharding - Starting Shard Region [sharded-daemon-process-eventSourcedProjection-passivation-race-entity-passivation-race-consumer-a]...
08:03:16.756 INFO  akka.cluster.sharding.ShardRegion - sharded-daemon-process-eventSourcedProjection-passivation-race-entity-passivation-race-consumer-a: Automatic entity passivation: disabled
08:03:16.757 DEBUG a.c.singleton.ClusterSingletonProxy - Creating singleton identification timer...
08:03:16.757 DEBUG a.c.singleton.ClusterSingletonProxy - Trying to identify singleton at [akka://akka-runtime@127.0.0.1:62758/system/singletonManagerShardedDaemonProcessCoordinator-eventSourcedProjection-passivation-race-entity-passivation-race-consumer-a/ShardedDaemonProcessCoordinator-eventSourcedProjection-passivation-race-entity-passivation-race-consumer-a]
08:03:16.757 INFO  a.c.s.typed.scaladsl.ClusterSharding - Starting Shard Region [sharded-daemon-process-eventSourcedProjection-passivation-race-entity-passivation-race-consumer-b]...
08:03:16.758 INFO  a.c.s.ClusterSingletonManager - Singleton manager starting singleton actor [akka://akka-runtime/system/sharding/sharded-daemon-process-eventSourcedProjection-passivation-race-entity-passivation-race-consumer-aCoordinator/singleton]
08:03:16.758 INFO  akka.cluster.sharding.ShardRegion - sharded-daemon-process-eventSourcedProjection-passivation-race-entity-passivation-race-consumer-b: Automatic entity passivation: disabled
08:03:16.758 INFO  a.c.s.ClusterSingletonManager - ClusterSingletonManager state change [Start -> Oldest]
08:03:16.759 DEBUG a.c.sharding.DDataShardCoordinator - sharded-daemon-process-eventSourcedProjection-passivation-race-entity-passivation-race-consumer-a: Initial coordinator is empty.
08:03:16.759 INFO  a.c.sharding.DDataShardCoordinator - sharded-daemon-process-eventSourcedProjection-passivation-race-entity-passivation-race-consumer-a: ShardCoordinator was moved to the active state with [0] shards
08:03:16.759 INFO  a.c.s.ClusterSingletonManager - Singleton manager starting singleton actor [akka://akka-runtime/system/singletonManagerShardedDaemonProcessCoordinator-eventSourcedProjection-passivation-race-entity-passivation-race-consumer-a/ShardedDaemonProcessCoordinator-eventSourcedProjection-passivation-race-entity-passivation-race-consumer-a]
08:03:16.759 INFO  a.c.s.ClusterSingletonManager - ClusterSingletonManager state change [Start -> Oldest]
08:03:16.759 DEBUG a.c.singleton.ClusterSingletonProxy - Creating singleton identification timer...
08:03:16.759 INFO  a.c.s.typed.scaladsl.ClusterSharding - Starting Shard Region [sharded-daemon-process-eventSourcedProjection-passivation-race-entity-passivation-race-view]...
08:03:16.759 DEBUG a.c.singleton.ClusterSingletonProxy - Trying to identify singleton at [akka://akka-runtime@127.0.0.1:62758/system/singletonManagerShardedDaemonProcessCoordinator-eventSourcedProjection-passivation-race-entity-passivation-race-consumer-b/ShardedDaemonProcessCoordinator-eventSourcedProjection-passivation-race-entity-passivation-race-consumer-b]
08:03:16.760 INFO  akka.cluster.sharding.ShardRegion - sharded-daemon-process-eventSourcedProjection-passivation-race-entity-passivation-race-view: Automatic entity passivation: disabled
08:03:16.760 DEBUG a.c.s.t.i.ShardedDaemonProcessCoordinator$ - ShardedDaemonProcessCoordinator for [eventSourcedProjection-passivation-race-entity-passivation-race-consumer-a] starting
08:03:16.761 INFO  a.c.s.ClusterSingletonManager - Singleton manager starting singleton actor [akka://akka-runtime/system/sharding/sharded-daemon-process-eventSourcedProjection-passivation-race-entity-passivation-race-consumer-bCoordinator/singleton]
08:03:16.761 INFO  a.c.s.ClusterSingletonManager - ClusterSingletonManager state change [Start -> Oldest]
08:03:16.761 DEBUG a.c.singleton.ClusterSingletonProxy - Creating singleton identification timer...
08:03:16.761 DEBUG a.c.sharding.DDataShardCoordinator - sharded-daemon-process-eventSourcedProjection-passivation-race-entity-passivation-race-consumer-b: Initial coordinator is empty.
08:03:16.761 INFO  a.c.sharding.DDataShardCoordinator - sharded-daemon-process-eventSourcedProjection-passivation-race-entity-passivation-race-consumer-b: ShardCoordinator was moved to the active state with [0] shards
08:03:16.761 DEBUG a.c.singleton.ClusterSingletonProxy - Trying to identify singleton at [akka://akka-runtime@127.0.0.1:62758/system/singletonManagerShardedDaemonProcessCoordinator-eventSourcedProjection-passivation-race-entity-passivation-race-view/ShardedDaemonProcessCoordinator-eventSourcedProjection-passivation-race-entity-passivation-race-view]
08:03:16.761 INFO  a.c.s.ClusterSingletonManager - Singleton manager starting singleton actor [akka://akka-runtime/system/singletonManagerShardedDaemonProcessCoordinator-eventSourcedProjection-passivation-race-entity-passivation-race-consumer-b/ShardedDaemonProcessCoordinator-eventSourcedProjection-passivation-race-entity-passivation-race-consumer-b]
08:03:16.762 INFO  a.c.s.ClusterSingletonManager - ClusterSingletonManager state change [Start -> Oldest]
08:03:16.762 DEBUG a.c.s.t.i.ShardedDaemonProcessCoordinator$ - ShardedDaemonProcessCoordinator for [eventSourcedProjection-passivation-race-entity-passivation-race-consumer-b] starting
08:03:16.762 INFO  a.c.s.ClusterSingletonManager - Singleton manager starting singleton actor [akka://akka-runtime/system/sharding/sharded-daemon-process-eventSourcedProjection-passivation-race-entity-passivation-race-viewCoordinator/singleton]
08:03:16.762 INFO  a.c.s.ClusterSingletonManager - ClusterSingletonManager state change [Start -> Oldest]
08:03:16.762 INFO  a.c.s.ClusterSingletonManager - Singleton manager starting singleton actor [akka://akka-runtime/system/singletonManagerShardedDaemonProcessCoordinator-eventSourcedProjection-passivation-race-entity-passivation-race-view/ShardedDaemonProcessCoordinator-eventSourcedProjection-passivation-race-entity-passivation-race-view]
08:03:16.762 INFO  a.c.s.ClusterSingletonManager - ClusterSingletonManager state change [Start -> Oldest]
08:03:16.762 DEBUG a.c.s.t.i.ShardedDaemonProcessCoordinator$ - ShardedDaemonProcessCoordinator for [eventSourcedProjection-passivation-race-entity-passivation-race-view] starting
08:03:16.763 DEBUG a.c.sharding.DDataShardCoordinator - sharded-daemon-process-eventSourcedProjection-passivation-race-entity-passivation-race-view: Initial coordinator is empty.
08:03:16.763 INFO  a.c.sharding.DDataShardCoordinator - sharded-daemon-process-eventSourcedProjection-passivation-race-entity-passivation-race-view: ShardCoordinator was moved to the active state with [0] shards
08:03:16.765 DEBUG a.c.s.t.i.ShardedDaemonProcessCoordinator$ - eventSourcedProjection-passivation-race-entity-passivation-race-consumer-b: No previous state stored for Sharded Daemon Process
08:03:16.765 DEBUG a.c.s.t.i.ShardedDaemonProcessCoordinator$ - eventSourcedProjection-passivation-race-entity-passivation-race-consumer-a: No previous state stored for Sharded Daemon Process
08:03:16.765 DEBUG a.c.s.t.i.ShardedDaemonProcessCoordinator$ - eventSourcedProjection-passivation-race-entity-passivation-race-view: No previous state stored for Sharded Daemon Process
08:03:16.768 DEBUG a.c.s.t.i.ShardedDaemonProcessCoordinator$ - Sending periodic keep alive for Sharded Daemon Process [eventSourcedProjection-passivation-race-entity-passivation-race-consumer-a] to [1] processes (revision [0]).
08:03:16.768 DEBUG a.c.s.t.i.ShardedDaemonProcessCoordinator$ - Sending periodic keep alive for Sharded Daemon Process [eventSourcedProjection-passivation-race-entity-passivation-race-view] to [1] processes (revision [0]).
08:03:16.768 DEBUG a.c.s.t.i.ShardedDaemonProcessCoordinator$ - Sending periodic keep alive for Sharded Daemon Process [eventSourcedProjection-passivation-race-entity-passivation-race-consumer-b] to [1] processes (revision [0]).
08:03:16.813 INFO  akka.runtime.DiscoveryManager - Akka Runtime started at 127.0.0.1:62756
08:03:16.815 INFO  repro.Bootstrap - onStartup burst of 8 starting
08:03:16.823 DEBUG a.c.singleton.ClusterSingletonProxy - Trying to identify singleton at [akka://akka-runtime@127.0.0.1:62758/system/singletonManagerShardedDaemonProcessCoordinator-eventSourcedProjection-passivation-race-entity-passivation-race-view/ShardedDaemonProcessCoordinator-eventSourcedProjection-passivation-race-entity-passivation-race-view]
08:03:16.823 DEBUG a.c.singleton.ClusterSingletonProxy - Trying to identify singleton at [akka://akka-runtime@127.0.0.1:62758/system/singletonManagerShardedDaemonProcessCoordinator-eventSourcedProjection-passivation-race-entity-passivation-race-consumer-b/ShardedDaemonProcessCoordinator-eventSourcedProjection-passivation-race-entity-passivation-race-consumer-b]
08:03:16.823 DEBUG a.c.singleton.ClusterSingletonProxy - Trying to identify singleton at [akka://akka-runtime@127.0.0.1:62758/system/singletonManagerShardedDaemonProcessCoordinator-eventSourcedProjection-passivation-race-entity-passivation-race-consumer-a/ShardedDaemonProcessCoordinator-eventSourcedProjection-passivation-race-entity-passivation-race-consumer-a]
08:03:16.823 INFO  a.c.singleton.ClusterSingletonProxy - Singleton identified at [akka://akka-runtime/system/singletonManagerShardedDaemonProcessCoordinator-eventSourcedProjection-passivation-race-entity-passivation-race-consumer-b/ShardedDaemonProcessCoordinator-eventSourcedProjection-passivation-race-entity-passivation-race-consumer-b]
08:03:16.823 INFO  a.c.singleton.ClusterSingletonProxy - Singleton identified at [akka://akka-runtime/system/singletonManagerShardedDaemonProcessCoordinator-eventSourcedProjection-passivation-race-entity-passivation-race-view/ShardedDaemonProcessCoordinator-eventSourcedProjection-passivation-race-entity-passivation-race-view]
08:03:16.823 INFO  a.c.singleton.ClusterSingletonProxy - Singleton identified at [akka://akka-runtime/system/singletonManagerShardedDaemonProcessCoordinator-eventSourcedProjection-passivation-race-entity-passivation-race-consumer-a/ShardedDaemonProcessCoordinator-eventSourcedProjection-passivation-race-entity-passivation-race-consumer-a]
08:03:16.823 DEBUG a.c.singleton.ClusterSingletonProxy - Sending buffered messages to current singleton instance
08:03:16.823 DEBUG a.c.singleton.ClusterSingletonProxy - Sending buffered messages to current singleton instance
08:03:16.823 DEBUG a.c.singleton.ClusterSingletonProxy - Sending buffered messages to current singleton instance
08:03:16.841 DEBUG a.c.sharding.DDataShardCoordinator - passivation-race-entity: The coordinator state was successfully updated with ShardHomeAllocated(191,Actor[akka://akka-runtime/system/sharding/passivation-race-entity#-960082186])
08:03:16.842 DEBUG a.c.sharding.DDataShardCoordinator - passivation-race-entity: Shard [191] allocated at [Actor[akka://akka-runtime/system/sharding/passivation-race-entity#-960082186]]
08:03:16.851 DEBUG akka.cluster.sharding.Shard - passivation-race-entity: Shard initialized
08:03:16.855 DEBUG akka.cluster.sharding.Shard - passivation-race-entity: Started entity [Actor[akka://akka-runtime/system/sharding/passivation-race-entity/191/e03181c5-5764-4455-b05a-488da73ddb71#132948612]] with entity id [e03181c5-5764-4455-b05a-488da73ddb71] in shard [191]
08:03:16.960 INFO  akka.javasdk.testkit.TestKit - Runtime started
08:03:16.964 INFO  akka.actor.CoordinatedShutdown - Running CoordinatedShutdown with reason [ActorSystemTerminateReason]
08:03:16.964 DEBUG akka.actor.CoordinatedShutdown - Performing phase [before-service-unbind] with [0] tasks
08:03:16.964 DEBUG akka.actor.CoordinatedShutdown - Performing phase [service-unbind] with [1] tasks.
08:03:16.965 DEBUG akka.actor.CoordinatedShutdown - Performing task [http-unbind-/127.0.0.1:62756] in CoordinatedShutdown phase [service-unbind]
08:03:16.966 DEBUG akka.actor.CoordinatedShutdown - Performing phase [service-requests-done] with [1] tasks.
08:03:16.966 DEBUG akka.actor.CoordinatedShutdown - Performing task [http-terminate-/127.0.0.1:62756] in CoordinatedShutdown phase [service-requests-done]
08:03:16.969 DEBUG akka.actor.CoordinatedShutdown - Performing phase [service-stop] with [1] tasks.
08:03:16.969 DEBUG akka.actor.CoordinatedShutdown - Performing task [stop-grpc-clients] in CoordinatedShutdown phase [service-stop]
08:03:16.969 DEBUG akka.actor.CoordinatedShutdown - Performing phase [before-cluster-shutdown] with [0] tasks
08:03:16.969 DEBUG akka.actor.CoordinatedShutdown - Performing phase [cluster-sharding-shutdown-region] with [5] tasks.
08:03:16.969 DEBUG akka.actor.CoordinatedShutdown - Performing task [region-shutdown] in CoordinatedShutdown phase [cluster-sharding-shutdown-region]
08:03:16.970 DEBUG akka.actor.CoordinatedShutdown - Performing task [region-shutdown] in CoordinatedShutdown phase [cluster-sharding-shutdown-region]
08:03:16.970 DEBUG akka.actor.CoordinatedShutdown - Performing task [region-shutdown] in CoordinatedShutdown phase [cluster-sharding-shutdown-region]
08:03:16.970 DEBUG akka.actor.CoordinatedShutdown - Performing task [region-shutdown] in CoordinatedShutdown phase [cluster-sharding-shutdown-region]
08:03:16.970 DEBUG akka.actor.CoordinatedShutdown - Performing task [region-shutdown] in CoordinatedShutdown phase [cluster-sharding-shutdown-region]
08:03:16.970 DEBUG a.c.sharding.DDataShardCoordinator - sharded-daemon-process-eventSourcedProjection-passivation-race-entity-passivation-race-view: Unknown region requested graceful shutdown [Actor[akka://akka-runtime/system/sharding/sharded-daemon-process-eventSourcedProjection-passivation-race-entity-passivation-race-view#-1564391433]]
08:03:16.970 DEBUG a.c.sharding.DDataShardCoordinator - sharded-daemon-process-eventSourcedProjection-passivation-race-entity-passivation-race-consumer-a: Unknown region requested graceful shutdown [Actor[akka://akka-runtime/system/sharding/sharded-daemon-process-eventSourcedProjection-passivation-race-entity-passivation-race-consumer-a#-1244767204]]
08:03:16.971 DEBUG a.c.sharding.DDataShardCoordinator - sharded-daemon-process-eventSourcedProjection-passivation-race-entity-passivation-race-consumer-b: Unknown region requested graceful shutdown [Actor[akka://akka-runtime/system/sharding/sharded-daemon-process-eventSourcedProjection-passivation-race-entity-passivation-race-consumer-b#20289939]]
08:03:16.971 DEBUG a.c.sharding.DDataShardCoordinator - _timer: Unknown region requested graceful shutdown [Actor[akka://akka-runtime/system/sharding/_timer#135591708]]
08:03:16.971 DEBUG a.c.sharding.DDataShardCoordinator - passivation-race-entity: Graceful shutdown of region [Actor[akka://akka-runtime/system/sharding/passivation-race-entity#-960082186]] with [1] shards
08:03:16.971 INFO  a.c.sharding.DDataShardCoordinator - passivation-race-entity: Starting shutting down shards [191] due to region shutting down or explicit stopping of shards.
08:03:16.973 DEBUG a.c.s.ShardCoordinator$RebalanceWorker - passivation-race-entity: Shutting down shard [191] from region [Actor[akka://akka-runtime/system/sharding/passivation-race-entity#-960082186]]. Asking [1] region(s) to hand-off shard
08:03:16.973 DEBUG a.c.s.ShardCoordinator$RebalanceWorker - passivation-race-entity: BeginHandOffAck for shard [191] received from [Actor[akka://akka-runtime/system/sharding/passivation-race-entity#-960082186]].
08:03:16.973 DEBUG a.c.s.ShardCoordinator$RebalanceWorker - passivation-race-entity: All shard regions acked, handing off shard [191].
08:03:16.973 DEBUG akka.cluster.sharding.Shard - passivation-race-entity: HandOff shard [191]
08:03:16.973 DEBUG akka.cluster.sharding.Shard - passivation-race-entity: Starting HandOffStopper for shard [191] to terminate [1] entities.
08:03:16.982 DEBUG a.c.sharding.DDataShardCoordinator - passivation-race-entity: Shard [191] deallocation completed successfully.
08:03:16.982 DEBUG akka.cluster.sharding.Shard - passivation-race-entity: Shard [191] shutting down
08:03:16.983 DEBUG a.c.sharding.DDataShardCoordinator - passivation-race-entity: The coordinator state was successfully updated with ShardHomeDeallocated(191)
08:03:16.983 DEBUG a.c.sharding.DDataShardCoordinator - passivation-race-entity: Shard [191] deallocated after
08:03:17.014 DEBUG a.c.sharding.DDataShardCoordinator - _timer: ShardRegion registered: [Actor[akka://akka-runtime/system/sharding/_timer#135591708]]
08:03:17.014 DEBUG a.c.sharding.DDataShardCoordinator - _timer: The coordinator state was successfully updated with ShardRegionRegistered(Actor[akka://akka-runtime/system/sharding/_timer#135591708])
08:03:17.014 DEBUG a.c.sharding.DDataShardCoordinator - _timer: Remembering shard allocation [993]
08:03:17.015 DEBUG a.c.sharding.DDataShardCoordinator - _timer: The coordinator state was successfully updated with ShardHomeAllocated(993,Actor[akka://akka-runtime/system/sharding/_timer#135591708]), waiting for remember shard update
08:03:17.015 DEBUG a.c.s.i.DDataRememberEntitiesCoordinatorStore - Remember entities coordinator store shards successfully updated with 993
08:03:17.015 DEBUG a.c.sharding.DDataShardCoordinator - _timer: The ShardCoordinator saw remember shard start successfully written ShardHomeAllocated(993,Actor[akka://akka-runtime/system/sharding/_timer#135591708])
08:03:17.016 DEBUG a.c.sharding.DDataShardCoordinator - _timer: Shard [993] allocated at [Actor[akka://akka-runtime/system/sharding/_timer#135591708]]
08:03:17.016 DEBUG a.c.sharding.DDataShardCoordinator - _timer: Graceful shutdown of region [Actor[akka://akka-runtime/system/sharding/_timer#135591708]] with [1] shards
08:03:17.016 INFO  a.c.sharding.DDataShardCoordinator - _timer: Starting shutting down shards [993] due to region shutting down or explicit stopping of shards.
08:03:17.016 DEBUG a.c.s.ShardCoordinator$RebalanceWorker - _timer: Shutting down shard [993] from region [Actor[akka://akka-runtime/system/sharding/_timer#135591708]]. Asking [1] region(s) to hand-off shard
08:03:17.016 DEBUG a.c.s.ShardCoordinator$RebalanceWorker - _timer: BeginHandOffAck for shard [993] received from [Actor[akka://akka-runtime/system/sharding/_timer#135591708]].
08:03:17.016 DEBUG a.c.s.ShardCoordinator$RebalanceWorker - _timer: All shard regions acked, handing off shard [993].
08:03:17.017 WARN  akka.cluster.sharding.ShardRegion - _timer: Dropping [1] buffered messages to shard [993] during hand off to avoid re-ordering
08:03:17.017 DEBUG akka.cluster.sharding.Shard - _timer: Waiting for load of entity ids using [Actor[akka://akka-runtime/system/sharding/_timer/993/RememberEntitiesStore#851114049]] to complete
08:03:17.018 DEBUG a.c.s.i.DDataRememberEntitiesShardStore - Starting up DDataRememberEntitiesStore, read timeout: [2.000 s], write timeout: [5.000 s], majority min cap: [2]
08:03:17.018 DEBUG a.c.s.i.DDataRememberEntitiesShardStore - Remember entities shard store got request from shard, waiting for all remembered entities to arrive
08:03:17.019 DEBUG a.c.s.i.DDataRememberEntitiesShardStore - Shard waiting for remembered entities, sending remembered and going idle
08:03:17.019 DEBUG akka.cluster.sharding.Shard - _timer: Shard initialized
08:03:17.019 DEBUG akka.cluster.sharding.Shard - _timer: HandOff shard [993]
08:03:17.019 DEBUG a.c.sharding.DDataShardCoordinator - _timer: Shard [993] deallocation completed successfully.
08:03:17.019 DEBUG a.c.sharding.DDataShardCoordinator - _timer: The coordinator state was successfully updated with ShardHomeDeallocated(993)
08:03:17.019 DEBUG a.c.sharding.DDataShardCoordinator - _timer: Shard [993] deallocated after
08:03:17.020 DEBUG akka.cluster.sharding.Shard - _timer: Shard [993] shutting down
08:03:17.020 DEBUG a.c.sharding.DDataShardCoordinator - _timer: ShardRegion stopped: [Actor[akka://akka-runtime/system/sharding/_timer#135591708]]
08:03:17.020 DEBUG a.c.sharding.DDataShardCoordinator - _timer: ShardRegion terminated (gracefully): [Actor[akka://akka-runtime/system/sharding/_timer#135591708]] {}
08:03:17.021 DEBUG a.c.sharding.DDataShardCoordinator - _timer: The coordinator state was successfully updated with ShardRegionTerminated(Actor[akka://akka-runtime/system/sharding/_timer#135591708])
08:03:17.022 DEBUG a.c.sharding.DDataShardCoordinator - sharded-daemon-process-eventSourcedProjection-passivation-race-entity-passivation-race-consumer-a: ShardRegion registered: [Actor[akka://akka-runtime/system/sharding/sharded-daemon-process-eventSourcedProjection-passivation-race-entity-passivation-race-consumer-a#-1244767204]]
08:03:17.022 DEBUG a.c.sharding.DDataShardCoordinator - sharded-daemon-process-eventSourcedProjection-passivation-race-entity-passivation-race-consumer-b: ShardRegion registered: [Actor[akka://akka-runtime/system/sharding/sharded-daemon-process-eventSourcedProjection-passivation-race-entity-passivation-race-consumer-b#20289939]]
08:03:17.022 DEBUG a.c.sharding.DDataShardCoordinator - sharded-daemon-process-eventSourcedProjection-passivation-race-entity-passivation-race-view: ShardRegion registered: [Actor[akka://akka-runtime/system/sharding/sharded-daemon-process-eventSourcedProjection-passivation-race-entity-passivation-race-view#-1564391433]]
08:03:17.022 DEBUG a.c.sharding.DDataShardCoordinator - sharded-daemon-process-eventSourcedProjection-passivation-race-entity-passivation-race-consumer-a: The coordinator state was successfully updated with ShardRegionRegistered(Actor[akka://akka-runtime/system/sharding/sharded-daemon-process-eventSourcedProjection-passivation-race-entity-passivation-race-consumer-a#-1244767204])
08:03:17.022 DEBUG a.c.sharding.DDataShardCoordinator - sharded-daemon-process-eventSourcedProjection-passivation-race-entity-passivation-race-consumer-b: The coordinator state was successfully updated with ShardRegionRegistered(Actor[akka://akka-runtime/system/sharding/sharded-daemon-process-eventSourcedProjection-passivation-race-entity-passivation-race-consumer-b#20289939])
08:03:17.022 DEBUG a.c.sharding.DDataShardCoordinator - sharded-daemon-process-eventSourcedProjection-passivation-race-entity-passivation-race-view: The coordinator state was successfully updated with ShardRegionRegistered(Actor[akka://akka-runtime/system/sharding/sharded-daemon-process-eventSourcedProjection-passivation-race-entity-passivation-race-view#-1564391433])
08:03:17.023 DEBUG a.c.sharding.DDataShardCoordinator - sharded-daemon-process-eventSourcedProjection-passivation-race-entity-passivation-race-consumer-a: The coordinator state was successfully updated with ShardHomeAllocated(0,Actor[akka://akka-runtime/system/sharding/sharded-daemon-process-eventSourcedProjection-passivation-race-entity-passivation-race-consumer-a#-1244767204])
08:03:17.023 DEBUG a.c.sharding.DDataShardCoordinator - sharded-daemon-process-eventSourcedProjection-passivation-race-entity-passivation-race-consumer-a: Shard [0] allocated at [Actor[akka://akka-runtime/system/sharding/sharded-daemon-process-eventSourcedProjection-passivation-race-entity-passivation-race-consumer-a#-1244767204]]
08:03:17.023 DEBUG a.c.sharding.DDataShardCoordinator - sharded-daemon-process-eventSourcedProjection-passivation-race-entity-passivation-race-view: The coordinator state was successfully updated with ShardHomeAllocated(0,Actor[akka://akka-runtime/system/sharding/sharded-daemon-process-eventSourcedProjection-passivation-race-entity-passivation-race-view#-1564391433])
08:03:17.023 DEBUG a.c.sharding.DDataShardCoordinator - sharded-daemon-process-eventSourcedProjection-passivation-race-entity-passivation-race-view: Shard [0] allocated at [Actor[akka://akka-runtime/system/sharding/sharded-daemon-process-eventSourcedProjection-passivation-race-entity-passivation-race-view#-1564391433]]
08:03:17.023 DEBUG a.c.sharding.DDataShardCoordinator - sharded-daemon-process-eventSourcedProjection-passivation-race-entity-passivation-race-consumer-a: Graceful shutdown of region [Actor[akka://akka-runtime/system/sharding/sharded-daemon-process-eventSourcedProjection-passivation-race-entity-passivation-race-consumer-a#-1244767204]] with [1] shards
08:03:17.023 DEBUG a.c.sharding.DDataShardCoordinator - sharded-daemon-process-eventSourcedProjection-passivation-race-entity-passivation-race-consumer-b: The coordinator state was successfully updated with ShardHomeAllocated(0,Actor[akka://akka-runtime/system/sharding/sharded-daemon-process-eventSourcedProjection-passivation-race-entity-passivation-race-consumer-b#20289939])
08:03:17.023 INFO  a.c.sharding.DDataShardCoordinator - sharded-daemon-process-eventSourcedProjection-passivation-race-entity-passivation-race-consumer-a: Starting shutting down shards [0] due to region shutting down or explicit stopping of shards.
08:03:17.023 DEBUG a.c.sharding.DDataShardCoordinator - sharded-daemon-process-eventSourcedProjection-passivation-race-entity-passivation-race-consumer-b: Shard [0] allocated at [Actor[akka://akka-runtime/system/sharding/sharded-daemon-process-eventSourcedProjection-passivation-race-entity-passivation-race-consumer-b#20289939]]
08:03:17.023 DEBUG a.c.s.ShardCoordinator$RebalanceWorker - sharded-daemon-process-eventSourcedProjection-passivation-race-entity-passivation-race-consumer-a: Shutting down shard [0] from region [Actor[akka://akka-runtime/system/sharding/sharded-daemon-process-eventSourcedProjection-passivation-race-entity-passivation-race-consumer-a#-1244767204]]. Asking [1] region(s) to hand-off shard
08:03:17.023 DEBUG akka.cluster.sharding.Shard - sharded-daemon-process-eventSourcedProjection-passivation-race-entity-passivation-race-consumer-a: Shard initialized
08:03:17.023 DEBUG a.c.s.ShardCoordinator$RebalanceWorker - sharded-daemon-process-eventSourcedProjection-passivation-race-entity-passivation-race-consumer-a: BeginHandOffAck for shard [0] received from [Actor[akka://akka-runtime/system/sharding/sharded-daemon-process-eventSourcedProjection-passivation-race-entity-passivation-race-consumer-a#-1244767204]].
08:03:17.023 DEBUG a.c.s.ShardCoordinator$RebalanceWorker - sharded-daemon-process-eventSourcedProjection-passivation-race-entity-passivation-race-consumer-a: All shard regions acked, handing off shard [0].
08:03:17.023 DEBUG akka.cluster.sharding.Shard - sharded-daemon-process-eventSourcedProjection-passivation-race-entity-passivation-race-consumer-a: Request to start entity [0] and ack to [Some(Actor[akka://akka-runtime/deadLetters])]
08:03:17.023 DEBUG a.c.sharding.DDataShardCoordinator - sharded-daemon-process-eventSourcedProjection-passivation-race-entity-passivation-race-view: Graceful shutdown of region [Actor[akka://akka-runtime/system/sharding/sharded-daemon-process-eventSourcedProjection-passivation-race-entity-passivation-race-view#-1564391433]] with [1] shards
08:03:17.023 INFO  a.c.sharding.DDataShardCoordinator - sharded-daemon-process-eventSourcedProjection-passivation-race-entity-passivation-race-view: Starting shutting down shards [0] due to region shutting down or explicit stopping of shards.
08:03:17.024 DEBUG a.c.s.ShardCoordinator$RebalanceWorker - sharded-daemon-process-eventSourcedProjection-passivation-race-entity-passivation-race-view: Shutting down shard [0] from region [Actor[akka://akka-runtime/system/sharding/sharded-daemon-process-eventSourcedProjection-passivation-race-entity-passivation-race-view#-1564391433]]. Asking [1] region(s) to hand-off shard
08:03:17.024 DEBUG a.c.sharding.DDataShardCoordinator - sharded-daemon-process-eventSourcedProjection-passivation-race-entity-passivation-race-consumer-b: Graceful shutdown of region [Actor[akka://akka-runtime/system/sharding/sharded-daemon-process-eventSourcedProjection-passivation-race-entity-passivation-race-consumer-b#20289939]] with [1] shards
08:03:17.024 INFO  a.c.sharding.DDataShardCoordinator - sharded-daemon-process-eventSourcedProjection-passivation-race-entity-passivation-race-consumer-b: Starting shutting down shards [0] due to region shutting down or explicit stopping of shards.
08:03:17.024 DEBUG akka.cluster.sharding.Shard - sharded-daemon-process-eventSourcedProjection-passivation-race-entity-passivation-race-consumer-b: Shard initialized
08:03:17.024 DEBUG akka.cluster.sharding.Shard - sharded-daemon-process-eventSourcedProjection-passivation-race-entity-passivation-race-consumer-b: Request to start entity [0] and ack to [Some(Actor[akka://akka-runtime/deadLetters])]
08:03:17.024 DEBUG a.c.s.ShardCoordinator$RebalanceWorker - sharded-daemon-process-eventSourcedProjection-passivation-race-entity-passivation-race-view: BeginHandOffAck for shard [0] received from [Actor[akka://akka-runtime/system/sharding/sharded-daemon-process-eventSourcedProjection-passivation-race-entity-passivation-race-view#-1564391433]].
08:03:17.024 DEBUG a.c.s.ShardCoordinator$RebalanceWorker - sharded-daemon-process-eventSourcedProjection-passivation-race-entity-passivation-race-view: All shard regions acked, handing off shard [0].
08:03:17.024 WARN  akka.cluster.sharding.ShardRegion - sharded-daemon-process-eventSourcedProjection-passivation-race-entity-passivation-race-view: Dropping [1] buffered messages to shard [0] during hand off to avoid re-ordering
08:03:17.024 DEBUG a.c.s.ShardCoordinator$RebalanceWorker - sharded-daemon-process-eventSourcedProjection-passivation-race-entity-passivation-race-consumer-b: Shutting down shard [0] from region [Actor[akka://akka-runtime/system/sharding/sharded-daemon-process-eventSourcedProjection-passivation-race-entity-passivation-race-consumer-b#20289939]]. Asking [1] region(s) to hand-off shard
08:03:17.024 DEBUG akka.cluster.sharding.Shard - sharded-daemon-process-eventSourcedProjection-passivation-race-entity-passivation-race-view: Shard initialized
08:03:17.024 DEBUG a.c.s.ShardCoordinator$RebalanceWorker - sharded-daemon-process-eventSourcedProjection-passivation-race-entity-passivation-race-consumer-b: BeginHandOffAck for shard [0] received from [Actor[akka://akka-runtime/system/sharding/sharded-daemon-process-eventSourcedProjection-passivation-race-entity-passivation-race-consumer-b#20289939]].
08:03:17.024 DEBUG a.c.s.ShardCoordinator$RebalanceWorker - sharded-daemon-process-eventSourcedProjection-passivation-race-entity-passivation-race-consumer-b: All shard regions acked, handing off shard [0].
08:03:17.024 DEBUG akka.cluster.sharding.Shard - sharded-daemon-process-eventSourcedProjection-passivation-race-entity-passivation-race-view: HandOff shard [0]
08:03:17.024 DEBUG akka.cluster.sharding.Shard - sharded-daemon-process-eventSourcedProjection-passivation-race-entity-passivation-race-view: Shard [0] shutting down
08:03:17.024 DEBUG a.c.sharding.DDataShardCoordinator - sharded-daemon-process-eventSourcedProjection-passivation-race-entity-passivation-race-view: Shard [0] deallocation completed successfully.
08:03:17.024 DEBUG a.c.sharding.DDataShardCoordinator - sharded-daemon-process-eventSourcedProjection-passivation-race-entity-passivation-race-view: The coordinator state was successfully updated with ShardHomeDeallocated(0)
08:03:17.024 DEBUG a.c.sharding.DDataShardCoordinator - sharded-daemon-process-eventSourcedProjection-passivation-race-entity-passivation-race-view: Shard [0] deallocated after
08:03:17.024 DEBUG a.c.sharding.DDataShardCoordinator - sharded-daemon-process-eventSourcedProjection-passivation-race-entity-passivation-race-view: ShardRegion stopped: [Actor[akka://akka-runtime/system/sharding/sharded-daemon-process-eventSourcedProjection-passivation-race-entity-passivation-race-view#-1564391433]]
08:03:17.024 DEBUG a.c.sharding.DDataShardCoordinator - sharded-daemon-process-eventSourcedProjection-passivation-race-entity-passivation-race-view: ShardRegion terminated (gracefully): [Actor[akka://akka-runtime/system/sharding/sharded-daemon-process-eventSourcedProjection-passivation-race-entity-passivation-race-view#-1564391433]] {}
08:03:17.024 DEBUG a.c.sharding.DDataShardCoordinator - sharded-daemon-process-eventSourcedProjection-passivation-race-entity-passivation-race-view: GetShardHome [0] request from [Actor[akka://local/ignore]] stashed, because waiting for initial state or update of state. It will be handled afterwards.
08:03:17.024 DEBUG a.c.sharding.DDataShardCoordinator - sharded-daemon-process-eventSourcedProjection-passivation-race-entity-passivation-race-view: The coordinator state was successfully updated with ShardRegionTerminated(Actor[akka://akka-runtime/system/sharding/sharded-daemon-process-eventSourcedProjection-passivation-race-entity-passivation-race-view#-1564391433])
08:03:17.025 DEBUG akka.cluster.sharding.Shard - sharded-daemon-process-eventSourcedProjection-passivation-race-entity-passivation-race-consumer-b: Started entity [Actor[akka://akka-runtime/system/sharding/sharded-daemon-process-eventSourcedProjection-passivation-race-entity-passivation-race-consumer-b/0/0#-225231665]] with entity id [0] in shard [0]
08:03:17.025 DEBUG akka.cluster.sharding.Shard - sharded-daemon-process-eventSourcedProjection-passivation-race-entity-passivation-race-consumer-a: Started entity [Actor[akka://akka-runtime/system/sharding/sharded-daemon-process-eventSourcedProjection-passivation-race-entity-passivation-race-consumer-a/0/0#-1539984126]] with entity id [0] in shard [0]
08:03:17.025 DEBUG akka.cluster.sharding.Shard - sharded-daemon-process-eventSourcedProjection-passivation-race-entity-passivation-race-consumer-a: HandOff shard [0]
08:03:17.025 DEBUG a.c.s.t.i.ShardedDaemonProcessState$ - eventSourcedProjection-passivation-race-entity-passivation-race-consumer-b: Deferred start of worker to verify its revision [0] is the latest
08:03:17.025 DEBUG akka.cluster.sharding.Shard - sharded-daemon-process-eventSourcedProjection-passivation-race-entity-passivation-race-consumer-a: Starting HandOffStopper for shard [0] to terminate [1] entities.
08:03:17.025 DEBUG a.c.s.t.i.ShardedDaemonProcessState$ - eventSourcedProjection-passivation-race-entity-passivation-race-consumer-a: Deferred start of worker to verify its revision [0] is the latest
08:03:17.025 DEBUG akka.cluster.sharding.Shard - sharded-daemon-process-eventSourcedProjection-passivation-race-entity-passivation-race-consumer-b: HandOff shard [0]
08:03:17.025 DEBUG akka.cluster.sharding.Shard - sharded-daemon-process-eventSourcedProjection-passivation-race-entity-passivation-race-consumer-b: Starting HandOffStopper for shard [0] to terminate [1] entities.
08:03:17.025 INFO  a.c.s.t.i.ShardedDaemonProcessState$ - eventSourcedProjection-passivation-race-entity-passivation-race-consumer-a: Starting Sharded Daemon Process [0] out of a total [1] (revision [0] and no state found)
08:03:17.025 INFO  a.c.s.t.i.ShardedDaemonProcessState$ - eventSourcedProjection-passivation-race-entity-passivation-race-consumer-b: Starting Sharded Daemon Process [0] out of a total [1] (revision [0] and no state found)
08:03:17.027 DEBUG a.c.sharding.DDataShardCoordinator - sharded-daemon-process-eventSourcedProjection-passivation-race-entity-passivation-race-consumer-b: Shard [0] deallocation completed successfully.
08:03:17.027 DEBUG akka.cluster.sharding.Shard - sharded-daemon-process-eventSourcedProjection-passivation-race-entity-passivation-race-consumer-b: Shard [0] shutting down
08:03:17.027 DEBUG a.c.sharding.DDataShardCoordinator - sharded-daemon-process-eventSourcedProjection-passivation-race-entity-passivation-race-consumer-b: The coordinator state was successfully updated with ShardHomeDeallocated(0)
08:03:17.027 DEBUG a.c.sharding.DDataShardCoordinator - sharded-daemon-process-eventSourcedProjection-passivation-race-entity-passivation-race-consumer-b: Shard [0] deallocated after
08:03:17.027 DEBUG a.c.sharding.DDataShardCoordinator - sharded-daemon-process-eventSourcedProjection-passivation-race-entity-passivation-race-consumer-b: ShardRegion stopped: [Actor[akka://akka-runtime/system/sharding/sharded-daemon-process-eventSourcedProjection-passivation-race-entity-passivation-race-consumer-b#20289939]]
08:03:17.027 DEBUG a.c.sharding.DDataShardCoordinator - sharded-daemon-process-eventSourcedProjection-passivation-race-entity-passivation-race-consumer-b: ShardRegion terminated (gracefully): [Actor[akka://akka-runtime/system/sharding/sharded-daemon-process-eventSourcedProjection-passivation-race-entity-passivation-race-consumer-b#20289939]] {}
08:03:17.027 DEBUG a.c.sharding.DDataShardCoordinator - sharded-daemon-process-eventSourcedProjection-passivation-race-entity-passivation-race-consumer-b: GetShardHome [0] request from [Actor[akka://local/ignore]] stashed, because waiting for initial state or update of state. It will be handled afterwards.
08:03:17.027 DEBUG a.c.sharding.DDataShardCoordinator - sharded-daemon-process-eventSourcedProjection-passivation-race-entity-passivation-race-consumer-b: The coordinator state was successfully updated with ShardRegionTerminated(Actor[akka://akka-runtime/system/sharding/sharded-daemon-process-eventSourcedProjection-passivation-race-entity-passivation-race-consumer-b#20289939])
08:03:17.793 WARN  a.c.s.ShardRegion$HandOffStopper - sharded-daemon-process-eventSourcedProjection-passivation-race-entity-passivation-race-consumer-a: [1] of the entities in shard [0] not stopped after [750 milliseconds]. Maybe the handOffStopMessage [akka.projection.ProjectionBehavior$Stop$] is not handled? Waiting additional [250 milliseconds] before stopping the remaining entities.
08:03:18.043 WARN  a.c.s.ShardRegion$HandOffStopper - sharded-daemon-process-eventSourcedProjection-passivation-race-entity-passivation-race-consumer-a: HandOffStopMessage [akka.projection.ProjectionBehavior$Stop$] is not handled by some of the entities in shard [0] after [1 second], stopping the remaining [1] entities.
08:03:18.046 DEBUG akka.cluster.sharding.Shard - sharded-daemon-process-eventSourcedProjection-passivation-race-entity-passivation-race-consumer-a: Shard [0] shutting down
08:03:18.046 DEBUG a.c.sharding.DDataShardCoordinator - sharded-daemon-process-eventSourcedProjection-passivation-race-entity-passivation-race-consumer-a: Shard [0] deallocation completed successfully.
08:03:18.047 DEBUG a.c.sharding.DDataShardCoordinator - sharded-daemon-process-eventSourcedProjection-passivation-race-entity-passivation-race-consumer-a: The coordinator state was successfully updated with ShardHomeDeallocated(0)
08:03:18.064 DEBUG a.c.sharding.DDataShardCoordinator - sharded-daemon-process-eventSourcedProjection-passivation-race-entity-passivation-race-consumer-a: Shard [0] deallocated after
08:03:18.064 WARN  a.s.s.RestartWithBackoffSource - Restarting stream due to failure [1]: akka.projection.r2dbc.internal.R2dbcOffsetStore$AttemptToUseStoppedOffsetStore: eventSourcedProjection-passivation-race-entity-passivation-race-consumer-a [0-1023], correlation [833ec705-c44e-4823-8695-249b84baeee5]: R2dbcOffsetStore was stopped
08:03:18.064 DEBUG a.c.sharding.DDataShardCoordinator - sharded-daemon-process-eventSourcedProjection-passivation-race-entity-passivation-race-consumer-a: ShardRegion terminated (gracefully): [Actor[akka://akka-runtime/system/sharding/sharded-daemon-process-eventSourcedProjection-passivation-race-entity-passivation-race-consumer-a#-1244767204]] {}
08:03:18.064 DEBUG a.c.sharding.DDataShardCoordinator - sharded-daemon-process-eventSourcedProjection-passivation-race-entity-passivation-race-consumer-a: GetShardHome [0] request from [Actor[akka://local/ignore]] stashed, because waiting for initial state or update of state. It will be handled afterwards.
08:03:18.065 DEBUG a.c.sharding.DDataShardCoordinator - sharded-daemon-process-eventSourcedProjection-passivation-race-entity-passivation-race-consumer-a: The coordinator state was successfully updated with ShardRegionTerminated(Actor[akka://akka-runtime/system/sharding/sharded-daemon-process-eventSourcedProjection-passivation-race-entity-passivation-race-consumer-a#-1244767204])
08:03:18.065 DEBUG a.c.sharding.DDataShardCoordinator - sharded-daemon-process-eventSourcedProjection-passivation-race-entity-passivation-race-consumer-a: ShardRegion stopped: [Actor[akka://akka-runtime/system/sharding/sharded-daemon-process-eventSourcedProjection-passivation-race-entity-passivation-race-consumer-a#-1244767204]]
08:03:25.983 WARN  akka.cluster.sharding.ShardRegion - passivation-race-entity: Graceful shutdown of shard region timed out, region will be stopped. Remaining shards [], remaining buffered messages [1].
08:03:25.984 DEBUG a.c.sharding.DDataShardCoordinator - passivation-race-entity: ShardRegion stopped: [Actor[akka://akka-runtime/system/sharding/passivation-race-entity#-960082186]]
08:03:25.984 DEBUG a.c.sharding.DDataShardCoordinator - passivation-race-entity: ShardRegion terminated (gracefully): [Actor[akka://akka-runtime/system/sharding/passivation-race-entity#-960082186]] {}
08:03:25.984 DEBUG akka.actor.CoordinatedShutdown - Performing phase [cluster-leave] with [1] tasks.
08:03:25.984 DEBUG akka.actor.CoordinatedShutdown - Performing task [leave] in CoordinatedShutdown phase [cluster-leave]
08:03:25.984 DEBUG a.c.sharding.DDataShardCoordinator - passivation-race-entity: The coordinator state was successfully updated with ShardRegionTerminated(Actor[akka://akka-runtime/system/sharding/passivation-race-entity#-960082186])
08:03:25.990 DEBUG akka.actor.CoordinatedShutdown - Performing phase [cluster-exiting] with [28] tasks.
08:03:25.990 DEBUG akka.actor.CoordinatedShutdown - Performing task [singleton-exiting-2] in CoordinatedShutdown phase [cluster-exiting]
08:03:25.990 DEBUG akka.actor.CoordinatedShutdown - Performing task [wait-singleton-exiting] in CoordinatedShutdown phase [cluster-exiting]
08:03:25.990 DEBUG akka.actor.CoordinatedShutdown - Performing task [singleton-exiting-2] in CoordinatedShutdown phase [cluster-exiting]
08:03:25.990 DEBUG akka.actor.CoordinatedShutdown - Performing task [singleton-exiting-1] in CoordinatedShutdown phase [cluster-exiting]
08:03:25.990 DEBUG akka.actor.CoordinatedShutdown - Performing task [wait-singleton-exiting] in CoordinatedShutdown phase [cluster-exiting]
08:03:25.990 DEBUG akka.actor.CoordinatedShutdown - Performing task [singleton-exiting-1] in CoordinatedShutdown phase [cluster-exiting]
08:03:25.990 DEBUG akka.actor.CoordinatedShutdown - Performing task [singleton-exiting-2] in CoordinatedShutdown phase [cluster-exiting]
08:03:25.990 DEBUG akka.actor.CoordinatedShutdown - Performing task [singleton-exiting-2] in CoordinatedShutdown phase [cluster-exiting]
08:03:25.990 DEBUG akka.actor.CoordinatedShutdown - Performing task [wait-exiting] in CoordinatedShutdown phase [cluster-exiting]
08:03:25.990 DEBUG akka.actor.CoordinatedShutdown - Performing task [singleton-exiting-1] in CoordinatedShutdown phase [cluster-exiting]
08:03:25.990 DEBUG akka.actor.CoordinatedShutdown - Performing task [singleton-exiting-2] in CoordinatedShutdown phase [cluster-exiting]
08:03:25.990 DEBUG akka.actor.CoordinatedShutdown - Performing task [singleton-exiting-1] in CoordinatedShutdown phase [cluster-exiting]
08:03:25.990 DEBUG akka.actor.CoordinatedShutdown - Performing task [singleton-exiting-1] in CoordinatedShutdown phase [cluster-exiting]
08:03:25.990 DEBUG akka.actor.CoordinatedShutdown - Performing task [wait-singleton-exiting] in CoordinatedShutdown phase [cluster-exiting]
08:03:25.990 DEBUG akka.actor.CoordinatedShutdown - Performing task [singleton-exiting-2] in CoordinatedShutdown phase [cluster-exiting]
08:03:25.990 DEBUG akka.actor.CoordinatedShutdown - Performing task [wait-singleton-exiting] in CoordinatedShutdown phase [cluster-exiting]
08:03:25.990 DEBUG akka.actor.CoordinatedShutdown - Performing task [singleton-exiting-1] in CoordinatedShutdown phase [cluster-exiting]
08:03:25.990 DEBUG akka.actor.CoordinatedShutdown - Performing task [singleton-exiting-2] in CoordinatedShutdown phase [cluster-exiting]
08:03:25.990 DEBUG akka.actor.CoordinatedShutdown - Performing task [wait-singleton-exiting] in CoordinatedShutdown phase [cluster-exiting]
08:03:25.990 DEBUG akka.actor.CoordinatedShutdown - Performing task [wait-singleton-exiting] in CoordinatedShutdown phase [cluster-exiting]
08:03:25.990 DEBUG akka.actor.CoordinatedShutdown - Performing task [singleton-exiting-2] in CoordinatedShutdown phase [cluster-exiting]
08:03:25.990 DEBUG akka.actor.CoordinatedShutdown - Performing task [wait-singleton-exiting] in CoordinatedShutdown phase [cluster-exiting]
08:03:25.990 DEBUG akka.actor.CoordinatedShutdown - Performing task [singleton-exiting-1] in CoordinatedShutdown phase [cluster-exiting]
08:03:25.990 DEBUG akka.actor.CoordinatedShutdown - Performing task [singleton-exiting-1] in CoordinatedShutdown phase [cluster-exiting]
08:03:25.990 DEBUG akka.actor.CoordinatedShutdown - Performing task [wait-singleton-exiting] in CoordinatedShutdown phase [cluster-exiting]
08:03:25.990 DEBUG akka.actor.CoordinatedShutdown - Performing task [singleton-exiting-1] in CoordinatedShutdown phase [cluster-exiting]
08:03:25.990 DEBUG akka.actor.CoordinatedShutdown - Performing task [singleton-exiting-2] in CoordinatedShutdown phase [cluster-exiting]
08:03:25.990 DEBUG akka.actor.CoordinatedShutdown - Performing task [wait-singleton-exiting] in CoordinatedShutdown phase [cluster-exiting]
08:03:25.991 INFO  a.c.s.ClusterSingletonManager - Exited [akka://akka-runtime@127.0.0.1:62758].
08:03:25.992 INFO  a.c.s.ClusterSingletonManager - Exited [akka://akka-runtime@127.0.0.1:62758].
08:03:25.992 INFO  a.c.s.ClusterSingletonManager - Exited [akka://akka-runtime@127.0.0.1:62758].
08:03:25.992 INFO  a.c.s.ClusterSingletonManager - Exited [akka://akka-runtime@127.0.0.1:62758].
08:03:25.992 INFO  a.c.s.ClusterSingletonManager - Exited [akka://akka-runtime@127.0.0.1:62758].
08:03:25.992 INFO  a.c.s.ClusterSingletonManager - Exited [akka://akka-runtime@127.0.0.1:62758].
08:03:25.992 INFO  a.c.s.ClusterSingletonManager - Oldest observed OldestChanged: [akka://akka-runtime@127.0.0.1:62758 -> None]
08:03:25.992 INFO  a.c.s.ClusterSingletonManager - Oldest observed OldestChanged: [akka://akka-runtime@127.0.0.1:62758 -> None]
08:03:25.992 INFO  a.c.s.ClusterSingletonManager - Exited [akka://akka-runtime@127.0.0.1:62758].
08:03:25.992 INFO  a.c.s.ClusterSingletonManager - Oldest observed OldestChanged: [akka://akka-runtime@127.0.0.1:62758 -> None]
08:03:25.992 INFO  a.c.s.ClusterSingletonManager - Oldest observed OldestChanged: [akka://akka-runtime@127.0.0.1:62758 -> None]
08:03:25.992 INFO  a.c.s.ClusterSingletonManager - Oldest observed OldestChanged: [akka://akka-runtime@127.0.0.1:62758 -> None]
08:03:25.992 INFO  a.c.s.ClusterSingletonManager - Exited [akka://akka-runtime@127.0.0.1:62758].
08:03:25.992 INFO  a.c.s.ClusterSingletonManager - Oldest observed OldestChanged: [akka://akka-runtime@127.0.0.1:62758 -> None]
08:03:25.992 INFO  a.c.s.ClusterSingletonManager - Oldest observed OldestChanged: [akka://akka-runtime@127.0.0.1:62758 -> None]
08:03:25.992 INFO  a.c.s.ClusterSingletonManager - Oldest observed OldestChanged: [akka://akka-runtime@127.0.0.1:62758 -> None]
08:03:25.992 INFO  a.c.s.ClusterSingletonManager - Exited [akka://akka-runtime@127.0.0.1:62758].
08:03:25.992 INFO  a.c.s.ClusterSingletonManager - Oldest observed OldestChanged: [akka://akka-runtime@127.0.0.1:62758 -> None]
08:03:25.992 INFO  a.c.s.ClusterSingletonManager - ClusterSingletonManager state change [Oldest -> WasOldest]
08:03:25.992 INFO  a.c.s.ClusterSingletonManager - ClusterSingletonManager state change [Oldest -> WasOldest]
08:03:25.993 INFO  a.c.s.ClusterSingletonManager - ClusterSingletonManager state change [Oldest -> WasOldest]
08:03:25.993 INFO  a.c.s.ClusterSingletonManager - ClusterSingletonManager state change [Oldest -> WasOldest]
08:03:25.993 INFO  a.c.s.ClusterSingletonManager - ClusterSingletonManager state change [Oldest -> WasOldest]
08:03:25.993 INFO  a.c.s.ClusterSingletonManager - ClusterSingletonManager state change [Oldest -> WasOldest]
08:03:25.993 INFO  a.c.s.ClusterSingletonManager - ClusterSingletonManager state change [Oldest -> WasOldest]
08:03:25.993 INFO  a.c.s.ClusterSingletonManager - ClusterSingletonManager state change [Oldest -> WasOldest]
08:03:25.993 INFO  a.c.s.ClusterSingletonManager - ClusterSingletonManager state change [Oldest -> WasOldest]
08:03:26.678 DEBUG a.c.singleton.ClusterSingletonProxy - Creating singleton identification timer...
08:03:26.679 DEBUG a.c.singleton.ClusterSingletonProxy - Creating singleton identification timer...
08:03:26.679 DEBUG a.c.singleton.ClusterSingletonProxy - Creating singleton identification timer...
08:03:26.679 DEBUG a.c.singleton.ClusterSingletonProxy - Creating singleton identification timer...
08:03:26.793 DEBUG a.c.s.t.i.ShardedDaemonProcessCoordinator$ - Sending periodic keep alive for Sharded Daemon Process [eventSourcedProjection-passivation-race-entity-passivation-race-view] to [1] processes (revision [0]).
08:03:26.793 DEBUG a.c.s.t.i.ShardedDaemonProcessCoordinator$ - Sending periodic keep alive for Sharded Daemon Process [eventSourcedProjection-passivation-race-entity-passivation-race-consumer-a] to [1] processes (revision [0]).
08:03:26.793 DEBUG a.c.s.t.i.ShardedDaemonProcessCoordinator$ - Sending periodic keep alive for Sharded Daemon Process [eventSourcedProjection-passivation-race-entity-passivation-race-consumer-b] to [1] processes (revision [0]).
08:03:26.979 ERROR akka.javasdk.testkit.TestKit - TestKit runtime failed to terminate
java.lang.RuntimeException: Failed to stop [akka-runtime] within [10 seconds] 
-> / LocalActorRefProvider$$anon$2 class akka.actor.LocalActorRefProvider$Guardian status=0 2 children
   ⌊-> system LocalActorRef class akka.actor.LocalActorRefProvider$SystemGuardian status=0 42 children
   |   ⌊-> IO-DNS RepointableActorRef class akka.io.SimpleDnsManager status=0 1 children
   |   |   ⌊-> inet-address RoutedActorRef class akka.routing.RouterPoolActor status=0 4 children
   |   |       ⌊-> $a LocalActorRef class akka.io.InetAddressDnsResolver status=0 no children
   |   |       ⌊-> $b LocalActorRef class akka.io.InetAddressDnsResolver status=0 no children
   |   |       ⌊-> $c LocalActorRef class akka.io.InetAddressDnsResolver status=0 no children
   |   |       ⌊-> $d LocalActorRef class akka.io.InetAddressDnsResolver status=0 no children
   |   ⌊-> IO-TCP RepointableActorRef class akka.io.TcpManager status=0 1 children
   |   |   ⌊-> selectors RoutedActorRef class akka.routing.RouterPoolActor status=0 1 children
   |   |       ⌊-> $a LocalActorRef class akka.io.SelectionHandler status=0 2 children
   |   |           ⌊-> 0 LocalActorRef class akka.io.TcpListener status=0 no children
   |   |           ⌊-> 1 LocalActorRef class akka.io.TcpListener status=0 no children
   |   ⌊-> Materializers RepointableActorRef class akka.stream.impl.MaterializerGuardian status=0 4 children
   |   |   ⌊-> StreamSupervisor-0 LocalActorRef class akka.stream.impl.StreamSupervisor status=0 2 children
   |   |   |   ⌊-> flow-7-0-ignoreSink RepointableActorRef class akka.stream.impl.fusing.ActorGraphInterpreter status=0 no children
   |   |   |   ⌊-> flow-8-0-PoolFlow RepointableActorRef class akka.stream.impl.fusing.ActorGraphInterpreter status=0 no children
   |   |   ⌊-> StreamSupervisor-1 LocalActorRef class akka.stream.impl.StreamSupervisor status=0 6 children
   |   |   |   ⌊-> remote-0-0-ignoreSink RepointableActorRef class akka.stream.impl.fusing.ActorGraphInterpreter status=0 no children
   |   |   |   ⌊-> remote-2-0-unnamed RepointableActorRef class akka.stream.impl.fusing.ActorGraphInterpreter status=0 no children
   |   |   |   ⌊-> remote-3-0-ignoreSink RepointableActorRef class akka.stream.impl.fusing.ActorGraphInterpreter status=0 no children
   |   |   |   ⌊-> remote-4-0-ignoreSink RepointableActorRef class akka.stream.impl.fusing.ActorGraphInterpreter status=0 no children
   |   |   |   ⌊-> remote-5-0-ignoreSink RepointableActorRef class akka.stream.impl.fusing.ActorGraphInterpreter status=0 no children
   |   |   |   ⌊-> remote-6-0-ignoreSink RepointableActorRef class akka.stream.impl.fusing.ActorGraphInterpreter status=0 no children
   |   |   ⌊-> StreamSupervisor-2 LocalActorRef class akka.stream.impl.StreamSupervisor status=0 1 children
   |   |   |   ⌊-> remoteControl-1-0-ignoreSink RepointableActorRef class akka.stream.impl.fusing.ActorGraphInterpreter status=0 no children
   |   |   ⌊-> StreamSupervisor-3 LocalActorRef class akka.stream.impl.StreamSupervisor status=0 no children
   |   ⌊-> _timerShardCommandDelegator RepointableActorRef class akka.actor.typed.internal.adapter.ActorAdapter status=0 no children
   |   ⌊-> akka.persistence.r2dbc.journal RepointableActorRef class akka.persistence.r2dbc.journal.R2dbcJournal status=0 1 children
   |   |   ⌊-> $a LocalActorRef class akka.persistence.journal.AsyncWriteJournal$Resequencer status=0 no children
   |   ⌊-> akka.persistence.r2dbc.snapshot RepointableActorRef class akka.persistence.r2dbc.snapshot.R2dbcSnapshotStore status=0 no children
   |   ⌊-> cluster RepointableActorRef class akka.cluster.ClusterDaemon status=0 2 children
   |   |   ⌊-> core LocalActorRef class akka.cluster.ClusterCoreSupervisor status=0 2 children
   |   |   |   ⌊-> daemon LocalActorRef class akka.cluster.ClusterCoreDaemon status=0 3 children
   |   |   |   |   ⌊-> crossDcHeartbeatSender LocalActorRef class akka.cluster.CrossDcHeartbeatSender status=0 no children
   |   |   |   |   ⌊-> downingProvider LocalActorRef class akka.cluster.sbr.SplitBrainResolver status=0 no children
   |   |   |   |   ⌊-> heartbeatSender LocalActorRef class akka.cluster.ClusterHeartbeatSender status=0 no children
   |   |   |   ⌊-> publisher LocalActorRef class akka.cluster.ClusterDomainEventPublisher status=0 no children
   |   |   ⌊-> heartbeatReceiver LocalActorRef class akka.cluster.ClusterHeartbeatReceiver status=0 no children
   |   ⌊-> clusterCommandManager RepointableActorRef class akka.actor.typed.internal.adapter.ActorAdapter status=0 no children
   |   ⌊-> clusterEventBusListener RepointableActorRef class akka.cluster.ClusterReadView$$anon$1 status=0 no children
   |   ⌊-> clusterReceptionist RepointableActorRef class akka.actor.typed.internal.adapter.ActorAdapter status=0 1 children
   |   |   ⌊-> replicator LocalActorRef class akka.cluster.ddata.Replicator status=0 no children
   |   ⌊-> clusterStateSubscriptions RepointableActorRef class akka.actor.typed.internal.adapter.ActorAdapter status=0 no children
   |   ⌊-> ddataReplicator RepointableActorRef class akka.cluster.ddata.Replicator status=0 no children
   |   ⌊-> deadLetterListener RepointableActorRef class akka.event.DeadLetterListener status=0 no children
   |   ⌊-> discovery-manager RepointableActorRef class akka.actor.typed.internal.adapter.ActorAdapter status=0 no children
   |   ⌊-> discovery-watcher RepointableActorRef class akka.actor.typed.internal.adapter.ActorAdapter status=0 no children
   |   ⌊-> dynamicReplicationSettingsDdata RepointableActorRef class akka.actor.typed.internal.adapter.ActorAdapter status=0 no children
   |   ⌊-> eventStreamUnsubscriber-1 RepointableActorRef class akka.event.EventStreamUnsubscriber status=0 no children
   |   ⌊-> eventstream RepointableActorRef class akka.actor.typed.internal.adapter.ActorAdapter status=0 no children
   |   ⌊-> log-level-config RepointableActorRef class akka.actor.typed.internal.adapter.ActorAdapter status=0 no children
   |   ⌊-> log1-Slf4jLogger RepointableActorRef class akka.event.slf4j.Slf4jLogger status=0 no children
   |   ⌊-> passivation-race-entityShardCommandDelegator RepointableActorRef class akka.actor.typed.internal.adapter.ActorAdapter status=0 no children
   |   ⌊-> pool-master RepointableActorRef class akka.http.impl.engine.client.PoolMasterActor status=0 no children
   |   ⌊-> projection-eventSourcedProjection-passivation-race-entity-passivation-race-consumer-a RepointableActorRef class akka.actor.typed.internal.adapter.ActorAdapter status=0 no children
   |   ⌊-> r2dbc-passivation-race-entity-0-1023 RepointableActorRef class akka.actor.typed.internal.adapter.ActorAdapter status=0 no children
   |   ⌊-> recoveryPermitter RepointableActorRef class akka.persistence.RecoveryPermitter status=0 no children
   |   ⌊-> remote-deployment-watcher RepointableActorRef class akka.remote.RemoteDeploymentWatcher status=0 no children
   |   ⌊-> remote-watcher RepointableActorRef class akka.cluster.ClusterRemoteWatcher status=0 no children
   |   ⌊-> remoting-terminator RepointableActorRef class akka.remote.RemoteActorRefProvider$RemotingTerminator status=0 no children
   |   ⌊-> sharded-daemon-process-eventSourcedProjection-passivation-race-entity-passivation-race-consumer-aShardCommandDelegator RepointableActorRef class akka.actor.typed.internal.adapter.ActorAdapter status=0 no children
   |   ⌊-> sharded-daemon-process-eventSourcedProjection-passivation-race-entity-passivation-race-consumer-bShardCommandDelegator RepointableActorRef class akka.actor.typed.internal.adapter.ActorAdapter status=0 no children
   |   ⌊-> sharded-daemon-process-eventSourcedProjection-passivation-race-entity-passivation-race-viewShardCommandDelegator RepointableActorRef class akka.actor.typed.internal.adapter.ActorAdapter status=0 no children
   |   ⌊-> sharding RepointableActorRef class akka.cluster.sharding.ClusterShardingGuardian status=0 6 children
   |   |   ⌊-> _timerCoordinator LocalActorRef class akka.cluster.singleton.ClusterSingletonManager status=0 2 children
   |   |   |   ⌊-> $a LocalActorRef class akka.cluster.singleton.ClusterSingletonManager$Internal$OldestChangedBuffer status=0 no children
   |   |   |   ⌊-> singleton LocalActorRef class akka.pattern.internal.BackoffOnStopSupervisor status=0 1 children
   |   |   |       ⌊-> coordinator LocalActorRef class akka.cluster.sharding.DDataShardCoordinator status=0 1 children
   |   |   |           ⌊-> RememberEntitiesStore LocalActorRef class akka.cluster.sharding.internal.DDataRememberEntitiesCoordinatorStore status=0 no children
   |   |   ⌊-> passivation-race-entityCoordinator LocalActorRef class akka.cluster.singleton.ClusterSingletonManager status=0 2 children
   |   |   |   ⌊-> $a LocalActorRef class akka.cluster.singleton.ClusterSingletonManager$Internal$OldestChangedBuffer status=0 no children
   |   |   |   ⌊-> singleton LocalActorRef class akka.pattern.internal.BackoffOnStopSupervisor status=0 1 children
   |   |   |       ⌊-> coordinator LocalActorRef class akka.cluster.sharding.DDataShardCoordinator status=0 no children
   |   |   ⌊-> replicator LocalActorRef class akka.cluster.ddata.Replicator status=0 no children
   |   |   ⌊-> sharded-daemon-process-eventSourcedProjection-passivation-race-entity-passivation-race-consumer-aCoordinator LocalActorRef class akka.cluster.singleton.ClusterSingletonManager status=0 2 children
   |   |   |   ⌊-> $a LocalActorRef class akka.cluster.singleton.ClusterSingletonManager$Internal$OldestChangedBuffer status=0 no children
   |   |   |   ⌊-> singleton LocalActorRef class akka.pattern.internal.BackoffOnStopSupervisor status=0 1 children
   |   |   |       ⌊-> coordinator LocalActorRef class akka.cluster.sharding.DDataShardCoordinator status=0 no children
   |   |   ⌊-> sharded-daemon-process-eventSourcedProjection-passivation-race-entity-passivation-race-consumer-bCoordinator LocalActorRef class akka.cluster.singleton.ClusterSingletonManager status=0 2 children
   |   |   |   ⌊-> $a LocalActorRef class akka.cluster.singleton.ClusterSingletonManager$Internal$OldestChangedBuffer status=0 no children
   |   |   |   ⌊-> singleton LocalActorRef class akka.pattern.internal.BackoffOnStopSupervisor status=0 1 children
   |   |   |       ⌊-> coordinator LocalActorRef class akka.cluster.sharding.DDataShardCoordinator status=0 no children
   |   |   ⌊-> sharded-daemon-process-eventSourcedProjection-passivation-race-entity-passivation-race-viewCoordinator LocalActorRef class akka.cluster.singleton.ClusterSingletonManager status=0 2 children
   |   |       ⌊-> $a LocalActorRef class akka.cluster.singleton.ClusterSingletonManager$Internal$OldestChangedBuffer status=0 no children
   |   |       ⌊-> singleton LocalActorRef class akka.pattern.internal.BackoffOnStopSupervisor status=0 1 children
   |   |           ⌊-> coordinator LocalActorRef class akka.cluster.sharding.DDataShardCoordinator status=0 no children
   |   ⌊-> singletonManagerShardedDaemonProcessCoordinator-eventSourcedProjection-passivation-race-entity-passivation-race-consumer-a RepointableActorRef class akka.cluster.singleton.ClusterSingletonManager status=0 2 children
   |   |   ⌊-> $a LocalActorRef class akka.cluster.singleton.ClusterSingletonManager$Internal$OldestChangedBuffer status=0 no children
   |   |   ⌊-> ShardedDaemonProcessCoordinator-eventSourcedProjection-passivation-race-entity-passivation-race-consumer-a LocalActorRef class akka.actor.typed.internal.adapter.ActorAdapter status=0 no children
   |   ⌊-> singletonManagerShardedDaemonProcessCoordinator-eventSourcedProjection-passivation-race-entity-passivation-race-consumer-b RepointableActorRef class akka.cluster.singleton.ClusterSingletonManager status=0 2 children
   |   |   ⌊-> $a LocalActorRef class akka.cluster.singleton.ClusterSingletonManager$Internal$OldestChangedBuffer status=0 no children
   |   |   ⌊-> ShardedDaemonProcessCoordinator-eventSourcedProjection-passivation-race-entity-passivation-race-consumer-b LocalActorRef class akka.actor.typed.internal.adapter.ActorAdapter status=0 no children
   |   ⌊-> singletonManagerShardedDaemonProcessCoordinator-eventSourcedProjection-passivation-race-entity-passivation-race-view RepointableActorRef class akka.cluster.singleton.ClusterSingletonManager status=0 2 children
   |   |   ⌊-> $a LocalActorRef class akka.cluster.singleton.ClusterSingletonManager$Internal$OldestChangedBuffer status=0 no children
   |   |   ⌊-> ShardedDaemonProcessCoordinator-eventSourcedProjection-passivation-race-entity-passivation-race-view LocalActorRef class akka.actor.typed.internal.adapter.ActorAdapter status=0 no children
   |   ⌊-> singletonManagerschemaSingleton RepointableActorRef class akka.cluster.singleton.ClusterSingletonManager status=0 2 children
   |   |   ⌊-> $a LocalActorRef class akka.cluster.singleton.ClusterSingletonManager$Internal$OldestChangedBuffer status=0 no children
   |   |   ⌊-> schemaSingleton LocalActorRef class akka.actor.typed.internal.adapter.ActorAdapter status=0 no children
   |   ⌊-> singletonProxyShardedDaemonProcessCoordinator-eventSourcedProjection-passivation-race-entity-passivation-race-consumer-a-no-dc RepointableActorRef class akka.cluster.singleton.ClusterSingletonProxy status=0 no children
   |   ⌊-> singletonProxyShardedDaemonProcessCoordinator-eventSourcedProjection-passivation-race-entity-passivation-race-consumer-b-no-dc RepointableActorRef class akka.cluster.singleton.ClusterSingletonProxy status=0 no children
   |   ⌊-> singletonProxyShardedDaemonProcessCoordinator-eventSourcedProjection-passivation-race-entity-passivation-race-view-no-dc RepointableActorRef class akka.cluster.singleton.ClusterSingletonProxy status=0 no children
   |   ⌊-> singletonProxyschemaSingleton-no-dc RepointableActorRef class akka.cluster.singleton.ClusterSingletonProxy status=0 no children
   |   ⌊-> timers-aggregator RepointableActorRef class akka.actor.typed.internal.adapter.ActorAdapter status=0 no children
   |   ⌊-> typedDdataReplicator RepointableActorRef class akka.actor.typed.internal.adapter.ActorAdapter status=0 no children
   ⌊-> user LocalActorRef class akka.actor.LocalActorRefProvider$Guardian status=0 no children
	at akka.testkit.TestKit$.shutdownActorSystem(TestKit.scala:1018)
	at akka.testkit.javadsl.TestKit$.shutdownActorSystem(TestKit.scala:596)
	at akka.testkit.javadsl.TestKit.shutdownActorSystem(TestKit.scala)
	at akka.javasdk.testkit.TestKit.stop(TestKit.java:1468)
	at repro.BootstrapWorkTimingTest.cycle(BootstrapWorkTimingTest.java:66)
	at repro.BootstrapWorkTimingTest.withBurstFromOnStartup(BootstrapWorkTimingTest.java:28)
	at java.base/jdk.internal.reflect.DirectMethodHandleAccessor.invoke(DirectMethodHandleAccessor.java:104)
	at java.base/java.lang.reflect.Method.invoke(Method.java:583)
	at org.junit.platform.commons.util.ReflectionUtils.invokeMethod(ReflectionUtils.java:767)
	at org.junit.jupiter.engine.execution.MethodInvocation.proceed(MethodInvocation.java:60)
	at org.junit.jupiter.engine.execution.InvocationInterceptorChain$ValidatingInvocation.proceed(InvocationInterceptorChain.java:131)
	at org.junit.jupiter.engine.extension.SameThreadTimeoutInvocation.proceed(SameThreadTimeoutInvocation.java:45)
	at org.junit.jupiter.engine.extension.TimeoutExtension.intercept(TimeoutExtension.java:156)
	at org.junit.jupiter.engine.extension.TimeoutExtension.interceptTestableMethod(TimeoutExtension.java:147)
	at org.junit.jupiter.engine.extension.TimeoutExtension.interceptTestMethod(TimeoutExtension.java:86)
	at org.junit.jupiter.engine.execution.InterceptingExecutableInvoker$ReflectiveInterceptorCall.lambda$ofVoidMethod$0(InterceptingExecutableInvoker.java:103)
	at org.junit.jupiter.engine.execution.InterceptingExecutableInvoker.lambda$invoke$0(InterceptingExecutableInvoker.java:93)
	at org.junit.jupiter.engine.execution.InvocationInterceptorChain$InterceptedInvocation.proceed(InvocationInterceptorChain.java:106)
	at org.junit.jupiter.engine.execution.InvocationInterceptorChain.proceed(InvocationInterceptorChain.java:64)
	at org.junit.jupiter.engine.execution.InvocationInterceptorChain.chainAndInvoke(InvocationInterceptorChain.java:45)
	at org.junit.jupiter.engine.execution.InvocationInterceptorChain.invoke(InvocationInterceptorChain.java:37)
	at org.junit.jupiter.engine.execution.InterceptingExecutableInvoker.invoke(InterceptingExecutableInvoker.java:92)
	at org.junit.jupiter.engine.execution.InterceptingExecutableInvoker.invoke(InterceptingExecutableInvoker.java:86)
	at org.junit.jupiter.engine.descriptor.TestMethodTestDescriptor.lambda$invokeTestMethod$8(TestMethodTestDescriptor.java:217)
	at org.junit.platform.engine.support.hierarchical.ThrowableCollector.execute(ThrowableCollector.java:73)
	at org.junit.jupiter.engine.descriptor.TestMethodTestDescriptor.invokeTestMethod(TestMethodTestDescriptor.java:213)
	at org.junit.jupiter.engine.descriptor.TestMethodTestDescriptor.execute(TestMethodTestDescriptor.java:138)
	at org.junit.jupiter.engine.descriptor.TestMethodTestDescriptor.execute(TestMethodTestDescriptor.java:68)
	at org.junit.platform.engine.support.hierarchical.NodeTestTask.lambda$executeRecursively$6(NodeTestTask.java:156)
	at org.junit.platform.engine.support.hierarchical.ThrowableCollector.execute(ThrowableCollector.java:73)
	at org.junit.platform.engine.support.hierarchical.NodeTestTask.lambda$executeRecursively$8(NodeTestTask.java:146)
	at org.junit.platform.engine.support.hierarchical.Node.around(Node.java:137)
	at org.junit.platform.engine.support.hierarchical.NodeTestTask.lambda$executeRecursively$9(NodeTestTask.java:144)
	at org.junit.platform.engine.support.hierarchical.ThrowableCollector.execute(ThrowableCollector.java:73)
	at org.junit.platform.engine.support.hierarchical.NodeTestTask.executeRecursively(NodeTestTask.java:143)
	at org.junit.platform.engine.support.hierarchical.NodeTestTask.execute(NodeTestTask.java:100)
	at java.base/java.util.ArrayList.forEach(ArrayList.java:1612)
	at org.junit.platform.engine.support.hierarchical.SameThreadHierarchicalTestExecutorService.invokeAll(SameThreadHierarchicalTestExecutorService.java:41)
	at org.junit.platform.engine.support.hierarchical.NodeTestTask.lambda$executeRecursively$6(NodeTestTask.java:160)
	at org.junit.platform.engine.support.hierarchical.ThrowableCollector.execute(ThrowableCollector.java:73)
	at org.junit.platform.engine.support.hierarchical.NodeTestTask.lambda$executeRecursively$8(NodeTestTask.java:146)
	at org.junit.platform.engine.support.hierarchical.Node.around(Node.java:137)
	at org.junit.platform.engine.support.hierarchical.NodeTestTask.lambda$executeRecursively$9(NodeTestTask.java:144)
	at org.junit.platform.engine.support.hierarchical.ThrowableCollector.execute(ThrowableCollector.java:73)
	at org.junit.platform.engine.support.hierarchical.NodeTestTask.executeRecursively(NodeTestTask.java:143)
	at org.junit.platform.engine.support.hierarchical.NodeTestTask.execute(NodeTestTask.java:100)
	at java.base/java.util.ArrayList.forEach(ArrayList.java:1612)
	at org.junit.platform.engine.support.hierarchical.SameThreadHierarchicalTestExecutorService.invokeAll(SameThreadHierarchicalTestExecutorService.java:41)
	at org.junit.platform.engine.support.hierarchical.NodeTestTask.lambda$executeRecursively$6(NodeTestTask.java:160)
	at org.junit.platform.engine.support.hierarchical.ThrowableCollector.execute(ThrowableCollector.java:73)
	at org.junit.platform.engine.support.hierarchical.NodeTestTask.lambda$executeRecursively$8(NodeTestTask.java:146)
	at org.junit.platform.engine.support.hierarchical.Node.around(Node.java:137)
	at org.junit.platform.engine.support.hierarchical.NodeTestTask.lambda$executeRecursively$9(NodeTestTask.java:144)
	at org.junit.platform.engine.support.hierarchical.ThrowableCollector.execute(ThrowableCollector.java:73)
	at org.junit.platform.engine.support.hierarchical.NodeTestTask.executeRecursively(NodeTestTask.java:143)
	at org.junit.platform.engine.support.hierarchical.NodeTestTask.execute(NodeTestTask.java:100)
	at org.junit.platform.engine.support.hierarchical.SameThreadHierarchicalTestExecutorService.submit(SameThreadHierarchicalTestExecutorService.java:35)
	at org.junit.platform.engine.support.hierarchical.HierarchicalTestExecutor.execute(HierarchicalTestExecutor.java:57)
	at org.junit.platform.engine.support.hierarchical.HierarchicalTestEngine.execute(HierarchicalTestEngine.java:54)
	at org.junit.platform.launcher.core.DefaultLauncher.execute(DefaultLauncher.java:220)
	at org.junit.platform.launcher.core.DefaultLauncher.lambda$execute$6(DefaultLauncher.java:188)
	at org.junit.platform.launcher.core.DefaultLauncher.withInterceptedStreams(DefaultLauncher.java:202)
	at org.junit.platform.launcher.core.DefaultLauncher.execute(DefaultLauncher.java:181)
	at org.junit.platform.launcher.core.DefaultLauncher.execute(DefaultLauncher.java:128)
	at org.apache.maven.surefire.junitplatform.JUnitPlatformProvider.invokeAllTests(JUnitPlatformProvider.java:150)
	at org.apache.maven.surefire.junitplatform.JUnitPlatformProvider.invoke(JUnitPlatformProvider.java:124)
	at org.apache.maven.surefire.booter.ForkedBooter.invokeProviderInSameClassLoader(ForkedBooter.java:384)
	at org.apache.maven.surefire.booter.ForkedBooter.runSuitesInProcess(ForkedBooter.java:345)
	at org.apache.maven.surefire.booter.ForkedBooter.execute(ForkedBooter.java:126)
	at org.apache.maven.surefire.booter.ForkedBooter.main(ForkedBooter.java:418)
08:03:26.994 ERROR repro.Bootstrap - onStartup() threw an exception
java.util.concurrent.TimeoutException: Command to entity [passivation-race-entity] id [97df1df7-a5b1-413f-914b-4f3ea1f65843] timed out.
	at kalix.runtime.eventsourcedentity.EventSourcedSupport$$anonfun$$nestedInanonfun$handleCommand$1$1.applyOrElse(EventSourcedEntitySupportFactory.scala:191)
	at kalix.runtime.eventsourcedentity.EventSourcedSupport$$anonfun$$nestedInanonfun$handleCommand$1$1.applyOrElse(EventSourcedEntitySupportFactory.scala:189)
	at scala.concurrent.impl.Promise$Transformation.run(Promise.scala:523)
	at akka.dispatch.BatchingExecutor$AbstractBatch.processBatch(BatchingExecutor.scala:64)
	at akka.dispatch.BatchingExecutor$BlockableBatch.$anonfun$run$1(BatchingExecutor.scala:101)
	at scala.runtime.java8.JFunction0$mcV$sp.apply(JFunction0$mcV$sp.scala:18)
	at scala.concurrent.BlockContext$.withBlockContext(BlockContext.scala:94)
	at akka.dispatch.BatchingExecutor$BlockableBatch.run(BatchingExecutor.scala:101)
	at akka.dispatch.TaskInvocation.run(AbstractDispatcher.scala:48)
	at akka.dispatch.ForkJoinExecutorConfigurator$AkkaForkJoinTask.exec(ForkJoinExecutorConfigurator.scala:60)
	at java.base/java.util.concurrent.ForkJoinTask.doExec(ForkJoinTask.java:507)
	at java.base/java.util.concurrent.ForkJoinPool$WorkQueue.topLevelExec(ForkJoinPool.java:1450)
	at java.base/java.util.concurrent.ForkJoinPool.runWorker(ForkJoinPool.java:2019)
	at java.base/java.util.concurrent.ForkJoinWorkerThread.run(ForkJoinWorkerThread.java:187)
08:03:27.004 INFO  a.c.s.ClusterSingletonManager - Singleton manager stopping singleton actor [akka://akka-runtime/system/sharding/_timerCoordinator/singleton]
08:03:27.004 INFO  a.c.s.ClusterSingletonManager - Singleton manager stopping singleton actor [akka://akka-runtime/system/sharding/sharded-daemon-process-eventSourcedProjection-passivation-race-entity-passivation-race-consumer-aCoordinator/singleton]
08:03:27.004 INFO  a.c.s.ClusterSingletonManager - Singleton manager stopping singleton actor [akka://akka-runtime/system/singletonManagerShardedDaemonProcessCoordinator-eventSourcedProjection-passivation-race-entity-passivation-race-view/ShardedDaemonProcessCoordinator-eventSourcedProjection-passivation-race-entity-passivation-race-view]
08:03:27.004 INFO  a.c.s.ClusterSingletonManager - Singleton manager stopping singleton actor [akka://akka-runtime/system/singletonManagerschemaSingleton/schemaSingleton]
08:03:27.004 INFO  a.c.s.ClusterSingletonManager - Singleton manager stopping singleton actor [akka://akka-runtime/system/singletonManagerShardedDaemonProcessCoordinator-eventSourcedProjection-passivation-race-entity-passivation-race-consumer-a/ShardedDaemonProcessCoordinator-eventSourcedProjection-passivation-race-entity-passivation-race-consumer-a]
08:03:27.004 INFO  a.c.s.ClusterSingletonManager - Singleton manager stopping singleton actor [akka://akka-runtime/system/sharding/sharded-daemon-process-eventSourcedProjection-passivation-race-entity-passivation-race-viewCoordinator/singleton]
08:03:27.004 INFO  a.c.s.ClusterSingletonManager - Singleton manager stopping singleton actor [akka://akka-runtime/system/singletonManagerShardedDaemonProcessCoordinator-eventSourcedProjection-passivation-race-entity-passivation-race-consumer-b/ShardedDaemonProcessCoordinator-eventSourcedProjection-passivation-race-entity-passivation-race-consumer-b]
08:03:27.004 INFO  a.c.s.ClusterSingletonManager - Singleton manager stopping singleton actor [akka://akka-runtime/system/sharding/passivation-race-entityCoordinator/singleton]
08:03:27.004 INFO  a.c.s.ClusterSingletonManager - Singleton manager stopping singleton actor [akka://akka-runtime/system/sharding/sharded-daemon-process-eventSourcedProjection-passivation-race-entity-passivation-race-consumer-bCoordinator/singleton]
08:03:27.004 INFO  a.c.s.ClusterSingletonManager - ClusterSingletonManager state change [WasOldest -> Stopping]
08:03:27.004 INFO  a.c.s.ClusterSingletonManager - ClusterSingletonManager state change [WasOldest -> Stopping]
08:03:27.004 INFO  a.c.s.ClusterSingletonManager - ClusterSingletonManager state change [WasOldest -> Stopping]
08:03:27.004 INFO  a.c.s.ClusterSingletonManager - ClusterSingletonManager state change [WasOldest -> Stopping]
08:03:27.004 INFO  a.c.s.ClusterSingletonManager - ClusterSingletonManager state change [WasOldest -> Stopping]
08:03:27.004 INFO  a.c.s.ClusterSingletonManager - ClusterSingletonManager state change [WasOldest -> Stopping]
08:03:27.004 INFO  a.c.s.ClusterSingletonManager - ClusterSingletonManager state change [WasOldest -> Stopping]
08:03:27.004 INFO  a.c.s.ClusterSingletonManager - ClusterSingletonManager state change [WasOldest -> Stopping]
08:03:27.004 INFO  a.c.s.ClusterSingletonManager - ClusterSingletonManager state change [WasOldest -> Stopping]
08:03:27.004 INFO  a.c.s.ClusterSingletonManager - Singleton actor [akka://akka-runtime/system/singletonManagerShardedDaemonProcessCoordinator-eventSourcedProjection-passivation-race-entity-passivation-race-view/ShardedDaemonProcessCoordinator-eventSourcedProjection-passivation-race-entity-passivation-race-view] was terminated
08:03:27.004 INFO  a.c.s.ClusterSingletonManager - Singleton actor [akka://akka-runtime/system/singletonManagerschemaSingleton/schemaSingleton] was terminated
08:03:27.004 INFO  a.c.s.ClusterSingletonManager - Singleton actor [akka://akka-runtime/system/singletonManagerShardedDaemonProcessCoordinator-eventSourcedProjection-passivation-race-entity-passivation-race-consumer-b/ShardedDaemonProcessCoordinator-eventSourcedProjection-passivation-race-entity-passivation-race-consumer-b] was terminated
08:03:27.004 INFO  a.c.s.ClusterSingletonManager - Singleton actor [akka://akka-runtime/system/singletonManagerShardedDaemonProcessCoordinator-eventSourcedProjection-passivation-race-entity-passivation-race-consumer-a/ShardedDaemonProcessCoordinator-eventSourcedProjection-passivation-race-entity-passivation-race-consumer-a] was terminated
08:03:27.005 DEBUG a.c.sharding.DDataShardCoordinator - sharded-daemon-process-eventSourcedProjection-passivation-race-entity-passivation-race-consumer-b: Received termination message.
08:03:27.005 DEBUG a.c.sharding.DDataShardCoordinator - _timer: Received termination message.
08:03:27.005 DEBUG a.c.sharding.DDataShardCoordinator - passivation-race-entity: Received termination message.
08:03:27.005 DEBUG a.c.sharding.DDataShardCoordinator - sharded-daemon-process-eventSourcedProjection-passivation-race-entity-passivation-race-consumer-a: Received termination message.
08:03:27.005 DEBUG a.c.sharding.DDataShardCoordinator - sharded-daemon-process-eventSourcedProjection-passivation-race-entity-passivation-race-view: Received termination message.
08:03:27.005 INFO  a.c.s.ClusterSingletonManager - Singleton actor [akka://akka-runtime/system/sharding/sharded-daemon-process-eventSourcedProjection-passivation-race-entity-passivation-race-consumer-aCoordinator/singleton] was terminated
08:03:27.005 INFO  a.c.s.ClusterSingletonManager - Singleton actor [akka://akka-runtime/system/sharding/_timerCoordinator/singleton] was terminated
08:03:27.005 INFO  a.c.s.ClusterSingletonManager - Singleton actor [akka://akka-runtime/system/sharding/sharded-daemon-process-eventSourcedProjection-passivation-race-entity-passivation-race-viewCoordinator/singleton] was terminated
08:03:27.006 INFO  a.c.s.ClusterSingletonManager - Singleton actor [akka://akka-runtime/system/sharding/sharded-daemon-process-eventSourcedProjection-passivation-race-entity-passivation-race-consumer-bCoordinator/singleton] was terminated
08:03:27.007 INFO  a.c.s.ClusterSingletonManager - Singleton actor [akka://akka-runtime/system/sharding/passivation-race-entityCoordinator/singleton] was terminated
08:03:27.007 DEBUG akka.actor.CoordinatedShutdown - Performing phase [cluster-exiting-done] with [1] tasks.
08:03:27.007 DEBUG akka.actor.CoordinatedShutdown - Performing task [exiting-completed] in CoordinatedShutdown phase [cluster-exiting-done]
08:03:27.009 DEBUG akka.actor.CoordinatedShutdown - Performing phase [cluster-shutdown] with [1] tasks.
08:03:27.010 DEBUG akka.actor.CoordinatedShutdown - Performing task [wait-shutdown] in CoordinatedShutdown phase [cluster-shutdown]
08:03:27.012 DEBUG akka.actor.CoordinatedShutdown - Performing phase [before-actor-system-terminate] with [2] tasks.
08:03:27.012 DEBUG akka.actor.CoordinatedShutdown - Performing task [close connection pools] in CoordinatedShutdown phase [before-actor-system-terminate]
08:03:27.017 DEBUG akka.actor.CoordinatedShutdown - Performing task [close-grpc-channels] in CoordinatedShutdown phase [before-actor-system-terminate]
08:03:27.019 DEBUG akka.actor.CoordinatedShutdown - Performing phase [actor-system-terminate] with [1] tasks.
08:03:27.019 DEBUG akka.actor.CoordinatedShutdown - Performing task [terminate-system] in CoordinatedShutdown phase [actor-system-terminate]
08:03:27.099 INFO  akka.runtime.AkkaRuntimeMain - Starting Akka Runtime version [1.6.15]
08:03:27.115 INFO  akka.javasdk.impl.ComponentLocator$ - Looking for component descriptors matching pattern [META-INF/akka-javasdk-components_*.conf]
08:03:27.134 INFO  akka.javasdk.testkit.TestKit - Eventing TestKit booting up on port: 62765
08:03:27.137 DEBUG a.c.singleton.ClusterSingletonProxy - Creating singleton identification timer...
08:03:27.137 DEBUG a.c.singleton.ClusterSingletonProxy - Singleton not available, buffering message type [kalix.runtime.SchemaSingleton$ExecDdl]
08:03:27.137 DEBUG a.c.singleton.ClusterSingletonProxy - Trying to identify singleton at [akka://akka-runtime@127.0.0.1:62766/system/singletonManagerschemaSingleton/schemaSingleton]
08:03:27.138 INFO  a.c.s.ClusterSingletonManager - Singleton manager starting singleton actor [akka://akka-runtime/system/singletonManagerschemaSingleton/schemaSingleton]
08:03:27.138 INFO  a.c.s.ClusterSingletonManager - ClusterSingletonManager state change [Start -> Oldest]
08:03:27.139 INFO  akka.javasdk.testkit.TestKit - Checking runtime status
08:03:27.201 DEBUG a.c.singleton.ClusterSingletonProxy - Trying to identify singleton at [akka://akka-runtime@127.0.0.1:62766/system/singletonManagerschemaSingleton/schemaSingleton]
08:03:27.201 INFO  a.c.singleton.ClusterSingletonProxy - Singleton identified at [akka://akka-runtime/system/singletonManagerschemaSingleton/schemaSingleton]
08:03:27.201 DEBUG a.c.singleton.ClusterSingletonProxy - Sending buffered messages to current singleton instance
08:03:27.203 INFO  a.c.s.typed.scaladsl.ClusterSharding - Starting Shard Region [passivation-race-entity]...
08:03:27.204 INFO  akka.cluster.sharding.ShardRegion - passivation-race-entity: Automatic entity passivation: composite strategy with limit of [10000] active entities, admission window (least recently used entities) with proportions [initial = 0.01, min = 0.01, max = 1.0] adapting with hill-climbing optimizer [adjust multiplier = 10.0, initial step = 0.0625, restart threshold = 0.05, step decay = 0.98], admit using frequency sketch [width multiplier = 4, reset multiplier = 10.0, depth = 4, counter bits = 4], main (least recently used entities (segmented with [2] levels with proportions of [0.20, 0.80]))
08:03:27.205 INFO  a.c.s.ClusterSingletonManager - Singleton manager starting singleton actor [akka://akka-runtime/system/sharding/passivation-race-entityCoordinator/singleton]
08:03:27.205 INFO  a.c.s.ClusterSingletonManager - ClusterSingletonManager state change [Start -> Oldest]
08:03:27.206 DEBUG a.c.sharding.DDataShardCoordinator - passivation-race-entity: Initial coordinator is empty.
08:03:27.206 INFO  a.c.sharding.DDataShardCoordinator - passivation-race-entity: ShardCoordinator was moved to the active state with [0] shards
08:03:27.207 DEBUG a.c.singleton.ClusterSingletonProxy - Forwarding message of type [SchemaSingleton$ExecDdl] to current singleton instance at [akka://akka-runtime/system/singletonManagerschemaSingleton/schemaSingleton]
08:03:27.209 INFO  akka.runtime.DiscoveryManager - Service components: EventSourcedEntity: [1], Consumer: [2], View: [1]
08:03:27.210 INFO  a.c.s.typed.scaladsl.ClusterSharding - Starting Shard Region [_timer]...
08:03:27.211 INFO  a.c.s.typed.scaladsl.ClusterSharding - Starting Shard Region [sharded-daemon-process-eventSourcedProjection-passivation-race-entity-passivation-race-consumer-a]...
08:03:27.212 INFO  akka.cluster.sharding.ShardRegion - sharded-daemon-process-eventSourcedProjection-passivation-race-entity-passivation-race-consumer-a: Automatic entity passivation: disabled
08:03:27.212 INFO  a.c.s.ClusterSingletonManager - Singleton manager starting singleton actor [akka://akka-runtime/system/sharding/_timerCoordinator/singleton]
08:03:27.212 INFO  a.c.s.ClusterSingletonManager - ClusterSingletonManager state change [Start -> Oldest]
08:03:27.212 DEBUG a.c.sharding.DDataShardCoordinator - _timer: Starting remember entities store from provider akka.cluster.sharding.internal.DDataRememberEntitiesProvider@5c2901ca
08:03:27.213 INFO  a.c.s.typed.scaladsl.ClusterSharding - Starting Shard Region [sharded-daemon-process-eventSourcedProjection-passivation-race-entity-passivation-race-consumer-b]...
08:03:27.213 DEBUG a.c.singleton.ClusterSingletonProxy - Creating singleton identification timer...
08:03:27.213 DEBUG a.c.singleton.ClusterSingletonProxy - Trying to identify singleton at [akka://akka-runtime@127.0.0.1:62766/system/singletonManagerShardedDaemonProcessCoordinator-eventSourcedProjection-passivation-race-entity-passivation-race-consumer-a/ShardedDaemonProcessCoordinator-eventSourcedProjection-passivation-race-entity-passivation-race-consumer-a]
08:03:27.213 DEBUG a.c.sharding.DDataShardCoordinator - _timer: Initial coordinator is empty.
08:03:27.213 INFO  a.c.sharding.DDataShardCoordinator - _timer: ShardCoordinator was moved to the active state with [0] shards
08:03:27.213 DEBUG a.c.sharding.DDataShardCoordinator - _timer: Received [0] remembered shard ids (after state initialized)
08:03:27.213 INFO  akka.cluster.sharding.ShardRegion - sharded-daemon-process-eventSourcedProjection-passivation-race-entity-passivation-race-consumer-b: Automatic entity passivation: disabled
08:03:27.214 INFO  a.c.s.ClusterSingletonManager - Singleton manager starting singleton actor [akka://akka-runtime/system/sharding/sharded-daemon-process-eventSourcedProjection-passivation-race-entity-passivation-race-consumer-aCoordinator/singleton]
08:03:27.214 INFO  a.c.s.ClusterSingletonManager - ClusterSingletonManager state change [Start -> Oldest]
08:03:27.214 INFO  a.c.s.typed.scaladsl.ClusterSharding - Starting Shard Region [sharded-daemon-process-eventSourcedProjection-passivation-race-entity-passivation-race-view]...
08:03:27.215 DEBUG a.c.sharding.DDataShardCoordinator - sharded-daemon-process-eventSourcedProjection-passivation-race-entity-passivation-race-consumer-a: Initial coordinator is empty.
08:03:27.215 INFO  a.c.sharding.DDataShardCoordinator - sharded-daemon-process-eventSourcedProjection-passivation-race-entity-passivation-race-consumer-a: ShardCoordinator was moved to the active state with [0] shards
08:03:27.215 INFO  akka.cluster.sharding.ShardRegion - sharded-daemon-process-eventSourcedProjection-passivation-race-entity-passivation-race-view: Automatic entity passivation: disabled
08:03:27.215 INFO  a.c.s.ClusterSingletonManager - Singleton manager starting singleton actor [akka://akka-runtime/system/singletonManagerShardedDaemonProcessCoordinator-eventSourcedProjection-passivation-race-entity-passivation-race-consumer-a/ShardedDaemonProcessCoordinator-eventSourcedProjection-passivation-race-entity-passivation-race-consumer-a]
08:03:27.215 INFO  a.c.s.ClusterSingletonManager - ClusterSingletonManager state change [Start -> Oldest]
08:03:27.215 DEBUG a.c.singleton.ClusterSingletonProxy - Creating singleton identification timer...
08:03:27.215 DEBUG a.c.singleton.ClusterSingletonProxy - Trying to identify singleton at [akka://akka-runtime@127.0.0.1:62766/system/singletonManagerShardedDaemonProcessCoordinator-eventSourcedProjection-passivation-race-entity-passivation-race-consumer-b/ShardedDaemonProcessCoordinator-eventSourcedProjection-passivation-race-entity-passivation-race-consumer-b]
08:03:27.215 DEBUG a.c.s.t.i.ShardedDaemonProcessCoordinator$ - ShardedDaemonProcessCoordinator for [eventSourcedProjection-passivation-race-entity-passivation-race-consumer-a] starting
08:03:27.216 DEBUG a.c.s.t.i.ShardedDaemonProcessCoordinator$ - eventSourcedProjection-passivation-race-entity-passivation-race-consumer-a: No previous state stored for Sharded Daemon Process
08:03:27.216 DEBUG a.c.s.t.i.ShardedDaemonProcessCoordinator$ - Sending periodic keep alive for Sharded Daemon Process [eventSourcedProjection-passivation-race-entity-passivation-race-consumer-a] to [1] processes (revision [0]).
08:03:27.216 INFO  a.c.s.ClusterSingletonManager - Singleton manager starting singleton actor [akka://akka-runtime/system/sharding/sharded-daemon-process-eventSourcedProjection-passivation-race-entity-passivation-race-consumer-bCoordinator/singleton]
08:03:27.217 INFO  a.c.s.ClusterSingletonManager - ClusterSingletonManager state change [Start -> Oldest]
08:03:27.217 INFO  akka.runtime.DiscoveryManager - Akka Runtime started at 127.0.0.1:62764
08:03:27.217 DEBUG a.c.sharding.DDataShardCoordinator - sharded-daemon-process-eventSourcedProjection-passivation-race-entity-passivation-race-consumer-b: Initial coordinator is empty.
08:03:27.217 INFO  a.c.sharding.DDataShardCoordinator - sharded-daemon-process-eventSourcedProjection-passivation-race-entity-passivation-race-consumer-b: ShardCoordinator was moved to the active state with [0] shards
08:03:27.217 DEBUG a.c.singleton.ClusterSingletonProxy - Creating singleton identification timer...
08:03:27.217 DEBUG a.c.singleton.ClusterSingletonProxy - Trying to identify singleton at [akka://akka-runtime@127.0.0.1:62766/system/singletonManagerShardedDaemonProcessCoordinator-eventSourcedProjection-passivation-race-entity-passivation-race-view/ShardedDaemonProcessCoordinator-eventSourcedProjection-passivation-race-entity-passivation-race-view]
08:03:27.217 INFO  repro.Bootstrap - onStartup burst of 8 starting
08:03:27.218 INFO  a.c.s.ClusterSingletonManager - Singleton manager starting singleton actor [akka://akka-runtime/system/singletonManagerShardedDaemonProcessCoordinator-eventSourcedProjection-passivation-race-entity-passivation-race-consumer-b/ShardedDaemonProcessCoordinator-eventSourcedProjection-passivation-race-entity-passivation-race-consumer-b]
08:03:27.218 INFO  a.c.s.ClusterSingletonManager - ClusterSingletonManager state change [Start -> Oldest]
08:03:27.218 DEBUG a.c.s.t.i.ShardedDaemonProcessCoordinator$ - ShardedDaemonProcessCoordinator for [eventSourcedProjection-passivation-race-entity-passivation-race-consumer-b] starting
08:03:27.218 INFO  a.c.s.ClusterSingletonManager - Singleton manager starting singleton actor [akka://akka-runtime/system/sharding/sharded-daemon-process-eventSourcedProjection-passivation-race-entity-passivation-race-viewCoordinator/singleton]
08:03:27.218 DEBUG a.c.s.t.i.ShardedDaemonProcessCoordinator$ - eventSourcedProjection-passivation-race-entity-passivation-race-consumer-b: No previous state stored for Sharded Daemon Process
08:03:27.218 INFO  a.c.s.ClusterSingletonManager - ClusterSingletonManager state change [Start -> Oldest]
08:03:27.218 INFO  a.c.s.ClusterSingletonManager - Singleton manager starting singleton actor [akka://akka-runtime/system/singletonManagerShardedDaemonProcessCoordinator-eventSourcedProjection-passivation-race-entity-passivation-race-view/ShardedDaemonProcessCoordinator-eventSourcedProjection-passivation-race-entity-passivation-race-view]
08:03:27.218 DEBUG a.c.s.t.i.ShardedDaemonProcessCoordinator$ - Sending periodic keep alive for Sharded Daemon Process [eventSourcedProjection-passivation-race-entity-passivation-race-consumer-b] to [1] processes (revision [0]).
08:03:27.218 DEBUG a.c.s.t.i.ShardedDaemonProcessCoordinator$ - ShardedDaemonProcessCoordinator for [eventSourcedProjection-passivation-race-entity-passivation-race-view] starting
08:03:27.218 INFO  a.c.s.ClusterSingletonManager - ClusterSingletonManager state change [Start -> Oldest]
08:03:27.219 DEBUG a.c.s.t.i.ShardedDaemonProcessCoordinator$ - eventSourcedProjection-passivation-race-entity-passivation-race-view: No previous state stored for Sharded Daemon Process
08:03:27.219 DEBUG a.c.s.t.i.ShardedDaemonProcessCoordinator$ - Sending periodic keep alive for Sharded Daemon Process [eventSourcedProjection-passivation-race-entity-passivation-race-view] to [1] processes (revision [0]).
08:03:27.219 DEBUG a.c.sharding.DDataShardCoordinator - sharded-daemon-process-eventSourcedProjection-passivation-race-entity-passivation-race-view: Initial coordinator is empty.
08:03:27.219 INFO  a.c.sharding.DDataShardCoordinator - sharded-daemon-process-eventSourcedProjection-passivation-race-entity-passivation-race-view: ShardCoordinator was moved to the active state with [0] shards
08:03:27.266 INFO  akka.javasdk.testkit.TestKit - Runtime started
08:03:27.267 INFO  akka.actor.CoordinatedShutdown - Running CoordinatedShutdown with reason [ActorSystemTerminateReason]
08:03:27.267 DEBUG akka.actor.CoordinatedShutdown - Performing phase [before-service-unbind] with [0] tasks
08:03:27.267 DEBUG akka.actor.CoordinatedShutdown - Performing phase [service-unbind] with [1] tasks.
08:03:27.267 DEBUG akka.actor.CoordinatedShutdown - Performing task [http-unbind-/127.0.0.1:62764] in CoordinatedShutdown phase [service-unbind]
08:03:27.267 DEBUG akka.actor.CoordinatedShutdown - Performing phase [service-requests-done] with [1] tasks.
08:03:27.267 DEBUG akka.actor.CoordinatedShutdown - Performing task [http-terminate-/127.0.0.1:62764] in CoordinatedShutdown phase [service-requests-done]
08:03:27.267 DEBUG akka.actor.CoordinatedShutdown - Performing phase [service-stop] with [1] tasks.
08:03:27.267 DEBUG akka.actor.CoordinatedShutdown - Performing task [stop-grpc-clients] in CoordinatedShutdown phase [service-stop]
08:03:27.267 DEBUG akka.actor.CoordinatedShutdown - Performing phase [before-cluster-shutdown] with [0] tasks
08:03:27.267 DEBUG akka.actor.CoordinatedShutdown - Performing phase [cluster-sharding-shutdown-region] with [5] tasks.
08:03:27.268 DEBUG akka.actor.CoordinatedShutdown - Performing task [region-shutdown] in CoordinatedShutdown phase [cluster-sharding-shutdown-region]
08:03:27.268 DEBUG akka.actor.CoordinatedShutdown - Performing task [region-shutdown] in CoordinatedShutdown phase [cluster-sharding-shutdown-region]
08:03:27.268 DEBUG akka.actor.CoordinatedShutdown - Performing task [region-shutdown] in CoordinatedShutdown phase [cluster-sharding-shutdown-region]
08:03:27.268 DEBUG akka.actor.CoordinatedShutdown - Performing task [region-shutdown] in CoordinatedShutdown phase [cluster-sharding-shutdown-region]
08:03:27.268 DEBUG akka.actor.CoordinatedShutdown - Performing task [region-shutdown] in CoordinatedShutdown phase [cluster-sharding-shutdown-region]
08:03:27.268 DEBUG a.c.sharding.DDataShardCoordinator - _timer: Unknown region requested graceful shutdown [Actor[akka://akka-runtime/system/sharding/_timer#-982046979]]
08:03:27.268 DEBUG a.c.sharding.DDataShardCoordinator - sharded-daemon-process-eventSourcedProjection-passivation-race-entity-passivation-race-view: Unknown region requested graceful shutdown [Actor[akka://akka-runtime/system/sharding/sharded-daemon-process-eventSourcedProjection-passivation-race-entity-passivation-race-view#1124744139]]
08:03:27.268 DEBUG a.c.sharding.DDataShardCoordinator - passivation-race-entity: Unknown region requested graceful shutdown [Actor[akka://akka-runtime/system/sharding/passivation-race-entity#1458757296]]
08:03:27.268 DEBUG a.c.sharding.DDataShardCoordinator - sharded-daemon-process-eventSourcedProjection-passivation-race-entity-passivation-race-consumer-a: Unknown region requested graceful shutdown [Actor[akka://akka-runtime/system/sharding/sharded-daemon-process-eventSourcedProjection-passivation-race-entity-passivation-race-consumer-a#226237872]]
08:03:27.268 DEBUG a.c.sharding.DDataShardCoordinator - sharded-daemon-process-eventSourcedProjection-passivation-race-entity-passivation-race-consumer-b: Unknown region requested graceful shutdown [Actor[akka://akka-runtime/system/sharding/sharded-daemon-process-eventSourcedProjection-passivation-race-entity-passivation-race-consumer-b#-949815659]]
08:03:27.271 DEBUG a.c.singleton.ClusterSingletonProxy - Trying to identify singleton at [akka://akka-runtime@127.0.0.1:62766/system/singletonManagerShardedDaemonProcessCoordinator-eventSourcedProjection-passivation-race-entity-passivation-race-consumer-a/ShardedDaemonProcessCoordinator-eventSourcedProjection-passivation-race-entity-passivation-race-consumer-a]
08:03:27.272 INFO  a.c.singleton.ClusterSingletonProxy - Singleton identified at [akka://akka-runtime/system/singletonManagerShardedDaemonProcessCoordinator-eventSourcedProjection-passivation-race-entity-passivation-race-consumer-a/ShardedDaemonProcessCoordinator-eventSourcedProjection-passivation-race-entity-passivation-race-consumer-a]
08:03:27.272 DEBUG a.c.singleton.ClusterSingletonProxy - Sending buffered messages to current singleton instance
08:03:27.283 DEBUG a.c.singleton.ClusterSingletonProxy - Trying to identify singleton at [akka://akka-runtime@127.0.0.1:62766/system/singletonManagerShardedDaemonProcessCoordinator-eventSourcedProjection-passivation-race-entity-passivation-race-consumer-b/ShardedDaemonProcessCoordinator-eventSourcedProjection-passivation-race-entity-passivation-race-consumer-b]
08:03:27.283 DEBUG a.c.singleton.ClusterSingletonProxy - Trying to identify singleton at [akka://akka-runtime@127.0.0.1:62766/system/singletonManagerShardedDaemonProcessCoordinator-eventSourcedProjection-passivation-race-entity-passivation-race-view/ShardedDaemonProcessCoordinator-eventSourcedProjection-passivation-race-entity-passivation-race-view]
08:03:27.283 INFO  a.c.singleton.ClusterSingletonProxy - Singleton identified at [akka://akka-runtime/system/singletonManagerShardedDaemonProcessCoordinator-eventSourcedProjection-passivation-race-entity-passivation-race-consumer-b/ShardedDaemonProcessCoordinator-eventSourcedProjection-passivation-race-entity-passivation-race-consumer-b]
08:03:27.283 INFO  a.c.singleton.ClusterSingletonProxy - Singleton identified at [akka://akka-runtime/system/singletonManagerShardedDaemonProcessCoordinator-eventSourcedProjection-passivation-race-entity-passivation-race-view/ShardedDaemonProcessCoordinator-eventSourcedProjection-passivation-race-entity-passivation-race-view]
08:03:27.283 DEBUG a.c.singleton.ClusterSingletonProxy - Sending buffered messages to current singleton instance
08:03:27.283 DEBUG a.c.singleton.ClusterSingletonProxy - Sending buffered messages to current singleton instance
08:03:27.471 DEBUG a.c.sharding.DDataShardCoordinator - passivation-race-entity: ShardRegion registered: [Actor[akka://akka-runtime/system/sharding/passivation-race-entity#1458757296]]
08:03:27.471 DEBUG a.c.sharding.DDataShardCoordinator - sharded-daemon-process-eventSourcedProjection-passivation-race-entity-passivation-race-consumer-a: ShardRegion registered: [Actor[akka://akka-runtime/system/sharding/sharded-daemon-process-eventSourcedProjection-passivation-race-entity-passivation-race-consumer-a#226237872]]
08:03:27.471 DEBUG a.c.sharding.DDataShardCoordinator - passivation-race-entity: The coordinator state was successfully updated with ShardRegionRegistered(Actor[akka://akka-runtime/system/sharding/passivation-race-entity#1458757296])
08:03:27.471 DEBUG a.c.sharding.DDataShardCoordinator - sharded-daemon-process-eventSourcedProjection-passivation-race-entity-passivation-race-consumer-a: The coordinator state was successfully updated with ShardRegionRegistered(Actor[akka://akka-runtime/system/sharding/sharded-daemon-process-eventSourcedProjection-passivation-race-entity-passivation-race-consumer-a#226237872])
08:03:27.472 DEBUG a.c.sharding.DDataShardCoordinator - passivation-race-entity: The coordinator state was successfully updated with ShardHomeAllocated(857,Actor[akka://akka-runtime/system/sharding/passivation-race-entity#1458757296])
08:03:27.472 DEBUG a.c.sharding.DDataShardCoordinator - sharded-daemon-process-eventSourcedProjection-passivation-race-entity-passivation-race-consumer-a: The coordinator state was successfully updated with ShardHomeAllocated(0,Actor[akka://akka-runtime/system/sharding/sharded-daemon-process-eventSourcedProjection-passivation-race-entity-passivation-race-consumer-a#226237872])
08:03:27.472 DEBUG a.c.sharding.DDataShardCoordinator - passivation-race-entity: Shard [857] allocated at [Actor[akka://akka-runtime/system/sharding/passivation-race-entity#1458757296]]
08:03:27.472 DEBUG a.c.sharding.DDataShardCoordinator - sharded-daemon-process-eventSourcedProjection-passivation-race-entity-passivation-race-consumer-a: Shard [0] allocated at [Actor[akka://akka-runtime/system/sharding/sharded-daemon-process-eventSourcedProjection-passivation-race-entity-passivation-race-consumer-a#226237872]]
08:03:27.472 DEBUG a.c.sharding.DDataShardCoordinator - passivation-race-entity: Graceful shutdown of region [Actor[akka://akka-runtime/system/sharding/passivation-race-entity#1458757296]] with [1] shards
08:03:27.472 INFO  a.c.sharding.DDataShardCoordinator - passivation-race-entity: Starting shutting down shards [857] due to region shutting down or explicit stopping of shards.
08:03:27.472 DEBUG a.c.sharding.DDataShardCoordinator - sharded-daemon-process-eventSourcedProjection-passivation-race-entity-passivation-race-consumer-a: Graceful shutdown of region [Actor[akka://akka-runtime/system/sharding/sharded-daemon-process-eventSourcedProjection-passivation-race-entity-passivation-race-consumer-a#226237872]] with [1] shards
08:03:27.472 INFO  a.c.sharding.DDataShardCoordinator - sharded-daemon-process-eventSourcedProjection-passivation-race-entity-passivation-race-consumer-a: Starting shutting down shards [0] due to region shutting down or explicit stopping of shards.
08:03:27.472 DEBUG a.c.s.ShardCoordinator$RebalanceWorker - passivation-race-entity: Shutting down shard [857] from region [Actor[akka://akka-runtime/system/sharding/passivation-race-entity#1458757296]]. Asking [1] region(s) to hand-off shard
08:03:27.472 DEBUG a.c.s.ShardCoordinator$RebalanceWorker - sharded-daemon-process-eventSourcedProjection-passivation-race-entity-passivation-race-consumer-a: Shutting down shard [0] from region [Actor[akka://akka-runtime/system/sharding/sharded-daemon-process-eventSourcedProjection-passivation-race-entity-passivation-race-consumer-a#226237872]]. Asking [1] region(s) to hand-off shard
08:03:27.472 DEBUG a.c.s.ShardCoordinator$RebalanceWorker - sharded-daemon-process-eventSourcedProjection-passivation-race-entity-passivation-race-consumer-a: BeginHandOffAck for shard [0] received from [Actor[akka://akka-runtime/system/sharding/sharded-daemon-process-eventSourcedProjection-passivation-race-entity-passivation-race-consumer-a#226237872]].
08:03:27.472 DEBUG a.c.s.ShardCoordinator$RebalanceWorker - sharded-daemon-process-eventSourcedProjection-passivation-race-entity-passivation-race-consumer-a: All shard regions acked, handing off shard [0].
08:03:27.472 DEBUG a.c.s.ShardCoordinator$RebalanceWorker - passivation-race-entity: BeginHandOffAck for shard [857] received from [Actor[akka://akka-runtime/system/sharding/passivation-race-entity#1458757296]].
08:03:27.472 DEBUG a.c.s.ShardCoordinator$RebalanceWorker - passivation-race-entity: All shard regions acked, handing off shard [857].
08:03:27.473 DEBUG akka.cluster.sharding.Shard - sharded-daemon-process-eventSourcedProjection-passivation-race-entity-passivation-race-consumer-a: Shard initialized
08:03:27.473 WARN  akka.cluster.sharding.ShardRegion - sharded-daemon-process-eventSourcedProjection-passivation-race-entity-passivation-race-consumer-a: Dropping [1] buffered messages to shard [0] during hand off to avoid re-ordering
08:03:27.473 DEBUG akka.cluster.sharding.Shard - sharded-daemon-process-eventSourcedProjection-passivation-race-entity-passivation-race-consumer-a: HandOff shard [0]
08:03:27.473 WARN  akka.cluster.sharding.ShardRegion - passivation-race-entity: Dropping [1] buffered messages to shard [857] during hand off to avoid re-ordering
08:03:27.473 DEBUG akka.cluster.sharding.Shard - sharded-daemon-process-eventSourcedProjection-passivation-race-entity-passivation-race-consumer-a: Shard [0] shutting down
08:03:27.473 DEBUG a.c.sharding.DDataShardCoordinator - sharded-daemon-process-eventSourcedProjection-passivation-race-entity-passivation-race-consumer-a: Shard [0] deallocation completed successfully.
08:03:27.473 DEBUG akka.cluster.sharding.Shard - passivation-race-entity: Shard initialized
08:03:27.473 DEBUG akka.cluster.sharding.Shard - passivation-race-entity: HandOff shard [857]
08:03:27.473 DEBUG akka.cluster.sharding.Shard - passivation-race-entity: Shard [857] shutting down
08:03:27.473 DEBUG a.c.sharding.DDataShardCoordinator - passivation-race-entity: Shard [857] deallocation completed successfully.
08:03:27.473 DEBUG a.c.sharding.DDataShardCoordinator - sharded-daemon-process-eventSourcedProjection-passivation-race-entity-passivation-race-consumer-a: The coordinator state was successfully updated with ShardHomeDeallocated(0)
08:03:27.473 DEBUG a.c.sharding.DDataShardCoordinator - sharded-daemon-process-eventSourcedProjection-passivation-race-entity-passivation-race-consumer-a: Shard [0] deallocated after
08:03:27.473 DEBUG a.c.sharding.DDataShardCoordinator - sharded-daemon-process-eventSourcedProjection-passivation-race-entity-passivation-race-consumer-a: ShardRegion terminated (gracefully): [Actor[akka://akka-runtime/system/sharding/sharded-daemon-process-eventSourcedProjection-passivation-race-entity-passivation-race-consumer-a#226237872]] {}
08:03:27.473 DEBUG a.c.sharding.DDataShardCoordinator - sharded-daemon-process-eventSourcedProjection-passivation-race-entity-passivation-race-consumer-a: GetShardHome [0] request from [Actor[akka://local/ignore]] stashed, because waiting for initial state or update of state. It will be handled afterwards.
08:03:27.473 DEBUG a.c.sharding.DDataShardCoordinator - passivation-race-entity: The coordinator state was successfully updated with ShardHomeDeallocated(857)
08:03:27.473 DEBUG a.c.sharding.DDataShardCoordinator - passivation-race-entity: Shard [857] deallocated after
08:03:27.473 DEBUG a.c.sharding.DDataShardCoordinator - passivation-race-entity: ShardRegion terminated (gracefully): [Actor[akka://akka-runtime/system/sharding/passivation-race-entity#1458757296]] {}
08:03:27.473 DEBUG a.c.sharding.DDataShardCoordinator - sharded-daemon-process-eventSourcedProjection-passivation-race-entity-passivation-race-consumer-a: The coordinator state was successfully updated with ShardRegionTerminated(Actor[akka://akka-runtime/system/sharding/sharded-daemon-process-eventSourcedProjection-passivation-race-entity-passivation-race-consumer-a#226237872])
08:03:27.473 DEBUG a.c.sharding.DDataShardCoordinator - passivation-race-entity: GetShardHome [857] request from [Actor[akka://local/ignore]] stashed, because waiting for initial state or update of state. It will be handled afterwards.
08:03:27.473 DEBUG a.c.sharding.DDataShardCoordinator - sharded-daemon-process-eventSourcedProjection-passivation-race-entity-passivation-race-consumer-a: ShardRegion stopped: [Actor[akka://akka-runtime/system/sharding/sharded-daemon-process-eventSourcedProjection-passivation-race-entity-passivation-race-consumer-a#226237872]]
08:03:27.474 DEBUG a.c.sharding.DDataShardCoordinator - passivation-race-entity: The coordinator state was successfully updated with ShardRegionTerminated(Actor[akka://akka-runtime/system/sharding/passivation-race-entity#1458757296])
08:03:27.474 DEBUG a.c.sharding.DDataShardCoordinator - passivation-race-entity: ShardRegion stopped: [Actor[akka://akka-runtime/system/sharding/passivation-race-entity#1458757296]]
08:03:27.483 DEBUG a.c.sharding.DDataShardCoordinator - sharded-daemon-process-eventSourcedProjection-passivation-race-entity-passivation-race-view: ShardRegion registered: [Actor[akka://akka-runtime/system/sharding/sharded-daemon-process-eventSourcedProjection-passivation-race-entity-passivation-race-view#1124744139]]
08:03:27.483 DEBUG a.c.sharding.DDataShardCoordinator - sharded-daemon-process-eventSourcedProjection-passivation-race-entity-passivation-race-consumer-b: ShardRegion registered: [Actor[akka://akka-runtime/system/sharding/sharded-daemon-process-eventSourcedProjection-passivation-race-entity-passivation-race-consumer-b#-949815659]]
08:03:27.484 DEBUG a.c.sharding.DDataShardCoordinator - sharded-daemon-process-eventSourcedProjection-passivation-race-entity-passivation-race-view: The coordinator state was successfully updated with ShardRegionRegistered(Actor[akka://akka-runtime/system/sharding/sharded-daemon-process-eventSourcedProjection-passivation-race-entity-passivation-race-view#1124744139])
08:03:27.484 DEBUG a.c.sharding.DDataShardCoordinator - sharded-daemon-process-eventSourcedProjection-passivation-race-entity-passivation-race-consumer-b: The coordinator state was successfully updated with ShardRegionRegistered(Actor[akka://akka-runtime/system/sharding/sharded-daemon-process-eventSourcedProjection-passivation-race-entity-passivation-race-consumer-b#-949815659])
08:03:27.484 DEBUG a.c.sharding.DDataShardCoordinator - sharded-daemon-process-eventSourcedProjection-passivation-race-entity-passivation-race-consumer-b: The coordinator state was successfully updated with ShardHomeAllocated(0,Actor[akka://akka-runtime/system/sharding/sharded-daemon-process-eventSourcedProjection-passivation-race-entity-passivation-race-consumer-b#-949815659])
08:03:27.484 DEBUG a.c.sharding.DDataShardCoordinator - sharded-daemon-process-eventSourcedProjection-passivation-race-entity-passivation-race-consumer-b: Shard [0] allocated at [Actor[akka://akka-runtime/system/sharding/sharded-daemon-process-eventSourcedProjection-passivation-race-entity-passivation-race-consumer-b#-949815659]]
08:03:27.484 DEBUG a.c.sharding.DDataShardCoordinator - sharded-daemon-process-eventSourcedProjection-passivation-race-entity-passivation-race-view: The coordinator state was successfully updated with ShardHomeAllocated(0,Actor[akka://akka-runtime/system/sharding/sharded-daemon-process-eventSourcedProjection-passivation-race-entity-passivation-race-view#1124744139])
08:03:27.484 DEBUG a.c.sharding.DDataShardCoordinator - sharded-daemon-process-eventSourcedProjection-passivation-race-entity-passivation-race-view: Shard [0] allocated at [Actor[akka://akka-runtime/system/sharding/sharded-daemon-process-eventSourcedProjection-passivation-race-entity-passivation-race-view#1124744139]]
08:03:27.484 DEBUG a.c.sharding.DDataShardCoordinator - sharded-daemon-process-eventSourcedProjection-passivation-race-entity-passivation-race-consumer-b: Graceful shutdown of region [Actor[akka://akka-runtime/system/sharding/sharded-daemon-process-eventSourcedProjection-passivation-race-entity-passivation-race-consumer-b#-949815659]] with [1] shards
08:03:27.484 INFO  a.c.sharding.DDataShardCoordinator - sharded-daemon-process-eventSourcedProjection-passivation-race-entity-passivation-race-consumer-b: Starting shutting down shards [0] due to region shutting down or explicit stopping of shards.
08:03:27.484 DEBUG a.c.sharding.DDataShardCoordinator - sharded-daemon-process-eventSourcedProjection-passivation-race-entity-passivation-race-view: Graceful shutdown of region [Actor[akka://akka-runtime/system/sharding/sharded-daemon-process-eventSourcedProjection-passivation-race-entity-passivation-race-view#1124744139]] with [1] shards
08:03:27.484 INFO  a.c.sharding.DDataShardCoordinator - sharded-daemon-process-eventSourcedProjection-passivation-race-entity-passivation-race-view: Starting shutting down shards [0] due to region shutting down or explicit stopping of shards.
08:03:27.484 DEBUG a.c.s.ShardCoordinator$RebalanceWorker - sharded-daemon-process-eventSourcedProjection-passivation-race-entity-passivation-race-consumer-b: Shutting down shard [0] from region [Actor[akka://akka-runtime/system/sharding/sharded-daemon-process-eventSourcedProjection-passivation-race-entity-passivation-race-consumer-b#-949815659]]. Asking [1] region(s) to hand-off shard
08:03:27.484 DEBUG a.c.s.ShardCoordinator$RebalanceWorker - sharded-daemon-process-eventSourcedProjection-passivation-race-entity-passivation-race-consumer-b: BeginHandOffAck for shard [0] received from [Actor[akka://akka-runtime/system/sharding/sharded-daemon-process-eventSourcedProjection-passivation-race-entity-passivation-race-consumer-b#-949815659]].
08:03:27.484 DEBUG a.c.s.ShardCoordinator$RebalanceWorker - sharded-daemon-process-eventSourcedProjection-passivation-race-entity-passivation-race-view: Shutting down shard [0] from region [Actor[akka://akka-runtime/system/sharding/sharded-daemon-process-eventSourcedProjection-passivation-race-entity-passivation-race-view#1124744139]]. Asking [1] region(s) to hand-off shard
08:03:27.484 DEBUG a.c.s.ShardCoordinator$RebalanceWorker - sharded-daemon-process-eventSourcedProjection-passivation-race-entity-passivation-race-consumer-b: All shard regions acked, handing off shard [0].
08:03:27.485 DEBUG akka.cluster.sharding.Shard - sharded-daemon-process-eventSourcedProjection-passivation-race-entity-passivation-race-consumer-b: Shard initialized
08:03:27.485 DEBUG akka.cluster.sharding.Shard - sharded-daemon-process-eventSourcedProjection-passivation-race-entity-passivation-race-view: Shard initialized
08:03:27.485 DEBUG a.c.s.ShardCoordinator$RebalanceWorker - sharded-daemon-process-eventSourcedProjection-passivation-race-entity-passivation-race-view: BeginHandOffAck for shard [0] received from [Actor[akka://akka-runtime/system/sharding/sharded-daemon-process-eventSourcedProjection-passivation-race-entity-passivation-race-view#1124744139]].
08:03:27.485 DEBUG a.c.s.ShardCoordinator$RebalanceWorker - sharded-daemon-process-eventSourcedProjection-passivation-race-entity-passivation-race-view: All shard regions acked, handing off shard [0].
08:03:27.485 WARN  akka.cluster.sharding.ShardRegion - sharded-daemon-process-eventSourcedProjection-passivation-race-entity-passivation-race-consumer-b: Dropping [1] buffered messages to shard [0] during hand off to avoid re-ordering
08:03:27.485 DEBUG akka.cluster.sharding.Shard - sharded-daemon-process-eventSourcedProjection-passivation-race-entity-passivation-race-consumer-b: HandOff shard [0]
08:03:27.485 DEBUG akka.cluster.sharding.Shard - sharded-daemon-process-eventSourcedProjection-passivation-race-entity-passivation-race-view: Request to start entity [0] and ack to [Some(Actor[akka://akka-runtime/deadLetters])]
08:03:27.485 DEBUG akka.cluster.sharding.Shard - sharded-daemon-process-eventSourcedProjection-passivation-race-entity-passivation-race-consumer-b: Shard [0] shutting down
08:03:27.485 DEBUG a.c.sharding.DDataShardCoordinator - sharded-daemon-process-eventSourcedProjection-passivation-race-entity-passivation-race-consumer-b: Shard [0] deallocation completed successfully.
08:03:27.485 DEBUG akka.cluster.sharding.Shard - sharded-daemon-process-eventSourcedProjection-passivation-race-entity-passivation-race-view: Started entity [Actor[akka://akka-runtime/system/sharding/sharded-daemon-process-eventSourcedProjection-passivation-race-entity-passivation-race-view/0/0#605963343]] with entity id [0] in shard [0]
08:03:27.485 DEBUG akka.cluster.sharding.Shard - sharded-daemon-process-eventSourcedProjection-passivation-race-entity-passivation-race-view: HandOff shard [0]
08:03:27.485 DEBUG akka.cluster.sharding.Shard - sharded-daemon-process-eventSourcedProjection-passivation-race-entity-passivation-race-view: Starting HandOffStopper for shard [0] to terminate [1] entities.
08:03:27.485 DEBUG a.c.sharding.DDataShardCoordinator - sharded-daemon-process-eventSourcedProjection-passivation-race-entity-passivation-race-consumer-b: The coordinator state was successfully updated with ShardHomeDeallocated(0)
08:03:27.485 DEBUG a.c.sharding.DDataShardCoordinator - sharded-daemon-process-eventSourcedProjection-passivation-race-entity-passivation-race-consumer-b: Shard [0] deallocated after
08:03:27.485 DEBUG a.c.sharding.DDataShardCoordinator - sharded-daemon-process-eventSourcedProjection-passivation-race-entity-passivation-race-consumer-b: ShardRegion terminated (gracefully): [Actor[akka://akka-runtime/system/sharding/sharded-daemon-process-eventSourcedProjection-passivation-race-entity-passivation-race-consumer-b#-949815659]] {}
08:03:27.485 DEBUG a.c.sharding.DDataShardCoordinator - sharded-daemon-process-eventSourcedProjection-passivation-race-entity-passivation-race-consumer-b: GetShardHome [0] request from [Actor[akka://local/ignore]] stashed, because waiting for initial state or update of state. It will be handled afterwards.
08:03:27.485 DEBUG a.c.s.t.i.ShardedDaemonProcessState$ - eventSourcedProjection-passivation-race-entity-passivation-race-view: Deferred start of worker to verify its revision [0] is the latest
08:03:27.485 DEBUG a.c.sharding.DDataShardCoordinator - sharded-daemon-process-eventSourcedProjection-passivation-race-entity-passivation-race-consumer-b: The coordinator state was successfully updated with ShardRegionTerminated(Actor[akka://akka-runtime/system/sharding/sharded-daemon-process-eventSourcedProjection-passivation-race-entity-passivation-race-consumer-b#-949815659])
08:03:27.485 DEBUG a.c.sharding.DDataShardCoordinator - sharded-daemon-process-eventSourcedProjection-passivation-race-entity-passivation-race-consumer-b: ShardRegion stopped: [Actor[akka://akka-runtime/system/sharding/sharded-daemon-process-eventSourcedProjection-passivation-race-entity-passivation-race-consumer-b#-949815659]]
08:03:27.485 INFO  a.c.s.t.i.ShardedDaemonProcessState$ - eventSourcedProjection-passivation-race-entity-passivation-race-view: Starting Sharded Daemon Process [0] out of a total [1] (revision [0] and no state found)
08:03:28.252 WARN  a.c.s.ShardRegion$HandOffStopper - sharded-daemon-process-eventSourcedProjection-passivation-race-entity-passivation-race-view: [1] of the entities in shard [0] not stopped after [750 milliseconds]. Maybe the handOffStopMessage [akka.projection.ProjectionBehavior$Stop$] is not handled? Waiting additional [250 milliseconds] before stopping the remaining entities.
08:03:28.502 WARN  a.c.s.ShardRegion$HandOffStopper - sharded-daemon-process-eventSourcedProjection-passivation-race-entity-passivation-race-view: HandOffStopMessage [akka.projection.ProjectionBehavior$Stop$] is not handled by some of the entities in shard [0] after [1 second], stopping the remaining [1] entities.
08:03:28.502 DEBUG a.c.sharding.DDataShardCoordinator - sharded-daemon-process-eventSourcedProjection-passivation-race-entity-passivation-race-view: Shard [0] deallocation completed successfully.
08:03:28.502 DEBUG akka.cluster.sharding.Shard - sharded-daemon-process-eventSourcedProjection-passivation-race-entity-passivation-race-view: Shard [0] shutting down
08:03:28.503 DEBUG akka.actor.CoordinatedShutdown - Performing phase [cluster-leave] with [1] tasks.
08:03:28.504 DEBUG akka.actor.CoordinatedShutdown - Performing task [leave] in CoordinatedShutdown phase [cluster-leave]
08:03:28.504 DEBUG a.c.sharding.DDataShardCoordinator - sharded-daemon-process-eventSourcedProjection-passivation-race-entity-passivation-race-view: The coordinator state was successfully updated with ShardHomeDeallocated(0)
08:03:28.504 DEBUG a.c.sharding.DDataShardCoordinator - sharded-daemon-process-eventSourcedProjection-passivation-race-entity-passivation-race-view: Shard [0] deallocated after
08:03:28.504 DEBUG a.c.sharding.DDataShardCoordinator - sharded-daemon-process-eventSourcedProjection-passivation-race-entity-passivation-race-view: ShardRegion terminated (gracefully): [Actor[akka://akka-runtime/system/sharding/sharded-daemon-process-eventSourcedProjection-passivation-race-entity-passivation-race-view#1124744139]] {}
08:03:28.504 DEBUG a.c.sharding.DDataShardCoordinator - sharded-daemon-process-eventSourcedProjection-passivation-race-entity-passivation-race-view: GetShardHome [0] request from [Actor[akka://local/ignore]] stashed, because waiting for initial state or update of state. It will be handled afterwards.
08:03:28.504 DEBUG a.c.sharding.DDataShardCoordinator - sharded-daemon-process-eventSourcedProjection-passivation-race-entity-passivation-race-view: The coordinator state was successfully updated with ShardRegionTerminated(Actor[akka://akka-runtime/system/sharding/sharded-daemon-process-eventSourcedProjection-passivation-race-entity-passivation-race-view#1124744139])
08:03:28.504 DEBUG a.c.sharding.DDataShardCoordinator - sharded-daemon-process-eventSourcedProjection-passivation-race-entity-passivation-race-view: ShardRegion stopped: [Actor[akka://akka-runtime/system/sharding/sharded-daemon-process-eventSourcedProjection-passivation-race-entity-passivation-race-view#1124744139]]
08:03:28.505 DEBUG akka.actor.CoordinatedShutdown - Performing phase [cluster-exiting] with [28] tasks.
08:03:28.505 DEBUG akka.actor.CoordinatedShutdown - Performing task [singleton-exiting-1] in CoordinatedShutdown phase [cluster-exiting]
08:03:28.505 DEBUG akka.actor.CoordinatedShutdown - Performing task [singleton-exiting-1] in CoordinatedShutdown phase [cluster-exiting]
08:03:28.505 DEBUG akka.actor.CoordinatedShutdown - Performing task [singleton-exiting-2] in CoordinatedShutdown phase [cluster-exiting]
08:03:28.505 DEBUG akka.actor.CoordinatedShutdown - Performing task [wait-singleton-exiting] in CoordinatedShutdown phase [cluster-exiting]
08:03:28.505 DEBUG akka.actor.CoordinatedShutdown - Performing task [wait-exiting] in CoordinatedShutdown phase [cluster-exiting]
08:03:28.505 DEBUG akka.actor.CoordinatedShutdown - Performing task [singleton-exiting-2] in CoordinatedShutdown phase [cluster-exiting]
08:03:28.506 DEBUG akka.actor.CoordinatedShutdown - Performing task [wait-singleton-exiting] in CoordinatedShutdown phase [cluster-exiting]
08:03:28.506 DEBUG akka.actor.CoordinatedShutdown - Performing task [wait-singleton-exiting] in CoordinatedShutdown phase [cluster-exiting]
08:03:28.506 DEBUG akka.actor.CoordinatedShutdown - Performing task [wait-singleton-exiting] in CoordinatedShutdown phase [cluster-exiting]
08:03:28.506 DEBUG akka.actor.CoordinatedShutdown - Performing task [singleton-exiting-1] in CoordinatedShutdown phase [cluster-exiting]
08:03:28.506 DEBUG akka.actor.CoordinatedShutdown - Performing task [singleton-exiting-2] in CoordinatedShutdown phase [cluster-exiting]
08:03:28.506 DEBUG akka.actor.CoordinatedShutdown - Performing task [singleton-exiting-1] in CoordinatedShutdown phase [cluster-exiting]
08:03:28.506 DEBUG akka.actor.CoordinatedShutdown - Performing task [singleton-exiting-2] in CoordinatedShutdown phase [cluster-exiting]
08:03:28.506 DEBUG akka.actor.CoordinatedShutdown - Performing task [singleton-exiting-1] in CoordinatedShutdown phase [cluster-exiting]
08:03:28.506 DEBUG akka.actor.CoordinatedShutdown - Performing task [wait-singleton-exiting] in CoordinatedShutdown phase [cluster-exiting]
08:03:28.506 DEBUG akka.actor.CoordinatedShutdown - Performing task [wait-singleton-exiting] in CoordinatedShutdown phase [cluster-exiting]
08:03:28.506 DEBUG akka.actor.CoordinatedShutdown - Performing task [wait-singleton-exiting] in CoordinatedShutdown phase [cluster-exiting]
08:03:28.506 DEBUG akka.actor.CoordinatedShutdown - Performing task [singleton-exiting-2] in CoordinatedShutdown phase [cluster-exiting]
08:03:28.506 DEBUG akka.actor.CoordinatedShutdown - Performing task [singleton-exiting-2] in CoordinatedShutdown phase [cluster-exiting]
08:03:28.506 DEBUG akka.actor.CoordinatedShutdown - Performing task [singleton-exiting-2] in CoordinatedShutdown phase [cluster-exiting]
08:03:28.506 DEBUG akka.actor.CoordinatedShutdown - Performing task [singleton-exiting-1] in CoordinatedShutdown phase [cluster-exiting]
08:03:28.506 DEBUG akka.actor.CoordinatedShutdown - Performing task [singleton-exiting-1] in CoordinatedShutdown phase [cluster-exiting]
08:03:28.506 DEBUG akka.actor.CoordinatedShutdown - Performing task [singleton-exiting-2] in CoordinatedShutdown phase [cluster-exiting]
08:03:28.506 DEBUG akka.actor.CoordinatedShutdown - Performing task [wait-singleton-exiting] in CoordinatedShutdown phase [cluster-exiting]
08:03:28.506 INFO  a.c.s.ClusterSingletonManager - Exited [akka://akka-runtime@127.0.0.1:62766].
08:03:28.506 DEBUG akka.actor.CoordinatedShutdown - Performing task [singleton-exiting-1] in CoordinatedShutdown phase [cluster-exiting]
08:03:28.506 DEBUG akka.actor.CoordinatedShutdown - Performing task [singleton-exiting-1] in CoordinatedShutdown phase [cluster-exiting]
08:03:28.506 DEBUG akka.actor.CoordinatedShutdown - Performing task [wait-singleton-exiting] in CoordinatedShutdown phase [cluster-exiting]
08:03:28.506 INFO  a.c.s.ClusterSingletonManager - Oldest observed OldestChanged: [akka://akka-runtime@127.0.0.1:62766 -> None]
08:03:28.506 DEBUG akka.actor.CoordinatedShutdown - Performing task [singleton-exiting-2] in CoordinatedShutdown phase [cluster-exiting]
08:03:28.506 INFO  a.c.s.ClusterSingletonManager - ClusterSingletonManager state change [Oldest -> WasOldest]
08:03:28.506 INFO  a.c.s.ClusterSingletonManager - Exited [akka://akka-runtime@127.0.0.1:62766].
08:03:28.506 INFO  a.c.s.ClusterSingletonManager - Exited [akka://akka-runtime@127.0.0.1:62766].
08:03:28.506 INFO  a.c.s.ClusterSingletonManager - Exited [akka://akka-runtime@127.0.0.1:62766].
08:03:28.506 INFO  a.c.s.ClusterSingletonManager - Exited [akka://akka-runtime@127.0.0.1:62766].
08:03:28.506 INFO  a.c.s.ClusterSingletonManager - Exited [akka://akka-runtime@127.0.0.1:62766].
08:03:28.506 INFO  a.c.s.ClusterSingletonManager - Oldest observed OldestChanged: [akka://akka-runtime@127.0.0.1:62766 -> None]
08:03:28.506 INFO  a.c.s.ClusterSingletonManager - Oldest observed OldestChanged: [akka://akka-runtime@127.0.0.1:62766 -> None]
08:03:28.506 INFO  a.c.s.ClusterSingletonManager - ClusterSingletonManager state change [Oldest -> WasOldest]
08:03:28.506 INFO  a.c.s.ClusterSingletonManager - ClusterSingletonManager state change [Oldest -> WasOldest]
08:03:28.506 INFO  a.c.s.ClusterSingletonManager - Exited [akka://akka-runtime@127.0.0.1:62766].
08:03:28.506 INFO  a.c.s.ClusterSingletonManager - Exited [akka://akka-runtime@127.0.0.1:62766].
08:03:28.506 INFO  a.c.s.ClusterSingletonManager - Oldest observed OldestChanged: [akka://akka-runtime@127.0.0.1:62766 -> None]
08:03:28.506 INFO  a.c.s.ClusterSingletonManager - ClusterSingletonManager state change [Oldest -> WasOldest]
08:03:28.506 INFO  a.c.s.ClusterSingletonManager - Exited [akka://akka-runtime@127.0.0.1:62766].
08:03:28.506 INFO  a.c.s.ClusterSingletonManager - Oldest observed OldestChanged: [akka://akka-runtime@127.0.0.1:62766 -> None]
08:03:28.506 INFO  a.c.s.ClusterSingletonManager - Oldest observed OldestChanged: [akka://akka-runtime@127.0.0.1:62766 -> None]
08:03:28.506 INFO  a.c.s.ClusterSingletonManager - ClusterSingletonManager state change [Oldest -> WasOldest]
08:03:28.506 INFO  a.c.s.ClusterSingletonManager - ClusterSingletonManager state change [Oldest -> WasOldest]
08:03:28.507 INFO  a.c.s.ClusterSingletonManager - Oldest observed OldestChanged: [akka://akka-runtime@127.0.0.1:62766 -> None]
08:03:28.507 INFO  a.c.s.ClusterSingletonManager - Oldest observed OldestChanged: [akka://akka-runtime@127.0.0.1:62766 -> None]
08:03:28.507 INFO  a.c.s.ClusterSingletonManager - ClusterSingletonManager state change [Oldest -> WasOldest]
08:03:28.507 INFO  a.c.s.ClusterSingletonManager - Oldest observed OldestChanged: [akka://akka-runtime@127.0.0.1:62766 -> None]
08:03:28.507 INFO  a.c.s.ClusterSingletonManager - ClusterSingletonManager state change [Oldest -> WasOldest]
08:03:28.507 INFO  a.c.s.ClusterSingletonManager - ClusterSingletonManager state change [Oldest -> WasOldest]
08:03:29.074 DEBUG a.c.singleton.ClusterSingletonProxy - Creating singleton identification timer...
08:03:29.074 DEBUG a.c.singleton.ClusterSingletonProxy - Creating singleton identification timer...
08:03:29.074 DEBUG a.c.singleton.ClusterSingletonProxy - Creating singleton identification timer...
08:03:29.074 DEBUG a.c.singleton.ClusterSingletonProxy - Creating singleton identification timer...
08:03:29.522 INFO  a.c.s.ClusterSingletonManager - Singleton manager stopping singleton actor [akka://akka-runtime/system/sharding/sharded-daemon-process-eventSourcedProjection-passivation-race-entity-passivation-race-consumer-bCoordinator/singleton]
08:03:29.522 INFO  a.c.s.ClusterSingletonManager - Singleton manager stopping singleton actor [akka://akka-runtime/system/singletonManagerShardedDaemonProcessCoordinator-eventSourcedProjection-passivation-race-entity-passivation-race-consumer-a/ShardedDaemonProcessCoordinator-eventSourcedProjection-passivation-race-entity-passivation-race-consumer-a]
08:03:29.522 INFO  a.c.s.ClusterSingletonManager - Singleton manager stopping singleton actor [akka://akka-runtime/system/sharding/sharded-daemon-process-eventSourcedProjection-passivation-race-entity-passivation-race-consumer-aCoordinator/singleton]
08:03:29.522 INFO  a.c.s.ClusterSingletonManager - Singleton manager stopping singleton actor [akka://akka-runtime/system/singletonManagerShardedDaemonProcessCoordinator-eventSourcedProjection-passivation-race-entity-passivation-race-view/ShardedDaemonProcessCoordinator-eventSourcedProjection-passivation-race-entity-passivation-race-view]
08:03:29.522 INFO  a.c.s.ClusterSingletonManager - Singleton manager stopping singleton actor [akka://akka-runtime/system/sharding/passivation-race-entityCoordinator/singleton]
08:03:29.522 INFO  a.c.s.ClusterSingletonManager - Singleton manager stopping singleton actor [akka://akka-runtime/system/singletonManagerShardedDaemonProcessCoordinator-eventSourcedProjection-passivation-race-entity-passivation-race-consumer-b/ShardedDaemonProcessCoordinator-eventSourcedProjection-passivation-race-entity-passivation-race-consumer-b]
08:03:29.522 INFO  a.c.s.ClusterSingletonManager - ClusterSingletonManager state change [WasOldest -> Stopping]
08:03:29.522 INFO  a.c.s.ClusterSingletonManager - ClusterSingletonManager state change [WasOldest -> Stopping]
08:03:29.522 INFO  a.c.s.ClusterSingletonManager - ClusterSingletonManager state change [WasOldest -> Stopping]
08:03:29.522 INFO  a.c.s.ClusterSingletonManager - ClusterSingletonManager state change [WasOldest -> Stopping]
08:03:29.522 INFO  a.c.s.ClusterSingletonManager - ClusterSingletonManager state change [WasOldest -> Stopping]
08:03:29.523 INFO  a.c.s.ClusterSingletonManager - ClusterSingletonManager state change [WasOldest -> Stopping]
08:03:29.523 DEBUG a.c.sharding.DDataShardCoordinator - sharded-daemon-process-eventSourcedProjection-passivation-race-entity-passivation-race-consumer-a: Received termination message.
08:03:29.523 DEBUG a.c.sharding.DDataShardCoordinator - passivation-race-entity: Received termination message.
08:03:29.523 INFO  a.c.s.ClusterSingletonManager - Singleton manager stopping singleton actor [akka://akka-runtime/system/singletonManagerschemaSingleton/schemaSingleton]
08:03:29.523 DEBUG a.c.sharding.DDataShardCoordinator - sharded-daemon-process-eventSourcedProjection-passivation-race-entity-passivation-race-consumer-b: Received termination message.
08:03:29.523 INFO  a.c.s.ClusterSingletonManager - Singleton manager stopping singleton actor [akka://akka-runtime/system/sharding/sharded-daemon-process-eventSourcedProjection-passivation-race-entity-passivation-race-viewCoordinator/singleton]
08:03:29.523 INFO  a.c.s.ClusterSingletonManager - Singleton manager stopping singleton actor [akka://akka-runtime/system/sharding/_timerCoordinator/singleton]
08:03:29.523 INFO  a.c.s.ClusterSingletonManager - ClusterSingletonManager state change [WasOldest -> Stopping]
08:03:29.523 INFO  a.c.s.ClusterSingletonManager - ClusterSingletonManager state change [WasOldest -> Stopping]
08:03:29.523 INFO  a.c.s.ClusterSingletonManager - ClusterSingletonManager state change [WasOldest -> Stopping]
08:03:29.523 DEBUG a.c.sharding.DDataShardCoordinator - sharded-daemon-process-eventSourcedProjection-passivation-race-entity-passivation-race-view: Received termination message.
08:03:29.523 DEBUG a.c.sharding.DDataShardCoordinator - _timer: Received termination message.
08:03:29.523 INFO  a.c.s.ClusterSingletonManager - Singleton actor [akka://akka-runtime/system/singletonManagerschemaSingleton/schemaSingleton] was terminated
08:03:29.523 INFO  a.c.s.ClusterSingletonManager - Singleton actor [akka://akka-runtime/system/sharding/sharded-daemon-process-eventSourcedProjection-passivation-race-entity-passivation-race-viewCoordinator/singleton] was terminated
08:03:29.523 INFO  a.c.s.ClusterSingletonManager - Singleton actor [akka://akka-runtime/system/sharding/_timerCoordinator/singleton] was terminated
08:03:29.523 INFO  a.c.s.ClusterSingletonManager - Singleton actor [akka://akka-runtime/system/sharding/sharded-daemon-process-eventSourcedProjection-passivation-race-entity-passivation-race-consumer-bCoordinator/singleton] was terminated
08:03:29.523 INFO  a.c.s.ClusterSingletonManager - Singleton actor [akka://akka-runtime/system/singletonManagerShardedDaemonProcessCoordinator-eventSourcedProjection-passivation-race-entity-passivation-race-consumer-b/ShardedDaemonProcessCoordinator-eventSourcedProjection-passivation-race-entity-passivation-race-consumer-b] was terminated
08:03:29.523 INFO  a.c.s.ClusterSingletonManager - Singleton actor [akka://akka-runtime/system/sharding/sharded-daemon-process-eventSourcedProjection-passivation-race-entity-passivation-race-consumer-aCoordinator/singleton] was terminated
08:03:29.524 INFO  a.c.s.ClusterSingletonManager - Singleton actor [akka://akka-runtime/system/singletonManagerShardedDaemonProcessCoordinator-eventSourcedProjection-passivation-race-entity-passivation-race-consumer-a/ShardedDaemonProcessCoordinator-eventSourcedProjection-passivation-race-entity-passivation-race-consumer-a] was terminated
08:03:29.524 INFO  a.c.s.ClusterSingletonManager - Singleton actor [akka://akka-runtime/system/sharding/passivation-race-entityCoordinator/singleton] was terminated
08:03:29.524 INFO  a.c.s.ClusterSingletonManager - Singleton actor [akka://akka-runtime/system/singletonManagerShardedDaemonProcessCoordinator-eventSourcedProjection-passivation-race-entity-passivation-race-view/ShardedDaemonProcessCoordinator-eventSourcedProjection-passivation-race-entity-passivation-race-view] was terminated
08:03:29.524 DEBUG akka.actor.CoordinatedShutdown - Performing phase [cluster-exiting-done] with [1] tasks.
08:03:29.524 DEBUG akka.actor.CoordinatedShutdown - Performing task [exiting-completed] in CoordinatedShutdown phase [cluster-exiting-done]
08:03:29.525 DEBUG akka.actor.CoordinatedShutdown - Performing phase [cluster-shutdown] with [1] tasks.
08:03:29.525 DEBUG akka.actor.CoordinatedShutdown - Performing task [wait-shutdown] in CoordinatedShutdown phase [cluster-shutdown]
08:03:29.526 DEBUG akka.actor.CoordinatedShutdown - Performing phase [before-actor-system-terminate] with [2] tasks.
08:03:29.526 DEBUG akka.actor.CoordinatedShutdown - Performing task [close connection pools] in CoordinatedShutdown phase [before-actor-system-terminate]
08:03:29.526 DEBUG akka.actor.CoordinatedShutdown - Performing task [close-grpc-channels] in CoordinatedShutdown phase [before-actor-system-terminate]
08:03:29.527 DEBUG akka.actor.CoordinatedShutdown - Performing phase [actor-system-terminate] with [1] tasks.
08:03:29.527 DEBUG akka.actor.CoordinatedShutdown - Performing task [terminate-system] in CoordinatedShutdown phase [actor-system-terminate]
08:03:29.609 INFO  akka.runtime.AkkaRuntimeMain - Starting Akka Runtime version [1.6.15]
08:03:29.620 INFO  akka.javasdk.impl.ComponentLocator$ - Looking for component descriptors matching pattern [META-INF/akka-javasdk-components_*.conf]
08:03:29.632 INFO  akka.javasdk.testkit.TestKit - Eventing TestKit booting up on port: 62770
08:03:29.634 DEBUG a.c.singleton.ClusterSingletonProxy - Creating singleton identification timer...
08:03:29.634 DEBUG a.c.singleton.ClusterSingletonProxy - Trying to identify singleton at [akka://akka-runtime@127.0.0.1:62771/system/singletonManagerschemaSingleton/schemaSingleton]
08:03:29.634 DEBUG a.c.singleton.ClusterSingletonProxy - Singleton not available, buffering message type [kalix.runtime.SchemaSingleton$ExecDdl]
08:03:29.635 INFO  a.c.s.ClusterSingletonManager - Singleton manager starting singleton actor [akka://akka-runtime/system/singletonManagerschemaSingleton/schemaSingleton]
08:03:29.635 INFO  a.c.s.ClusterSingletonManager - ClusterSingletonManager state change [Start -> Oldest]
08:03:29.636 INFO  akka.javasdk.testkit.TestKit - Checking runtime status
08:03:29.702 DEBUG a.c.singleton.ClusterSingletonProxy - Trying to identify singleton at [akka://akka-runtime@127.0.0.1:62771/system/singletonManagerschemaSingleton/schemaSingleton]
08:03:29.702 INFO  a.c.singleton.ClusterSingletonProxy - Singleton identified at [akka://akka-runtime/system/singletonManagerschemaSingleton/schemaSingleton]
08:03:29.702 DEBUG a.c.singleton.ClusterSingletonProxy - Sending buffered messages to current singleton instance
08:03:29.704 INFO  a.c.s.typed.scaladsl.ClusterSharding - Starting Shard Region [passivation-race-entity]...
08:03:29.705 INFO  akka.cluster.sharding.ShardRegion - passivation-race-entity: Automatic entity passivation: composite strategy with limit of [10000] active entities, admission window (least recently used entities) with proportions [initial = 0.01, min = 0.01, max = 1.0] adapting with hill-climbing optimizer [adjust multiplier = 10.0, initial step = 0.0625, restart threshold = 0.05, step decay = 0.98], admit using frequency sketch [width multiplier = 4, reset multiplier = 10.0, depth = 4, counter bits = 4], main (least recently used entities (segmented with [2] levels with proportions of [0.20, 0.80]))
08:03:29.706 INFO  a.c.s.ClusterSingletonManager - Singleton manager starting singleton actor [akka://akka-runtime/system/sharding/passivation-race-entityCoordinator/singleton]
08:03:29.706 INFO  a.c.s.ClusterSingletonManager - ClusterSingletonManager state change [Start -> Oldest]
08:03:29.706 DEBUG a.c.sharding.DDataShardCoordinator - passivation-race-entity: Initial coordinator is empty.
08:03:29.706 INFO  a.c.sharding.DDataShardCoordinator - passivation-race-entity: ShardCoordinator was moved to the active state with [0] shards
08:03:29.707 DEBUG a.c.singleton.ClusterSingletonProxy - Forwarding message of type [SchemaSingleton$ExecDdl] to current singleton instance at [akka://akka-runtime/system/singletonManagerschemaSingleton/schemaSingleton]
08:03:29.708 INFO  akka.runtime.DiscoveryManager - Service components: EventSourcedEntity: [1], Consumer: [2], View: [1]
08:03:29.709 INFO  a.c.s.typed.scaladsl.ClusterSharding - Starting Shard Region [_timer]...
08:03:29.710 INFO  a.c.s.typed.scaladsl.ClusterSharding - Starting Shard Region [sharded-daemon-process-eventSourcedProjection-passivation-race-entity-passivation-race-consumer-a]...
08:03:29.711 INFO  akka.cluster.sharding.ShardRegion - sharded-daemon-process-eventSourcedProjection-passivation-race-entity-passivation-race-consumer-a: Automatic entity passivation: disabled
08:03:29.711 INFO  a.c.s.ClusterSingletonManager - Singleton manager starting singleton actor [akka://akka-runtime/system/sharding/_timerCoordinator/singleton]
08:03:29.711 INFO  a.c.s.ClusterSingletonManager - ClusterSingletonManager state change [Start -> Oldest]
08:03:29.711 INFO  a.c.s.typed.scaladsl.ClusterSharding - Starting Shard Region [sharded-daemon-process-eventSourcedProjection-passivation-race-entity-passivation-race-consumer-b]...
08:03:29.711 DEBUG a.c.sharding.DDataShardCoordinator - _timer: Starting remember entities store from provider akka.cluster.sharding.internal.DDataRememberEntitiesProvider@6c1784fb
08:03:29.711 DEBUG a.c.sharding.DDataShardCoordinator - _timer: Initial coordinator is empty.
08:03:29.711 INFO  a.c.sharding.DDataShardCoordinator - _timer: ShardCoordinator was moved to the active state with [0] shards
08:03:29.711 DEBUG a.c.sharding.DDataShardCoordinator - _timer: Received [0] remembered shard ids (after state initialized)
08:03:29.711 INFO  akka.cluster.sharding.ShardRegion - sharded-daemon-process-eventSourcedProjection-passivation-race-entity-passivation-race-consumer-b: Automatic entity passivation: disabled
08:03:29.711 DEBUG a.c.singleton.ClusterSingletonProxy - Creating singleton identification timer...
08:03:29.712 DEBUG a.c.singleton.ClusterSingletonProxy - Trying to identify singleton at [akka://akka-runtime@127.0.0.1:62771/system/singletonManagerShardedDaemonProcessCoordinator-eventSourcedProjection-passivation-race-entity-passivation-race-consumer-a/ShardedDaemonProcessCoordinator-eventSourcedProjection-passivation-race-entity-passivation-race-consumer-a]
08:03:29.712 INFO  a.c.s.typed.scaladsl.ClusterSharding - Starting Shard Region [sharded-daemon-process-eventSourcedProjection-passivation-race-entity-passivation-race-view]...
08:03:29.712 INFO  akka.cluster.sharding.ShardRegion - sharded-daemon-process-eventSourcedProjection-passivation-race-entity-passivation-race-view: Automatic entity passivation: disabled
08:03:29.713 INFO  a.c.s.ClusterSingletonManager - Singleton manager starting singleton actor [akka://akka-runtime/system/sharding/sharded-daemon-process-eventSourcedProjection-passivation-race-entity-passivation-race-consumer-aCoordinator/singleton]
08:03:29.713 INFO  a.c.s.ClusterSingletonManager - ClusterSingletonManager state change [Start -> Oldest]
08:03:29.713 DEBUG a.c.singleton.ClusterSingletonProxy - Creating singleton identification timer...
08:03:29.713 DEBUG a.c.singleton.ClusterSingletonProxy - Trying to identify singleton at [akka://akka-runtime@127.0.0.1:62771/system/singletonManagerShardedDaemonProcessCoordinator-eventSourcedProjection-passivation-race-entity-passivation-race-consumer-b/ShardedDaemonProcessCoordinator-eventSourcedProjection-passivation-race-entity-passivation-race-consumer-b]
08:03:29.713 DEBUG a.c.sharding.DDataShardCoordinator - sharded-daemon-process-eventSourcedProjection-passivation-race-entity-passivation-race-consumer-a: Initial coordinator is empty.
08:03:29.713 INFO  a.c.sharding.DDataShardCoordinator - sharded-daemon-process-eventSourcedProjection-passivation-race-entity-passivation-race-consumer-a: ShardCoordinator was moved to the active state with [0] shards
08:03:29.713 INFO  a.c.s.ClusterSingletonManager - Singleton manager starting singleton actor [akka://akka-runtime/system/singletonManagerShardedDaemonProcessCoordinator-eventSourcedProjection-passivation-race-entity-passivation-race-consumer-a/ShardedDaemonProcessCoordinator-eventSourcedProjection-passivation-race-entity-passivation-race-consumer-a]
08:03:29.713 INFO  a.c.s.ClusterSingletonManager - ClusterSingletonManager state change [Start -> Oldest]
08:03:29.714 DEBUG a.c.s.t.i.ShardedDaemonProcessCoordinator$ - ShardedDaemonProcessCoordinator for [eventSourcedProjection-passivation-race-entity-passivation-race-consumer-a] starting
08:03:29.714 DEBUG a.c.singleton.ClusterSingletonProxy - Creating singleton identification timer...
08:03:29.714 DEBUG a.c.singleton.ClusterSingletonProxy - Trying to identify singleton at [akka://akka-runtime@127.0.0.1:62771/system/singletonManagerShardedDaemonProcessCoordinator-eventSourcedProjection-passivation-race-entity-passivation-race-view/ShardedDaemonProcessCoordinator-eventSourcedProjection-passivation-race-entity-passivation-race-view]
08:03:29.714 DEBUG a.c.s.t.i.ShardedDaemonProcessCoordinator$ - eventSourcedProjection-passivation-race-entity-passivation-race-consumer-a: No previous state stored for Sharded Daemon Process
08:03:29.714 DEBUG a.c.s.t.i.ShardedDaemonProcessCoordinator$ - Sending periodic keep alive for Sharded Daemon Process [eventSourcedProjection-passivation-race-entity-passivation-race-consumer-a] to [1] processes (revision [0]).
08:03:29.714 INFO  akka.runtime.DiscoveryManager - Akka Runtime started at 127.0.0.1:62769
08:03:29.715 INFO  a.c.s.ClusterSingletonManager - Singleton manager starting singleton actor [akka://akka-runtime/system/sharding/sharded-daemon-process-eventSourcedProjection-passivation-race-entity-passivation-race-consumer-bCoordinator/singleton]
08:03:29.715 INFO  a.c.s.ClusterSingletonManager - ClusterSingletonManager state change [Start -> Oldest]
08:03:29.715 INFO  a.c.s.ClusterSingletonManager - Singleton manager starting singleton actor [akka://akka-runtime/system/singletonManagerShardedDaemonProcessCoordinator-eventSourcedProjection-passivation-race-entity-passivation-race-consumer-b/ShardedDaemonProcessCoordinator-eventSourcedProjection-passivation-race-entity-passivation-race-consumer-b]
08:03:29.715 INFO  a.c.s.ClusterSingletonManager - ClusterSingletonManager state change [Start -> Oldest]
08:03:29.715 INFO  a.c.s.ClusterSingletonManager - Singleton manager starting singleton actor [akka://akka-runtime/system/sharding/sharded-daemon-process-eventSourcedProjection-passivation-race-entity-passivation-race-viewCoordinator/singleton]
08:03:29.715 INFO  a.c.s.ClusterSingletonManager - ClusterSingletonManager state change [Start -> Oldest]
08:03:29.715 INFO  a.c.s.ClusterSingletonManager - Singleton manager starting singleton actor [akka://akka-runtime/system/singletonManagerShardedDaemonProcessCoordinator-eventSourcedProjection-passivation-race-entity-passivation-race-view/ShardedDaemonProcessCoordinator-eventSourcedProjection-passivation-race-entity-passivation-race-view]
08:03:29.715 INFO  a.c.s.ClusterSingletonManager - ClusterSingletonManager state change [Start -> Oldest]
08:03:29.715 DEBUG a.c.s.t.i.ShardedDaemonProcessCoordinator$ - ShardedDaemonProcessCoordinator for [eventSourcedProjection-passivation-race-entity-passivation-race-consumer-b] starting
08:03:29.715 DEBUG a.c.s.t.i.ShardedDaemonProcessCoordinator$ - ShardedDaemonProcessCoordinator for [eventSourcedProjection-passivation-race-entity-passivation-race-view] starting
08:03:29.715 DEBUG a.c.sharding.DDataShardCoordinator - sharded-daemon-process-eventSourcedProjection-passivation-race-entity-passivation-race-view: Initial coordinator is empty.
08:03:29.715 INFO  a.c.sharding.DDataShardCoordinator - sharded-daemon-process-eventSourcedProjection-passivation-race-entity-passivation-race-view: ShardCoordinator was moved to the active state with [0] shards
08:03:29.715 DEBUG a.c.sharding.DDataShardCoordinator - sharded-daemon-process-eventSourcedProjection-passivation-race-entity-passivation-race-consumer-b: Initial coordinator is empty.
08:03:29.715 INFO  a.c.sharding.DDataShardCoordinator - sharded-daemon-process-eventSourcedProjection-passivation-race-entity-passivation-race-consumer-b: ShardCoordinator was moved to the active state with [0] shards
08:03:29.715 INFO  repro.Bootstrap - onStartup burst of 8 starting
08:03:29.715 DEBUG a.c.s.t.i.ShardedDaemonProcessCoordinator$ - eventSourcedProjection-passivation-race-entity-passivation-race-consumer-b: No previous state stored for Sharded Daemon Process
08:03:29.715 DEBUG a.c.s.t.i.ShardedDaemonProcessCoordinator$ - eventSourcedProjection-passivation-race-entity-passivation-race-view: No previous state stored for Sharded Daemon Process
08:03:29.715 DEBUG a.c.s.t.i.ShardedDaemonProcessCoordinator$ - Sending periodic keep alive for Sharded Daemon Process [eventSourcedProjection-passivation-race-entity-passivation-race-view] to [1] processes (revision [0]).
08:03:29.715 DEBUG a.c.s.t.i.ShardedDaemonProcessCoordinator$ - Sending periodic keep alive for Sharded Daemon Process [eventSourcedProjection-passivation-race-entity-passivation-race-consumer-b] to [1] processes (revision [0]).
08:03:29.766 INFO  akka.javasdk.testkit.TestKit - Runtime started
08:03:29.766 INFO  akka.actor.CoordinatedShutdown - Running CoordinatedShutdown with reason [ActorSystemTerminateReason]
08:03:29.766 DEBUG akka.actor.CoordinatedShutdown - Performing phase [before-service-unbind] with [0] tasks
08:03:29.766 DEBUG akka.actor.CoordinatedShutdown - Performing phase [service-unbind] with [1] tasks.
08:03:29.766 DEBUG akka.actor.CoordinatedShutdown - Performing task [http-unbind-/127.0.0.1:62769] in CoordinatedShutdown phase [service-unbind]
08:03:29.766 DEBUG akka.actor.CoordinatedShutdown - Performing phase [service-requests-done] with [1] tasks.
08:03:29.766 DEBUG akka.actor.CoordinatedShutdown - Performing task [http-terminate-/127.0.0.1:62769] in CoordinatedShutdown phase [service-requests-done]
08:03:29.767 DEBUG akka.actor.CoordinatedShutdown - Performing phase [service-stop] with [1] tasks.
08:03:29.767 DEBUG akka.actor.CoordinatedShutdown - Performing task [stop-grpc-clients] in CoordinatedShutdown phase [service-stop]
08:03:29.767 DEBUG akka.actor.CoordinatedShutdown - Performing phase [before-cluster-shutdown] with [0] tasks
08:03:29.767 DEBUG akka.actor.CoordinatedShutdown - Performing phase [cluster-sharding-shutdown-region] with [5] tasks.
08:03:29.767 DEBUG akka.actor.CoordinatedShutdown - Performing task [region-shutdown] in CoordinatedShutdown phase [cluster-sharding-shutdown-region]
08:03:29.767 DEBUG akka.actor.CoordinatedShutdown - Performing task [region-shutdown] in CoordinatedShutdown phase [cluster-sharding-shutdown-region]
08:03:29.767 DEBUG akka.actor.CoordinatedShutdown - Performing task [region-shutdown] in CoordinatedShutdown phase [cluster-sharding-shutdown-region]
08:03:29.767 DEBUG akka.actor.CoordinatedShutdown - Performing task [region-shutdown] in CoordinatedShutdown phase [cluster-sharding-shutdown-region]
08:03:29.767 DEBUG akka.actor.CoordinatedShutdown - Performing task [region-shutdown] in CoordinatedShutdown phase [cluster-sharding-shutdown-region]
08:03:29.767 DEBUG a.c.sharding.DDataShardCoordinator - passivation-race-entity: Unknown region requested graceful shutdown [Actor[akka://akka-runtime/system/sharding/passivation-race-entity#-337731]]
08:03:29.767 DEBUG a.c.sharding.DDataShardCoordinator - sharded-daemon-process-eventSourcedProjection-passivation-race-entity-passivation-race-consumer-a: Unknown region requested graceful shutdown [Actor[akka://akka-runtime/system/sharding/sharded-daemon-process-eventSourcedProjection-passivation-race-entity-passivation-race-consumer-a#-1835350252]]
08:03:29.767 DEBUG a.c.sharding.DDataShardCoordinator - sharded-daemon-process-eventSourcedProjection-passivation-race-entity-passivation-race-consumer-b: Unknown region requested graceful shutdown [Actor[akka://akka-runtime/system/sharding/sharded-daemon-process-eventSourcedProjection-passivation-race-entity-passivation-race-consumer-b#-596063409]]
08:03:29.767 DEBUG a.c.sharding.DDataShardCoordinator - _timer: Unknown region requested graceful shutdown [Actor[akka://akka-runtime/system/sharding/_timer#-1175639519]]
08:03:29.767 DEBUG a.c.sharding.DDataShardCoordinator - sharded-daemon-process-eventSourcedProjection-passivation-race-entity-passivation-race-view: Unknown region requested graceful shutdown [Actor[akka://akka-runtime/system/sharding/sharded-daemon-process-eventSourcedProjection-passivation-race-entity-passivation-race-view#-327945691]]
08:03:29.781 DEBUG a.c.singleton.ClusterSingletonProxy - Trying to identify singleton at [akka://akka-runtime@127.0.0.1:62771/system/singletonManagerShardedDaemonProcessCoordinator-eventSourcedProjection-passivation-race-entity-passivation-race-view/ShardedDaemonProcessCoordinator-eventSourcedProjection-passivation-race-entity-passivation-race-view]
08:03:29.782 DEBUG a.c.singleton.ClusterSingletonProxy - Trying to identify singleton at [akka://akka-runtime@127.0.0.1:62771/system/singletonManagerShardedDaemonProcessCoordinator-eventSourcedProjection-passivation-race-entity-passivation-race-consumer-b/ShardedDaemonProcessCoordinator-eventSourcedProjection-passivation-race-entity-passivation-race-consumer-b]
08:03:29.782 DEBUG a.c.singleton.ClusterSingletonProxy - Trying to identify singleton at [akka://akka-runtime@127.0.0.1:62771/system/singletonManagerShardedDaemonProcessCoordinator-eventSourcedProjection-passivation-race-entity-passivation-race-consumer-a/ShardedDaemonProcessCoordinator-eventSourcedProjection-passivation-race-entity-passivation-race-consumer-a]
08:03:29.782 INFO  a.c.singleton.ClusterSingletonProxy - Singleton identified at [akka://akka-runtime/system/singletonManagerShardedDaemonProcessCoordinator-eventSourcedProjection-passivation-race-entity-passivation-race-view/ShardedDaemonProcessCoordinator-eventSourcedProjection-passivation-race-entity-passivation-race-view]
08:03:29.782 INFO  a.c.singleton.ClusterSingletonProxy - Singleton identified at [akka://akka-runtime/system/singletonManagerShardedDaemonProcessCoordinator-eventSourcedProjection-passivation-race-entity-passivation-race-consumer-b/ShardedDaemonProcessCoordinator-eventSourcedProjection-passivation-race-entity-passivation-race-consumer-b]
08:03:29.782 INFO  a.c.singleton.ClusterSingletonProxy - Singleton identified at [akka://akka-runtime/system/singletonManagerShardedDaemonProcessCoordinator-eventSourcedProjection-passivation-race-entity-passivation-race-consumer-a/ShardedDaemonProcessCoordinator-eventSourcedProjection-passivation-race-entity-passivation-race-consumer-a]
08:03:29.782 DEBUG a.c.singleton.ClusterSingletonProxy - Sending buffered messages to current singleton instance
08:03:29.782 DEBUG a.c.singleton.ClusterSingletonProxy - Sending buffered messages to current singleton instance
08:03:29.782 DEBUG a.c.singleton.ClusterSingletonProxy - Sending buffered messages to current singleton instance
08:03:29.972 DEBUG a.c.sharding.DDataShardCoordinator - sharded-daemon-process-eventSourcedProjection-passivation-race-entity-passivation-race-consumer-a: ShardRegion registered: [Actor[akka://akka-runtime/system/sharding/sharded-daemon-process-eventSourcedProjection-passivation-race-entity-passivation-race-consumer-a#-1835350252]]
08:03:29.972 DEBUG a.c.sharding.DDataShardCoordinator - passivation-race-entity: ShardRegion registered: [Actor[akka://akka-runtime/system/sharding/passivation-race-entity#-337731]]
08:03:29.972 DEBUG a.c.sharding.DDataShardCoordinator - passivation-race-entity: The coordinator state was successfully updated with ShardRegionRegistered(Actor[akka://akka-runtime/system/sharding/passivation-race-entity#-337731])
08:03:29.972 DEBUG a.c.sharding.DDataShardCoordinator - sharded-daemon-process-eventSourcedProjection-passivation-race-entity-passivation-race-consumer-a: The coordinator state was successfully updated with ShardRegionRegistered(Actor[akka://akka-runtime/system/sharding/sharded-daemon-process-eventSourcedProjection-passivation-race-entity-passivation-race-consumer-a#-1835350252])
08:03:29.973 DEBUG a.c.sharding.DDataShardCoordinator - passivation-race-entity: The coordinator state was successfully updated with ShardHomeAllocated(490,Actor[akka://akka-runtime/system/sharding/passivation-race-entity#-337731])
08:03:29.973 DEBUG a.c.sharding.DDataShardCoordinator - sharded-daemon-process-eventSourcedProjection-passivation-race-entity-passivation-race-consumer-a: The coordinator state was successfully updated with ShardHomeAllocated(0,Actor[akka://akka-runtime/system/sharding/sharded-daemon-process-eventSourcedProjection-passivation-race-entity-passivation-race-consumer-a#-1835350252])
08:03:29.973 DEBUG a.c.sharding.DDataShardCoordinator - passivation-race-entity: Shard [490] allocated at [Actor[akka://akka-runtime/system/sharding/passivation-race-entity#-337731]]
08:03:29.973 DEBUG a.c.sharding.DDataShardCoordinator - sharded-daemon-process-eventSourcedProjection-passivation-race-entity-passivation-race-consumer-a: Shard [0] allocated at [Actor[akka://akka-runtime/system/sharding/sharded-daemon-process-eventSourcedProjection-passivation-race-entity-passivation-race-consumer-a#-1835350252]]
08:03:29.973 DEBUG a.c.sharding.DDataShardCoordinator - passivation-race-entity: Graceful shutdown of region [Actor[akka://akka-runtime/system/sharding/passivation-race-entity#-337731]] with [1] shards
08:03:29.973 DEBUG a.c.sharding.DDataShardCoordinator - sharded-daemon-process-eventSourcedProjection-passivation-race-entity-passivation-race-consumer-a: Graceful shutdown of region [Actor[akka://akka-runtime/system/sharding/sharded-daemon-process-eventSourcedProjection-passivation-race-entity-passivation-race-consumer-a#-1835350252]] with [1] shards
08:03:29.973 INFO  a.c.sharding.DDataShardCoordinator - sharded-daemon-process-eventSourcedProjection-passivation-race-entity-passivation-race-consumer-a: Starting shutting down shards [0] due to region shutting down or explicit stopping of shards.
08:03:29.973 INFO  a.c.sharding.DDataShardCoordinator - passivation-race-entity: Starting shutting down shards [490] due to region shutting down or explicit stopping of shards.
08:03:29.973 DEBUG a.c.s.ShardCoordinator$RebalanceWorker - sharded-daemon-process-eventSourcedProjection-passivation-race-entity-passivation-race-consumer-a: Shutting down shard [0] from region [Actor[akka://akka-runtime/system/sharding/sharded-daemon-process-eventSourcedProjection-passivation-race-entity-passivation-race-consumer-a#-1835350252]]. Asking [1] region(s) to hand-off shard
08:03:29.973 DEBUG a.c.s.ShardCoordinator$RebalanceWorker - sharded-daemon-process-eventSourcedProjection-passivation-race-entity-passivation-race-consumer-a: BeginHandOffAck for shard [0] received from [Actor[akka://akka-runtime/system/sharding/sharded-daemon-process-eventSourcedProjection-passivation-race-entity-passivation-race-consumer-a#-1835350252]].
08:03:29.973 DEBUG a.c.s.ShardCoordinator$RebalanceWorker - sharded-daemon-process-eventSourcedProjection-passivation-race-entity-passivation-race-consumer-a: All shard regions acked, handing off shard [0].
08:03:29.973 DEBUG a.c.s.ShardCoordinator$RebalanceWorker - passivation-race-entity: Shutting down shard [490] from region [Actor[akka://akka-runtime/system/sharding/passivation-race-entity#-337731]]. Asking [1] region(s) to hand-off shard
08:03:29.973 DEBUG akka.cluster.sharding.Shard - sharded-daemon-process-eventSourcedProjection-passivation-race-entity-passivation-race-consumer-a: Shard initialized
08:03:29.973 DEBUG a.c.s.ShardCoordinator$RebalanceWorker - passivation-race-entity: BeginHandOffAck for shard [490] received from [Actor[akka://akka-runtime/system/sharding/passivation-race-entity#-337731]].
08:03:29.973 DEBUG a.c.s.ShardCoordinator$RebalanceWorker - passivation-race-entity: All shard regions acked, handing off shard [490].
08:03:29.974 WARN  akka.cluster.sharding.ShardRegion - sharded-daemon-process-eventSourcedProjection-passivation-race-entity-passivation-race-consumer-a: Dropping [1] buffered messages to shard [0] during hand off to avoid re-ordering
08:03:29.974 DEBUG akka.cluster.sharding.Shard - sharded-daemon-process-eventSourcedProjection-passivation-race-entity-passivation-race-consumer-a: HandOff shard [0]
08:03:29.974 DEBUG akka.cluster.sharding.Shard - sharded-daemon-process-eventSourcedProjection-passivation-race-entity-passivation-race-consumer-a: Shard [0] shutting down
08:03:29.974 DEBUG akka.cluster.sharding.Shard - passivation-race-entity: Shard initialized
08:03:29.974 DEBUG a.c.sharding.DDataShardCoordinator - sharded-daemon-process-eventSourcedProjection-passivation-race-entity-passivation-race-consumer-a: Shard [0] deallocation completed successfully.
08:03:29.974 WARN  akka.cluster.sharding.ShardRegion - passivation-race-entity: Dropping [1] buffered messages to shard [490] during hand off to avoid re-ordering
08:03:29.974 DEBUG a.c.sharding.DDataShardCoordinator - sharded-daemon-process-eventSourcedProjection-passivation-race-entity-passivation-race-consumer-a: The coordinator state was successfully updated with ShardHomeDeallocated(0)
08:03:29.974 DEBUG a.c.sharding.DDataShardCoordinator - sharded-daemon-process-eventSourcedProjection-passivation-race-entity-passivation-race-consumer-a: Shard [0] deallocated after
08:03:29.974 DEBUG akka.cluster.sharding.Shard - passivation-race-entity: HandOff shard [490]
08:03:29.974 DEBUG akka.cluster.sharding.Shard - passivation-race-entity: Shard [490] shutting down
08:03:29.974 DEBUG a.c.sharding.DDataShardCoordinator - sharded-daemon-process-eventSourcedProjection-passivation-race-entity-passivation-race-consumer-a: ShardRegion terminated (gracefully): [Actor[akka://akka-runtime/system/sharding/sharded-daemon-process-eventSourcedProjection-passivation-race-entity-passivation-race-consumer-a#-1835350252]] {}
08:03:29.974 DEBUG a.c.sharding.DDataShardCoordinator - passivation-race-entity: Shard [490] deallocation completed successfully.
08:03:29.974 DEBUG a.c.sharding.DDataShardCoordinator - sharded-daemon-process-eventSourcedProjection-passivation-race-entity-passivation-race-consumer-a: GetShardHome [0] request from [Actor[akka://local/ignore]] stashed, because waiting for initial state or update of state. It will be handled afterwards.
08:03:29.974 DEBUG a.c.sharding.DDataShardCoordinator - sharded-daemon-process-eventSourcedProjection-passivation-race-entity-passivation-race-consumer-a: The coordinator state was successfully updated with ShardRegionTerminated(Actor[akka://akka-runtime/system/sharding/sharded-daemon-process-eventSourcedProjection-passivation-race-entity-passivation-race-consumer-a#-1835350252])
08:03:29.974 DEBUG a.c.sharding.DDataShardCoordinator - sharded-daemon-process-eventSourcedProjection-passivation-race-entity-passivation-race-consumer-a: ShardRegion stopped: [Actor[akka://akka-runtime/system/sharding/sharded-daemon-process-eventSourcedProjection-passivation-race-entity-passivation-race-consumer-a#-1835350252]]
08:03:29.974 DEBUG a.c.sharding.DDataShardCoordinator - passivation-race-entity: The coordinator state was successfully updated with ShardHomeDeallocated(490)
08:03:29.974 DEBUG a.c.sharding.DDataShardCoordinator - passivation-race-entity: Shard [490] deallocated after
08:03:29.974 DEBUG a.c.sharding.DDataShardCoordinator - passivation-race-entity: ShardRegion terminated (gracefully): [Actor[akka://akka-runtime/system/sharding/passivation-race-entity#-337731]] {}
08:03:29.974 DEBUG a.c.sharding.DDataShardCoordinator - passivation-race-entity: GetShardHome [490] request from [Actor[akka://local/ignore]] stashed, because waiting for initial state or update of state. It will be handled afterwards.
08:03:29.975 DEBUG a.c.sharding.DDataShardCoordinator - passivation-race-entity: The coordinator state was successfully updated with ShardRegionTerminated(Actor[akka://akka-runtime/system/sharding/passivation-race-entity#-337731])
08:03:29.975 DEBUG a.c.sharding.DDataShardCoordinator - passivation-race-entity: ShardRegion stopped: [Actor[akka://akka-runtime/system/sharding/passivation-race-entity#-337731]]
08:03:29.980 DEBUG a.c.sharding.DDataShardCoordinator - sharded-daemon-process-eventSourcedProjection-passivation-race-entity-passivation-race-consumer-b: ShardRegion registered: [Actor[akka://akka-runtime/system/sharding/sharded-daemon-process-eventSourcedProjection-passivation-race-entity-passivation-race-consumer-b#-596063409]]
08:03:29.980 DEBUG a.c.sharding.DDataShardCoordinator - sharded-daemon-process-eventSourcedProjection-passivation-race-entity-passivation-race-view: ShardRegion registered: [Actor[akka://akka-runtime/system/sharding/sharded-daemon-process-eventSourcedProjection-passivation-race-entity-passivation-race-view#-327945691]]
08:03:29.981 DEBUG a.c.sharding.DDataShardCoordinator - sharded-daemon-process-eventSourcedProjection-passivation-race-entity-passivation-race-view: The coordinator state was successfully updated with ShardRegionRegistered(Actor[akka://akka-runtime/system/sharding/sharded-daemon-process-eventSourcedProjection-passivation-race-entity-passivation-race-view#-327945691])
08:03:29.981 DEBUG a.c.sharding.DDataShardCoordinator - sharded-daemon-process-eventSourcedProjection-passivation-race-entity-passivation-race-consumer-b: The coordinator state was successfully updated with ShardRegionRegistered(Actor[akka://akka-runtime/system/sharding/sharded-daemon-process-eventSourcedProjection-passivation-race-entity-passivation-race-consumer-b#-596063409])
08:03:29.981 DEBUG a.c.sharding.DDataShardCoordinator - sharded-daemon-process-eventSourcedProjection-passivation-race-entity-passivation-race-view: The coordinator state was successfully updated with ShardHomeAllocated(0,Actor[akka://akka-runtime/system/sharding/sharded-daemon-process-eventSourcedProjection-passivation-race-entity-passivation-race-view#-327945691])
08:03:29.981 DEBUG a.c.sharding.DDataShardCoordinator - sharded-daemon-process-eventSourcedProjection-passivation-race-entity-passivation-race-view: Shard [0] allocated at [Actor[akka://akka-runtime/system/sharding/sharded-daemon-process-eventSourcedProjection-passivation-race-entity-passivation-race-view#-327945691]]
08:03:29.981 DEBUG a.c.sharding.DDataShardCoordinator - sharded-daemon-process-eventSourcedProjection-passivation-race-entity-passivation-race-view: Graceful shutdown of region [Actor[akka://akka-runtime/system/sharding/sharded-daemon-process-eventSourcedProjection-passivation-race-entity-passivation-race-view#-327945691]] with [1] shards
08:03:29.981 INFO  a.c.sharding.DDataShardCoordinator - sharded-daemon-process-eventSourcedProjection-passivation-race-entity-passivation-race-view: Starting shutting down shards [0] due to region shutting down or explicit stopping of shards.
08:03:29.981 DEBUG a.c.sharding.DDataShardCoordinator - sharded-daemon-process-eventSourcedProjection-passivation-race-entity-passivation-race-consumer-b: The coordinator state was successfully updated with ShardHomeAllocated(0,Actor[akka://akka-runtime/system/sharding/sharded-daemon-process-eventSourcedProjection-passivation-race-entity-passivation-race-consumer-b#-596063409])
08:03:29.981 DEBUG a.c.sharding.DDataShardCoordinator - sharded-daemon-process-eventSourcedProjection-passivation-race-entity-passivation-race-consumer-b: Shard [0] allocated at [Actor[akka://akka-runtime/system/sharding/sharded-daemon-process-eventSourcedProjection-passivation-race-entity-passivation-race-consumer-b#-596063409]]
08:03:29.981 DEBUG a.c.s.ShardCoordinator$RebalanceWorker - sharded-daemon-process-eventSourcedProjection-passivation-race-entity-passivation-race-view: Shutting down shard [0] from region [Actor[akka://akka-runtime/system/sharding/sharded-daemon-process-eventSourcedProjection-passivation-race-entity-passivation-race-view#-327945691]]. Asking [1] region(s) to hand-off shard
08:03:29.981 DEBUG a.c.s.ShardCoordinator$RebalanceWorker - sharded-daemon-process-eventSourcedProjection-passivation-race-entity-passivation-race-view: BeginHandOffAck for shard [0] received from [Actor[akka://akka-runtime/system/sharding/sharded-daemon-process-eventSourcedProjection-passivation-race-entity-passivation-race-view#-327945691]].
08:03:29.981 DEBUG a.c.s.ShardCoordinator$RebalanceWorker - sharded-daemon-process-eventSourcedProjection-passivation-race-entity-passivation-race-view: All shard regions acked, handing off shard [0].
08:03:29.981 DEBUG akka.cluster.sharding.Shard - sharded-daemon-process-eventSourcedProjection-passivation-race-entity-passivation-race-view: Shard initialized
08:03:29.981 WARN  akka.cluster.sharding.ShardRegion - sharded-daemon-process-eventSourcedProjection-passivation-race-entity-passivation-race-view: Dropping [1] buffered messages to shard [0] during hand off to avoid re-ordering
08:03:29.981 DEBUG a.c.sharding.DDataShardCoordinator - sharded-daemon-process-eventSourcedProjection-passivation-race-entity-passivation-race-consumer-b: Graceful shutdown of region [Actor[akka://akka-runtime/system/sharding/sharded-daemon-process-eventSourcedProjection-passivation-race-entity-passivation-race-consumer-b#-596063409]] with [1] shards
08:03:29.981 INFO  a.c.sharding.DDataShardCoordinator - sharded-daemon-process-eventSourcedProjection-passivation-race-entity-passivation-race-consumer-b: Starting shutting down shards [0] due to region shutting down or explicit stopping of shards.
08:03:29.981 DEBUG akka.cluster.sharding.Shard - sharded-daemon-process-eventSourcedProjection-passivation-race-entity-passivation-race-view: HandOff shard [0]
08:03:29.981 DEBUG a.c.s.ShardCoordinator$RebalanceWorker - sharded-daemon-process-eventSourcedProjection-passivation-race-entity-passivation-race-consumer-b: Shutting down shard [0] from region [Actor[akka://akka-runtime/system/sharding/sharded-daemon-process-eventSourcedProjection-passivation-race-entity-passivation-race-consumer-b#-596063409]]. Asking [1] region(s) to hand-off shard
08:03:29.981 DEBUG a.c.sharding.DDataShardCoordinator - sharded-daemon-process-eventSourcedProjection-passivation-race-entity-passivation-race-view: Shard [0] deallocation completed successfully.
08:03:29.981 DEBUG a.c.s.ShardCoordinator$RebalanceWorker - sharded-daemon-process-eventSourcedProjection-passivation-race-entity-passivation-race-consumer-b: BeginHandOffAck for shard [0] received from [Actor[akka://akka-runtime/system/sharding/sharded-daemon-process-eventSourcedProjection-passivation-race-entity-passivation-race-consumer-b#-596063409]].
08:03:29.981 DEBUG a.c.s.ShardCoordinator$RebalanceWorker - sharded-daemon-process-eventSourcedProjection-passivation-race-entity-passivation-race-consumer-b: All shard regions acked, handing off shard [0].
08:03:29.981 DEBUG akka.cluster.sharding.Shard - sharded-daemon-process-eventSourcedProjection-passivation-race-entity-passivation-race-view: Shard [0] shutting down
08:03:29.981 WARN  akka.cluster.sharding.ShardRegion - sharded-daemon-process-eventSourcedProjection-passivation-race-entity-passivation-race-consumer-b: Dropping [1] buffered messages to shard [0] during hand off to avoid re-ordering
08:03:29.981 DEBUG akka.cluster.sharding.Shard - sharded-daemon-process-eventSourcedProjection-passivation-race-entity-passivation-race-consumer-b: Shard initialized
08:03:29.981 DEBUG akka.cluster.sharding.Shard - sharded-daemon-process-eventSourcedProjection-passivation-race-entity-passivation-race-consumer-b: HandOff shard [0]
08:03:29.981 DEBUG a.c.sharding.DDataShardCoordinator - sharded-daemon-process-eventSourcedProjection-passivation-race-entity-passivation-race-view: The coordinator state was successfully updated with ShardHomeDeallocated(0)
08:03:29.981 DEBUG a.c.sharding.DDataShardCoordinator - sharded-daemon-process-eventSourcedProjection-passivation-race-entity-passivation-race-consumer-b: Shard [0] deallocation completed successfully.
08:03:29.981 DEBUG a.c.sharding.DDataShardCoordinator - sharded-daemon-process-eventSourcedProjection-passivation-race-entity-passivation-race-view: Shard [0] deallocated after
08:03:29.981 DEBUG akka.cluster.sharding.Shard - sharded-daemon-process-eventSourcedProjection-passivation-race-entity-passivation-race-consumer-b: Shard [0] shutting down
08:03:29.981 DEBUG a.c.sharding.DDataShardCoordinator - sharded-daemon-process-eventSourcedProjection-passivation-race-entity-passivation-race-view: ShardRegion stopped: [Actor[akka://akka-runtime/system/sharding/sharded-daemon-process-eventSourcedProjection-passivation-race-entity-passivation-race-view#-327945691]]
08:03:29.981 DEBUG a.c.sharding.DDataShardCoordinator - sharded-daemon-process-eventSourcedProjection-passivation-race-entity-passivation-race-view: ShardRegion terminated (gracefully): [Actor[akka://akka-runtime/system/sharding/sharded-daemon-process-eventSourcedProjection-passivation-race-entity-passivation-race-view#-327945691]] {}
08:03:29.981 DEBUG a.c.sharding.DDataShardCoordinator - sharded-daemon-process-eventSourcedProjection-passivation-race-entity-passivation-race-view: GetShardHome [0] request from [Actor[akka://local/ignore]] stashed, because waiting for initial state or update of state. It will be handled afterwards.
08:03:29.981 DEBUG a.c.sharding.DDataShardCoordinator - sharded-daemon-process-eventSourcedProjection-passivation-race-entity-passivation-race-consumer-b: The coordinator state was successfully updated with ShardHomeDeallocated(0)
08:03:29.981 DEBUG a.c.sharding.DDataShardCoordinator - sharded-daemon-process-eventSourcedProjection-passivation-race-entity-passivation-race-consumer-b: Shard [0] deallocated after
08:03:29.981 DEBUG a.c.sharding.DDataShardCoordinator - sharded-daemon-process-eventSourcedProjection-passivation-race-entity-passivation-race-consumer-b: ShardRegion stopped: [Actor[akka://akka-runtime/system/sharding/sharded-daemon-process-eventSourcedProjection-passivation-race-entity-passivation-race-consumer-b#-596063409]]
08:03:29.981 DEBUG a.c.sharding.DDataShardCoordinator - sharded-daemon-process-eventSourcedProjection-passivation-race-entity-passivation-race-consumer-b: ShardRegion terminated (gracefully): [Actor[akka://akka-runtime/system/sharding/sharded-daemon-process-eventSourcedProjection-passivation-race-entity-passivation-race-consumer-b#-596063409]] {}
08:03:29.981 DEBUG akka.actor.CoordinatedShutdown - Performing phase [cluster-leave] with [1] tasks.
08:03:29.981 DEBUG a.c.sharding.DDataShardCoordinator - sharded-daemon-process-eventSourcedProjection-passivation-race-entity-passivation-race-consumer-b: GetShardHome [0] request from [Actor[akka://local/ignore]] stashed, because waiting for initial state or update of state. It will be handled afterwards.
08:03:29.981 DEBUG akka.actor.CoordinatedShutdown - Performing task [leave] in CoordinatedShutdown phase [cluster-leave]
08:03:29.982 DEBUG a.c.sharding.DDataShardCoordinator - sharded-daemon-process-eventSourcedProjection-passivation-race-entity-passivation-race-view: The coordinator state was successfully updated with ShardRegionTerminated(Actor[akka://akka-runtime/system/sharding/sharded-daemon-process-eventSourcedProjection-passivation-race-entity-passivation-race-view#-327945691])
08:03:29.982 DEBUG a.c.sharding.DDataShardCoordinator - sharded-daemon-process-eventSourcedProjection-passivation-race-entity-passivation-race-consumer-b: The coordinator state was successfully updated with ShardRegionTerminated(Actor[akka://akka-runtime/system/sharding/sharded-daemon-process-eventSourcedProjection-passivation-race-entity-passivation-race-consumer-b#-596063409])
08:03:29.982 DEBUG akka.actor.CoordinatedShutdown - Performing phase [cluster-exiting] with [28] tasks.
08:03:29.982 DEBUG akka.actor.CoordinatedShutdown - Performing task [singleton-exiting-2] in CoordinatedShutdown phase [cluster-exiting]
08:03:29.982 DEBUG akka.actor.CoordinatedShutdown - Performing task [wait-singleton-exiting] in CoordinatedShutdown phase [cluster-exiting]
08:03:29.982 DEBUG akka.actor.CoordinatedShutdown - Performing task [singleton-exiting-2] in CoordinatedShutdown phase [cluster-exiting]
08:03:29.982 DEBUG akka.actor.CoordinatedShutdown - Performing task [singleton-exiting-2] in CoordinatedShutdown phase [cluster-exiting]
08:03:29.982 DEBUG akka.actor.CoordinatedShutdown - Performing task [wait-singleton-exiting] in CoordinatedShutdown phase [cluster-exiting]
08:03:29.982 DEBUG akka.actor.CoordinatedShutdown - Performing task [singleton-exiting-1] in CoordinatedShutdown phase [cluster-exiting]
08:03:29.982 DEBUG akka.actor.CoordinatedShutdown - Performing task [wait-singleton-exiting] in CoordinatedShutdown phase [cluster-exiting]
08:03:29.982 DEBUG akka.actor.CoordinatedShutdown - Performing task [singleton-exiting-2] in CoordinatedShutdown phase [cluster-exiting]
08:03:29.982 DEBUG akka.actor.CoordinatedShutdown - Performing task [singleton-exiting-2] in CoordinatedShutdown phase [cluster-exiting]
08:03:29.982 INFO  a.c.s.ClusterSingletonManager - Exited [akka://akka-runtime@127.0.0.1:62771].
08:03:29.982 INFO  a.c.s.ClusterSingletonManager - Exited [akka://akka-runtime@127.0.0.1:62771].
08:03:29.982 DEBUG akka.actor.CoordinatedShutdown - Performing task [singleton-exiting-1] in CoordinatedShutdown phase [cluster-exiting]
08:03:29.982 DEBUG akka.actor.CoordinatedShutdown - Performing task [singleton-exiting-1] in CoordinatedShutdown phase [cluster-exiting]
08:03:29.982 INFO  a.c.s.ClusterSingletonManager - Exited [akka://akka-runtime@127.0.0.1:62771].
08:03:29.982 DEBUG akka.actor.CoordinatedShutdown - Performing task [singleton-exiting-1] in CoordinatedShutdown phase [cluster-exiting]
08:03:29.982 DEBUG akka.actor.CoordinatedShutdown - Performing task [singleton-exiting-2] in CoordinatedShutdown phase [cluster-exiting]
08:03:29.982 DEBUG akka.actor.CoordinatedShutdown - Performing task [singleton-exiting-2] in CoordinatedShutdown phase [cluster-exiting]
08:03:29.982 INFO  a.c.s.ClusterSingletonManager - Exited [akka://akka-runtime@127.0.0.1:62771].
08:03:29.982 DEBUG akka.actor.CoordinatedShutdown - Performing task [singleton-exiting-1] in CoordinatedShutdown phase [cluster-exiting]
08:03:29.982 DEBUG akka.actor.CoordinatedShutdown - Performing task [singleton-exiting-2] in CoordinatedShutdown phase [cluster-exiting]
08:03:29.982 INFO  a.c.s.ClusterSingletonManager - Exited [akka://akka-runtime@127.0.0.1:62771].
08:03:29.982 INFO  a.c.s.ClusterSingletonManager - Oldest observed OldestChanged: [akka://akka-runtime@127.0.0.1:62771 -> None]
08:03:29.982 DEBUG akka.actor.CoordinatedShutdown - Performing task [singleton-exiting-1] in CoordinatedShutdown phase [cluster-exiting]
08:03:29.982 DEBUG akka.actor.CoordinatedShutdown - Performing task [wait-singleton-exiting] in CoordinatedShutdown phase [cluster-exiting]
08:03:29.982 DEBUG akka.actor.CoordinatedShutdown - Performing task [wait-exiting] in CoordinatedShutdown phase [cluster-exiting]
08:03:29.982 DEBUG akka.actor.CoordinatedShutdown - Performing task [wait-singleton-exiting] in CoordinatedShutdown phase [cluster-exiting]
08:03:29.982 DEBUG akka.actor.CoordinatedShutdown - Performing task [singleton-exiting-1] in CoordinatedShutdown phase [cluster-exiting]
08:03:29.982 DEBUG akka.actor.CoordinatedShutdown - Performing task [wait-singleton-exiting] in CoordinatedShutdown phase [cluster-exiting]
08:03:29.982 DEBUG akka.actor.CoordinatedShutdown - Performing task [wait-singleton-exiting] in CoordinatedShutdown phase [cluster-exiting]
08:03:29.982 DEBUG akka.actor.CoordinatedShutdown - Performing task [singleton-exiting-2] in CoordinatedShutdown phase [cluster-exiting]
08:03:29.982 INFO  a.c.s.ClusterSingletonManager - ClusterSingletonManager state change [Oldest -> WasOldest]
08:03:29.983 INFO  a.c.s.ClusterSingletonManager - Oldest observed OldestChanged: [akka://akka-runtime@127.0.0.1:62771 -> None]
08:03:29.983 INFO  a.c.s.ClusterSingletonManager - Oldest observed OldestChanged: [akka://akka-runtime@127.0.0.1:62771 -> None]
08:03:29.983 DEBUG akka.actor.CoordinatedShutdown - Performing task [singleton-exiting-1] in CoordinatedShutdown phase [cluster-exiting]
08:03:29.983 DEBUG akka.actor.CoordinatedShutdown - Performing task [wait-singleton-exiting] in CoordinatedShutdown phase [cluster-exiting]
08:03:29.983 DEBUG akka.actor.CoordinatedShutdown - Performing task [singleton-exiting-1] in CoordinatedShutdown phase [cluster-exiting]
08:03:29.983 DEBUG akka.actor.CoordinatedShutdown - Performing task [wait-singleton-exiting] in CoordinatedShutdown phase [cluster-exiting]
08:03:29.983 INFO  a.c.s.ClusterSingletonManager - ClusterSingletonManager state change [Oldest -> WasOldest]
08:03:29.983 INFO  a.c.s.ClusterSingletonManager - ClusterSingletonManager state change [Oldest -> WasOldest]
08:03:29.983 INFO  a.c.s.ClusterSingletonManager - Exited [akka://akka-runtime@127.0.0.1:62771].
08:03:29.983 INFO  a.c.s.ClusterSingletonManager - Exited [akka://akka-runtime@127.0.0.1:62771].
08:03:29.983 INFO  a.c.s.ClusterSingletonManager - Oldest observed OldestChanged: [akka://akka-runtime@127.0.0.1:62771 -> None]
08:03:29.983 INFO  a.c.s.ClusterSingletonManager - Exited [akka://akka-runtime@127.0.0.1:62771].
08:03:29.983 INFO  a.c.s.ClusterSingletonManager - Oldest observed OldestChanged: [akka://akka-runtime@127.0.0.1:62771 -> None]
08:03:29.983 INFO  a.c.s.ClusterSingletonManager - ClusterSingletonManager state change [Oldest -> WasOldest]
08:03:29.983 INFO  a.c.s.ClusterSingletonManager - Exited [akka://akka-runtime@127.0.0.1:62771].
08:03:29.983 INFO  a.c.s.ClusterSingletonManager - ClusterSingletonManager state change [Oldest -> WasOldest]
08:03:29.983 INFO  a.c.s.ClusterSingletonManager - Oldest observed OldestChanged: [akka://akka-runtime@127.0.0.1:62771 -> None]
08:03:29.983 INFO  a.c.s.ClusterSingletonManager - Oldest observed OldestChanged: [akka://akka-runtime@127.0.0.1:62771 -> None]
08:03:29.983 INFO  a.c.s.ClusterSingletonManager - ClusterSingletonManager state change [Oldest -> WasOldest]
08:03:29.983 INFO  a.c.s.ClusterSingletonManager - Oldest observed OldestChanged: [akka://akka-runtime@127.0.0.1:62771 -> None]
08:03:29.983 INFO  a.c.s.ClusterSingletonManager - Oldest observed OldestChanged: [akka://akka-runtime@127.0.0.1:62771 -> None]
08:03:29.983 INFO  a.c.s.ClusterSingletonManager - ClusterSingletonManager state change [Oldest -> WasOldest]
08:03:29.983 INFO  a.c.s.ClusterSingletonManager - ClusterSingletonManager state change [Oldest -> WasOldest]
08:03:29.983 INFO  a.c.s.ClusterSingletonManager - ClusterSingletonManager state change [Oldest -> WasOldest]
08:03:30.583 DEBUG a.c.singleton.ClusterSingletonProxy - Creating singleton identification timer...
08:03:30.583 DEBUG a.c.singleton.ClusterSingletonProxy - Creating singleton identification timer...
08:03:30.583 DEBUG a.c.singleton.ClusterSingletonProxy - Creating singleton identification timer...
08:03:30.583 DEBUG a.c.singleton.ClusterSingletonProxy - Creating singleton identification timer...
08:03:31.001 INFO  a.c.s.ClusterSingletonManager - Singleton manager stopping singleton actor [akka://akka-runtime/system/sharding/sharded-daemon-process-eventSourcedProjection-passivation-race-entity-passivation-race-consumer-bCoordinator/singleton]
08:03:31.001 INFO  a.c.s.ClusterSingletonManager - Singleton manager stopping singleton actor [akka://akka-runtime/system/singletonManagerShardedDaemonProcessCoordinator-eventSourcedProjection-passivation-race-entity-passivation-race-consumer-a/ShardedDaemonProcessCoordinator-eventSourcedProjection-passivation-race-entity-passivation-race-consumer-a]
08:03:31.001 INFO  a.c.s.ClusterSingletonManager - Singleton manager stopping singleton actor [akka://akka-runtime/system/sharding/_timerCoordinator/singleton]
08:03:31.001 INFO  a.c.s.ClusterSingletonManager - Singleton manager stopping singleton actor [akka://akka-runtime/system/singletonManagerschemaSingleton/schemaSingleton]
08:03:31.001 INFO  a.c.s.ClusterSingletonManager - Singleton manager stopping singleton actor [akka://akka-runtime/system/sharding/sharded-daemon-process-eventSourcedProjection-passivation-race-entity-passivation-race-viewCoordinator/singleton]
08:03:31.001 INFO  a.c.s.ClusterSingletonManager - Singleton manager stopping singleton actor [akka://akka-runtime/system/singletonManagerShardedDaemonProcessCoordinator-eventSourcedProjection-passivation-race-entity-passivation-race-view/ShardedDaemonProcessCoordinator-eventSourcedProjection-passivation-race-entity-passivation-race-view]
08:03:31.001 INFO  a.c.s.ClusterSingletonManager - ClusterSingletonManager state change [WasOldest -> Stopping]
08:03:31.001 INFO  a.c.s.ClusterSingletonManager - ClusterSingletonManager state change [WasOldest -> Stopping]
08:03:31.001 INFO  a.c.s.ClusterSingletonManager - ClusterSingletonManager state change [WasOldest -> Stopping]
08:03:31.001 INFO  a.c.s.ClusterSingletonManager - ClusterSingletonManager state change [WasOldest -> Stopping]
08:03:31.001 INFO  a.c.s.ClusterSingletonManager - ClusterSingletonManager state change [WasOldest -> Stopping]
08:03:31.001 INFO  a.c.s.ClusterSingletonManager - ClusterSingletonManager state change [WasOldest -> Stopping]
08:03:31.001 INFO  a.c.s.ClusterSingletonManager - Singleton manager stopping singleton actor [akka://akka-runtime/system/sharding/sharded-daemon-process-eventSourcedProjection-passivation-race-entity-passivation-race-consumer-aCoordinator/singleton]
08:03:31.001 INFO  a.c.s.ClusterSingletonManager - ClusterSingletonManager state change [WasOldest -> Stopping]
08:03:31.001 DEBUG a.c.sharding.DDataShardCoordinator - sharded-daemon-process-eventSourcedProjection-passivation-race-entity-passivation-race-view: Received termination message.
08:03:31.001 DEBUG a.c.sharding.DDataShardCoordinator - sharded-daemon-process-eventSourcedProjection-passivation-race-entity-passivation-race-consumer-a: Received termination message.
08:03:31.001 INFO  a.c.s.ClusterSingletonManager - Singleton manager stopping singleton actor [akka://akka-runtime/system/singletonManagerShardedDaemonProcessCoordinator-eventSourcedProjection-passivation-race-entity-passivation-race-consumer-b/ShardedDaemonProcessCoordinator-eventSourcedProjection-passivation-race-entity-passivation-race-consumer-b]
08:03:31.001 DEBUG a.c.sharding.DDataShardCoordinator - _timer: Received termination message.
08:03:31.001 INFO  a.c.s.ClusterSingletonManager - ClusterSingletonManager state change [WasOldest -> Stopping]
08:03:31.001 INFO  a.c.s.ClusterSingletonManager - Singleton manager stopping singleton actor [akka://akka-runtime/system/sharding/passivation-race-entityCoordinator/singleton]
08:03:31.001 INFO  a.c.s.ClusterSingletonManager - ClusterSingletonManager state change [WasOldest -> Stopping]
08:03:31.001 DEBUG a.c.sharding.DDataShardCoordinator - sharded-daemon-process-eventSourcedProjection-passivation-race-entity-passivation-race-consumer-b: Received termination message.
08:03:31.001 DEBUG a.c.sharding.DDataShardCoordinator - passivation-race-entity: Received termination message.
08:03:31.001 INFO  a.c.s.ClusterSingletonManager - Singleton actor [akka://akka-runtime/system/singletonManagerShardedDaemonProcessCoordinator-eventSourcedProjection-passivation-race-entity-passivation-race-consumer-b/ShardedDaemonProcessCoordinator-eventSourcedProjection-passivation-race-entity-passivation-race-consumer-b] was terminated
08:03:31.001 INFO  a.c.s.ClusterSingletonManager - Singleton actor [akka://akka-runtime/system/sharding/passivation-race-entityCoordinator/singleton] was terminated
08:03:31.001 INFO  a.c.s.ClusterSingletonManager - Singleton actor [akka://akka-runtime/system/sharding/_timerCoordinator/singleton] was terminated
08:03:31.001 INFO  a.c.s.ClusterSingletonManager - Singleton actor [akka://akka-runtime/system/singletonManagerShardedDaemonProcessCoordinator-eventSourcedProjection-passivation-race-entity-passivation-race-consumer-a/ShardedDaemonProcessCoordinator-eventSourcedProjection-passivation-race-entity-passivation-race-consumer-a] was terminated
08:03:31.001 INFO  a.c.s.ClusterSingletonManager - Singleton actor [akka://akka-runtime/system/sharding/sharded-daemon-process-eventSourcedProjection-passivation-race-entity-passivation-race-consumer-bCoordinator/singleton] was terminated
08:03:31.001 INFO  a.c.s.ClusterSingletonManager - Singleton actor [akka://akka-runtime/system/sharding/sharded-daemon-process-eventSourcedProjection-passivation-race-entity-passivation-race-consumer-aCoordinator/singleton] was terminated
08:03:31.001 INFO  a.c.s.ClusterSingletonManager - Singleton actor [akka://akka-runtime/system/singletonManagerschemaSingleton/schemaSingleton] was terminated
08:03:31.002 INFO  a.c.s.ClusterSingletonManager - Singleton actor [akka://akka-runtime/system/singletonManagerShardedDaemonProcessCoordinator-eventSourcedProjection-passivation-race-entity-passivation-race-view/ShardedDaemonProcessCoordinator-eventSourcedProjection-passivation-race-entity-passivation-race-view] was terminated
08:03:31.002 INFO  a.c.s.ClusterSingletonManager - Singleton actor [akka://akka-runtime/system/sharding/sharded-daemon-process-eventSourcedProjection-passivation-race-entity-passivation-race-viewCoordinator/singleton] was terminated
08:03:31.002 DEBUG akka.actor.CoordinatedShutdown - Performing phase [cluster-exiting-done] with [1] tasks.
08:03:31.002 DEBUG akka.actor.CoordinatedShutdown - Performing task [exiting-completed] in CoordinatedShutdown phase [cluster-exiting-done]
08:03:31.002 DEBUG akka.actor.CoordinatedShutdown - Performing phase [cluster-shutdown] with [1] tasks.
08:03:31.002 DEBUG akka.actor.CoordinatedShutdown - Performing task [wait-shutdown] in CoordinatedShutdown phase [cluster-shutdown]
08:03:31.003 DEBUG akka.actor.CoordinatedShutdown - Performing phase [before-actor-system-terminate] with [2] tasks.
08:03:31.003 DEBUG akka.actor.CoordinatedShutdown - Performing task [close connection pools] in CoordinatedShutdown phase [before-actor-system-terminate]
08:03:31.003 DEBUG akka.actor.CoordinatedShutdown - Performing task [close-grpc-channels] in CoordinatedShutdown phase [before-actor-system-terminate]
08:03:31.003 DEBUG akka.actor.CoordinatedShutdown - Performing phase [actor-system-terminate] with [1] tasks.
08:03:31.003 DEBUG akka.actor.CoordinatedShutdown - Performing task [terminate-system] in CoordinatedShutdown phase [actor-system-terminate]
08:03:31.072 INFO  akka.runtime.AkkaRuntimeMain - Starting Akka Runtime version [1.6.15]
08:03:31.081 INFO  akka.javasdk.impl.ComponentLocator$ - Looking for component descriptors matching pattern [META-INF/akka-javasdk-components_*.conf]
08:03:31.088 INFO  akka.javasdk.testkit.TestKit - Eventing TestKit booting up on port: 62775
08:03:31.091 DEBUG a.c.singleton.ClusterSingletonProxy - Creating singleton identification timer...
08:03:31.091 DEBUG a.c.singleton.ClusterSingletonProxy - Trying to identify singleton at [akka://akka-runtime@127.0.0.1:62776/system/singletonManagerschemaSingleton/schemaSingleton]
08:03:31.091 DEBUG a.c.singleton.ClusterSingletonProxy - Singleton not available, buffering message type [kalix.runtime.SchemaSingleton$ExecDdl]
08:03:31.091 INFO  a.c.s.ClusterSingletonManager - Singleton manager starting singleton actor [akka://akka-runtime/system/singletonManagerschemaSingleton/schemaSingleton]
08:03:31.091 INFO  a.c.s.ClusterSingletonManager - ClusterSingletonManager state change [Start -> Oldest]
08:03:31.093 INFO  akka.javasdk.testkit.TestKit - Checking runtime status
08:03:31.156 DEBUG a.c.singleton.ClusterSingletonProxy - Trying to identify singleton at [akka://akka-runtime@127.0.0.1:62776/system/singletonManagerschemaSingleton/schemaSingleton]
08:03:31.156 INFO  a.c.singleton.ClusterSingletonProxy - Singleton identified at [akka://akka-runtime/system/singletonManagerschemaSingleton/schemaSingleton]
08:03:31.156 DEBUG a.c.singleton.ClusterSingletonProxy - Sending buffered messages to current singleton instance
08:03:31.158 INFO  a.c.s.typed.scaladsl.ClusterSharding - Starting Shard Region [passivation-race-entity]...
08:03:31.158 INFO  akka.cluster.sharding.ShardRegion - passivation-race-entity: Automatic entity passivation: composite strategy with limit of [10000] active entities, admission window (least recently used entities) with proportions [initial = 0.01, min = 0.01, max = 1.0] adapting with hill-climbing optimizer [adjust multiplier = 10.0, initial step = 0.0625, restart threshold = 0.05, step decay = 0.98], admit using frequency sketch [width multiplier = 4, reset multiplier = 10.0, depth = 4, counter bits = 4], main (least recently used entities (segmented with [2] levels with proportions of [0.20, 0.80]))
08:03:31.159 INFO  a.c.s.ClusterSingletonManager - Singleton manager starting singleton actor [akka://akka-runtime/system/sharding/passivation-race-entityCoordinator/singleton]
08:03:31.159 INFO  a.c.s.ClusterSingletonManager - ClusterSingletonManager state change [Start -> Oldest]
08:03:31.159 DEBUG a.c.sharding.DDataShardCoordinator - passivation-race-entity: Initial coordinator is empty.
08:03:31.159 INFO  a.c.sharding.DDataShardCoordinator - passivation-race-entity: ShardCoordinator was moved to the active state with [0] shards
08:03:31.160 DEBUG a.c.singleton.ClusterSingletonProxy - Forwarding message of type [SchemaSingleton$ExecDdl] to current singleton instance at [akka://akka-runtime/system/singletonManagerschemaSingleton/schemaSingleton]
08:03:31.161 INFO  akka.runtime.DiscoveryManager - Service components: EventSourcedEntity: [1], Consumer: [2], View: [1]
08:03:31.162 INFO  a.c.s.typed.scaladsl.ClusterSharding - Starting Shard Region [_timer]...
08:03:31.162 INFO  a.c.s.typed.scaladsl.ClusterSharding - Starting Shard Region [sharded-daemon-process-eventSourcedProjection-passivation-race-entity-passivation-race-consumer-a]...
08:03:31.162 INFO  a.c.s.ClusterSingletonManager - Singleton manager starting singleton actor [akka://akka-runtime/system/sharding/_timerCoordinator/singleton]
08:03:31.163 INFO  a.c.s.ClusterSingletonManager - ClusterSingletonManager state change [Start -> Oldest]
08:03:31.163 INFO  akka.cluster.sharding.ShardRegion - sharded-daemon-process-eventSourcedProjection-passivation-race-entity-passivation-race-consumer-a: Automatic entity passivation: disabled
08:03:31.163 DEBUG a.c.sharding.DDataShardCoordinator - _timer: Starting remember entities store from provider akka.cluster.sharding.internal.DDataRememberEntitiesProvider@54514e1a
08:03:31.163 DEBUG a.c.sharding.DDataShardCoordinator - _timer: Initial coordinator is empty.
08:03:31.163 INFO  a.c.sharding.DDataShardCoordinator - _timer: ShardCoordinator was moved to the active state with [0] shards
08:03:31.163 DEBUG a.c.sharding.DDataShardCoordinator - _timer: Received [0] remembered shard ids (after state initialized)
08:03:31.163 INFO  a.c.s.ClusterSingletonManager - Singleton manager starting singleton actor [akka://akka-runtime/system/sharding/sharded-daemon-process-eventSourcedProjection-passivation-race-entity-passivation-race-consumer-aCoordinator/singleton]
08:03:31.163 DEBUG a.c.singleton.ClusterSingletonProxy - Creating singleton identification timer...
08:03:31.163 INFO  a.c.s.ClusterSingletonManager - ClusterSingletonManager state change [Start -> Oldest]
08:03:31.163 DEBUG a.c.singleton.ClusterSingletonProxy - Trying to identify singleton at [akka://akka-runtime@127.0.0.1:62776/system/singletonManagerShardedDaemonProcessCoordinator-eventSourcedProjection-passivation-race-entity-passivation-race-consumer-a/ShardedDaemonProcessCoordinator-eventSourcedProjection-passivation-race-entity-passivation-race-consumer-a]
08:03:31.163 INFO  a.c.s.typed.scaladsl.ClusterSharding - Starting Shard Region [sharded-daemon-process-eventSourcedProjection-passivation-race-entity-passivation-race-consumer-b]...
08:03:31.164 DEBUG a.c.sharding.DDataShardCoordinator - sharded-daemon-process-eventSourcedProjection-passivation-race-entity-passivation-race-consumer-a: Initial coordinator is empty.
08:03:31.164 INFO  a.c.sharding.DDataShardCoordinator - sharded-daemon-process-eventSourcedProjection-passivation-race-entity-passivation-race-consumer-a: ShardCoordinator was moved to the active state with [0] shards
08:03:31.164 INFO  akka.cluster.sharding.ShardRegion - sharded-daemon-process-eventSourcedProjection-passivation-race-entity-passivation-race-consumer-b: Automatic entity passivation: disabled
08:03:31.164 INFO  a.c.s.typed.scaladsl.ClusterSharding - Starting Shard Region [sharded-daemon-process-eventSourcedProjection-passivation-race-entity-passivation-race-view]...
08:03:31.164 INFO  akka.cluster.sharding.ShardRegion - sharded-daemon-process-eventSourcedProjection-passivation-race-entity-passivation-race-view: Automatic entity passivation: disabled
08:03:31.164 INFO  a.c.s.ClusterSingletonManager - Singleton manager starting singleton actor [akka://akka-runtime/system/singletonManagerShardedDaemonProcessCoordinator-eventSourcedProjection-passivation-race-entity-passivation-race-consumer-a/ShardedDaemonProcessCoordinator-eventSourcedProjection-passivation-race-entity-passivation-race-consumer-a]
08:03:31.164 INFO  a.c.s.ClusterSingletonManager - ClusterSingletonManager state change [Start -> Oldest]
08:03:31.164 DEBUG a.c.s.t.i.ShardedDaemonProcessCoordinator$ - ShardedDaemonProcessCoordinator for [eventSourcedProjection-passivation-race-entity-passivation-race-consumer-a] starting
08:03:31.164 DEBUG a.c.s.t.i.ShardedDaemonProcessCoordinator$ - eventSourcedProjection-passivation-race-entity-passivation-race-consumer-a: No previous state stored for Sharded Daemon Process
08:03:31.165 DEBUG a.c.s.t.i.ShardedDaemonProcessCoordinator$ - Sending periodic keep alive for Sharded Daemon Process [eventSourcedProjection-passivation-race-entity-passivation-race-consumer-a] to [1] processes (revision [0]).
08:03:31.165 DEBUG a.c.singleton.ClusterSingletonProxy - Creating singleton identification timer...
08:03:31.165 DEBUG a.c.singleton.ClusterSingletonProxy - Trying to identify singleton at [akka://akka-runtime@127.0.0.1:62776/system/singletonManagerShardedDaemonProcessCoordinator-eventSourcedProjection-passivation-race-entity-passivation-race-consumer-b/ShardedDaemonProcessCoordinator-eventSourcedProjection-passivation-race-entity-passivation-race-consumer-b]
08:03:31.165 DEBUG a.c.singleton.ClusterSingletonProxy - Creating singleton identification timer...
08:03:31.165 DEBUG a.c.singleton.ClusterSingletonProxy - Trying to identify singleton at [akka://akka-runtime@127.0.0.1:62776/system/singletonManagerShardedDaemonProcessCoordinator-eventSourcedProjection-passivation-race-entity-passivation-race-view/ShardedDaemonProcessCoordinator-eventSourcedProjection-passivation-race-entity-passivation-race-view]
08:03:31.165 INFO  a.c.s.ClusterSingletonManager - Singleton manager starting singleton actor [akka://akka-runtime/system/sharding/sharded-daemon-process-eventSourcedProjection-passivation-race-entity-passivation-race-consumer-bCoordinator/singleton]
08:03:31.165 INFO  a.c.s.ClusterSingletonManager - Singleton manager starting singleton actor [akka://akka-runtime/system/singletonManagerShardedDaemonProcessCoordinator-eventSourcedProjection-passivation-race-entity-passivation-race-consumer-b/ShardedDaemonProcessCoordinator-eventSourcedProjection-passivation-race-entity-passivation-race-consumer-b]
08:03:31.165 INFO  a.c.s.ClusterSingletonManager - ClusterSingletonManager state change [Start -> Oldest]
08:03:31.165 INFO  a.c.s.ClusterSingletonManager - Singleton manager starting singleton actor [akka://akka-runtime/system/sharding/sharded-daemon-process-eventSourcedProjection-passivation-race-entity-passivation-race-viewCoordinator/singleton]
08:03:31.165 INFO  a.c.s.ClusterSingletonManager - ClusterSingletonManager state change [Start -> Oldest]
08:03:31.165 INFO  a.c.s.ClusterSingletonManager - ClusterSingletonManager state change [Start -> Oldest]
08:03:31.165 DEBUG a.c.s.t.i.ShardedDaemonProcessCoordinator$ - ShardedDaemonProcessCoordinator for [eventSourcedProjection-passivation-race-entity-passivation-race-consumer-b] starting
08:03:31.165 DEBUG a.c.sharding.DDataShardCoordinator - sharded-daemon-process-eventSourcedProjection-passivation-race-entity-passivation-race-consumer-b: Initial coordinator is empty.
08:03:31.165 INFO  a.c.sharding.DDataShardCoordinator - sharded-daemon-process-eventSourcedProjection-passivation-race-entity-passivation-race-consumer-b: ShardCoordinator was moved to the active state with [0] shards
08:03:31.165 DEBUG a.c.sharding.DDataShardCoordinator - sharded-daemon-process-eventSourcedProjection-passivation-race-entity-passivation-race-view: Initial coordinator is empty.
08:03:31.165 INFO  a.c.sharding.DDataShardCoordinator - sharded-daemon-process-eventSourcedProjection-passivation-race-entity-passivation-race-view: ShardCoordinator was moved to the active state with [0] shards
08:03:31.165 INFO  a.c.s.ClusterSingletonManager - Singleton manager starting singleton actor [akka://akka-runtime/system/singletonManagerShardedDaemonProcessCoordinator-eventSourcedProjection-passivation-race-entity-passivation-race-view/ShardedDaemonProcessCoordinator-eventSourcedProjection-passivation-race-entity-passivation-race-view]
08:03:31.165 DEBUG a.c.s.t.i.ShardedDaemonProcessCoordinator$ - eventSourcedProjection-passivation-race-entity-passivation-race-consumer-b: No previous state stored for Sharded Daemon Process
08:03:31.165 DEBUG a.c.s.t.i.ShardedDaemonProcessCoordinator$ - Sending periodic keep alive for Sharded Daemon Process [eventSourcedProjection-passivation-race-entity-passivation-race-consumer-b] to [1] processes (revision [0]).
08:03:31.165 INFO  a.c.s.ClusterSingletonManager - ClusterSingletonManager state change [Start -> Oldest]
08:03:31.165 DEBUG a.c.s.t.i.ShardedDaemonProcessCoordinator$ - ShardedDaemonProcessCoordinator for [eventSourcedProjection-passivation-race-entity-passivation-race-view] starting
08:03:31.166 DEBUG a.c.s.t.i.ShardedDaemonProcessCoordinator$ - eventSourcedProjection-passivation-race-entity-passivation-race-view: No previous state stored for Sharded Daemon Process
08:03:31.166 DEBUG a.c.s.t.i.ShardedDaemonProcessCoordinator$ - Sending periodic keep alive for Sharded Daemon Process [eventSourcedProjection-passivation-race-entity-passivation-race-view] to [1] processes (revision [0]).
08:03:31.167 INFO  akka.runtime.DiscoveryManager - Akka Runtime started at 127.0.0.1:62774
08:03:31.167 INFO  repro.Bootstrap - onStartup burst of 8 starting
08:03:31.219 INFO  akka.javasdk.testkit.TestKit - Runtime started
08:03:31.219 INFO  akka.actor.CoordinatedShutdown - Running CoordinatedShutdown with reason [ActorSystemTerminateReason]
08:03:31.219 DEBUG akka.actor.CoordinatedShutdown - Performing phase [before-service-unbind] with [0] tasks
08:03:31.219 DEBUG akka.actor.CoordinatedShutdown - Performing phase [service-unbind] with [1] tasks.
08:03:31.219 DEBUG akka.actor.CoordinatedShutdown - Performing task [http-unbind-/127.0.0.1:62774] in CoordinatedShutdown phase [service-unbind]
08:03:31.219 DEBUG akka.actor.CoordinatedShutdown - Performing phase [service-requests-done] with [1] tasks.
08:03:31.219 DEBUG akka.actor.CoordinatedShutdown - Performing task [http-terminate-/127.0.0.1:62774] in CoordinatedShutdown phase [service-requests-done]
08:03:31.219 DEBUG akka.actor.CoordinatedShutdown - Performing phase [service-stop] with [1] tasks.
08:03:31.219 DEBUG akka.actor.CoordinatedShutdown - Performing task [stop-grpc-clients] in CoordinatedShutdown phase [service-stop]
08:03:31.219 DEBUG akka.actor.CoordinatedShutdown - Performing phase [before-cluster-shutdown] with [0] tasks
08:03:31.219 DEBUG akka.actor.CoordinatedShutdown - Performing phase [cluster-sharding-shutdown-region] with [5] tasks.
08:03:31.219 DEBUG akka.actor.CoordinatedShutdown - Performing task [region-shutdown] in CoordinatedShutdown phase [cluster-sharding-shutdown-region]
08:03:31.219 DEBUG akka.actor.CoordinatedShutdown - Performing task [region-shutdown] in CoordinatedShutdown phase [cluster-sharding-shutdown-region]
08:03:31.219 DEBUG akka.actor.CoordinatedShutdown - Performing task [region-shutdown] in CoordinatedShutdown phase [cluster-sharding-shutdown-region]
08:03:31.219 DEBUG akka.actor.CoordinatedShutdown - Performing task [region-shutdown] in CoordinatedShutdown phase [cluster-sharding-shutdown-region]
08:03:31.219 DEBUG akka.actor.CoordinatedShutdown - Performing task [region-shutdown] in CoordinatedShutdown phase [cluster-sharding-shutdown-region]
08:03:31.220 DEBUG a.c.sharding.DDataShardCoordinator - sharded-daemon-process-eventSourcedProjection-passivation-race-entity-passivation-race-consumer-b: Unknown region requested graceful shutdown [Actor[akka://akka-runtime/system/sharding/sharded-daemon-process-eventSourcedProjection-passivation-race-entity-passivation-race-consumer-b#1661513696]]
08:03:31.220 DEBUG a.c.sharding.DDataShardCoordinator - _timer: Unknown region requested graceful shutdown [Actor[akka://akka-runtime/system/sharding/_timer#1566663722]]
08:03:31.220 DEBUG a.c.sharding.DDataShardCoordinator - sharded-daemon-process-eventSourcedProjection-passivation-race-entity-passivation-race-consumer-a: Unknown region requested graceful shutdown [Actor[akka://akka-runtime/system/sharding/sharded-daemon-process-eventSourcedProjection-passivation-race-entity-passivation-race-consumer-a#63334384]]
08:03:31.220 DEBUG a.c.sharding.DDataShardCoordinator - passivation-race-entity: Unknown region requested graceful shutdown [Actor[akka://akka-runtime/system/sharding/passivation-race-entity#85260830]]
08:03:31.220 DEBUG a.c.sharding.DDataShardCoordinator - sharded-daemon-process-eventSourcedProjection-passivation-race-entity-passivation-race-view: Unknown region requested graceful shutdown [Actor[akka://akka-runtime/system/sharding/sharded-daemon-process-eventSourcedProjection-passivation-race-entity-passivation-race-view#187043477]]
08:03:31.226 DEBUG a.c.singleton.ClusterSingletonProxy - Trying to identify singleton at [akka://akka-runtime@127.0.0.1:62776/system/singletonManagerShardedDaemonProcessCoordinator-eventSourcedProjection-passivation-race-entity-passivation-race-consumer-b/ShardedDaemonProcessCoordinator-eventSourcedProjection-passivation-race-entity-passivation-race-consumer-b]
08:03:31.226 DEBUG a.c.singleton.ClusterSingletonProxy - Trying to identify singleton at [akka://akka-runtime@127.0.0.1:62776/system/singletonManagerShardedDaemonProcessCoordinator-eventSourcedProjection-passivation-race-entity-passivation-race-view/ShardedDaemonProcessCoordinator-eventSourcedProjection-passivation-race-entity-passivation-race-view]
08:03:31.226 DEBUG a.c.singleton.ClusterSingletonProxy - Trying to identify singleton at [akka://akka-runtime@127.0.0.1:62776/system/singletonManagerShardedDaemonProcessCoordinator-eventSourcedProjection-passivation-race-entity-passivation-race-consumer-a/ShardedDaemonProcessCoordinator-eventSourcedProjection-passivation-race-entity-passivation-race-consumer-a]
08:03:31.226 INFO  a.c.singleton.ClusterSingletonProxy - Singleton identified at [akka://akka-runtime/system/singletonManagerShardedDaemonProcessCoordinator-eventSourcedProjection-passivation-race-entity-passivation-race-consumer-b/ShardedDaemonProcessCoordinator-eventSourcedProjection-passivation-race-entity-passivation-race-consumer-b]
08:03:31.226 DEBUG a.c.singleton.ClusterSingletonProxy - Sending buffered messages to current singleton instance
08:03:31.226 INFO  a.c.singleton.ClusterSingletonProxy - Singleton identified at [akka://akka-runtime/system/singletonManagerShardedDaemonProcessCoordinator-eventSourcedProjection-passivation-race-entity-passivation-race-consumer-a/ShardedDaemonProcessCoordinator-eventSourcedProjection-passivation-race-entity-passivation-race-consumer-a]
08:03:31.226 DEBUG a.c.singleton.ClusterSingletonProxy - Sending buffered messages to current singleton instance
08:03:31.226 INFO  a.c.singleton.ClusterSingletonProxy - Singleton identified at [akka://akka-runtime/system/singletonManagerShardedDaemonProcessCoordinator-eventSourcedProjection-passivation-race-entity-passivation-race-view/ShardedDaemonProcessCoordinator-eventSourcedProjection-passivation-race-entity-passivation-race-view]
08:03:31.226 DEBUG a.c.singleton.ClusterSingletonProxy - Sending buffered messages to current singleton instance
08:03:31.427 DEBUG a.c.sharding.DDataShardCoordinator - sharded-daemon-process-eventSourcedProjection-passivation-race-entity-passivation-race-consumer-b: ShardRegion registered: [Actor[akka://akka-runtime/system/sharding/sharded-daemon-process-eventSourcedProjection-passivation-race-entity-passivation-race-consumer-b#1661513696]]
08:03:31.427 DEBUG a.c.sharding.DDataShardCoordinator - sharded-daemon-process-eventSourcedProjection-passivation-race-entity-passivation-race-consumer-a: ShardRegion registered: [Actor[akka://akka-runtime/system/sharding/sharded-daemon-process-eventSourcedProjection-passivation-race-entity-passivation-race-consumer-a#63334384]]
08:03:31.427 DEBUG a.c.sharding.DDataShardCoordinator - sharded-daemon-process-eventSourcedProjection-passivation-race-entity-passivation-race-view: ShardRegion registered: [Actor[akka://akka-runtime/system/sharding/sharded-daemon-process-eventSourcedProjection-passivation-race-entity-passivation-race-view#187043477]]
08:03:31.427 DEBUG a.c.sharding.DDataShardCoordinator - passivation-race-entity: ShardRegion registered: [Actor[akka://akka-runtime/system/sharding/passivation-race-entity#85260830]]
08:03:31.428 DEBUG a.c.sharding.DDataShardCoordinator - sharded-daemon-process-eventSourcedProjection-passivation-race-entity-passivation-race-view: The coordinator state was successfully updated with ShardRegionRegistered(Actor[akka://akka-runtime/system/sharding/sharded-daemon-process-eventSourcedProjection-passivation-race-entity-passivation-race-view#187043477])
08:03:31.428 DEBUG a.c.sharding.DDataShardCoordinator - sharded-daemon-process-eventSourcedProjection-passivation-race-entity-passivation-race-consumer-a: The coordinator state was successfully updated with ShardRegionRegistered(Actor[akka://akka-runtime/system/sharding/sharded-daemon-process-eventSourcedProjection-passivation-race-entity-passivation-race-consumer-a#63334384])
08:03:31.428 DEBUG a.c.sharding.DDataShardCoordinator - passivation-race-entity: The coordinator state was successfully updated with ShardRegionRegistered(Actor[akka://akka-runtime/system/sharding/passivation-race-entity#85260830])
08:03:31.429 DEBUG a.c.sharding.DDataShardCoordinator - sharded-daemon-process-eventSourcedProjection-passivation-race-entity-passivation-race-consumer-b: The coordinator state was successfully updated with ShardRegionRegistered(Actor[akka://akka-runtime/system/sharding/sharded-daemon-process-eventSourcedProjection-passivation-race-entity-passivation-race-consumer-b#1661513696])
08:03:31.429 DEBUG a.c.sharding.DDataShardCoordinator - sharded-daemon-process-eventSourcedProjection-passivation-race-entity-passivation-race-view: The coordinator state was successfully updated with ShardHomeAllocated(0,Actor[akka://akka-runtime/system/sharding/sharded-daemon-process-eventSourcedProjection-passivation-race-entity-passivation-race-view#187043477])
08:03:31.429 DEBUG a.c.sharding.DDataShardCoordinator - sharded-daemon-process-eventSourcedProjection-passivation-race-entity-passivation-race-consumer-a: The coordinator state was successfully updated with ShardHomeAllocated(0,Actor[akka://akka-runtime/system/sharding/sharded-daemon-process-eventSourcedProjection-passivation-race-entity-passivation-race-consumer-a#63334384])
08:03:31.429 DEBUG a.c.sharding.DDataShardCoordinator - passivation-race-entity: The coordinator state was successfully updated with ShardHomeAllocated(175,Actor[akka://akka-runtime/system/sharding/passivation-race-entity#85260830])
08:03:31.429 DEBUG a.c.sharding.DDataShardCoordinator - sharded-daemon-process-eventSourcedProjection-passivation-race-entity-passivation-race-view: Shard [0] allocated at [Actor[akka://akka-runtime/system/sharding/sharded-daemon-process-eventSourcedProjection-passivation-race-entity-passivation-race-view#187043477]]
08:03:31.430 DEBUG a.c.sharding.DDataShardCoordinator - sharded-daemon-process-eventSourcedProjection-passivation-race-entity-passivation-race-consumer-b: The coordinator state was successfully updated with ShardHomeAllocated(0,Actor[akka://akka-runtime/system/sharding/sharded-daemon-process-eventSourcedProjection-passivation-race-entity-passivation-race-consumer-b#1661513696])
08:03:31.430 DEBUG a.c.sharding.DDataShardCoordinator - sharded-daemon-process-eventSourcedProjection-passivation-race-entity-passivation-race-consumer-b: Shard [0] allocated at [Actor[akka://akka-runtime/system/sharding/sharded-daemon-process-eventSourcedProjection-passivation-race-entity-passivation-race-consumer-b#1661513696]]
08:03:31.430 DEBUG a.c.sharding.DDataShardCoordinator - sharded-daemon-process-eventSourcedProjection-passivation-race-entity-passivation-race-view: Graceful shutdown of region [Actor[akka://akka-runtime/system/sharding/sharded-daemon-process-eventSourcedProjection-passivation-race-entity-passivation-race-view#187043477]] with [1] shards
08:03:31.430 INFO  a.c.sharding.DDataShardCoordinator - sharded-daemon-process-eventSourcedProjection-passivation-race-entity-passivation-race-view: Starting shutting down shards [0] due to region shutting down or explicit stopping of shards.
08:03:31.430 DEBUG a.c.sharding.DDataShardCoordinator - sharded-daemon-process-eventSourcedProjection-passivation-race-entity-passivation-race-consumer-b: Graceful shutdown of region [Actor[akka://akka-runtime/system/sharding/sharded-daemon-process-eventSourcedProjection-passivation-race-entity-passivation-race-consumer-b#1661513696]] with [1] shards
08:03:31.430 INFO  a.c.sharding.DDataShardCoordinator - sharded-daemon-process-eventSourcedProjection-passivation-race-entity-passivation-race-consumer-b: Starting shutting down shards [0] due to region shutting down or explicit stopping of shards.
08:03:31.430 DEBUG a.c.s.ShardCoordinator$RebalanceWorker - sharded-daemon-process-eventSourcedProjection-passivation-race-entity-passivation-race-view: Shutting down shard [0] from region [Actor[akka://akka-runtime/system/sharding/sharded-daemon-process-eventSourcedProjection-passivation-race-entity-passivation-race-view#187043477]]. Asking [1] region(s) to hand-off shard
08:03:31.430 DEBUG akka.cluster.sharding.Shard - sharded-daemon-process-eventSourcedProjection-passivation-race-entity-passivation-race-consumer-b: Shard initialized
08:03:31.430 DEBUG akka.cluster.sharding.Shard - sharded-daemon-process-eventSourcedProjection-passivation-race-entity-passivation-race-view: Shard initialized
08:03:31.430 DEBUG a.c.s.ShardCoordinator$RebalanceWorker - sharded-daemon-process-eventSourcedProjection-passivation-race-entity-passivation-race-consumer-b: Shutting down shard [0] from region [Actor[akka://akka-runtime/system/sharding/sharded-daemon-process-eventSourcedProjection-passivation-race-entity-passivation-race-consumer-b#1661513696]]. Asking [1] region(s) to hand-off shard
08:03:31.430 DEBUG akka.cluster.sharding.Shard - sharded-daemon-process-eventSourcedProjection-passivation-race-entity-passivation-race-view: Request to start entity [0] and ack to [Some(Actor[akka://akka-runtime/deadLetters])]
08:03:31.430 DEBUG a.c.s.ShardCoordinator$RebalanceWorker - sharded-daemon-process-eventSourcedProjection-passivation-race-entity-passivation-race-view: BeginHandOffAck for shard [0] received from [Actor[akka://akka-runtime/system/sharding/sharded-daemon-process-eventSourcedProjection-passivation-race-entity-passivation-race-view#187043477]].
08:03:31.430 DEBUG a.c.s.ShardCoordinator$RebalanceWorker - sharded-daemon-process-eventSourcedProjection-passivation-race-entity-passivation-race-view: All shard regions acked, handing off shard [0].
08:03:31.431 DEBUG akka.cluster.sharding.Shard - sharded-daemon-process-eventSourcedProjection-passivation-race-entity-passivation-race-consumer-b: Request to start entity [0] and ack to [Some(Actor[akka://akka-runtime/deadLetters])]
08:03:31.431 DEBUG akka.cluster.sharding.Shard - sharded-daemon-process-eventSourcedProjection-passivation-race-entity-passivation-race-view: Started entity [Actor[akka://akka-runtime/system/sharding/sharded-daemon-process-eventSourcedProjection-passivation-race-entity-passivation-race-view/0/0#1884293853]] with entity id [0] in shard [0]
08:03:31.431 DEBUG akka.cluster.sharding.Shard - sharded-daemon-process-eventSourcedProjection-passivation-race-entity-passivation-race-consumer-b: Started entity [Actor[akka://akka-runtime/system/sharding/sharded-daemon-process-eventSourcedProjection-passivation-race-entity-passivation-race-consumer-b/0/0#1773269863]] with entity id [0] in shard [0]
08:03:31.431 DEBUG akka.cluster.sharding.Shard - sharded-daemon-process-eventSourcedProjection-passivation-race-entity-passivation-race-view: HandOff shard [0]
08:03:31.431 DEBUG akka.cluster.sharding.Shard - sharded-daemon-process-eventSourcedProjection-passivation-race-entity-passivation-race-view: Starting HandOffStopper for shard [0] to terminate [1] entities.
08:03:31.431 DEBUG a.c.s.t.i.ShardedDaemonProcessState$ - eventSourcedProjection-passivation-race-entity-passivation-race-consumer-b: Deferred start of worker to verify its revision [0] is the latest
08:03:31.431 DEBUG a.c.s.t.i.ShardedDaemonProcessState$ - eventSourcedProjection-passivation-race-entity-passivation-race-view: Deferred start of worker to verify its revision [0] is the latest
08:03:31.431 DEBUG a.c.s.ShardCoordinator$RebalanceWorker - sharded-daemon-process-eventSourcedProjection-passivation-race-entity-passivation-race-consumer-b: BeginHandOffAck for shard [0] received from [Actor[akka://akka-runtime/system/sharding/sharded-daemon-process-eventSourcedProjection-passivation-race-entity-passivation-race-consumer-b#1661513696]].
08:03:31.431 DEBUG a.c.s.ShardCoordinator$RebalanceWorker - sharded-daemon-process-eventSourcedProjection-passivation-race-entity-passivation-race-consumer-b: All shard regions acked, handing off shard [0].
08:03:31.431 DEBUG akka.cluster.sharding.Shard - sharded-daemon-process-eventSourcedProjection-passivation-race-entity-passivation-race-consumer-b: HandOff shard [0]
08:03:31.431 DEBUG akka.cluster.sharding.Shard - sharded-daemon-process-eventSourcedProjection-passivation-race-entity-passivation-race-consumer-b: Starting HandOffStopper for shard [0] to terminate [1] entities.
08:03:31.431 INFO  a.c.s.t.i.ShardedDaemonProcessState$ - eventSourcedProjection-passivation-race-entity-passivation-race-view: Starting Sharded Daemon Process [0] out of a total [1] (revision [0] and no state found)
08:03:31.431 INFO  a.c.s.t.i.ShardedDaemonProcessState$ - eventSourcedProjection-passivation-race-entity-passivation-race-consumer-b: Starting Sharded Daemon Process [0] out of a total [1] (revision [0] and no state found)
08:03:31.431 DEBUG a.c.sharding.DDataShardCoordinator - sharded-daemon-process-eventSourcedProjection-passivation-race-entity-passivation-race-consumer-a: Shard [0] allocated at [Actor[akka://akka-runtime/system/sharding/sharded-daemon-process-eventSourcedProjection-passivation-race-entity-passivation-race-consumer-a#63334384]]
08:03:31.432 DEBUG a.c.sharding.DDataShardCoordinator - sharded-daemon-process-eventSourcedProjection-passivation-race-entity-passivation-race-consumer-a: Graceful shutdown of region [Actor[akka://akka-runtime/system/sharding/sharded-daemon-process-eventSourcedProjection-passivation-race-entity-passivation-race-consumer-a#63334384]] with [1] shards
08:03:31.432 INFO  a.c.sharding.DDataShardCoordinator - sharded-daemon-process-eventSourcedProjection-passivation-race-entity-passivation-race-consumer-a: Starting shutting down shards [0] due to region shutting down or explicit stopping of shards.
08:03:31.432 DEBUG akka.cluster.sharding.Shard - sharded-daemon-process-eventSourcedProjection-passivation-race-entity-passivation-race-consumer-b: Shard [0] shutting down
08:03:31.432 DEBUG a.c.sharding.DDataShardCoordinator - sharded-daemon-process-eventSourcedProjection-passivation-race-entity-passivation-race-consumer-b: Shard [0] deallocation completed successfully.
08:03:31.432 DEBUG akka.cluster.sharding.Shard - sharded-daemon-process-eventSourcedProjection-passivation-race-entity-passivation-race-consumer-a: Shard initialized
08:03:31.432 DEBUG a.c.s.ShardCoordinator$RebalanceWorker - sharded-daemon-process-eventSourcedProjection-passivation-race-entity-passivation-race-consumer-a: Shutting down shard [0] from region [Actor[akka://akka-runtime/system/sharding/sharded-daemon-process-eventSourcedProjection-passivation-race-entity-passivation-race-consumer-a#63334384]]. Asking [1] region(s) to hand-off shard
08:03:31.432 DEBUG a.c.s.ShardCoordinator$RebalanceWorker - sharded-daemon-process-eventSourcedProjection-passivation-race-entity-passivation-race-consumer-a: BeginHandOffAck for shard [0] received from [Actor[akka://akka-runtime/system/sharding/sharded-daemon-process-eventSourcedProjection-passivation-race-entity-passivation-race-consumer-a#63334384]].
08:03:31.432 DEBUG a.c.s.ShardCoordinator$RebalanceWorker - sharded-daemon-process-eventSourcedProjection-passivation-race-entity-passivation-race-consumer-a: All shard regions acked, handing off shard [0].
08:03:31.432 DEBUG akka.cluster.sharding.Shard - sharded-daemon-process-eventSourcedProjection-passivation-race-entity-passivation-race-consumer-a: Request to start entity [0] and ack to [Some(Actor[akka://akka-runtime/deadLetters])]
08:03:31.432 DEBUG akka.cluster.sharding.Shard - sharded-daemon-process-eventSourcedProjection-passivation-race-entity-passivation-race-consumer-a: Started entity [Actor[akka://akka-runtime/system/sharding/sharded-daemon-process-eventSourcedProjection-passivation-race-entity-passivation-race-consumer-a/0/0#294053893]] with entity id [0] in shard [0]
08:03:31.432 DEBUG akka.cluster.sharding.Shard - sharded-daemon-process-eventSourcedProjection-passivation-race-entity-passivation-race-consumer-a: HandOff shard [0]
08:03:31.432 DEBUG akka.cluster.sharding.Shard - sharded-daemon-process-eventSourcedProjection-passivation-race-entity-passivation-race-consumer-a: Starting HandOffStopper for shard [0] to terminate [1] entities.
08:03:31.433 DEBUG a.c.s.t.i.ShardedDaemonProcessState$ - eventSourcedProjection-passivation-race-entity-passivation-race-consumer-a: Deferred start of worker to verify its revision [0] is the latest
08:03:31.433 DEBUG a.c.sharding.DDataShardCoordinator - sharded-daemon-process-eventSourcedProjection-passivation-race-entity-passivation-race-consumer-b: The coordinator state was successfully updated with ShardHomeDeallocated(0)
08:03:31.433 DEBUG a.c.sharding.DDataShardCoordinator - sharded-daemon-process-eventSourcedProjection-passivation-race-entity-passivation-race-consumer-b: Shard [0] deallocated after
08:03:31.433 DEBUG a.c.sharding.DDataShardCoordinator - sharded-daemon-process-eventSourcedProjection-passivation-race-entity-passivation-race-consumer-b: ShardRegion terminated (gracefully): [Actor[akka://akka-runtime/system/sharding/sharded-daemon-process-eventSourcedProjection-passivation-race-entity-passivation-race-consumer-b#1661513696]] {}
08:03:31.433 DEBUG a.c.sharding.DDataShardCoordinator - sharded-daemon-process-eventSourcedProjection-passivation-race-entity-passivation-race-consumer-b: GetShardHome [0] request from [Actor[akka://local/ignore]] stashed, because waiting for initial state or update of state. It will be handled afterwards.
08:03:31.433 DEBUG a.c.sharding.DDataShardCoordinator - sharded-daemon-process-eventSourcedProjection-passivation-race-entity-passivation-race-consumer-b: The coordinator state was successfully updated with ShardRegionTerminated(Actor[akka://akka-runtime/system/sharding/sharded-daemon-process-eventSourcedProjection-passivation-race-entity-passivation-race-consumer-b#1661513696])
08:03:31.433 DEBUG a.c.sharding.DDataShardCoordinator - sharded-daemon-process-eventSourcedProjection-passivation-race-entity-passivation-race-consumer-b: ShardRegion stopped: [Actor[akka://akka-runtime/system/sharding/sharded-daemon-process-eventSourcedProjection-passivation-race-entity-passivation-race-consumer-b#1661513696]]
08:03:31.433 INFO  a.c.s.t.i.ShardedDaemonProcessState$ - eventSourcedProjection-passivation-race-entity-passivation-race-consumer-a: Starting Sharded Daemon Process [0] out of a total [1] (revision [0] and no state found)
08:03:31.433 DEBUG a.c.sharding.DDataShardCoordinator - passivation-race-entity: Shard [175] allocated at [Actor[akka://akka-runtime/system/sharding/passivation-race-entity#85260830]]
08:03:31.433 DEBUG a.c.sharding.DDataShardCoordinator - passivation-race-entity: Graceful shutdown of region [Actor[akka://akka-runtime/system/sharding/passivation-race-entity#85260830]] with [1] shards
08:03:31.433 INFO  a.c.sharding.DDataShardCoordinator - passivation-race-entity: Starting shutting down shards [175] due to region shutting down or explicit stopping of shards.
08:03:31.433 DEBUG a.c.s.ShardCoordinator$RebalanceWorker - passivation-race-entity: Shutting down shard [175] from region [Actor[akka://akka-runtime/system/sharding/passivation-race-entity#85260830]]. Asking [1] region(s) to hand-off shard
08:03:31.433 DEBUG a.c.s.ShardCoordinator$RebalanceWorker - passivation-race-entity: BeginHandOffAck for shard [175] received from [Actor[akka://akka-runtime/system/sharding/passivation-race-entity#85260830]].
08:03:31.433 DEBUG a.c.s.ShardCoordinator$RebalanceWorker - passivation-race-entity: All shard regions acked, handing off shard [175].
08:03:31.434 WARN  akka.cluster.sharding.ShardRegion - passivation-race-entity: Dropping [1] buffered messages to shard [175] during hand off to avoid re-ordering
08:03:31.434 DEBUG akka.cluster.sharding.Shard - passivation-race-entity: Shard initialized
08:03:31.434 DEBUG akka.cluster.sharding.Shard - passivation-race-entity: HandOff shard [175]
08:03:31.434 DEBUG akka.cluster.sharding.Shard - passivation-race-entity: Shard [175] shutting down
08:03:31.434 DEBUG a.c.sharding.DDataShardCoordinator - passivation-race-entity: Shard [175] deallocation completed successfully.
08:03:31.434 DEBUG a.c.sharding.DDataShardCoordinator - passivation-race-entity: The coordinator state was successfully updated with ShardHomeDeallocated(175)
08:03:31.434 DEBUG a.c.sharding.DDataShardCoordinator - passivation-race-entity: Shard [175] deallocated after
08:03:31.434 DEBUG a.c.sharding.DDataShardCoordinator - passivation-race-entity: ShardRegion terminated (gracefully): [Actor[akka://akka-runtime/system/sharding/passivation-race-entity#85260830]] {}
08:03:31.434 DEBUG a.c.sharding.DDataShardCoordinator - passivation-race-entity: GetShardHome [175] request from [Actor[akka://local/ignore]] stashed, because waiting for initial state or update of state. It will be handled afterwards.
08:03:31.435 DEBUG a.c.sharding.DDataShardCoordinator - passivation-race-entity: The coordinator state was successfully updated with ShardRegionTerminated(Actor[akka://akka-runtime/system/sharding/passivation-race-entity#85260830])
08:03:31.435 DEBUG a.c.sharding.DDataShardCoordinator - passivation-race-entity: ShardRegion stopped: [Actor[akka://akka-runtime/system/sharding/passivation-race-entity#85260830]]
08:03:32.197 WARN  a.c.s.ShardRegion$HandOffStopper - sharded-daemon-process-eventSourcedProjection-passivation-race-entity-passivation-race-view: [1] of the entities in shard [0] not stopped after [750 milliseconds]. Maybe the handOffStopMessage [akka.projection.ProjectionBehavior$Stop$] is not handled? Waiting additional [250 milliseconds] before stopping the remaining entities.
08:03:32.197 WARN  a.c.s.ShardRegion$HandOffStopper - sharded-daemon-process-eventSourcedProjection-passivation-race-entity-passivation-race-consumer-a: [1] of the entities in shard [0] not stopped after [750 milliseconds]. Maybe the handOffStopMessage [akka.projection.ProjectionBehavior$Stop$] is not handled? Waiting additional [250 milliseconds] before stopping the remaining entities.
08:03:32.446 WARN  a.c.s.ShardRegion$HandOffStopper - sharded-daemon-process-eventSourcedProjection-passivation-race-entity-passivation-race-view: HandOffStopMessage [akka.projection.ProjectionBehavior$Stop$] is not handled by some of the entities in shard [0] after [1 second], stopping the remaining [1] entities.
08:03:32.447 WARN  a.c.s.ShardRegion$HandOffStopper - sharded-daemon-process-eventSourcedProjection-passivation-race-entity-passivation-race-consumer-a: HandOffStopMessage [akka.projection.ProjectionBehavior$Stop$] is not handled by some of the entities in shard [0] after [1 second], stopping the remaining [1] entities.
08:03:32.448 DEBUG akka.cluster.sharding.Shard - sharded-daemon-process-eventSourcedProjection-passivation-race-entity-passivation-race-view: Shard [0] shutting down
08:03:32.448 DEBUG a.c.sharding.DDataShardCoordinator - sharded-daemon-process-eventSourcedProjection-passivation-race-entity-passivation-race-view: Shard [0] deallocation completed successfully.
08:03:32.448 DEBUG akka.cluster.sharding.Shard - sharded-daemon-process-eventSourcedProjection-passivation-race-entity-passivation-race-consumer-a: Shard [0] shutting down
08:03:32.448 DEBUG a.c.sharding.DDataShardCoordinator - sharded-daemon-process-eventSourcedProjection-passivation-race-entity-passivation-race-consumer-a: Shard [0] deallocation completed successfully.
08:03:32.449 DEBUG akka.actor.CoordinatedShutdown - Performing phase [cluster-leave] with [1] tasks.
08:03:32.449 DEBUG akka.actor.CoordinatedShutdown - Performing task [leave] in CoordinatedShutdown phase [cluster-leave]
08:03:32.449 DEBUG a.c.sharding.DDataShardCoordinator - sharded-daemon-process-eventSourcedProjection-passivation-race-entity-passivation-race-consumer-a: The coordinator state was successfully updated with ShardHomeDeallocated(0)
08:03:32.449 DEBUG a.c.sharding.DDataShardCoordinator - sharded-daemon-process-eventSourcedProjection-passivation-race-entity-passivation-race-view: The coordinator state was successfully updated with ShardHomeDeallocated(0)
08:03:32.449 DEBUG a.c.sharding.DDataShardCoordinator - sharded-daemon-process-eventSourcedProjection-passivation-race-entity-passivation-race-consumer-a: Shard [0] deallocated after
08:03:32.449 DEBUG a.c.sharding.DDataShardCoordinator - sharded-daemon-process-eventSourcedProjection-passivation-race-entity-passivation-race-view: Shard [0] deallocated after
08:03:32.449 DEBUG a.c.sharding.DDataShardCoordinator - sharded-daemon-process-eventSourcedProjection-passivation-race-entity-passivation-race-consumer-a: ShardRegion terminated (gracefully): [Actor[akka://akka-runtime/system/sharding/sharded-daemon-process-eventSourcedProjection-passivation-race-entity-passivation-race-consumer-a#63334384]] {}
08:03:32.449 DEBUG a.c.sharding.DDataShardCoordinator - sharded-daemon-process-eventSourcedProjection-passivation-race-entity-passivation-race-view: ShardRegion terminated (gracefully): [Actor[akka://akka-runtime/system/sharding/sharded-daemon-process-eventSourcedProjection-passivation-race-entity-passivation-race-view#187043477]] {}
08:03:32.449 DEBUG a.c.sharding.DDataShardCoordinator - sharded-daemon-process-eventSourcedProjection-passivation-race-entity-passivation-race-consumer-a: GetShardHome [0] request from [Actor[akka://local/ignore]] stashed, because waiting for initial state or update of state. It will be handled afterwards.
08:03:32.449 DEBUG a.c.sharding.DDataShardCoordinator - sharded-daemon-process-eventSourcedProjection-passivation-race-entity-passivation-race-view: GetShardHome [0] request from [Actor[akka://local/ignore]] stashed, because waiting for initial state or update of state. It will be handled afterwards.
08:03:32.449 DEBUG a.c.sharding.DDataShardCoordinator - sharded-daemon-process-eventSourcedProjection-passivation-race-entity-passivation-race-consumer-a: The coordinator state was successfully updated with ShardRegionTerminated(Actor[akka://akka-runtime/system/sharding/sharded-daemon-process-eventSourcedProjection-passivation-race-entity-passivation-race-consumer-a#63334384])
08:03:32.450 DEBUG a.c.sharding.DDataShardCoordinator - sharded-daemon-process-eventSourcedProjection-passivation-race-entity-passivation-race-view: The coordinator state was successfully updated with ShardRegionTerminated(Actor[akka://akka-runtime/system/sharding/sharded-daemon-process-eventSourcedProjection-passivation-race-entity-passivation-race-view#187043477])
08:03:32.450 DEBUG a.c.sharding.DDataShardCoordinator - sharded-daemon-process-eventSourcedProjection-passivation-race-entity-passivation-race-consumer-a: ShardRegion stopped: [Actor[akka://akka-runtime/system/sharding/sharded-daemon-process-eventSourcedProjection-passivation-race-entity-passivation-race-consumer-a#63334384]]
08:03:32.450 DEBUG a.c.sharding.DDataShardCoordinator - sharded-daemon-process-eventSourcedProjection-passivation-race-entity-passivation-race-view: ShardRegion stopped: [Actor[akka://akka-runtime/system/sharding/sharded-daemon-process-eventSourcedProjection-passivation-race-entity-passivation-race-view#187043477]]
08:03:32.451 DEBUG akka.actor.CoordinatedShutdown - Performing phase [cluster-exiting] with [28] tasks.
08:03:32.451 DEBUG akka.actor.CoordinatedShutdown - Performing task [wait-singleton-exiting] in CoordinatedShutdown phase [cluster-exiting]
08:03:32.451 DEBUG akka.actor.CoordinatedShutdown - Performing task [singleton-exiting-2] in CoordinatedShutdown phase [cluster-exiting]
08:03:32.451 DEBUG akka.actor.CoordinatedShutdown - Performing task [singleton-exiting-1] in CoordinatedShutdown phase [cluster-exiting]
08:03:32.451 DEBUG akka.actor.CoordinatedShutdown - Performing task [singleton-exiting-2] in CoordinatedShutdown phase [cluster-exiting]
08:03:32.451 DEBUG akka.actor.CoordinatedShutdown - Performing task [wait-singleton-exiting] in CoordinatedShutdown phase [cluster-exiting]
08:03:32.451 DEBUG akka.actor.CoordinatedShutdown - Performing task [singleton-exiting-1] in CoordinatedShutdown phase [cluster-exiting]
08:03:32.451 INFO  a.c.s.ClusterSingletonManager - Exited [akka://akka-runtime@127.0.0.1:62776].
08:03:32.451 DEBUG akka.actor.CoordinatedShutdown - Performing task [wait-singleton-exiting] in CoordinatedShutdown phase [cluster-exiting]
08:03:32.451 DEBUG akka.actor.CoordinatedShutdown - Performing task [singleton-exiting-1] in CoordinatedShutdown phase [cluster-exiting]
08:03:32.451 DEBUG akka.actor.CoordinatedShutdown - Performing task [singleton-exiting-1] in CoordinatedShutdown phase [cluster-exiting]
08:03:32.451 DEBUG akka.actor.CoordinatedShutdown - Performing task [singleton-exiting-1] in CoordinatedShutdown phase [cluster-exiting]
08:03:32.451 DEBUG akka.actor.CoordinatedShutdown - Performing task [singleton-exiting-1] in CoordinatedShutdown phase [cluster-exiting]
08:03:32.451 DEBUG akka.actor.CoordinatedShutdown - Performing task [wait-singleton-exiting] in CoordinatedShutdown phase [cluster-exiting]
08:03:32.451 DEBUG akka.actor.CoordinatedShutdown - Performing task [wait-exiting] in CoordinatedShutdown phase [cluster-exiting]
08:03:32.451 DEBUG akka.actor.CoordinatedShutdown - Performing task [singleton-exiting-2] in CoordinatedShutdown phase [cluster-exiting]
08:03:32.451 DEBUG akka.actor.CoordinatedShutdown - Performing task [singleton-exiting-2] in CoordinatedShutdown phase [cluster-exiting]
08:03:32.451 DEBUG akka.actor.CoordinatedShutdown - Performing task [wait-singleton-exiting] in CoordinatedShutdown phase [cluster-exiting]
08:03:32.451 INFO  a.c.s.ClusterSingletonManager - Exited [akka://akka-runtime@127.0.0.1:62776].
08:03:32.451 DEBUG akka.actor.CoordinatedShutdown - Performing task [singleton-exiting-1] in CoordinatedShutdown phase [cluster-exiting]
08:03:32.451 DEBUG akka.actor.CoordinatedShutdown - Performing task [singleton-exiting-2] in CoordinatedShutdown phase [cluster-exiting]
08:03:32.451 INFO  a.c.s.ClusterSingletonManager - Oldest observed OldestChanged: [akka://akka-runtime@127.0.0.1:62776 -> None]
08:03:32.451 DEBUG akka.actor.CoordinatedShutdown - Performing task [singleton-exiting-1] in CoordinatedShutdown phase [cluster-exiting]
08:03:32.451 DEBUG akka.actor.CoordinatedShutdown - Performing task [singleton-exiting-2] in CoordinatedShutdown phase [cluster-exiting]
08:03:32.451 INFO  a.c.s.ClusterSingletonManager - Oldest observed OldestChanged: [akka://akka-runtime@127.0.0.1:62776 -> None]
08:03:32.451 DEBUG akka.actor.CoordinatedShutdown - Performing task [wait-singleton-exiting] in CoordinatedShutdown phase [cluster-exiting]
08:03:32.451 DEBUG akka.actor.CoordinatedShutdown - Performing task [wait-singleton-exiting] in CoordinatedShutdown phase [cluster-exiting]
08:03:32.451 INFO  a.c.s.ClusterSingletonManager - ClusterSingletonManager state change [Oldest -> WasOldest]
08:03:32.451 DEBUG akka.actor.CoordinatedShutdown - Performing task [singleton-exiting-2] in CoordinatedShutdown phase [cluster-exiting]
08:03:32.451 INFO  a.c.s.ClusterSingletonManager - ClusterSingletonManager state change [Oldest -> WasOldest]
08:03:32.451 DEBUG akka.actor.CoordinatedShutdown - Performing task [singleton-exiting-2] in CoordinatedShutdown phase [cluster-exiting]
08:03:32.451 DEBUG akka.actor.CoordinatedShutdown - Performing task [singleton-exiting-2] in CoordinatedShutdown phase [cluster-exiting]
08:03:32.451 DEBUG akka.actor.CoordinatedShutdown - Performing task [wait-singleton-exiting] in CoordinatedShutdown phase [cluster-exiting]
08:03:32.451 INFO  a.c.s.ClusterSingletonManager - Exited [akka://akka-runtime@127.0.0.1:62776].
08:03:32.452 DEBUG akka.actor.CoordinatedShutdown - Performing task [wait-singleton-exiting] in CoordinatedShutdown phase [cluster-exiting]
08:03:32.452 DEBUG akka.actor.CoordinatedShutdown - Performing task [singleton-exiting-1] in CoordinatedShutdown phase [cluster-exiting]
08:03:32.452 INFO  a.c.s.ClusterSingletonManager - Exited [akka://akka-runtime@127.0.0.1:62776].
08:03:32.452 INFO  a.c.s.ClusterSingletonManager - Exited [akka://akka-runtime@127.0.0.1:62776].
08:03:32.452 INFO  a.c.s.ClusterSingletonManager - Oldest observed OldestChanged: [akka://akka-runtime@127.0.0.1:62776 -> None]
08:03:32.452 INFO  a.c.s.ClusterSingletonManager - ClusterSingletonManager state change [Oldest -> WasOldest]
08:03:32.452 INFO  a.c.s.ClusterSingletonManager - Exited [akka://akka-runtime@127.0.0.1:62776].
08:03:32.452 INFO  a.c.s.ClusterSingletonManager - Exited [akka://akka-runtime@127.0.0.1:62776].
08:03:32.452 INFO  a.c.s.ClusterSingletonManager - Oldest observed OldestChanged: [akka://akka-runtime@127.0.0.1:62776 -> None]
08:03:32.452 INFO  a.c.s.ClusterSingletonManager - Oldest observed OldestChanged: [akka://akka-runtime@127.0.0.1:62776 -> None]
08:03:32.452 INFO  a.c.s.ClusterSingletonManager - ClusterSingletonManager state change [Oldest -> WasOldest]
08:03:32.452 INFO  a.c.s.ClusterSingletonManager - ClusterSingletonManager state change [Oldest -> WasOldest]
08:03:32.452 INFO  a.c.s.ClusterSingletonManager - Exited [akka://akka-runtime@127.0.0.1:62776].
08:03:32.452 INFO  a.c.s.ClusterSingletonManager - Exited [akka://akka-runtime@127.0.0.1:62776].
08:03:32.452 INFO  a.c.s.ClusterSingletonManager - Oldest observed OldestChanged: [akka://akka-runtime@127.0.0.1:62776 -> None]
08:03:32.452 INFO  a.c.s.ClusterSingletonManager - Oldest observed OldestChanged: [akka://akka-runtime@127.0.0.1:62776 -> None]
08:03:32.452 INFO  a.c.s.ClusterSingletonManager - Oldest observed OldestChanged: [akka://akka-runtime@127.0.0.1:62776 -> None]
08:03:32.452 INFO  a.c.s.ClusterSingletonManager - ClusterSingletonManager state change [Oldest -> WasOldest]
08:03:32.452 INFO  a.c.s.ClusterSingletonManager - ClusterSingletonManager state change [Oldest -> WasOldest]
08:03:32.452 INFO  a.c.s.ClusterSingletonManager - ClusterSingletonManager state change [Oldest -> WasOldest]
08:03:32.452 INFO  a.c.s.ClusterSingletonManager - Oldest observed OldestChanged: [akka://akka-runtime@127.0.0.1:62776 -> None]
08:03:32.452 INFO  a.c.s.ClusterSingletonManager - ClusterSingletonManager state change [Oldest -> WasOldest]
08:03:33.077 DEBUG a.c.singleton.ClusterSingletonProxy - Creating singleton identification timer...
08:03:33.077 DEBUG a.c.singleton.ClusterSingletonProxy - Creating singleton identification timer...
08:03:33.077 DEBUG a.c.singleton.ClusterSingletonProxy - Creating singleton identification timer...
08:03:33.077 DEBUG a.c.singleton.ClusterSingletonProxy - Creating singleton identification timer...
08:03:33.467 INFO  a.c.s.ClusterSingletonManager - Singleton manager stopping singleton actor [akka://akka-runtime/system/singletonManagerShardedDaemonProcessCoordinator-eventSourcedProjection-passivation-race-entity-passivation-race-view/ShardedDaemonProcessCoordinator-eventSourcedProjection-passivation-race-entity-passivation-race-view]
08:03:33.468 INFO  a.c.s.ClusterSingletonManager - Singleton manager stopping singleton actor [akka://akka-runtime/system/singletonManagerShardedDaemonProcessCoordinator-eventSourcedProjection-passivation-race-entity-passivation-race-consumer-a/ShardedDaemonProcessCoordinator-eventSourcedProjection-passivation-race-entity-passivation-race-consumer-a]
08:03:33.468 INFO  a.c.s.ClusterSingletonManager - Singleton manager stopping singleton actor [akka://akka-runtime/system/sharding/sharded-daemon-process-eventSourcedProjection-passivation-race-entity-passivation-race-consumer-bCoordinator/singleton]
08:03:33.468 INFO  a.c.s.ClusterSingletonManager - Singleton manager stopping singleton actor [akka://akka-runtime/system/sharding/_timerCoordinator/singleton]
08:03:33.469 INFO  a.c.s.ClusterSingletonManager - ClusterSingletonManager state change [WasOldest -> Stopping]
08:03:33.469 INFO  a.c.s.ClusterSingletonManager - ClusterSingletonManager state change [WasOldest -> Stopping]
08:03:33.469 INFO  a.c.s.ClusterSingletonManager - ClusterSingletonManager state change [WasOldest -> Stopping]
08:03:33.469 INFO  a.c.s.ClusterSingletonManager - ClusterSingletonManager state change [WasOldest -> Stopping]
08:03:33.469 INFO  a.c.s.ClusterSingletonManager - Singleton manager stopping singleton actor [akka://akka-runtime/system/sharding/sharded-daemon-process-eventSourcedProjection-passivation-race-entity-passivation-race-consumer-aCoordinator/singleton]
08:03:33.469 INFO  a.c.s.ClusterSingletonManager - ClusterSingletonManager state change [WasOldest -> Stopping]
08:03:33.469 DEBUG a.c.sharding.DDataShardCoordinator - sharded-daemon-process-eventSourcedProjection-passivation-race-entity-passivation-race-consumer-a: Received termination message.
08:03:33.469 DEBUG a.c.sharding.DDataShardCoordinator - sharded-daemon-process-eventSourcedProjection-passivation-race-entity-passivation-race-consumer-b: Received termination message.
08:03:33.469 DEBUG a.c.sharding.DDataShardCoordinator - _timer: Received termination message.
08:03:33.469 INFO  a.c.s.ClusterSingletonManager - Singleton manager stopping singleton actor [akka://akka-runtime/system/sharding/passivation-race-entityCoordinator/singleton]
08:03:33.469 INFO  a.c.s.ClusterSingletonManager - ClusterSingletonManager state change [WasOldest -> Stopping]
08:03:33.469 DEBUG a.c.sharding.DDataShardCoordinator - passivation-race-entity: Received termination message.
08:03:33.469 INFO  a.c.s.ClusterSingletonManager - Singleton manager stopping singleton actor [akka://akka-runtime/system/singletonManagerShardedDaemonProcessCoordinator-eventSourcedProjection-passivation-race-entity-passivation-race-consumer-b/ShardedDaemonProcessCoordinator-eventSourcedProjection-passivation-race-entity-passivation-race-consumer-b]
08:03:33.469 INFO  a.c.s.ClusterSingletonManager - ClusterSingletonManager state change [WasOldest -> Stopping]
08:03:33.469 INFO  a.c.s.ClusterSingletonManager - Singleton manager stopping singleton actor [akka://akka-runtime/system/sharding/sharded-daemon-process-eventSourcedProjection-passivation-race-entity-passivation-race-viewCoordinator/singleton]
08:03:33.469 INFO  a.c.s.ClusterSingletonManager - ClusterSingletonManager state change [WasOldest -> Stopping]
08:03:33.469 DEBUG a.c.sharding.DDataShardCoordinator - sharded-daemon-process-eventSourcedProjection-passivation-race-entity-passivation-race-view: Received termination message.
08:03:33.469 INFO  a.c.s.ClusterSingletonManager - Singleton actor [akka://akka-runtime/system/singletonManagerShardedDaemonProcessCoordinator-eventSourcedProjection-passivation-race-entity-passivation-race-consumer-b/ShardedDaemonProcessCoordinator-eventSourcedProjection-passivation-race-entity-passivation-race-consumer-b] was terminated
08:03:33.469 INFO  a.c.s.ClusterSingletonManager - Singleton actor [akka://akka-runtime/system/singletonManagerShardedDaemonProcessCoordinator-eventSourcedProjection-passivation-race-entity-passivation-race-view/ShardedDaemonProcessCoordinator-eventSourcedProjection-passivation-race-entity-passivation-race-view] was terminated
08:03:33.469 INFO  a.c.s.ClusterSingletonManager - Singleton actor [akka://akka-runtime/system/sharding/sharded-daemon-process-eventSourcedProjection-passivation-race-entity-passivation-race-viewCoordinator/singleton] was terminated
08:03:33.469 INFO  a.c.s.ClusterSingletonManager - Singleton actor [akka://akka-runtime/system/singletonManagerShardedDaemonProcessCoordinator-eventSourcedProjection-passivation-race-entity-passivation-race-consumer-a/ShardedDaemonProcessCoordinator-eventSourcedProjection-passivation-race-entity-passivation-race-consumer-a] was terminated
08:03:33.469 INFO  a.c.s.ClusterSingletonManager - Singleton manager stopping singleton actor [akka://akka-runtime/system/singletonManagerschemaSingleton/schemaSingleton]
08:03:33.469 INFO  a.c.s.ClusterSingletonManager - ClusterSingletonManager state change [WasOldest -> Stopping]
08:03:33.469 INFO  a.c.s.ClusterSingletonManager - Singleton actor [akka://akka-runtime/system/sharding/sharded-daemon-process-eventSourcedProjection-passivation-race-entity-passivation-race-consumer-bCoordinator/singleton] was terminated
08:03:33.469 INFO  a.c.s.ClusterSingletonManager - Singleton actor [akka://akka-runtime/system/singletonManagerschemaSingleton/schemaSingleton] was terminated
08:03:33.469 INFO  a.c.s.ClusterSingletonManager - Singleton actor [akka://akka-runtime/system/sharding/_timerCoordinator/singleton] was terminated
08:03:33.469 INFO  a.c.s.ClusterSingletonManager - Singleton actor [akka://akka-runtime/system/sharding/passivation-race-entityCoordinator/singleton] was terminated
08:03:33.469 INFO  a.c.s.ClusterSingletonManager - Singleton actor [akka://akka-runtime/system/sharding/sharded-daemon-process-eventSourcedProjection-passivation-race-entity-passivation-race-consumer-aCoordinator/singleton] was terminated
08:03:33.469 DEBUG akka.actor.CoordinatedShutdown - Performing phase [cluster-exiting-done] with [1] tasks.
08:03:33.469 DEBUG akka.actor.CoordinatedShutdown - Performing task [exiting-completed] in CoordinatedShutdown phase [cluster-exiting-done]
08:03:33.469 DEBUG akka.actor.CoordinatedShutdown - Performing phase [cluster-shutdown] with [1] tasks.
08:03:33.469 DEBUG akka.actor.CoordinatedShutdown - Performing task [wait-shutdown] in CoordinatedShutdown phase [cluster-shutdown]
08:03:33.471 DEBUG akka.actor.CoordinatedShutdown - Performing phase [before-actor-system-terminate] with [2] tasks.
08:03:33.471 DEBUG akka.actor.CoordinatedShutdown - Performing task [close connection pools] in CoordinatedShutdown phase [before-actor-system-terminate]
08:03:33.471 DEBUG akka.actor.CoordinatedShutdown - Performing task [close-grpc-channels] in CoordinatedShutdown phase [before-actor-system-terminate]
08:03:33.472 DEBUG akka.actor.CoordinatedShutdown - Performing phase [actor-system-terminate] with [1] tasks.
08:03:33.472 DEBUG akka.actor.CoordinatedShutdown - Performing task [terminate-system] in CoordinatedShutdown phase [actor-system-terminate]
08:03:33.551 INFO  akka.runtime.AkkaRuntimeMain - Starting Akka Runtime version [1.6.15]
08:03:33.562 INFO  akka.javasdk.impl.ComponentLocator$ - Looking for component descriptors matching pattern [META-INF/akka-javasdk-components_*.conf]
08:03:33.570 INFO  akka.javasdk.testkit.TestKit - Eventing TestKit booting up on port: 62780
08:03:33.572 DEBUG a.c.singleton.ClusterSingletonProxy - Creating singleton identification timer...
08:03:33.572 DEBUG a.c.singleton.ClusterSingletonProxy - Trying to identify singleton at [akka://akka-runtime@127.0.0.1:62781/system/singletonManagerschemaSingleton/schemaSingleton]
08:03:33.572 DEBUG a.c.singleton.ClusterSingletonProxy - Singleton not available, buffering message type [kalix.runtime.SchemaSingleton$ExecDdl]
08:03:33.572 INFO  a.c.s.ClusterSingletonManager - Singleton manager starting singleton actor [akka://akka-runtime/system/singletonManagerschemaSingleton/schemaSingleton]
08:03:33.572 INFO  a.c.s.ClusterSingletonManager - ClusterSingletonManager state change [Start -> Oldest]
08:03:33.572 INFO  akka.javasdk.testkit.TestKit - Checking runtime status
08:03:33.638 DEBUG a.c.singleton.ClusterSingletonProxy - Trying to identify singleton at [akka://akka-runtime@127.0.0.1:62781/system/singletonManagerschemaSingleton/schemaSingleton]
08:03:33.638 INFO  a.c.singleton.ClusterSingletonProxy - Singleton identified at [akka://akka-runtime/system/singletonManagerschemaSingleton/schemaSingleton]
08:03:33.638 DEBUG a.c.singleton.ClusterSingletonProxy - Sending buffered messages to current singleton instance
08:03:33.640 INFO  a.c.s.typed.scaladsl.ClusterSharding - Starting Shard Region [passivation-race-entity]...
08:03:33.640 INFO  akka.cluster.sharding.ShardRegion - passivation-race-entity: Automatic entity passivation: composite strategy with limit of [10000] active entities, admission window (least recently used entities) with proportions [initial = 0.01, min = 0.01, max = 1.0] adapting with hill-climbing optimizer [adjust multiplier = 10.0, initial step = 0.0625, restart threshold = 0.05, step decay = 0.98], admit using frequency sketch [width multiplier = 4, reset multiplier = 10.0, depth = 4, counter bits = 4], main (least recently used entities (segmented with [2] levels with proportions of [0.20, 0.80]))
08:03:33.641 INFO  a.c.s.ClusterSingletonManager - Singleton manager starting singleton actor [akka://akka-runtime/system/sharding/passivation-race-entityCoordinator/singleton]
08:03:33.641 INFO  a.c.s.ClusterSingletonManager - ClusterSingletonManager state change [Start -> Oldest]
08:03:33.641 DEBUG a.c.sharding.DDataShardCoordinator - passivation-race-entity: Initial coordinator is empty.
08:03:33.641 INFO  a.c.sharding.DDataShardCoordinator - passivation-race-entity: ShardCoordinator was moved to the active state with [0] shards
08:03:33.642 DEBUG a.c.singleton.ClusterSingletonProxy - Forwarding message of type [SchemaSingleton$ExecDdl] to current singleton instance at [akka://akka-runtime/system/singletonManagerschemaSingleton/schemaSingleton]
08:03:33.643 INFO  akka.runtime.DiscoveryManager - Service components: EventSourcedEntity: [1], Consumer: [2], View: [1]
08:03:33.644 INFO  a.c.s.typed.scaladsl.ClusterSharding - Starting Shard Region [_timer]...
08:03:33.644 INFO  a.c.s.typed.scaladsl.ClusterSharding - Starting Shard Region [sharded-daemon-process-eventSourcedProjection-passivation-race-entity-passivation-race-consumer-a]...
08:03:33.645 INFO  akka.cluster.sharding.ShardRegion - sharded-daemon-process-eventSourcedProjection-passivation-race-entity-passivation-race-consumer-a: Automatic entity passivation: disabled
08:03:33.645 INFO  a.c.s.typed.scaladsl.ClusterSharding - Starting Shard Region [sharded-daemon-process-eventSourcedProjection-passivation-race-entity-passivation-race-consumer-b]...
08:03:33.645 INFO  akka.cluster.sharding.ShardRegion - sharded-daemon-process-eventSourcedProjection-passivation-race-entity-passivation-race-consumer-b: Automatic entity passivation: disabled
08:03:33.646 INFO  a.c.s.ClusterSingletonManager - Singleton manager starting singleton actor [akka://akka-runtime/system/sharding/_timerCoordinator/singleton]
08:03:33.646 INFO  a.c.s.ClusterSingletonManager - ClusterSingletonManager state change [Start -> Oldest]
08:03:33.646 DEBUG a.c.singleton.ClusterSingletonProxy - Creating singleton identification timer...
08:03:33.646 INFO  a.c.s.typed.scaladsl.ClusterSharding - Starting Shard Region [sharded-daemon-process-eventSourcedProjection-passivation-race-entity-passivation-race-view]...
08:03:33.646 DEBUG a.c.singleton.ClusterSingletonProxy - Trying to identify singleton at [akka://akka-runtime@127.0.0.1:62781/system/singletonManagerShardedDaemonProcessCoordinator-eventSourcedProjection-passivation-race-entity-passivation-race-consumer-a/ShardedDaemonProcessCoordinator-eventSourcedProjection-passivation-race-entity-passivation-race-consumer-a]
08:03:33.646 DEBUG a.c.singleton.ClusterSingletonProxy - Creating singleton identification timer...
08:03:33.646 DEBUG a.c.singleton.ClusterSingletonProxy - Trying to identify singleton at [akka://akka-runtime@127.0.0.1:62781/system/singletonManagerShardedDaemonProcessCoordinator-eventSourcedProjection-passivation-race-entity-passivation-race-consumer-b/ShardedDaemonProcessCoordinator-eventSourcedProjection-passivation-race-entity-passivation-race-consumer-b]
08:03:33.646 DEBUG a.c.sharding.DDataShardCoordinator - _timer: Starting remember entities store from provider akka.cluster.sharding.internal.DDataRememberEntitiesProvider@6796fda5
08:03:33.646 INFO  a.c.s.ClusterSingletonManager - Singleton manager starting singleton actor [akka://akka-runtime/system/singletonManagerShardedDaemonProcessCoordinator-eventSourcedProjection-passivation-race-entity-passivation-race-consumer-a/ShardedDaemonProcessCoordinator-eventSourcedProjection-passivation-race-entity-passivation-race-consumer-a]
08:03:33.646 INFO  a.c.s.ClusterSingletonManager - ClusterSingletonManager state change [Start -> Oldest]
08:03:33.646 INFO  akka.cluster.sharding.ShardRegion - sharded-daemon-process-eventSourcedProjection-passivation-race-entity-passivation-race-view: Automatic entity passivation: disabled
08:03:33.646 DEBUG a.c.s.t.i.ShardedDaemonProcessCoordinator$ - ShardedDaemonProcessCoordinator for [eventSourcedProjection-passivation-race-entity-passivation-race-consumer-a] starting
08:03:33.646 DEBUG a.c.sharding.DDataShardCoordinator - _timer: Initial coordinator is empty.
08:03:33.646 INFO  a.c.sharding.DDataShardCoordinator - _timer: ShardCoordinator was moved to the active state with [0] shards
08:03:33.646 INFO  a.c.s.ClusterSingletonManager - Singleton manager starting singleton actor [akka://akka-runtime/system/sharding/sharded-daemon-process-eventSourcedProjection-passivation-race-entity-passivation-race-consumer-bCoordinator/singleton]
08:03:33.646 INFO  a.c.s.ClusterSingletonManager - Singleton manager starting singleton actor [akka://akka-runtime/system/sharding/sharded-daemon-process-eventSourcedProjection-passivation-race-entity-passivation-race-consumer-aCoordinator/singleton]
08:03:33.646 DEBUG a.c.sharding.DDataShardCoordinator - _timer: Received [0] remembered shard ids (after state initialized)
08:03:33.646 INFO  a.c.s.ClusterSingletonManager - ClusterSingletonManager state change [Start -> Oldest]
08:03:33.646 DEBUG a.c.s.t.i.ShardedDaemonProcessCoordinator$ - eventSourcedProjection-passivation-race-entity-passivation-race-consumer-a: No previous state stored for Sharded Daemon Process
08:03:33.646 DEBUG a.c.s.t.i.ShardedDaemonProcessCoordinator$ - Sending periodic keep alive for Sharded Daemon Process [eventSourcedProjection-passivation-race-entity-passivation-race-consumer-a] to [1] processes (revision [0]).
08:03:33.646 INFO  a.c.s.ClusterSingletonManager - Singleton manager starting singleton actor [akka://akka-runtime/system/singletonManagerShardedDaemonProcessCoordinator-eventSourcedProjection-passivation-race-entity-passivation-race-consumer-b/ShardedDaemonProcessCoordinator-eventSourcedProjection-passivation-race-entity-passivation-race-consumer-b]
08:03:33.646 INFO  a.c.s.ClusterSingletonManager - ClusterSingletonManager state change [Start -> Oldest]
08:03:33.646 INFO  a.c.s.ClusterSingletonManager - ClusterSingletonManager state change [Start -> Oldest]
08:03:33.646 DEBUG a.c.sharding.DDataShardCoordinator - sharded-daemon-process-eventSourcedProjection-passivation-race-entity-passivation-race-consumer-b: Initial coordinator is empty.
08:03:33.646 INFO  a.c.sharding.DDataShardCoordinator - sharded-daemon-process-eventSourcedProjection-passivation-race-entity-passivation-race-consumer-b: ShardCoordinator was moved to the active state with [0] shards
08:03:33.646 DEBUG a.c.s.t.i.ShardedDaemonProcessCoordinator$ - ShardedDaemonProcessCoordinator for [eventSourcedProjection-passivation-race-entity-passivation-race-consumer-b] starting
08:03:33.647 DEBUG a.c.s.t.i.ShardedDaemonProcessCoordinator$ - eventSourcedProjection-passivation-race-entity-passivation-race-consumer-b: No previous state stored for Sharded Daemon Process
08:03:33.647 DEBUG a.c.s.t.i.ShardedDaemonProcessCoordinator$ - Sending periodic keep alive for Sharded Daemon Process [eventSourcedProjection-passivation-race-entity-passivation-race-consumer-b] to [1] processes (revision [0]).
08:03:33.647 INFO  a.c.s.ClusterSingletonManager - Singleton manager starting singleton actor [akka://akka-runtime/system/sharding/sharded-daemon-process-eventSourcedProjection-passivation-race-entity-passivation-race-viewCoordinator/singleton]
08:03:33.647 INFO  a.c.s.ClusterSingletonManager - ClusterSingletonManager state change [Start -> Oldest]
08:03:33.647 DEBUG a.c.sharding.DDataShardCoordinator - sharded-daemon-process-eventSourcedProjection-passivation-race-entity-passivation-race-view: Initial coordinator is empty.
08:03:33.647 INFO  a.c.sharding.DDataShardCoordinator - sharded-daemon-process-eventSourcedProjection-passivation-race-entity-passivation-race-view: ShardCoordinator was moved to the active state with [0] shards
08:03:33.647 DEBUG a.c.sharding.DDataShardCoordinator - sharded-daemon-process-eventSourcedProjection-passivation-race-entity-passivation-race-consumer-a: Initial coordinator is empty.
08:03:33.647 INFO  a.c.sharding.DDataShardCoordinator - sharded-daemon-process-eventSourcedProjection-passivation-race-entity-passivation-race-consumer-a: ShardCoordinator was moved to the active state with [0] shards
08:03:33.647 DEBUG a.c.singleton.ClusterSingletonProxy - Creating singleton identification timer...
08:03:33.647 DEBUG a.c.singleton.ClusterSingletonProxy - Trying to identify singleton at [akka://akka-runtime@127.0.0.1:62781/system/singletonManagerShardedDaemonProcessCoordinator-eventSourcedProjection-passivation-race-entity-passivation-race-view/ShardedDaemonProcessCoordinator-eventSourcedProjection-passivation-race-entity-passivation-race-view]
08:03:33.647 INFO  a.c.s.ClusterSingletonManager - Singleton manager starting singleton actor [akka://akka-runtime/system/singletonManagerShardedDaemonProcessCoordinator-eventSourcedProjection-passivation-race-entity-passivation-race-view/ShardedDaemonProcessCoordinator-eventSourcedProjection-passivation-race-entity-passivation-race-view]
08:03:33.647 INFO  a.c.s.ClusterSingletonManager - ClusterSingletonManager state change [Start -> Oldest]
08:03:33.648 DEBUG a.c.s.t.i.ShardedDaemonProcessCoordinator$ - ShardedDaemonProcessCoordinator for [eventSourcedProjection-passivation-race-entity-passivation-race-view] starting
08:03:33.648 INFO  akka.runtime.DiscoveryManager - Akka Runtime started at 127.0.0.1:62779
08:03:33.648 DEBUG a.c.s.t.i.ShardedDaemonProcessCoordinator$ - eventSourcedProjection-passivation-race-entity-passivation-race-view: No previous state stored for Sharded Daemon Process
08:03:33.648 INFO  repro.Bootstrap - onStartup burst of 8 starting
08:03:33.648 DEBUG a.c.s.t.i.ShardedDaemonProcessCoordinator$ - Sending periodic keep alive for Sharded Daemon Process [eventSourcedProjection-passivation-race-entity-passivation-race-view] to [1] processes (revision [0]).
08:03:33.690 INFO  akka.javasdk.testkit.TestKit - Runtime started
08:03:33.690 INFO  akka.actor.CoordinatedShutdown - Running CoordinatedShutdown with reason [ActorSystemTerminateReason]
08:03:33.690 DEBUG akka.actor.CoordinatedShutdown - Performing phase [before-service-unbind] with [0] tasks
08:03:33.690 DEBUG akka.actor.CoordinatedShutdown - Performing phase [service-unbind] with [1] tasks.
08:03:33.690 DEBUG akka.actor.CoordinatedShutdown - Performing task [http-unbind-/127.0.0.1:62779] in CoordinatedShutdown phase [service-unbind]
08:03:33.691 DEBUG akka.actor.CoordinatedShutdown - Performing phase [service-requests-done] with [1] tasks.
08:03:33.691 DEBUG akka.actor.CoordinatedShutdown - Performing task [http-terminate-/127.0.0.1:62779] in CoordinatedShutdown phase [service-requests-done]
08:03:33.691 DEBUG akka.actor.CoordinatedShutdown - Performing phase [service-stop] with [1] tasks.
08:03:33.691 DEBUG akka.actor.CoordinatedShutdown - Performing task [stop-grpc-clients] in CoordinatedShutdown phase [service-stop]
08:03:33.691 DEBUG akka.actor.CoordinatedShutdown - Performing phase [before-cluster-shutdown] with [0] tasks
08:03:33.691 DEBUG akka.actor.CoordinatedShutdown - Performing phase [cluster-sharding-shutdown-region] with [5] tasks.
08:03:33.691 DEBUG akka.actor.CoordinatedShutdown - Performing task [region-shutdown] in CoordinatedShutdown phase [cluster-sharding-shutdown-region]
08:03:33.691 DEBUG akka.actor.CoordinatedShutdown - Performing task [region-shutdown] in CoordinatedShutdown phase [cluster-sharding-shutdown-region]
08:03:33.691 DEBUG akka.actor.CoordinatedShutdown - Performing task [region-shutdown] in CoordinatedShutdown phase [cluster-sharding-shutdown-region]
08:03:33.691 DEBUG akka.actor.CoordinatedShutdown - Performing task [region-shutdown] in CoordinatedShutdown phase [cluster-sharding-shutdown-region]
08:03:33.691 DEBUG akka.actor.CoordinatedShutdown - Performing task [region-shutdown] in CoordinatedShutdown phase [cluster-sharding-shutdown-region]
08:03:33.691 DEBUG a.c.sharding.DDataShardCoordinator - _timer: Unknown region requested graceful shutdown [Actor[akka://akka-runtime/system/sharding/_timer#-1446208568]]
08:03:33.691 DEBUG a.c.sharding.DDataShardCoordinator - sharded-daemon-process-eventSourcedProjection-passivation-race-entity-passivation-race-consumer-a: Unknown region requested graceful shutdown [Actor[akka://akka-runtime/system/sharding/sharded-daemon-process-eventSourcedProjection-passivation-race-entity-passivation-race-consumer-a#995080755]]
08:03:33.691 DEBUG a.c.sharding.DDataShardCoordinator - passivation-race-entity: Unknown region requested graceful shutdown [Actor[akka://akka-runtime/system/sharding/passivation-race-entity#858079557]]
08:03:33.691 DEBUG a.c.sharding.DDataShardCoordinator - sharded-daemon-process-eventSourcedProjection-passivation-race-entity-passivation-race-consumer-b: Unknown region requested graceful shutdown [Actor[akka://akka-runtime/system/sharding/sharded-daemon-process-eventSourcedProjection-passivation-race-entity-passivation-race-consumer-b#2060357541]]
08:03:33.691 DEBUG a.c.sharding.DDataShardCoordinator - sharded-daemon-process-eventSourcedProjection-passivation-race-entity-passivation-race-view: Unknown region requested graceful shutdown [Actor[akka://akka-runtime/system/sharding/sharded-daemon-process-eventSourcedProjection-passivation-race-entity-passivation-race-view#-1928960322]]
08:03:33.706 DEBUG a.c.singleton.ClusterSingletonProxy - Trying to identify singleton at [akka://akka-runtime@127.0.0.1:62781/system/singletonManagerShardedDaemonProcessCoordinator-eventSourcedProjection-passivation-race-entity-passivation-race-consumer-b/ShardedDaemonProcessCoordinator-eventSourcedProjection-passivation-race-entity-passivation-race-consumer-b]
08:03:33.706 DEBUG a.c.singleton.ClusterSingletonProxy - Trying to identify singleton at [akka://akka-runtime@127.0.0.1:62781/system/singletonManagerShardedDaemonProcessCoordinator-eventSourcedProjection-passivation-race-entity-passivation-race-consumer-a/ShardedDaemonProcessCoordinator-eventSourcedProjection-passivation-race-entity-passivation-race-consumer-a]
08:03:33.706 INFO  a.c.singleton.ClusterSingletonProxy - Singleton identified at [akka://akka-runtime/system/singletonManagerShardedDaemonProcessCoordinator-eventSourcedProjection-passivation-race-entity-passivation-race-consumer-a/ShardedDaemonProcessCoordinator-eventSourcedProjection-passivation-race-entity-passivation-race-consumer-a]
08:03:33.706 INFO  a.c.singleton.ClusterSingletonProxy - Singleton identified at [akka://akka-runtime/system/singletonManagerShardedDaemonProcessCoordinator-eventSourcedProjection-passivation-race-entity-passivation-race-consumer-b/ShardedDaemonProcessCoordinator-eventSourcedProjection-passivation-race-entity-passivation-race-consumer-b]
08:03:33.706 DEBUG a.c.singleton.ClusterSingletonProxy - Sending buffered messages to current singleton instance
08:03:33.706 DEBUG a.c.singleton.ClusterSingletonProxy - Sending buffered messages to current singleton instance
08:03:33.717 DEBUG a.c.singleton.ClusterSingletonProxy - Trying to identify singleton at [akka://akka-runtime@127.0.0.1:62781/system/singletonManagerShardedDaemonProcessCoordinator-eventSourcedProjection-passivation-race-entity-passivation-race-view/ShardedDaemonProcessCoordinator-eventSourcedProjection-passivation-race-entity-passivation-race-view]
08:03:33.717 INFO  a.c.singleton.ClusterSingletonProxy - Singleton identified at [akka://akka-runtime/system/singletonManagerShardedDaemonProcessCoordinator-eventSourcedProjection-passivation-race-entity-passivation-race-view/ShardedDaemonProcessCoordinator-eventSourcedProjection-passivation-race-entity-passivation-race-view]
08:03:33.717 DEBUG a.c.singleton.ClusterSingletonProxy - Sending buffered messages to current singleton instance
08:03:33.907 DEBUG a.c.sharding.DDataShardCoordinator - sharded-daemon-process-eventSourcedProjection-passivation-race-entity-passivation-race-consumer-b: ShardRegion registered: [Actor[akka://akka-runtime/system/sharding/sharded-daemon-process-eventSourcedProjection-passivation-race-entity-passivation-race-consumer-b#2060357541]]
08:03:33.907 DEBUG a.c.sharding.DDataShardCoordinator - passivation-race-entity: ShardRegion registered: [Actor[akka://akka-runtime/system/sharding/passivation-race-entity#858079557]]
08:03:33.907 DEBUG a.c.sharding.DDataShardCoordinator - sharded-daemon-process-eventSourcedProjection-passivation-race-entity-passivation-race-consumer-a: ShardRegion registered: [Actor[akka://akka-runtime/system/sharding/sharded-daemon-process-eventSourcedProjection-passivation-race-entity-passivation-race-consumer-a#995080755]]
08:03:33.908 DEBUG a.c.sharding.DDataShardCoordinator - sharded-daemon-process-eventSourcedProjection-passivation-race-entity-passivation-race-consumer-b: The coordinator state was successfully updated with ShardRegionRegistered(Actor[akka://akka-runtime/system/sharding/sharded-daemon-process-eventSourcedProjection-passivation-race-entity-passivation-race-consumer-b#2060357541])
08:03:33.908 DEBUG a.c.sharding.DDataShardCoordinator - passivation-race-entity: The coordinator state was successfully updated with ShardRegionRegistered(Actor[akka://akka-runtime/system/sharding/passivation-race-entity#858079557])
08:03:33.908 DEBUG a.c.sharding.DDataShardCoordinator - sharded-daemon-process-eventSourcedProjection-passivation-race-entity-passivation-race-consumer-a: The coordinator state was successfully updated with ShardRegionRegistered(Actor[akka://akka-runtime/system/sharding/sharded-daemon-process-eventSourcedProjection-passivation-race-entity-passivation-race-consumer-a#995080755])
08:03:33.909 DEBUG a.c.sharding.DDataShardCoordinator - sharded-daemon-process-eventSourcedProjection-passivation-race-entity-passivation-race-consumer-b: The coordinator state was successfully updated with ShardHomeAllocated(0,Actor[akka://akka-runtime/system/sharding/sharded-daemon-process-eventSourcedProjection-passivation-race-entity-passivation-race-consumer-b#2060357541])
08:03:33.909 DEBUG a.c.sharding.DDataShardCoordinator - passivation-race-entity: The coordinator state was successfully updated with ShardHomeAllocated(235,Actor[akka://akka-runtime/system/sharding/passivation-race-entity#858079557])
08:03:33.909 DEBUG a.c.sharding.DDataShardCoordinator - sharded-daemon-process-eventSourcedProjection-passivation-race-entity-passivation-race-consumer-a: The coordinator state was successfully updated with ShardHomeAllocated(0,Actor[akka://akka-runtime/system/sharding/sharded-daemon-process-eventSourcedProjection-passivation-race-entity-passivation-race-consumer-a#995080755])
08:03:33.909 DEBUG a.c.sharding.DDataShardCoordinator - sharded-daemon-process-eventSourcedProjection-passivation-race-entity-passivation-race-consumer-b: Shard [0] allocated at [Actor[akka://akka-runtime/system/sharding/sharded-daemon-process-eventSourcedProjection-passivation-race-entity-passivation-race-consumer-b#2060357541]]
08:03:33.909 DEBUG a.c.sharding.DDataShardCoordinator - passivation-race-entity: Shard [235] allocated at [Actor[akka://akka-runtime/system/sharding/passivation-race-entity#858079557]]
08:03:33.909 DEBUG a.c.sharding.DDataShardCoordinator - sharded-daemon-process-eventSourcedProjection-passivation-race-entity-passivation-race-consumer-a: Shard [0] allocated at [Actor[akka://akka-runtime/system/sharding/sharded-daemon-process-eventSourcedProjection-passivation-race-entity-passivation-race-consumer-a#995080755]]
08:03:33.909 DEBUG a.c.sharding.DDataShardCoordinator - sharded-daemon-process-eventSourcedProjection-passivation-race-entity-passivation-race-consumer-a: Graceful shutdown of region [Actor[akka://akka-runtime/system/sharding/sharded-daemon-process-eventSourcedProjection-passivation-race-entity-passivation-race-consumer-a#995080755]] with [1] shards
08:03:33.909 DEBUG a.c.sharding.DDataShardCoordinator - passivation-race-entity: Graceful shutdown of region [Actor[akka://akka-runtime/system/sharding/passivation-race-entity#858079557]] with [1] shards
08:03:33.909 INFO  a.c.sharding.DDataShardCoordinator - sharded-daemon-process-eventSourcedProjection-passivation-race-entity-passivation-race-consumer-a: Starting shutting down shards [0] due to region shutting down or explicit stopping of shards.
08:03:33.909 INFO  a.c.sharding.DDataShardCoordinator - passivation-race-entity: Starting shutting down shards [235] due to region shutting down or explicit stopping of shards.
08:03:33.909 DEBUG a.c.s.ShardCoordinator$RebalanceWorker - passivation-race-entity: Shutting down shard [235] from region [Actor[akka://akka-runtime/system/sharding/passivation-race-entity#858079557]]. Asking [1] region(s) to hand-off shard
08:03:33.909 DEBUG a.c.s.ShardCoordinator$RebalanceWorker - sharded-daemon-process-eventSourcedProjection-passivation-race-entity-passivation-race-consumer-a: Shutting down shard [0] from region [Actor[akka://akka-runtime/system/sharding/sharded-daemon-process-eventSourcedProjection-passivation-race-entity-passivation-race-consumer-a#995080755]]. Asking [1] region(s) to hand-off shard
08:03:33.909 DEBUG a.c.sharding.DDataShardCoordinator - sharded-daemon-process-eventSourcedProjection-passivation-race-entity-passivation-race-consumer-b: Graceful shutdown of region [Actor[akka://akka-runtime/system/sharding/sharded-daemon-process-eventSourcedProjection-passivation-race-entity-passivation-race-consumer-b#2060357541]] with [1] shards
08:03:33.909 INFO  a.c.sharding.DDataShardCoordinator - sharded-daemon-process-eventSourcedProjection-passivation-race-entity-passivation-race-consumer-b: Starting shutting down shards [0] due to region shutting down or explicit stopping of shards.
08:03:33.909 DEBUG akka.cluster.sharding.Shard - sharded-daemon-process-eventSourcedProjection-passivation-race-entity-passivation-race-consumer-a: Shard initialized
08:03:33.910 DEBUG akka.cluster.sharding.Shard - sharded-daemon-process-eventSourcedProjection-passivation-race-entity-passivation-race-consumer-b: Shard initialized
08:03:33.910 DEBUG a.c.s.ShardCoordinator$RebalanceWorker - passivation-race-entity: BeginHandOffAck for shard [235] received from [Actor[akka://akka-runtime/system/sharding/passivation-race-entity#858079557]].
08:03:33.910 DEBUG a.c.s.ShardCoordinator$RebalanceWorker - passivation-race-entity: All shard regions acked, handing off shard [235].
08:03:33.910 DEBUG a.c.s.ShardCoordinator$RebalanceWorker - sharded-daemon-process-eventSourcedProjection-passivation-race-entity-passivation-race-consumer-b: Shutting down shard [0] from region [Actor[akka://akka-runtime/system/sharding/sharded-daemon-process-eventSourcedProjection-passivation-race-entity-passivation-race-consumer-b#2060357541]]. Asking [1] region(s) to hand-off shard
08:03:33.910 DEBUG a.c.s.ShardCoordinator$RebalanceWorker - sharded-daemon-process-eventSourcedProjection-passivation-race-entity-passivation-race-consumer-b: BeginHandOffAck for shard [0] received from [Actor[akka://akka-runtime/system/sharding/sharded-daemon-process-eventSourcedProjection-passivation-race-entity-passivation-race-consumer-b#2060357541]].
08:03:33.910 DEBUG a.c.s.ShardCoordinator$RebalanceWorker - sharded-daemon-process-eventSourcedProjection-passivation-race-entity-passivation-race-consumer-b: All shard regions acked, handing off shard [0].
08:03:33.910 DEBUG akka.cluster.sharding.Shard - sharded-daemon-process-eventSourcedProjection-passivation-race-entity-passivation-race-consumer-b: Request to start entity [0] and ack to [Some(Actor[akka://akka-runtime/deadLetters])]
08:03:33.910 WARN  akka.cluster.sharding.ShardRegion - passivation-race-entity: Dropping [1] buffered messages to shard [235] during hand off to avoid re-ordering
08:03:33.910 DEBUG akka.cluster.sharding.Shard - sharded-daemon-process-eventSourcedProjection-passivation-race-entity-passivation-race-consumer-a: Request to start entity [0] and ack to [Some(Actor[akka://akka-runtime/deadLetters])]
08:03:33.910 DEBUG akka.cluster.sharding.Shard - sharded-daemon-process-eventSourcedProjection-passivation-race-entity-passivation-race-consumer-b: Started entity [Actor[akka://akka-runtime/system/sharding/sharded-daemon-process-eventSourcedProjection-passivation-race-entity-passivation-race-consumer-b/0/0#929098104]] with entity id [0] in shard [0]
08:03:33.910 DEBUG akka.cluster.sharding.Shard - passivation-race-entity: Shard initialized
08:03:33.910 DEBUG akka.cluster.sharding.Shard - sharded-daemon-process-eventSourcedProjection-passivation-race-entity-passivation-race-consumer-a: Started entity [Actor[akka://akka-runtime/system/sharding/sharded-daemon-process-eventSourcedProjection-passivation-race-entity-passivation-race-consumer-a/0/0#124600897]] with entity id [0] in shard [0]
08:03:33.910 DEBUG akka.cluster.sharding.Shard - sharded-daemon-process-eventSourcedProjection-passivation-race-entity-passivation-race-consumer-b: HandOff shard [0]
08:03:33.910 DEBUG akka.cluster.sharding.Shard - sharded-daemon-process-eventSourcedProjection-passivation-race-entity-passivation-race-consumer-b: Starting HandOffStopper for shard [0] to terminate [1] entities.
08:03:33.910 DEBUG a.c.s.t.i.ShardedDaemonProcessState$ - eventSourcedProjection-passivation-race-entity-passivation-race-consumer-b: Deferred start of worker to verify its revision [0] is the latest
08:03:33.910 DEBUG a.c.s.t.i.ShardedDaemonProcessState$ - eventSourcedProjection-passivation-race-entity-passivation-race-consumer-a: Deferred start of worker to verify its revision [0] is the latest
08:03:33.910 DEBUG akka.cluster.sharding.Shard - passivation-race-entity: HandOff shard [235]
08:03:33.910 DEBUG akka.cluster.sharding.Shard - passivation-race-entity: Shard [235] shutting down
08:03:33.910 DEBUG a.c.sharding.DDataShardCoordinator - passivation-race-entity: ShardRegion stopped: [Actor[akka://akka-runtime/system/sharding/passivation-race-entity#858079557]]
08:03:33.910 DEBUG a.c.s.ShardCoordinator$RebalanceWorker - sharded-daemon-process-eventSourcedProjection-passivation-race-entity-passivation-race-consumer-a: BeginHandOffAck for shard [0] received from [Actor[akka://akka-runtime/system/sharding/sharded-daemon-process-eventSourcedProjection-passivation-race-entity-passivation-race-consumer-a#995080755]].
08:03:33.911 DEBUG a.c.s.ShardCoordinator$RebalanceWorker - sharded-daemon-process-eventSourcedProjection-passivation-race-entity-passivation-race-consumer-a: All shard regions acked, handing off shard [0].
08:03:33.911 INFO  a.c.s.t.i.ShardedDaemonProcessState$ - eventSourcedProjection-passivation-race-entity-passivation-race-consumer-b: Starting Sharded Daemon Process [0] out of a total [1] (revision [0] and no state found)
08:03:33.911 INFO  a.c.s.t.i.ShardedDaemonProcessState$ - eventSourcedProjection-passivation-race-entity-passivation-race-consumer-a: Starting Sharded Daemon Process [0] out of a total [1] (revision [0] and no state found)
08:03:33.911 DEBUG akka.cluster.sharding.Shard - sharded-daemon-process-eventSourcedProjection-passivation-race-entity-passivation-race-consumer-a: HandOff shard [0]
08:03:33.911 DEBUG akka.cluster.sharding.Shard - sharded-daemon-process-eventSourcedProjection-passivation-race-entity-passivation-race-consumer-a: Starting HandOffStopper for shard [0] to terminate [1] entities.
08:03:33.911 DEBUG a.c.sharding.DDataShardCoordinator - passivation-race-entity: ShardRegion terminated (gracefully): [Actor[akka://akka-runtime/system/sharding/passivation-race-entity#858079557]] {}
08:03:33.911 DEBUG a.c.sharding.DDataShardCoordinator - passivation-race-entity: GetShardHome [235] request from [Actor[akka://local/ignore]] deferred, because rebalance is in progress for this shard. It will be handled when rebalance is done.
08:03:33.912 DEBUG a.c.sharding.DDataShardCoordinator - passivation-race-entity: The coordinator state was successfully updated with ShardRegionTerminated(Actor[akka://akka-runtime/system/sharding/passivation-race-entity#858079557])
08:03:33.912 DEBUG a.c.sharding.DDataShardCoordinator - passivation-race-entity: Shard [235] deallocation completed successfully.
08:03:33.915 DEBUG akka.cluster.sharding.Shard - sharded-daemon-process-eventSourcedProjection-passivation-race-entity-passivation-race-consumer-a: Shard [0] shutting down
08:03:33.916 DEBUG a.c.sharding.DDataShardCoordinator - sharded-daemon-process-eventSourcedProjection-passivation-race-entity-passivation-race-consumer-a: Shard [0] deallocation completed successfully.
08:03:33.916 DEBUG a.c.sharding.DDataShardCoordinator - sharded-daemon-process-eventSourcedProjection-passivation-race-entity-passivation-race-consumer-a: The coordinator state was successfully updated with ShardHomeDeallocated(0)
08:03:33.916 DEBUG a.c.sharding.DDataShardCoordinator - sharded-daemon-process-eventSourcedProjection-passivation-race-entity-passivation-race-consumer-a: Shard [0] deallocated after
08:03:33.916 DEBUG a.c.sharding.DDataShardCoordinator - sharded-daemon-process-eventSourcedProjection-passivation-race-entity-passivation-race-consumer-a: ShardRegion stopped: [Actor[akka://akka-runtime/system/sharding/sharded-daemon-process-eventSourcedProjection-passivation-race-entity-passivation-race-consumer-a#995080755]]
08:03:33.916 DEBUG a.c.sharding.DDataShardCoordinator - sharded-daemon-process-eventSourcedProjection-passivation-race-entity-passivation-race-consumer-a: ShardRegion terminated (gracefully): [Actor[akka://akka-runtime/system/sharding/sharded-daemon-process-eventSourcedProjection-passivation-race-entity-passivation-race-consumer-a#995080755]] {}
08:03:33.917 DEBUG a.c.sharding.DDataShardCoordinator - sharded-daemon-process-eventSourcedProjection-passivation-race-entity-passivation-race-consumer-a: The coordinator state was successfully updated with ShardRegionTerminated(Actor[akka://akka-runtime/system/sharding/sharded-daemon-process-eventSourcedProjection-passivation-race-entity-passivation-race-consumer-a#995080755])
08:03:33.918 DEBUG a.c.sharding.DDataShardCoordinator - sharded-daemon-process-eventSourcedProjection-passivation-race-entity-passivation-race-view: ShardRegion registered: [Actor[akka://akka-runtime/system/sharding/sharded-daemon-process-eventSourcedProjection-passivation-race-entity-passivation-race-view#-1928960322]]
08:03:33.918 DEBUG a.c.sharding.DDataShardCoordinator - sharded-daemon-process-eventSourcedProjection-passivation-race-entity-passivation-race-view: The coordinator state was successfully updated with ShardRegionRegistered(Actor[akka://akka-runtime/system/sharding/sharded-daemon-process-eventSourcedProjection-passivation-race-entity-passivation-race-view#-1928960322])
08:03:33.919 DEBUG a.c.sharding.DDataShardCoordinator - sharded-daemon-process-eventSourcedProjection-passivation-race-entity-passivation-race-view: The coordinator state was successfully updated with ShardHomeAllocated(0,Actor[akka://akka-runtime/system/sharding/sharded-daemon-process-eventSourcedProjection-passivation-race-entity-passivation-race-view#-1928960322])
08:03:33.919 DEBUG a.c.sharding.DDataShardCoordinator - sharded-daemon-process-eventSourcedProjection-passivation-race-entity-passivation-race-view: Shard [0] allocated at [Actor[akka://akka-runtime/system/sharding/sharded-daemon-process-eventSourcedProjection-passivation-race-entity-passivation-race-view#-1928960322]]
08:03:33.919 DEBUG a.c.sharding.DDataShardCoordinator - sharded-daemon-process-eventSourcedProjection-passivation-race-entity-passivation-race-view: Graceful shutdown of region [Actor[akka://akka-runtime/system/sharding/sharded-daemon-process-eventSourcedProjection-passivation-race-entity-passivation-race-view#-1928960322]] with [1] shards
08:03:33.919 INFO  a.c.sharding.DDataShardCoordinator - sharded-daemon-process-eventSourcedProjection-passivation-race-entity-passivation-race-view: Starting shutting down shards [0] due to region shutting down or explicit stopping of shards.
08:03:33.920 DEBUG a.c.s.ShardCoordinator$RebalanceWorker - sharded-daemon-process-eventSourcedProjection-passivation-race-entity-passivation-race-view: Shutting down shard [0] from region [Actor[akka://akka-runtime/system/sharding/sharded-daemon-process-eventSourcedProjection-passivation-race-entity-passivation-race-view#-1928960322]]. Asking [1] region(s) to hand-off shard
08:03:33.920 DEBUG akka.cluster.sharding.Shard - sharded-daemon-process-eventSourcedProjection-passivation-race-entity-passivation-race-view: Shard initialized
08:03:33.920 DEBUG a.c.s.ShardCoordinator$RebalanceWorker - sharded-daemon-process-eventSourcedProjection-passivation-race-entity-passivation-race-view: BeginHandOffAck for shard [0] received from [Actor[akka://akka-runtime/system/sharding/sharded-daemon-process-eventSourcedProjection-passivation-race-entity-passivation-race-view#-1928960322]].
08:03:33.920 DEBUG a.c.s.ShardCoordinator$RebalanceWorker - sharded-daemon-process-eventSourcedProjection-passivation-race-entity-passivation-race-view: All shard regions acked, handing off shard [0].
08:03:33.920 DEBUG akka.cluster.sharding.Shard - sharded-daemon-process-eventSourcedProjection-passivation-race-entity-passivation-race-view: Request to start entity [0] and ack to [Some(Actor[akka://akka-runtime/deadLetters])]
08:03:33.921 DEBUG akka.cluster.sharding.Shard - sharded-daemon-process-eventSourcedProjection-passivation-race-entity-passivation-race-view: Started entity [Actor[akka://akka-runtime/system/sharding/sharded-daemon-process-eventSourcedProjection-passivation-race-entity-passivation-race-view/0/0#-1311605262]] with entity id [0] in shard [0]
08:03:33.921 DEBUG akka.cluster.sharding.Shard - sharded-daemon-process-eventSourcedProjection-passivation-race-entity-passivation-race-view: HandOff shard [0]
08:03:33.921 DEBUG a.c.s.t.i.ShardedDaemonProcessState$ - eventSourcedProjection-passivation-race-entity-passivation-race-view: Deferred start of worker to verify its revision [0] is the latest
08:03:33.921 DEBUG akka.cluster.sharding.Shard - sharded-daemon-process-eventSourcedProjection-passivation-race-entity-passivation-race-view: Starting HandOffStopper for shard [0] to terminate [1] entities.
08:03:33.921 INFO  a.c.s.t.i.ShardedDaemonProcessState$ - eventSourcedProjection-passivation-race-entity-passivation-race-view: Starting Sharded Daemon Process [0] out of a total [1] (revision [0] and no state found)
08:03:34.677 WARN  a.c.s.ShardRegion$HandOffStopper - sharded-daemon-process-eventSourcedProjection-passivation-race-entity-passivation-race-consumer-b: [1] of the entities in shard [0] not stopped after [750 milliseconds]. Maybe the handOffStopMessage [akka.projection.ProjectionBehavior$Stop$] is not handled? Waiting additional [250 milliseconds] before stopping the remaining entities.
08:03:34.688 WARN  a.c.s.ShardRegion$HandOffStopper - sharded-daemon-process-eventSourcedProjection-passivation-race-entity-passivation-race-view: [1] of the entities in shard [0] not stopped after [750 milliseconds]. Maybe the handOffStopMessage [akka.projection.ProjectionBehavior$Stop$] is not handled? Waiting additional [250 milliseconds] before stopping the remaining entities.
08:03:34.928 WARN  a.c.s.ShardRegion$HandOffStopper - sharded-daemon-process-eventSourcedProjection-passivation-race-entity-passivation-race-consumer-b: HandOffStopMessage [akka.projection.ProjectionBehavior$Stop$] is not handled by some of the entities in shard [0] after [1 second], stopping the remaining [1] entities.
08:03:34.929 DEBUG akka.cluster.sharding.Shard - sharded-daemon-process-eventSourcedProjection-passivation-race-entity-passivation-race-consumer-b: Shard [0] shutting down
08:03:34.930 DEBUG a.c.sharding.DDataShardCoordinator - sharded-daemon-process-eventSourcedProjection-passivation-race-entity-passivation-race-consumer-b: Shard [0] deallocation completed successfully.
08:03:34.930 DEBUG a.c.sharding.DDataShardCoordinator - sharded-daemon-process-eventSourcedProjection-passivation-race-entity-passivation-race-consumer-b: The coordinator state was successfully updated with ShardHomeDeallocated(0)
08:03:34.930 DEBUG a.c.sharding.DDataShardCoordinator - sharded-daemon-process-eventSourcedProjection-passivation-race-entity-passivation-race-consumer-b: Shard [0] deallocated after
08:03:34.930 DEBUG a.c.sharding.DDataShardCoordinator - sharded-daemon-process-eventSourcedProjection-passivation-race-entity-passivation-race-consumer-b: ShardRegion terminated (gracefully): [Actor[akka://akka-runtime/system/sharding/sharded-daemon-process-eventSourcedProjection-passivation-race-entity-passivation-race-consumer-b#2060357541]] {}
08:03:34.930 DEBUG a.c.sharding.DDataShardCoordinator - sharded-daemon-process-eventSourcedProjection-passivation-race-entity-passivation-race-consumer-b: GetShardHome [0] request from [Actor[akka://local/ignore]] stashed, because waiting for initial state or update of state. It will be handled afterwards.
08:03:34.931 DEBUG a.c.sharding.DDataShardCoordinator - sharded-daemon-process-eventSourcedProjection-passivation-race-entity-passivation-race-consumer-b: The coordinator state was successfully updated with ShardRegionTerminated(Actor[akka://akka-runtime/system/sharding/sharded-daemon-process-eventSourcedProjection-passivation-race-entity-passivation-race-consumer-b#2060357541])
08:03:34.931 DEBUG a.c.sharding.DDataShardCoordinator - sharded-daemon-process-eventSourcedProjection-passivation-race-entity-passivation-race-consumer-b: ShardRegion stopped: [Actor[akka://akka-runtime/system/sharding/sharded-daemon-process-eventSourcedProjection-passivation-race-entity-passivation-race-consumer-b#2060357541]]
08:03:34.937 WARN  a.c.s.ShardRegion$HandOffStopper - sharded-daemon-process-eventSourcedProjection-passivation-race-entity-passivation-race-view: HandOffStopMessage [akka.projection.ProjectionBehavior$Stop$] is not handled by some of the entities in shard [0] after [1 second], stopping the remaining [1] entities.
08:03:34.937 DEBUG a.c.sharding.DDataShardCoordinator - sharded-daemon-process-eventSourcedProjection-passivation-race-entity-passivation-race-view: Shard [0] deallocation completed successfully.
08:03:34.937 DEBUG akka.cluster.sharding.Shard - sharded-daemon-process-eventSourcedProjection-passivation-race-entity-passivation-race-view: Shard [0] shutting down
08:03:34.938 DEBUG akka.actor.CoordinatedShutdown - Performing phase [cluster-leave] with [1] tasks.
08:03:34.938 DEBUG akka.actor.CoordinatedShutdown - Performing task [leave] in CoordinatedShutdown phase [cluster-leave]
08:03:34.938 DEBUG a.c.sharding.DDataShardCoordinator - sharded-daemon-process-eventSourcedProjection-passivation-race-entity-passivation-race-view: The coordinator state was successfully updated with ShardHomeDeallocated(0)
08:03:34.938 DEBUG a.c.sharding.DDataShardCoordinator - sharded-daemon-process-eventSourcedProjection-passivation-race-entity-passivation-race-view: Shard [0] deallocated after
08:03:34.938 DEBUG a.c.sharding.DDataShardCoordinator - sharded-daemon-process-eventSourcedProjection-passivation-race-entity-passivation-race-view: ShardRegion terminated (gracefully): [Actor[akka://akka-runtime/system/sharding/sharded-daemon-process-eventSourcedProjection-passivation-race-entity-passivation-race-view#-1928960322]] {}
08:03:34.938 DEBUG a.c.sharding.DDataShardCoordinator - sharded-daemon-process-eventSourcedProjection-passivation-race-entity-passivation-race-view: GetShardHome [0] request from [Actor[akka://local/ignore]] stashed, because waiting for initial state or update of state. It will be handled afterwards.
08:03:34.939 DEBUG a.c.sharding.DDataShardCoordinator - sharded-daemon-process-eventSourcedProjection-passivation-race-entity-passivation-race-view: The coordinator state was successfully updated with ShardRegionTerminated(Actor[akka://akka-runtime/system/sharding/sharded-daemon-process-eventSourcedProjection-passivation-race-entity-passivation-race-view#-1928960322])
08:03:34.939 DEBUG a.c.sharding.DDataShardCoordinator - sharded-daemon-process-eventSourcedProjection-passivation-race-entity-passivation-race-view: ShardRegion stopped: [Actor[akka://akka-runtime/system/sharding/sharded-daemon-process-eventSourcedProjection-passivation-race-entity-passivation-race-view#-1928960322]]
08:03:34.941 DEBUG akka.actor.CoordinatedShutdown - Performing phase [cluster-exiting] with [28] tasks.
08:03:34.941 DEBUG akka.actor.CoordinatedShutdown - Performing task [singleton-exiting-2] in CoordinatedShutdown phase [cluster-exiting]
08:03:34.941 DEBUG akka.actor.CoordinatedShutdown - Performing task [wait-singleton-exiting] in CoordinatedShutdown phase [cluster-exiting]
08:03:34.941 DEBUG akka.actor.CoordinatedShutdown - Performing task [singleton-exiting-2] in CoordinatedShutdown phase [cluster-exiting]
08:03:34.941 DEBUG akka.actor.CoordinatedShutdown - Performing task [wait-singleton-exiting] in CoordinatedShutdown phase [cluster-exiting]
08:03:34.941 DEBUG akka.actor.CoordinatedShutdown - Performing task [wait-singleton-exiting] in CoordinatedShutdown phase [cluster-exiting]
08:03:34.941 DEBUG akka.actor.CoordinatedShutdown - Performing task [singleton-exiting-2] in CoordinatedShutdown phase [cluster-exiting]
08:03:34.941 DEBUG akka.actor.CoordinatedShutdown - Performing task [singleton-exiting-1] in CoordinatedShutdown phase [cluster-exiting]
08:03:34.941 DEBUG akka.actor.CoordinatedShutdown - Performing task [singleton-exiting-2] in CoordinatedShutdown phase [cluster-exiting]
08:03:34.941 DEBUG akka.actor.CoordinatedShutdown - Performing task [singleton-exiting-1] in CoordinatedShutdown phase [cluster-exiting]
08:03:34.941 DEBUG akka.actor.CoordinatedShutdown - Performing task [singleton-exiting-2] in CoordinatedShutdown phase [cluster-exiting]
08:03:34.941 DEBUG akka.actor.CoordinatedShutdown - Performing task [singleton-exiting-2] in CoordinatedShutdown phase [cluster-exiting]
08:03:34.941 DEBUG akka.actor.CoordinatedShutdown - Performing task [wait-singleton-exiting] in CoordinatedShutdown phase [cluster-exiting]
08:03:34.941 DEBUG akka.actor.CoordinatedShutdown - Performing task [singleton-exiting-1] in CoordinatedShutdown phase [cluster-exiting]
08:03:34.941 DEBUG akka.actor.CoordinatedShutdown - Performing task [singleton-exiting-1] in CoordinatedShutdown phase [cluster-exiting]
08:03:34.941 DEBUG akka.actor.CoordinatedShutdown - Performing task [singleton-exiting-1] in CoordinatedShutdown phase [cluster-exiting]
08:03:34.941 DEBUG akka.actor.CoordinatedShutdown - Performing task [wait-exiting] in CoordinatedShutdown phase [cluster-exiting]
08:03:34.941 DEBUG akka.actor.CoordinatedShutdown - Performing task [singleton-exiting-1] in CoordinatedShutdown phase [cluster-exiting]
08:03:34.941 DEBUG akka.actor.CoordinatedShutdown - Performing task [singleton-exiting-2] in CoordinatedShutdown phase [cluster-exiting]
08:03:34.941 DEBUG akka.actor.CoordinatedShutdown - Performing task [singleton-exiting-1] in CoordinatedShutdown phase [cluster-exiting]
08:03:34.941 DEBUG akka.actor.CoordinatedShutdown - Performing task [wait-singleton-exiting] in CoordinatedShutdown phase [cluster-exiting]
08:03:34.941 DEBUG akka.actor.CoordinatedShutdown - Performing task [wait-singleton-exiting] in CoordinatedShutdown phase [cluster-exiting]
08:03:34.941 DEBUG akka.actor.CoordinatedShutdown - Performing task [wait-singleton-exiting] in CoordinatedShutdown phase [cluster-exiting]
08:03:34.941 DEBUG akka.actor.CoordinatedShutdown - Performing task [wait-singleton-exiting] in CoordinatedShutdown phase [cluster-exiting]
08:03:34.941 DEBUG akka.actor.CoordinatedShutdown - Performing task [wait-singleton-exiting] in CoordinatedShutdown phase [cluster-exiting]
08:03:34.941 DEBUG akka.actor.CoordinatedShutdown - Performing task [singleton-exiting-1] in CoordinatedShutdown phase [cluster-exiting]
08:03:34.941 DEBUG akka.actor.CoordinatedShutdown - Performing task [singleton-exiting-2] in CoordinatedShutdown phase [cluster-exiting]
08:03:34.941 DEBUG akka.actor.CoordinatedShutdown - Performing task [singleton-exiting-2] in CoordinatedShutdown phase [cluster-exiting]
08:03:34.941 DEBUG akka.actor.CoordinatedShutdown - Performing task [singleton-exiting-1] in CoordinatedShutdown phase [cluster-exiting]
08:03:34.941 INFO  a.c.s.ClusterSingletonManager - Exited [akka://akka-runtime@127.0.0.1:62781].
08:03:34.941 INFO  a.c.s.ClusterSingletonManager - Exited [akka://akka-runtime@127.0.0.1:62781].
08:03:34.941 INFO  a.c.s.ClusterSingletonManager - Exited [akka://akka-runtime@127.0.0.1:62781].
08:03:34.941 INFO  a.c.s.ClusterSingletonManager - Exited [akka://akka-runtime@127.0.0.1:62781].
08:03:34.941 INFO  a.c.s.ClusterSingletonManager - Exited [akka://akka-runtime@127.0.0.1:62781].
08:03:34.941 INFO  a.c.s.ClusterSingletonManager - Exited [akka://akka-runtime@127.0.0.1:62781].
08:03:34.941 INFO  a.c.s.ClusterSingletonManager - Oldest observed OldestChanged: [akka://akka-runtime@127.0.0.1:62781 -> None]
08:03:34.941 INFO  a.c.s.ClusterSingletonManager - Oldest observed OldestChanged: [akka://akka-runtime@127.0.0.1:62781 -> None]
08:03:34.941 INFO  a.c.s.ClusterSingletonManager - ClusterSingletonManager state change [Oldest -> WasOldest]
08:03:34.941 INFO  a.c.s.ClusterSingletonManager - ClusterSingletonManager state change [Oldest -> WasOldest]
08:03:34.941 INFO  a.c.s.ClusterSingletonManager - Exited [akka://akka-runtime@127.0.0.1:62781].
08:03:34.941 INFO  a.c.s.ClusterSingletonManager - Oldest observed OldestChanged: [akka://akka-runtime@127.0.0.1:62781 -> None]
08:03:34.941 INFO  a.c.s.ClusterSingletonManager - Oldest observed OldestChanged: [akka://akka-runtime@127.0.0.1:62781 -> None]
08:03:34.941 INFO  a.c.s.ClusterSingletonManager - ClusterSingletonManager state change [Oldest -> WasOldest]
08:03:34.941 INFO  a.c.s.ClusterSingletonManager - ClusterSingletonManager state change [Oldest -> WasOldest]
08:03:34.941 INFO  a.c.s.ClusterSingletonManager - Exited [akka://akka-runtime@127.0.0.1:62781].
08:03:34.941 INFO  a.c.s.ClusterSingletonManager - Exited [akka://akka-runtime@127.0.0.1:62781].
08:03:34.941 INFO  a.c.s.ClusterSingletonManager - Oldest observed OldestChanged: [akka://akka-runtime@127.0.0.1:62781 -> None]
08:03:34.941 INFO  a.c.s.ClusterSingletonManager - Oldest observed OldestChanged: [akka://akka-runtime@127.0.0.1:62781 -> None]
08:03:34.941 INFO  a.c.s.ClusterSingletonManager - ClusterSingletonManager state change [Oldest -> WasOldest]
08:03:34.941 INFO  a.c.s.ClusterSingletonManager - ClusterSingletonManager state change [Oldest -> WasOldest]
08:03:34.942 INFO  a.c.s.ClusterSingletonManager - Oldest observed OldestChanged: [akka://akka-runtime@127.0.0.1:62781 -> None]
08:03:34.942 INFO  a.c.s.ClusterSingletonManager - Oldest observed OldestChanged: [akka://akka-runtime@127.0.0.1:62781 -> None]
08:03:34.942 INFO  a.c.s.ClusterSingletonManager - Oldest observed OldestChanged: [akka://akka-runtime@127.0.0.1:62781 -> None]
08:03:34.942 INFO  a.c.s.ClusterSingletonManager - ClusterSingletonManager state change [Oldest -> WasOldest]
08:03:34.942 INFO  a.c.s.ClusterSingletonManager - ClusterSingletonManager state change [Oldest -> WasOldest]
08:03:34.942 INFO  a.c.s.ClusterSingletonManager - ClusterSingletonManager state change [Oldest -> WasOldest]
08:03:35.547 DEBUG a.c.singleton.ClusterSingletonProxy - Creating singleton identification timer...
08:03:35.547 DEBUG a.c.singleton.ClusterSingletonProxy - Creating singleton identification timer...
08:03:35.547 DEBUG a.c.singleton.ClusterSingletonProxy - Creating singleton identification timer...
08:03:35.547 DEBUG a.c.singleton.ClusterSingletonProxy - Creating singleton identification timer...
08:03:35.957 INFO  a.c.s.ClusterSingletonManager - Singleton manager stopping singleton actor [akka://akka-runtime/system/sharding/passivation-race-entityCoordinator/singleton]
08:03:35.957 INFO  a.c.s.ClusterSingletonManager - Singleton manager stopping singleton actor [akka://akka-runtime/system/singletonManagerShardedDaemonProcessCoordinator-eventSourcedProjection-passivation-race-entity-passivation-race-view/ShardedDaemonProcessCoordinator-eventSourcedProjection-passivation-race-entity-passivation-race-view]
08:03:35.957 INFO  a.c.s.ClusterSingletonManager - Singleton manager stopping singleton actor [akka://akka-runtime/system/sharding/_timerCoordinator/singleton]
08:03:35.957 INFO  a.c.s.ClusterSingletonManager - Singleton manager stopping singleton actor [akka://akka-runtime/system/singletonManagerShardedDaemonProcessCoordinator-eventSourcedProjection-passivation-race-entity-passivation-race-consumer-b/ShardedDaemonProcessCoordinator-eventSourcedProjection-passivation-race-entity-passivation-race-consumer-b]
08:03:35.957 INFO  a.c.s.ClusterSingletonManager - ClusterSingletonManager state change [WasOldest -> Stopping]
08:03:35.957 INFO  a.c.s.ClusterSingletonManager - ClusterSingletonManager state change [WasOldest -> Stopping]
08:03:35.958 INFO  a.c.s.ClusterSingletonManager - ClusterSingletonManager state change [WasOldest -> Stopping]
08:03:35.958 INFO  a.c.s.ClusterSingletonManager - ClusterSingletonManager state change [WasOldest -> Stopping]
08:03:35.958 DEBUG a.c.sharding.DDataShardCoordinator - _timer: Received termination message.
08:03:35.958 DEBUG a.c.sharding.DDataShardCoordinator - passivation-race-entity: Received termination message.
08:03:35.958 INFO  a.c.s.ClusterSingletonManager - Singleton manager stopping singleton actor [akka://akka-runtime/system/singletonManagerShardedDaemonProcessCoordinator-eventSourcedProjection-passivation-race-entity-passivation-race-consumer-a/ShardedDaemonProcessCoordinator-eventSourcedProjection-passivation-race-entity-passivation-race-consumer-a]
08:03:35.958 INFO  a.c.s.ClusterSingletonManager - ClusterSingletonManager state change [WasOldest -> Stopping]
08:03:35.958 INFO  a.c.s.ClusterSingletonManager - Singleton actor [akka://akka-runtime/system/singletonManagerShardedDaemonProcessCoordinator-eventSourcedProjection-passivation-race-entity-passivation-race-view/ShardedDaemonProcessCoordinator-eventSourcedProjection-passivation-race-entity-passivation-race-view] was terminated
08:03:35.958 INFO  a.c.s.ClusterSingletonManager - Singleton actor [akka://akka-runtime/system/singletonManagerShardedDaemonProcessCoordinator-eventSourcedProjection-passivation-race-entity-passivation-race-consumer-a/ShardedDaemonProcessCoordinator-eventSourcedProjection-passivation-race-entity-passivation-race-consumer-a] was terminated
08:03:35.958 INFO  a.c.s.ClusterSingletonManager - Singleton manager stopping singleton actor [akka://akka-runtime/system/sharding/sharded-daemon-process-eventSourcedProjection-passivation-race-entity-passivation-race-consumer-bCoordinator/singleton]
08:03:35.958 INFO  a.c.s.ClusterSingletonManager - ClusterSingletonManager state change [WasOldest -> Stopping]
08:03:35.958 INFO  a.c.s.ClusterSingletonManager - Singleton actor [akka://akka-runtime/system/sharding/_timerCoordinator/singleton] was terminated
08:03:35.958 DEBUG a.c.sharding.DDataShardCoordinator - sharded-daemon-process-eventSourcedProjection-passivation-race-entity-passivation-race-consumer-b: Received termination message.
08:03:35.958 INFO  a.c.s.ClusterSingletonManager - Singleton actor [akka://akka-runtime/system/sharding/passivation-race-entityCoordinator/singleton] was terminated
08:03:35.958 INFO  a.c.s.ClusterSingletonManager - Singleton actor [akka://akka-runtime/system/sharding/sharded-daemon-process-eventSourcedProjection-passivation-race-entity-passivation-race-consumer-bCoordinator/singleton] was terminated
08:03:35.958 INFO  a.c.s.ClusterSingletonManager - Singleton manager stopping singleton actor [akka://akka-runtime/system/singletonManagerschemaSingleton/schemaSingleton]
08:03:35.958 INFO  a.c.s.ClusterSingletonManager - Singleton manager stopping singleton actor [akka://akka-runtime/system/sharding/sharded-daemon-process-eventSourcedProjection-passivation-race-entity-passivation-race-viewCoordinator/singleton]
08:03:35.958 INFO  a.c.s.ClusterSingletonManager - ClusterSingletonManager state change [WasOldest -> Stopping]
08:03:35.958 INFO  a.c.s.ClusterSingletonManager - ClusterSingletonManager state change [WasOldest -> Stopping]
08:03:35.958 DEBUG a.c.sharding.DDataShardCoordinator - sharded-daemon-process-eventSourcedProjection-passivation-race-entity-passivation-race-view: Received termination message.
08:03:35.958 INFO  a.c.s.ClusterSingletonManager - Singleton actor [akka://akka-runtime/system/singletonManagerschemaSingleton/schemaSingleton] was terminated
08:03:35.958 INFO  a.c.s.ClusterSingletonManager - Singleton actor [akka://akka-runtime/system/sharding/sharded-daemon-process-eventSourcedProjection-passivation-race-entity-passivation-race-viewCoordinator/singleton] was terminated
08:03:35.959 INFO  a.c.s.ClusterSingletonManager - Singleton manager stopping singleton actor [akka://akka-runtime/system/sharding/sharded-daemon-process-eventSourcedProjection-passivation-race-entity-passivation-race-consumer-aCoordinator/singleton]
08:03:35.959 INFO  a.c.s.ClusterSingletonManager - ClusterSingletonManager state change [WasOldest -> Stopping]
08:03:35.959 INFO  a.c.s.ClusterSingletonManager - Singleton actor [akka://akka-runtime/system/singletonManagerShardedDaemonProcessCoordinator-eventSourcedProjection-passivation-race-entity-passivation-race-consumer-b/ShardedDaemonProcessCoordinator-eventSourcedProjection-passivation-race-entity-passivation-race-consumer-b] was terminated
08:03:35.959 DEBUG a.c.sharding.DDataShardCoordinator - sharded-daemon-process-eventSourcedProjection-passivation-race-entity-passivation-race-consumer-a: Received termination message.
08:03:35.959 INFO  a.c.s.ClusterSingletonManager - Singleton actor [akka://akka-runtime/system/sharding/sharded-daemon-process-eventSourcedProjection-passivation-race-entity-passivation-race-consumer-aCoordinator/singleton] was terminated
08:03:35.959 DEBUG akka.actor.CoordinatedShutdown - Performing phase [cluster-exiting-done] with [1] tasks.
08:03:35.959 DEBUG akka.actor.CoordinatedShutdown - Performing task [exiting-completed] in CoordinatedShutdown phase [cluster-exiting-done]
08:03:35.959 DEBUG akka.actor.CoordinatedShutdown - Performing phase [cluster-shutdown] with [1] tasks.
08:03:35.960 DEBUG akka.actor.CoordinatedShutdown - Performing task [wait-shutdown] in CoordinatedShutdown phase [cluster-shutdown]
08:03:35.960 DEBUG akka.actor.CoordinatedShutdown - Performing phase [before-actor-system-terminate] with [2] tasks.
08:03:35.960 DEBUG akka.actor.CoordinatedShutdown - Performing task [close connection pools] in CoordinatedShutdown phase [before-actor-system-terminate]
08:03:35.961 DEBUG akka.actor.CoordinatedShutdown - Performing task [close-grpc-channels] in CoordinatedShutdown phase [before-actor-system-terminate]
08:03:35.961 DEBUG akka.actor.CoordinatedShutdown - Performing phase [actor-system-terminate] with [1] tasks.
08:03:35.961 DEBUG akka.actor.CoordinatedShutdown - Performing task [terminate-system] in CoordinatedShutdown phase [actor-system-terminate]
08:03:36.024 INFO  akka.runtime.AkkaRuntimeMain - Starting Akka Runtime version [1.6.15]
08:03:36.034 INFO  akka.javasdk.impl.ComponentLocator$ - Looking for component descriptors matching pattern [META-INF/akka-javasdk-components_*.conf]
08:03:36.041 INFO  akka.javasdk.testkit.TestKit - Eventing TestKit booting up on port: 62785
08:03:36.044 DEBUG a.c.singleton.ClusterSingletonProxy - Creating singleton identification timer...
08:03:36.044 DEBUG a.c.singleton.ClusterSingletonProxy - Trying to identify singleton at [akka://akka-runtime@127.0.0.1:62786/system/singletonManagerschemaSingleton/schemaSingleton]
08:03:36.044 DEBUG a.c.singleton.ClusterSingletonProxy - Singleton not available, buffering message type [kalix.runtime.SchemaSingleton$ExecDdl]
08:03:36.044 INFO  a.c.s.ClusterSingletonManager - Singleton manager starting singleton actor [akka://akka-runtime/system/singletonManagerschemaSingleton/schemaSingleton]
08:03:36.044 INFO  a.c.s.ClusterSingletonManager - ClusterSingletonManager state change [Start -> Oldest]
08:03:36.045 INFO  akka.javasdk.testkit.TestKit - Checking runtime status
08:03:36.113 DEBUG a.c.singleton.ClusterSingletonProxy - Trying to identify singleton at [akka://akka-runtime@127.0.0.1:62786/system/singletonManagerschemaSingleton/schemaSingleton]
08:03:36.113 INFO  a.c.singleton.ClusterSingletonProxy - Singleton identified at [akka://akka-runtime/system/singletonManagerschemaSingleton/schemaSingleton]
08:03:36.113 DEBUG a.c.singleton.ClusterSingletonProxy - Sending buffered messages to current singleton instance
08:03:36.114 INFO  a.c.s.typed.scaladsl.ClusterSharding - Starting Shard Region [passivation-race-entity]...
08:03:36.115 INFO  akka.cluster.sharding.ShardRegion - passivation-race-entity: Automatic entity passivation: composite strategy with limit of [10000] active entities, admission window (least recently used entities) with proportions [initial = 0.01, min = 0.01, max = 1.0] adapting with hill-climbing optimizer [adjust multiplier = 10.0, initial step = 0.0625, restart threshold = 0.05, step decay = 0.98], admit using frequency sketch [width multiplier = 4, reset multiplier = 10.0, depth = 4, counter bits = 4], main (least recently used entities (segmented with [2] levels with proportions of [0.20, 0.80]))
08:03:36.115 INFO  a.c.s.ClusterSingletonManager - Singleton manager starting singleton actor [akka://akka-runtime/system/sharding/passivation-race-entityCoordinator/singleton]
08:03:36.115 INFO  a.c.s.ClusterSingletonManager - ClusterSingletonManager state change [Start -> Oldest]
08:03:36.116 DEBUG a.c.sharding.DDataShardCoordinator - passivation-race-entity: Initial coordinator is empty.
08:03:36.116 INFO  a.c.sharding.DDataShardCoordinator - passivation-race-entity: ShardCoordinator was moved to the active state with [0] shards
08:03:36.117 DEBUG a.c.singleton.ClusterSingletonProxy - Forwarding message of type [SchemaSingleton$ExecDdl] to current singleton instance at [akka://akka-runtime/system/singletonManagerschemaSingleton/schemaSingleton]
08:03:36.117 INFO  akka.runtime.DiscoveryManager - Service components: EventSourcedEntity: [1], Consumer: [2], View: [1]
08:03:36.118 INFO  a.c.s.typed.scaladsl.ClusterSharding - Starting Shard Region [_timer]...
08:03:36.119 INFO  a.c.s.typed.scaladsl.ClusterSharding - Starting Shard Region [sharded-daemon-process-eventSourcedProjection-passivation-race-entity-passivation-race-consumer-a]...
08:03:36.119 INFO  akka.cluster.sharding.ShardRegion - sharded-daemon-process-eventSourcedProjection-passivation-race-entity-passivation-race-consumer-a: Automatic entity passivation: disabled
08:03:36.120 INFO  a.c.s.ClusterSingletonManager - Singleton manager starting singleton actor [akka://akka-runtime/system/sharding/_timerCoordinator/singleton]
08:03:36.120 INFO  a.c.s.ClusterSingletonManager - ClusterSingletonManager state change [Start -> Oldest]
08:03:36.120 DEBUG a.c.singleton.ClusterSingletonProxy - Creating singleton identification timer...
08:03:36.120 DEBUG a.c.sharding.DDataShardCoordinator - _timer: Starting remember entities store from provider akka.cluster.sharding.internal.DDataRememberEntitiesProvider@41a41a1e
08:03:36.120 DEBUG a.c.singleton.ClusterSingletonProxy - Trying to identify singleton at [akka://akka-runtime@127.0.0.1:62786/system/singletonManagerShardedDaemonProcessCoordinator-eventSourcedProjection-passivation-race-entity-passivation-race-consumer-a/ShardedDaemonProcessCoordinator-eventSourcedProjection-passivation-race-entity-passivation-race-consumer-a]
08:03:36.120 INFO  a.c.s.typed.scaladsl.ClusterSharding - Starting Shard Region [sharded-daemon-process-eventSourcedProjection-passivation-race-entity-passivation-race-consumer-b]...
08:03:36.120 DEBUG a.c.sharding.DDataShardCoordinator - _timer: Initial coordinator is empty.
08:03:36.120 INFO  a.c.sharding.DDataShardCoordinator - _timer: ShardCoordinator was moved to the active state with [0] shards
08:03:36.120 DEBUG a.c.sharding.DDataShardCoordinator - _timer: Received [0] remembered shard ids (after state initialized)
08:03:36.120 INFO  a.c.s.ClusterSingletonManager - Singleton manager starting singleton actor [akka://akka-runtime/system/sharding/sharded-daemon-process-eventSourcedProjection-passivation-race-entity-passivation-race-consumer-aCoordinator/singleton]
08:03:36.120 INFO  a.c.s.ClusterSingletonManager - ClusterSingletonManager state change [Start -> Oldest]
08:03:36.120 DEBUG a.c.sharding.DDataShardCoordinator - sharded-daemon-process-eventSourcedProjection-passivation-race-entity-passivation-race-consumer-a: Initial coordinator is empty.
08:03:36.120 INFO  a.c.sharding.DDataShardCoordinator - sharded-daemon-process-eventSourcedProjection-passivation-race-entity-passivation-race-consumer-a: ShardCoordinator was moved to the active state with [0] shards
08:03:36.121 INFO  akka.cluster.sharding.ShardRegion - sharded-daemon-process-eventSourcedProjection-passivation-race-entity-passivation-race-consumer-b: Automatic entity passivation: disabled
08:03:36.121 INFO  a.c.s.ClusterSingletonManager - Singleton manager starting singleton actor [akka://akka-runtime/system/singletonManagerShardedDaemonProcessCoordinator-eventSourcedProjection-passivation-race-entity-passivation-race-consumer-a/ShardedDaemonProcessCoordinator-eventSourcedProjection-passivation-race-entity-passivation-race-consumer-a]
08:03:36.121 INFO  a.c.s.ClusterSingletonManager - ClusterSingletonManager state change [Start -> Oldest]
08:03:36.121 DEBUG a.c.s.t.i.ShardedDaemonProcessCoordinator$ - ShardedDaemonProcessCoordinator for [eventSourcedProjection-passivation-race-entity-passivation-race-consumer-a] starting
08:03:36.121 INFO  a.c.s.typed.scaladsl.ClusterSharding - Starting Shard Region [sharded-daemon-process-eventSourcedProjection-passivation-race-entity-passivation-race-view]...
08:03:36.121 INFO  akka.cluster.sharding.ShardRegion - sharded-daemon-process-eventSourcedProjection-passivation-race-entity-passivation-race-view: Automatic entity passivation: disabled
08:03:36.121 DEBUG a.c.singleton.ClusterSingletonProxy - Creating singleton identification timer...
08:03:36.121 DEBUG a.c.singleton.ClusterSingletonProxy - Trying to identify singleton at [akka://akka-runtime@127.0.0.1:62786/system/singletonManagerShardedDaemonProcessCoordinator-eventSourcedProjection-passivation-race-entity-passivation-race-consumer-b/ShardedDaemonProcessCoordinator-eventSourcedProjection-passivation-race-entity-passivation-race-consumer-b]
08:03:36.121 DEBUG a.c.s.t.i.ShardedDaemonProcessCoordinator$ - eventSourcedProjection-passivation-race-entity-passivation-race-consumer-a: No previous state stored for Sharded Daemon Process
08:03:36.121 DEBUG a.c.s.t.i.ShardedDaemonProcessCoordinator$ - Sending periodic keep alive for Sharded Daemon Process [eventSourcedProjection-passivation-race-entity-passivation-race-consumer-a] to [1] processes (revision [0]).
08:03:36.122 INFO  a.c.s.ClusterSingletonManager - Singleton manager starting singleton actor [akka://akka-runtime/system/singletonManagerShardedDaemonProcessCoordinator-eventSourcedProjection-passivation-race-entity-passivation-race-consumer-b/ShardedDaemonProcessCoordinator-eventSourcedProjection-passivation-race-entity-passivation-race-consumer-b]
08:03:36.122 INFO  a.c.s.ClusterSingletonManager - Singleton manager starting singleton actor [akka://akka-runtime/system/sharding/sharded-daemon-process-eventSourcedProjection-passivation-race-entity-passivation-race-consumer-bCoordinator/singleton]
08:03:36.122 INFO  a.c.s.ClusterSingletonManager - ClusterSingletonManager state change [Start -> Oldest]
08:03:36.122 INFO  a.c.s.ClusterSingletonManager - ClusterSingletonManager state change [Start -> Oldest]
08:03:36.122 DEBUG a.c.s.t.i.ShardedDaemonProcessCoordinator$ - ShardedDaemonProcessCoordinator for [eventSourcedProjection-passivation-race-entity-passivation-race-consumer-b] starting
08:03:36.122 DEBUG a.c.sharding.DDataShardCoordinator - sharded-daemon-process-eventSourcedProjection-passivation-race-entity-passivation-race-consumer-b: Initial coordinator is empty.
08:03:36.122 INFO  a.c.sharding.DDataShardCoordinator - sharded-daemon-process-eventSourcedProjection-passivation-race-entity-passivation-race-consumer-b: ShardCoordinator was moved to the active state with [0] shards
08:03:36.122 DEBUG a.c.s.t.i.ShardedDaemonProcessCoordinator$ - eventSourcedProjection-passivation-race-entity-passivation-race-consumer-b: No previous state stored for Sharded Daemon Process
08:03:36.122 DEBUG a.c.s.t.i.ShardedDaemonProcessCoordinator$ - Sending periodic keep alive for Sharded Daemon Process [eventSourcedProjection-passivation-race-entity-passivation-race-consumer-b] to [1] processes (revision [0]).
08:03:36.122 INFO  a.c.s.ClusterSingletonManager - Singleton manager starting singleton actor [akka://akka-runtime/system/sharding/sharded-daemon-process-eventSourcedProjection-passivation-race-entity-passivation-race-viewCoordinator/singleton]
08:03:36.122 INFO  akka.runtime.DiscoveryManager - Akka Runtime started at 127.0.0.1:62784
08:03:36.122 DEBUG a.c.singleton.ClusterSingletonProxy - Creating singleton identification timer...
08:03:36.122 DEBUG a.c.singleton.ClusterSingletonProxy - Trying to identify singleton at [akka://akka-runtime@127.0.0.1:62786/system/singletonManagerShardedDaemonProcessCoordinator-eventSourcedProjection-passivation-race-entity-passivation-race-view/ShardedDaemonProcessCoordinator-eventSourcedProjection-passivation-race-entity-passivation-race-view]
08:03:36.122 INFO  a.c.s.ClusterSingletonManager - ClusterSingletonManager state change [Start -> Oldest]
08:03:36.123 DEBUG a.c.sharding.DDataShardCoordinator - sharded-daemon-process-eventSourcedProjection-passivation-race-entity-passivation-race-view: Initial coordinator is empty.
08:03:36.123 INFO  repro.Bootstrap - onStartup burst of 8 starting
08:03:36.123 INFO  a.c.sharding.DDataShardCoordinator - sharded-daemon-process-eventSourcedProjection-passivation-race-entity-passivation-race-view: ShardCoordinator was moved to the active state with [0] shards
08:03:36.123 INFO  a.c.s.ClusterSingletonManager - Singleton manager starting singleton actor [akka://akka-runtime/system/singletonManagerShardedDaemonProcessCoordinator-eventSourcedProjection-passivation-race-entity-passivation-race-view/ShardedDaemonProcessCoordinator-eventSourcedProjection-passivation-race-entity-passivation-race-view]
08:03:36.123 INFO  a.c.s.ClusterSingletonManager - ClusterSingletonManager state change [Start -> Oldest]
08:03:36.123 DEBUG a.c.s.t.i.ShardedDaemonProcessCoordinator$ - ShardedDaemonProcessCoordinator for [eventSourcedProjection-passivation-race-entity-passivation-race-view] starting
08:03:36.124 DEBUG a.c.s.t.i.ShardedDaemonProcessCoordinator$ - eventSourcedProjection-passivation-race-entity-passivation-race-view: No previous state stored for Sharded Daemon Process
08:03:36.124 DEBUG a.c.s.t.i.ShardedDaemonProcessCoordinator$ - Sending periodic keep alive for Sharded Daemon Process [eventSourcedProjection-passivation-race-entity-passivation-race-view] to [1] processes (revision [0]).
08:03:36.165 INFO  akka.javasdk.testkit.TestKit - Runtime started
08:03:36.165 INFO  akka.actor.CoordinatedShutdown - Running CoordinatedShutdown with reason [ActorSystemTerminateReason]
08:03:36.165 DEBUG akka.actor.CoordinatedShutdown - Performing phase [before-service-unbind] with [0] tasks
08:03:36.165 DEBUG akka.actor.CoordinatedShutdown - Performing phase [service-unbind] with [1] tasks.
08:03:36.165 DEBUG akka.actor.CoordinatedShutdown - Performing task [http-unbind-/127.0.0.1:62784] in CoordinatedShutdown phase [service-unbind]
08:03:36.165 DEBUG akka.actor.CoordinatedShutdown - Performing phase [service-requests-done] with [1] tasks.
08:03:36.165 DEBUG akka.actor.CoordinatedShutdown - Performing task [http-terminate-/127.0.0.1:62784] in CoordinatedShutdown phase [service-requests-done]
08:03:36.165 DEBUG akka.actor.CoordinatedShutdown - Performing phase [service-stop] with [1] tasks.
08:03:36.166 DEBUG akka.actor.CoordinatedShutdown - Performing task [stop-grpc-clients] in CoordinatedShutdown phase [service-stop]
08:03:36.166 DEBUG akka.actor.CoordinatedShutdown - Performing phase [before-cluster-shutdown] with [0] tasks
08:03:36.166 DEBUG akka.actor.CoordinatedShutdown - Performing phase [cluster-sharding-shutdown-region] with [5] tasks.
08:03:36.166 DEBUG akka.actor.CoordinatedShutdown - Performing task [region-shutdown] in CoordinatedShutdown phase [cluster-sharding-shutdown-region]
08:03:36.166 DEBUG akka.actor.CoordinatedShutdown - Performing task [region-shutdown] in CoordinatedShutdown phase [cluster-sharding-shutdown-region]
08:03:36.166 DEBUG akka.actor.CoordinatedShutdown - Performing task [region-shutdown] in CoordinatedShutdown phase [cluster-sharding-shutdown-region]
08:03:36.166 DEBUG akka.actor.CoordinatedShutdown - Performing task [region-shutdown] in CoordinatedShutdown phase [cluster-sharding-shutdown-region]
08:03:36.166 DEBUG akka.actor.CoordinatedShutdown - Performing task [region-shutdown] in CoordinatedShutdown phase [cluster-sharding-shutdown-region]
08:03:36.166 DEBUG a.c.sharding.DDataShardCoordinator - passivation-race-entity: Unknown region requested graceful shutdown [Actor[akka://akka-runtime/system/sharding/passivation-race-entity#-36113273]]
08:03:36.166 DEBUG a.c.sharding.DDataShardCoordinator - _timer: Unknown region requested graceful shutdown [Actor[akka://akka-runtime/system/sharding/_timer#884865380]]
08:03:36.166 DEBUG a.c.sharding.DDataShardCoordinator - sharded-daemon-process-eventSourcedProjection-passivation-race-entity-passivation-race-consumer-a: Unknown region requested graceful shutdown [Actor[akka://akka-runtime/system/sharding/sharded-daemon-process-eventSourcedProjection-passivation-race-entity-passivation-race-consumer-a#1146997023]]
08:03:36.166 DEBUG a.c.sharding.DDataShardCoordinator - sharded-daemon-process-eventSourcedProjection-passivation-race-entity-passivation-race-consumer-b: Unknown region requested graceful shutdown [Actor[akka://akka-runtime/system/sharding/sharded-daemon-process-eventSourcedProjection-passivation-race-entity-passivation-race-consumer-b#841817638]]
08:03:36.166 DEBUG a.c.sharding.DDataShardCoordinator - sharded-daemon-process-eventSourcedProjection-passivation-race-entity-passivation-race-view: Unknown region requested graceful shutdown [Actor[akka://akka-runtime/system/sharding/sharded-daemon-process-eventSourcedProjection-passivation-race-entity-passivation-race-view#1849297541]]
08:03:36.182 DEBUG a.c.singleton.ClusterSingletonProxy - Trying to identify singleton at [akka://akka-runtime@127.0.0.1:62786/system/singletonManagerShardedDaemonProcessCoordinator-eventSourcedProjection-passivation-race-entity-passivation-race-consumer-b/ShardedDaemonProcessCoordinator-eventSourcedProjection-passivation-race-entity-passivation-race-consumer-b]
08:03:36.182 DEBUG a.c.singleton.ClusterSingletonProxy - Trying to identify singleton at [akka://akka-runtime@127.0.0.1:62786/system/singletonManagerShardedDaemonProcessCoordinator-eventSourcedProjection-passivation-race-entity-passivation-race-consumer-a/ShardedDaemonProcessCoordinator-eventSourcedProjection-passivation-race-entity-passivation-race-consumer-a]
08:03:36.182 DEBUG a.c.singleton.ClusterSingletonProxy - Trying to identify singleton at [akka://akka-runtime@127.0.0.1:62786/system/singletonManagerShardedDaemonProcessCoordinator-eventSourcedProjection-passivation-race-entity-passivation-race-view/ShardedDaemonProcessCoordinator-eventSourcedProjection-passivation-race-entity-passivation-race-view]
08:03:36.182 INFO  a.c.singleton.ClusterSingletonProxy - Singleton identified at [akka://akka-runtime/system/singletonManagerShardedDaemonProcessCoordinator-eventSourcedProjection-passivation-race-entity-passivation-race-view/ShardedDaemonProcessCoordinator-eventSourcedProjection-passivation-race-entity-passivation-race-view]
08:03:36.182 INFO  a.c.singleton.ClusterSingletonProxy - Singleton identified at [akka://akka-runtime/system/singletonManagerShardedDaemonProcessCoordinator-eventSourcedProjection-passivation-race-entity-passivation-race-consumer-a/ShardedDaemonProcessCoordinator-eventSourcedProjection-passivation-race-entity-passivation-race-consumer-a]
08:03:36.182 INFO  a.c.singleton.ClusterSingletonProxy - Singleton identified at [akka://akka-runtime/system/singletonManagerShardedDaemonProcessCoordinator-eventSourcedProjection-passivation-race-entity-passivation-race-consumer-b/ShardedDaemonProcessCoordinator-eventSourcedProjection-passivation-race-entity-passivation-race-consumer-b]
08:03:36.182 DEBUG a.c.singleton.ClusterSingletonProxy - Sending buffered messages to current singleton instance
08:03:36.182 DEBUG a.c.singleton.ClusterSingletonProxy - Sending buffered messages to current singleton instance
08:03:36.182 DEBUG a.c.singleton.ClusterSingletonProxy - Sending buffered messages to current singleton instance
08:03:36.381 DEBUG a.c.sharding.DDataShardCoordinator - sharded-daemon-process-eventSourcedProjection-passivation-race-entity-passivation-race-consumer-a: ShardRegion registered: [Actor[akka://akka-runtime/system/sharding/sharded-daemon-process-eventSourcedProjection-passivation-race-entity-passivation-race-consumer-a#1146997023]]
08:03:36.381 DEBUG a.c.sharding.DDataShardCoordinator - passivation-race-entity: ShardRegion registered: [Actor[akka://akka-runtime/system/sharding/passivation-race-entity#-36113273]]
08:03:36.381 DEBUG a.c.sharding.DDataShardCoordinator - sharded-daemon-process-eventSourcedProjection-passivation-race-entity-passivation-race-consumer-b: ShardRegion registered: [Actor[akka://akka-runtime/system/sharding/sharded-daemon-process-eventSourcedProjection-passivation-race-entity-passivation-race-consumer-b#841817638]]
08:03:36.381 DEBUG a.c.sharding.DDataShardCoordinator - sharded-daemon-process-eventSourcedProjection-passivation-race-entity-passivation-race-view: ShardRegion registered: [Actor[akka://akka-runtime/system/sharding/sharded-daemon-process-eventSourcedProjection-passivation-race-entity-passivation-race-view#1849297541]]
08:03:36.381 DEBUG a.c.sharding.DDataShardCoordinator - sharded-daemon-process-eventSourcedProjection-passivation-race-entity-passivation-race-consumer-b: The coordinator state was successfully updated with ShardRegionRegistered(Actor[akka://akka-runtime/system/sharding/sharded-daemon-process-eventSourcedProjection-passivation-race-entity-passivation-race-consumer-b#841817638])
08:03:36.381 DEBUG a.c.sharding.DDataShardCoordinator - sharded-daemon-process-eventSourcedProjection-passivation-race-entity-passivation-race-view: The coordinator state was successfully updated with ShardRegionRegistered(Actor[akka://akka-runtime/system/sharding/sharded-daemon-process-eventSourcedProjection-passivation-race-entity-passivation-race-view#1849297541])
08:03:36.381 DEBUG a.c.sharding.DDataShardCoordinator - passivation-race-entity: The coordinator state was successfully updated with ShardRegionRegistered(Actor[akka://akka-runtime/system/sharding/passivation-race-entity#-36113273])
08:03:36.381 DEBUG a.c.sharding.DDataShardCoordinator - sharded-daemon-process-eventSourcedProjection-passivation-race-entity-passivation-race-consumer-a: The coordinator state was successfully updated with ShardRegionRegistered(Actor[akka://akka-runtime/system/sharding/sharded-daemon-process-eventSourcedProjection-passivation-race-entity-passivation-race-consumer-a#1146997023])
08:03:36.381 DEBUG a.c.sharding.DDataShardCoordinator - sharded-daemon-process-eventSourcedProjection-passivation-race-entity-passivation-race-view: The coordinator state was successfully updated with ShardHomeAllocated(0,Actor[akka://akka-runtime/system/sharding/sharded-daemon-process-eventSourcedProjection-passivation-race-entity-passivation-race-view#1849297541])
08:03:36.381 DEBUG a.c.sharding.DDataShardCoordinator - sharded-daemon-process-eventSourcedProjection-passivation-race-entity-passivation-race-consumer-b: The coordinator state was successfully updated with ShardHomeAllocated(0,Actor[akka://akka-runtime/system/sharding/sharded-daemon-process-eventSourcedProjection-passivation-race-entity-passivation-race-consumer-b#841817638])
08:03:36.381 DEBUG a.c.sharding.DDataShardCoordinator - passivation-race-entity: The coordinator state was successfully updated with ShardHomeAllocated(257,Actor[akka://akka-runtime/system/sharding/passivation-race-entity#-36113273])
08:03:36.381 DEBUG a.c.sharding.DDataShardCoordinator - sharded-daemon-process-eventSourcedProjection-passivation-race-entity-passivation-race-consumer-a: The coordinator state was successfully updated with ShardHomeAllocated(0,Actor[akka://akka-runtime/system/sharding/sharded-daemon-process-eventSourcedProjection-passivation-race-entity-passivation-race-consumer-a#1146997023])
08:03:36.381 DEBUG a.c.sharding.DDataShardCoordinator - sharded-daemon-process-eventSourcedProjection-passivation-race-entity-passivation-race-view: Shard [0] allocated at [Actor[akka://akka-runtime/system/sharding/sharded-daemon-process-eventSourcedProjection-passivation-race-entity-passivation-race-view#1849297541]]
08:03:36.382 DEBUG a.c.sharding.DDataShardCoordinator - sharded-daemon-process-eventSourcedProjection-passivation-race-entity-passivation-race-view: Graceful shutdown of region [Actor[akka://akka-runtime/system/sharding/sharded-daemon-process-eventSourcedProjection-passivation-race-entity-passivation-race-view#1849297541]] with [1] shards
08:03:36.382 DEBUG a.c.sharding.DDataShardCoordinator - sharded-daemon-process-eventSourcedProjection-passivation-race-entity-passivation-race-consumer-b: Shard [0] allocated at [Actor[akka://akka-runtime/system/sharding/sharded-daemon-process-eventSourcedProjection-passivation-race-entity-passivation-race-consumer-b#841817638]]
08:03:36.382 INFO  a.c.sharding.DDataShardCoordinator - sharded-daemon-process-eventSourcedProjection-passivation-race-entity-passivation-race-view: Starting shutting down shards [0] due to region shutting down or explicit stopping of shards.
08:03:36.382 DEBUG akka.cluster.sharding.Shard - sharded-daemon-process-eventSourcedProjection-passivation-race-entity-passivation-race-view: Shard initialized
08:03:36.382 DEBUG a.c.sharding.DDataShardCoordinator - sharded-daemon-process-eventSourcedProjection-passivation-race-entity-passivation-race-consumer-b: Graceful shutdown of region [Actor[akka://akka-runtime/system/sharding/sharded-daemon-process-eventSourcedProjection-passivation-race-entity-passivation-race-consumer-b#841817638]] with [1] shards
08:03:36.382 INFO  a.c.sharding.DDataShardCoordinator - sharded-daemon-process-eventSourcedProjection-passivation-race-entity-passivation-race-consumer-b: Starting shutting down shards [0] due to region shutting down or explicit stopping of shards.
08:03:36.382 DEBUG a.c.s.ShardCoordinator$RebalanceWorker - sharded-daemon-process-eventSourcedProjection-passivation-race-entity-passivation-race-view: Shutting down shard [0] from region [Actor[akka://akka-runtime/system/sharding/sharded-daemon-process-eventSourcedProjection-passivation-race-entity-passivation-race-view#1849297541]]. Asking [1] region(s) to hand-off shard
08:03:36.382 DEBUG a.c.s.ShardCoordinator$RebalanceWorker - sharded-daemon-process-eventSourcedProjection-passivation-race-entity-passivation-race-view: BeginHandOffAck for shard [0] received from [Actor[akka://akka-runtime/system/sharding/sharded-daemon-process-eventSourcedProjection-passivation-race-entity-passivation-race-view#1849297541]].
08:03:36.382 DEBUG a.c.s.ShardCoordinator$RebalanceWorker - sharded-daemon-process-eventSourcedProjection-passivation-race-entity-passivation-race-view: All shard regions acked, handing off shard [0].
08:03:36.382 DEBUG akka.cluster.sharding.Shard - sharded-daemon-process-eventSourcedProjection-passivation-race-entity-passivation-race-consumer-b: Shard initialized
08:03:36.382 DEBUG a.c.s.ShardCoordinator$RebalanceWorker - sharded-daemon-process-eventSourcedProjection-passivation-race-entity-passivation-race-consumer-b: Shutting down shard [0] from region [Actor[akka://akka-runtime/system/sharding/sharded-daemon-process-eventSourcedProjection-passivation-race-entity-passivation-race-consumer-b#841817638]]. Asking [1] region(s) to hand-off shard
08:03:36.382 DEBUG a.c.s.ShardCoordinator$RebalanceWorker - sharded-daemon-process-eventSourcedProjection-passivation-race-entity-passivation-race-consumer-b: BeginHandOffAck for shard [0] received from [Actor[akka://akka-runtime/system/sharding/sharded-daemon-process-eventSourcedProjection-passivation-race-entity-passivation-race-consumer-b#841817638]].
08:03:36.382 DEBUG a.c.s.ShardCoordinator$RebalanceWorker - sharded-daemon-process-eventSourcedProjection-passivation-race-entity-passivation-race-consumer-b: All shard regions acked, handing off shard [0].
08:03:36.382 DEBUG akka.cluster.sharding.Shard - sharded-daemon-process-eventSourcedProjection-passivation-race-entity-passivation-race-consumer-b: Request to start entity [0] and ack to [Some(Actor[akka://akka-runtime/deadLetters])]
08:03:36.383 DEBUG akka.cluster.sharding.Shard - sharded-daemon-process-eventSourcedProjection-passivation-race-entity-passivation-race-view: Request to start entity [0] and ack to [Some(Actor[akka://akka-runtime/deadLetters])]
08:03:36.383 DEBUG akka.cluster.sharding.Shard - sharded-daemon-process-eventSourcedProjection-passivation-race-entity-passivation-race-view: Started entity [Actor[akka://akka-runtime/system/sharding/sharded-daemon-process-eventSourcedProjection-passivation-race-entity-passivation-race-view/0/0#1523596986]] with entity id [0] in shard [0]
08:03:36.383 DEBUG akka.cluster.sharding.Shard - sharded-daemon-process-eventSourcedProjection-passivation-race-entity-passivation-race-consumer-b: Started entity [Actor[akka://akka-runtime/system/sharding/sharded-daemon-process-eventSourcedProjection-passivation-race-entity-passivation-race-consumer-b/0/0#522518284]] with entity id [0] in shard [0]
08:03:36.383 DEBUG akka.cluster.sharding.Shard - sharded-daemon-process-eventSourcedProjection-passivation-race-entity-passivation-race-view: HandOff shard [0]
08:03:36.383 DEBUG akka.cluster.sharding.Shard - sharded-daemon-process-eventSourcedProjection-passivation-race-entity-passivation-race-consumer-b: HandOff shard [0]
08:03:36.383 DEBUG a.c.s.t.i.ShardedDaemonProcessState$ - eventSourcedProjection-passivation-race-entity-passivation-race-consumer-b: Deferred start of worker to verify its revision [0] is the latest
08:03:36.383 DEBUG a.c.s.t.i.ShardedDaemonProcessState$ - eventSourcedProjection-passivation-race-entity-passivation-race-view: Deferred start of worker to verify its revision [0] is the latest
08:03:36.383 DEBUG akka.cluster.sharding.Shard - sharded-daemon-process-eventSourcedProjection-passivation-race-entity-passivation-race-view: Starting HandOffStopper for shard [0] to terminate [1] entities.
08:03:36.383 DEBUG akka.cluster.sharding.Shard - sharded-daemon-process-eventSourcedProjection-passivation-race-entity-passivation-race-consumer-b: Starting HandOffStopper for shard [0] to terminate [1] entities.
08:03:36.383 INFO  a.c.s.t.i.ShardedDaemonProcessState$ - eventSourcedProjection-passivation-race-entity-passivation-race-consumer-b: Starting Sharded Daemon Process [0] out of a total [1] (revision [0] and no state found)
08:03:36.383 DEBUG a.c.sharding.DDataShardCoordinator - passivation-race-entity: Shard [257] allocated at [Actor[akka://akka-runtime/system/sharding/passivation-race-entity#-36113273]]
08:03:36.383 INFO  a.c.s.t.i.ShardedDaemonProcessState$ - eventSourcedProjection-passivation-race-entity-passivation-race-view: Starting Sharded Daemon Process [0] out of a total [1] (revision [0] and no state found)
08:03:36.384 DEBUG a.c.sharding.DDataShardCoordinator - passivation-race-entity: Graceful shutdown of region [Actor[akka://akka-runtime/system/sharding/passivation-race-entity#-36113273]] with [1] shards
08:03:36.384 INFO  a.c.sharding.DDataShardCoordinator - passivation-race-entity: Starting shutting down shards [257] due to region shutting down or explicit stopping of shards.
08:03:36.384 DEBUG akka.cluster.sharding.Shard - passivation-race-entity: Shard initialized
08:03:36.384 DEBUG a.c.sharding.DDataShardCoordinator - sharded-daemon-process-eventSourcedProjection-passivation-race-entity-passivation-race-consumer-a: Shard [0] allocated at [Actor[akka://akka-runtime/system/sharding/sharded-daemon-process-eventSourcedProjection-passivation-race-entity-passivation-race-consumer-a#1146997023]]
08:03:36.384 DEBUG a.c.s.ShardCoordinator$RebalanceWorker - passivation-race-entity: Shutting down shard [257] from region [Actor[akka://akka-runtime/system/sharding/passivation-race-entity#-36113273]]. Asking [1] region(s) to hand-off shard
08:03:36.385 DEBUG a.c.sharding.DDataShardCoordinator - sharded-daemon-process-eventSourcedProjection-passivation-race-entity-passivation-race-consumer-a: Graceful shutdown of region [Actor[akka://akka-runtime/system/sharding/sharded-daemon-process-eventSourcedProjection-passivation-race-entity-passivation-race-consumer-a#1146997023]] with [1] shards
08:03:36.385 INFO  a.c.sharding.DDataShardCoordinator - sharded-daemon-process-eventSourcedProjection-passivation-race-entity-passivation-race-consumer-a: Starting shutting down shards [0] due to region shutting down or explicit stopping of shards.
08:03:36.385 DEBUG akka.cluster.sharding.Shard - sharded-daemon-process-eventSourcedProjection-passivation-race-entity-passivation-race-consumer-a: Shard initialized
08:03:36.385 DEBUG a.c.s.ShardCoordinator$RebalanceWorker - passivation-race-entity: BeginHandOffAck for shard [257] received from [Actor[akka://akka-runtime/system/sharding/passivation-race-entity#-36113273]].
08:03:36.385 DEBUG a.c.s.ShardCoordinator$RebalanceWorker - sharded-daemon-process-eventSourcedProjection-passivation-race-entity-passivation-race-consumer-a: Shutting down shard [0] from region [Actor[akka://akka-runtime/system/sharding/sharded-daemon-process-eventSourcedProjection-passivation-race-entity-passivation-race-consumer-a#1146997023]]. Asking [1] region(s) to hand-off shard
08:03:36.385 DEBUG a.c.s.ShardCoordinator$RebalanceWorker - passivation-race-entity: All shard regions acked, handing off shard [257].
08:03:36.385 DEBUG akka.cluster.sharding.Shard - passivation-race-entity: Started entity [Actor[akka://akka-runtime/system/sharding/passivation-race-entity/257/2d9c74fc-9293-4c14-ac39-972e75c794e1#-242445917]] with entity id [2d9c74fc-9293-4c14-ac39-972e75c794e1] in shard [257]
08:03:36.385 DEBUG akka.cluster.sharding.Shard - passivation-race-entity: HandOff shard [257]
08:03:36.385 DEBUG akka.cluster.sharding.Shard - passivation-race-entity: Starting HandOffStopper for shard [257] to terminate [1] entities.
08:03:36.385 DEBUG akka.cluster.sharding.Shard - sharded-daemon-process-eventSourcedProjection-passivation-race-entity-passivation-race-consumer-a: Request to start entity [0] and ack to [Some(Actor[akka://akka-runtime/deadLetters])]
08:03:36.385 DEBUG akka.cluster.sharding.Shard - sharded-daemon-process-eventSourcedProjection-passivation-race-entity-passivation-race-consumer-a: Started entity [Actor[akka://akka-runtime/system/sharding/sharded-daemon-process-eventSourcedProjection-passivation-race-entity-passivation-race-consumer-a/0/0#1768363493]] with entity id [0] in shard [0]
08:03:36.385 DEBUG a.c.s.ShardCoordinator$RebalanceWorker - sharded-daemon-process-eventSourcedProjection-passivation-race-entity-passivation-race-consumer-a: BeginHandOffAck for shard [0] received from [Actor[akka://akka-runtime/system/sharding/sharded-daemon-process-eventSourcedProjection-passivation-race-entity-passivation-race-consumer-a#1146997023]].
08:03:36.385 DEBUG a.c.s.ShardCoordinator$RebalanceWorker - sharded-daemon-process-eventSourcedProjection-passivation-race-entity-passivation-race-consumer-a: All shard regions acked, handing off shard [0].
08:03:36.385 DEBUG a.c.s.t.i.ShardedDaemonProcessState$ - eventSourcedProjection-passivation-race-entity-passivation-race-consumer-a: Deferred start of worker to verify its revision [0] is the latest
08:03:36.386 DEBUG akka.cluster.sharding.Shard - sharded-daemon-process-eventSourcedProjection-passivation-race-entity-passivation-race-consumer-a: HandOff shard [0]
08:03:36.386 DEBUG akka.cluster.sharding.Shard - sharded-daemon-process-eventSourcedProjection-passivation-race-entity-passivation-race-consumer-a: Starting HandOffStopper for shard [0] to terminate [1] entities.
08:03:36.386 INFO  a.c.s.t.i.ShardedDaemonProcessState$ - eventSourcedProjection-passivation-race-entity-passivation-race-consumer-a: Starting Sharded Daemon Process [0] out of a total [1] (revision [0] and no state found)
08:03:36.403 DEBUG a.c.sharding.DDataShardCoordinator - passivation-race-entity: Shard [257] deallocation completed successfully.
08:03:36.403 DEBUG akka.cluster.sharding.Shard - passivation-race-entity: Shard [257] shutting down
08:03:36.403 DEBUG a.c.sharding.DDataShardCoordinator - passivation-race-entity: The coordinator state was successfully updated with ShardHomeDeallocated(257)
08:03:36.403 DEBUG a.c.sharding.DDataShardCoordinator - passivation-race-entity: Shard [257] deallocated after
08:03:36.403 DEBUG a.c.sharding.DDataShardCoordinator - passivation-race-entity: ShardRegion terminated (gracefully): [Actor[akka://akka-runtime/system/sharding/passivation-race-entity#-36113273]] {}
08:03:36.403 DEBUG a.c.sharding.DDataShardCoordinator - passivation-race-entity: GetShardHome [257] request from [Actor[akka://local/ignore]] stashed, because waiting for initial state or update of state. It will be handled afterwards.
08:03:36.403 DEBUG a.c.sharding.DDataShardCoordinator - passivation-race-entity: The coordinator state was successfully updated with ShardRegionTerminated(Actor[akka://akka-runtime/system/sharding/passivation-race-entity#-36113273])
08:03:36.403 DEBUG a.c.sharding.DDataShardCoordinator - passivation-race-entity: ShardRegion stopped: [Actor[akka://akka-runtime/system/sharding/passivation-race-entity#-36113273]]
08:03:36.406 ERROR repro.Bootstrap - onStartup() threw an exception
java.util.concurrent.TimeoutException: Command to entity [passivation-race-entity] id [4d95c29f-2746-458b-a00d-b81920e1b773] timed out.
	at kalix.runtime.eventsourcedentity.EventSourcedSupport$$anonfun$$nestedInanonfun$handleCommand$1$1.applyOrElse(EventSourcedEntitySupportFactory.scala:191)
	at kalix.runtime.eventsourcedentity.EventSourcedSupport$$anonfun$$nestedInanonfun$handleCommand$1$1.applyOrElse(EventSourcedEntitySupportFactory.scala:189)
	at scala.concurrent.impl.Promise$Transformation.run(Promise.scala:523)
	at akka.dispatch.BatchingExecutor$AbstractBatch.processBatch(BatchingExecutor.scala:64)
	at akka.dispatch.BatchingExecutor$BlockableBatch.$anonfun$run$1(BatchingExecutor.scala:101)
	at scala.runtime.java8.JFunction0$mcV$sp.apply(JFunction0$mcV$sp.scala:18)
	at scala.concurrent.BlockContext$.withBlockContext(BlockContext.scala:94)
	at akka.dispatch.BatchingExecutor$BlockableBatch.run(BatchingExecutor.scala:101)
	at akka.dispatch.TaskInvocation.run(AbstractDispatcher.scala:48)
	at akka.dispatch.ForkJoinExecutorConfigurator$AkkaForkJoinTask.exec(ForkJoinExecutorConfigurator.scala:60)
	at java.base/java.util.concurrent.ForkJoinTask.doExec(ForkJoinTask.java:507)
	at java.base/java.util.concurrent.ForkJoinPool$WorkQueue.topLevelExec(ForkJoinPool.java:1450)
	at java.base/java.util.concurrent.ForkJoinPool.runWorker(ForkJoinPool.java:2019)
	at java.base/java.util.concurrent.ForkJoinWorkerThread.run(ForkJoinWorkerThread.java:187)
08:03:37.152 WARN  a.c.s.ShardRegion$HandOffStopper - sharded-daemon-process-eventSourcedProjection-passivation-race-entity-passivation-race-consumer-b: [1] of the entities in shard [0] not stopped after [750 milliseconds]. Maybe the handOffStopMessage [akka.projection.ProjectionBehavior$Stop$] is not handled? Waiting additional [250 milliseconds] before stopping the remaining entities.
08:03:37.152 WARN  a.c.s.ShardRegion$HandOffStopper - sharded-daemon-process-eventSourcedProjection-passivation-race-entity-passivation-race-consumer-a: [1] of the entities in shard [0] not stopped after [750 milliseconds]. Maybe the handOffStopMessage [akka.projection.ProjectionBehavior$Stop$] is not handled? Waiting additional [250 milliseconds] before stopping the remaining entities.
08:03:37.152 WARN  a.c.s.ShardRegion$HandOffStopper - sharded-daemon-process-eventSourcedProjection-passivation-race-entity-passivation-race-view: [1] of the entities in shard [0] not stopped after [750 milliseconds]. Maybe the handOffStopMessage [akka.projection.ProjectionBehavior$Stop$] is not handled? Waiting additional [250 milliseconds] before stopping the remaining entities.
08:03:37.401 WARN  a.c.s.ShardRegion$HandOffStopper - sharded-daemon-process-eventSourcedProjection-passivation-race-entity-passivation-race-view: HandOffStopMessage [akka.projection.ProjectionBehavior$Stop$] is not handled by some of the entities in shard [0] after [1 second], stopping the remaining [1] entities.
08:03:37.401 WARN  a.c.s.ShardRegion$HandOffStopper - sharded-daemon-process-eventSourcedProjection-passivation-race-entity-passivation-race-consumer-a: HandOffStopMessage [akka.projection.ProjectionBehavior$Stop$] is not handled by some of the entities in shard [0] after [1 second], stopping the remaining [1] entities.
08:03:37.401 WARN  a.c.s.ShardRegion$HandOffStopper - sharded-daemon-process-eventSourcedProjection-passivation-race-entity-passivation-race-consumer-b: HandOffStopMessage [akka.projection.ProjectionBehavior$Stop$] is not handled by some of the entities in shard [0] after [1 second], stopping the remaining [1] entities.
08:03:37.401 DEBUG akka.cluster.sharding.Shard - sharded-daemon-process-eventSourcedProjection-passivation-race-entity-passivation-race-view: Shard [0] shutting down
08:03:37.401 DEBUG akka.cluster.sharding.Shard - sharded-daemon-process-eventSourcedProjection-passivation-race-entity-passivation-race-consumer-b: Shard [0] shutting down
08:03:37.401 DEBUG a.c.sharding.DDataShardCoordinator - sharded-daemon-process-eventSourcedProjection-passivation-race-entity-passivation-race-consumer-b: Shard [0] deallocation completed successfully.
08:03:37.401 DEBUG akka.cluster.sharding.Shard - sharded-daemon-process-eventSourcedProjection-passivation-race-entity-passivation-race-consumer-a: Shard [0] shutting down
08:03:37.401 DEBUG a.c.sharding.DDataShardCoordinator - sharded-daemon-process-eventSourcedProjection-passivation-race-entity-passivation-race-consumer-a: Shard [0] deallocation completed successfully.
08:03:37.401 DEBUG a.c.sharding.DDataShardCoordinator - sharded-daemon-process-eventSourcedProjection-passivation-race-entity-passivation-race-view: Shard [0] deallocation completed successfully.
08:03:37.401 DEBUG a.c.sharding.DDataShardCoordinator - sharded-daemon-process-eventSourcedProjection-passivation-race-entity-passivation-race-consumer-b: The coordinator state was successfully updated with ShardHomeDeallocated(0)
08:03:37.402 DEBUG a.c.sharding.DDataShardCoordinator - sharded-daemon-process-eventSourcedProjection-passivation-race-entity-passivation-race-consumer-b: Shard [0] deallocated after
08:03:37.402 DEBUG a.c.sharding.DDataShardCoordinator - sharded-daemon-process-eventSourcedProjection-passivation-race-entity-passivation-race-consumer-a: The coordinator state was successfully updated with ShardHomeDeallocated(0)
08:03:37.402 DEBUG a.c.sharding.DDataShardCoordinator - sharded-daemon-process-eventSourcedProjection-passivation-race-entity-passivation-race-consumer-a: Shard [0] deallocated after
08:03:37.402 DEBUG a.c.sharding.DDataShardCoordinator - sharded-daemon-process-eventSourcedProjection-passivation-race-entity-passivation-race-view: The coordinator state was successfully updated with ShardHomeDeallocated(0)
08:03:37.402 DEBUG a.c.sharding.DDataShardCoordinator - sharded-daemon-process-eventSourcedProjection-passivation-race-entity-passivation-race-view: Shard [0] deallocated after
08:03:37.402 DEBUG a.c.sharding.DDataShardCoordinator - sharded-daemon-process-eventSourcedProjection-passivation-race-entity-passivation-race-consumer-b: ShardRegion terminated (gracefully): [Actor[akka://akka-runtime/system/sharding/sharded-daemon-process-eventSourcedProjection-passivation-race-entity-passivation-race-consumer-b#841817638]] {}
08:03:37.402 DEBUG a.c.sharding.DDataShardCoordinator - sharded-daemon-process-eventSourcedProjection-passivation-race-entity-passivation-race-consumer-b: GetShardHome [0] request from [Actor[akka://local/ignore]] stashed, because waiting for initial state or update of state. It will be handled afterwards.
08:03:37.402 DEBUG a.c.sharding.DDataShardCoordinator - sharded-daemon-process-eventSourcedProjection-passivation-race-entity-passivation-race-consumer-b: The coordinator state was successfully updated with ShardRegionTerminated(Actor[akka://akka-runtime/system/sharding/sharded-daemon-process-eventSourcedProjection-passivation-race-entity-passivation-race-consumer-b#841817638])
08:03:37.402 DEBUG a.c.sharding.DDataShardCoordinator - sharded-daemon-process-eventSourcedProjection-passivation-race-entity-passivation-race-consumer-a: ShardRegion stopped: [Actor[akka://akka-runtime/system/sharding/sharded-daemon-process-eventSourcedProjection-passivation-race-entity-passivation-race-consumer-a#1146997023]]
08:03:37.402 DEBUG a.c.sharding.DDataShardCoordinator - sharded-daemon-process-eventSourcedProjection-passivation-race-entity-passivation-race-consumer-a: ShardRegion terminated (gracefully): [Actor[akka://akka-runtime/system/sharding/sharded-daemon-process-eventSourcedProjection-passivation-race-entity-passivation-race-consumer-a#1146997023]] {}
08:03:37.402 DEBUG a.c.sharding.DDataShardCoordinator - sharded-daemon-process-eventSourcedProjection-passivation-race-entity-passivation-race-consumer-b: ShardRegion stopped: [Actor[akka://akka-runtime/system/sharding/sharded-daemon-process-eventSourcedProjection-passivation-race-entity-passivation-race-consumer-b#841817638]]
08:03:37.403 DEBUG a.c.sharding.DDataShardCoordinator - sharded-daemon-process-eventSourcedProjection-passivation-race-entity-passivation-race-consumer-a: The coordinator state was successfully updated with ShardRegionTerminated(Actor[akka://akka-runtime/system/sharding/sharded-daemon-process-eventSourcedProjection-passivation-race-entity-passivation-race-consumer-a#1146997023])
08:03:37.403 DEBUG a.c.sharding.DDataShardCoordinator - sharded-daemon-process-eventSourcedProjection-passivation-race-entity-passivation-race-view: ShardRegion stopped: [Actor[akka://akka-runtime/system/sharding/sharded-daemon-process-eventSourcedProjection-passivation-race-entity-passivation-race-view#1849297541]]
08:03:37.403 DEBUG a.c.sharding.DDataShardCoordinator - sharded-daemon-process-eventSourcedProjection-passivation-race-entity-passivation-race-view: ShardRegion terminated (gracefully): [Actor[akka://akka-runtime/system/sharding/sharded-daemon-process-eventSourcedProjection-passivation-race-entity-passivation-race-view#1849297541]] {}
08:03:37.403 DEBUG akka.actor.CoordinatedShutdown - Performing phase [cluster-leave] with [1] tasks.
08:03:37.403 DEBUG akka.actor.CoordinatedShutdown - Performing task [leave] in CoordinatedShutdown phase [cluster-leave]
08:03:37.403 WARN  a.s.s.RestartWithBackoffSource - Restarting stream due to failure [1]: akka.projection.r2dbc.internal.R2dbcOffsetStore$AttemptToUseStoppedOffsetStore: eventSourcedProjection-passivation-race-entity-passivation-race-consumer-b [0-1023], correlation [96539c23-1e8e-4e1a-824e-ba46f4aa4256]: R2dbcOffsetStore was stopped
08:03:37.403 DEBUG a.c.sharding.DDataShardCoordinator - sharded-daemon-process-eventSourcedProjection-passivation-race-entity-passivation-race-view: The coordinator state was successfully updated with ShardRegionTerminated(Actor[akka://akka-runtime/system/sharding/sharded-daemon-process-eventSourcedProjection-passivation-race-entity-passivation-race-view#1849297541])
08:03:37.403 WARN  a.s.s.RestartWithBackoffSource - Restarting stream due to failure [1]: akka.projection.r2dbc.internal.R2dbcOffsetStore$AttemptToUseStoppedOffsetStore: eventSourcedProjection-passivation-race-entity-passivation-race-consumer-a [0-1023], correlation [8de3a9d9-7612-491c-94e7-54e997693f8c]: R2dbcOffsetStore was stopped
08:03:37.404 WARN  a.s.s.RestartWithBackoffSource - Restarting stream due to failure [1]: akka.projection.r2dbc.internal.R2dbcOffsetStore$AttemptToUseStoppedOffsetStore: eventSourcedProjection-passivation-race-entity-passivation-race-view [0-1023], correlation [f905c6db-403e-43cc-a731-12be29b1f36f]: R2dbcOffsetStore was stopped
08:03:37.404 DEBUG akka.actor.CoordinatedShutdown - Performing phase [cluster-exiting] with [28] tasks.
08:03:37.404 DEBUG akka.actor.CoordinatedShutdown - Performing task [wait-singleton-exiting] in CoordinatedShutdown phase [cluster-exiting]
08:03:37.404 DEBUG akka.actor.CoordinatedShutdown - Performing task [singleton-exiting-2] in CoordinatedShutdown phase [cluster-exiting]
08:03:37.404 DEBUG akka.actor.CoordinatedShutdown - Performing task [singleton-exiting-1] in CoordinatedShutdown phase [cluster-exiting]
08:03:37.404 DEBUG akka.actor.CoordinatedShutdown - Performing task [wait-singleton-exiting] in CoordinatedShutdown phase [cluster-exiting]
08:03:37.404 DEBUG akka.actor.CoordinatedShutdown - Performing task [wait-singleton-exiting] in CoordinatedShutdown phase [cluster-exiting]
08:03:37.404 DEBUG akka.actor.CoordinatedShutdown - Performing task [wait-singleton-exiting] in CoordinatedShutdown phase [cluster-exiting]
08:03:37.404 DEBUG akka.actor.CoordinatedShutdown - Performing task [singleton-exiting-1] in CoordinatedShutdown phase [cluster-exiting]
08:03:37.404 INFO  a.c.s.ClusterSingletonManager - Exited [akka://akka-runtime@127.0.0.1:62786].
08:03:37.404 DEBUG akka.actor.CoordinatedShutdown - Performing task [singleton-exiting-2] in CoordinatedShutdown phase [cluster-exiting]
08:03:37.404 DEBUG akka.actor.CoordinatedShutdown - Performing task [singleton-exiting-1] in CoordinatedShutdown phase [cluster-exiting]
08:03:37.404 DEBUG akka.actor.CoordinatedShutdown - Performing task [wait-singleton-exiting] in CoordinatedShutdown phase [cluster-exiting]
08:03:37.404 DEBUG akka.actor.CoordinatedShutdown - Performing task [singleton-exiting-1] in CoordinatedShutdown phase [cluster-exiting]
08:03:37.404 DEBUG akka.actor.CoordinatedShutdown - Performing task [wait-singleton-exiting] in CoordinatedShutdown phase [cluster-exiting]
08:03:37.404 DEBUG akka.actor.CoordinatedShutdown - Performing task [singleton-exiting-1] in CoordinatedShutdown phase [cluster-exiting]
08:03:37.404 DEBUG akka.actor.CoordinatedShutdown - Performing task [wait-exiting] in CoordinatedShutdown phase [cluster-exiting]
08:03:37.404 INFO  a.c.s.ClusterSingletonManager - Oldest observed OldestChanged: [akka://akka-runtime@127.0.0.1:62786 -> None]
08:03:37.404 DEBUG akka.actor.CoordinatedShutdown - Performing task [singleton-exiting-2] in CoordinatedShutdown phase [cluster-exiting]
08:03:37.404 DEBUG akka.actor.CoordinatedShutdown - Performing task [singleton-exiting-2] in CoordinatedShutdown phase [cluster-exiting]
08:03:37.404 DEBUG akka.actor.CoordinatedShutdown - Performing task [singleton-exiting-2] in CoordinatedShutdown phase [cluster-exiting]
08:03:37.404 INFO  a.c.s.ClusterSingletonManager - ClusterSingletonManager state change [Oldest -> WasOldest]
08:03:37.404 DEBUG akka.actor.CoordinatedShutdown - Performing task [singleton-exiting-1] in CoordinatedShutdown phase [cluster-exiting]
08:03:37.404 DEBUG akka.actor.CoordinatedShutdown - Performing task [singleton-exiting-2] in CoordinatedShutdown phase [cluster-exiting]
08:03:37.404 INFO  a.c.s.ClusterSingletonManager - Exited [akka://akka-runtime@127.0.0.1:62786].
08:03:37.404 DEBUG akka.actor.CoordinatedShutdown - Performing task [wait-singleton-exiting] in CoordinatedShutdown phase [cluster-exiting]
08:03:37.404 DEBUG akka.actor.CoordinatedShutdown - Performing task [wait-singleton-exiting] in CoordinatedShutdown phase [cluster-exiting]
08:03:37.404 DEBUG akka.actor.CoordinatedShutdown - Performing task [singleton-exiting-1] in CoordinatedShutdown phase [cluster-exiting]
08:03:37.404 INFO  a.c.s.ClusterSingletonManager - Oldest observed OldestChanged: [akka://akka-runtime@127.0.0.1:62786 -> None]
08:03:37.404 DEBUG akka.actor.CoordinatedShutdown - Performing task [singleton-exiting-2] in CoordinatedShutdown phase [cluster-exiting]
08:03:37.404 DEBUG akka.actor.CoordinatedShutdown - Performing task [singleton-exiting-1] in CoordinatedShutdown phase [cluster-exiting]
08:03:37.404 INFO  a.c.s.ClusterSingletonManager - ClusterSingletonManager state change [Oldest -> WasOldest]
08:03:37.404 DEBUG akka.actor.CoordinatedShutdown - Performing task [wait-singleton-exiting] in CoordinatedShutdown phase [cluster-exiting]
08:03:37.404 DEBUG akka.actor.CoordinatedShutdown - Performing task [singleton-exiting-1] in CoordinatedShutdown phase [cluster-exiting]
08:03:37.404 INFO  a.c.s.ClusterSingletonManager - Exited [akka://akka-runtime@127.0.0.1:62786].
08:03:37.404 INFO  a.c.s.ClusterSingletonManager - Exited [akka://akka-runtime@127.0.0.1:62786].
08:03:37.404 DEBUG akka.actor.CoordinatedShutdown - Performing task [singleton-exiting-2] in CoordinatedShutdown phase [cluster-exiting]
08:03:37.404 INFO  a.c.s.ClusterSingletonManager - Oldest observed OldestChanged: [akka://akka-runtime@127.0.0.1:62786 -> None]
08:03:37.404 DEBUG akka.actor.CoordinatedShutdown - Performing task [singleton-exiting-2] in CoordinatedShutdown phase [cluster-exiting]
08:03:37.404 INFO  a.c.s.ClusterSingletonManager - ClusterSingletonManager state change [Oldest -> WasOldest]
08:03:37.404 INFO  a.c.s.ClusterSingletonManager - Exited [akka://akka-runtime@127.0.0.1:62786].
08:03:37.404 INFO  a.c.s.ClusterSingletonManager - Oldest observed OldestChanged: [akka://akka-runtime@127.0.0.1:62786 -> None]
08:03:37.404 INFO  a.c.s.ClusterSingletonManager - ClusterSingletonManager state change [Oldest -> WasOldest]
08:03:37.404 INFO  a.c.s.ClusterSingletonManager - Exited [akka://akka-runtime@127.0.0.1:62786].
08:03:37.404 INFO  a.c.s.ClusterSingletonManager - Oldest observed OldestChanged: [akka://akka-runtime@127.0.0.1:62786 -> None]
08:03:37.404 INFO  a.c.s.ClusterSingletonManager - Exited [akka://akka-runtime@127.0.0.1:62786].
08:03:37.404 INFO  a.c.s.ClusterSingletonManager - ClusterSingletonManager state change [Oldest -> WasOldest]
08:03:37.404 INFO  a.c.s.ClusterSingletonManager - Oldest observed OldestChanged: [akka://akka-runtime@127.0.0.1:62786 -> None]
08:03:37.404 INFO  a.c.s.ClusterSingletonManager - Exited [akka://akka-runtime@127.0.0.1:62786].
08:03:37.404 INFO  a.c.s.ClusterSingletonManager - Exited [akka://akka-runtime@127.0.0.1:62786].
08:03:37.404 INFO  a.c.s.ClusterSingletonManager - ClusterSingletonManager state change [Oldest -> WasOldest]
08:03:37.404 INFO  a.c.s.ClusterSingletonManager - Oldest observed OldestChanged: [akka://akka-runtime@127.0.0.1:62786 -> None]
08:03:37.404 INFO  a.c.s.ClusterSingletonManager - Oldest observed OldestChanged: [akka://akka-runtime@127.0.0.1:62786 -> None]
08:03:37.404 INFO  a.c.s.ClusterSingletonManager - ClusterSingletonManager state change [Oldest -> WasOldest]
08:03:37.404 INFO  a.c.s.ClusterSingletonManager - ClusterSingletonManager state change [Oldest -> WasOldest]
08:03:37.404 INFO  a.c.s.ClusterSingletonManager - Oldest observed OldestChanged: [akka://akka-runtime@127.0.0.1:62786 -> None]
08:03:37.405 INFO  a.c.s.ClusterSingletonManager - ClusterSingletonManager state change [Oldest -> WasOldest]
08:03:38.032 DEBUG a.c.singleton.ClusterSingletonProxy - Creating singleton identification timer...
08:03:38.032 DEBUG a.c.singleton.ClusterSingletonProxy - Creating singleton identification timer...
08:03:38.032 DEBUG a.c.singleton.ClusterSingletonProxy - Creating singleton identification timer...
08:03:38.032 DEBUG a.c.singleton.ClusterSingletonProxy - Creating singleton identification timer...
08:03:38.422 INFO  a.c.s.ClusterSingletonManager - Singleton manager stopping singleton actor [akka://akka-runtime/system/sharding/sharded-daemon-process-eventSourcedProjection-passivation-race-entity-passivation-race-consumer-bCoordinator/singleton]
08:03:38.422 INFO  a.c.s.ClusterSingletonManager - Singleton manager stopping singleton actor [akka://akka-runtime/system/singletonManagerschemaSingleton/schemaSingleton]
08:03:38.422 INFO  a.c.s.ClusterSingletonManager - Singleton manager stopping singleton actor [akka://akka-runtime/system/sharding/sharded-daemon-process-eventSourcedProjection-passivation-race-entity-passivation-race-viewCoordinator/singleton]
08:03:38.422 INFO  a.c.s.ClusterSingletonManager - Singleton manager stopping singleton actor [akka://akka-runtime/system/sharding/passivation-race-entityCoordinator/singleton]
08:03:38.422 INFO  a.c.s.ClusterSingletonManager - Singleton manager stopping singleton actor [akka://akka-runtime/system/singletonManagerShardedDaemonProcessCoordinator-eventSourcedProjection-passivation-race-entity-passivation-race-view/ShardedDaemonProcessCoordinator-eventSourcedProjection-passivation-race-entity-passivation-race-view]
08:03:38.422 INFO  a.c.s.ClusterSingletonManager - Singleton manager stopping singleton actor [akka://akka-runtime/system/sharding/sharded-daemon-process-eventSourcedProjection-passivation-race-entity-passivation-race-consumer-aCoordinator/singleton]
08:03:38.422 INFO  a.c.s.ClusterSingletonManager - ClusterSingletonManager state change [WasOldest -> Stopping]
08:03:38.423 INFO  a.c.s.ClusterSingletonManager - ClusterSingletonManager state change [WasOldest -> Stopping]
08:03:38.423 INFO  a.c.s.ClusterSingletonManager - ClusterSingletonManager state change [WasOldest -> Stopping]
08:03:38.423 INFO  a.c.s.ClusterSingletonManager - ClusterSingletonManager state change [WasOldest -> Stopping]
08:03:38.423 INFO  a.c.s.ClusterSingletonManager - ClusterSingletonManager state change [WasOldest -> Stopping]
08:03:38.423 INFO  a.c.s.ClusterSingletonManager - ClusterSingletonManager state change [WasOldest -> Stopping]
08:03:38.423 DEBUG a.c.sharding.DDataShardCoordinator - passivation-race-entity: Received termination message.
08:03:38.423 DEBUG a.c.sharding.DDataShardCoordinator - sharded-daemon-process-eventSourcedProjection-passivation-race-entity-passivation-race-view: Received termination message.
08:03:38.423 DEBUG a.c.sharding.DDataShardCoordinator - sharded-daemon-process-eventSourcedProjection-passivation-race-entity-passivation-race-consumer-a: Received termination message.
08:03:38.423 INFO  a.c.s.ClusterSingletonManager - Singleton manager stopping singleton actor [akka://akka-runtime/system/singletonManagerShardedDaemonProcessCoordinator-eventSourcedProjection-passivation-race-entity-passivation-race-consumer-b/ShardedDaemonProcessCoordinator-eventSourcedProjection-passivation-race-entity-passivation-race-consumer-b]
08:03:38.423 INFO  a.c.s.ClusterSingletonManager - ClusterSingletonManager state change [WasOldest -> Stopping]
08:03:38.423 INFO  a.c.s.ClusterSingletonManager - Singleton actor [akka://akka-runtime/system/singletonManagerschemaSingleton/schemaSingleton] was terminated
08:03:38.423 INFO  a.c.s.ClusterSingletonManager - Singleton actor [akka://akka-runtime/system/sharding/passivation-race-entityCoordinator/singleton] was terminated
08:03:38.423 DEBUG a.c.sharding.DDataShardCoordinator - sharded-daemon-process-eventSourcedProjection-passivation-race-entity-passivation-race-consumer-b: Received termination message.
08:03:38.423 INFO  a.c.s.ClusterSingletonManager - Singleton manager stopping singleton actor [akka://akka-runtime/system/sharding/_timerCoordinator/singleton]
08:03:38.423 INFO  a.c.s.ClusterSingletonManager - ClusterSingletonManager state change [WasOldest -> Stopping]
08:03:38.423 DEBUG a.c.sharding.DDataShardCoordinator - _timer: Received termination message.
08:03:38.423 INFO  a.c.s.ClusterSingletonManager - Singleton actor [akka://akka-runtime/system/sharding/sharded-daemon-process-eventSourcedProjection-passivation-race-entity-passivation-race-viewCoordinator/singleton] was terminated
08:03:38.423 INFO  a.c.s.ClusterSingletonManager - Singleton actor [akka://akka-runtime/system/sharding/sharded-daemon-process-eventSourcedProjection-passivation-race-entity-passivation-race-consumer-bCoordinator/singleton] was terminated
08:03:38.423 INFO  a.c.s.ClusterSingletonManager - Singleton actor [akka://akka-runtime/system/sharding/_timerCoordinator/singleton] was terminated
08:03:38.423 INFO  a.c.s.ClusterSingletonManager - Singleton manager stopping singleton actor [akka://akka-runtime/system/singletonManagerShardedDaemonProcessCoordinator-eventSourcedProjection-passivation-race-entity-passivation-race-consumer-a/ShardedDaemonProcessCoordinator-eventSourcedProjection-passivation-race-entity-passivation-race-consumer-a]
08:03:38.423 INFO  a.c.s.ClusterSingletonManager - ClusterSingletonManager state change [WasOldest -> Stopping]
08:03:38.424 INFO  a.c.s.ClusterSingletonManager - Singleton actor [akka://akka-runtime/system/singletonManagerShardedDaemonProcessCoordinator-eventSourcedProjection-passivation-race-entity-passivation-race-view/ShardedDaemonProcessCoordinator-eventSourcedProjection-passivation-race-entity-passivation-race-view] was terminated
08:03:38.424 INFO  a.c.s.ClusterSingletonManager - Singleton actor [akka://akka-runtime/system/singletonManagerShardedDaemonProcessCoordinator-eventSourcedProjection-passivation-race-entity-passivation-race-consumer-b/ShardedDaemonProcessCoordinator-eventSourcedProjection-passivation-race-entity-passivation-race-consumer-b] was terminated
08:03:38.424 INFO  a.c.s.ClusterSingletonManager - Singleton actor [akka://akka-runtime/system/sharding/sharded-daemon-process-eventSourcedProjection-passivation-race-entity-passivation-race-consumer-aCoordinator/singleton] was terminated
08:03:38.424 INFO  a.c.s.ClusterSingletonManager - Singleton actor [akka://akka-runtime/system/singletonManagerShardedDaemonProcessCoordinator-eventSourcedProjection-passivation-race-entity-passivation-race-consumer-a/ShardedDaemonProcessCoordinator-eventSourcedProjection-passivation-race-entity-passivation-race-consumer-a] was terminated
08:03:38.424 DEBUG akka.actor.CoordinatedShutdown - Performing phase [cluster-exiting-done] with [1] tasks.
08:03:38.424 DEBUG akka.actor.CoordinatedShutdown - Performing task [exiting-completed] in CoordinatedShutdown phase [cluster-exiting-done]
08:03:38.424 DEBUG akka.actor.CoordinatedShutdown - Performing phase [cluster-shutdown] with [1] tasks.
08:03:38.424 DEBUG akka.actor.CoordinatedShutdown - Performing task [wait-shutdown] in CoordinatedShutdown phase [cluster-shutdown]
08:03:38.425 DEBUG akka.actor.CoordinatedShutdown - Performing phase [before-actor-system-terminate] with [2] tasks.
08:03:38.425 DEBUG akka.actor.CoordinatedShutdown - Performing task [close connection pools] in CoordinatedShutdown phase [before-actor-system-terminate]
08:03:38.425 DEBUG akka.actor.CoordinatedShutdown - Performing task [close-grpc-channels] in CoordinatedShutdown phase [before-actor-system-terminate]
08:03:38.426 DEBUG akka.actor.CoordinatedShutdown - Performing phase [actor-system-terminate] with [1] tasks.
08:03:38.426 DEBUG akka.actor.CoordinatedShutdown - Performing task [terminate-system] in CoordinatedShutdown phase [actor-system-terminate]
08:03:38.485 INFO  akka.runtime.AkkaRuntimeMain - Starting Akka Runtime version [1.6.15]
08:03:38.493 INFO  akka.javasdk.impl.ComponentLocator$ - Looking for component descriptors matching pattern [META-INF/akka-javasdk-components_*.conf]
08:03:38.500 INFO  akka.javasdk.testkit.TestKit - Eventing TestKit booting up on port: 62790
08:03:38.502 DEBUG a.c.singleton.ClusterSingletonProxy - Creating singleton identification timer...
08:03:38.502 DEBUG a.c.singleton.ClusterSingletonProxy - Trying to identify singleton at [akka://akka-runtime@127.0.0.1:62791/system/singletonManagerschemaSingleton/schemaSingleton]
08:03:38.502 DEBUG a.c.singleton.ClusterSingletonProxy - Singleton not available, buffering message type [kalix.runtime.SchemaSingleton$ExecDdl]
08:03:38.502 INFO  a.c.s.ClusterSingletonManager - Singleton manager starting singleton actor [akka://akka-runtime/system/singletonManagerschemaSingleton/schemaSingleton]
08:03:38.502 INFO  a.c.s.ClusterSingletonManager - ClusterSingletonManager state change [Start -> Oldest]
08:03:38.503 INFO  akka.javasdk.testkit.TestKit - Checking runtime status
08:03:38.571 DEBUG a.c.singleton.ClusterSingletonProxy - Trying to identify singleton at [akka://akka-runtime@127.0.0.1:62791/system/singletonManagerschemaSingleton/schemaSingleton]
08:03:38.571 INFO  a.c.singleton.ClusterSingletonProxy - Singleton identified at [akka://akka-runtime/system/singletonManagerschemaSingleton/schemaSingleton]
08:03:38.571 DEBUG a.c.singleton.ClusterSingletonProxy - Sending buffered messages to current singleton instance
08:03:38.572 INFO  a.c.s.typed.scaladsl.ClusterSharding - Starting Shard Region [passivation-race-entity]...
08:03:38.573 INFO  akka.cluster.sharding.ShardRegion - passivation-race-entity: Automatic entity passivation: composite strategy with limit of [10000] active entities, admission window (least recently used entities) with proportions [initial = 0.01, min = 0.01, max = 1.0] adapting with hill-climbing optimizer [adjust multiplier = 10.0, initial step = 0.0625, restart threshold = 0.05, step decay = 0.98], admit using frequency sketch [width multiplier = 4, reset multiplier = 10.0, depth = 4, counter bits = 4], main (least recently used entities (segmented with [2] levels with proportions of [0.20, 0.80]))
08:03:38.573 INFO  a.c.s.ClusterSingletonManager - Singleton manager starting singleton actor [akka://akka-runtime/system/sharding/passivation-race-entityCoordinator/singleton]
08:03:38.573 INFO  a.c.s.ClusterSingletonManager - ClusterSingletonManager state change [Start -> Oldest]
08:03:38.573 DEBUG a.c.sharding.DDataShardCoordinator - passivation-race-entity: Initial coordinator is empty.
08:03:38.573 INFO  a.c.sharding.DDataShardCoordinator - passivation-race-entity: ShardCoordinator was moved to the active state with [0] shards
08:03:38.575 DEBUG a.c.singleton.ClusterSingletonProxy - Forwarding message of type [SchemaSingleton$ExecDdl] to current singleton instance at [akka://akka-runtime/system/singletonManagerschemaSingleton/schemaSingleton]
08:03:38.575 INFO  akka.runtime.DiscoveryManager - Service components: EventSourcedEntity: [1], Consumer: [2], View: [1]
08:03:38.576 INFO  a.c.s.typed.scaladsl.ClusterSharding - Starting Shard Region [_timer]...
08:03:38.577 INFO  a.c.s.typed.scaladsl.ClusterSharding - Starting Shard Region [sharded-daemon-process-eventSourcedProjection-passivation-race-entity-passivation-race-consumer-a]...
08:03:38.577 INFO  akka.cluster.sharding.ShardRegion - sharded-daemon-process-eventSourcedProjection-passivation-race-entity-passivation-race-consumer-a: Automatic entity passivation: disabled
08:03:38.577 INFO  a.c.s.ClusterSingletonManager - Singleton manager starting singleton actor [akka://akka-runtime/system/sharding/_timerCoordinator/singleton]
08:03:38.577 INFO  a.c.s.typed.scaladsl.ClusterSharding - Starting Shard Region [sharded-daemon-process-eventSourcedProjection-passivation-race-entity-passivation-race-consumer-b]...
08:03:38.577 INFO  a.c.s.ClusterSingletonManager - ClusterSingletonManager state change [Start -> Oldest]
08:03:38.577 DEBUG a.c.singleton.ClusterSingletonProxy - Creating singleton identification timer...
08:03:38.577 DEBUG a.c.singleton.ClusterSingletonProxy - Trying to identify singleton at [akka://akka-runtime@127.0.0.1:62791/system/singletonManagerShardedDaemonProcessCoordinator-eventSourcedProjection-passivation-race-entity-passivation-race-consumer-a/ShardedDaemonProcessCoordinator-eventSourcedProjection-passivation-race-entity-passivation-race-consumer-a]
08:03:38.577 INFO  a.c.s.ClusterSingletonManager - Singleton manager starting singleton actor [akka://akka-runtime/system/sharding/sharded-daemon-process-eventSourcedProjection-passivation-race-entity-passivation-race-consumer-aCoordinator/singleton]
08:03:38.577 DEBUG a.c.sharding.DDataShardCoordinator - _timer: Starting remember entities store from provider akka.cluster.sharding.internal.DDataRememberEntitiesProvider@21031451
08:03:38.577 INFO  akka.cluster.sharding.ShardRegion - sharded-daemon-process-eventSourcedProjection-passivation-race-entity-passivation-race-consumer-b: Automatic entity passivation: disabled
08:03:38.577 INFO  a.c.s.ClusterSingletonManager - ClusterSingletonManager state change [Start -> Oldest]
08:03:38.577 DEBUG a.c.sharding.DDataShardCoordinator - _timer: Received [0] remembered shard ids (when waitingForInitialState)
08:03:38.577 DEBUG a.c.sharding.DDataShardCoordinator - _timer: Initial coordinator is empty.
08:03:38.577 INFO  a.c.sharding.DDataShardCoordinator - _timer: ShardCoordinator was moved to the active state with [0] shards
08:03:38.577 DEBUG a.c.sharding.DDataShardCoordinator - sharded-daemon-process-eventSourcedProjection-passivation-race-entity-passivation-race-consumer-a: Initial coordinator is empty.
08:03:38.577 INFO  a.c.sharding.DDataShardCoordinator - sharded-daemon-process-eventSourcedProjection-passivation-race-entity-passivation-race-consumer-a: ShardCoordinator was moved to the active state with [0] shards
08:03:38.578 INFO  a.c.s.typed.scaladsl.ClusterSharding - Starting Shard Region [sharded-daemon-process-eventSourcedProjection-passivation-race-entity-passivation-race-view]...
08:03:38.578 INFO  a.c.s.ClusterSingletonManager - Singleton manager starting singleton actor [akka://akka-runtime/system/singletonManagerShardedDaemonProcessCoordinator-eventSourcedProjection-passivation-race-entity-passivation-race-consumer-a/ShardedDaemonProcessCoordinator-eventSourcedProjection-passivation-race-entity-passivation-race-consumer-a]
08:03:38.578 DEBUG a.c.singleton.ClusterSingletonProxy - Creating singleton identification timer...
08:03:38.578 INFO  a.c.s.ClusterSingletonManager - Singleton manager starting singleton actor [akka://akka-runtime/system/sharding/sharded-daemon-process-eventSourcedProjection-passivation-race-entity-passivation-race-consumer-bCoordinator/singleton]
08:03:38.578 INFO  a.c.s.ClusterSingletonManager - ClusterSingletonManager state change [Start -> Oldest]
08:03:38.578 INFO  a.c.s.ClusterSingletonManager - ClusterSingletonManager state change [Start -> Oldest]
08:03:38.578 DEBUG a.c.singleton.ClusterSingletonProxy - Trying to identify singleton at [akka://akka-runtime@127.0.0.1:62791/system/singletonManagerShardedDaemonProcessCoordinator-eventSourcedProjection-passivation-race-entity-passivation-race-consumer-b/ShardedDaemonProcessCoordinator-eventSourcedProjection-passivation-race-entity-passivation-race-consumer-b]
08:03:38.578 INFO  akka.cluster.sharding.ShardRegion - sharded-daemon-process-eventSourcedProjection-passivation-race-entity-passivation-race-view: Automatic entity passivation: disabled
08:03:38.578 INFO  a.c.s.ClusterSingletonManager - Singleton manager starting singleton actor [akka://akka-runtime/system/singletonManagerShardedDaemonProcessCoordinator-eventSourcedProjection-passivation-race-entity-passivation-race-consumer-b/ShardedDaemonProcessCoordinator-eventSourcedProjection-passivation-race-entity-passivation-race-consumer-b]
08:03:38.578 DEBUG a.c.sharding.DDataShardCoordinator - sharded-daemon-process-eventSourcedProjection-passivation-race-entity-passivation-race-consumer-b: Initial coordinator is empty.
08:03:38.578 INFO  a.c.sharding.DDataShardCoordinator - sharded-daemon-process-eventSourcedProjection-passivation-race-entity-passivation-race-consumer-b: ShardCoordinator was moved to the active state with [0] shards
08:03:38.578 INFO  a.c.s.ClusterSingletonManager - ClusterSingletonManager state change [Start -> Oldest]
08:03:38.578 DEBUG a.c.s.t.i.ShardedDaemonProcessCoordinator$ - ShardedDaemonProcessCoordinator for [eventSourcedProjection-passivation-race-entity-passivation-race-consumer-b] starting
08:03:38.578 DEBUG a.c.s.t.i.ShardedDaemonProcessCoordinator$ - ShardedDaemonProcessCoordinator for [eventSourcedProjection-passivation-race-entity-passivation-race-consumer-a] starting
08:03:38.578 DEBUG a.c.s.t.i.ShardedDaemonProcessCoordinator$ - eventSourcedProjection-passivation-race-entity-passivation-race-consumer-b: No previous state stored for Sharded Daemon Process
08:03:38.578 DEBUG a.c.s.t.i.ShardedDaemonProcessCoordinator$ - eventSourcedProjection-passivation-race-entity-passivation-race-consumer-a: No previous state stored for Sharded Daemon Process
08:03:38.578 DEBUG a.c.s.t.i.ShardedDaemonProcessCoordinator$ - Sending periodic keep alive for Sharded Daemon Process [eventSourcedProjection-passivation-race-entity-passivation-race-consumer-b] to [1] processes (revision [0]).
08:03:38.578 DEBUG a.c.s.t.i.ShardedDaemonProcessCoordinator$ - Sending periodic keep alive for Sharded Daemon Process [eventSourcedProjection-passivation-race-entity-passivation-race-consumer-a] to [1] processes (revision [0]).
08:03:38.578 INFO  a.c.s.ClusterSingletonManager - Singleton manager starting singleton actor [akka://akka-runtime/system/sharding/sharded-daemon-process-eventSourcedProjection-passivation-race-entity-passivation-race-viewCoordinator/singleton]
08:03:38.578 INFO  a.c.s.ClusterSingletonManager - ClusterSingletonManager state change [Start -> Oldest]
08:03:38.578 DEBUG a.c.sharding.DDataShardCoordinator - sharded-daemon-process-eventSourcedProjection-passivation-race-entity-passivation-race-view: Initial coordinator is empty.
08:03:38.579 INFO  a.c.sharding.DDataShardCoordinator - sharded-daemon-process-eventSourcedProjection-passivation-race-entity-passivation-race-view: ShardCoordinator was moved to the active state with [0] shards
08:03:38.579 DEBUG a.c.singleton.ClusterSingletonProxy - Creating singleton identification timer...
08:03:38.579 DEBUG a.c.singleton.ClusterSingletonProxy - Trying to identify singleton at [akka://akka-runtime@127.0.0.1:62791/system/singletonManagerShardedDaemonProcessCoordinator-eventSourcedProjection-passivation-race-entity-passivation-race-view/ShardedDaemonProcessCoordinator-eventSourcedProjection-passivation-race-entity-passivation-race-view]
08:03:38.579 INFO  akka.runtime.DiscoveryManager - Akka Runtime started at 127.0.0.1:62789
08:03:38.579 INFO  repro.Bootstrap - onStartup burst of 8 starting
08:03:38.579 INFO  a.c.s.ClusterSingletonManager - Singleton manager starting singleton actor [akka://akka-runtime/system/singletonManagerShardedDaemonProcessCoordinator-eventSourcedProjection-passivation-race-entity-passivation-race-view/ShardedDaemonProcessCoordinator-eventSourcedProjection-passivation-race-entity-passivation-race-view]
08:03:38.579 INFO  a.c.s.ClusterSingletonManager - ClusterSingletonManager state change [Start -> Oldest]
08:03:38.579 DEBUG a.c.s.t.i.ShardedDaemonProcessCoordinator$ - ShardedDaemonProcessCoordinator for [eventSourcedProjection-passivation-race-entity-passivation-race-view] starting
08:03:38.579 DEBUG a.c.s.t.i.ShardedDaemonProcessCoordinator$ - eventSourcedProjection-passivation-race-entity-passivation-race-view: No previous state stored for Sharded Daemon Process
08:03:38.579 DEBUG a.c.s.t.i.ShardedDaemonProcessCoordinator$ - Sending periodic keep alive for Sharded Daemon Process [eventSourcedProjection-passivation-race-entity-passivation-race-view] to [1] processes (revision [0]).
08:03:38.624 INFO  akka.javasdk.testkit.TestKit - Runtime started
08:03:38.624 INFO  akka.actor.CoordinatedShutdown - Running CoordinatedShutdown with reason [ActorSystemTerminateReason]
08:03:38.624 DEBUG akka.actor.CoordinatedShutdown - Performing phase [before-service-unbind] with [0] tasks
08:03:38.624 DEBUG akka.actor.CoordinatedShutdown - Performing phase [service-unbind] with [1] tasks.
08:03:38.624 DEBUG akka.actor.CoordinatedShutdown - Performing task [http-unbind-/127.0.0.1:62789] in CoordinatedShutdown phase [service-unbind]
08:03:38.624 DEBUG akka.actor.CoordinatedShutdown - Performing phase [service-requests-done] with [1] tasks.
08:03:38.624 DEBUG akka.actor.CoordinatedShutdown - Performing task [http-terminate-/127.0.0.1:62789] in CoordinatedShutdown phase [service-requests-done]
08:03:38.624 DEBUG akka.actor.CoordinatedShutdown - Performing phase [service-stop] with [1] tasks.
08:03:38.624 DEBUG akka.actor.CoordinatedShutdown - Performing task [stop-grpc-clients] in CoordinatedShutdown phase [service-stop]
08:03:38.625 DEBUG akka.actor.CoordinatedShutdown - Performing phase [before-cluster-shutdown] with [0] tasks
08:03:38.625 DEBUG akka.actor.CoordinatedShutdown - Performing phase [cluster-sharding-shutdown-region] with [5] tasks.
08:03:38.625 DEBUG akka.actor.CoordinatedShutdown - Performing task [region-shutdown] in CoordinatedShutdown phase [cluster-sharding-shutdown-region]
08:03:38.625 DEBUG akka.actor.CoordinatedShutdown - Performing task [region-shutdown] in CoordinatedShutdown phase [cluster-sharding-shutdown-region]
08:03:38.625 DEBUG akka.actor.CoordinatedShutdown - Performing task [region-shutdown] in CoordinatedShutdown phase [cluster-sharding-shutdown-region]
08:03:38.625 DEBUG akka.actor.CoordinatedShutdown - Performing task [region-shutdown] in CoordinatedShutdown phase [cluster-sharding-shutdown-region]
08:03:38.625 DEBUG akka.actor.CoordinatedShutdown - Performing task [region-shutdown] in CoordinatedShutdown phase [cluster-sharding-shutdown-region]
08:03:38.625 DEBUG a.c.sharding.DDataShardCoordinator - sharded-daemon-process-eventSourcedProjection-passivation-race-entity-passivation-race-consumer-b: Unknown region requested graceful shutdown [Actor[akka://akka-runtime/system/sharding/sharded-daemon-process-eventSourcedProjection-passivation-race-entity-passivation-race-consumer-b#-32217269]]
08:03:38.625 DEBUG a.c.sharding.DDataShardCoordinator - sharded-daemon-process-eventSourcedProjection-passivation-race-entity-passivation-race-view: Unknown region requested graceful shutdown [Actor[akka://akka-runtime/system/sharding/sharded-daemon-process-eventSourcedProjection-passivation-race-entity-passivation-race-view#1442443310]]
08:03:38.625 DEBUG a.c.sharding.DDataShardCoordinator - _timer: Unknown region requested graceful shutdown [Actor[akka://akka-runtime/system/sharding/_timer#-671384194]]
08:03:38.625 DEBUG a.c.sharding.DDataShardCoordinator - passivation-race-entity: Unknown region requested graceful shutdown [Actor[akka://akka-runtime/system/sharding/passivation-race-entity#-1171425132]]
08:03:38.625 DEBUG a.c.sharding.DDataShardCoordinator - sharded-daemon-process-eventSourcedProjection-passivation-race-entity-passivation-race-consumer-a: Unknown region requested graceful shutdown [Actor[akka://akka-runtime/system/sharding/sharded-daemon-process-eventSourcedProjection-passivation-race-entity-passivation-race-consumer-a#-1515870184]]
08:03:38.641 DEBUG a.c.singleton.ClusterSingletonProxy - Trying to identify singleton at [akka://akka-runtime@127.0.0.1:62791/system/singletonManagerShardedDaemonProcessCoordinator-eventSourcedProjection-passivation-race-entity-passivation-race-consumer-a/ShardedDaemonProcessCoordinator-eventSourcedProjection-passivation-race-entity-passivation-race-consumer-a]
08:03:38.641 DEBUG a.c.singleton.ClusterSingletonProxy - Trying to identify singleton at [akka://akka-runtime@127.0.0.1:62791/system/singletonManagerShardedDaemonProcessCoordinator-eventSourcedProjection-passivation-race-entity-passivation-race-consumer-b/ShardedDaemonProcessCoordinator-eventSourcedProjection-passivation-race-entity-passivation-race-consumer-b]
08:03:38.641 INFO  a.c.singleton.ClusterSingletonProxy - Singleton identified at [akka://akka-runtime/system/singletonManagerShardedDaemonProcessCoordinator-eventSourcedProjection-passivation-race-entity-passivation-race-consumer-a/ShardedDaemonProcessCoordinator-eventSourcedProjection-passivation-race-entity-passivation-race-consumer-a]
08:03:38.641 DEBUG a.c.singleton.ClusterSingletonProxy - Sending buffered messages to current singleton instance
08:03:38.641 DEBUG a.c.singleton.ClusterSingletonProxy - Trying to identify singleton at [akka://akka-runtime@127.0.0.1:62791/system/singletonManagerShardedDaemonProcessCoordinator-eventSourcedProjection-passivation-race-entity-passivation-race-view/ShardedDaemonProcessCoordinator-eventSourcedProjection-passivation-race-entity-passivation-race-view]
08:03:38.641 INFO  a.c.singleton.ClusterSingletonProxy - Singleton identified at [akka://akka-runtime/system/singletonManagerShardedDaemonProcessCoordinator-eventSourcedProjection-passivation-race-entity-passivation-race-consumer-b/ShardedDaemonProcessCoordinator-eventSourcedProjection-passivation-race-entity-passivation-race-consumer-b]
08:03:38.641 DEBUG a.c.singleton.ClusterSingletonProxy - Sending buffered messages to current singleton instance
08:03:38.641 INFO  a.c.singleton.ClusterSingletonProxy - Singleton identified at [akka://akka-runtime/system/singletonManagerShardedDaemonProcessCoordinator-eventSourcedProjection-passivation-race-entity-passivation-race-view/ShardedDaemonProcessCoordinator-eventSourcedProjection-passivation-race-entity-passivation-race-view]
08:03:38.641 DEBUG a.c.singleton.ClusterSingletonProxy - Sending buffered messages to current singleton instance
08:03:38.839 DEBUG a.c.sharding.DDataShardCoordinator - passivation-race-entity: ShardRegion registered: [Actor[akka://akka-runtime/system/sharding/passivation-race-entity#-1171425132]]
08:03:38.839 DEBUG a.c.sharding.DDataShardCoordinator - sharded-daemon-process-eventSourcedProjection-passivation-race-entity-passivation-race-view: ShardRegion registered: [Actor[akka://akka-runtime/system/sharding/sharded-daemon-process-eventSourcedProjection-passivation-race-entity-passivation-race-view#1442443310]]
08:03:38.839 DEBUG a.c.sharding.DDataShardCoordinator - sharded-daemon-process-eventSourcedProjection-passivation-race-entity-passivation-race-consumer-a: ShardRegion registered: [Actor[akka://akka-runtime/system/sharding/sharded-daemon-process-eventSourcedProjection-passivation-race-entity-passivation-race-consumer-a#-1515870184]]
08:03:38.839 DEBUG a.c.sharding.DDataShardCoordinator - sharded-daemon-process-eventSourcedProjection-passivation-race-entity-passivation-race-consumer-b: ShardRegion registered: [Actor[akka://akka-runtime/system/sharding/sharded-daemon-process-eventSourcedProjection-passivation-race-entity-passivation-race-consumer-b#-32217269]]
08:03:38.839 DEBUG a.c.sharding.DDataShardCoordinator - sharded-daemon-process-eventSourcedProjection-passivation-race-entity-passivation-race-consumer-b: The coordinator state was successfully updated with ShardRegionRegistered(Actor[akka://akka-runtime/system/sharding/sharded-daemon-process-eventSourcedProjection-passivation-race-entity-passivation-race-consumer-b#-32217269])
08:03:38.840 DEBUG a.c.sharding.DDataShardCoordinator - sharded-daemon-process-eventSourcedProjection-passivation-race-entity-passivation-race-consumer-a: The coordinator state was successfully updated with ShardRegionRegistered(Actor[akka://akka-runtime/system/sharding/sharded-daemon-process-eventSourcedProjection-passivation-race-entity-passivation-race-consumer-a#-1515870184])
08:03:38.840 DEBUG a.c.sharding.DDataShardCoordinator - sharded-daemon-process-eventSourcedProjection-passivation-race-entity-passivation-race-view: The coordinator state was successfully updated with ShardRegionRegistered(Actor[akka://akka-runtime/system/sharding/sharded-daemon-process-eventSourcedProjection-passivation-race-entity-passivation-race-view#1442443310])
08:03:38.840 DEBUG a.c.sharding.DDataShardCoordinator - passivation-race-entity: The coordinator state was successfully updated with ShardRegionRegistered(Actor[akka://akka-runtime/system/sharding/passivation-race-entity#-1171425132])
08:03:38.840 DEBUG a.c.sharding.DDataShardCoordinator - sharded-daemon-process-eventSourcedProjection-passivation-race-entity-passivation-race-consumer-b: The coordinator state was successfully updated with ShardHomeAllocated(0,Actor[akka://akka-runtime/system/sharding/sharded-daemon-process-eventSourcedProjection-passivation-race-entity-passivation-race-consumer-b#-32217269])
08:03:38.840 DEBUG a.c.sharding.DDataShardCoordinator - sharded-daemon-process-eventSourcedProjection-passivation-race-entity-passivation-race-view: The coordinator state was successfully updated with ShardHomeAllocated(0,Actor[akka://akka-runtime/system/sharding/sharded-daemon-process-eventSourcedProjection-passivation-race-entity-passivation-race-view#1442443310])
08:03:38.840 DEBUG a.c.sharding.DDataShardCoordinator - sharded-daemon-process-eventSourcedProjection-passivation-race-entity-passivation-race-consumer-b: Shard [0] allocated at [Actor[akka://akka-runtime/system/sharding/sharded-daemon-process-eventSourcedProjection-passivation-race-entity-passivation-race-consumer-b#-32217269]]
08:03:38.841 DEBUG a.c.sharding.DDataShardCoordinator - sharded-daemon-process-eventSourcedProjection-passivation-race-entity-passivation-race-consumer-a: The coordinator state was successfully updated with ShardHomeAllocated(0,Actor[akka://akka-runtime/system/sharding/sharded-daemon-process-eventSourcedProjection-passivation-race-entity-passivation-race-consumer-a#-1515870184])
08:03:38.841 DEBUG a.c.sharding.DDataShardCoordinator - sharded-daemon-process-eventSourcedProjection-passivation-race-entity-passivation-race-consumer-a: Shard [0] allocated at [Actor[akka://akka-runtime/system/sharding/sharded-daemon-process-eventSourcedProjection-passivation-race-entity-passivation-race-consumer-a#-1515870184]]
08:03:38.841 DEBUG a.c.sharding.DDataShardCoordinator - sharded-daemon-process-eventSourcedProjection-passivation-race-entity-passivation-race-consumer-b: Graceful shutdown of region [Actor[akka://akka-runtime/system/sharding/sharded-daemon-process-eventSourcedProjection-passivation-race-entity-passivation-race-consumer-b#-32217269]] with [1] shards
08:03:38.841 INFO  a.c.sharding.DDataShardCoordinator - sharded-daemon-process-eventSourcedProjection-passivation-race-entity-passivation-race-consumer-b: Starting shutting down shards [0] due to region shutting down or explicit stopping of shards.
08:03:38.841 DEBUG a.c.s.ShardCoordinator$RebalanceWorker - sharded-daemon-process-eventSourcedProjection-passivation-race-entity-passivation-race-consumer-b: Shutting down shard [0] from region [Actor[akka://akka-runtime/system/sharding/sharded-daemon-process-eventSourcedProjection-passivation-race-entity-passivation-race-consumer-b#-32217269]]. Asking [1] region(s) to hand-off shard
08:03:38.841 DEBUG a.c.sharding.DDataShardCoordinator - sharded-daemon-process-eventSourcedProjection-passivation-race-entity-passivation-race-consumer-a: Graceful shutdown of region [Actor[akka://akka-runtime/system/sharding/sharded-daemon-process-eventSourcedProjection-passivation-race-entity-passivation-race-consumer-a#-1515870184]] with [1] shards
08:03:38.841 INFO  a.c.sharding.DDataShardCoordinator - sharded-daemon-process-eventSourcedProjection-passivation-race-entity-passivation-race-consumer-a: Starting shutting down shards [0] due to region shutting down or explicit stopping of shards.
08:03:38.841 DEBUG a.c.s.ShardCoordinator$RebalanceWorker - sharded-daemon-process-eventSourcedProjection-passivation-race-entity-passivation-race-consumer-b: BeginHandOffAck for shard [0] received from [Actor[akka://akka-runtime/system/sharding/sharded-daemon-process-eventSourcedProjection-passivation-race-entity-passivation-race-consumer-b#-32217269]].
08:03:38.841 DEBUG a.c.s.ShardCoordinator$RebalanceWorker - sharded-daemon-process-eventSourcedProjection-passivation-race-entity-passivation-race-consumer-b: All shard regions acked, handing off shard [0].
08:03:38.841 DEBUG akka.cluster.sharding.Shard - sharded-daemon-process-eventSourcedProjection-passivation-race-entity-passivation-race-consumer-b: Shard initialized
08:03:38.841 DEBUG akka.cluster.sharding.Shard - sharded-daemon-process-eventSourcedProjection-passivation-race-entity-passivation-race-consumer-a: Shard initialized
08:03:38.841 DEBUG a.c.sharding.DDataShardCoordinator - passivation-race-entity: The coordinator state was successfully updated with ShardHomeAllocated(831,Actor[akka://akka-runtime/system/sharding/passivation-race-entity#-1171425132])
08:03:38.841 DEBUG a.c.s.ShardCoordinator$RebalanceWorker - sharded-daemon-process-eventSourcedProjection-passivation-race-entity-passivation-race-consumer-a: Shutting down shard [0] from region [Actor[akka://akka-runtime/system/sharding/sharded-daemon-process-eventSourcedProjection-passivation-race-entity-passivation-race-consumer-a#-1515870184]]. Asking [1] region(s) to hand-off shard
08:03:38.841 DEBUG a.c.sharding.DDataShardCoordinator - passivation-race-entity: Shard [831] allocated at [Actor[akka://akka-runtime/system/sharding/passivation-race-entity#-1171425132]]
08:03:38.841 DEBUG akka.cluster.sharding.Shard - sharded-daemon-process-eventSourcedProjection-passivation-race-entity-passivation-race-consumer-a: Request to start entity [0] and ack to [Some(Actor[akka://akka-runtime/deadLetters])]
08:03:38.841 DEBUG a.c.s.ShardCoordinator$RebalanceWorker - sharded-daemon-process-eventSourcedProjection-passivation-race-entity-passivation-race-consumer-a: BeginHandOffAck for shard [0] received from [Actor[akka://akka-runtime/system/sharding/sharded-daemon-process-eventSourcedProjection-passivation-race-entity-passivation-race-consumer-a#-1515870184]].
08:03:38.841 DEBUG a.c.s.ShardCoordinator$RebalanceWorker - sharded-daemon-process-eventSourcedProjection-passivation-race-entity-passivation-race-consumer-a: All shard regions acked, handing off shard [0].
08:03:38.841 WARN  akka.cluster.sharding.ShardRegion - sharded-daemon-process-eventSourcedProjection-passivation-race-entity-passivation-race-consumer-b: Dropping [1] buffered messages to shard [0] during hand off to avoid re-ordering
08:03:38.841 DEBUG akka.cluster.sharding.Shard - sharded-daemon-process-eventSourcedProjection-passivation-race-entity-passivation-race-consumer-b: HandOff shard [0]
08:03:38.841 DEBUG akka.cluster.sharding.Shard - sharded-daemon-process-eventSourcedProjection-passivation-race-entity-passivation-race-consumer-b: Shard [0] shutting down
08:03:38.841 DEBUG akka.cluster.sharding.Shard - sharded-daemon-process-eventSourcedProjection-passivation-race-entity-passivation-race-consumer-a: Started entity [Actor[akka://akka-runtime/system/sharding/sharded-daemon-process-eventSourcedProjection-passivation-race-entity-passivation-race-consumer-a/0/0#687110178]] with entity id [0] in shard [0]
08:03:38.841 DEBUG akka.cluster.sharding.Shard - sharded-daemon-process-eventSourcedProjection-passivation-race-entity-passivation-race-consumer-a: HandOff shard [0]
08:03:38.841 DEBUG a.c.sharding.DDataShardCoordinator - passivation-race-entity: Graceful shutdown of region [Actor[akka://akka-runtime/system/sharding/passivation-race-entity#-1171425132]] with [1] shards
08:03:38.841 DEBUG akka.cluster.sharding.Shard - sharded-daemon-process-eventSourcedProjection-passivation-race-entity-passivation-race-consumer-a: Starting HandOffStopper for shard [0] to terminate [1] entities.
08:03:38.841 INFO  a.c.sharding.DDataShardCoordinator - passivation-race-entity: Starting shutting down shards [831] due to region shutting down or explicit stopping of shards.
08:03:38.841 DEBUG a.c.s.t.i.ShardedDaemonProcessState$ - eventSourcedProjection-passivation-race-entity-passivation-race-consumer-a: Deferred start of worker to verify its revision [0] is the latest
08:03:38.841 DEBUG a.c.sharding.DDataShardCoordinator - sharded-daemon-process-eventSourcedProjection-passivation-race-entity-passivation-race-consumer-b: Shard [0] deallocation completed successfully.
08:03:38.841 DEBUG akka.cluster.sharding.Shard - passivation-race-entity: Shard initialized
08:03:38.841 DEBUG a.c.s.ShardCoordinator$RebalanceWorker - passivation-race-entity: Shutting down shard [831] from region [Actor[akka://akka-runtime/system/sharding/passivation-race-entity#-1171425132]]. Asking [1] region(s) to hand-off shard
08:03:38.841 DEBUG a.c.sharding.DDataShardCoordinator - sharded-daemon-process-eventSourcedProjection-passivation-race-entity-passivation-race-consumer-b: The coordinator state was successfully updated with ShardHomeDeallocated(0)
08:03:38.841 DEBUG a.c.sharding.DDataShardCoordinator - sharded-daemon-process-eventSourcedProjection-passivation-race-entity-passivation-race-consumer-b: Shard [0] deallocated after
08:03:38.841 DEBUG a.c.s.ShardCoordinator$RebalanceWorker - passivation-race-entity: BeginHandOffAck for shard [831] received from [Actor[akka://akka-runtime/system/sharding/passivation-race-entity#-1171425132]].
08:03:38.841 DEBUG a.c.s.ShardCoordinator$RebalanceWorker - passivation-race-entity: All shard regions acked, handing off shard [831].
08:03:38.841 INFO  a.c.s.t.i.ShardedDaemonProcessState$ - eventSourcedProjection-passivation-race-entity-passivation-race-consumer-a: Starting Sharded Daemon Process [0] out of a total [1] (revision [0] and no state found)
08:03:38.842 DEBUG a.c.sharding.DDataShardCoordinator - sharded-daemon-process-eventSourcedProjection-passivation-race-entity-passivation-race-consumer-b: ShardRegion terminated (gracefully): [Actor[akka://akka-runtime/system/sharding/sharded-daemon-process-eventSourcedProjection-passivation-race-entity-passivation-race-consumer-b#-32217269]] {}
08:03:38.842 DEBUG a.c.sharding.DDataShardCoordinator - sharded-daemon-process-eventSourcedProjection-passivation-race-entity-passivation-race-view: Shard [0] allocated at [Actor[akka://akka-runtime/system/sharding/sharded-daemon-process-eventSourcedProjection-passivation-race-entity-passivation-race-view#1442443310]]
08:03:38.842 DEBUG akka.cluster.sharding.Shard - passivation-race-entity: Started entity [Actor[akka://akka-runtime/system/sharding/passivation-race-entity/831/34d4b22e-f301-4ca3-a931-37522ba82ca6#1542930924]] with entity id [34d4b22e-f301-4ca3-a931-37522ba82ca6] in shard [831]
08:03:38.842 DEBUG a.c.sharding.DDataShardCoordinator - sharded-daemon-process-eventSourcedProjection-passivation-race-entity-passivation-race-consumer-b: GetShardHome [0] request from [Actor[akka://local/ignore]] stashed, because waiting for initial state or update of state. It will be handled afterwards.
08:03:38.842 DEBUG akka.cluster.sharding.Shard - passivation-race-entity: HandOff shard [831]
08:03:38.842 DEBUG akka.cluster.sharding.Shard - passivation-race-entity: Starting HandOffStopper for shard [831] to terminate [1] entities.
08:03:38.842 DEBUG a.c.sharding.DDataShardCoordinator - sharded-daemon-process-eventSourcedProjection-passivation-race-entity-passivation-race-consumer-b: The coordinator state was successfully updated with ShardRegionTerminated(Actor[akka://akka-runtime/system/sharding/sharded-daemon-process-eventSourcedProjection-passivation-race-entity-passivation-race-consumer-b#-32217269])
08:03:38.842 DEBUG a.c.sharding.DDataShardCoordinator - sharded-daemon-process-eventSourcedProjection-passivation-race-entity-passivation-race-view: Graceful shutdown of region [Actor[akka://akka-runtime/system/sharding/sharded-daemon-process-eventSourcedProjection-passivation-race-entity-passivation-race-view#1442443310]] with [1] shards
08:03:38.842 INFO  a.c.sharding.DDataShardCoordinator - sharded-daemon-process-eventSourcedProjection-passivation-race-entity-passivation-race-view: Starting shutting down shards [0] due to region shutting down or explicit stopping of shards.
08:03:38.842 DEBUG a.c.sharding.DDataShardCoordinator - sharded-daemon-process-eventSourcedProjection-passivation-race-entity-passivation-race-consumer-b: ShardRegion stopped: [Actor[akka://akka-runtime/system/sharding/sharded-daemon-process-eventSourcedProjection-passivation-race-entity-passivation-race-consumer-b#-32217269]]
08:03:38.842 DEBUG akka.cluster.sharding.Shard - sharded-daemon-process-eventSourcedProjection-passivation-race-entity-passivation-race-view: Shard initialized
08:03:38.842 DEBUG a.c.s.ShardCoordinator$RebalanceWorker - sharded-daemon-process-eventSourcedProjection-passivation-race-entity-passivation-race-view: Shutting down shard [0] from region [Actor[akka://akka-runtime/system/sharding/sharded-daemon-process-eventSourcedProjection-passivation-race-entity-passivation-race-view#1442443310]]. Asking [1] region(s) to hand-off shard
08:03:38.842 DEBUG a.c.s.ShardCoordinator$RebalanceWorker - sharded-daemon-process-eventSourcedProjection-passivation-race-entity-passivation-race-view: BeginHandOffAck for shard [0] received from [Actor[akka://akka-runtime/system/sharding/sharded-daemon-process-eventSourcedProjection-passivation-race-entity-passivation-race-view#1442443310]].
08:03:38.842 DEBUG a.c.s.ShardCoordinator$RebalanceWorker - sharded-daemon-process-eventSourcedProjection-passivation-race-entity-passivation-race-view: All shard regions acked, handing off shard [0].
08:03:38.842 DEBUG akka.cluster.sharding.Shard - sharded-daemon-process-eventSourcedProjection-passivation-race-entity-passivation-race-view: Request to start entity [0] and ack to [Some(Actor[akka://akka-runtime/deadLetters])]
08:03:38.842 DEBUG a.c.s.t.i.ShardedDaemonProcessState$ - eventSourcedProjection-passivation-race-entity-passivation-race-view: Deferred start of worker to verify its revision [0] is the latest
08:03:38.843 DEBUG akka.cluster.sharding.Shard - sharded-daemon-process-eventSourcedProjection-passivation-race-entity-passivation-race-view: Started entity [Actor[akka://akka-runtime/system/sharding/sharded-daemon-process-eventSourcedProjection-passivation-race-entity-passivation-race-view/0/0#1490505562]] with entity id [0] in shard [0]
08:03:38.843 DEBUG akka.cluster.sharding.Shard - sharded-daemon-process-eventSourcedProjection-passivation-race-entity-passivation-race-view: HandOff shard [0]
08:03:38.843 DEBUG akka.cluster.sharding.Shard - sharded-daemon-process-eventSourcedProjection-passivation-race-entity-passivation-race-view: Starting HandOffStopper for shard [0] to terminate [1] entities.
08:03:38.843 INFO  a.c.s.t.i.ShardedDaemonProcessState$ - eventSourcedProjection-passivation-race-entity-passivation-race-view: Starting Sharded Daemon Process [0] out of a total [1] (revision [0] and no state found)
08:03:38.866 DEBUG akka.cluster.sharding.Shard - passivation-race-entity: Shard [831] shutting down
08:03:38.866 DEBUG a.c.sharding.DDataShardCoordinator - passivation-race-entity: Shard [831] deallocation completed successfully.
08:03:38.867 DEBUG a.c.sharding.DDataShardCoordinator - passivation-race-entity: The coordinator state was successfully updated with ShardHomeDeallocated(831)
08:03:38.867 DEBUG a.c.sharding.DDataShardCoordinator - passivation-race-entity: Shard [831] deallocated after
08:03:38.867 DEBUG a.c.sharding.DDataShardCoordinator - passivation-race-entity: ShardRegion terminated (gracefully): [Actor[akka://akka-runtime/system/sharding/passivation-race-entity#-1171425132]] {}
08:03:38.867 DEBUG a.c.sharding.DDataShardCoordinator - passivation-race-entity: GetShardHome [831] request from [Actor[akka://local/ignore]] stashed, because waiting for initial state or update of state. It will be handled afterwards.
08:03:38.867 DEBUG a.c.sharding.DDataShardCoordinator - passivation-race-entity: The coordinator state was successfully updated with ShardRegionTerminated(Actor[akka://akka-runtime/system/sharding/passivation-race-entity#-1171425132])
08:03:38.867 DEBUG a.c.sharding.DDataShardCoordinator - passivation-race-entity: ShardRegion stopped: [Actor[akka://akka-runtime/system/sharding/passivation-race-entity#-1171425132]]
08:03:38.868 ERROR repro.Bootstrap - onStartup() threw an exception
java.util.concurrent.TimeoutException: Command to entity [passivation-race-entity] id [942320a0-f18d-4fde-9654-9fa2719f3df1] timed out.
	at kalix.runtime.eventsourcedentity.EventSourcedSupport$$anonfun$$nestedInanonfun$handleCommand$1$1.applyOrElse(EventSourcedEntitySupportFactory.scala:191)
	at kalix.runtime.eventsourcedentity.EventSourcedSupport$$anonfun$$nestedInanonfun$handleCommand$1$1.applyOrElse(EventSourcedEntitySupportFactory.scala:189)
	at scala.concurrent.impl.Promise$Transformation.run(Promise.scala:523)
	at akka.dispatch.BatchingExecutor$AbstractBatch.processBatch(BatchingExecutor.scala:64)
	at akka.dispatch.BatchingExecutor$BlockableBatch.$anonfun$run$1(BatchingExecutor.scala:101)
	at scala.runtime.java8.JFunction0$mcV$sp.apply(JFunction0$mcV$sp.scala:18)
	at scala.concurrent.BlockContext$.withBlockContext(BlockContext.scala:94)
	at akka.dispatch.BatchingExecutor$BlockableBatch.run(BatchingExecutor.scala:101)
	at akka.dispatch.TaskInvocation.run(AbstractDispatcher.scala:48)
	at akka.dispatch.ForkJoinExecutorConfigurator$AkkaForkJoinTask.exec(ForkJoinExecutorConfigurator.scala:60)
	at java.base/java.util.concurrent.ForkJoinTask.doExec(ForkJoinTask.java:507)
	at java.base/java.util.concurrent.ForkJoinPool$WorkQueue.topLevelExec(ForkJoinPool.java:1450)
	at java.base/java.util.concurrent.ForkJoinPool.runWorker(ForkJoinPool.java:2019)
	at java.base/java.util.concurrent.ForkJoinWorkerThread.run(ForkJoinWorkerThread.java:187)
08:03:39.611 WARN  a.c.s.ShardRegion$HandOffStopper - sharded-daemon-process-eventSourcedProjection-passivation-race-entity-passivation-race-consumer-a: [1] of the entities in shard [0] not stopped after [750 milliseconds]. Maybe the handOffStopMessage [akka.projection.ProjectionBehavior$Stop$] is not handled? Waiting additional [250 milliseconds] before stopping the remaining entities.
08:03:39.611 WARN  a.c.s.ShardRegion$HandOffStopper - sharded-daemon-process-eventSourcedProjection-passivation-race-entity-passivation-race-view: [1] of the entities in shard [0] not stopped after [750 milliseconds]. Maybe the handOffStopMessage [akka.projection.ProjectionBehavior$Stop$] is not handled? Waiting additional [250 milliseconds] before stopping the remaining entities.
08:03:39.860 WARN  a.c.s.ShardRegion$HandOffStopper - sharded-daemon-process-eventSourcedProjection-passivation-race-entity-passivation-race-view: HandOffStopMessage [akka.projection.ProjectionBehavior$Stop$] is not handled by some of the entities in shard [0] after [1 second], stopping the remaining [1] entities.
08:03:39.860 WARN  a.c.s.ShardRegion$HandOffStopper - sharded-daemon-process-eventSourcedProjection-passivation-race-entity-passivation-race-consumer-a: HandOffStopMessage [akka.projection.ProjectionBehavior$Stop$] is not handled by some of the entities in shard [0] after [1 second], stopping the remaining [1] entities.
08:03:39.861 DEBUG akka.cluster.sharding.Shard - sharded-daemon-process-eventSourcedProjection-passivation-race-entity-passivation-race-consumer-a: Shard [0] shutting down
08:03:39.861 DEBUG a.c.sharding.DDataShardCoordinator - sharded-daemon-process-eventSourcedProjection-passivation-race-entity-passivation-race-consumer-a: Shard [0] deallocation completed successfully.
08:03:39.861 DEBUG a.c.sharding.DDataShardCoordinator - sharded-daemon-process-eventSourcedProjection-passivation-race-entity-passivation-race-view: Shard [0] deallocation completed successfully.
08:03:39.861 DEBUG akka.cluster.sharding.Shard - sharded-daemon-process-eventSourcedProjection-passivation-race-entity-passivation-race-view: Shard [0] shutting down
08:03:39.862 DEBUG akka.actor.CoordinatedShutdown - Performing phase [cluster-leave] with [1] tasks.
08:03:39.862 DEBUG akka.actor.CoordinatedShutdown - Performing task [leave] in CoordinatedShutdown phase [cluster-leave]
08:03:39.862 DEBUG a.c.sharding.DDataShardCoordinator - sharded-daemon-process-eventSourcedProjection-passivation-race-entity-passivation-race-consumer-a: The coordinator state was successfully updated with ShardHomeDeallocated(0)
08:03:39.862 DEBUG a.c.sharding.DDataShardCoordinator - sharded-daemon-process-eventSourcedProjection-passivation-race-entity-passivation-race-consumer-a: Shard [0] deallocated after
08:03:39.862 DEBUG a.c.sharding.DDataShardCoordinator - sharded-daemon-process-eventSourcedProjection-passivation-race-entity-passivation-race-consumer-a: ShardRegion terminated (gracefully): [Actor[akka://akka-runtime/system/sharding/sharded-daemon-process-eventSourcedProjection-passivation-race-entity-passivation-race-consumer-a#-1515870184]] {}
08:03:39.862 DEBUG a.c.sharding.DDataShardCoordinator - sharded-daemon-process-eventSourcedProjection-passivation-race-entity-passivation-race-consumer-a: GetShardHome [0] request from [Actor[akka://local/ignore]] stashed, because waiting for initial state or update of state. It will be handled afterwards.
08:03:39.862 DEBUG a.c.sharding.DDataShardCoordinator - sharded-daemon-process-eventSourcedProjection-passivation-race-entity-passivation-race-view: The coordinator state was successfully updated with ShardHomeDeallocated(0)
08:03:39.862 DEBUG a.c.sharding.DDataShardCoordinator - sharded-daemon-process-eventSourcedProjection-passivation-race-entity-passivation-race-view: Shard [0] deallocated after
08:03:39.862 DEBUG a.c.sharding.DDataShardCoordinator - sharded-daemon-process-eventSourcedProjection-passivation-race-entity-passivation-race-view: ShardRegion terminated (gracefully): [Actor[akka://akka-runtime/system/sharding/sharded-daemon-process-eventSourcedProjection-passivation-race-entity-passivation-race-view#1442443310]] {}
08:03:39.863 DEBUG a.c.sharding.DDataShardCoordinator - sharded-daemon-process-eventSourcedProjection-passivation-race-entity-passivation-race-view: GetShardHome [0] request from [Actor[akka://local/ignore]] stashed, because waiting for initial state or update of state. It will be handled afterwards.
08:03:39.863 DEBUG a.c.sharding.DDataShardCoordinator - sharded-daemon-process-eventSourcedProjection-passivation-race-entity-passivation-race-consumer-a: The coordinator state was successfully updated with ShardRegionTerminated(Actor[akka://akka-runtime/system/sharding/sharded-daemon-process-eventSourcedProjection-passivation-race-entity-passivation-race-consumer-a#-1515870184])
08:03:39.863 DEBUG a.c.sharding.DDataShardCoordinator - sharded-daemon-process-eventSourcedProjection-passivation-race-entity-passivation-race-consumer-a: ShardRegion stopped: [Actor[akka://akka-runtime/system/sharding/sharded-daemon-process-eventSourcedProjection-passivation-race-entity-passivation-race-consumer-a#-1515870184]]
08:03:39.863 DEBUG a.c.sharding.DDataShardCoordinator - sharded-daemon-process-eventSourcedProjection-passivation-race-entity-passivation-race-view: The coordinator state was successfully updated with ShardRegionTerminated(Actor[akka://akka-runtime/system/sharding/sharded-daemon-process-eventSourcedProjection-passivation-race-entity-passivation-race-view#1442443310])
08:03:39.863 DEBUG a.c.sharding.DDataShardCoordinator - sharded-daemon-process-eventSourcedProjection-passivation-race-entity-passivation-race-view: ShardRegion stopped: [Actor[akka://akka-runtime/system/sharding/sharded-daemon-process-eventSourcedProjection-passivation-race-entity-passivation-race-view#1442443310]]
08:03:39.863 DEBUG akka.actor.CoordinatedShutdown - Performing phase [cluster-exiting] with [28] tasks.
08:03:39.863 DEBUG akka.actor.CoordinatedShutdown - Performing task [wait-singleton-exiting] in CoordinatedShutdown phase [cluster-exiting]
08:03:39.863 DEBUG akka.actor.CoordinatedShutdown - Performing task [wait-singleton-exiting] in CoordinatedShutdown phase [cluster-exiting]
08:03:39.863 DEBUG akka.actor.CoordinatedShutdown - Performing task [wait-singleton-exiting] in CoordinatedShutdown phase [cluster-exiting]
08:03:39.863 DEBUG akka.actor.CoordinatedShutdown - Performing task [wait-singleton-exiting] in CoordinatedShutdown phase [cluster-exiting]
08:03:39.863 DEBUG akka.actor.CoordinatedShutdown - Performing task [singleton-exiting-2] in CoordinatedShutdown phase [cluster-exiting]
08:03:39.863 DEBUG akka.actor.CoordinatedShutdown - Performing task [singleton-exiting-1] in CoordinatedShutdown phase [cluster-exiting]
08:03:39.863 DEBUG akka.actor.CoordinatedShutdown - Performing task [singleton-exiting-2] in CoordinatedShutdown phase [cluster-exiting]
08:03:39.863 DEBUG akka.actor.CoordinatedShutdown - Performing task [singleton-exiting-2] in CoordinatedShutdown phase [cluster-exiting]
08:03:39.863 DEBUG akka.actor.CoordinatedShutdown - Performing task [singleton-exiting-2] in CoordinatedShutdown phase [cluster-exiting]
08:03:39.863 DEBUG akka.actor.CoordinatedShutdown - Performing task [singleton-exiting-1] in CoordinatedShutdown phase [cluster-exiting]
08:03:39.863 DEBUG akka.actor.CoordinatedShutdown - Performing task [singleton-exiting-1] in CoordinatedShutdown phase [cluster-exiting]
08:03:39.863 DEBUG akka.actor.CoordinatedShutdown - Performing task [wait-singleton-exiting] in CoordinatedShutdown phase [cluster-exiting]
08:03:39.863 DEBUG akka.actor.CoordinatedShutdown - Performing task [singleton-exiting-2] in CoordinatedShutdown phase [cluster-exiting]
08:03:39.863 DEBUG akka.actor.CoordinatedShutdown - Performing task [singleton-exiting-2] in CoordinatedShutdown phase [cluster-exiting]
08:03:39.863 DEBUG akka.actor.CoordinatedShutdown - Performing task [wait-singleton-exiting] in CoordinatedShutdown phase [cluster-exiting]
08:03:39.863 DEBUG akka.actor.CoordinatedShutdown - Performing task [singleton-exiting-2] in CoordinatedShutdown phase [cluster-exiting]
08:03:39.864 DEBUG akka.actor.CoordinatedShutdown - Performing task [singleton-exiting-1] in CoordinatedShutdown phase [cluster-exiting]
08:03:39.864 DEBUG akka.actor.CoordinatedShutdown - Performing task [wait-singleton-exiting] in CoordinatedShutdown phase [cluster-exiting]
08:03:39.864 DEBUG akka.actor.CoordinatedShutdown - Performing task [singleton-exiting-2] in CoordinatedShutdown phase [cluster-exiting]
08:03:39.864 INFO  a.c.s.ClusterSingletonManager - Exited [akka://akka-runtime@127.0.0.1:62791].
08:03:39.864 DEBUG akka.actor.CoordinatedShutdown - Performing task [singleton-exiting-1] in CoordinatedShutdown phase [cluster-exiting]
08:03:39.864 DEBUG akka.actor.CoordinatedShutdown - Performing task [wait-singleton-exiting] in CoordinatedShutdown phase [cluster-exiting]
08:03:39.864 DEBUG akka.actor.CoordinatedShutdown - Performing task [wait-singleton-exiting] in CoordinatedShutdown phase [cluster-exiting]
08:03:39.864 DEBUG akka.actor.CoordinatedShutdown - Performing task [singleton-exiting-1] in CoordinatedShutdown phase [cluster-exiting]
08:03:39.864 DEBUG akka.actor.CoordinatedShutdown - Performing task [singleton-exiting-1] in CoordinatedShutdown phase [cluster-exiting]
08:03:39.864 INFO  a.c.s.ClusterSingletonManager - Exited [akka://akka-runtime@127.0.0.1:62791].
08:03:39.864 DEBUG akka.actor.CoordinatedShutdown - Performing task [singleton-exiting-2] in CoordinatedShutdown phase [cluster-exiting]
08:03:39.864 INFO  a.c.s.ClusterSingletonManager - Exited [akka://akka-runtime@127.0.0.1:62791].
08:03:39.864 DEBUG akka.actor.CoordinatedShutdown - Performing task [singleton-exiting-1] in CoordinatedShutdown phase [cluster-exiting]
08:03:39.864 INFO  a.c.s.ClusterSingletonManager - Exited [akka://akka-runtime@127.0.0.1:62791].
08:03:39.864 DEBUG akka.actor.CoordinatedShutdown - Performing task [singleton-exiting-1] in CoordinatedShutdown phase [cluster-exiting]
08:03:39.864 DEBUG akka.actor.CoordinatedShutdown - Performing task [wait-exiting] in CoordinatedShutdown phase [cluster-exiting]
08:03:39.864 INFO  a.c.s.ClusterSingletonManager - Exited [akka://akka-runtime@127.0.0.1:62791].
08:03:39.864 INFO  a.c.s.ClusterSingletonManager - Exited [akka://akka-runtime@127.0.0.1:62791].
08:03:39.864 INFO  a.c.s.ClusterSingletonManager - Oldest observed OldestChanged: [akka://akka-runtime@127.0.0.1:62791 -> None]
08:03:39.864 INFO  a.c.s.ClusterSingletonManager - Exited [akka://akka-runtime@127.0.0.1:62791].
08:03:39.864 INFO  a.c.s.ClusterSingletonManager - ClusterSingletonManager state change [Oldest -> WasOldest]
08:03:39.864 INFO  a.c.s.ClusterSingletonManager - Exited [akka://akka-runtime@127.0.0.1:62791].
08:03:39.864 INFO  a.c.s.ClusterSingletonManager - Oldest observed OldestChanged: [akka://akka-runtime@127.0.0.1:62791 -> None]
08:03:39.864 INFO  a.c.s.ClusterSingletonManager - Oldest observed OldestChanged: [akka://akka-runtime@127.0.0.1:62791 -> None]
08:03:39.864 INFO  a.c.s.ClusterSingletonManager - Oldest observed OldestChanged: [akka://akka-runtime@127.0.0.1:62791 -> None]
08:03:39.864 INFO  a.c.s.ClusterSingletonManager - ClusterSingletonManager state change [Oldest -> WasOldest]
08:03:39.864 INFO  a.c.s.ClusterSingletonManager - ClusterSingletonManager state change [Oldest -> WasOldest]
08:03:39.864 INFO  a.c.s.ClusterSingletonManager - ClusterSingletonManager state change [Oldest -> WasOldest]
08:03:39.864 INFO  a.c.s.ClusterSingletonManager - Oldest observed OldestChanged: [akka://akka-runtime@127.0.0.1:62791 -> None]
08:03:39.864 INFO  a.c.s.ClusterSingletonManager - Exited [akka://akka-runtime@127.0.0.1:62791].
08:03:39.864 INFO  a.c.s.ClusterSingletonManager - ClusterSingletonManager state change [Oldest -> WasOldest]
08:03:39.864 INFO  a.c.s.ClusterSingletonManager - Oldest observed OldestChanged: [akka://akka-runtime@127.0.0.1:62791 -> None]
08:03:39.864 INFO  a.c.s.ClusterSingletonManager - Oldest observed OldestChanged: [akka://akka-runtime@127.0.0.1:62791 -> None]
08:03:39.864 INFO  a.c.s.ClusterSingletonManager - ClusterSingletonManager state change [Oldest -> WasOldest]
08:03:39.864 INFO  a.c.s.ClusterSingletonManager - Oldest observed OldestChanged: [akka://akka-runtime@127.0.0.1:62791 -> None]
08:03:39.864 INFO  a.c.s.ClusterSingletonManager - ClusterSingletonManager state change [Oldest -> WasOldest]
08:03:39.864 INFO  a.c.s.ClusterSingletonManager - ClusterSingletonManager state change [Oldest -> WasOldest]
08:03:39.864 INFO  a.c.s.ClusterSingletonManager - Oldest observed OldestChanged: [akka://akka-runtime@127.0.0.1:62791 -> None]
08:03:39.864 INFO  a.c.s.ClusterSingletonManager - ClusterSingletonManager state change [Oldest -> WasOldest]
08:03:39.865 WARN  a.s.s.RestartWithBackoffSource - Restarting stream due to failure [1]: akka.projection.r2dbc.internal.R2dbcOffsetStore$AttemptToUseStoppedOffsetStore: eventSourcedProjection-passivation-race-entity-passivation-race-view [0-1023], correlation [b0c17241-1580-419b-93bc-d43640f84d91]: R2dbcOffsetStore was stopped
08:03:39.865 WARN  a.s.s.RestartWithBackoffSource - Restarting stream due to failure [1]: akka.projection.r2dbc.internal.R2dbcOffsetStore$AttemptToUseStoppedOffsetStore: eventSourcedProjection-passivation-race-entity-passivation-race-consumer-a [0-1023], correlation [bd50b595-7bf3-4ba9-8269-cd38466d78e9]: R2dbcOffsetStore was stopped
08:03:40.493 DEBUG a.c.singleton.ClusterSingletonProxy - Creating singleton identification timer...
08:03:40.493 DEBUG a.c.singleton.ClusterSingletonProxy - Creating singleton identification timer...
08:03:40.493 DEBUG a.c.singleton.ClusterSingletonProxy - Creating singleton identification timer...
08:03:40.493 DEBUG a.c.singleton.ClusterSingletonProxy - Creating singleton identification timer...
08:03:40.881 INFO  a.c.s.ClusterSingletonManager - Singleton manager stopping singleton actor [akka://akka-runtime/system/singletonManagerShardedDaemonProcessCoordinator-eventSourcedProjection-passivation-race-entity-passivation-race-view/ShardedDaemonProcessCoordinator-eventSourcedProjection-passivation-race-entity-passivation-race-view]
08:03:40.881 INFO  a.c.s.ClusterSingletonManager - Singleton manager stopping singleton actor [akka://akka-runtime/system/sharding/_timerCoordinator/singleton]
08:03:40.881 INFO  a.c.s.ClusterSingletonManager - Singleton manager stopping singleton actor [akka://akka-runtime/system/sharding/sharded-daemon-process-eventSourcedProjection-passivation-race-entity-passivation-race-consumer-bCoordinator/singleton]
08:03:40.881 INFO  a.c.s.ClusterSingletonManager - Singleton manager stopping singleton actor [akka://akka-runtime/system/singletonManagerShardedDaemonProcessCoordinator-eventSourcedProjection-passivation-race-entity-passivation-race-consumer-b/ShardedDaemonProcessCoordinator-eventSourcedProjection-passivation-race-entity-passivation-race-consumer-b]
08:03:40.881 INFO  a.c.s.ClusterSingletonManager - ClusterSingletonManager state change [WasOldest -> Stopping]
08:03:40.881 INFO  a.c.s.ClusterSingletonManager - ClusterSingletonManager state change [WasOldest -> Stopping]
08:03:40.881 INFO  a.c.s.ClusterSingletonManager - ClusterSingletonManager state change [WasOldest -> Stopping]
08:03:40.881 INFO  a.c.s.ClusterSingletonManager - ClusterSingletonManager state change [WasOldest -> Stopping]
08:03:40.881 DEBUG a.c.sharding.DDataShardCoordinator - sharded-daemon-process-eventSourcedProjection-passivation-race-entity-passivation-race-consumer-b: Received termination message.
08:03:40.881 INFO  a.c.s.ClusterSingletonManager - Singleton manager stopping singleton actor [akka://akka-runtime/system/sharding/sharded-daemon-process-eventSourcedProjection-passivation-race-entity-passivation-race-consumer-aCoordinator/singleton]
08:03:40.881 INFO  a.c.s.ClusterSingletonManager - ClusterSingletonManager state change [WasOldest -> Stopping]
08:03:40.881 DEBUG a.c.sharding.DDataShardCoordinator - sharded-daemon-process-eventSourcedProjection-passivation-race-entity-passivation-race-consumer-a: Received termination message.
08:03:40.881 INFO  a.c.s.ClusterSingletonManager - Singleton manager stopping singleton actor [akka://akka-runtime/system/sharding/passivation-race-entityCoordinator/singleton]
08:03:40.881 INFO  a.c.s.ClusterSingletonManager - ClusterSingletonManager state change [WasOldest -> Stopping]
08:03:40.881 DEBUG a.c.sharding.DDataShardCoordinator - passivation-race-entity: Received termination message.
08:03:40.881 INFO  a.c.s.ClusterSingletonManager - Singleton actor [akka://akka-runtime/system/singletonManagerShardedDaemonProcessCoordinator-eventSourcedProjection-passivation-race-entity-passivation-race-consumer-b/ShardedDaemonProcessCoordinator-eventSourcedProjection-passivation-race-entity-passivation-race-consumer-b] was terminated
08:03:40.881 INFO  a.c.s.ClusterSingletonManager - Singleton actor [akka://akka-runtime/system/sharding/sharded-daemon-process-eventSourcedProjection-passivation-race-entity-passivation-race-consumer-aCoordinator/singleton] was terminated
08:03:40.881 INFO  a.c.s.ClusterSingletonManager - Singleton actor [akka://akka-runtime/system/sharding/passivation-race-entityCoordinator/singleton] was terminated
08:03:40.881 INFO  a.c.s.ClusterSingletonManager - Singleton manager stopping singleton actor [akka://akka-runtime/system/singletonManagerschemaSingleton/schemaSingleton]
08:03:40.881 INFO  a.c.s.ClusterSingletonManager - Singleton manager stopping singleton actor [akka://akka-runtime/system/sharding/sharded-daemon-process-eventSourcedProjection-passivation-race-entity-passivation-race-viewCoordinator/singleton]
08:03:40.881 INFO  a.c.s.ClusterSingletonManager - Singleton manager stopping singleton actor [akka://akka-runtime/system/singletonManagerShardedDaemonProcessCoordinator-eventSourcedProjection-passivation-race-entity-passivation-race-consumer-a/ShardedDaemonProcessCoordinator-eventSourcedProjection-passivation-race-entity-passivation-race-consumer-a]
08:03:40.881 INFO  a.c.s.ClusterSingletonManager - ClusterSingletonManager state change [WasOldest -> Stopping]
08:03:40.881 INFO  a.c.s.ClusterSingletonManager - ClusterSingletonManager state change [WasOldest -> Stopping]
08:03:40.881 INFO  a.c.s.ClusterSingletonManager - ClusterSingletonManager state change [WasOldest -> Stopping]
08:03:40.881 DEBUG a.c.sharding.DDataShardCoordinator - sharded-daemon-process-eventSourcedProjection-passivation-race-entity-passivation-race-view: Received termination message.
08:03:40.882 INFO  a.c.s.ClusterSingletonManager - Singleton actor [akka://akka-runtime/system/sharding/sharded-daemon-process-eventSourcedProjection-passivation-race-entity-passivation-race-viewCoordinator/singleton] was terminated
08:03:40.882 INFO  a.c.s.ClusterSingletonManager - Singleton actor [akka://akka-runtime/system/singletonManagerShardedDaemonProcessCoordinator-eventSourcedProjection-passivation-race-entity-passivation-race-consumer-a/ShardedDaemonProcessCoordinator-eventSourcedProjection-passivation-race-entity-passivation-race-consumer-a] was terminated
08:03:40.882 INFO  a.c.s.ClusterSingletonManager - Singleton actor [akka://akka-runtime/system/singletonManagerschemaSingleton/schemaSingleton] was terminated
08:03:40.882 INFO  a.c.s.ClusterSingletonManager - Singleton actor [akka://akka-runtime/system/sharding/sharded-daemon-process-eventSourcedProjection-passivation-race-entity-passivation-race-consumer-bCoordinator/singleton] was terminated
08:03:40.882 INFO  a.c.s.ClusterSingletonManager - Singleton actor [akka://akka-runtime/system/singletonManagerShardedDaemonProcessCoordinator-eventSourcedProjection-passivation-race-entity-passivation-race-view/ShardedDaemonProcessCoordinator-eventSourcedProjection-passivation-race-entity-passivation-race-view] was terminated
08:03:40.882 DEBUG a.c.sharding.DDataShardCoordinator - _timer: Received termination message.
08:03:40.882 INFO  a.c.s.ClusterSingletonManager - Singleton actor [akka://akka-runtime/system/sharding/_timerCoordinator/singleton] was terminated
08:03:40.883 DEBUG akka.actor.CoordinatedShutdown - Performing phase [cluster-exiting-done] with [1] tasks.
08:03:40.883 DEBUG akka.actor.CoordinatedShutdown - Performing task [exiting-completed] in CoordinatedShutdown phase [cluster-exiting-done]
08:03:40.883 DEBUG akka.actor.CoordinatedShutdown - Performing phase [cluster-shutdown] with [1] tasks.
08:03:40.883 DEBUG akka.actor.CoordinatedShutdown - Performing task [wait-shutdown] in CoordinatedShutdown phase [cluster-shutdown]
08:03:40.884 DEBUG akka.actor.CoordinatedShutdown - Performing phase [before-actor-system-terminate] with [2] tasks.
08:03:40.884 DEBUG akka.actor.CoordinatedShutdown - Performing task [close connection pools] in CoordinatedShutdown phase [before-actor-system-terminate]
08:03:40.885 DEBUG akka.actor.CoordinatedShutdown - Performing task [close-grpc-channels] in CoordinatedShutdown phase [before-actor-system-terminate]
08:03:40.885 DEBUG akka.actor.CoordinatedShutdown - Performing phase [actor-system-terminate] with [1] tasks.
08:03:40.885 DEBUG akka.actor.CoordinatedShutdown - Performing task [terminate-system] in CoordinatedShutdown phase [actor-system-terminate]
08:03:40.951 INFO  akka.runtime.AkkaRuntimeMain - Starting Akka Runtime version [1.6.15]
08:03:40.958 INFO  akka.javasdk.impl.ComponentLocator$ - Looking for component descriptors matching pattern [META-INF/akka-javasdk-components_*.conf]
08:03:40.963 INFO  akka.javasdk.testkit.TestKit - Eventing TestKit booting up on port: 62795
08:03:40.965 DEBUG a.c.singleton.ClusterSingletonProxy - Creating singleton identification timer...
08:03:40.966 DEBUG a.c.singleton.ClusterSingletonProxy - Trying to identify singleton at [akka://akka-runtime@127.0.0.1:62796/system/singletonManagerschemaSingleton/schemaSingleton]
08:03:40.966 DEBUG a.c.singleton.ClusterSingletonProxy - Singleton not available, buffering message type [kalix.runtime.SchemaSingleton$ExecDdl]
08:03:40.966 INFO  a.c.s.ClusterSingletonManager - Singleton manager starting singleton actor [akka://akka-runtime/system/singletonManagerschemaSingleton/schemaSingleton]
08:03:40.966 INFO  a.c.s.ClusterSingletonManager - ClusterSingletonManager state change [Start -> Oldest]
08:03:40.966 INFO  akka.javasdk.testkit.TestKit - Checking runtime status
08:03:41.034 DEBUG a.c.singleton.ClusterSingletonProxy - Trying to identify singleton at [akka://akka-runtime@127.0.0.1:62796/system/singletonManagerschemaSingleton/schemaSingleton]
08:03:41.034 INFO  a.c.singleton.ClusterSingletonProxy - Singleton identified at [akka://akka-runtime/system/singletonManagerschemaSingleton/schemaSingleton]
08:03:41.034 DEBUG a.c.singleton.ClusterSingletonProxy - Sending buffered messages to current singleton instance
08:03:41.036 INFO  a.c.s.typed.scaladsl.ClusterSharding - Starting Shard Region [passivation-race-entity]...
08:03:41.036 INFO  akka.cluster.sharding.ShardRegion - passivation-race-entity: Automatic entity passivation: composite strategy with limit of [10000] active entities, admission window (least recently used entities) with proportions [initial = 0.01, min = 0.01, max = 1.0] adapting with hill-climbing optimizer [adjust multiplier = 10.0, initial step = 0.0625, restart threshold = 0.05, step decay = 0.98], admit using frequency sketch [width multiplier = 4, reset multiplier = 10.0, depth = 4, counter bits = 4], main (least recently used entities (segmented with [2] levels with proportions of [0.20, 0.80]))
08:03:41.037 INFO  a.c.s.ClusterSingletonManager - Singleton manager starting singleton actor [akka://akka-runtime/system/sharding/passivation-race-entityCoordinator/singleton]
08:03:41.037 INFO  a.c.s.ClusterSingletonManager - ClusterSingletonManager state change [Start -> Oldest]
08:03:41.037 DEBUG a.c.sharding.DDataShardCoordinator - passivation-race-entity: Initial coordinator is empty.
08:03:41.037 INFO  a.c.sharding.DDataShardCoordinator - passivation-race-entity: ShardCoordinator was moved to the active state with [0] shards
08:03:41.039 DEBUG a.c.singleton.ClusterSingletonProxy - Forwarding message of type [SchemaSingleton$ExecDdl] to current singleton instance at [akka://akka-runtime/system/singletonManagerschemaSingleton/schemaSingleton]
08:03:41.040 INFO  akka.runtime.DiscoveryManager - Service components: EventSourcedEntity: [1], Consumer: [2], View: [1]
08:03:41.041 INFO  a.c.s.typed.scaladsl.ClusterSharding - Starting Shard Region [_timer]...
08:03:41.041 INFO  a.c.s.typed.scaladsl.ClusterSharding - Starting Shard Region [sharded-daemon-process-eventSourcedProjection-passivation-race-entity-passivation-race-consumer-a]...
08:03:41.041 INFO  a.c.s.ClusterSingletonManager - Singleton manager starting singleton actor [akka://akka-runtime/system/sharding/_timerCoordinator/singleton]
08:03:41.041 INFO  a.c.s.ClusterSingletonManager - ClusterSingletonManager state change [Start -> Oldest]
08:03:41.042 DEBUG a.c.sharding.DDataShardCoordinator - _timer: Starting remember entities store from provider akka.cluster.sharding.internal.DDataRememberEntitiesProvider@2f781acb
08:03:41.042 INFO  akka.cluster.sharding.ShardRegion - sharded-daemon-process-eventSourcedProjection-passivation-race-entity-passivation-race-consumer-a: Automatic entity passivation: disabled
08:03:41.042 DEBUG a.c.sharding.DDataShardCoordinator - _timer: Initial coordinator is empty.
08:03:41.042 INFO  a.c.sharding.DDataShardCoordinator - _timer: ShardCoordinator was moved to the active state with [0] shards
08:03:41.042 DEBUG a.c.sharding.DDataShardCoordinator - _timer: Received [0] remembered shard ids (after state initialized)
08:03:41.042 INFO  a.c.s.typed.scaladsl.ClusterSharding - Starting Shard Region [sharded-daemon-process-eventSourcedProjection-passivation-race-entity-passivation-race-consumer-b]...
08:03:41.042 DEBUG a.c.singleton.ClusterSingletonProxy - Creating singleton identification timer...
08:03:41.042 DEBUG a.c.singleton.ClusterSingletonProxy - Trying to identify singleton at [akka://akka-runtime@127.0.0.1:62796/system/singletonManagerShardedDaemonProcessCoordinator-eventSourcedProjection-passivation-race-entity-passivation-race-consumer-a/ShardedDaemonProcessCoordinator-eventSourcedProjection-passivation-race-entity-passivation-race-consumer-a]
08:03:41.042 INFO  a.c.s.ClusterSingletonManager - Singleton manager starting singleton actor [akka://akka-runtime/system/sharding/sharded-daemon-process-eventSourcedProjection-passivation-race-entity-passivation-race-consumer-aCoordinator/singleton]
08:03:41.042 INFO  a.c.s.ClusterSingletonManager - ClusterSingletonManager state change [Start -> Oldest]
08:03:41.042 INFO  akka.cluster.sharding.ShardRegion - sharded-daemon-process-eventSourcedProjection-passivation-race-entity-passivation-race-consumer-b: Automatic entity passivation: disabled
08:03:41.042 INFO  a.c.s.ClusterSingletonManager - Singleton manager starting singleton actor [akka://akka-runtime/system/singletonManagerShardedDaemonProcessCoordinator-eventSourcedProjection-passivation-race-entity-passivation-race-consumer-a/ShardedDaemonProcessCoordinator-eventSourcedProjection-passivation-race-entity-passivation-race-consumer-a]
08:03:41.042 INFO  a.c.s.ClusterSingletonManager - ClusterSingletonManager state change [Start -> Oldest]
08:03:41.042 DEBUG a.c.sharding.DDataShardCoordinator - sharded-daemon-process-eventSourcedProjection-passivation-race-entity-passivation-race-consumer-a: Initial coordinator is empty.
08:03:41.042 INFO  a.c.sharding.DDataShardCoordinator - sharded-daemon-process-eventSourcedProjection-passivation-race-entity-passivation-race-consumer-a: ShardCoordinator was moved to the active state with [0] shards
08:03:41.043 DEBUG a.c.s.t.i.ShardedDaemonProcessCoordinator$ - ShardedDaemonProcessCoordinator for [eventSourcedProjection-passivation-race-entity-passivation-race-consumer-a] starting
08:03:41.043 INFO  a.c.s.typed.scaladsl.ClusterSharding - Starting Shard Region [sharded-daemon-process-eventSourcedProjection-passivation-race-entity-passivation-race-view]...
08:03:41.043 INFO  akka.cluster.sharding.ShardRegion - sharded-daemon-process-eventSourcedProjection-passivation-race-entity-passivation-race-view: Automatic entity passivation: disabled
08:03:41.043 DEBUG a.c.s.t.i.ShardedDaemonProcessCoordinator$ - eventSourcedProjection-passivation-race-entity-passivation-race-consumer-a: No previous state stored for Sharded Daemon Process
08:03:41.043 DEBUG a.c.s.t.i.ShardedDaemonProcessCoordinator$ - Sending periodic keep alive for Sharded Daemon Process [eventSourcedProjection-passivation-race-entity-passivation-race-consumer-a] to [1] processes (revision [0]).
08:03:41.043 DEBUG a.c.singleton.ClusterSingletonProxy - Creating singleton identification timer...
08:03:41.043 DEBUG a.c.singleton.ClusterSingletonProxy - Trying to identify singleton at [akka://akka-runtime@127.0.0.1:62796/system/singletonManagerShardedDaemonProcessCoordinator-eventSourcedProjection-passivation-race-entity-passivation-race-consumer-b/ShardedDaemonProcessCoordinator-eventSourcedProjection-passivation-race-entity-passivation-race-consumer-b]
08:03:41.043 DEBUG a.c.singleton.ClusterSingletonProxy - Creating singleton identification timer...
08:03:41.043 DEBUG a.c.singleton.ClusterSingletonProxy - Trying to identify singleton at [akka://akka-runtime@127.0.0.1:62796/system/singletonManagerShardedDaemonProcessCoordinator-eventSourcedProjection-passivation-race-entity-passivation-race-view/ShardedDaemonProcessCoordinator-eventSourcedProjection-passivation-race-entity-passivation-race-view]
08:03:41.044 INFO  a.c.s.ClusterSingletonManager - Singleton manager starting singleton actor [akka://akka-runtime/system/sharding/sharded-daemon-process-eventSourcedProjection-passivation-race-entity-passivation-race-consumer-bCoordinator/singleton]
08:03:41.044 INFO  a.c.s.ClusterSingletonManager - Singleton manager starting singleton actor [akka://akka-runtime/system/singletonManagerShardedDaemonProcessCoordinator-eventSourcedProjection-passivation-race-entity-passivation-race-consumer-b/ShardedDaemonProcessCoordinator-eventSourcedProjection-passivation-race-entity-passivation-race-consumer-b]
08:03:41.044 INFO  a.c.s.ClusterSingletonManager - ClusterSingletonManager state change [Start -> Oldest]
08:03:41.044 INFO  akka.runtime.DiscoveryManager - Akka Runtime started at 127.0.0.1:62794
08:03:41.044 INFO  a.c.s.ClusterSingletonManager - ClusterSingletonManager state change [Start -> Oldest]
08:03:41.044 INFO  a.c.s.ClusterSingletonManager - Singleton manager starting singleton actor [akka://akka-runtime/system/sharding/sharded-daemon-process-eventSourcedProjection-passivation-race-entity-passivation-race-viewCoordinator/singleton]
08:03:41.044 INFO  a.c.s.ClusterSingletonManager - ClusterSingletonManager state change [Start -> Oldest]
08:03:41.044 INFO  a.c.s.ClusterSingletonManager - Singleton manager starting singleton actor [akka://akka-runtime/system/singletonManagerShardedDaemonProcessCoordinator-eventSourcedProjection-passivation-race-entity-passivation-race-view/ShardedDaemonProcessCoordinator-eventSourcedProjection-passivation-race-entity-passivation-race-view]
08:03:41.044 DEBUG a.c.s.t.i.ShardedDaemonProcessCoordinator$ - ShardedDaemonProcessCoordinator for [eventSourcedProjection-passivation-race-entity-passivation-race-consumer-b] starting
08:03:41.044 INFO  a.c.s.ClusterSingletonManager - ClusterSingletonManager state change [Start -> Oldest]
08:03:41.044 DEBUG a.c.s.t.i.ShardedDaemonProcessCoordinator$ - ShardedDaemonProcessCoordinator for [eventSourcedProjection-passivation-race-entity-passivation-race-view] starting
08:03:41.044 DEBUG a.c.sharding.DDataShardCoordinator - sharded-daemon-process-eventSourcedProjection-passivation-race-entity-passivation-race-consumer-b: Initial coordinator is empty.
08:03:41.044 INFO  a.c.sharding.DDataShardCoordinator - sharded-daemon-process-eventSourcedProjection-passivation-race-entity-passivation-race-consumer-b: ShardCoordinator was moved to the active state with [0] shards
08:03:41.044 DEBUG a.c.sharding.DDataShardCoordinator - sharded-daemon-process-eventSourcedProjection-passivation-race-entity-passivation-race-view: Initial coordinator is empty.
08:03:41.044 INFO  a.c.sharding.DDataShardCoordinator - sharded-daemon-process-eventSourcedProjection-passivation-race-entity-passivation-race-view: ShardCoordinator was moved to the active state with [0] shards
08:03:41.044 DEBUG a.c.s.t.i.ShardedDaemonProcessCoordinator$ - eventSourcedProjection-passivation-race-entity-passivation-race-consumer-b: No previous state stored for Sharded Daemon Process
08:03:41.044 DEBUG a.c.s.t.i.ShardedDaemonProcessCoordinator$ - Sending periodic keep alive for Sharded Daemon Process [eventSourcedProjection-passivation-race-entity-passivation-race-consumer-b] to [1] processes (revision [0]).
08:03:41.044 DEBUG a.c.s.t.i.ShardedDaemonProcessCoordinator$ - eventSourcedProjection-passivation-race-entity-passivation-race-view: No previous state stored for Sharded Daemon Process
08:03:41.044 INFO  repro.Bootstrap - onStartup burst of 8 starting
08:03:41.044 DEBUG a.c.s.t.i.ShardedDaemonProcessCoordinator$ - Sending periodic keep alive for Sharded Daemon Process [eventSourcedProjection-passivation-race-entity-passivation-race-view] to [1] processes (revision [0]).
08:03:41.088 INFO  akka.javasdk.testkit.TestKit - Runtime started
08:03:41.088 INFO  akka.actor.CoordinatedShutdown - Running CoordinatedShutdown with reason [ActorSystemTerminateReason]
08:03:41.088 DEBUG akka.actor.CoordinatedShutdown - Performing phase [before-service-unbind] with [0] tasks
08:03:41.088 DEBUG akka.actor.CoordinatedShutdown - Performing phase [service-unbind] with [1] tasks.
08:03:41.088 DEBUG akka.actor.CoordinatedShutdown - Performing task [http-unbind-/127.0.0.1:62794] in CoordinatedShutdown phase [service-unbind]
08:03:41.088 DEBUG akka.actor.CoordinatedShutdown - Performing phase [service-requests-done] with [1] tasks.
08:03:41.088 DEBUG akka.actor.CoordinatedShutdown - Performing task [http-terminate-/127.0.0.1:62794] in CoordinatedShutdown phase [service-requests-done]
08:03:41.088 DEBUG akka.actor.CoordinatedShutdown - Performing phase [service-stop] with [1] tasks.
08:03:41.088 DEBUG akka.actor.CoordinatedShutdown - Performing task [stop-grpc-clients] in CoordinatedShutdown phase [service-stop]
08:03:41.088 DEBUG akka.actor.CoordinatedShutdown - Performing phase [before-cluster-shutdown] with [0] tasks
08:03:41.088 DEBUG akka.actor.CoordinatedShutdown - Performing phase [cluster-sharding-shutdown-region] with [5] tasks.
08:03:41.088 DEBUG akka.actor.CoordinatedShutdown - Performing task [region-shutdown] in CoordinatedShutdown phase [cluster-sharding-shutdown-region]
08:03:41.088 DEBUG akka.actor.CoordinatedShutdown - Performing task [region-shutdown] in CoordinatedShutdown phase [cluster-sharding-shutdown-region]
08:03:41.088 DEBUG akka.actor.CoordinatedShutdown - Performing task [region-shutdown] in CoordinatedShutdown phase [cluster-sharding-shutdown-region]
08:03:41.089 DEBUG akka.actor.CoordinatedShutdown - Performing task [region-shutdown] in CoordinatedShutdown phase [cluster-sharding-shutdown-region]
08:03:41.089 DEBUG akka.actor.CoordinatedShutdown - Performing task [region-shutdown] in CoordinatedShutdown phase [cluster-sharding-shutdown-region]
08:03:41.089 DEBUG a.c.sharding.DDataShardCoordinator - sharded-daemon-process-eventSourcedProjection-passivation-race-entity-passivation-race-consumer-b: Unknown region requested graceful shutdown [Actor[akka://akka-runtime/system/sharding/sharded-daemon-process-eventSourcedProjection-passivation-race-entity-passivation-race-consumer-b#-993440545]]
08:03:41.089 DEBUG a.c.sharding.DDataShardCoordinator - passivation-race-entity: Unknown region requested graceful shutdown [Actor[akka://akka-runtime/system/sharding/passivation-race-entity#-325175765]]
08:03:41.089 DEBUG a.c.sharding.DDataShardCoordinator - sharded-daemon-process-eventSourcedProjection-passivation-race-entity-passivation-race-view: Unknown region requested graceful shutdown [Actor[akka://akka-runtime/system/sharding/sharded-daemon-process-eventSourcedProjection-passivation-race-entity-passivation-race-view#-403442132]]
08:03:41.089 DEBUG a.c.sharding.DDataShardCoordinator - _timer: Unknown region requested graceful shutdown [Actor[akka://akka-runtime/system/sharding/_timer#-1061274319]]
08:03:41.089 DEBUG a.c.sharding.DDataShardCoordinator - sharded-daemon-process-eventSourcedProjection-passivation-race-entity-passivation-race-consumer-a: Unknown region requested graceful shutdown [Actor[akka://akka-runtime/system/sharding/sharded-daemon-process-eventSourcedProjection-passivation-race-entity-passivation-race-consumer-a#-944490068]]
08:03:41.105 DEBUG a.c.singleton.ClusterSingletonProxy - Trying to identify singleton at [akka://akka-runtime@127.0.0.1:62796/system/singletonManagerShardedDaemonProcessCoordinator-eventSourcedProjection-passivation-race-entity-passivation-race-consumer-b/ShardedDaemonProcessCoordinator-eventSourcedProjection-passivation-race-entity-passivation-race-consumer-b]
08:03:41.105 DEBUG a.c.singleton.ClusterSingletonProxy - Trying to identify singleton at [akka://akka-runtime@127.0.0.1:62796/system/singletonManagerShardedDaemonProcessCoordinator-eventSourcedProjection-passivation-race-entity-passivation-race-view/ShardedDaemonProcessCoordinator-eventSourcedProjection-passivation-race-entity-passivation-race-view]
08:03:41.105 DEBUG a.c.singleton.ClusterSingletonProxy - Trying to identify singleton at [akka://akka-runtime@127.0.0.1:62796/system/singletonManagerShardedDaemonProcessCoordinator-eventSourcedProjection-passivation-race-entity-passivation-race-consumer-a/ShardedDaemonProcessCoordinator-eventSourcedProjection-passivation-race-entity-passivation-race-consumer-a]
08:03:41.105 INFO  a.c.singleton.ClusterSingletonProxy - Singleton identified at [akka://akka-runtime/system/singletonManagerShardedDaemonProcessCoordinator-eventSourcedProjection-passivation-race-entity-passivation-race-view/ShardedDaemonProcessCoordinator-eventSourcedProjection-passivation-race-entity-passivation-race-view]
08:03:41.105 DEBUG a.c.singleton.ClusterSingletonProxy - Sending buffered messages to current singleton instance
08:03:41.105 INFO  a.c.singleton.ClusterSingletonProxy - Singleton identified at [akka://akka-runtime/system/singletonManagerShardedDaemonProcessCoordinator-eventSourcedProjection-passivation-race-entity-passivation-race-consumer-a/ShardedDaemonProcessCoordinator-eventSourcedProjection-passivation-race-entity-passivation-race-consumer-a]
08:03:41.105 DEBUG a.c.singleton.ClusterSingletonProxy - Sending buffered messages to current singleton instance
08:03:41.105 INFO  a.c.singleton.ClusterSingletonProxy - Singleton identified at [akka://akka-runtime/system/singletonManagerShardedDaemonProcessCoordinator-eventSourcedProjection-passivation-race-entity-passivation-race-consumer-b/ShardedDaemonProcessCoordinator-eventSourcedProjection-passivation-race-entity-passivation-race-consumer-b]
08:03:41.105 DEBUG a.c.singleton.ClusterSingletonProxy - Sending buffered messages to current singleton instance
08:03:41.306 DEBUG a.c.sharding.DDataShardCoordinator - sharded-daemon-process-eventSourcedProjection-passivation-race-entity-passivation-race-view: ShardRegion registered: [Actor[akka://akka-runtime/system/sharding/sharded-daemon-process-eventSourcedProjection-passivation-race-entity-passivation-race-view#-403442132]]
08:03:41.306 DEBUG a.c.sharding.DDataShardCoordinator - sharded-daemon-process-eventSourcedProjection-passivation-race-entity-passivation-race-consumer-a: ShardRegion registered: [Actor[akka://akka-runtime/system/sharding/sharded-daemon-process-eventSourcedProjection-passivation-race-entity-passivation-race-consumer-a#-944490068]]
08:03:41.306 DEBUG a.c.sharding.DDataShardCoordinator - sharded-daemon-process-eventSourcedProjection-passivation-race-entity-passivation-race-consumer-b: ShardRegion registered: [Actor[akka://akka-runtime/system/sharding/sharded-daemon-process-eventSourcedProjection-passivation-race-entity-passivation-race-consumer-b#-993440545]]
08:03:41.306 DEBUG a.c.sharding.DDataShardCoordinator - passivation-race-entity: ShardRegion registered: [Actor[akka://akka-runtime/system/sharding/passivation-race-entity#-325175765]]
08:03:41.307 DEBUG a.c.sharding.DDataShardCoordinator - sharded-daemon-process-eventSourcedProjection-passivation-race-entity-passivation-race-consumer-a: The coordinator state was successfully updated with ShardRegionRegistered(Actor[akka://akka-runtime/system/sharding/sharded-daemon-process-eventSourcedProjection-passivation-race-entity-passivation-race-consumer-a#-944490068])
08:03:41.307 DEBUG a.c.sharding.DDataShardCoordinator - passivation-race-entity: The coordinator state was successfully updated with ShardRegionRegistered(Actor[akka://akka-runtime/system/sharding/passivation-race-entity#-325175765])
08:03:41.307 DEBUG a.c.sharding.DDataShardCoordinator - sharded-daemon-process-eventSourcedProjection-passivation-race-entity-passivation-race-view: The coordinator state was successfully updated with ShardRegionRegistered(Actor[akka://akka-runtime/system/sharding/sharded-daemon-process-eventSourcedProjection-passivation-race-entity-passivation-race-view#-403442132])
08:03:41.307 DEBUG a.c.sharding.DDataShardCoordinator - sharded-daemon-process-eventSourcedProjection-passivation-race-entity-passivation-race-consumer-b: The coordinator state was successfully updated with ShardRegionRegistered(Actor[akka://akka-runtime/system/sharding/sharded-daemon-process-eventSourcedProjection-passivation-race-entity-passivation-race-consumer-b#-993440545])
08:03:41.308 DEBUG a.c.sharding.DDataShardCoordinator - sharded-daemon-process-eventSourcedProjection-passivation-race-entity-passivation-race-view: The coordinator state was successfully updated with ShardHomeAllocated(0,Actor[akka://akka-runtime/system/sharding/sharded-daemon-process-eventSourcedProjection-passivation-race-entity-passivation-race-view#-403442132])
08:03:41.308 DEBUG a.c.sharding.DDataShardCoordinator - sharded-daemon-process-eventSourcedProjection-passivation-race-entity-passivation-race-consumer-a: The coordinator state was successfully updated with ShardHomeAllocated(0,Actor[akka://akka-runtime/system/sharding/sharded-daemon-process-eventSourcedProjection-passivation-race-entity-passivation-race-consumer-a#-944490068])
08:03:41.308 DEBUG a.c.sharding.DDataShardCoordinator - passivation-race-entity: The coordinator state was successfully updated with ShardHomeAllocated(411,Actor[akka://akka-runtime/system/sharding/passivation-race-entity#-325175765])
08:03:41.308 DEBUG a.c.sharding.DDataShardCoordinator - sharded-daemon-process-eventSourcedProjection-passivation-race-entity-passivation-race-consumer-b: The coordinator state was successfully updated with ShardHomeAllocated(0,Actor[akka://akka-runtime/system/sharding/sharded-daemon-process-eventSourcedProjection-passivation-race-entity-passivation-race-consumer-b#-993440545])
08:03:41.308 DEBUG a.c.sharding.DDataShardCoordinator - sharded-daemon-process-eventSourcedProjection-passivation-race-entity-passivation-race-consumer-a: Shard [0] allocated at [Actor[akka://akka-runtime/system/sharding/sharded-daemon-process-eventSourcedProjection-passivation-race-entity-passivation-race-consumer-a#-944490068]]
08:03:41.308 DEBUG a.c.sharding.DDataShardCoordinator - sharded-daemon-process-eventSourcedProjection-passivation-race-entity-passivation-race-view: Shard [0] allocated at [Actor[akka://akka-runtime/system/sharding/sharded-daemon-process-eventSourcedProjection-passivation-race-entity-passivation-race-view#-403442132]]
08:03:41.308 DEBUG a.c.sharding.DDataShardCoordinator - passivation-race-entity: Shard [411] allocated at [Actor[akka://akka-runtime/system/sharding/passivation-race-entity#-325175765]]
08:03:41.308 DEBUG a.c.sharding.DDataShardCoordinator - sharded-daemon-process-eventSourcedProjection-passivation-race-entity-passivation-race-consumer-b: Shard [0] allocated at [Actor[akka://akka-runtime/system/sharding/sharded-daemon-process-eventSourcedProjection-passivation-race-entity-passivation-race-consumer-b#-993440545]]
08:03:41.309 DEBUG a.c.sharding.DDataShardCoordinator - sharded-daemon-process-eventSourcedProjection-passivation-race-entity-passivation-race-view: Graceful shutdown of region [Actor[akka://akka-runtime/system/sharding/sharded-daemon-process-eventSourcedProjection-passivation-race-entity-passivation-race-view#-403442132]] with [1] shards
08:03:41.309 DEBUG akka.cluster.sharding.Shard - sharded-daemon-process-eventSourcedProjection-passivation-race-entity-passivation-race-view: Shard initialized
08:03:41.309 DEBUG akka.cluster.sharding.Shard - sharded-daemon-process-eventSourcedProjection-passivation-race-entity-passivation-race-consumer-a: Shard initialized
08:03:41.309 DEBUG akka.cluster.sharding.Shard - sharded-daemon-process-eventSourcedProjection-passivation-race-entity-passivation-race-consumer-b: Shard initialized
08:03:41.309 INFO  a.c.sharding.DDataShardCoordinator - sharded-daemon-process-eventSourcedProjection-passivation-race-entity-passivation-race-view: Starting shutting down shards [0] due to region shutting down or explicit stopping of shards.
08:03:41.309 DEBUG akka.cluster.sharding.Shard - sharded-daemon-process-eventSourcedProjection-passivation-race-entity-passivation-race-consumer-a: Request to start entity [0] and ack to [Some(Actor[akka://akka-runtime/deadLetters])]
08:03:41.309 DEBUG akka.cluster.sharding.Shard - sharded-daemon-process-eventSourcedProjection-passivation-race-entity-passivation-race-consumer-b: Request to start entity [0] and ack to [Some(Actor[akka://akka-runtime/deadLetters])]
08:03:41.309 DEBUG a.c.s.ShardCoordinator$RebalanceWorker - sharded-daemon-process-eventSourcedProjection-passivation-race-entity-passivation-race-view: Shutting down shard [0] from region [Actor[akka://akka-runtime/system/sharding/sharded-daemon-process-eventSourcedProjection-passivation-race-entity-passivation-race-view#-403442132]]. Asking [1] region(s) to hand-off shard
08:03:41.309 DEBUG akka.cluster.sharding.Shard - sharded-daemon-process-eventSourcedProjection-passivation-race-entity-passivation-race-consumer-a: Started entity [Actor[akka://akka-runtime/system/sharding/sharded-daemon-process-eventSourcedProjection-passivation-race-entity-passivation-race-consumer-a/0/0#228421874]] with entity id [0] in shard [0]
08:03:41.309 DEBUG akka.cluster.sharding.Shard - sharded-daemon-process-eventSourcedProjection-passivation-race-entity-passivation-race-consumer-b: Started entity [Actor[akka://akka-runtime/system/sharding/sharded-daemon-process-eventSourcedProjection-passivation-race-entity-passivation-race-consumer-b/0/0#-1038711375]] with entity id [0] in shard [0]
08:03:41.309 DEBUG a.c.s.ShardCoordinator$RebalanceWorker - sharded-daemon-process-eventSourcedProjection-passivation-race-entity-passivation-race-view: BeginHandOffAck for shard [0] received from [Actor[akka://akka-runtime/system/sharding/sharded-daemon-process-eventSourcedProjection-passivation-race-entity-passivation-race-view#-403442132]].
08:03:41.309 DEBUG a.c.s.ShardCoordinator$RebalanceWorker - sharded-daemon-process-eventSourcedProjection-passivation-race-entity-passivation-race-view: All shard regions acked, handing off shard [0].
08:03:41.309 DEBUG akka.cluster.sharding.Shard - passivation-race-entity: Shard initialized
08:03:41.309 DEBUG akka.cluster.sharding.Shard - sharded-daemon-process-eventSourcedProjection-passivation-race-entity-passivation-race-view: Request to start entity [0] and ack to [Some(Actor[akka://akka-runtime/deadLetters])]
08:03:41.309 DEBUG akka.cluster.sharding.Shard - sharded-daemon-process-eventSourcedProjection-passivation-race-entity-passivation-race-view: Started entity [Actor[akka://akka-runtime/system/sharding/sharded-daemon-process-eventSourcedProjection-passivation-race-entity-passivation-race-view/0/0#-453802582]] with entity id [0] in shard [0]
08:03:41.310 DEBUG akka.cluster.sharding.Shard - sharded-daemon-process-eventSourcedProjection-passivation-race-entity-passivation-race-view: HandOff shard [0]
08:03:41.310 DEBUG a.c.s.t.i.ShardedDaemonProcessState$ - eventSourcedProjection-passivation-race-entity-passivation-race-consumer-b: Deferred start of worker to verify its revision [0] is the latest
08:03:41.310 DEBUG a.c.s.t.i.ShardedDaemonProcessState$ - eventSourcedProjection-passivation-race-entity-passivation-race-consumer-a: Deferred start of worker to verify its revision [0] is the latest
08:03:41.310 DEBUG a.c.s.t.i.ShardedDaemonProcessState$ - eventSourcedProjection-passivation-race-entity-passivation-race-view: Deferred start of worker to verify its revision [0] is the latest
08:03:41.310 INFO  a.c.s.t.i.ShardedDaemonProcessState$ - eventSourcedProjection-passivation-race-entity-passivation-race-consumer-b: Starting Sharded Daemon Process [0] out of a total [1] (revision [0] and no state found)
08:03:41.310 INFO  a.c.s.t.i.ShardedDaemonProcessState$ - eventSourcedProjection-passivation-race-entity-passivation-race-view: Starting Sharded Daemon Process [0] out of a total [1] (revision [0] and no state found)
08:03:41.310 INFO  a.c.s.t.i.ShardedDaemonProcessState$ - eventSourcedProjection-passivation-race-entity-passivation-race-consumer-a: Starting Sharded Daemon Process [0] out of a total [1] (revision [0] and no state found)
08:03:41.310 DEBUG akka.cluster.sharding.Shard - passivation-race-entity: Started entity [Actor[akka://akka-runtime/system/sharding/passivation-race-entity/411/9ce7aaf7-214b-4fc5-8ddc-cf39680a0671#-174744818]] with entity id [9ce7aaf7-214b-4fc5-8ddc-cf39680a0671] in shard [411]
08:03:41.310 DEBUG akka.cluster.sharding.Shard - sharded-daemon-process-eventSourcedProjection-passivation-race-entity-passivation-race-view: Starting HandOffStopper for shard [0] to terminate [1] entities.
08:03:41.310 DEBUG a.c.sharding.DDataShardCoordinator - sharded-daemon-process-eventSourcedProjection-passivation-race-entity-passivation-race-consumer-b: Graceful shutdown of region [Actor[akka://akka-runtime/system/sharding/sharded-daemon-process-eventSourcedProjection-passivation-race-entity-passivation-race-consumer-b#-993440545]] with [1] shards
08:03:41.310 INFO  a.c.sharding.DDataShardCoordinator - sharded-daemon-process-eventSourcedProjection-passivation-race-entity-passivation-race-consumer-b: Starting shutting down shards [0] due to region shutting down or explicit stopping of shards.
08:03:41.310 DEBUG a.c.sharding.DDataShardCoordinator - sharded-daemon-process-eventSourcedProjection-passivation-race-entity-passivation-race-consumer-a: Graceful shutdown of region [Actor[akka://akka-runtime/system/sharding/sharded-daemon-process-eventSourcedProjection-passivation-race-entity-passivation-race-consumer-a#-944490068]] with [1] shards
08:03:41.310 INFO  a.c.sharding.DDataShardCoordinator - sharded-daemon-process-eventSourcedProjection-passivation-race-entity-passivation-race-consumer-a: Starting shutting down shards [0] due to region shutting down or explicit stopping of shards.
08:03:41.310 DEBUG a.c.s.ShardCoordinator$RebalanceWorker - sharded-daemon-process-eventSourcedProjection-passivation-race-entity-passivation-race-consumer-a: Shutting down shard [0] from region [Actor[akka://akka-runtime/system/sharding/sharded-daemon-process-eventSourcedProjection-passivation-race-entity-passivation-race-consumer-a#-944490068]]. Asking [1] region(s) to hand-off shard
08:03:41.310 DEBUG a.c.s.ShardCoordinator$RebalanceWorker - sharded-daemon-process-eventSourcedProjection-passivation-race-entity-passivation-race-consumer-b: Shutting down shard [0] from region [Actor[akka://akka-runtime/system/sharding/sharded-daemon-process-eventSourcedProjection-passivation-race-entity-passivation-race-consumer-b#-993440545]]. Asking [1] region(s) to hand-off shard
08:03:41.310 DEBUG a.c.s.ShardCoordinator$RebalanceWorker - sharded-daemon-process-eventSourcedProjection-passivation-race-entity-passivation-race-consumer-a: BeginHandOffAck for shard [0] received from [Actor[akka://akka-runtime/system/sharding/sharded-daemon-process-eventSourcedProjection-passivation-race-entity-passivation-race-consumer-a#-944490068]].
08:03:41.310 DEBUG a.c.s.ShardCoordinator$RebalanceWorker - sharded-daemon-process-eventSourcedProjection-passivation-race-entity-passivation-race-consumer-a: All shard regions acked, handing off shard [0].
08:03:41.311 DEBUG a.c.s.ShardCoordinator$RebalanceWorker - sharded-daemon-process-eventSourcedProjection-passivation-race-entity-passivation-race-consumer-b: BeginHandOffAck for shard [0] received from [Actor[akka://akka-runtime/system/sharding/sharded-daemon-process-eventSourcedProjection-passivation-race-entity-passivation-race-consumer-b#-993440545]].
08:03:41.311 DEBUG a.c.s.ShardCoordinator$RebalanceWorker - sharded-daemon-process-eventSourcedProjection-passivation-race-entity-passivation-race-consumer-b: All shard regions acked, handing off shard [0].
08:03:41.311 DEBUG akka.cluster.sharding.Shard - sharded-daemon-process-eventSourcedProjection-passivation-race-entity-passivation-race-consumer-a: HandOff shard [0]
08:03:41.311 DEBUG akka.cluster.sharding.Shard - sharded-daemon-process-eventSourcedProjection-passivation-race-entity-passivation-race-consumer-b: HandOff shard [0]
08:03:41.311 DEBUG akka.cluster.sharding.Shard - sharded-daemon-process-eventSourcedProjection-passivation-race-entity-passivation-race-consumer-b: Starting HandOffStopper for shard [0] to terminate [1] entities.
08:03:41.311 DEBUG akka.cluster.sharding.Shard - sharded-daemon-process-eventSourcedProjection-passivation-race-entity-passivation-race-consumer-a: Starting HandOffStopper for shard [0] to terminate [1] entities.
08:03:41.311 DEBUG a.c.sharding.DDataShardCoordinator - passivation-race-entity: Graceful shutdown of region [Actor[akka://akka-runtime/system/sharding/passivation-race-entity#-325175765]] with [1] shards
08:03:41.311 INFO  a.c.sharding.DDataShardCoordinator - passivation-race-entity: Starting shutting down shards [411] due to region shutting down or explicit stopping of shards.
08:03:41.311 DEBUG a.c.s.ShardCoordinator$RebalanceWorker - passivation-race-entity: Shutting down shard [411] from region [Actor[akka://akka-runtime/system/sharding/passivation-race-entity#-325175765]]. Asking [1] region(s) to hand-off shard
08:03:41.311 DEBUG a.c.s.ShardCoordinator$RebalanceWorker - passivation-race-entity: BeginHandOffAck for shard [411] received from [Actor[akka://akka-runtime/system/sharding/passivation-race-entity#-325175765]].
08:03:41.311 DEBUG a.c.s.ShardCoordinator$RebalanceWorker - passivation-race-entity: All shard regions acked, handing off shard [411].
08:03:41.311 DEBUG akka.cluster.sharding.Shard - passivation-race-entity: HandOff shard [411]
08:03:41.311 DEBUG akka.cluster.sharding.Shard - passivation-race-entity: Starting HandOffStopper for shard [411] to terminate [1] entities.
08:03:41.311 DEBUG akka.cluster.sharding.Shard - sharded-daemon-process-eventSourcedProjection-passivation-race-entity-passivation-race-consumer-a: Shard [0] shutting down
08:03:41.311 DEBUG akka.cluster.sharding.Shard - sharded-daemon-process-eventSourcedProjection-passivation-race-entity-passivation-race-view: Shard [0] shutting down
08:03:41.311 DEBUG a.c.sharding.DDataShardCoordinator - sharded-daemon-process-eventSourcedProjection-passivation-race-entity-passivation-race-consumer-a: Shard [0] deallocation completed successfully.
08:03:41.311 DEBUG a.c.sharding.DDataShardCoordinator - sharded-daemon-process-eventSourcedProjection-passivation-race-entity-passivation-race-view: Shard [0] deallocation completed successfully.
08:03:41.311 DEBUG akka.cluster.sharding.Shard - sharded-daemon-process-eventSourcedProjection-passivation-race-entity-passivation-race-consumer-b: Shard [0] shutting down
08:03:41.311 DEBUG a.c.sharding.DDataShardCoordinator - sharded-daemon-process-eventSourcedProjection-passivation-race-entity-passivation-race-consumer-b: Shard [0] deallocation completed successfully.
08:03:41.311 DEBUG a.c.sharding.DDataShardCoordinator - sharded-daemon-process-eventSourcedProjection-passivation-race-entity-passivation-race-consumer-a: The coordinator state was successfully updated with ShardHomeDeallocated(0)
08:03:41.311 DEBUG a.c.sharding.DDataShardCoordinator - sharded-daemon-process-eventSourcedProjection-passivation-race-entity-passivation-race-consumer-a: Shard [0] deallocated after
08:03:41.311 DEBUG a.c.sharding.DDataShardCoordinator - sharded-daemon-process-eventSourcedProjection-passivation-race-entity-passivation-race-view: The coordinator state was successfully updated with ShardHomeDeallocated(0)
08:03:41.311 DEBUG a.c.sharding.DDataShardCoordinator - sharded-daemon-process-eventSourcedProjection-passivation-race-entity-passivation-race-view: Shard [0] deallocated after
08:03:41.311 DEBUG a.c.sharding.DDataShardCoordinator - sharded-daemon-process-eventSourcedProjection-passivation-race-entity-passivation-race-view: ShardRegion terminated (gracefully): [Actor[akka://akka-runtime/system/sharding/sharded-daemon-process-eventSourcedProjection-passivation-race-entity-passivation-race-view#-403442132]] {}
08:03:41.311 DEBUG a.c.sharding.DDataShardCoordinator - sharded-daemon-process-eventSourcedProjection-passivation-race-entity-passivation-race-consumer-a: ShardRegion terminated (gracefully): [Actor[akka://akka-runtime/system/sharding/sharded-daemon-process-eventSourcedProjection-passivation-race-entity-passivation-race-consumer-a#-944490068]] {}
08:03:41.311 DEBUG a.c.sharding.DDataShardCoordinator - sharded-daemon-process-eventSourcedProjection-passivation-race-entity-passivation-race-consumer-b: The coordinator state was successfully updated with ShardHomeDeallocated(0)
08:03:41.311 DEBUG a.c.sharding.DDataShardCoordinator - sharded-daemon-process-eventSourcedProjection-passivation-race-entity-passivation-race-consumer-b: Shard [0] deallocated after
08:03:41.311 DEBUG a.c.sharding.DDataShardCoordinator - sharded-daemon-process-eventSourcedProjection-passivation-race-entity-passivation-race-view: GetShardHome [0] request from [Actor[akka://local/ignore]] stashed, because waiting for initial state or update of state. It will be handled afterwards.
08:03:41.311 DEBUG a.c.sharding.DDataShardCoordinator - sharded-daemon-process-eventSourcedProjection-passivation-race-entity-passivation-race-consumer-a: GetShardHome [0] request from [Actor[akka://local/ignore]] stashed, because waiting for initial state or update of state. It will be handled afterwards.
08:03:41.311 DEBUG a.c.sharding.DDataShardCoordinator - sharded-daemon-process-eventSourcedProjection-passivation-race-entity-passivation-race-consumer-b: ShardRegion terminated (gracefully): [Actor[akka://akka-runtime/system/sharding/sharded-daemon-process-eventSourcedProjection-passivation-race-entity-passivation-race-consumer-b#-993440545]] {}
08:03:41.311 DEBUG a.c.sharding.DDataShardCoordinator - sharded-daemon-process-eventSourcedProjection-passivation-race-entity-passivation-race-consumer-b: GetShardHome [0] request from [Actor[akka://local/ignore]] stashed, because waiting for initial state or update of state. It will be handled afterwards.
08:03:41.311 DEBUG a.c.sharding.DDataShardCoordinator - sharded-daemon-process-eventSourcedProjection-passivation-race-entity-passivation-race-consumer-a: The coordinator state was successfully updated with ShardRegionTerminated(Actor[akka://akka-runtime/system/sharding/sharded-daemon-process-eventSourcedProjection-passivation-race-entity-passivation-race-consumer-a#-944490068])
08:03:41.311 DEBUG a.c.sharding.DDataShardCoordinator - sharded-daemon-process-eventSourcedProjection-passivation-race-entity-passivation-race-consumer-a: ShardRegion stopped: [Actor[akka://akka-runtime/system/sharding/sharded-daemon-process-eventSourcedProjection-passivation-race-entity-passivation-race-consumer-a#-944490068]]
08:03:41.311 DEBUG a.c.sharding.DDataShardCoordinator - sharded-daemon-process-eventSourcedProjection-passivation-race-entity-passivation-race-consumer-b: The coordinator state was successfully updated with ShardRegionTerminated(Actor[akka://akka-runtime/system/sharding/sharded-daemon-process-eventSourcedProjection-passivation-race-entity-passivation-race-consumer-b#-993440545])
08:03:41.311 DEBUG a.c.sharding.DDataShardCoordinator - sharded-daemon-process-eventSourcedProjection-passivation-race-entity-passivation-race-consumer-b: ShardRegion stopped: [Actor[akka://akka-runtime/system/sharding/sharded-daemon-process-eventSourcedProjection-passivation-race-entity-passivation-race-consumer-b#-993440545]]
08:03:41.311 DEBUG a.c.sharding.DDataShardCoordinator - sharded-daemon-process-eventSourcedProjection-passivation-race-entity-passivation-race-view: The coordinator state was successfully updated with ShardRegionTerminated(Actor[akka://akka-runtime/system/sharding/sharded-daemon-process-eventSourcedProjection-passivation-race-entity-passivation-race-view#-403442132])
08:03:41.311 DEBUG a.c.sharding.DDataShardCoordinator - sharded-daemon-process-eventSourcedProjection-passivation-race-entity-passivation-race-view: ShardRegion stopped: [Actor[akka://akka-runtime/system/sharding/sharded-daemon-process-eventSourcedProjection-passivation-race-entity-passivation-race-view#-403442132]]
08:03:41.325 DEBUG a.c.sharding.DDataShardCoordinator - passivation-race-entity: Shard [411] deallocation completed successfully.
08:03:41.325 DEBUG akka.cluster.sharding.Shard - passivation-race-entity: Shard [411] shutting down
08:03:41.325 DEBUG akka.actor.CoordinatedShutdown - Performing phase [cluster-leave] with [1] tasks.
08:03:41.325 DEBUG akka.actor.CoordinatedShutdown - Performing task [leave] in CoordinatedShutdown phase [cluster-leave]
08:03:41.325 DEBUG a.c.sharding.DDataShardCoordinator - passivation-race-entity: The coordinator state was successfully updated with ShardHomeDeallocated(411)
08:03:41.325 DEBUG a.c.sharding.DDataShardCoordinator - passivation-race-entity: Shard [411] deallocated after
08:03:41.326 DEBUG a.c.sharding.DDataShardCoordinator - passivation-race-entity: ShardRegion terminated (gracefully): [Actor[akka://akka-runtime/system/sharding/passivation-race-entity#-325175765]] {}
08:03:41.326 DEBUG a.c.sharding.DDataShardCoordinator - passivation-race-entity: GetShardHome [411] request from [Actor[akka://local/ignore]] stashed, because waiting for initial state or update of state. It will be handled afterwards.
08:03:41.326 DEBUG a.c.sharding.DDataShardCoordinator - passivation-race-entity: The coordinator state was successfully updated with ShardRegionTerminated(Actor[akka://akka-runtime/system/sharding/passivation-race-entity#-325175765])
08:03:41.326 DEBUG a.c.sharding.DDataShardCoordinator - passivation-race-entity: ShardRegion stopped: [Actor[akka://akka-runtime/system/sharding/passivation-race-entity#-325175765]]
08:03:41.326 ERROR repro.Bootstrap - onStartup() threw an exception
java.util.concurrent.TimeoutException: Command to entity [passivation-race-entity] id [29e2754e-a56d-4f92-8ac6-bb1bfce2940b] timed out.
	at kalix.runtime.eventsourcedentity.EventSourcedSupport$$anonfun$$nestedInanonfun$handleCommand$1$1.applyOrElse(EventSourcedEntitySupportFactory.scala:191)
	at kalix.runtime.eventsourcedentity.EventSourcedSupport$$anonfun$$nestedInanonfun$handleCommand$1$1.applyOrElse(EventSourcedEntitySupportFactory.scala:189)
	at scala.concurrent.impl.Promise$Transformation.run(Promise.scala:523)
	at akka.dispatch.BatchingExecutor$AbstractBatch.processBatch(BatchingExecutor.scala:64)
	at akka.dispatch.BatchingExecutor$BlockableBatch.$anonfun$run$1(BatchingExecutor.scala:101)
	at scala.runtime.java8.JFunction0$mcV$sp.apply(JFunction0$mcV$sp.scala:18)
	at scala.concurrent.BlockContext$.withBlockContext(BlockContext.scala:94)
	at akka.dispatch.BatchingExecutor$BlockableBatch.run(BatchingExecutor.scala:101)
	at akka.dispatch.TaskInvocation.run(AbstractDispatcher.scala:48)
	at akka.dispatch.ForkJoinExecutorConfigurator$AkkaForkJoinTask.exec(ForkJoinExecutorConfigurator.scala:60)
	at java.base/java.util.concurrent.ForkJoinTask.doExec(ForkJoinTask.java:507)
	at java.base/java.util.concurrent.ForkJoinPool$WorkQueue.topLevelExec(ForkJoinPool.java:1450)
	at java.base/java.util.concurrent.ForkJoinPool.runWorker(ForkJoinPool.java:2019)
	at java.base/java.util.concurrent.ForkJoinWorkerThread.run(ForkJoinWorkerThread.java:187)
08:03:41.327 DEBUG akka.actor.CoordinatedShutdown - Performing phase [cluster-exiting] with [28] tasks.
08:03:41.327 DEBUG akka.actor.CoordinatedShutdown - Performing task [singleton-exiting-2] in CoordinatedShutdown phase [cluster-exiting]
08:03:41.327 DEBUG akka.actor.CoordinatedShutdown - Performing task [singleton-exiting-1] in CoordinatedShutdown phase [cluster-exiting]
08:03:41.327 DEBUG akka.actor.CoordinatedShutdown - Performing task [singleton-exiting-1] in CoordinatedShutdown phase [cluster-exiting]
08:03:41.327 DEBUG akka.actor.CoordinatedShutdown - Performing task [singleton-exiting-2] in CoordinatedShutdown phase [cluster-exiting]
08:03:41.327 INFO  a.c.s.ClusterSingletonManager - Exited [akka://akka-runtime@127.0.0.1:62796].
08:03:41.327 DEBUG akka.actor.CoordinatedShutdown - Performing task [singleton-exiting-1] in CoordinatedShutdown phase [cluster-exiting]
08:03:41.327 DEBUG akka.actor.CoordinatedShutdown - Performing task [wait-singleton-exiting] in CoordinatedShutdown phase [cluster-exiting]
08:03:41.327 DEBUG akka.actor.CoordinatedShutdown - Performing task [wait-singleton-exiting] in CoordinatedShutdown phase [cluster-exiting]
08:03:41.327 INFO  a.c.s.ClusterSingletonManager - Exited [akka://akka-runtime@127.0.0.1:62796].
08:03:41.327 DEBUG akka.actor.CoordinatedShutdown - Performing task [singleton-exiting-1] in CoordinatedShutdown phase [cluster-exiting]
08:03:41.327 INFO  a.c.s.ClusterSingletonManager - Oldest observed OldestChanged: [akka://akka-runtime@127.0.0.1:62796 -> None]
08:03:41.327 DEBUG akka.actor.CoordinatedShutdown - Performing task [wait-exiting] in CoordinatedShutdown phase [cluster-exiting]
08:03:41.327 DEBUG akka.actor.CoordinatedShutdown - Performing task [singleton-exiting-1] in CoordinatedShutdown phase [cluster-exiting]
08:03:41.327 INFO  a.c.s.ClusterSingletonManager - Oldest observed OldestChanged: [akka://akka-runtime@127.0.0.1:62796 -> None]
08:03:41.327 DEBUG akka.actor.CoordinatedShutdown - Performing task [singleton-exiting-1] in CoordinatedShutdown phase [cluster-exiting]
08:03:41.327 DEBUG akka.actor.CoordinatedShutdown - Performing task [singleton-exiting-2] in CoordinatedShutdown phase [cluster-exiting]
08:03:41.327 DEBUG akka.actor.CoordinatedShutdown - Performing task [wait-singleton-exiting] in CoordinatedShutdown phase [cluster-exiting]
08:03:41.327 DEBUG akka.actor.CoordinatedShutdown - Performing task [singleton-exiting-2] in CoordinatedShutdown phase [cluster-exiting]
08:03:41.327 INFO  a.c.s.ClusterSingletonManager - ClusterSingletonManager state change [Oldest -> WasOldest]
08:03:41.327 INFO  a.c.s.ClusterSingletonManager - ClusterSingletonManager state change [Oldest -> WasOldest]
08:03:41.327 DEBUG akka.actor.CoordinatedShutdown - Performing task [singleton-exiting-1] in CoordinatedShutdown phase [cluster-exiting]
08:03:41.327 DEBUG akka.actor.CoordinatedShutdown - Performing task [singleton-exiting-1] in CoordinatedShutdown phase [cluster-exiting]
08:03:41.327 DEBUG akka.actor.CoordinatedShutdown - Performing task [wait-singleton-exiting] in CoordinatedShutdown phase [cluster-exiting]
08:03:41.327 DEBUG akka.actor.CoordinatedShutdown - Performing task [singleton-exiting-1] in CoordinatedShutdown phase [cluster-exiting]
08:03:41.327 DEBUG akka.actor.CoordinatedShutdown - Performing task [wait-singleton-exiting] in CoordinatedShutdown phase [cluster-exiting]
08:03:41.327 DEBUG akka.actor.CoordinatedShutdown - Performing task [wait-singleton-exiting] in CoordinatedShutdown phase [cluster-exiting]
08:03:41.327 DEBUG akka.actor.CoordinatedShutdown - Performing task [singleton-exiting-2] in CoordinatedShutdown phase [cluster-exiting]
08:03:41.327 DEBUG akka.actor.CoordinatedShutdown - Performing task [singleton-exiting-2] in CoordinatedShutdown phase [cluster-exiting]
08:03:41.327 INFO  a.c.s.ClusterSingletonManager - Oldest observed OldestChanged: [akka://akka-runtime@127.0.0.1:62796 -> None]
08:03:41.327 DEBUG akka.actor.CoordinatedShutdown - Performing task [wait-singleton-exiting] in CoordinatedShutdown phase [cluster-exiting]
08:03:41.327 INFO  a.c.s.ClusterSingletonManager - Oldest observed OldestChanged: [akka://akka-runtime@127.0.0.1:62796 -> None]
08:03:41.327 DEBUG akka.actor.CoordinatedShutdown - Performing task [wait-singleton-exiting] in CoordinatedShutdown phase [cluster-exiting]
08:03:41.327 INFO  a.c.s.ClusterSingletonManager - ClusterSingletonManager state change [Oldest -> WasOldest]
08:03:41.327 DEBUG akka.actor.CoordinatedShutdown - Performing task [singleton-exiting-2] in CoordinatedShutdown phase [cluster-exiting]
08:03:41.327 INFO  a.c.s.ClusterSingletonManager - ClusterSingletonManager state change [Oldest -> WasOldest]
08:03:41.327 DEBUG akka.actor.CoordinatedShutdown - Performing task [wait-singleton-exiting] in CoordinatedShutdown phase [cluster-exiting]
08:03:41.327 INFO  a.c.s.ClusterSingletonManager - Exited [akka://akka-runtime@127.0.0.1:62796].
08:03:41.327 DEBUG akka.actor.CoordinatedShutdown - Performing task [singleton-exiting-2] in CoordinatedShutdown phase [cluster-exiting]
08:03:41.327 DEBUG akka.actor.CoordinatedShutdown - Performing task [singleton-exiting-2] in CoordinatedShutdown phase [cluster-exiting]
08:03:41.327 INFO  a.c.s.ClusterSingletonManager - Oldest observed OldestChanged: [akka://akka-runtime@127.0.0.1:62796 -> None]
08:03:41.327 INFO  a.c.s.ClusterSingletonManager - Oldest observed OldestChanged: [akka://akka-runtime@127.0.0.1:62796 -> None]
08:03:41.327 INFO  a.c.s.ClusterSingletonManager - ClusterSingletonManager state change [Oldest -> WasOldest]
08:03:41.327 INFO  a.c.s.ClusterSingletonManager - ClusterSingletonManager state change [Oldest -> WasOldest]
08:03:41.327 INFO  a.c.s.ClusterSingletonManager - Exited [akka://akka-runtime@127.0.0.1:62796].
08:03:41.327 INFO  a.c.s.ClusterSingletonManager - Exited [akka://akka-runtime@127.0.0.1:62796].
08:03:41.327 INFO  a.c.s.ClusterSingletonManager - Exited [akka://akka-runtime@127.0.0.1:62796].
08:03:41.327 INFO  a.c.s.ClusterSingletonManager - Exited [akka://akka-runtime@127.0.0.1:62796].
08:03:41.327 INFO  a.c.s.ClusterSingletonManager - Oldest observed OldestChanged: [akka://akka-runtime@127.0.0.1:62796 -> None]
08:03:41.327 INFO  a.c.s.ClusterSingletonManager - Exited [akka://akka-runtime@127.0.0.1:62796].
08:03:41.327 INFO  a.c.s.ClusterSingletonManager - Oldest observed OldestChanged: [akka://akka-runtime@127.0.0.1:62796 -> None]
08:03:41.327 INFO  a.c.s.ClusterSingletonManager - ClusterSingletonManager state change [Oldest -> WasOldest]
08:03:41.327 INFO  a.c.s.ClusterSingletonManager - Exited [akka://akka-runtime@127.0.0.1:62796].
08:03:41.327 INFO  a.c.s.ClusterSingletonManager - ClusterSingletonManager state change [Oldest -> WasOldest]
08:03:41.327 INFO  a.c.s.ClusterSingletonManager - Oldest observed OldestChanged: [akka://akka-runtime@127.0.0.1:62796 -> None]
08:03:41.327 INFO  a.c.s.ClusterSingletonManager - ClusterSingletonManager state change [Oldest -> WasOldest]
08:03:41.934 DEBUG a.c.singleton.ClusterSingletonProxy - Creating singleton identification timer...
08:03:41.935 DEBUG a.c.singleton.ClusterSingletonProxy - Creating singleton identification timer...
08:03:41.935 DEBUG a.c.singleton.ClusterSingletonProxy - Creating singleton identification timer...
08:03:41.935 DEBUG a.c.singleton.ClusterSingletonProxy - Creating singleton identification timer...
08:03:42.346 INFO  a.c.s.ClusterSingletonManager - Singleton manager stopping singleton actor [akka://akka-runtime/system/singletonManagerShardedDaemonProcessCoordinator-eventSourcedProjection-passivation-race-entity-passivation-race-view/ShardedDaemonProcessCoordinator-eventSourcedProjection-passivation-race-entity-passivation-race-view]
08:03:42.347 INFO  a.c.s.ClusterSingletonManager - Singleton manager stopping singleton actor [akka://akka-runtime/system/singletonManagerschemaSingleton/schemaSingleton]
08:03:42.347 INFO  a.c.s.ClusterSingletonManager - ClusterSingletonManager state change [WasOldest -> Stopping]
08:03:42.347 INFO  a.c.s.ClusterSingletonManager - Singleton manager stopping singleton actor [akka://akka-runtime/system/sharding/sharded-daemon-process-eventSourcedProjection-passivation-race-entity-passivation-race-consumer-aCoordinator/singleton]
08:03:42.347 INFO  a.c.s.ClusterSingletonManager - ClusterSingletonManager state change [WasOldest -> Stopping]
08:03:42.347 INFO  a.c.s.ClusterSingletonManager - ClusterSingletonManager state change [WasOldest -> Stopping]
08:03:42.347 DEBUG a.c.sharding.DDataShardCoordinator - sharded-daemon-process-eventSourcedProjection-passivation-race-entity-passivation-race-consumer-a: Received termination message.
08:03:42.347 INFO  a.c.s.ClusterSingletonManager - Singleton actor [akka://akka-runtime/system/singletonManagerschemaSingleton/schemaSingleton] was terminated
08:03:42.347 INFO  a.c.s.ClusterSingletonManager - Singleton actor [akka://akka-runtime/system/singletonManagerShardedDaemonProcessCoordinator-eventSourcedProjection-passivation-race-entity-passivation-race-view/ShardedDaemonProcessCoordinator-eventSourcedProjection-passivation-race-entity-passivation-race-view] was terminated
08:03:42.347 INFO  a.c.s.ClusterSingletonManager - Singleton manager stopping singleton actor [akka://akka-runtime/system/sharding/passivation-race-entityCoordinator/singleton]
08:03:42.347 INFO  a.c.s.ClusterSingletonManager - Singleton actor [akka://akka-runtime/system/sharding/sharded-daemon-process-eventSourcedProjection-passivation-race-entity-passivation-race-consumer-aCoordinator/singleton] was terminated
08:03:42.347 INFO  a.c.s.ClusterSingletonManager - ClusterSingletonManager state change [WasOldest -> Stopping]
08:03:42.347 INFO  a.c.s.ClusterSingletonManager - Singleton manager stopping singleton actor [akka://akka-runtime/system/singletonManagerShardedDaemonProcessCoordinator-eventSourcedProjection-passivation-race-entity-passivation-race-consumer-a/ShardedDaemonProcessCoordinator-eventSourcedProjection-passivation-race-entity-passivation-race-consumer-a]
08:03:42.347 INFO  a.c.s.ClusterSingletonManager - ClusterSingletonManager state change [WasOldest -> Stopping]
08:03:42.348 DEBUG a.c.sharding.DDataShardCoordinator - passivation-race-entity: Received termination message.
08:03:42.348 INFO  a.c.s.ClusterSingletonManager - Singleton actor [akka://akka-runtime/system/singletonManagerShardedDaemonProcessCoordinator-eventSourcedProjection-passivation-race-entity-passivation-race-consumer-a/ShardedDaemonProcessCoordinator-eventSourcedProjection-passivation-race-entity-passivation-race-consumer-a] was terminated
08:03:42.348 INFO  a.c.s.ClusterSingletonManager - Singleton actor [akka://akka-runtime/system/sharding/passivation-race-entityCoordinator/singleton] was terminated
08:03:42.348 INFO  a.c.s.ClusterSingletonManager - Singleton manager stopping singleton actor [akka://akka-runtime/system/singletonManagerShardedDaemonProcessCoordinator-eventSourcedProjection-passivation-race-entity-passivation-race-consumer-b/ShardedDaemonProcessCoordinator-eventSourcedProjection-passivation-race-entity-passivation-race-consumer-b]
08:03:42.348 INFO  a.c.s.ClusterSingletonManager - ClusterSingletonManager state change [WasOldest -> Stopping]
08:03:42.348 INFO  a.c.s.ClusterSingletonManager - Singleton manager stopping singleton actor [akka://akka-runtime/system/sharding/sharded-daemon-process-eventSourcedProjection-passivation-race-entity-passivation-race-consumer-bCoordinator/singleton]
08:03:42.348 INFO  a.c.s.ClusterSingletonManager - ClusterSingletonManager state change [WasOldest -> Stopping]
08:03:42.348 INFO  a.c.s.ClusterSingletonManager - Singleton actor [akka://akka-runtime/system/singletonManagerShardedDaemonProcessCoordinator-eventSourcedProjection-passivation-race-entity-passivation-race-consumer-b/ShardedDaemonProcessCoordinator-eventSourcedProjection-passivation-race-entity-passivation-race-consumer-b] was terminated
08:03:42.348 DEBUG a.c.sharding.DDataShardCoordinator - sharded-daemon-process-eventSourcedProjection-passivation-race-entity-passivation-race-consumer-b: Received termination message.
08:03:42.348 INFO  a.c.s.ClusterSingletonManager - Singleton manager stopping singleton actor [akka://akka-runtime/system/sharding/_timerCoordinator/singleton]
08:03:42.348 INFO  a.c.s.ClusterSingletonManager - Singleton actor [akka://akka-runtime/system/sharding/sharded-daemon-process-eventSourcedProjection-passivation-race-entity-passivation-race-consumer-bCoordinator/singleton] was terminated
08:03:42.348 INFO  a.c.s.ClusterSingletonManager - Singleton manager stopping singleton actor [akka://akka-runtime/system/sharding/sharded-daemon-process-eventSourcedProjection-passivation-race-entity-passivation-race-viewCoordinator/singleton]
08:03:42.348 INFO  a.c.s.ClusterSingletonManager - ClusterSingletonManager state change [WasOldest -> Stopping]
08:03:42.348 INFO  a.c.s.ClusterSingletonManager - ClusterSingletonManager state change [WasOldest -> Stopping]
08:03:42.348 DEBUG a.c.sharding.DDataShardCoordinator - sharded-daemon-process-eventSourcedProjection-passivation-race-entity-passivation-race-view: Received termination message.
08:03:42.348 DEBUG a.c.sharding.DDataShardCoordinator - _timer: Received termination message.
08:03:42.348 INFO  a.c.s.ClusterSingletonManager - Singleton actor [akka://akka-runtime/system/sharding/sharded-daemon-process-eventSourcedProjection-passivation-race-entity-passivation-race-viewCoordinator/singleton] was terminated
08:03:42.348 INFO  a.c.s.ClusterSingletonManager - Singleton actor [akka://akka-runtime/system/sharding/_timerCoordinator/singleton] was terminated
08:03:42.348 DEBUG akka.actor.CoordinatedShutdown - Performing phase [cluster-exiting-done] with [1] tasks.
08:03:42.349 DEBUG akka.actor.CoordinatedShutdown - Performing task [exiting-completed] in CoordinatedShutdown phase [cluster-exiting-done]
08:03:42.349 DEBUG akka.actor.CoordinatedShutdown - Performing phase [cluster-shutdown] with [1] tasks.
08:03:42.349 DEBUG akka.actor.CoordinatedShutdown - Performing task [wait-shutdown] in CoordinatedShutdown phase [cluster-shutdown]
08:03:42.351 DEBUG akka.actor.CoordinatedShutdown - Performing phase [before-actor-system-terminate] with [2] tasks.
08:03:42.351 DEBUG akka.actor.CoordinatedShutdown - Performing task [close connection pools] in CoordinatedShutdown phase [before-actor-system-terminate]
08:03:42.352 DEBUG akka.actor.CoordinatedShutdown - Performing task [close-grpc-channels] in CoordinatedShutdown phase [before-actor-system-terminate]
08:03:42.353 DEBUG akka.actor.CoordinatedShutdown - Performing phase [actor-system-terminate] with [1] tasks.
08:03:42.353 DEBUG akka.actor.CoordinatedShutdown - Performing task [terminate-system] in CoordinatedShutdown phase [actor-system-terminate]
08:03:42.431 INFO  akka.runtime.AkkaRuntimeMain - Starting Akka Runtime version [1.6.15]
08:03:42.437 INFO  akka.javasdk.impl.ComponentLocator$ - Looking for component descriptors matching pattern [META-INF/akka-javasdk-components_*.conf]
08:03:42.443 INFO  akka.javasdk.testkit.TestKit - Eventing TestKit booting up on port: 62800
08:03:42.445 DEBUG a.c.singleton.ClusterSingletonProxy - Creating singleton identification timer...
08:03:42.445 DEBUG a.c.singleton.ClusterSingletonProxy - Trying to identify singleton at [akka://akka-runtime@127.0.0.1:62801/system/singletonManagerschemaSingleton/schemaSingleton]
08:03:42.445 DEBUG a.c.singleton.ClusterSingletonProxy - Singleton not available, buffering message type [kalix.runtime.SchemaSingleton$ExecDdl]
08:03:42.445 INFO  akka.javasdk.testkit.TestKit - Checking runtime status
08:03:42.445 INFO  a.c.s.ClusterSingletonManager - Singleton manager starting singleton actor [akka://akka-runtime/system/singletonManagerschemaSingleton/schemaSingleton]
08:03:42.445 INFO  a.c.s.ClusterSingletonManager - ClusterSingletonManager state change [Start -> Oldest]
08:03:42.514 DEBUG a.c.singleton.ClusterSingletonProxy - Trying to identify singleton at [akka://akka-runtime@127.0.0.1:62801/system/singletonManagerschemaSingleton/schemaSingleton]
08:03:42.514 INFO  a.c.singleton.ClusterSingletonProxy - Singleton identified at [akka://akka-runtime/system/singletonManagerschemaSingleton/schemaSingleton]
08:03:42.514 DEBUG a.c.singleton.ClusterSingletonProxy - Sending buffered messages to current singleton instance
08:03:42.516 INFO  a.c.s.typed.scaladsl.ClusterSharding - Starting Shard Region [passivation-race-entity]...
08:03:42.516 INFO  akka.cluster.sharding.ShardRegion - passivation-race-entity: Automatic entity passivation: composite strategy with limit of [10000] active entities, admission window (least recently used entities) with proportions [initial = 0.01, min = 0.01, max = 1.0] adapting with hill-climbing optimizer [adjust multiplier = 10.0, initial step = 0.0625, restart threshold = 0.05, step decay = 0.98], admit using frequency sketch [width multiplier = 4, reset multiplier = 10.0, depth = 4, counter bits = 4], main (least recently used entities (segmented with [2] levels with proportions of [0.20, 0.80]))
08:03:42.517 INFO  a.c.s.ClusterSingletonManager - Singleton manager starting singleton actor [akka://akka-runtime/system/sharding/passivation-race-entityCoordinator/singleton]
08:03:42.517 INFO  a.c.s.ClusterSingletonManager - ClusterSingletonManager state change [Start -> Oldest]
08:03:42.517 DEBUG a.c.sharding.DDataShardCoordinator - passivation-race-entity: Initial coordinator is empty.
08:03:42.517 INFO  a.c.sharding.DDataShardCoordinator - passivation-race-entity: ShardCoordinator was moved to the active state with [0] shards
08:03:42.518 DEBUG a.c.singleton.ClusterSingletonProxy - Forwarding message of type [SchemaSingleton$ExecDdl] to current singleton instance at [akka://akka-runtime/system/singletonManagerschemaSingleton/schemaSingleton]
08:03:42.519 INFO  akka.runtime.DiscoveryManager - Service components: EventSourcedEntity: [1], Consumer: [2], View: [1]
08:03:42.519 INFO  a.c.s.typed.scaladsl.ClusterSharding - Starting Shard Region [_timer]...
08:03:42.520 INFO  a.c.s.typed.scaladsl.ClusterSharding - Starting Shard Region [sharded-daemon-process-eventSourcedProjection-passivation-race-entity-passivation-race-consumer-a]...
08:03:42.520 INFO  akka.cluster.sharding.ShardRegion - sharded-daemon-process-eventSourcedProjection-passivation-race-entity-passivation-race-consumer-a: Automatic entity passivation: disabled
08:03:42.520 INFO  a.c.s.ClusterSingletonManager - Singleton manager starting singleton actor [akka://akka-runtime/system/sharding/_timerCoordinator/singleton]
08:03:42.520 INFO  a.c.s.typed.scaladsl.ClusterSharding - Starting Shard Region [sharded-daemon-process-eventSourcedProjection-passivation-race-entity-passivation-race-consumer-b]...
08:03:42.520 INFO  a.c.s.ClusterSingletonManager - ClusterSingletonManager state change [Start -> Oldest]
08:03:42.520 DEBUG a.c.sharding.DDataShardCoordinator - _timer: Starting remember entities store from provider akka.cluster.sharding.internal.DDataRememberEntitiesProvider@3985b6fe
08:03:42.520 DEBUG a.c.singleton.ClusterSingletonProxy - Creating singleton identification timer...
08:03:42.521 DEBUG a.c.singleton.ClusterSingletonProxy - Trying to identify singleton at [akka://akka-runtime@127.0.0.1:62801/system/singletonManagerShardedDaemonProcessCoordinator-eventSourcedProjection-passivation-race-entity-passivation-race-consumer-a/ShardedDaemonProcessCoordinator-eventSourcedProjection-passivation-race-entity-passivation-race-consumer-a]
08:03:42.521 INFO  akka.cluster.sharding.ShardRegion - sharded-daemon-process-eventSourcedProjection-passivation-race-entity-passivation-race-consumer-b: Automatic entity passivation: disabled
08:03:42.521 DEBUG a.c.sharding.DDataShardCoordinator - _timer: Initial coordinator is empty.
08:03:42.521 INFO  a.c.sharding.DDataShardCoordinator - _timer: ShardCoordinator was moved to the active state with [0] shards
08:03:42.521 DEBUG a.c.sharding.DDataShardCoordinator - _timer: Received [0] remembered shard ids (after state initialized)
08:03:42.521 INFO  a.c.s.typed.scaladsl.ClusterSharding - Starting Shard Region [sharded-daemon-process-eventSourcedProjection-passivation-race-entity-passivation-race-view]...
08:03:42.521 INFO  a.c.s.ClusterSingletonManager - Singleton manager starting singleton actor [akka://akka-runtime/system/sharding/sharded-daemon-process-eventSourcedProjection-passivation-race-entity-passivation-race-consumer-aCoordinator/singleton]
08:03:42.521 INFO  a.c.s.ClusterSingletonManager - ClusterSingletonManager state change [Start -> Oldest]
08:03:42.521 INFO  a.c.s.ClusterSingletonManager - Singleton manager starting singleton actor [akka://akka-runtime/system/singletonManagerShardedDaemonProcessCoordinator-eventSourcedProjection-passivation-race-entity-passivation-race-consumer-a/ShardedDaemonProcessCoordinator-eventSourcedProjection-passivation-race-entity-passivation-race-consumer-a]
08:03:42.521 DEBUG a.c.singleton.ClusterSingletonProxy - Creating singleton identification timer...
08:03:42.521 INFO  a.c.s.ClusterSingletonManager - ClusterSingletonManager state change [Start -> Oldest]
08:03:42.521 DEBUG a.c.singleton.ClusterSingletonProxy - Trying to identify singleton at [akka://akka-runtime@127.0.0.1:62801/system/singletonManagerShardedDaemonProcessCoordinator-eventSourcedProjection-passivation-race-entity-passivation-race-consumer-b/ShardedDaemonProcessCoordinator-eventSourcedProjection-passivation-race-entity-passivation-race-consumer-b]
08:03:42.521 DEBUG a.c.sharding.DDataShardCoordinator - sharded-daemon-process-eventSourcedProjection-passivation-race-entity-passivation-race-consumer-a: Initial coordinator is empty.
08:03:42.521 INFO  akka.cluster.sharding.ShardRegion - sharded-daemon-process-eventSourcedProjection-passivation-race-entity-passivation-race-view: Automatic entity passivation: disabled
08:03:42.521 INFO  a.c.sharding.DDataShardCoordinator - sharded-daemon-process-eventSourcedProjection-passivation-race-entity-passivation-race-consumer-a: ShardCoordinator was moved to the active state with [0] shards
08:03:42.521 INFO  a.c.s.ClusterSingletonManager - Singleton manager starting singleton actor [akka://akka-runtime/system/sharding/sharded-daemon-process-eventSourcedProjection-passivation-race-entity-passivation-race-consumer-bCoordinator/singleton]
08:03:42.522 DEBUG a.c.s.t.i.ShardedDaemonProcessCoordinator$ - ShardedDaemonProcessCoordinator for [eventSourcedProjection-passivation-race-entity-passivation-race-consumer-a] starting
08:03:42.522 INFO  a.c.s.ClusterSingletonManager - ClusterSingletonManager state change [Start -> Oldest]
08:03:42.522 DEBUG a.c.sharding.DDataShardCoordinator - sharded-daemon-process-eventSourcedProjection-passivation-race-entity-passivation-race-consumer-b: Initial coordinator is empty.
08:03:42.522 INFO  a.c.sharding.DDataShardCoordinator - sharded-daemon-process-eventSourcedProjection-passivation-race-entity-passivation-race-consumer-b: ShardCoordinator was moved to the active state with [0] shards
08:03:42.522 INFO  a.c.s.ClusterSingletonManager - Singleton manager starting singleton actor [akka://akka-runtime/system/singletonManagerShardedDaemonProcessCoordinator-eventSourcedProjection-passivation-race-entity-passivation-race-consumer-b/ShardedDaemonProcessCoordinator-eventSourcedProjection-passivation-race-entity-passivation-race-consumer-b]
08:03:42.522 DEBUG a.c.s.t.i.ShardedDaemonProcessCoordinator$ - eventSourcedProjection-passivation-race-entity-passivation-race-consumer-a: No previous state stored for Sharded Daemon Process
08:03:42.522 INFO  a.c.s.ClusterSingletonManager - ClusterSingletonManager state change [Start -> Oldest]
08:03:42.522 DEBUG a.c.s.t.i.ShardedDaemonProcessCoordinator$ - Sending periodic keep alive for Sharded Daemon Process [eventSourcedProjection-passivation-race-entity-passivation-race-consumer-a] to [1] processes (revision [0]).
08:03:42.522 DEBUG a.c.singleton.ClusterSingletonProxy - Creating singleton identification timer...
08:03:42.522 DEBUG a.c.s.t.i.ShardedDaemonProcessCoordinator$ - ShardedDaemonProcessCoordinator for [eventSourcedProjection-passivation-race-entity-passivation-race-consumer-b] starting
08:03:42.522 DEBUG a.c.singleton.ClusterSingletonProxy - Trying to identify singleton at [akka://akka-runtime@127.0.0.1:62801/system/singletonManagerShardedDaemonProcessCoordinator-eventSourcedProjection-passivation-race-entity-passivation-race-view/ShardedDaemonProcessCoordinator-eventSourcedProjection-passivation-race-entity-passivation-race-view]
08:03:42.522 INFO  a.c.s.ClusterSingletonManager - Singleton manager starting singleton actor [akka://akka-runtime/system/sharding/sharded-daemon-process-eventSourcedProjection-passivation-race-entity-passivation-race-viewCoordinator/singleton]
08:03:42.522 INFO  a.c.s.ClusterSingletonManager - ClusterSingletonManager state change [Start -> Oldest]
08:03:42.522 DEBUG a.c.s.t.i.ShardedDaemonProcessCoordinator$ - eventSourcedProjection-passivation-race-entity-passivation-race-consumer-b: No previous state stored for Sharded Daemon Process
08:03:42.522 DEBUG a.c.s.t.i.ShardedDaemonProcessCoordinator$ - Sending periodic keep alive for Sharded Daemon Process [eventSourcedProjection-passivation-race-entity-passivation-race-consumer-b] to [1] processes (revision [0]).
08:03:42.522 INFO  a.c.s.ClusterSingletonManager - Singleton manager starting singleton actor [akka://akka-runtime/system/singletonManagerShardedDaemonProcessCoordinator-eventSourcedProjection-passivation-race-entity-passivation-race-view/ShardedDaemonProcessCoordinator-eventSourcedProjection-passivation-race-entity-passivation-race-view]
08:03:42.522 DEBUG a.c.sharding.DDataShardCoordinator - sharded-daemon-process-eventSourcedProjection-passivation-race-entity-passivation-race-view: Initial coordinator is empty.
08:03:42.522 INFO  a.c.sharding.DDataShardCoordinator - sharded-daemon-process-eventSourcedProjection-passivation-race-entity-passivation-race-view: ShardCoordinator was moved to the active state with [0] shards
08:03:42.522 INFO  a.c.s.ClusterSingletonManager - ClusterSingletonManager state change [Start -> Oldest]
08:03:42.522 DEBUG a.c.s.t.i.ShardedDaemonProcessCoordinator$ - ShardedDaemonProcessCoordinator for [eventSourcedProjection-passivation-race-entity-passivation-race-view] starting
08:03:42.522 INFO  akka.runtime.DiscoveryManager - Akka Runtime started at 127.0.0.1:62799
08:03:42.523 INFO  repro.Bootstrap - onStartup burst of 8 starting
08:03:42.523 DEBUG a.c.s.t.i.ShardedDaemonProcessCoordinator$ - eventSourcedProjection-passivation-race-entity-passivation-race-view: No previous state stored for Sharded Daemon Process
08:03:42.523 DEBUG a.c.s.t.i.ShardedDaemonProcessCoordinator$ - Sending periodic keep alive for Sharded Daemon Process [eventSourcedProjection-passivation-race-entity-passivation-race-view] to [1] processes (revision [0]).
08:03:42.567 INFO  akka.javasdk.testkit.TestKit - Runtime started
08:03:42.567 INFO  akka.actor.CoordinatedShutdown - Running CoordinatedShutdown with reason [ActorSystemTerminateReason]
08:03:42.567 DEBUG akka.actor.CoordinatedShutdown - Performing phase [before-service-unbind] with [0] tasks
08:03:42.567 DEBUG akka.actor.CoordinatedShutdown - Performing phase [service-unbind] with [1] tasks.
08:03:42.567 DEBUG akka.actor.CoordinatedShutdown - Performing task [http-unbind-/127.0.0.1:62799] in CoordinatedShutdown phase [service-unbind]
08:03:42.567 DEBUG akka.actor.CoordinatedShutdown - Performing phase [service-requests-done] with [1] tasks.
08:03:42.567 DEBUG akka.actor.CoordinatedShutdown - Performing task [http-terminate-/127.0.0.1:62799] in CoordinatedShutdown phase [service-requests-done]
08:03:42.568 DEBUG akka.actor.CoordinatedShutdown - Performing phase [service-stop] with [1] tasks.
08:03:42.568 DEBUG akka.actor.CoordinatedShutdown - Performing task [stop-grpc-clients] in CoordinatedShutdown phase [service-stop]
08:03:42.568 DEBUG akka.actor.CoordinatedShutdown - Performing phase [before-cluster-shutdown] with [0] tasks
08:03:42.568 DEBUG akka.actor.CoordinatedShutdown - Performing phase [cluster-sharding-shutdown-region] with [5] tasks.
08:03:42.568 DEBUG akka.actor.CoordinatedShutdown - Performing task [region-shutdown] in CoordinatedShutdown phase [cluster-sharding-shutdown-region]
08:03:42.568 DEBUG akka.actor.CoordinatedShutdown - Performing task [region-shutdown] in CoordinatedShutdown phase [cluster-sharding-shutdown-region]
08:03:42.568 DEBUG akka.actor.CoordinatedShutdown - Performing task [region-shutdown] in CoordinatedShutdown phase [cluster-sharding-shutdown-region]
08:03:42.568 DEBUG akka.actor.CoordinatedShutdown - Performing task [region-shutdown] in CoordinatedShutdown phase [cluster-sharding-shutdown-region]
08:03:42.568 DEBUG akka.actor.CoordinatedShutdown - Performing task [region-shutdown] in CoordinatedShutdown phase [cluster-sharding-shutdown-region]
08:03:42.568 DEBUG a.c.sharding.DDataShardCoordinator - sharded-daemon-process-eventSourcedProjection-passivation-race-entity-passivation-race-consumer-b: Unknown region requested graceful shutdown [Actor[akka://akka-runtime/system/sharding/sharded-daemon-process-eventSourcedProjection-passivation-race-entity-passivation-race-consumer-b#-689701237]]
08:03:42.568 DEBUG a.c.sharding.DDataShardCoordinator - passivation-race-entity: Unknown region requested graceful shutdown [Actor[akka://akka-runtime/system/sharding/passivation-race-entity#1451802329]]
08:03:42.568 DEBUG a.c.sharding.DDataShardCoordinator - sharded-daemon-process-eventSourcedProjection-passivation-race-entity-passivation-race-view: Unknown region requested graceful shutdown [Actor[akka://akka-runtime/system/sharding/sharded-daemon-process-eventSourcedProjection-passivation-race-entity-passivation-race-view#-715293727]]
08:03:42.568 DEBUG a.c.sharding.DDataShardCoordinator - _timer: Unknown region requested graceful shutdown [Actor[akka://akka-runtime/system/sharding/_timer#-244112248]]
08:03:42.568 DEBUG a.c.sharding.DDataShardCoordinator - sharded-daemon-process-eventSourcedProjection-passivation-race-entity-passivation-race-consumer-a: Unknown region requested graceful shutdown [Actor[akka://akka-runtime/system/sharding/sharded-daemon-process-eventSourcedProjection-passivation-race-entity-passivation-race-consumer-a#-1853047083]]
08:03:42.584 DEBUG a.c.singleton.ClusterSingletonProxy - Trying to identify singleton at [akka://akka-runtime@127.0.0.1:62801/system/singletonManagerShardedDaemonProcessCoordinator-eventSourcedProjection-passivation-race-entity-passivation-race-consumer-a/ShardedDaemonProcessCoordinator-eventSourcedProjection-passivation-race-entity-passivation-race-consumer-a]
08:03:42.584 DEBUG a.c.singleton.ClusterSingletonProxy - Trying to identify singleton at [akka://akka-runtime@127.0.0.1:62801/system/singletonManagerShardedDaemonProcessCoordinator-eventSourcedProjection-passivation-race-entity-passivation-race-consumer-b/ShardedDaemonProcessCoordinator-eventSourcedProjection-passivation-race-entity-passivation-race-consumer-b]
08:03:42.584 INFO  a.c.singleton.ClusterSingletonProxy - Singleton identified at [akka://akka-runtime/system/singletonManagerShardedDaemonProcessCoordinator-eventSourcedProjection-passivation-race-entity-passivation-race-consumer-a/ShardedDaemonProcessCoordinator-eventSourcedProjection-passivation-race-entity-passivation-race-consumer-a]
08:03:42.584 DEBUG a.c.singleton.ClusterSingletonProxy - Sending buffered messages to current singleton instance
08:03:42.584 DEBUG a.c.singleton.ClusterSingletonProxy - Trying to identify singleton at [akka://akka-runtime@127.0.0.1:62801/system/singletonManagerShardedDaemonProcessCoordinator-eventSourcedProjection-passivation-race-entity-passivation-race-view/ShardedDaemonProcessCoordinator-eventSourcedProjection-passivation-race-entity-passivation-race-view]
08:03:42.584 INFO  a.c.singleton.ClusterSingletonProxy - Singleton identified at [akka://akka-runtime/system/singletonManagerShardedDaemonProcessCoordinator-eventSourcedProjection-passivation-race-entity-passivation-race-consumer-b/ShardedDaemonProcessCoordinator-eventSourcedProjection-passivation-race-entity-passivation-race-consumer-b]
08:03:42.584 INFO  a.c.singleton.ClusterSingletonProxy - Singleton identified at [akka://akka-runtime/system/singletonManagerShardedDaemonProcessCoordinator-eventSourcedProjection-passivation-race-entity-passivation-race-view/ShardedDaemonProcessCoordinator-eventSourcedProjection-passivation-race-entity-passivation-race-view]
08:03:42.584 DEBUG a.c.singleton.ClusterSingletonProxy - Sending buffered messages to current singleton instance
08:03:42.584 DEBUG a.c.singleton.ClusterSingletonProxy - Sending buffered messages to current singleton instance
08:03:42.784 DEBUG a.c.sharding.DDataShardCoordinator - sharded-daemon-process-eventSourcedProjection-passivation-race-entity-passivation-race-consumer-b: ShardRegion registered: [Actor[akka://akka-runtime/system/sharding/sharded-daemon-process-eventSourcedProjection-passivation-race-entity-passivation-race-consumer-b#-689701237]]
08:03:42.784 DEBUG a.c.sharding.DDataShardCoordinator - passivation-race-entity: ShardRegion registered: [Actor[akka://akka-runtime/system/sharding/passivation-race-entity#1451802329]]
08:03:42.784 DEBUG a.c.sharding.DDataShardCoordinator - sharded-daemon-process-eventSourcedProjection-passivation-race-entity-passivation-race-view: ShardRegion registered: [Actor[akka://akka-runtime/system/sharding/sharded-daemon-process-eventSourcedProjection-passivation-race-entity-passivation-race-view#-715293727]]
08:03:42.784 DEBUG a.c.sharding.DDataShardCoordinator - sharded-daemon-process-eventSourcedProjection-passivation-race-entity-passivation-race-consumer-a: ShardRegion registered: [Actor[akka://akka-runtime/system/sharding/sharded-daemon-process-eventSourcedProjection-passivation-race-entity-passivation-race-consumer-a#-1853047083]]
08:03:42.785 DEBUG a.c.sharding.DDataShardCoordinator - sharded-daemon-process-eventSourcedProjection-passivation-race-entity-passivation-race-consumer-a: The coordinator state was successfully updated with ShardRegionRegistered(Actor[akka://akka-runtime/system/sharding/sharded-daemon-process-eventSourcedProjection-passivation-race-entity-passivation-race-consumer-a#-1853047083])
08:03:42.785 DEBUG a.c.sharding.DDataShardCoordinator - passivation-race-entity: The coordinator state was successfully updated with ShardRegionRegistered(Actor[akka://akka-runtime/system/sharding/passivation-race-entity#1451802329])
08:03:42.785 DEBUG a.c.sharding.DDataShardCoordinator - sharded-daemon-process-eventSourcedProjection-passivation-race-entity-passivation-race-view: The coordinator state was successfully updated with ShardRegionRegistered(Actor[akka://akka-runtime/system/sharding/sharded-daemon-process-eventSourcedProjection-passivation-race-entity-passivation-race-view#-715293727])
08:03:42.785 DEBUG a.c.sharding.DDataShardCoordinator - sharded-daemon-process-eventSourcedProjection-passivation-race-entity-passivation-race-consumer-b: The coordinator state was successfully updated with ShardRegionRegistered(Actor[akka://akka-runtime/system/sharding/sharded-daemon-process-eventSourcedProjection-passivation-race-entity-passivation-race-consumer-b#-689701237])
08:03:42.785 DEBUG a.c.sharding.DDataShardCoordinator - sharded-daemon-process-eventSourcedProjection-passivation-race-entity-passivation-race-consumer-a: The coordinator state was successfully updated with ShardHomeAllocated(0,Actor[akka://akka-runtime/system/sharding/sharded-daemon-process-eventSourcedProjection-passivation-race-entity-passivation-race-consumer-a#-1853047083])
08:03:42.785 DEBUG a.c.sharding.DDataShardCoordinator - sharded-daemon-process-eventSourcedProjection-passivation-race-entity-passivation-race-view: The coordinator state was successfully updated with ShardHomeAllocated(0,Actor[akka://akka-runtime/system/sharding/sharded-daemon-process-eventSourcedProjection-passivation-race-entity-passivation-race-view#-715293727])
08:03:42.785 DEBUG a.c.sharding.DDataShardCoordinator - sharded-daemon-process-eventSourcedProjection-passivation-race-entity-passivation-race-consumer-b: The coordinator state was successfully updated with ShardHomeAllocated(0,Actor[akka://akka-runtime/system/sharding/sharded-daemon-process-eventSourcedProjection-passivation-race-entity-passivation-race-consumer-b#-689701237])
08:03:42.785 DEBUG a.c.sharding.DDataShardCoordinator - passivation-race-entity: The coordinator state was successfully updated with ShardHomeAllocated(72,Actor[akka://akka-runtime/system/sharding/passivation-race-entity#1451802329])
08:03:42.786 DEBUG a.c.sharding.DDataShardCoordinator - sharded-daemon-process-eventSourcedProjection-passivation-race-entity-passivation-race-consumer-a: Shard [0] allocated at [Actor[akka://akka-runtime/system/sharding/sharded-daemon-process-eventSourcedProjection-passivation-race-entity-passivation-race-consumer-a#-1853047083]]
08:03:42.786 DEBUG a.c.sharding.DDataShardCoordinator - sharded-daemon-process-eventSourcedProjection-passivation-race-entity-passivation-race-consumer-b: Shard [0] allocated at [Actor[akka://akka-runtime/system/sharding/sharded-daemon-process-eventSourcedProjection-passivation-race-entity-passivation-race-consumer-b#-689701237]]
08:03:42.786 DEBUG a.c.sharding.DDataShardCoordinator - passivation-race-entity: Shard [72] allocated at [Actor[akka://akka-runtime/system/sharding/passivation-race-entity#1451802329]]
08:03:42.786 DEBUG a.c.sharding.DDataShardCoordinator - sharded-daemon-process-eventSourcedProjection-passivation-race-entity-passivation-race-view: Shard [0] allocated at [Actor[akka://akka-runtime/system/sharding/sharded-daemon-process-eventSourcedProjection-passivation-race-entity-passivation-race-view#-715293727]]
08:03:42.786 DEBUG a.c.sharding.DDataShardCoordinator - passivation-race-entity: Graceful shutdown of region [Actor[akka://akka-runtime/system/sharding/passivation-race-entity#1451802329]] with [1] shards
08:03:42.786 DEBUG a.c.sharding.DDataShardCoordinator - sharded-daemon-process-eventSourcedProjection-passivation-race-entity-passivation-race-consumer-a: Graceful shutdown of region [Actor[akka://akka-runtime/system/sharding/sharded-daemon-process-eventSourcedProjection-passivation-race-entity-passivation-race-consumer-a#-1853047083]] with [1] shards
08:03:42.786 DEBUG a.c.sharding.DDataShardCoordinator - sharded-daemon-process-eventSourcedProjection-passivation-race-entity-passivation-race-consumer-b: Graceful shutdown of region [Actor[akka://akka-runtime/system/sharding/sharded-daemon-process-eventSourcedProjection-passivation-race-entity-passivation-race-consumer-b#-689701237]] with [1] shards
08:03:42.786 INFO  a.c.sharding.DDataShardCoordinator - passivation-race-entity: Starting shutting down shards [72] due to region shutting down or explicit stopping of shards.
08:03:42.786 INFO  a.c.sharding.DDataShardCoordinator - sharded-daemon-process-eventSourcedProjection-passivation-race-entity-passivation-race-consumer-b: Starting shutting down shards [0] due to region shutting down or explicit stopping of shards.
08:03:42.786 INFO  a.c.sharding.DDataShardCoordinator - sharded-daemon-process-eventSourcedProjection-passivation-race-entity-passivation-race-consumer-a: Starting shutting down shards [0] due to region shutting down or explicit stopping of shards.
08:03:42.786 DEBUG a.c.s.ShardCoordinator$RebalanceWorker - passivation-race-entity: Shutting down shard [72] from region [Actor[akka://akka-runtime/system/sharding/passivation-race-entity#1451802329]]. Asking [1] region(s) to hand-off shard
08:03:42.786 DEBUG a.c.s.ShardCoordinator$RebalanceWorker - sharded-daemon-process-eventSourcedProjection-passivation-race-entity-passivation-race-consumer-b: Shutting down shard [0] from region [Actor[akka://akka-runtime/system/sharding/sharded-daemon-process-eventSourcedProjection-passivation-race-entity-passivation-race-consumer-b#-689701237]]. Asking [1] region(s) to hand-off shard
08:03:42.786 DEBUG a.c.s.ShardCoordinator$RebalanceWorker - sharded-daemon-process-eventSourcedProjection-passivation-race-entity-passivation-race-consumer-a: Shutting down shard [0] from region [Actor[akka://akka-runtime/system/sharding/sharded-daemon-process-eventSourcedProjection-passivation-race-entity-passivation-race-consumer-a#-1853047083]]. Asking [1] region(s) to hand-off shard
08:03:42.786 DEBUG a.c.s.ShardCoordinator$RebalanceWorker - passivation-race-entity: BeginHandOffAck for shard [72] received from [Actor[akka://akka-runtime/system/sharding/passivation-race-entity#1451802329]].
08:03:42.786 DEBUG a.c.s.ShardCoordinator$RebalanceWorker - passivation-race-entity: All shard regions acked, handing off shard [72].
08:03:42.786 DEBUG a.c.sharding.DDataShardCoordinator - sharded-daemon-process-eventSourcedProjection-passivation-race-entity-passivation-race-view: Graceful shutdown of region [Actor[akka://akka-runtime/system/sharding/sharded-daemon-process-eventSourcedProjection-passivation-race-entity-passivation-race-view#-715293727]] with [1] shards
08:03:42.786 INFO  a.c.sharding.DDataShardCoordinator - sharded-daemon-process-eventSourcedProjection-passivation-race-entity-passivation-race-view: Starting shutting down shards [0] due to region shutting down or explicit stopping of shards.
08:03:42.786 DEBUG akka.cluster.sharding.Shard - sharded-daemon-process-eventSourcedProjection-passivation-race-entity-passivation-race-consumer-a: Shard initialized
08:03:42.787 WARN  akka.cluster.sharding.ShardRegion - passivation-race-entity: Dropping [1] buffered messages to shard [72] during hand off to avoid re-ordering
08:03:42.787 DEBUG a.c.s.ShardCoordinator$RebalanceWorker - sharded-daemon-process-eventSourcedProjection-passivation-race-entity-passivation-race-consumer-a: BeginHandOffAck for shard [0] received from [Actor[akka://akka-runtime/system/sharding/sharded-daemon-process-eventSourcedProjection-passivation-race-entity-passivation-race-consumer-a#-1853047083]].
08:03:42.787 DEBUG a.c.s.ShardCoordinator$RebalanceWorker - sharded-daemon-process-eventSourcedProjection-passivation-race-entity-passivation-race-consumer-a: All shard regions acked, handing off shard [0].
08:03:42.787 DEBUG akka.cluster.sharding.Shard - sharded-daemon-process-eventSourcedProjection-passivation-race-entity-passivation-race-view: Shard initialized
08:03:42.787 DEBUG a.c.s.ShardCoordinator$RebalanceWorker - sharded-daemon-process-eventSourcedProjection-passivation-race-entity-passivation-race-view: Shutting down shard [0] from region [Actor[akka://akka-runtime/system/sharding/sharded-daemon-process-eventSourcedProjection-passivation-race-entity-passivation-race-view#-715293727]]. Asking [1] region(s) to hand-off shard
08:03:42.787 DEBUG akka.cluster.sharding.Shard - sharded-daemon-process-eventSourcedProjection-passivation-race-entity-passivation-race-view: Request to start entity [0] and ack to [Some(Actor[akka://akka-runtime/deadLetters])]
08:03:42.787 DEBUG akka.cluster.sharding.Shard - passivation-race-entity: Shard initialized
08:03:42.787 DEBUG akka.cluster.sharding.Shard - passivation-race-entity: HandOff shard [72]
08:03:42.787 DEBUG akka.cluster.sharding.Shard - sharded-daemon-process-eventSourcedProjection-passivation-race-entity-passivation-race-view: Started entity [Actor[akka://akka-runtime/system/sharding/sharded-daemon-process-eventSourcedProjection-passivation-race-entity-passivation-race-view/0/0#-566291920]] with entity id [0] in shard [0]
08:03:42.787 DEBUG akka.cluster.sharding.Shard - passivation-race-entity: Shard [72] shutting down
08:03:42.787 DEBUG a.c.s.ShardCoordinator$RebalanceWorker - sharded-daemon-process-eventSourcedProjection-passivation-race-entity-passivation-race-view: BeginHandOffAck for shard [0] received from [Actor[akka://akka-runtime/system/sharding/sharded-daemon-process-eventSourcedProjection-passivation-race-entity-passivation-race-view#-715293727]].
08:03:42.787 DEBUG a.c.s.ShardCoordinator$RebalanceWorker - sharded-daemon-process-eventSourcedProjection-passivation-race-entity-passivation-race-view: All shard regions acked, handing off shard [0].
08:03:42.787 DEBUG akka.cluster.sharding.Shard - sharded-daemon-process-eventSourcedProjection-passivation-race-entity-passivation-race-view: HandOff shard [0]
08:03:42.787 DEBUG akka.cluster.sharding.Shard - sharded-daemon-process-eventSourcedProjection-passivation-race-entity-passivation-race-view: Starting HandOffStopper for shard [0] to terminate [1] entities.
08:03:42.787 DEBUG a.c.s.t.i.ShardedDaemonProcessState$ - eventSourcedProjection-passivation-race-entity-passivation-race-view: Deferred start of worker to verify its revision [0] is the latest
08:03:42.787 DEBUG a.c.sharding.DDataShardCoordinator - passivation-race-entity: ShardRegion stopped: [Actor[akka://akka-runtime/system/sharding/passivation-race-entity#1451802329]]
08:03:42.787 DEBUG a.c.sharding.DDataShardCoordinator - passivation-race-entity: ShardRegion terminated (gracefully): [Actor[akka://akka-runtime/system/sharding/passivation-race-entity#1451802329]] {}
08:03:42.787 DEBUG a.c.sharding.DDataShardCoordinator - passivation-race-entity: GetShardHome [72] request from [Actor[akka://local/ignore]] deferred, because rebalance is in progress for this shard. It will be handled when rebalance is done.
08:03:42.787 INFO  a.c.s.t.i.ShardedDaemonProcessState$ - eventSourcedProjection-passivation-race-entity-passivation-race-view: Starting Sharded Daemon Process [0] out of a total [1] (revision [0] and no state found)
08:03:42.787 DEBUG akka.cluster.sharding.Shard - sharded-daemon-process-eventSourcedProjection-passivation-race-entity-passivation-race-consumer-a: Request to start entity [0] and ack to [Some(Actor[akka://akka-runtime/deadLetters])]
08:03:42.787 DEBUG a.c.sharding.DDataShardCoordinator - passivation-race-entity: The coordinator state was successfully updated with ShardRegionTerminated(Actor[akka://akka-runtime/system/sharding/passivation-race-entity#1451802329])
08:03:42.787 DEBUG akka.cluster.sharding.Shard - sharded-daemon-process-eventSourcedProjection-passivation-race-entity-passivation-race-consumer-a: Started entity [Actor[akka://akka-runtime/system/sharding/sharded-daemon-process-eventSourcedProjection-passivation-race-entity-passivation-race-consumer-a/0/0#-634777833]] with entity id [0] in shard [0]
08:03:42.787 DEBUG a.c.sharding.DDataShardCoordinator - passivation-race-entity: Shard [72] deallocation completed successfully.
08:03:42.787 DEBUG akka.cluster.sharding.Shard - sharded-daemon-process-eventSourcedProjection-passivation-race-entity-passivation-race-consumer-a: HandOff shard [0]
08:03:42.788 DEBUG akka.cluster.sharding.Shard - sharded-daemon-process-eventSourcedProjection-passivation-race-entity-passivation-race-consumer-a: Starting HandOffStopper for shard [0] to terminate [1] entities.
08:03:42.788 DEBUG a.c.s.t.i.ShardedDaemonProcessState$ - eventSourcedProjection-passivation-race-entity-passivation-race-consumer-a: Deferred start of worker to verify its revision [0] is the latest
08:03:42.788 DEBUG akka.cluster.sharding.Shard - sharded-daemon-process-eventSourcedProjection-passivation-race-entity-passivation-race-consumer-b: Shard initialized
08:03:42.788 DEBUG a.c.s.ShardCoordinator$RebalanceWorker - sharded-daemon-process-eventSourcedProjection-passivation-race-entity-passivation-race-consumer-b: BeginHandOffAck for shard [0] received from [Actor[akka://akka-runtime/system/sharding/sharded-daemon-process-eventSourcedProjection-passivation-race-entity-passivation-race-consumer-b#-689701237]].
08:03:42.788 DEBUG a.c.s.ShardCoordinator$RebalanceWorker - sharded-daemon-process-eventSourcedProjection-passivation-race-entity-passivation-race-consumer-b: All shard regions acked, handing off shard [0].
08:03:42.788 DEBUG akka.cluster.sharding.Shard - sharded-daemon-process-eventSourcedProjection-passivation-race-entity-passivation-race-consumer-b: Request to start entity [0] and ack to [Some(Actor[akka://akka-runtime/deadLetters])]
08:03:42.788 DEBUG akka.cluster.sharding.Shard - sharded-daemon-process-eventSourcedProjection-passivation-race-entity-passivation-race-consumer-b: Started entity [Actor[akka://akka-runtime/system/sharding/sharded-daemon-process-eventSourcedProjection-passivation-race-entity-passivation-race-consumer-b/0/0#171973512]] with entity id [0] in shard [0]
08:03:42.788 DEBUG akka.cluster.sharding.Shard - sharded-daemon-process-eventSourcedProjection-passivation-race-entity-passivation-race-consumer-b: HandOff shard [0]
08:03:42.788 DEBUG akka.cluster.sharding.Shard - sharded-daemon-process-eventSourcedProjection-passivation-race-entity-passivation-race-consumer-b: Starting HandOffStopper for shard [0] to terminate [1] entities.
08:03:42.788 DEBUG a.c.s.t.i.ShardedDaemonProcessState$ - eventSourcedProjection-passivation-race-entity-passivation-race-consumer-b: Deferred start of worker to verify its revision [0] is the latest
08:03:42.788 INFO  a.c.s.t.i.ShardedDaemonProcessState$ - eventSourcedProjection-passivation-race-entity-passivation-race-consumer-a: Starting Sharded Daemon Process [0] out of a total [1] (revision [0] and no state found)
08:03:42.788 INFO  a.c.s.t.i.ShardedDaemonProcessState$ - eventSourcedProjection-passivation-race-entity-passivation-race-consumer-b: Starting Sharded Daemon Process [0] out of a total [1] (revision [0] and no state found)
08:03:43.555 WARN  a.c.s.ShardRegion$HandOffStopper - sharded-daemon-process-eventSourcedProjection-passivation-race-entity-passivation-race-view: [1] of the entities in shard [0] not stopped after [750 milliseconds]. Maybe the handOffStopMessage [akka.projection.ProjectionBehavior$Stop$] is not handled? Waiting additional [250 milliseconds] before stopping the remaining entities.
08:03:43.555 WARN  a.c.s.ShardRegion$HandOffStopper - sharded-daemon-process-eventSourcedProjection-passivation-race-entity-passivation-race-consumer-b: [1] of the entities in shard [0] not stopped after [750 milliseconds]. Maybe the handOffStopMessage [akka.projection.ProjectionBehavior$Stop$] is not handled? Waiting additional [250 milliseconds] before stopping the remaining entities.
08:03:43.555 WARN  a.c.s.ShardRegion$HandOffStopper - sharded-daemon-process-eventSourcedProjection-passivation-race-entity-passivation-race-consumer-a: [1] of the entities in shard [0] not stopped after [750 milliseconds]. Maybe the handOffStopMessage [akka.projection.ProjectionBehavior$Stop$] is not handled? Waiting additional [250 milliseconds] before stopping the remaining entities.
08:03:43.803 WARN  a.c.s.ShardRegion$HandOffStopper - sharded-daemon-process-eventSourcedProjection-passivation-race-entity-passivation-race-view: HandOffStopMessage [akka.projection.ProjectionBehavior$Stop$] is not handled by some of the entities in shard [0] after [1 second], stopping the remaining [1] entities.
08:03:43.803 WARN  a.c.s.ShardRegion$HandOffStopper - sharded-daemon-process-eventSourcedProjection-passivation-race-entity-passivation-race-consumer-a: HandOffStopMessage [akka.projection.ProjectionBehavior$Stop$] is not handled by some of the entities in shard [0] after [1 second], stopping the remaining [1] entities.
08:03:43.803 WARN  a.c.s.ShardRegion$HandOffStopper - sharded-daemon-process-eventSourcedProjection-passivation-race-entity-passivation-race-consumer-b: HandOffStopMessage [akka.projection.ProjectionBehavior$Stop$] is not handled by some of the entities in shard [0] after [1 second], stopping the remaining [1] entities.
08:03:43.804 DEBUG akka.cluster.sharding.Shard - sharded-daemon-process-eventSourcedProjection-passivation-race-entity-passivation-race-view: Shard [0] shutting down
08:03:43.804 DEBUG akka.cluster.sharding.Shard - sharded-daemon-process-eventSourcedProjection-passivation-race-entity-passivation-race-consumer-b: Shard [0] shutting down
08:03:43.804 DEBUG akka.cluster.sharding.Shard - sharded-daemon-process-eventSourcedProjection-passivation-race-entity-passivation-race-consumer-a: Shard [0] shutting down
08:03:43.804 DEBUG a.c.sharding.DDataShardCoordinator - sharded-daemon-process-eventSourcedProjection-passivation-race-entity-passivation-race-consumer-b: Shard [0] deallocation completed successfully.
08:03:43.804 DEBUG a.c.sharding.DDataShardCoordinator - sharded-daemon-process-eventSourcedProjection-passivation-race-entity-passivation-race-consumer-a: Shard [0] deallocation completed successfully.
08:03:43.804 DEBUG a.c.sharding.DDataShardCoordinator - sharded-daemon-process-eventSourcedProjection-passivation-race-entity-passivation-race-view: Shard [0] deallocation completed successfully.
08:03:43.805 DEBUG a.c.sharding.DDataShardCoordinator - sharded-daemon-process-eventSourcedProjection-passivation-race-entity-passivation-race-consumer-b: The coordinator state was successfully updated with ShardHomeDeallocated(0)
08:03:43.805 DEBUG a.c.sharding.DDataShardCoordinator - sharded-daemon-process-eventSourcedProjection-passivation-race-entity-passivation-race-consumer-b: Shard [0] deallocated after
08:03:43.805 DEBUG a.c.sharding.DDataShardCoordinator - sharded-daemon-process-eventSourcedProjection-passivation-race-entity-passivation-race-consumer-a: The coordinator state was successfully updated with ShardHomeDeallocated(0)
08:03:43.805 DEBUG a.c.sharding.DDataShardCoordinator - sharded-daemon-process-eventSourcedProjection-passivation-race-entity-passivation-race-consumer-a: Shard [0] deallocated after
08:03:43.805 DEBUG a.c.sharding.DDataShardCoordinator - sharded-daemon-process-eventSourcedProjection-passivation-race-entity-passivation-race-consumer-b: ShardRegion terminated (gracefully): [Actor[akka://akka-runtime/system/sharding/sharded-daemon-process-eventSourcedProjection-passivation-race-entity-passivation-race-consumer-b#-689701237]] {}
08:03:43.805 DEBUG a.c.sharding.DDataShardCoordinator - sharded-daemon-process-eventSourcedProjection-passivation-race-entity-passivation-race-consumer-a: ShardRegion terminated (gracefully): [Actor[akka://akka-runtime/system/sharding/sharded-daemon-process-eventSourcedProjection-passivation-race-entity-passivation-race-consumer-a#-1853047083]] {}
08:03:43.805 DEBUG akka.actor.CoordinatedShutdown - Performing phase [cluster-leave] with [1] tasks.
08:03:43.805 DEBUG a.c.sharding.DDataShardCoordinator - sharded-daemon-process-eventSourcedProjection-passivation-race-entity-passivation-race-consumer-b: GetShardHome [0] request from [Actor[akka://local/ignore]] stashed, because waiting for initial state or update of state. It will be handled afterwards.
08:03:43.805 DEBUG akka.actor.CoordinatedShutdown - Performing task [leave] in CoordinatedShutdown phase [cluster-leave]
08:03:43.805 DEBUG a.c.sharding.DDataShardCoordinator - sharded-daemon-process-eventSourcedProjection-passivation-race-entity-passivation-race-consumer-a: GetShardHome [0] request from [Actor[akka://local/ignore]] stashed, because waiting for initial state or update of state. It will be handled afterwards.
08:03:43.805 DEBUG a.c.sharding.DDataShardCoordinator - sharded-daemon-process-eventSourcedProjection-passivation-race-entity-passivation-race-view: The coordinator state was successfully updated with ShardHomeDeallocated(0)
08:03:43.805 DEBUG a.c.sharding.DDataShardCoordinator - sharded-daemon-process-eventSourcedProjection-passivation-race-entity-passivation-race-view: Shard [0] deallocated after
08:03:43.805 DEBUG a.c.sharding.DDataShardCoordinator - sharded-daemon-process-eventSourcedProjection-passivation-race-entity-passivation-race-view: ShardRegion stopped: [Actor[akka://akka-runtime/system/sharding/sharded-daemon-process-eventSourcedProjection-passivation-race-entity-passivation-race-view#-715293727]]
08:03:43.805 DEBUG a.c.sharding.DDataShardCoordinator - sharded-daemon-process-eventSourcedProjection-passivation-race-entity-passivation-race-view: ShardRegion terminated (gracefully): [Actor[akka://akka-runtime/system/sharding/sharded-daemon-process-eventSourcedProjection-passivation-race-entity-passivation-race-view#-715293727]] {}
08:03:43.805 DEBUG a.c.sharding.DDataShardCoordinator - sharded-daemon-process-eventSourcedProjection-passivation-race-entity-passivation-race-view: GetShardHome [0] request from [Actor[akka://local/ignore]] stashed, because waiting for initial state or update of state. It will be handled afterwards.
08:03:43.805 DEBUG a.c.sharding.DDataShardCoordinator - sharded-daemon-process-eventSourcedProjection-passivation-race-entity-passivation-race-consumer-b: The coordinator state was successfully updated with ShardRegionTerminated(Actor[akka://akka-runtime/system/sharding/sharded-daemon-process-eventSourcedProjection-passivation-race-entity-passivation-race-consumer-b#-689701237])
08:03:43.805 DEBUG a.c.sharding.DDataShardCoordinator - sharded-daemon-process-eventSourcedProjection-passivation-race-entity-passivation-race-view: The coordinator state was successfully updated with ShardRegionTerminated(Actor[akka://akka-runtime/system/sharding/sharded-daemon-process-eventSourcedProjection-passivation-race-entity-passivation-race-view#-715293727])
08:03:43.805 DEBUG a.c.sharding.DDataShardCoordinator - sharded-daemon-process-eventSourcedProjection-passivation-race-entity-passivation-race-consumer-b: ShardRegion stopped: [Actor[akka://akka-runtime/system/sharding/sharded-daemon-process-eventSourcedProjection-passivation-race-entity-passivation-race-consumer-b#-689701237]]
08:03:43.805 DEBUG a.c.sharding.DDataShardCoordinator - sharded-daemon-process-eventSourcedProjection-passivation-race-entity-passivation-race-consumer-a: The coordinator state was successfully updated with ShardRegionTerminated(Actor[akka://akka-runtime/system/sharding/sharded-daemon-process-eventSourcedProjection-passivation-race-entity-passivation-race-consumer-a#-1853047083])
08:03:43.805 DEBUG a.c.sharding.DDataShardCoordinator - sharded-daemon-process-eventSourcedProjection-passivation-race-entity-passivation-race-consumer-a: ShardRegion stopped: [Actor[akka://akka-runtime/system/sharding/sharded-daemon-process-eventSourcedProjection-passivation-race-entity-passivation-race-consumer-a#-1853047083]]
08:03:43.806 DEBUG akka.actor.CoordinatedShutdown - Performing phase [cluster-exiting] with [28] tasks.
08:03:43.806 DEBUG akka.actor.CoordinatedShutdown - Performing task [wait-singleton-exiting] in CoordinatedShutdown phase [cluster-exiting]
08:03:43.806 DEBUG akka.actor.CoordinatedShutdown - Performing task [singleton-exiting-2] in CoordinatedShutdown phase [cluster-exiting]
08:03:43.806 DEBUG akka.actor.CoordinatedShutdown - Performing task [wait-singleton-exiting] in CoordinatedShutdown phase [cluster-exiting]
08:03:43.806 DEBUG akka.actor.CoordinatedShutdown - Performing task [singleton-exiting-2] in CoordinatedShutdown phase [cluster-exiting]
08:03:43.806 INFO  a.c.s.ClusterSingletonManager - Exited [akka://akka-runtime@127.0.0.1:62801].
08:03:43.806 DEBUG akka.actor.CoordinatedShutdown - Performing task [singleton-exiting-2] in CoordinatedShutdown phase [cluster-exiting]
08:03:43.806 INFO  a.c.s.ClusterSingletonManager - Exited [akka://akka-runtime@127.0.0.1:62801].
08:03:43.806 DEBUG akka.actor.CoordinatedShutdown - Performing task [singleton-exiting-1] in CoordinatedShutdown phase [cluster-exiting]
08:03:43.806 DEBUG akka.actor.CoordinatedShutdown - Performing task [singleton-exiting-2] in CoordinatedShutdown phase [cluster-exiting]
08:03:43.806 DEBUG akka.actor.CoordinatedShutdown - Performing task [wait-singleton-exiting] in CoordinatedShutdown phase [cluster-exiting]
08:03:43.806 DEBUG akka.actor.CoordinatedShutdown - Performing task [singleton-exiting-1] in CoordinatedShutdown phase [cluster-exiting]
08:03:43.806 DEBUG akka.actor.CoordinatedShutdown - Performing task [singleton-exiting-1] in CoordinatedShutdown phase [cluster-exiting]
08:03:43.806 INFO  a.c.s.ClusterSingletonManager - Exited [akka://akka-runtime@127.0.0.1:62801].
08:03:43.806 DEBUG akka.actor.CoordinatedShutdown - Performing task [wait-singleton-exiting] in CoordinatedShutdown phase [cluster-exiting]
08:03:43.806 DEBUG akka.actor.CoordinatedShutdown - Performing task [singleton-exiting-2] in CoordinatedShutdown phase [cluster-exiting]
08:03:43.806 INFO  a.c.s.ClusterSingletonManager - Oldest observed OldestChanged: [akka://akka-runtime@127.0.0.1:62801 -> None]
08:03:43.806 DEBUG akka.actor.CoordinatedShutdown - Performing task [singleton-exiting-1] in CoordinatedShutdown phase [cluster-exiting]
08:03:43.806 INFO  a.c.s.ClusterSingletonManager - Exited [akka://akka-runtime@127.0.0.1:62801].
08:03:43.806 DEBUG akka.actor.CoordinatedShutdown - Performing task [wait-singleton-exiting] in CoordinatedShutdown phase [cluster-exiting]
08:03:43.806 DEBUG akka.actor.CoordinatedShutdown - Performing task [wait-exiting] in CoordinatedShutdown phase [cluster-exiting]
08:03:43.806 DEBUG akka.actor.CoordinatedShutdown - Performing task [singleton-exiting-1] in CoordinatedShutdown phase [cluster-exiting]
08:03:43.806 DEBUG akka.actor.CoordinatedShutdown - Performing task [wait-singleton-exiting] in CoordinatedShutdown phase [cluster-exiting]
08:03:43.806 DEBUG akka.actor.CoordinatedShutdown - Performing task [singleton-exiting-1] in CoordinatedShutdown phase [cluster-exiting]
08:03:43.806 DEBUG akka.actor.CoordinatedShutdown - Performing task [singleton-exiting-2] in CoordinatedShutdown phase [cluster-exiting]
08:03:43.806 INFO  a.c.s.ClusterSingletonManager - Oldest observed OldestChanged: [akka://akka-runtime@127.0.0.1:62801 -> None]
08:03:43.806 DEBUG akka.actor.CoordinatedShutdown - Performing task [wait-singleton-exiting] in CoordinatedShutdown phase [cluster-exiting]
08:03:43.806 DEBUG akka.actor.CoordinatedShutdown - Performing task [singleton-exiting-2] in CoordinatedShutdown phase [cluster-exiting]
08:03:43.806 DEBUG akka.actor.CoordinatedShutdown - Performing task [wait-singleton-exiting] in CoordinatedShutdown phase [cluster-exiting]
08:03:43.806 DEBUG akka.actor.CoordinatedShutdown - Performing task [singleton-exiting-1] in CoordinatedShutdown phase [cluster-exiting]
08:03:43.806 DEBUG akka.actor.CoordinatedShutdown - Performing task [wait-singleton-exiting] in CoordinatedShutdown phase [cluster-exiting]
08:03:43.806 DEBUG akka.actor.CoordinatedShutdown - Performing task [singleton-exiting-2] in CoordinatedShutdown phase [cluster-exiting]
08:03:43.806 DEBUG akka.actor.CoordinatedShutdown - Performing task [singleton-exiting-1] in CoordinatedShutdown phase [cluster-exiting]
08:03:43.806 INFO  a.c.s.ClusterSingletonManager - Exited [akka://akka-runtime@127.0.0.1:62801].
08:03:43.806 DEBUG akka.actor.CoordinatedShutdown - Performing task [singleton-exiting-1] in CoordinatedShutdown phase [cluster-exiting]
08:03:43.806 DEBUG akka.actor.CoordinatedShutdown - Performing task [singleton-exiting-2] in CoordinatedShutdown phase [cluster-exiting]
08:03:43.806 INFO  a.c.s.ClusterSingletonManager - Oldest observed OldestChanged: [akka://akka-runtime@127.0.0.1:62801 -> None]
08:03:43.806 INFO  a.c.s.ClusterSingletonManager - Exited [akka://akka-runtime@127.0.0.1:62801].
08:03:43.806 INFO  a.c.s.ClusterSingletonManager - Oldest observed OldestChanged: [akka://akka-runtime@127.0.0.1:62801 -> None]
08:03:43.806 INFO  a.c.s.ClusterSingletonManager - Oldest observed OldestChanged: [akka://akka-runtime@127.0.0.1:62801 -> None]
08:03:43.806 INFO  a.c.s.ClusterSingletonManager - Oldest observed OldestChanged: [akka://akka-runtime@127.0.0.1:62801 -> None]
08:03:43.806 INFO  a.c.s.ClusterSingletonManager - Exited [akka://akka-runtime@127.0.0.1:62801].
08:03:43.806 INFO  a.c.s.ClusterSingletonManager - ClusterSingletonManager state change [Oldest -> WasOldest]
08:03:43.806 INFO  a.c.s.ClusterSingletonManager - Oldest observed OldestChanged: [akka://akka-runtime@127.0.0.1:62801 -> None]
08:03:43.806 INFO  a.c.s.ClusterSingletonManager - ClusterSingletonManager state change [Oldest -> WasOldest]
08:03:43.806 INFO  a.c.s.ClusterSingletonManager - ClusterSingletonManager state change [Oldest -> WasOldest]
08:03:43.806 INFO  a.c.s.ClusterSingletonManager - ClusterSingletonManager state change [Oldest -> WasOldest]
08:03:43.806 INFO  a.c.s.ClusterSingletonManager - ClusterSingletonManager state change [Oldest -> WasOldest]
08:03:43.806 INFO  a.c.s.ClusterSingletonManager - Oldest observed OldestChanged: [akka://akka-runtime@127.0.0.1:62801 -> None]
08:03:43.806 INFO  a.c.s.ClusterSingletonManager - ClusterSingletonManager state change [Oldest -> WasOldest]
08:03:43.806 INFO  a.c.s.ClusterSingletonManager - Exited [akka://akka-runtime@127.0.0.1:62801].
08:03:43.810 INFO  a.c.s.ClusterSingletonManager - Oldest observed OldestChanged: [akka://akka-runtime@127.0.0.1:62801 -> None]
08:03:43.810 INFO  a.c.s.ClusterSingletonManager - ClusterSingletonManager state change [Oldest -> WasOldest]
08:03:43.810 INFO  a.c.s.ClusterSingletonManager - ClusterSingletonManager state change [Oldest -> WasOldest]
08:03:43.811 INFO  a.c.s.ClusterSingletonManager - Exited [akka://akka-runtime@127.0.0.1:62801].
08:03:43.811 INFO  a.c.s.ClusterSingletonManager - ClusterSingletonManager state change [Oldest -> WasOldest]
08:03:44.435 DEBUG a.c.singleton.ClusterSingletonProxy - Creating singleton identification timer...
08:03:44.435 DEBUG a.c.singleton.ClusterSingletonProxy - Creating singleton identification timer...
08:03:44.435 DEBUG a.c.singleton.ClusterSingletonProxy - Creating singleton identification timer...
08:03:44.435 DEBUG a.c.singleton.ClusterSingletonProxy - Creating singleton identification timer...
08:03:44.823 INFO  a.c.s.ClusterSingletonManager - Singleton manager stopping singleton actor [akka://akka-runtime/system/singletonManagerShardedDaemonProcessCoordinator-eventSourcedProjection-passivation-race-entity-passivation-race-consumer-a/ShardedDaemonProcessCoordinator-eventSourcedProjection-passivation-race-entity-passivation-race-consumer-a]
08:03:44.823 INFO  a.c.s.ClusterSingletonManager - Singleton manager stopping singleton actor [akka://akka-runtime/system/sharding/sharded-daemon-process-eventSourcedProjection-passivation-race-entity-passivation-race-viewCoordinator/singleton]
08:03:44.823 INFO  a.c.s.ClusterSingletonManager - Singleton manager stopping singleton actor [akka://akka-runtime/system/sharding/sharded-daemon-process-eventSourcedProjection-passivation-race-entity-passivation-race-consumer-bCoordinator/singleton]
08:03:44.823 INFO  a.c.s.ClusterSingletonManager - Singleton manager stopping singleton actor [akka://akka-runtime/system/singletonManagerschemaSingleton/schemaSingleton]
08:03:44.823 INFO  a.c.s.ClusterSingletonManager - Singleton manager stopping singleton actor [akka://akka-runtime/system/singletonManagerShardedDaemonProcessCoordinator-eventSourcedProjection-passivation-race-entity-passivation-race-consumer-b/ShardedDaemonProcessCoordinator-eventSourcedProjection-passivation-race-entity-passivation-race-consumer-b]
08:03:44.823 INFO  a.c.s.ClusterSingletonManager - Singleton manager stopping singleton actor [akka://akka-runtime/system/sharding/_timerCoordinator/singleton]
08:03:44.823 INFO  a.c.s.ClusterSingletonManager - ClusterSingletonManager state change [WasOldest -> Stopping]
08:03:44.823 INFO  a.c.s.ClusterSingletonManager - ClusterSingletonManager state change [WasOldest -> Stopping]
08:03:44.823 INFO  a.c.s.ClusterSingletonManager - ClusterSingletonManager state change [WasOldest -> Stopping]
08:03:44.823 INFO  a.c.s.ClusterSingletonManager - ClusterSingletonManager state change [WasOldest -> Stopping]
08:03:44.823 INFO  a.c.s.ClusterSingletonManager - ClusterSingletonManager state change [WasOldest -> Stopping]
08:03:44.823 INFO  a.c.s.ClusterSingletonManager - ClusterSingletonManager state change [WasOldest -> Stopping]
08:03:44.823 DEBUG a.c.sharding.DDataShardCoordinator - _timer: Received termination message.
08:03:44.824 DEBUG a.c.sharding.DDataShardCoordinator - sharded-daemon-process-eventSourcedProjection-passivation-race-entity-passivation-race-view: Received termination message.
08:03:44.824 DEBUG a.c.sharding.DDataShardCoordinator - sharded-daemon-process-eventSourcedProjection-passivation-race-entity-passivation-race-consumer-b: Received termination message.
08:03:44.824 INFO  a.c.s.ClusterSingletonManager - Singleton actor [akka://akka-runtime/system/singletonManagerschemaSingleton/schemaSingleton] was terminated
08:03:44.824 INFO  a.c.s.ClusterSingletonManager - Singleton actor [akka://akka-runtime/system/singletonManagerShardedDaemonProcessCoordinator-eventSourcedProjection-passivation-race-entity-passivation-race-consumer-b/ShardedDaemonProcessCoordinator-eventSourcedProjection-passivation-race-entity-passivation-race-consumer-b] was terminated
08:03:44.824 INFO  a.c.s.ClusterSingletonManager - Singleton actor [akka://akka-runtime/system/sharding/_timerCoordinator/singleton] was terminated
08:03:44.824 INFO  a.c.s.ClusterSingletonManager - Singleton actor [akka://akka-runtime/system/sharding/sharded-daemon-process-eventSourcedProjection-passivation-race-entity-passivation-race-viewCoordinator/singleton] was terminated
08:03:44.824 INFO  a.c.s.ClusterSingletonManager - Singleton actor [akka://akka-runtime/system/singletonManagerShardedDaemonProcessCoordinator-eventSourcedProjection-passivation-race-entity-passivation-race-consumer-a/ShardedDaemonProcessCoordinator-eventSourcedProjection-passivation-race-entity-passivation-race-consumer-a] was terminated
08:03:44.824 INFO  a.c.s.ClusterSingletonManager - Singleton manager stopping singleton actor [akka://akka-runtime/system/singletonManagerShardedDaemonProcessCoordinator-eventSourcedProjection-passivation-race-entity-passivation-race-view/ShardedDaemonProcessCoordinator-eventSourcedProjection-passivation-race-entity-passivation-race-view]
08:03:44.824 INFO  a.c.s.ClusterSingletonManager - ClusterSingletonManager state change [WasOldest -> Stopping]
08:03:44.824 INFO  a.c.s.ClusterSingletonManager - Singleton actor [akka://akka-runtime/system/sharding/sharded-daemon-process-eventSourcedProjection-passivation-race-entity-passivation-race-consumer-bCoordinator/singleton] was terminated
08:03:44.824 INFO  a.c.s.ClusterSingletonManager - Singleton manager stopping singleton actor [akka://akka-runtime/system/sharding/passivation-race-entityCoordinator/singleton]
08:03:44.824 INFO  a.c.s.ClusterSingletonManager - ClusterSingletonManager state change [WasOldest -> Stopping]
08:03:44.824 INFO  a.c.s.ClusterSingletonManager - Singleton actor [akka://akka-runtime/system/singletonManagerShardedDaemonProcessCoordinator-eventSourcedProjection-passivation-race-entity-passivation-race-view/ShardedDaemonProcessCoordinator-eventSourcedProjection-passivation-race-entity-passivation-race-view] was terminated
08:03:44.824 INFO  a.c.s.ClusterSingletonManager - Singleton manager stopping singleton actor [akka://akka-runtime/system/sharding/sharded-daemon-process-eventSourcedProjection-passivation-race-entity-passivation-race-consumer-aCoordinator/singleton]
08:03:44.824 DEBUG a.c.sharding.DDataShardCoordinator - passivation-race-entity: Received termination message.
08:03:44.824 INFO  a.c.s.ClusterSingletonManager - ClusterSingletonManager state change [WasOldest -> Stopping]
08:03:44.824 DEBUG a.c.sharding.DDataShardCoordinator - sharded-daemon-process-eventSourcedProjection-passivation-race-entity-passivation-race-consumer-a: Received termination message.
08:03:44.824 INFO  a.c.s.ClusterSingletonManager - Singleton actor [akka://akka-runtime/system/sharding/passivation-race-entityCoordinator/singleton] was terminated
08:03:44.824 INFO  a.c.s.ClusterSingletonManager - Singleton actor [akka://akka-runtime/system/sharding/sharded-daemon-process-eventSourcedProjection-passivation-race-entity-passivation-race-consumer-aCoordinator/singleton] was terminated
08:03:44.824 DEBUG akka.actor.CoordinatedShutdown - Performing phase [cluster-exiting-done] with [1] tasks.
08:03:44.824 DEBUG akka.actor.CoordinatedShutdown - Performing task [exiting-completed] in CoordinatedShutdown phase [cluster-exiting-done]
08:03:44.825 DEBUG akka.actor.CoordinatedShutdown - Performing phase [cluster-shutdown] with [1] tasks.
08:03:44.825 DEBUG akka.actor.CoordinatedShutdown - Performing task [wait-shutdown] in CoordinatedShutdown phase [cluster-shutdown]
08:03:44.825 DEBUG akka.actor.CoordinatedShutdown - Performing phase [before-actor-system-terminate] with [2] tasks.
08:03:44.825 DEBUG akka.actor.CoordinatedShutdown - Performing task [close connection pools] in CoordinatedShutdown phase [before-actor-system-terminate]
08:03:44.826 DEBUG akka.actor.CoordinatedShutdown - Performing task [close-grpc-channels] in CoordinatedShutdown phase [before-actor-system-terminate]
08:03:44.826 DEBUG akka.actor.CoordinatedShutdown - Performing phase [actor-system-terminate] with [1] tasks.
08:03:44.826 DEBUG akka.actor.CoordinatedShutdown - Performing task [terminate-system] in CoordinatedShutdown phase [actor-system-terminate]
08:03:44.881 INFO  akka.runtime.AkkaRuntimeMain - Starting Akka Runtime version [1.6.15]
08:03:44.888 INFO  akka.javasdk.impl.ComponentLocator$ - Looking for component descriptors matching pattern [META-INF/akka-javasdk-components_*.conf]
08:03:44.894 INFO  akka.javasdk.testkit.TestKit - Eventing TestKit booting up on port: 62805
08:03:44.896 DEBUG a.c.singleton.ClusterSingletonProxy - Singleton not available, buffering message type [kalix.runtime.SchemaSingleton$ExecDdl]
08:03:44.896 DEBUG a.c.singleton.ClusterSingletonProxy - Creating singleton identification timer...
08:03:44.897 DEBUG a.c.singleton.ClusterSingletonProxy - Trying to identify singleton at [akka://akka-runtime@127.0.0.1:62806/system/singletonManagerschemaSingleton/schemaSingleton]
08:03:44.897 INFO  a.c.s.ClusterSingletonManager - Singleton manager starting singleton actor [akka://akka-runtime/system/singletonManagerschemaSingleton/schemaSingleton]
08:03:44.897 INFO  akka.javasdk.testkit.TestKit - Checking runtime status
08:03:44.897 INFO  a.c.s.ClusterSingletonManager - ClusterSingletonManager state change [Start -> Oldest]
08:03:44.960 DEBUG a.c.singleton.ClusterSingletonProxy - Trying to identify singleton at [akka://akka-runtime@127.0.0.1:62806/system/singletonManagerschemaSingleton/schemaSingleton]
08:03:44.960 INFO  a.c.singleton.ClusterSingletonProxy - Singleton identified at [akka://akka-runtime/system/singletonManagerschemaSingleton/schemaSingleton]
08:03:44.960 DEBUG a.c.singleton.ClusterSingletonProxy - Sending buffered messages to current singleton instance
08:03:44.961 INFO  a.c.s.typed.scaladsl.ClusterSharding - Starting Shard Region [passivation-race-entity]...
08:03:44.962 INFO  akka.cluster.sharding.ShardRegion - passivation-race-entity: Automatic entity passivation: composite strategy with limit of [10000] active entities, admission window (least recently used entities) with proportions [initial = 0.01, min = 0.01, max = 1.0] adapting with hill-climbing optimizer [adjust multiplier = 10.0, initial step = 0.0625, restart threshold = 0.05, step decay = 0.98], admit using frequency sketch [width multiplier = 4, reset multiplier = 10.0, depth = 4, counter bits = 4], main (least recently used entities (segmented with [2] levels with proportions of [0.20, 0.80]))
08:03:44.962 INFO  a.c.s.ClusterSingletonManager - Singleton manager starting singleton actor [akka://akka-runtime/system/sharding/passivation-race-entityCoordinator/singleton]
08:03:44.962 INFO  a.c.s.ClusterSingletonManager - ClusterSingletonManager state change [Start -> Oldest]
08:03:44.962 DEBUG a.c.sharding.DDataShardCoordinator - passivation-race-entity: Initial coordinator is empty.
08:03:44.962 INFO  a.c.sharding.DDataShardCoordinator - passivation-race-entity: ShardCoordinator was moved to the active state with [0] shards
08:03:44.964 DEBUG a.c.singleton.ClusterSingletonProxy - Forwarding message of type [SchemaSingleton$ExecDdl] to current singleton instance at [akka://akka-runtime/system/singletonManagerschemaSingleton/schemaSingleton]
08:03:44.964 INFO  akka.runtime.DiscoveryManager - Service components: EventSourcedEntity: [1], Consumer: [2], View: [1]
08:03:44.965 INFO  a.c.s.typed.scaladsl.ClusterSharding - Starting Shard Region [_timer]...
08:03:44.965 INFO  a.c.s.typed.scaladsl.ClusterSharding - Starting Shard Region [sharded-daemon-process-eventSourcedProjection-passivation-race-entity-passivation-race-consumer-a]...
08:03:44.965 INFO  a.c.s.ClusterSingletonManager - Singleton manager starting singleton actor [akka://akka-runtime/system/sharding/_timerCoordinator/singleton]
08:03:44.966 INFO  a.c.s.ClusterSingletonManager - ClusterSingletonManager state change [Start -> Oldest]
08:03:44.966 INFO  akka.cluster.sharding.ShardRegion - sharded-daemon-process-eventSourcedProjection-passivation-race-entity-passivation-race-consumer-a: Automatic entity passivation: disabled
08:03:44.966 DEBUG a.c.sharding.DDataShardCoordinator - _timer: Starting remember entities store from provider akka.cluster.sharding.internal.DDataRememberEntitiesProvider@18163712
08:03:44.966 DEBUG a.c.sharding.DDataShardCoordinator - _timer: Initial coordinator is empty.
08:03:44.966 INFO  a.c.sharding.DDataShardCoordinator - _timer: ShardCoordinator was moved to the active state with [0] shards
08:03:44.966 DEBUG a.c.sharding.DDataShardCoordinator - _timer: Received [0] remembered shard ids (after state initialized)
08:03:44.966 DEBUG a.c.singleton.ClusterSingletonProxy - Creating singleton identification timer...
08:03:44.966 DEBUG a.c.singleton.ClusterSingletonProxy - Trying to identify singleton at [akka://akka-runtime@127.0.0.1:62806/system/singletonManagerShardedDaemonProcessCoordinator-eventSourcedProjection-passivation-race-entity-passivation-race-consumer-a/ShardedDaemonProcessCoordinator-eventSourcedProjection-passivation-race-entity-passivation-race-consumer-a]
08:03:44.966 INFO  a.c.s.typed.scaladsl.ClusterSharding - Starting Shard Region [sharded-daemon-process-eventSourcedProjection-passivation-race-entity-passivation-race-consumer-b]...
08:03:44.966 INFO  a.c.s.ClusterSingletonManager - Singleton manager starting singleton actor [akka://akka-runtime/system/sharding/sharded-daemon-process-eventSourcedProjection-passivation-race-entity-passivation-race-consumer-aCoordinator/singleton]
08:03:44.966 INFO  a.c.s.ClusterSingletonManager - ClusterSingletonManager state change [Start -> Oldest]
08:03:44.966 INFO  akka.cluster.sharding.ShardRegion - sharded-daemon-process-eventSourcedProjection-passivation-race-entity-passivation-race-consumer-b: Automatic entity passivation: disabled
08:03:44.966 DEBUG a.c.sharding.DDataShardCoordinator - sharded-daemon-process-eventSourcedProjection-passivation-race-entity-passivation-race-consumer-a: Initial coordinator is empty.
08:03:44.966 INFO  a.c.s.ClusterSingletonManager - Singleton manager starting singleton actor [akka://akka-runtime/system/singletonManagerShardedDaemonProcessCoordinator-eventSourcedProjection-passivation-race-entity-passivation-race-consumer-a/ShardedDaemonProcessCoordinator-eventSourcedProjection-passivation-race-entity-passivation-race-consumer-a]
08:03:44.966 INFO  a.c.sharding.DDataShardCoordinator - sharded-daemon-process-eventSourcedProjection-passivation-race-entity-passivation-race-consumer-a: ShardCoordinator was moved to the active state with [0] shards
08:03:44.966 INFO  a.c.s.ClusterSingletonManager - ClusterSingletonManager state change [Start -> Oldest]
08:03:44.966 DEBUG a.c.s.t.i.ShardedDaemonProcessCoordinator$ - ShardedDaemonProcessCoordinator for [eventSourcedProjection-passivation-race-entity-passivation-race-consumer-a] starting
08:03:44.966 INFO  a.c.s.typed.scaladsl.ClusterSharding - Starting Shard Region [sharded-daemon-process-eventSourcedProjection-passivation-race-entity-passivation-race-view]...
08:03:44.966 DEBUG a.c.s.t.i.ShardedDaemonProcessCoordinator$ - eventSourcedProjection-passivation-race-entity-passivation-race-consumer-a: No previous state stored for Sharded Daemon Process
08:03:44.967 INFO  akka.cluster.sharding.ShardRegion - sharded-daemon-process-eventSourcedProjection-passivation-race-entity-passivation-race-view: Automatic entity passivation: disabled
08:03:44.967 DEBUG a.c.s.t.i.ShardedDaemonProcessCoordinator$ - Sending periodic keep alive for Sharded Daemon Process [eventSourcedProjection-passivation-race-entity-passivation-race-consumer-a] to [1] processes (revision [0]).
08:03:44.967 DEBUG a.c.singleton.ClusterSingletonProxy - Creating singleton identification timer...
08:03:44.967 DEBUG a.c.singleton.ClusterSingletonProxy - Trying to identify singleton at [akka://akka-runtime@127.0.0.1:62806/system/singletonManagerShardedDaemonProcessCoordinator-eventSourcedProjection-passivation-race-entity-passivation-race-consumer-b/ShardedDaemonProcessCoordinator-eventSourcedProjection-passivation-race-entity-passivation-race-consumer-b]
08:03:44.967 INFO  a.c.s.ClusterSingletonManager - Singleton manager starting singleton actor [akka://akka-runtime/system/sharding/sharded-daemon-process-eventSourcedProjection-passivation-race-entity-passivation-race-consumer-bCoordinator/singleton]
08:03:44.967 INFO  a.c.s.ClusterSingletonManager - ClusterSingletonManager state change [Start -> Oldest]
08:03:44.967 DEBUG a.c.singleton.ClusterSingletonProxy - Creating singleton identification timer...
08:03:44.967 DEBUG a.c.singleton.ClusterSingletonProxy - Trying to identify singleton at [akka://akka-runtime@127.0.0.1:62806/system/singletonManagerShardedDaemonProcessCoordinator-eventSourcedProjection-passivation-race-entity-passivation-race-view/ShardedDaemonProcessCoordinator-eventSourcedProjection-passivation-race-entity-passivation-race-view]
08:03:44.967 INFO  a.c.s.ClusterSingletonManager - Singleton manager starting singleton actor [akka://akka-runtime/system/singletonManagerShardedDaemonProcessCoordinator-eventSourcedProjection-passivation-race-entity-passivation-race-consumer-b/ShardedDaemonProcessCoordinator-eventSourcedProjection-passivation-race-entity-passivation-race-consumer-b]
08:03:44.967 DEBUG a.c.sharding.DDataShardCoordinator - sharded-daemon-process-eventSourcedProjection-passivation-race-entity-passivation-race-consumer-b: Initial coordinator is empty.
08:03:44.967 INFO  a.c.s.ClusterSingletonManager - ClusterSingletonManager state change [Start -> Oldest]
08:03:44.967 INFO  a.c.sharding.DDataShardCoordinator - sharded-daemon-process-eventSourcedProjection-passivation-race-entity-passivation-race-consumer-b: ShardCoordinator was moved to the active state with [0] shards
08:03:44.967 INFO  a.c.s.ClusterSingletonManager - Singleton manager starting singleton actor [akka://akka-runtime/system/sharding/sharded-daemon-process-eventSourcedProjection-passivation-race-entity-passivation-race-viewCoordinator/singleton]
08:03:44.967 INFO  a.c.s.ClusterSingletonManager - ClusterSingletonManager state change [Start -> Oldest]
08:03:44.967 INFO  a.c.s.ClusterSingletonManager - Singleton manager starting singleton actor [akka://akka-runtime/system/singletonManagerShardedDaemonProcessCoordinator-eventSourcedProjection-passivation-race-entity-passivation-race-view/ShardedDaemonProcessCoordinator-eventSourcedProjection-passivation-race-entity-passivation-race-view]
08:03:44.967 INFO  a.c.s.ClusterSingletonManager - ClusterSingletonManager state change [Start -> Oldest]
08:03:44.967 DEBUG a.c.s.t.i.ShardedDaemonProcessCoordinator$ - ShardedDaemonProcessCoordinator for [eventSourcedProjection-passivation-race-entity-passivation-race-consumer-b] starting
08:03:44.967 DEBUG a.c.sharding.DDataShardCoordinator - sharded-daemon-process-eventSourcedProjection-passivation-race-entity-passivation-race-view: Initial coordinator is empty.
08:03:44.967 INFO  a.c.sharding.DDataShardCoordinator - sharded-daemon-process-eventSourcedProjection-passivation-race-entity-passivation-race-view: ShardCoordinator was moved to the active state with [0] shards
08:03:44.967 DEBUG a.c.s.t.i.ShardedDaemonProcessCoordinator$ - ShardedDaemonProcessCoordinator for [eventSourcedProjection-passivation-race-entity-passivation-race-view] starting
08:03:44.968 DEBUG a.c.s.t.i.ShardedDaemonProcessCoordinator$ - eventSourcedProjection-passivation-race-entity-passivation-race-view: No previous state stored for Sharded Daemon Process
08:03:44.968 DEBUG a.c.s.t.i.ShardedDaemonProcessCoordinator$ - eventSourcedProjection-passivation-race-entity-passivation-race-consumer-b: No previous state stored for Sharded Daemon Process
08:03:44.968 DEBUG a.c.s.t.i.ShardedDaemonProcessCoordinator$ - Sending periodic keep alive for Sharded Daemon Process [eventSourcedProjection-passivation-race-entity-passivation-race-view] to [1] processes (revision [0]).
08:03:44.968 DEBUG a.c.s.t.i.ShardedDaemonProcessCoordinator$ - Sending periodic keep alive for Sharded Daemon Process [eventSourcedProjection-passivation-race-entity-passivation-race-consumer-b] to [1] processes (revision [0]).
08:03:44.968 INFO  akka.runtime.DiscoveryManager - Akka Runtime started at 127.0.0.1:62804
08:03:44.968 INFO  repro.Bootstrap - onStartup burst of 8 starting
08:03:45.022 INFO  akka.javasdk.testkit.TestKit - Runtime started
08:03:45.022 INFO  akka.actor.CoordinatedShutdown - Running CoordinatedShutdown with reason [ActorSystemTerminateReason]
08:03:45.022 DEBUG akka.actor.CoordinatedShutdown - Performing phase [before-service-unbind] with [0] tasks
08:03:45.022 DEBUG akka.actor.CoordinatedShutdown - Performing phase [service-unbind] with [1] tasks.
08:03:45.022 DEBUG akka.actor.CoordinatedShutdown - Performing task [http-unbind-/127.0.0.1:62804] in CoordinatedShutdown phase [service-unbind]
08:03:45.022 DEBUG akka.actor.CoordinatedShutdown - Performing phase [service-requests-done] with [1] tasks.
08:03:45.023 DEBUG akka.actor.CoordinatedShutdown - Performing task [http-terminate-/127.0.0.1:62804] in CoordinatedShutdown phase [service-requests-done]
08:03:45.023 DEBUG akka.actor.CoordinatedShutdown - Performing phase [service-stop] with [1] tasks.
08:03:45.023 DEBUG akka.actor.CoordinatedShutdown - Performing task [stop-grpc-clients] in CoordinatedShutdown phase [service-stop]
08:03:45.023 DEBUG akka.actor.CoordinatedShutdown - Performing phase [before-cluster-shutdown] with [0] tasks
08:03:45.023 DEBUG akka.actor.CoordinatedShutdown - Performing phase [cluster-sharding-shutdown-region] with [5] tasks.
08:03:45.023 DEBUG akka.actor.CoordinatedShutdown - Performing task [region-shutdown] in CoordinatedShutdown phase [cluster-sharding-shutdown-region]
08:03:45.023 DEBUG akka.actor.CoordinatedShutdown - Performing task [region-shutdown] in CoordinatedShutdown phase [cluster-sharding-shutdown-region]
08:03:45.023 DEBUG akka.actor.CoordinatedShutdown - Performing task [region-shutdown] in CoordinatedShutdown phase [cluster-sharding-shutdown-region]
08:03:45.023 DEBUG akka.actor.CoordinatedShutdown - Performing task [region-shutdown] in CoordinatedShutdown phase [cluster-sharding-shutdown-region]
08:03:45.023 DEBUG akka.actor.CoordinatedShutdown - Performing task [region-shutdown] in CoordinatedShutdown phase [cluster-sharding-shutdown-region]
08:03:45.023 DEBUG a.c.sharding.DDataShardCoordinator - sharded-daemon-process-eventSourcedProjection-passivation-race-entity-passivation-race-consumer-b: Unknown region requested graceful shutdown [Actor[akka://akka-runtime/system/sharding/sharded-daemon-process-eventSourcedProjection-passivation-race-entity-passivation-race-consumer-b#-2779552]]
08:03:45.023 DEBUG a.c.sharding.DDataShardCoordinator - passivation-race-entity: Unknown region requested graceful shutdown [Actor[akka://akka-runtime/system/sharding/passivation-race-entity#207290537]]
08:03:45.023 DEBUG a.c.sharding.DDataShardCoordinator - _timer: Unknown region requested graceful shutdown [Actor[akka://akka-runtime/system/sharding/_timer#319799946]]
08:03:45.023 DEBUG a.c.sharding.DDataShardCoordinator - sharded-daemon-process-eventSourcedProjection-passivation-race-entity-passivation-race-view: Unknown region requested graceful shutdown [Actor[akka://akka-runtime/system/sharding/sharded-daemon-process-eventSourcedProjection-passivation-race-entity-passivation-race-view#-1073951869]]
08:03:45.023 DEBUG a.c.sharding.DDataShardCoordinator - sharded-daemon-process-eventSourcedProjection-passivation-race-entity-passivation-race-consumer-a: Unknown region requested graceful shutdown [Actor[akka://akka-runtime/system/sharding/sharded-daemon-process-eventSourcedProjection-passivation-race-entity-passivation-race-consumer-a#1789926631]]
08:03:45.029 DEBUG a.c.singleton.ClusterSingletonProxy - Trying to identify singleton at [akka://akka-runtime@127.0.0.1:62806/system/singletonManagerShardedDaemonProcessCoordinator-eventSourcedProjection-passivation-race-entity-passivation-race-consumer-a/ShardedDaemonProcessCoordinator-eventSourcedProjection-passivation-race-entity-passivation-race-consumer-a]
08:03:45.029 DEBUG a.c.singleton.ClusterSingletonProxy - Trying to identify singleton at [akka://akka-runtime@127.0.0.1:62806/system/singletonManagerShardedDaemonProcessCoordinator-eventSourcedProjection-passivation-race-entity-passivation-race-view/ShardedDaemonProcessCoordinator-eventSourcedProjection-passivation-race-entity-passivation-race-view]
08:03:45.029 DEBUG a.c.singleton.ClusterSingletonProxy - Trying to identify singleton at [akka://akka-runtime@127.0.0.1:62806/system/singletonManagerShardedDaemonProcessCoordinator-eventSourcedProjection-passivation-race-entity-passivation-race-consumer-b/ShardedDaemonProcessCoordinator-eventSourcedProjection-passivation-race-entity-passivation-race-consumer-b]
08:03:45.029 INFO  a.c.singleton.ClusterSingletonProxy - Singleton identified at [akka://akka-runtime/system/singletonManagerShardedDaemonProcessCoordinator-eventSourcedProjection-passivation-race-entity-passivation-race-consumer-a/ShardedDaemonProcessCoordinator-eventSourcedProjection-passivation-race-entity-passivation-race-consumer-a]
08:03:45.029 DEBUG a.c.singleton.ClusterSingletonProxy - Sending buffered messages to current singleton instance
08:03:45.029 INFO  a.c.singleton.ClusterSingletonProxy - Singleton identified at [akka://akka-runtime/system/singletonManagerShardedDaemonProcessCoordinator-eventSourcedProjection-passivation-race-entity-passivation-race-consumer-b/ShardedDaemonProcessCoordinator-eventSourcedProjection-passivation-race-entity-passivation-race-consumer-b]
08:03:45.029 INFO  a.c.singleton.ClusterSingletonProxy - Singleton identified at [akka://akka-runtime/system/singletonManagerShardedDaemonProcessCoordinator-eventSourcedProjection-passivation-race-entity-passivation-race-view/ShardedDaemonProcessCoordinator-eventSourcedProjection-passivation-race-entity-passivation-race-view]
08:03:45.029 DEBUG a.c.singleton.ClusterSingletonProxy - Sending buffered messages to current singleton instance
08:03:45.029 DEBUG a.c.singleton.ClusterSingletonProxy - Sending buffered messages to current singleton instance
08:03:45.230 DEBUG a.c.sharding.DDataShardCoordinator - sharded-daemon-process-eventSourcedProjection-passivation-race-entity-passivation-race-view: ShardRegion registered: [Actor[akka://akka-runtime/system/sharding/sharded-daemon-process-eventSourcedProjection-passivation-race-entity-passivation-race-view#-1073951869]]
08:03:45.230 DEBUG a.c.sharding.DDataShardCoordinator - sharded-daemon-process-eventSourcedProjection-passivation-race-entity-passivation-race-consumer-b: ShardRegion registered: [Actor[akka://akka-runtime/system/sharding/sharded-daemon-process-eventSourcedProjection-passivation-race-entity-passivation-race-consumer-b#-2779552]]
08:03:45.230 DEBUG a.c.sharding.DDataShardCoordinator - passivation-race-entity: ShardRegion registered: [Actor[akka://akka-runtime/system/sharding/passivation-race-entity#207290537]]
08:03:45.230 DEBUG a.c.sharding.DDataShardCoordinator - sharded-daemon-process-eventSourcedProjection-passivation-race-entity-passivation-race-consumer-a: ShardRegion registered: [Actor[akka://akka-runtime/system/sharding/sharded-daemon-process-eventSourcedProjection-passivation-race-entity-passivation-race-consumer-a#1789926631]]
08:03:45.230 DEBUG a.c.sharding.DDataShardCoordinator - passivation-race-entity: The coordinator state was successfully updated with ShardRegionRegistered(Actor[akka://akka-runtime/system/sharding/passivation-race-entity#207290537])
08:03:45.230 DEBUG a.c.sharding.DDataShardCoordinator - sharded-daemon-process-eventSourcedProjection-passivation-race-entity-passivation-race-view: The coordinator state was successfully updated with ShardRegionRegistered(Actor[akka://akka-runtime/system/sharding/sharded-daemon-process-eventSourcedProjection-passivation-race-entity-passivation-race-view#-1073951869])
08:03:45.230 DEBUG a.c.sharding.DDataShardCoordinator - sharded-daemon-process-eventSourcedProjection-passivation-race-entity-passivation-race-consumer-a: The coordinator state was successfully updated with ShardRegionRegistered(Actor[akka://akka-runtime/system/sharding/sharded-daemon-process-eventSourcedProjection-passivation-race-entity-passivation-race-consumer-a#1789926631])
08:03:45.230 DEBUG a.c.sharding.DDataShardCoordinator - sharded-daemon-process-eventSourcedProjection-passivation-race-entity-passivation-race-consumer-b: The coordinator state was successfully updated with ShardRegionRegistered(Actor[akka://akka-runtime/system/sharding/sharded-daemon-process-eventSourcedProjection-passivation-race-entity-passivation-race-consumer-b#-2779552])
08:03:45.231 DEBUG a.c.sharding.DDataShardCoordinator - passivation-race-entity: The coordinator state was successfully updated with ShardHomeAllocated(557,Actor[akka://akka-runtime/system/sharding/passivation-race-entity#207290537])
08:03:45.232 DEBUG a.c.sharding.DDataShardCoordinator - sharded-daemon-process-eventSourcedProjection-passivation-race-entity-passivation-race-consumer-a: The coordinator state was successfully updated with ShardHomeAllocated(0,Actor[akka://akka-runtime/system/sharding/sharded-daemon-process-eventSourcedProjection-passivation-race-entity-passivation-race-consumer-a#1789926631])
08:03:45.232 DEBUG a.c.sharding.DDataShardCoordinator - sharded-daemon-process-eventSourcedProjection-passivation-race-entity-passivation-race-consumer-b: The coordinator state was successfully updated with ShardHomeAllocated(0,Actor[akka://akka-runtime/system/sharding/sharded-daemon-process-eventSourcedProjection-passivation-race-entity-passivation-race-consumer-b#-2779552])
08:03:45.232 DEBUG a.c.sharding.DDataShardCoordinator - sharded-daemon-process-eventSourcedProjection-passivation-race-entity-passivation-race-consumer-a: Shard [0] allocated at [Actor[akka://akka-runtime/system/sharding/sharded-daemon-process-eventSourcedProjection-passivation-race-entity-passivation-race-consumer-a#1789926631]]
08:03:45.232 DEBUG a.c.sharding.DDataShardCoordinator - sharded-daemon-process-eventSourcedProjection-passivation-race-entity-passivation-race-view: The coordinator state was successfully updated with ShardHomeAllocated(0,Actor[akka://akka-runtime/system/sharding/sharded-daemon-process-eventSourcedProjection-passivation-race-entity-passivation-race-view#-1073951869])
08:03:45.232 DEBUG a.c.sharding.DDataShardCoordinator - sharded-daemon-process-eventSourcedProjection-passivation-race-entity-passivation-race-view: Shard [0] allocated at [Actor[akka://akka-runtime/system/sharding/sharded-daemon-process-eventSourcedProjection-passivation-race-entity-passivation-race-view#-1073951869]]
08:03:45.232 DEBUG a.c.sharding.DDataShardCoordinator - sharded-daemon-process-eventSourcedProjection-passivation-race-entity-passivation-race-consumer-a: Graceful shutdown of region [Actor[akka://akka-runtime/system/sharding/sharded-daemon-process-eventSourcedProjection-passivation-race-entity-passivation-race-consumer-a#1789926631]] with [1] shards
08:03:45.232 DEBUG a.c.sharding.DDataShardCoordinator - sharded-daemon-process-eventSourcedProjection-passivation-race-entity-passivation-race-view: Graceful shutdown of region [Actor[akka://akka-runtime/system/sharding/sharded-daemon-process-eventSourcedProjection-passivation-race-entity-passivation-race-view#-1073951869]] with [1] shards
08:03:45.232 INFO  a.c.sharding.DDataShardCoordinator - sharded-daemon-process-eventSourcedProjection-passivation-race-entity-passivation-race-consumer-a: Starting shutting down shards [0] due to region shutting down or explicit stopping of shards.
08:03:45.232 INFO  a.c.sharding.DDataShardCoordinator - sharded-daemon-process-eventSourcedProjection-passivation-race-entity-passivation-race-view: Starting shutting down shards [0] due to region shutting down or explicit stopping of shards.
08:03:45.232 DEBUG akka.cluster.sharding.Shard - sharded-daemon-process-eventSourcedProjection-passivation-race-entity-passivation-race-consumer-a: Shard initialized
08:03:45.232 DEBUG akka.cluster.sharding.Shard - sharded-daemon-process-eventSourcedProjection-passivation-race-entity-passivation-race-view: Shard initialized
08:03:45.232 DEBUG a.c.s.ShardCoordinator$RebalanceWorker - sharded-daemon-process-eventSourcedProjection-passivation-race-entity-passivation-race-consumer-a: Shutting down shard [0] from region [Actor[akka://akka-runtime/system/sharding/sharded-daemon-process-eventSourcedProjection-passivation-race-entity-passivation-race-consumer-a#1789926631]]. Asking [1] region(s) to hand-off shard
08:03:45.232 DEBUG a.c.s.ShardCoordinator$RebalanceWorker - sharded-daemon-process-eventSourcedProjection-passivation-race-entity-passivation-race-view: Shutting down shard [0] from region [Actor[akka://akka-runtime/system/sharding/sharded-daemon-process-eventSourcedProjection-passivation-race-entity-passivation-race-view#-1073951869]]. Asking [1] region(s) to hand-off shard
08:03:45.232 DEBUG akka.cluster.sharding.Shard - sharded-daemon-process-eventSourcedProjection-passivation-race-entity-passivation-race-consumer-a: Request to start entity [0] and ack to [Some(Actor[akka://akka-runtime/deadLetters])]
08:03:45.232 DEBUG akka.cluster.sharding.Shard - sharded-daemon-process-eventSourcedProjection-passivation-race-entity-passivation-race-view: Request to start entity [0] and ack to [Some(Actor[akka://akka-runtime/deadLetters])]
08:03:45.232 DEBUG akka.cluster.sharding.Shard - sharded-daemon-process-eventSourcedProjection-passivation-race-entity-passivation-race-view: Started entity [Actor[akka://akka-runtime/system/sharding/sharded-daemon-process-eventSourcedProjection-passivation-race-entity-passivation-race-view/0/0#1310160276]] with entity id [0] in shard [0]
08:03:45.232 DEBUG akka.cluster.sharding.Shard - sharded-daemon-process-eventSourcedProjection-passivation-race-entity-passivation-race-consumer-a: Started entity [Actor[akka://akka-runtime/system/sharding/sharded-daemon-process-eventSourcedProjection-passivation-race-entity-passivation-race-consumer-a/0/0#-1459689840]] with entity id [0] in shard [0]
08:03:45.232 DEBUG a.c.s.ShardCoordinator$RebalanceWorker - sharded-daemon-process-eventSourcedProjection-passivation-race-entity-passivation-race-consumer-a: BeginHandOffAck for shard [0] received from [Actor[akka://akka-runtime/system/sharding/sharded-daemon-process-eventSourcedProjection-passivation-race-entity-passivation-race-consumer-a#1789926631]].
08:03:45.232 DEBUG a.c.s.ShardCoordinator$RebalanceWorker - sharded-daemon-process-eventSourcedProjection-passivation-race-entity-passivation-race-consumer-a: All shard regions acked, handing off shard [0].
08:03:45.232 DEBUG a.c.sharding.DDataShardCoordinator - passivation-race-entity: Shard [557] allocated at [Actor[akka://akka-runtime/system/sharding/passivation-race-entity#207290537]]
08:03:45.232 DEBUG akka.cluster.sharding.Shard - sharded-daemon-process-eventSourcedProjection-passivation-race-entity-passivation-race-consumer-a: HandOff shard [0]
08:03:45.232 DEBUG akka.cluster.sharding.Shard - sharded-daemon-process-eventSourcedProjection-passivation-race-entity-passivation-race-consumer-a: Starting HandOffStopper for shard [0] to terminate [1] entities.
08:03:45.232 DEBUG a.c.s.ShardCoordinator$RebalanceWorker - sharded-daemon-process-eventSourcedProjection-passivation-race-entity-passivation-race-view: BeginHandOffAck for shard [0] received from [Actor[akka://akka-runtime/system/sharding/sharded-daemon-process-eventSourcedProjection-passivation-race-entity-passivation-race-view#-1073951869]].
08:03:45.232 DEBUG a.c.s.ShardCoordinator$RebalanceWorker - sharded-daemon-process-eventSourcedProjection-passivation-race-entity-passivation-race-view: All shard regions acked, handing off shard [0].
08:03:45.232 DEBUG akka.cluster.sharding.Shard - sharded-daemon-process-eventSourcedProjection-passivation-race-entity-passivation-race-view: HandOff shard [0]
08:03:45.232 DEBUG akka.cluster.sharding.Shard - sharded-daemon-process-eventSourcedProjection-passivation-race-entity-passivation-race-view: Starting HandOffStopper for shard [0] to terminate [1] entities.
08:03:45.232 DEBUG a.c.sharding.DDataShardCoordinator - passivation-race-entity: Graceful shutdown of region [Actor[akka://akka-runtime/system/sharding/passivation-race-entity#207290537]] with [1] shards
08:03:45.232 INFO  a.c.sharding.DDataShardCoordinator - passivation-race-entity: Starting shutting down shards [557] due to region shutting down or explicit stopping of shards.
08:03:45.232 DEBUG a.c.s.ShardCoordinator$RebalanceWorker - passivation-race-entity: Shutting down shard [557] from region [Actor[akka://akka-runtime/system/sharding/passivation-race-entity#207290537]]. Asking [1] region(s) to hand-off shard
08:03:45.232 DEBUG a.c.s.ShardCoordinator$RebalanceWorker - passivation-race-entity: BeginHandOffAck for shard [557] received from [Actor[akka://akka-runtime/system/sharding/passivation-race-entity#207290537]].
08:03:45.232 DEBUG a.c.s.ShardCoordinator$RebalanceWorker - passivation-race-entity: All shard regions acked, handing off shard [557].
08:03:45.232 DEBUG akka.cluster.sharding.Shard - passivation-race-entity: Shard initialized
08:03:45.232 DEBUG a.c.s.t.i.ShardedDaemonProcessState$ - eventSourcedProjection-passivation-race-entity-passivation-race-consumer-a: Deferred start of worker to verify its revision [0] is the latest
08:03:45.232 DEBUG a.c.s.t.i.ShardedDaemonProcessState$ - eventSourcedProjection-passivation-race-entity-passivation-race-view: Deferred start of worker to verify its revision [0] is the latest
08:03:45.232 INFO  a.c.s.t.i.ShardedDaemonProcessState$ - eventSourcedProjection-passivation-race-entity-passivation-race-consumer-a: Starting Sharded Daemon Process [0] out of a total [1] (revision [0] and no state found)
08:03:45.232 INFO  a.c.s.t.i.ShardedDaemonProcessState$ - eventSourcedProjection-passivation-race-entity-passivation-race-view: Starting Sharded Daemon Process [0] out of a total [1] (revision [0] and no state found)
08:03:45.232 DEBUG a.c.sharding.DDataShardCoordinator - sharded-daemon-process-eventSourcedProjection-passivation-race-entity-passivation-race-consumer-b: Shard [0] allocated at [Actor[akka://akka-runtime/system/sharding/sharded-daemon-process-eventSourcedProjection-passivation-race-entity-passivation-race-consumer-b#-2779552]]
08:03:45.233 WARN  akka.cluster.sharding.ShardRegion - passivation-race-entity: Dropping [1] buffered messages to shard [557] during hand off to avoid re-ordering
08:03:45.233 DEBUG akka.cluster.sharding.Shard - passivation-race-entity: HandOff shard [557]
08:03:45.233 DEBUG a.c.sharding.DDataShardCoordinator - sharded-daemon-process-eventSourcedProjection-passivation-race-entity-passivation-race-consumer-b: Graceful shutdown of region [Actor[akka://akka-runtime/system/sharding/sharded-daemon-process-eventSourcedProjection-passivation-race-entity-passivation-race-consumer-b#-2779552]] with [1] shards
08:03:45.233 INFO  a.c.sharding.DDataShardCoordinator - sharded-daemon-process-eventSourcedProjection-passivation-race-entity-passivation-race-consumer-b: Starting shutting down shards [0] due to region shutting down or explicit stopping of shards.
08:03:45.233 DEBUG akka.cluster.sharding.Shard - passivation-race-entity: Shard [557] shutting down
08:03:45.233 DEBUG akka.cluster.sharding.Shard - sharded-daemon-process-eventSourcedProjection-passivation-race-entity-passivation-race-consumer-b: Shard initialized
08:03:45.233 DEBUG a.c.s.ShardCoordinator$RebalanceWorker - sharded-daemon-process-eventSourcedProjection-passivation-race-entity-passivation-race-consumer-b: Shutting down shard [0] from region [Actor[akka://akka-runtime/system/sharding/sharded-daemon-process-eventSourcedProjection-passivation-race-entity-passivation-race-consumer-b#-2779552]]. Asking [1] region(s) to hand-off shard
08:03:45.233 DEBUG a.c.sharding.DDataShardCoordinator - passivation-race-entity: Shard [557] deallocation completed successfully.
08:03:45.233 DEBUG akka.cluster.sharding.Shard - sharded-daemon-process-eventSourcedProjection-passivation-race-entity-passivation-race-consumer-b: Request to start entity [0] and ack to [Some(Actor[akka://akka-runtime/deadLetters])]
08:03:45.233 DEBUG a.c.s.ShardCoordinator$RebalanceWorker - sharded-daemon-process-eventSourcedProjection-passivation-race-entity-passivation-race-consumer-b: BeginHandOffAck for shard [0] received from [Actor[akka://akka-runtime/system/sharding/sharded-daemon-process-eventSourcedProjection-passivation-race-entity-passivation-race-consumer-b#-2779552]].
08:03:45.233 DEBUG a.c.s.ShardCoordinator$RebalanceWorker - sharded-daemon-process-eventSourcedProjection-passivation-race-entity-passivation-race-consumer-b: All shard regions acked, handing off shard [0].
08:03:45.233 DEBUG akka.cluster.sharding.Shard - sharded-daemon-process-eventSourcedProjection-passivation-race-entity-passivation-race-consumer-b: Started entity [Actor[akka://akka-runtime/system/sharding/sharded-daemon-process-eventSourcedProjection-passivation-race-entity-passivation-race-consumer-b/0/0#1072838973]] with entity id [0] in shard [0]
08:03:45.233 DEBUG akka.cluster.sharding.Shard - sharded-daemon-process-eventSourcedProjection-passivation-race-entity-passivation-race-consumer-b: HandOff shard [0]
08:03:45.233 DEBUG akka.cluster.sharding.Shard - sharded-daemon-process-eventSourcedProjection-passivation-race-entity-passivation-race-consumer-b: Starting HandOffStopper for shard [0] to terminate [1] entities.
08:03:45.233 DEBUG a.c.sharding.DDataShardCoordinator - passivation-race-entity: The coordinator state was successfully updated with ShardHomeDeallocated(557)
08:03:45.233 DEBUG a.c.sharding.DDataShardCoordinator - passivation-race-entity: Shard [557] deallocated after
08:03:45.233 DEBUG a.c.s.t.i.ShardedDaemonProcessState$ - eventSourcedProjection-passivation-race-entity-passivation-race-consumer-b: Deferred start of worker to verify its revision [0] is the latest
08:03:45.233 DEBUG a.c.sharding.DDataShardCoordinator - passivation-race-entity: ShardRegion terminated (gracefully): [Actor[akka://akka-runtime/system/sharding/passivation-race-entity#207290537]] {}
08:03:45.233 DEBUG a.c.sharding.DDataShardCoordinator - passivation-race-entity: GetShardHome [557] request from [Actor[akka://local/ignore]] stashed, because waiting for initial state or update of state. It will be handled afterwards.
08:03:45.233 INFO  a.c.s.t.i.ShardedDaemonProcessState$ - eventSourcedProjection-passivation-race-entity-passivation-race-consumer-b: Starting Sharded Daemon Process [0] out of a total [1] (revision [0] and no state found)
08:03:45.233 DEBUG a.c.sharding.DDataShardCoordinator - passivation-race-entity: The coordinator state was successfully updated with ShardRegionTerminated(Actor[akka://akka-runtime/system/sharding/passivation-race-entity#207290537])
08:03:45.233 DEBUG a.c.sharding.DDataShardCoordinator - passivation-race-entity: ShardRegion stopped: [Actor[akka://akka-runtime/system/sharding/passivation-race-entity#207290537]]
08:03:45.999 WARN  a.c.s.ShardRegion$HandOffStopper - sharded-daemon-process-eventSourcedProjection-passivation-race-entity-passivation-race-consumer-b: [1] of the entities in shard [0] not stopped after [750 milliseconds]. Maybe the handOffStopMessage [akka.projection.ProjectionBehavior$Stop$] is not handled? Waiting additional [250 milliseconds] before stopping the remaining entities.
08:03:45.999 WARN  a.c.s.ShardRegion$HandOffStopper - sharded-daemon-process-eventSourcedProjection-passivation-race-entity-passivation-race-view: [1] of the entities in shard [0] not stopped after [750 milliseconds]. Maybe the handOffStopMessage [akka.projection.ProjectionBehavior$Stop$] is not handled? Waiting additional [250 milliseconds] before stopping the remaining entities.
08:03:45.999 WARN  a.c.s.ShardRegion$HandOffStopper - sharded-daemon-process-eventSourcedProjection-passivation-race-entity-passivation-race-consumer-a: [1] of the entities in shard [0] not stopped after [750 milliseconds]. Maybe the handOffStopMessage [akka.projection.ProjectionBehavior$Stop$] is not handled? Waiting additional [250 milliseconds] before stopping the remaining entities.
08:03:46.250 WARN  a.c.s.ShardRegion$HandOffStopper - sharded-daemon-process-eventSourcedProjection-passivation-race-entity-passivation-race-view: HandOffStopMessage [akka.projection.ProjectionBehavior$Stop$] is not handled by some of the entities in shard [0] after [1 second], stopping the remaining [1] entities.
08:03:46.250 WARN  a.c.s.ShardRegion$HandOffStopper - sharded-daemon-process-eventSourcedProjection-passivation-race-entity-passivation-race-consumer-a: HandOffStopMessage [akka.projection.ProjectionBehavior$Stop$] is not handled by some of the entities in shard [0] after [1 second], stopping the remaining [1] entities.
08:03:46.250 WARN  a.c.s.ShardRegion$HandOffStopper - sharded-daemon-process-eventSourcedProjection-passivation-race-entity-passivation-race-consumer-b: HandOffStopMessage [akka.projection.ProjectionBehavior$Stop$] is not handled by some of the entities in shard [0] after [1 second], stopping the remaining [1] entities.
08:03:46.250 DEBUG akka.cluster.sharding.Shard - sharded-daemon-process-eventSourcedProjection-passivation-race-entity-passivation-race-consumer-a: Shard [0] shutting down
08:03:46.250 DEBUG a.c.sharding.DDataShardCoordinator - sharded-daemon-process-eventSourcedProjection-passivation-race-entity-passivation-race-consumer-b: Shard [0] deallocation completed successfully.
08:03:46.250 DEBUG akka.cluster.sharding.Shard - sharded-daemon-process-eventSourcedProjection-passivation-race-entity-passivation-race-consumer-b: Shard [0] shutting down
08:03:46.250 DEBUG a.c.sharding.DDataShardCoordinator - sharded-daemon-process-eventSourcedProjection-passivation-race-entity-passivation-race-consumer-a: Shard [0] deallocation completed successfully.
08:03:46.250 DEBUG akka.cluster.sharding.Shard - sharded-daemon-process-eventSourcedProjection-passivation-race-entity-passivation-race-view: Shard [0] shutting down
08:03:46.250 DEBUG a.c.sharding.DDataShardCoordinator - sharded-daemon-process-eventSourcedProjection-passivation-race-entity-passivation-race-view: Shard [0] deallocation completed successfully.
08:03:46.250 DEBUG akka.actor.CoordinatedShutdown - Performing phase [cluster-leave] with [1] tasks.
08:03:46.250 DEBUG akka.actor.CoordinatedShutdown - Performing task [leave] in CoordinatedShutdown phase [cluster-leave]
08:03:46.250 DEBUG a.c.sharding.DDataShardCoordinator - sharded-daemon-process-eventSourcedProjection-passivation-race-entity-passivation-race-consumer-b: The coordinator state was successfully updated with ShardHomeDeallocated(0)
08:03:46.250 DEBUG a.c.sharding.DDataShardCoordinator - sharded-daemon-process-eventSourcedProjection-passivation-race-entity-passivation-race-consumer-b: Shard [0] deallocated after
08:03:46.250 DEBUG a.c.sharding.DDataShardCoordinator - sharded-daemon-process-eventSourcedProjection-passivation-race-entity-passivation-race-consumer-a: The coordinator state was successfully updated with ShardHomeDeallocated(0)
08:03:46.250 DEBUG a.c.sharding.DDataShardCoordinator - sharded-daemon-process-eventSourcedProjection-passivation-race-entity-passivation-race-consumer-a: Shard [0] deallocated after
08:03:46.250 DEBUG a.c.sharding.DDataShardCoordinator - sharded-daemon-process-eventSourcedProjection-passivation-race-entity-passivation-race-view: The coordinator state was successfully updated with ShardHomeDeallocated(0)
08:03:46.250 DEBUG a.c.sharding.DDataShardCoordinator - sharded-daemon-process-eventSourcedProjection-passivation-race-entity-passivation-race-view: Shard [0] deallocated after
08:03:46.250 DEBUG a.c.sharding.DDataShardCoordinator - sharded-daemon-process-eventSourcedProjection-passivation-race-entity-passivation-race-view: ShardRegion terminated (gracefully): [Actor[akka://akka-runtime/system/sharding/sharded-daemon-process-eventSourcedProjection-passivation-race-entity-passivation-race-view#-1073951869]] {}
08:03:46.250 DEBUG a.c.sharding.DDataShardCoordinator - sharded-daemon-process-eventSourcedProjection-passivation-race-entity-passivation-race-consumer-a: ShardRegion terminated (gracefully): [Actor[akka://akka-runtime/system/sharding/sharded-daemon-process-eventSourcedProjection-passivation-race-entity-passivation-race-consumer-a#1789926631]] {}
08:03:46.251 DEBUG a.c.sharding.DDataShardCoordinator - sharded-daemon-process-eventSourcedProjection-passivation-race-entity-passivation-race-consumer-a: GetShardHome [0] request from [Actor[akka://local/ignore]] stashed, because waiting for initial state or update of state. It will be handled afterwards.
08:03:46.251 DEBUG a.c.sharding.DDataShardCoordinator - sharded-daemon-process-eventSourcedProjection-passivation-race-entity-passivation-race-consumer-a: The coordinator state was successfully updated with ShardRegionTerminated(Actor[akka://akka-runtime/system/sharding/sharded-daemon-process-eventSourcedProjection-passivation-race-entity-passivation-race-consumer-a#1789926631])
08:03:46.251 DEBUG a.c.sharding.DDataShardCoordinator - sharded-daemon-process-eventSourcedProjection-passivation-race-entity-passivation-race-consumer-a: ShardRegion stopped: [Actor[akka://akka-runtime/system/sharding/sharded-daemon-process-eventSourcedProjection-passivation-race-entity-passivation-race-consumer-a#1789926631]]
08:03:46.251 DEBUG a.c.sharding.DDataShardCoordinator - sharded-daemon-process-eventSourcedProjection-passivation-race-entity-passivation-race-consumer-b: ShardRegion terminated (gracefully): [Actor[akka://akka-runtime/system/sharding/sharded-daemon-process-eventSourcedProjection-passivation-race-entity-passivation-race-consumer-b#-2779552]] {}
08:03:46.251 DEBUG a.c.sharding.DDataShardCoordinator - sharded-daemon-process-eventSourcedProjection-passivation-race-entity-passivation-race-consumer-b: GetShardHome [0] request from [Actor[akka://local/ignore]] stashed, because waiting for initial state or update of state. It will be handled afterwards.
08:03:46.251 DEBUG a.c.sharding.DDataShardCoordinator - sharded-daemon-process-eventSourcedProjection-passivation-race-entity-passivation-race-consumer-b: The coordinator state was successfully updated with ShardRegionTerminated(Actor[akka://akka-runtime/system/sharding/sharded-daemon-process-eventSourcedProjection-passivation-race-entity-passivation-race-consumer-b#-2779552])
08:03:46.251 DEBUG a.c.sharding.DDataShardCoordinator - sharded-daemon-process-eventSourcedProjection-passivation-race-entity-passivation-race-consumer-b: ShardRegion stopped: [Actor[akka://akka-runtime/system/sharding/sharded-daemon-process-eventSourcedProjection-passivation-race-entity-passivation-race-consumer-b#-2779552]]
08:03:46.251 DEBUG a.c.sharding.DDataShardCoordinator - sharded-daemon-process-eventSourcedProjection-passivation-race-entity-passivation-race-view: GetShardHome [0] request from [Actor[akka://local/ignore]] stashed, because waiting for initial state or update of state. It will be handled afterwards.
08:03:46.251 DEBUG a.c.sharding.DDataShardCoordinator - sharded-daemon-process-eventSourcedProjection-passivation-race-entity-passivation-race-view: The coordinator state was successfully updated with ShardRegionTerminated(Actor[akka://akka-runtime/system/sharding/sharded-daemon-process-eventSourcedProjection-passivation-race-entity-passivation-race-view#-1073951869])
08:03:46.251 DEBUG a.c.sharding.DDataShardCoordinator - sharded-daemon-process-eventSourcedProjection-passivation-race-entity-passivation-race-view: ShardRegion stopped: [Actor[akka://akka-runtime/system/sharding/sharded-daemon-process-eventSourcedProjection-passivation-race-entity-passivation-race-view#-1073951869]]
08:03:46.251 DEBUG akka.actor.CoordinatedShutdown - Performing phase [cluster-exiting] with [28] tasks.
08:03:46.251 DEBUG akka.actor.CoordinatedShutdown - Performing task [wait-singleton-exiting] in CoordinatedShutdown phase [cluster-exiting]
08:03:46.251 DEBUG akka.actor.CoordinatedShutdown - Performing task [wait-singleton-exiting] in CoordinatedShutdown phase [cluster-exiting]
08:03:46.251 DEBUG akka.actor.CoordinatedShutdown - Performing task [singleton-exiting-2] in CoordinatedShutdown phase [cluster-exiting]
08:03:46.251 DEBUG akka.actor.CoordinatedShutdown - Performing task [wait-singleton-exiting] in CoordinatedShutdown phase [cluster-exiting]
08:03:46.251 DEBUG akka.actor.CoordinatedShutdown - Performing task [wait-singleton-exiting] in CoordinatedShutdown phase [cluster-exiting]
08:03:46.251 DEBUG akka.actor.CoordinatedShutdown - Performing task [singleton-exiting-2] in CoordinatedShutdown phase [cluster-exiting]
08:03:46.251 DEBUG akka.actor.CoordinatedShutdown - Performing task [singleton-exiting-2] in CoordinatedShutdown phase [cluster-exiting]
08:03:46.251 DEBUG akka.actor.CoordinatedShutdown - Performing task [singleton-exiting-1] in CoordinatedShutdown phase [cluster-exiting]
08:03:46.251 INFO  a.c.s.ClusterSingletonManager - Exited [akka://akka-runtime@127.0.0.1:62806].
08:03:46.251 DEBUG akka.actor.CoordinatedShutdown - Performing task [wait-singleton-exiting] in CoordinatedShutdown phase [cluster-exiting]
08:03:46.251 DEBUG akka.actor.CoordinatedShutdown - Performing task [wait-singleton-exiting] in CoordinatedShutdown phase [cluster-exiting]
08:03:46.251 DEBUG akka.actor.CoordinatedShutdown - Performing task [singleton-exiting-2] in CoordinatedShutdown phase [cluster-exiting]
08:03:46.251 DEBUG akka.actor.CoordinatedShutdown - Performing task [wait-exiting] in CoordinatedShutdown phase [cluster-exiting]
08:03:46.251 DEBUG akka.actor.CoordinatedShutdown - Performing task [wait-singleton-exiting] in CoordinatedShutdown phase [cluster-exiting]
08:03:46.251 DEBUG akka.actor.CoordinatedShutdown - Performing task [singleton-exiting-2] in CoordinatedShutdown phase [cluster-exiting]
08:03:46.251 DEBUG akka.actor.CoordinatedShutdown - Performing task [singleton-exiting-2] in CoordinatedShutdown phase [cluster-exiting]
08:03:46.251 INFO  a.c.s.ClusterSingletonManager - Exited [akka://akka-runtime@127.0.0.1:62806].
08:03:46.251 DEBUG akka.actor.CoordinatedShutdown - Performing task [singleton-exiting-1] in CoordinatedShutdown phase [cluster-exiting]
08:03:46.251 DEBUG akka.actor.CoordinatedShutdown - Performing task [singleton-exiting-1] in CoordinatedShutdown phase [cluster-exiting]
08:03:46.251 DEBUG akka.actor.CoordinatedShutdown - Performing task [singleton-exiting-1] in CoordinatedShutdown phase [cluster-exiting]
08:03:46.251 DEBUG akka.actor.CoordinatedShutdown - Performing task [singleton-exiting-2] in CoordinatedShutdown phase [cluster-exiting]
08:03:46.251 INFO  a.c.s.ClusterSingletonManager - Exited [akka://akka-runtime@127.0.0.1:62806].
08:03:46.251 DEBUG akka.actor.CoordinatedShutdown - Performing task [singleton-exiting-1] in CoordinatedShutdown phase [cluster-exiting]
08:03:46.251 DEBUG akka.actor.CoordinatedShutdown - Performing task [wait-singleton-exiting] in CoordinatedShutdown phase [cluster-exiting]
08:03:46.251 INFO  a.c.s.ClusterSingletonManager - Exited [akka://akka-runtime@127.0.0.1:62806].
08:03:46.251 DEBUG akka.actor.CoordinatedShutdown - Performing task [singleton-exiting-1] in CoordinatedShutdown phase [cluster-exiting]
08:03:46.251 DEBUG akka.actor.CoordinatedShutdown - Performing task [singleton-exiting-1] in CoordinatedShutdown phase [cluster-exiting]
08:03:46.251 DEBUG akka.actor.CoordinatedShutdown - Performing task [singleton-exiting-1] in CoordinatedShutdown phase [cluster-exiting]
08:03:46.251 INFO  a.c.s.ClusterSingletonManager - Exited [akka://akka-runtime@127.0.0.1:62806].
08:03:46.251 DEBUG akka.actor.CoordinatedShutdown - Performing task [wait-singleton-exiting] in CoordinatedShutdown phase [cluster-exiting]
08:03:46.251 DEBUG akka.actor.CoordinatedShutdown - Performing task [singleton-exiting-2] in CoordinatedShutdown phase [cluster-exiting]
08:03:46.251 INFO  a.c.s.ClusterSingletonManager - Oldest observed OldestChanged: [akka://akka-runtime@127.0.0.1:62806 -> None]
08:03:46.251 INFO  a.c.s.ClusterSingletonManager - Exited [akka://akka-runtime@127.0.0.1:62806].
08:03:46.251 DEBUG akka.actor.CoordinatedShutdown - Performing task [singleton-exiting-2] in CoordinatedShutdown phase [cluster-exiting]
08:03:46.251 DEBUG akka.actor.CoordinatedShutdown - Performing task [singleton-exiting-1] in CoordinatedShutdown phase [cluster-exiting]
08:03:46.251 INFO  a.c.s.ClusterSingletonManager - Oldest observed OldestChanged: [akka://akka-runtime@127.0.0.1:62806 -> None]
08:03:46.251 INFO  a.c.s.ClusterSingletonManager - ClusterSingletonManager state change [Oldest -> WasOldest]
08:03:46.251 INFO  a.c.s.ClusterSingletonManager - ClusterSingletonManager state change [Oldest -> WasOldest]
08:03:46.251 INFO  a.c.s.ClusterSingletonManager - Exited [akka://akka-runtime@127.0.0.1:62806].
08:03:46.251 INFO  a.c.s.ClusterSingletonManager - Oldest observed OldestChanged: [akka://akka-runtime@127.0.0.1:62806 -> None]
08:03:46.251 INFO  a.c.s.ClusterSingletonManager - Exited [akka://akka-runtime@127.0.0.1:62806].
08:03:46.251 INFO  a.c.s.ClusterSingletonManager - ClusterSingletonManager state change [Oldest -> WasOldest]
08:03:46.251 INFO  a.c.s.ClusterSingletonManager - Oldest observed OldestChanged: [akka://akka-runtime@127.0.0.1:62806 -> None]
08:03:46.251 INFO  a.c.s.ClusterSingletonManager - Oldest observed OldestChanged: [akka://akka-runtime@127.0.0.1:62806 -> None]
08:03:46.251 INFO  a.c.s.ClusterSingletonManager - ClusterSingletonManager state change [Oldest -> WasOldest]
08:03:46.251 INFO  a.c.s.ClusterSingletonManager - ClusterSingletonManager state change [Oldest -> WasOldest]
08:03:46.251 INFO  a.c.s.ClusterSingletonManager - Exited [akka://akka-runtime@127.0.0.1:62806].
08:03:46.251 INFO  a.c.s.ClusterSingletonManager - Oldest observed OldestChanged: [akka://akka-runtime@127.0.0.1:62806 -> None]
08:03:46.251 INFO  a.c.s.ClusterSingletonManager - Oldest observed OldestChanged: [akka://akka-runtime@127.0.0.1:62806 -> None]
08:03:46.251 INFO  a.c.s.ClusterSingletonManager - Oldest observed OldestChanged: [akka://akka-runtime@127.0.0.1:62806 -> None]
08:03:46.251 INFO  a.c.s.ClusterSingletonManager - Oldest observed OldestChanged: [akka://akka-runtime@127.0.0.1:62806 -> None]
08:03:46.251 INFO  a.c.s.ClusterSingletonManager - ClusterSingletonManager state change [Oldest -> WasOldest]
08:03:46.251 INFO  a.c.s.ClusterSingletonManager - ClusterSingletonManager state change [Oldest -> WasOldest]
08:03:46.251 INFO  a.c.s.ClusterSingletonManager - ClusterSingletonManager state change [Oldest -> WasOldest]
08:03:46.251 INFO  a.c.s.ClusterSingletonManager - ClusterSingletonManager state change [Oldest -> WasOldest]
08:03:46.891 DEBUG a.c.singleton.ClusterSingletonProxy - Creating singleton identification timer...
08:03:46.891 DEBUG a.c.singleton.ClusterSingletonProxy - Creating singleton identification timer...
08:03:46.891 DEBUG a.c.singleton.ClusterSingletonProxy - Creating singleton identification timer...
08:03:46.891 DEBUG a.c.singleton.ClusterSingletonProxy - Creating singleton identification timer...
08:03:47.268 INFO  a.c.s.ClusterSingletonManager - Singleton manager stopping singleton actor [akka://akka-runtime/system/singletonManagerShardedDaemonProcessCoordinator-eventSourcedProjection-passivation-race-entity-passivation-race-consumer-a/ShardedDaemonProcessCoordinator-eventSourcedProjection-passivation-race-entity-passivation-race-consumer-a]
08:03:47.268 INFO  a.c.s.ClusterSingletonManager - Singleton manager stopping singleton actor [akka://akka-runtime/system/singletonManagerShardedDaemonProcessCoordinator-eventSourcedProjection-passivation-race-entity-passivation-race-view/ShardedDaemonProcessCoordinator-eventSourcedProjection-passivation-race-entity-passivation-race-view]
08:03:47.268 INFO  a.c.s.ClusterSingletonManager - Singleton manager stopping singleton actor [akka://akka-runtime/system/singletonManagerShardedDaemonProcessCoordinator-eventSourcedProjection-passivation-race-entity-passivation-race-consumer-b/ShardedDaemonProcessCoordinator-eventSourcedProjection-passivation-race-entity-passivation-race-consumer-b]
08:03:47.268 INFO  a.c.s.ClusterSingletonManager - Singleton manager stopping singleton actor [akka://akka-runtime/system/sharding/sharded-daemon-process-eventSourcedProjection-passivation-race-entity-passivation-race-consumer-bCoordinator/singleton]
08:03:47.268 INFO  a.c.s.ClusterSingletonManager - ClusterSingletonManager state change [WasOldest -> Stopping]
08:03:47.268 INFO  a.c.s.ClusterSingletonManager - ClusterSingletonManager state change [WasOldest -> Stopping]
08:03:47.268 INFO  a.c.s.ClusterSingletonManager - Singleton manager stopping singleton actor [akka://akka-runtime/system/sharding/sharded-daemon-process-eventSourcedProjection-passivation-race-entity-passivation-race-viewCoordinator/singleton]
08:03:47.268 INFO  a.c.s.ClusterSingletonManager - ClusterSingletonManager state change [WasOldest -> Stopping]
08:03:47.268 DEBUG a.c.sharding.DDataShardCoordinator - sharded-daemon-process-eventSourcedProjection-passivation-race-entity-passivation-race-consumer-b: Received termination message.
08:03:47.268 DEBUG a.c.sharding.DDataShardCoordinator - sharded-daemon-process-eventSourcedProjection-passivation-race-entity-passivation-race-view: Received termination message.
08:03:47.268 INFO  a.c.s.ClusterSingletonManager - Singleton actor [akka://akka-runtime/system/singletonManagerShardedDaemonProcessCoordinator-eventSourcedProjection-passivation-race-entity-passivation-race-view/ShardedDaemonProcessCoordinator-eventSourcedProjection-passivation-race-entity-passivation-race-view] was terminated
08:03:47.268 INFO  a.c.s.ClusterSingletonManager - Singleton actor [akka://akka-runtime/system/sharding/sharded-daemon-process-eventSourcedProjection-passivation-race-entity-passivation-race-consumer-bCoordinator/singleton] was terminated
08:03:47.268 INFO  a.c.s.ClusterSingletonManager - Singleton manager stopping singleton actor [akka://akka-runtime/system/sharding/passivation-race-entityCoordinator/singleton]
08:03:47.268 INFO  a.c.s.ClusterSingletonManager - ClusterSingletonManager state change [WasOldest -> Stopping]
08:03:47.268 DEBUG a.c.sharding.DDataShardCoordinator - passivation-race-entity: Received termination message.
08:03:47.268 INFO  a.c.s.ClusterSingletonManager - Singleton actor [akka://akka-runtime/system/sharding/sharded-daemon-process-eventSourcedProjection-passivation-race-entity-passivation-race-viewCoordinator/singleton] was terminated
08:03:47.268 INFO  a.c.s.ClusterSingletonManager - Singleton actor [akka://akka-runtime/system/sharding/passivation-race-entityCoordinator/singleton] was terminated
08:03:47.268 INFO  a.c.s.ClusterSingletonManager - Singleton manager stopping singleton actor [akka://akka-runtime/system/sharding/_timerCoordinator/singleton]
08:03:47.268 INFO  a.c.s.ClusterSingletonManager - ClusterSingletonManager state change [WasOldest -> Stopping]
08:03:47.269 INFO  a.c.s.ClusterSingletonManager - Singleton manager stopping singleton actor [akka://akka-runtime/system/sharding/sharded-daemon-process-eventSourcedProjection-passivation-race-entity-passivation-race-consumer-aCoordinator/singleton]
08:03:47.269 INFO  a.c.s.ClusterSingletonManager - ClusterSingletonManager state change [WasOldest -> Stopping]
08:03:47.269 DEBUG a.c.sharding.DDataShardCoordinator - _timer: Received termination message.
08:03:47.269 DEBUG a.c.sharding.DDataShardCoordinator - sharded-daemon-process-eventSourcedProjection-passivation-race-entity-passivation-race-consumer-a: Received termination message.
08:03:47.269 INFO  a.c.s.ClusterSingletonManager - Singleton actor [akka://akka-runtime/system/sharding/sharded-daemon-process-eventSourcedProjection-passivation-race-entity-passivation-race-consumer-aCoordinator/singleton] was terminated
08:03:47.269 INFO  a.c.s.ClusterSingletonManager - ClusterSingletonManager state change [WasOldest -> Stopping]
08:03:47.269 INFO  a.c.s.ClusterSingletonManager - Singleton actor [akka://akka-runtime/system/sharding/_timerCoordinator/singleton] was terminated
08:03:47.269 INFO  a.c.s.ClusterSingletonManager - Singleton actor [akka://akka-runtime/system/singletonManagerShardedDaemonProcessCoordinator-eventSourcedProjection-passivation-race-entity-passivation-race-consumer-a/ShardedDaemonProcessCoordinator-eventSourcedProjection-passivation-race-entity-passivation-race-consumer-a] was terminated
08:03:47.269 INFO  a.c.s.ClusterSingletonManager - Singleton manager stopping singleton actor [akka://akka-runtime/system/singletonManagerschemaSingleton/schemaSingleton]
08:03:47.269 INFO  a.c.s.ClusterSingletonManager - ClusterSingletonManager state change [WasOldest -> Stopping]
08:03:47.269 INFO  a.c.s.ClusterSingletonManager - Singleton actor [akka://akka-runtime/system/singletonManagerschemaSingleton/schemaSingleton] was terminated
08:03:47.269 INFO  a.c.s.ClusterSingletonManager - ClusterSingletonManager state change [WasOldest -> Stopping]
08:03:47.269 INFO  a.c.s.ClusterSingletonManager - Singleton actor [akka://akka-runtime/system/singletonManagerShardedDaemonProcessCoordinator-eventSourcedProjection-passivation-race-entity-passivation-race-consumer-b/ShardedDaemonProcessCoordinator-eventSourcedProjection-passivation-race-entity-passivation-race-consumer-b] was terminated
08:03:47.269 DEBUG akka.actor.CoordinatedShutdown - Performing phase [cluster-exiting-done] with [1] tasks.
08:03:47.269 DEBUG akka.actor.CoordinatedShutdown - Performing task [exiting-completed] in CoordinatedShutdown phase [cluster-exiting-done]
08:03:47.269 DEBUG akka.actor.CoordinatedShutdown - Performing phase [cluster-shutdown] with [1] tasks.
08:03:47.269 DEBUG akka.actor.CoordinatedShutdown - Performing task [wait-shutdown] in CoordinatedShutdown phase [cluster-shutdown]
08:03:47.270 DEBUG akka.actor.CoordinatedShutdown - Performing phase [before-actor-system-terminate] with [2] tasks.
08:03:47.270 DEBUG akka.actor.CoordinatedShutdown - Performing task [close connection pools] in CoordinatedShutdown phase [before-actor-system-terminate]
08:03:47.270 DEBUG akka.actor.CoordinatedShutdown - Performing task [close-grpc-channels] in CoordinatedShutdown phase [before-actor-system-terminate]
08:03:47.271 DEBUG akka.actor.CoordinatedShutdown - Performing phase [actor-system-terminate] with [1] tasks.
08:03:47.271 DEBUG akka.actor.CoordinatedShutdown - Performing task [terminate-system] in CoordinatedShutdown phase [actor-system-terminate]
08:03:47.322 INFO  akka.runtime.AkkaRuntimeMain - Starting Akka Runtime version [1.6.15]
08:03:47.327 INFO  akka.javasdk.impl.ComponentLocator$ - Looking for component descriptors matching pattern [META-INF/akka-javasdk-components_*.conf]
08:03:47.332 INFO  akka.javasdk.testkit.TestKit - Eventing TestKit booting up on port: 62810
08:03:47.334 DEBUG a.c.singleton.ClusterSingletonProxy - Creating singleton identification timer...
08:03:47.334 DEBUG a.c.singleton.ClusterSingletonProxy - Trying to identify singleton at [akka://akka-runtime@127.0.0.1:62811/system/singletonManagerschemaSingleton/schemaSingleton]
08:03:47.334 DEBUG a.c.singleton.ClusterSingletonProxy - Singleton not available, buffering message type [kalix.runtime.SchemaSingleton$ExecDdl]
08:03:47.335 INFO  akka.javasdk.testkit.TestKit - Checking runtime status
08:03:47.335 INFO  a.c.s.ClusterSingletonManager - Singleton manager starting singleton actor [akka://akka-runtime/system/singletonManagerschemaSingleton/schemaSingleton]
08:03:47.335 INFO  a.c.s.ClusterSingletonManager - ClusterSingletonManager state change [Start -> Oldest]
08:03:47.395 DEBUG a.c.singleton.ClusterSingletonProxy - Trying to identify singleton at [akka://akka-runtime@127.0.0.1:62811/system/singletonManagerschemaSingleton/schemaSingleton]
08:03:47.395 INFO  a.c.singleton.ClusterSingletonProxy - Singleton identified at [akka://akka-runtime/system/singletonManagerschemaSingleton/schemaSingleton]
08:03:47.395 DEBUG a.c.singleton.ClusterSingletonProxy - Sending buffered messages to current singleton instance
08:03:47.396 INFO  a.c.s.typed.scaladsl.ClusterSharding - Starting Shard Region [passivation-race-entity]...
08:03:47.397 INFO  akka.cluster.sharding.ShardRegion - passivation-race-entity: Automatic entity passivation: composite strategy with limit of [10000] active entities, admission window (least recently used entities) with proportions [initial = 0.01, min = 0.01, max = 1.0] adapting with hill-climbing optimizer [adjust multiplier = 10.0, initial step = 0.0625, restart threshold = 0.05, step decay = 0.98], admit using frequency sketch [width multiplier = 4, reset multiplier = 10.0, depth = 4, counter bits = 4], main (least recently used entities (segmented with [2] levels with proportions of [0.20, 0.80]))
08:03:47.398 INFO  a.c.s.ClusterSingletonManager - Singleton manager starting singleton actor [akka://akka-runtime/system/sharding/passivation-race-entityCoordinator/singleton]
08:03:47.398 INFO  a.c.s.ClusterSingletonManager - ClusterSingletonManager state change [Start -> Oldest]
08:03:47.399 DEBUG a.c.sharding.DDataShardCoordinator - passivation-race-entity: Initial coordinator is empty.
08:03:47.399 INFO  a.c.sharding.DDataShardCoordinator - passivation-race-entity: ShardCoordinator was moved to the active state with [0] shards
08:03:47.399 DEBUG a.c.singleton.ClusterSingletonProxy - Forwarding message of type [SchemaSingleton$ExecDdl] to current singleton instance at [akka://akka-runtime/system/singletonManagerschemaSingleton/schemaSingleton]
08:03:47.400 INFO  akka.runtime.DiscoveryManager - Service components: EventSourcedEntity: [1], Consumer: [2], View: [1]
08:03:47.401 INFO  a.c.s.typed.scaladsl.ClusterSharding - Starting Shard Region [_timer]...
08:03:47.402 INFO  a.c.s.typed.scaladsl.ClusterSharding - Starting Shard Region [sharded-daemon-process-eventSourcedProjection-passivation-race-entity-passivation-race-consumer-a]...
08:03:47.402 INFO  akka.cluster.sharding.ShardRegion - sharded-daemon-process-eventSourcedProjection-passivation-race-entity-passivation-race-consumer-a: Automatic entity passivation: disabled
08:03:47.402 INFO  a.c.s.ClusterSingletonManager - Singleton manager starting singleton actor [akka://akka-runtime/system/sharding/_timerCoordinator/singleton]
08:03:47.402 INFO  a.c.s.ClusterSingletonManager - ClusterSingletonManager state change [Start -> Oldest]
08:03:47.402 DEBUG a.c.sharding.DDataShardCoordinator - _timer: Starting remember entities store from provider akka.cluster.sharding.internal.DDataRememberEntitiesProvider@760fdb16
08:03:47.402 INFO  a.c.s.typed.scaladsl.ClusterSharding - Starting Shard Region [sharded-daemon-process-eventSourcedProjection-passivation-race-entity-passivation-race-consumer-b]...
08:03:47.402 DEBUG a.c.sharding.DDataShardCoordinator - _timer: Initial coordinator is empty.
08:03:47.402 INFO  a.c.sharding.DDataShardCoordinator - _timer: ShardCoordinator was moved to the active state with [0] shards
08:03:47.402 DEBUG a.c.sharding.DDataShardCoordinator - _timer: Received [0] remembered shard ids (after state initialized)
08:03:47.402 INFO  akka.cluster.sharding.ShardRegion - sharded-daemon-process-eventSourcedProjection-passivation-race-entity-passivation-race-consumer-b: Automatic entity passivation: disabled
08:03:47.410 DEBUG a.c.singleton.ClusterSingletonProxy - Creating singleton identification timer...
08:03:47.410 DEBUG a.c.singleton.ClusterSingletonProxy - Trying to identify singleton at [akka://akka-runtime@127.0.0.1:62811/system/singletonManagerShardedDaemonProcessCoordinator-eventSourcedProjection-passivation-race-entity-passivation-race-consumer-a/ShardedDaemonProcessCoordinator-eventSourcedProjection-passivation-race-entity-passivation-race-consumer-a]
08:03:47.410 INFO  a.c.s.ClusterSingletonManager - Singleton manager starting singleton actor [akka://akka-runtime/system/sharding/sharded-daemon-process-eventSourcedProjection-passivation-race-entity-passivation-race-consumer-aCoordinator/singleton]
08:03:47.410 INFO  a.c.s.ClusterSingletonManager - ClusterSingletonManager state change [Start -> Oldest]
08:03:47.410 INFO  a.c.s.typed.scaladsl.ClusterSharding - Starting Shard Region [sharded-daemon-process-eventSourcedProjection-passivation-race-entity-passivation-race-view]...
08:03:47.410 DEBUG a.c.sharding.DDataShardCoordinator - sharded-daemon-process-eventSourcedProjection-passivation-race-entity-passivation-race-consumer-a: Initial coordinator is empty.
08:03:47.410 INFO  a.c.sharding.DDataShardCoordinator - sharded-daemon-process-eventSourcedProjection-passivation-race-entity-passivation-race-consumer-a: ShardCoordinator was moved to the active state with [0] shards
08:03:47.410 DEBUG a.c.singleton.ClusterSingletonProxy - Creating singleton identification timer...
08:03:47.410 DEBUG a.c.singleton.ClusterSingletonProxy - Trying to identify singleton at [akka://akka-runtime@127.0.0.1:62811/system/singletonManagerShardedDaemonProcessCoordinator-eventSourcedProjection-passivation-race-entity-passivation-race-consumer-b/ShardedDaemonProcessCoordinator-eventSourcedProjection-passivation-race-entity-passivation-race-consumer-b]
08:03:47.411 INFO  akka.cluster.sharding.ShardRegion - sharded-daemon-process-eventSourcedProjection-passivation-race-entity-passivation-race-view: Automatic entity passivation: disabled
08:03:47.411 INFO  a.c.s.ClusterSingletonManager - Singleton manager starting singleton actor [akka://akka-runtime/system/singletonManagerShardedDaemonProcessCoordinator-eventSourcedProjection-passivation-race-entity-passivation-race-consumer-a/ShardedDaemonProcessCoordinator-eventSourcedProjection-passivation-race-entity-passivation-race-consumer-a]
08:03:47.411 INFO  a.c.s.ClusterSingletonManager - Singleton manager starting singleton actor [akka://akka-runtime/system/sharding/sharded-daemon-process-eventSourcedProjection-passivation-race-entity-passivation-race-consumer-bCoordinator/singleton]
08:03:47.411 INFO  a.c.s.ClusterSingletonManager - ClusterSingletonManager state change [Start -> Oldest]
08:03:47.411 INFO  a.c.s.ClusterSingletonManager - ClusterSingletonManager state change [Start -> Oldest]
08:03:47.411 DEBUG a.c.sharding.DDataShardCoordinator - sharded-daemon-process-eventSourcedProjection-passivation-race-entity-passivation-race-consumer-b: Initial coordinator is empty.
08:03:47.411 INFO  a.c.sharding.DDataShardCoordinator - sharded-daemon-process-eventSourcedProjection-passivation-race-entity-passivation-race-consumer-b: ShardCoordinator was moved to the active state with [0] shards
08:03:47.411 DEBUG a.c.s.t.i.ShardedDaemonProcessCoordinator$ - ShardedDaemonProcessCoordinator for [eventSourcedProjection-passivation-race-entity-passivation-race-consumer-a] starting
08:03:47.411 INFO  a.c.s.ClusterSingletonManager - Singleton manager starting singleton actor [akka://akka-runtime/system/singletonManagerShardedDaemonProcessCoordinator-eventSourcedProjection-passivation-race-entity-passivation-race-consumer-b/ShardedDaemonProcessCoordinator-eventSourcedProjection-passivation-race-entity-passivation-race-consumer-b]
08:03:47.411 INFO  a.c.s.ClusterSingletonManager - ClusterSingletonManager state change [Start -> Oldest]
08:03:47.411 DEBUG a.c.singleton.ClusterSingletonProxy - Creating singleton identification timer...
08:03:47.411 DEBUG a.c.s.t.i.ShardedDaemonProcessCoordinator$ - eventSourcedProjection-passivation-race-entity-passivation-race-consumer-a: No previous state stored for Sharded Daemon Process
08:03:47.411 DEBUG a.c.s.t.i.ShardedDaemonProcessCoordinator$ - Sending periodic keep alive for Sharded Daemon Process [eventSourcedProjection-passivation-race-entity-passivation-race-consumer-a] to [1] processes (revision [0]).
08:03:47.411 DEBUG a.c.singleton.ClusterSingletonProxy - Trying to identify singleton at [akka://akka-runtime@127.0.0.1:62811/system/singletonManagerShardedDaemonProcessCoordinator-eventSourcedProjection-passivation-race-entity-passivation-race-view/ShardedDaemonProcessCoordinator-eventSourcedProjection-passivation-race-entity-passivation-race-view]
08:03:47.411 DEBUG a.c.s.t.i.ShardedDaemonProcessCoordinator$ - ShardedDaemonProcessCoordinator for [eventSourcedProjection-passivation-race-entity-passivation-race-consumer-b] starting
08:03:47.411 DEBUG a.c.s.t.i.ShardedDaemonProcessCoordinator$ - eventSourcedProjection-passivation-race-entity-passivation-race-consumer-b: No previous state stored for Sharded Daemon Process
08:03:47.412 DEBUG a.c.s.t.i.ShardedDaemonProcessCoordinator$ - Sending periodic keep alive for Sharded Daemon Process [eventSourcedProjection-passivation-race-entity-passivation-race-consumer-b] to [1] processes (revision [0]).
08:03:47.412 INFO  a.c.s.ClusterSingletonManager - Singleton manager starting singleton actor [akka://akka-runtime/system/sharding/sharded-daemon-process-eventSourcedProjection-passivation-race-entity-passivation-race-viewCoordinator/singleton]
08:03:47.412 INFO  a.c.s.ClusterSingletonManager - ClusterSingletonManager state change [Start -> Oldest]
08:03:47.412 INFO  a.c.s.ClusterSingletonManager - Singleton manager starting singleton actor [akka://akka-runtime/system/singletonManagerShardedDaemonProcessCoordinator-eventSourcedProjection-passivation-race-entity-passivation-race-view/ShardedDaemonProcessCoordinator-eventSourcedProjection-passivation-race-entity-passivation-race-view]
08:03:47.412 INFO  a.c.s.ClusterSingletonManager - ClusterSingletonManager state change [Start -> Oldest]
08:03:47.412 DEBUG a.c.s.t.i.ShardedDaemonProcessCoordinator$ - ShardedDaemonProcessCoordinator for [eventSourcedProjection-passivation-race-entity-passivation-race-view] starting
08:03:47.412 DEBUG a.c.sharding.DDataShardCoordinator - sharded-daemon-process-eventSourcedProjection-passivation-race-entity-passivation-race-view: Initial coordinator is empty.
08:03:47.412 INFO  a.c.sharding.DDataShardCoordinator - sharded-daemon-process-eventSourcedProjection-passivation-race-entity-passivation-race-view: ShardCoordinator was moved to the active state with [0] shards
08:03:47.412 DEBUG a.c.s.t.i.ShardedDaemonProcessCoordinator$ - eventSourcedProjection-passivation-race-entity-passivation-race-view: No previous state stored for Sharded Daemon Process
08:03:47.412 DEBUG a.c.s.t.i.ShardedDaemonProcessCoordinator$ - Sending periodic keep alive for Sharded Daemon Process [eventSourcedProjection-passivation-race-entity-passivation-race-view] to [1] processes (revision [0]).
08:03:47.412 INFO  akka.runtime.DiscoveryManager - Akka Runtime started at 127.0.0.1:62809
08:03:47.412 INFO  repro.Bootstrap - onStartup burst of 8 starting
08:03:47.458 INFO  akka.javasdk.testkit.TestKit - Runtime started
08:03:47.458 INFO  akka.actor.CoordinatedShutdown - Running CoordinatedShutdown with reason [ActorSystemTerminateReason]
08:03:47.458 DEBUG akka.actor.CoordinatedShutdown - Performing phase [before-service-unbind] with [0] tasks
08:03:47.458 DEBUG akka.actor.CoordinatedShutdown - Performing phase [service-unbind] with [1] tasks.
08:03:47.458 DEBUG akka.actor.CoordinatedShutdown - Performing task [http-unbind-/127.0.0.1:62809] in CoordinatedShutdown phase [service-unbind]
08:03:47.458 DEBUG akka.actor.CoordinatedShutdown - Performing phase [service-requests-done] with [1] tasks.
08:03:47.458 DEBUG akka.actor.CoordinatedShutdown - Performing task [http-terminate-/127.0.0.1:62809] in CoordinatedShutdown phase [service-requests-done]
08:03:47.458 DEBUG akka.actor.CoordinatedShutdown - Performing phase [service-stop] with [1] tasks.
08:03:47.458 DEBUG akka.actor.CoordinatedShutdown - Performing task [stop-grpc-clients] in CoordinatedShutdown phase [service-stop]
08:03:47.458 DEBUG akka.actor.CoordinatedShutdown - Performing phase [before-cluster-shutdown] with [0] tasks
08:03:47.458 DEBUG akka.actor.CoordinatedShutdown - Performing phase [cluster-sharding-shutdown-region] with [5] tasks.
08:03:47.458 DEBUG akka.actor.CoordinatedShutdown - Performing task [region-shutdown] in CoordinatedShutdown phase [cluster-sharding-shutdown-region]
08:03:47.459 DEBUG akka.actor.CoordinatedShutdown - Performing task [region-shutdown] in CoordinatedShutdown phase [cluster-sharding-shutdown-region]
08:03:47.459 DEBUG akka.actor.CoordinatedShutdown - Performing task [region-shutdown] in CoordinatedShutdown phase [cluster-sharding-shutdown-region]
08:03:47.459 DEBUG akka.actor.CoordinatedShutdown - Performing task [region-shutdown] in CoordinatedShutdown phase [cluster-sharding-shutdown-region]
08:03:47.459 DEBUG akka.actor.CoordinatedShutdown - Performing task [region-shutdown] in CoordinatedShutdown phase [cluster-sharding-shutdown-region]
08:03:47.459 DEBUG a.c.sharding.DDataShardCoordinator - sharded-daemon-process-eventSourcedProjection-passivation-race-entity-passivation-race-view: Unknown region requested graceful shutdown [Actor[akka://akka-runtime/system/sharding/sharded-daemon-process-eventSourcedProjection-passivation-race-entity-passivation-race-view#2068412420]]
08:03:47.459 DEBUG a.c.sharding.DDataShardCoordinator - sharded-daemon-process-eventSourcedProjection-passivation-race-entity-passivation-race-consumer-b: Unknown region requested graceful shutdown [Actor[akka://akka-runtime/system/sharding/sharded-daemon-process-eventSourcedProjection-passivation-race-entity-passivation-race-consumer-b#865198877]]
08:03:47.459 DEBUG a.c.sharding.DDataShardCoordinator - _timer: Unknown region requested graceful shutdown [Actor[akka://akka-runtime/system/sharding/_timer#790673191]]
08:03:47.459 DEBUG a.c.sharding.DDataShardCoordinator - passivation-race-entity: Unknown region requested graceful shutdown [Actor[akka://akka-runtime/system/sharding/passivation-race-entity#-1050111505]]
08:03:47.459 DEBUG a.c.sharding.DDataShardCoordinator - sharded-daemon-process-eventSourcedProjection-passivation-race-entity-passivation-race-consumer-a: Unknown region requested graceful shutdown [Actor[akka://akka-runtime/system/sharding/sharded-daemon-process-eventSourcedProjection-passivation-race-entity-passivation-race-consumer-a#-1747585957]]
08:03:47.475 DEBUG a.c.singleton.ClusterSingletonProxy - Trying to identify singleton at [akka://akka-runtime@127.0.0.1:62811/system/singletonManagerShardedDaemonProcessCoordinator-eventSourcedProjection-passivation-race-entity-passivation-race-consumer-a/ShardedDaemonProcessCoordinator-eventSourcedProjection-passivation-race-entity-passivation-race-consumer-a]
08:03:47.475 DEBUG a.c.singleton.ClusterSingletonProxy - Trying to identify singleton at [akka://akka-runtime@127.0.0.1:62811/system/singletonManagerShardedDaemonProcessCoordinator-eventSourcedProjection-passivation-race-entity-passivation-race-consumer-b/ShardedDaemonProcessCoordinator-eventSourcedProjection-passivation-race-entity-passivation-race-consumer-b]
08:03:47.475 INFO  a.c.singleton.ClusterSingletonProxy - Singleton identified at [akka://akka-runtime/system/singletonManagerShardedDaemonProcessCoordinator-eventSourcedProjection-passivation-race-entity-passivation-race-consumer-b/ShardedDaemonProcessCoordinator-eventSourcedProjection-passivation-race-entity-passivation-race-consumer-b]
08:03:47.475 DEBUG a.c.singleton.ClusterSingletonProxy - Sending buffered messages to current singleton instance
08:03:47.475 INFO  a.c.singleton.ClusterSingletonProxy - Singleton identified at [akka://akka-runtime/system/singletonManagerShardedDaemonProcessCoordinator-eventSourcedProjection-passivation-race-entity-passivation-race-consumer-a/ShardedDaemonProcessCoordinator-eventSourcedProjection-passivation-race-entity-passivation-race-consumer-a]
08:03:47.475 DEBUG a.c.singleton.ClusterSingletonProxy - Sending buffered messages to current singleton instance
08:03:47.475 DEBUG a.c.singleton.ClusterSingletonProxy - Trying to identify singleton at [akka://akka-runtime@127.0.0.1:62811/system/singletonManagerShardedDaemonProcessCoordinator-eventSourcedProjection-passivation-race-entity-passivation-race-view/ShardedDaemonProcessCoordinator-eventSourcedProjection-passivation-race-entity-passivation-race-view]
08:03:47.475 INFO  a.c.singleton.ClusterSingletonProxy - Singleton identified at [akka://akka-runtime/system/singletonManagerShardedDaemonProcessCoordinator-eventSourcedProjection-passivation-race-entity-passivation-race-view/ShardedDaemonProcessCoordinator-eventSourcedProjection-passivation-race-entity-passivation-race-view]
08:03:47.475 DEBUG a.c.singleton.ClusterSingletonProxy - Sending buffered messages to current singleton instance
08:03:47.666 DEBUG a.c.sharding.DDataShardCoordinator - passivation-race-entity: ShardRegion registered: [Actor[akka://akka-runtime/system/sharding/passivation-race-entity#-1050111505]]
08:03:47.666 DEBUG a.c.sharding.DDataShardCoordinator - sharded-daemon-process-eventSourcedProjection-passivation-race-entity-passivation-race-consumer-a: ShardRegion registered: [Actor[akka://akka-runtime/system/sharding/sharded-daemon-process-eventSourcedProjection-passivation-race-entity-passivation-race-consumer-a#-1747585957]]
08:03:47.666 DEBUG a.c.sharding.DDataShardCoordinator - sharded-daemon-process-eventSourcedProjection-passivation-race-entity-passivation-race-consumer-a: The coordinator state was successfully updated with ShardRegionRegistered(Actor[akka://akka-runtime/system/sharding/sharded-daemon-process-eventSourcedProjection-passivation-race-entity-passivation-race-consumer-a#-1747585957])
08:03:47.666 DEBUG a.c.sharding.DDataShardCoordinator - passivation-race-entity: The coordinator state was successfully updated with ShardRegionRegistered(Actor[akka://akka-runtime/system/sharding/passivation-race-entity#-1050111505])
08:03:47.667 DEBUG a.c.sharding.DDataShardCoordinator - sharded-daemon-process-eventSourcedProjection-passivation-race-entity-passivation-race-consumer-a: The coordinator state was successfully updated with ShardHomeAllocated(0,Actor[akka://akka-runtime/system/sharding/sharded-daemon-process-eventSourcedProjection-passivation-race-entity-passivation-race-consumer-a#-1747585957])
08:03:47.667 DEBUG a.c.sharding.DDataShardCoordinator - passivation-race-entity: The coordinator state was successfully updated with ShardHomeAllocated(570,Actor[akka://akka-runtime/system/sharding/passivation-race-entity#-1050111505])
08:03:47.667 DEBUG a.c.sharding.DDataShardCoordinator - sharded-daemon-process-eventSourcedProjection-passivation-race-entity-passivation-race-consumer-a: Shard [0] allocated at [Actor[akka://akka-runtime/system/sharding/sharded-daemon-process-eventSourcedProjection-passivation-race-entity-passivation-race-consumer-a#-1747585957]]
08:03:47.667 DEBUG a.c.sharding.DDataShardCoordinator - passivation-race-entity: Shard [570] allocated at [Actor[akka://akka-runtime/system/sharding/passivation-race-entity#-1050111505]]
08:03:47.667 DEBUG a.c.sharding.DDataShardCoordinator - sharded-daemon-process-eventSourcedProjection-passivation-race-entity-passivation-race-consumer-a: Graceful shutdown of region [Actor[akka://akka-runtime/system/sharding/sharded-daemon-process-eventSourcedProjection-passivation-race-entity-passivation-race-consumer-a#-1747585957]] with [1] shards
08:03:47.667 DEBUG a.c.sharding.DDataShardCoordinator - passivation-race-entity: Graceful shutdown of region [Actor[akka://akka-runtime/system/sharding/passivation-race-entity#-1050111505]] with [1] shards
08:03:47.667 INFO  a.c.sharding.DDataShardCoordinator - passivation-race-entity: Starting shutting down shards [570] due to region shutting down or explicit stopping of shards.
08:03:47.667 INFO  a.c.sharding.DDataShardCoordinator - sharded-daemon-process-eventSourcedProjection-passivation-race-entity-passivation-race-consumer-a: Starting shutting down shards [0] due to region shutting down or explicit stopping of shards.
08:03:47.667 DEBUG a.c.s.ShardCoordinator$RebalanceWorker - sharded-daemon-process-eventSourcedProjection-passivation-race-entity-passivation-race-consumer-a: Shutting down shard [0] from region [Actor[akka://akka-runtime/system/sharding/sharded-daemon-process-eventSourcedProjection-passivation-race-entity-passivation-race-consumer-a#-1747585957]]. Asking [1] region(s) to hand-off shard
08:03:47.667 DEBUG a.c.s.ShardCoordinator$RebalanceWorker - passivation-race-entity: Shutting down shard [570] from region [Actor[akka://akka-runtime/system/sharding/passivation-race-entity#-1050111505]]. Asking [1] region(s) to hand-off shard
08:03:47.667 DEBUG a.c.s.ShardCoordinator$RebalanceWorker - passivation-race-entity: BeginHandOffAck for shard [570] received from [Actor[akka://akka-runtime/system/sharding/passivation-race-entity#-1050111505]].
08:03:47.667 DEBUG a.c.s.ShardCoordinator$RebalanceWorker - passivation-race-entity: All shard regions acked, handing off shard [570].
08:03:47.667 DEBUG akka.cluster.sharding.Shard - sharded-daemon-process-eventSourcedProjection-passivation-race-entity-passivation-race-consumer-a: Shard initialized
08:03:47.667 DEBUG a.c.s.ShardCoordinator$RebalanceWorker - sharded-daemon-process-eventSourcedProjection-passivation-race-entity-passivation-race-consumer-a: BeginHandOffAck for shard [0] received from [Actor[akka://akka-runtime/system/sharding/sharded-daemon-process-eventSourcedProjection-passivation-race-entity-passivation-race-consumer-a#-1747585957]].
08:03:47.667 DEBUG a.c.s.ShardCoordinator$RebalanceWorker - sharded-daemon-process-eventSourcedProjection-passivation-race-entity-passivation-race-consumer-a: All shard regions acked, handing off shard [0].
08:03:47.667 WARN  akka.cluster.sharding.ShardRegion - passivation-race-entity: Dropping [1] buffered messages to shard [570] during hand off to avoid re-ordering
08:03:47.667 DEBUG akka.cluster.sharding.Shard - sharded-daemon-process-eventSourcedProjection-passivation-race-entity-passivation-race-consumer-a: Request to start entity [0] and ack to [Some(Actor[akka://akka-runtime/deadLetters])]
08:03:47.668 DEBUG akka.cluster.sharding.Shard - passivation-race-entity: Shard initialized
08:03:47.668 DEBUG akka.cluster.sharding.Shard - sharded-daemon-process-eventSourcedProjection-passivation-race-entity-passivation-race-consumer-a: Started entity [Actor[akka://akka-runtime/system/sharding/sharded-daemon-process-eventSourcedProjection-passivation-race-entity-passivation-race-consumer-a/0/0#204540462]] with entity id [0] in shard [0]
08:03:47.668 DEBUG akka.cluster.sharding.Shard - passivation-race-entity: HandOff shard [570]
08:03:47.668 DEBUG akka.cluster.sharding.Shard - sharded-daemon-process-eventSourcedProjection-passivation-race-entity-passivation-race-consumer-a: HandOff shard [0]
08:03:47.668 DEBUG akka.cluster.sharding.Shard - passivation-race-entity: Shard [570] shutting down
08:03:47.668 DEBUG akka.cluster.sharding.Shard - sharded-daemon-process-eventSourcedProjection-passivation-race-entity-passivation-race-consumer-a: Starting HandOffStopper for shard [0] to terminate [1] entities.
08:03:47.668 DEBUG a.c.s.t.i.ShardedDaemonProcessState$ - eventSourcedProjection-passivation-race-entity-passivation-race-consumer-a: Deferred start of worker to verify its revision [0] is the latest
08:03:47.668 DEBUG a.c.sharding.DDataShardCoordinator - passivation-race-entity: Shard [570] deallocation completed successfully.
08:03:47.668 DEBUG a.c.sharding.DDataShardCoordinator - passivation-race-entity: The coordinator state was successfully updated with ShardHomeDeallocated(570)
08:03:47.668 DEBUG a.c.sharding.DDataShardCoordinator - passivation-race-entity: Shard [570] deallocated after
08:03:47.668 DEBUG a.c.sharding.DDataShardCoordinator - passivation-race-entity: ShardRegion terminated (gracefully): [Actor[akka://akka-runtime/system/sharding/passivation-race-entity#-1050111505]] {}
08:03:47.668 DEBUG a.c.sharding.DDataShardCoordinator - passivation-race-entity: GetShardHome [570] request from [Actor[akka://local/ignore]] stashed, because waiting for initial state or update of state. It will be handled afterwards.
08:03:47.668 INFO  a.c.s.t.i.ShardedDaemonProcessState$ - eventSourcedProjection-passivation-race-entity-passivation-race-consumer-a: Starting Sharded Daemon Process [0] out of a total [1] (revision [0] and no state found)
08:03:47.668 DEBUG a.c.sharding.DDataShardCoordinator - passivation-race-entity: The coordinator state was successfully updated with ShardRegionTerminated(Actor[akka://akka-runtime/system/sharding/passivation-race-entity#-1050111505])
08:03:47.668 DEBUG a.c.sharding.DDataShardCoordinator - passivation-race-entity: ShardRegion stopped: [Actor[akka://akka-runtime/system/sharding/passivation-race-entity#-1050111505]]
08:03:47.675 DEBUG a.c.sharding.DDataShardCoordinator - sharded-daemon-process-eventSourcedProjection-passivation-race-entity-passivation-race-consumer-b: ShardRegion registered: [Actor[akka://akka-runtime/system/sharding/sharded-daemon-process-eventSourcedProjection-passivation-race-entity-passivation-race-consumer-b#865198877]]
08:03:47.675 DEBUG a.c.sharding.DDataShardCoordinator - sharded-daemon-process-eventSourcedProjection-passivation-race-entity-passivation-race-view: ShardRegion registered: [Actor[akka://akka-runtime/system/sharding/sharded-daemon-process-eventSourcedProjection-passivation-race-entity-passivation-race-view#2068412420]]
08:03:47.675 DEBUG a.c.sharding.DDataShardCoordinator - sharded-daemon-process-eventSourcedProjection-passivation-race-entity-passivation-race-consumer-b: The coordinator state was successfully updated with ShardRegionRegistered(Actor[akka://akka-runtime/system/sharding/sharded-daemon-process-eventSourcedProjection-passivation-race-entity-passivation-race-consumer-b#865198877])
08:03:47.675 DEBUG a.c.sharding.DDataShardCoordinator - sharded-daemon-process-eventSourcedProjection-passivation-race-entity-passivation-race-view: The coordinator state was successfully updated with ShardRegionRegistered(Actor[akka://akka-runtime/system/sharding/sharded-daemon-process-eventSourcedProjection-passivation-race-entity-passivation-race-view#2068412420])
08:03:47.675 DEBUG a.c.sharding.DDataShardCoordinator - sharded-daemon-process-eventSourcedProjection-passivation-race-entity-passivation-race-view: The coordinator state was successfully updated with ShardHomeAllocated(0,Actor[akka://akka-runtime/system/sharding/sharded-daemon-process-eventSourcedProjection-passivation-race-entity-passivation-race-view#2068412420])
08:03:47.675 DEBUG a.c.sharding.DDataShardCoordinator - sharded-daemon-process-eventSourcedProjection-passivation-race-entity-passivation-race-consumer-b: The coordinator state was successfully updated with ShardHomeAllocated(0,Actor[akka://akka-runtime/system/sharding/sharded-daemon-process-eventSourcedProjection-passivation-race-entity-passivation-race-consumer-b#865198877])
08:03:47.675 DEBUG a.c.sharding.DDataShardCoordinator - sharded-daemon-process-eventSourcedProjection-passivation-race-entity-passivation-race-consumer-b: Shard [0] allocated at [Actor[akka://akka-runtime/system/sharding/sharded-daemon-process-eventSourcedProjection-passivation-race-entity-passivation-race-consumer-b#865198877]]
08:03:47.675 DEBUG a.c.sharding.DDataShardCoordinator - sharded-daemon-process-eventSourcedProjection-passivation-race-entity-passivation-race-view: Shard [0] allocated at [Actor[akka://akka-runtime/system/sharding/sharded-daemon-process-eventSourcedProjection-passivation-race-entity-passivation-race-view#2068412420]]
08:03:47.676 DEBUG a.c.sharding.DDataShardCoordinator - sharded-daemon-process-eventSourcedProjection-passivation-race-entity-passivation-race-consumer-b: Graceful shutdown of region [Actor[akka://akka-runtime/system/sharding/sharded-daemon-process-eventSourcedProjection-passivation-race-entity-passivation-race-consumer-b#865198877]] with [1] shards
08:03:47.676 INFO  a.c.sharding.DDataShardCoordinator - sharded-daemon-process-eventSourcedProjection-passivation-race-entity-passivation-race-consumer-b: Starting shutting down shards [0] due to region shutting down or explicit stopping of shards.
08:03:47.676 DEBUG a.c.sharding.DDataShardCoordinator - sharded-daemon-process-eventSourcedProjection-passivation-race-entity-passivation-race-view: Graceful shutdown of region [Actor[akka://akka-runtime/system/sharding/sharded-daemon-process-eventSourcedProjection-passivation-race-entity-passivation-race-view#2068412420]] with [1] shards
08:03:47.676 INFO  a.c.sharding.DDataShardCoordinator - sharded-daemon-process-eventSourcedProjection-passivation-race-entity-passivation-race-view: Starting shutting down shards [0] due to region shutting down or explicit stopping of shards.
08:03:47.676 DEBUG akka.cluster.sharding.Shard - sharded-daemon-process-eventSourcedProjection-passivation-race-entity-passivation-race-consumer-b: Shard initialized
08:03:47.676 DEBUG akka.cluster.sharding.Shard - sharded-daemon-process-eventSourcedProjection-passivation-race-entity-passivation-race-view: Shard initialized
08:03:47.676 DEBUG a.c.s.ShardCoordinator$RebalanceWorker - sharded-daemon-process-eventSourcedProjection-passivation-race-entity-passivation-race-view: Shutting down shard [0] from region [Actor[akka://akka-runtime/system/sharding/sharded-daemon-process-eventSourcedProjection-passivation-race-entity-passivation-race-view#2068412420]]. Asking [1] region(s) to hand-off shard
08:03:47.676 DEBUG a.c.s.ShardCoordinator$RebalanceWorker - sharded-daemon-process-eventSourcedProjection-passivation-race-entity-passivation-race-consumer-b: Shutting down shard [0] from region [Actor[akka://akka-runtime/system/sharding/sharded-daemon-process-eventSourcedProjection-passivation-race-entity-passivation-race-consumer-b#865198877]]. Asking [1] region(s) to hand-off shard
08:03:47.676 DEBUG a.c.s.ShardCoordinator$RebalanceWorker - sharded-daemon-process-eventSourcedProjection-passivation-race-entity-passivation-race-view: BeginHandOffAck for shard [0] received from [Actor[akka://akka-runtime/system/sharding/sharded-daemon-process-eventSourcedProjection-passivation-race-entity-passivation-race-view#2068412420]].
08:03:47.676 DEBUG a.c.s.ShardCoordinator$RebalanceWorker - sharded-daemon-process-eventSourcedProjection-passivation-race-entity-passivation-race-view: All shard regions acked, handing off shard [0].
08:03:47.676 DEBUG akka.cluster.sharding.Shard - sharded-daemon-process-eventSourcedProjection-passivation-race-entity-passivation-race-view: Request to start entity [0] and ack to [Some(Actor[akka://akka-runtime/deadLetters])]
08:03:47.676 DEBUG akka.cluster.sharding.Shard - sharded-daemon-process-eventSourcedProjection-passivation-race-entity-passivation-race-consumer-b: Request to start entity [0] and ack to [Some(Actor[akka://akka-runtime/deadLetters])]
08:03:47.676 DEBUG akka.cluster.sharding.Shard - sharded-daemon-process-eventSourcedProjection-passivation-race-entity-passivation-race-view: Started entity [Actor[akka://akka-runtime/system/sharding/sharded-daemon-process-eventSourcedProjection-passivation-race-entity-passivation-race-view/0/0#-2075544630]] with entity id [0] in shard [0]
08:03:47.676 DEBUG akka.cluster.sharding.Shard - sharded-daemon-process-eventSourcedProjection-passivation-race-entity-passivation-race-consumer-b: Started entity [Actor[akka://akka-runtime/system/sharding/sharded-daemon-process-eventSourcedProjection-passivation-race-entity-passivation-race-consumer-b/0/0#-442845805]] with entity id [0] in shard [0]
08:03:47.676 DEBUG akka.cluster.sharding.Shard - sharded-daemon-process-eventSourcedProjection-passivation-race-entity-passivation-race-view: HandOff shard [0]
08:03:47.676 DEBUG akka.cluster.sharding.Shard - sharded-daemon-process-eventSourcedProjection-passivation-race-entity-passivation-race-view: Starting HandOffStopper for shard [0] to terminate [1] entities.
08:03:47.676 DEBUG a.c.s.ShardCoordinator$RebalanceWorker - sharded-daemon-process-eventSourcedProjection-passivation-race-entity-passivation-race-consumer-b: BeginHandOffAck for shard [0] received from [Actor[akka://akka-runtime/system/sharding/sharded-daemon-process-eventSourcedProjection-passivation-race-entity-passivation-race-consumer-b#865198877]].
08:03:47.676 DEBUG a.c.s.ShardCoordinator$RebalanceWorker - sharded-daemon-process-eventSourcedProjection-passivation-race-entity-passivation-race-consumer-b: All shard regions acked, handing off shard [0].
08:03:47.676 DEBUG akka.cluster.sharding.Shard - sharded-daemon-process-eventSourcedProjection-passivation-race-entity-passivation-race-consumer-b: HandOff shard [0]
08:03:47.676 DEBUG akka.cluster.sharding.Shard - sharded-daemon-process-eventSourcedProjection-passivation-race-entity-passivation-race-consumer-b: Starting HandOffStopper for shard [0] to terminate [1] entities.
08:03:47.676 DEBUG a.c.s.t.i.ShardedDaemonProcessState$ - eventSourcedProjection-passivation-race-entity-passivation-race-consumer-b: Deferred start of worker to verify its revision [0] is the latest
08:03:47.677 INFO  a.c.s.t.i.ShardedDaemonProcessState$ - eventSourcedProjection-passivation-race-entity-passivation-race-consumer-b: Starting Sharded Daemon Process [0] out of a total [1] (revision [0] and no state found)
08:03:47.676 DEBUG a.c.s.t.i.ShardedDaemonProcessState$ - eventSourcedProjection-passivation-race-entity-passivation-race-view: Deferred start of worker to verify its revision [0] is the latest
08:03:47.682 INFO  a.c.s.t.i.ShardedDaemonProcessState$ - eventSourcedProjection-passivation-race-entity-passivation-race-view: Starting Sharded Daemon Process [0] out of a total [1] (revision [0] and no state found)
08:03:48.434 WARN  a.c.s.ShardRegion$HandOffStopper - sharded-daemon-process-eventSourcedProjection-passivation-race-entity-passivation-race-consumer-a: [1] of the entities in shard [0] not stopped after [750 milliseconds]. Maybe the handOffStopMessage [akka.projection.ProjectionBehavior$Stop$] is not handled? Waiting additional [250 milliseconds] before stopping the remaining entities.
08:03:48.446 WARN  a.c.s.ShardRegion$HandOffStopper - sharded-daemon-process-eventSourcedProjection-passivation-race-entity-passivation-race-consumer-b: [1] of the entities in shard [0] not stopped after [750 milliseconds]. Maybe the handOffStopMessage [akka.projection.ProjectionBehavior$Stop$] is not handled? Waiting additional [250 milliseconds] before stopping the remaining entities.
08:03:48.446 WARN  a.c.s.ShardRegion$HandOffStopper - sharded-daemon-process-eventSourcedProjection-passivation-race-entity-passivation-race-view: [1] of the entities in shard [0] not stopped after [750 milliseconds]. Maybe the handOffStopMessage [akka.projection.ProjectionBehavior$Stop$] is not handled? Waiting additional [250 milliseconds] before stopping the remaining entities.
08:03:48.685 WARN  a.c.s.ShardRegion$HandOffStopper - sharded-daemon-process-eventSourcedProjection-passivation-race-entity-passivation-race-consumer-a: HandOffStopMessage [akka.projection.ProjectionBehavior$Stop$] is not handled by some of the entities in shard [0] after [1 second], stopping the remaining [1] entities.
08:03:48.685 DEBUG a.c.sharding.DDataShardCoordinator - sharded-daemon-process-eventSourcedProjection-passivation-race-entity-passivation-race-consumer-a: Shard [0] deallocation completed successfully.
08:03:48.685 DEBUG akka.cluster.sharding.Shard - sharded-daemon-process-eventSourcedProjection-passivation-race-entity-passivation-race-consumer-a: Shard [0] shutting down
08:03:48.685 DEBUG a.c.sharding.DDataShardCoordinator - sharded-daemon-process-eventSourcedProjection-passivation-race-entity-passivation-race-consumer-a: The coordinator state was successfully updated with ShardHomeDeallocated(0)
08:03:48.686 DEBUG a.c.sharding.DDataShardCoordinator - sharded-daemon-process-eventSourcedProjection-passivation-race-entity-passivation-race-consumer-a: Shard [0] deallocated after
08:03:48.686 DEBUG a.c.sharding.DDataShardCoordinator - sharded-daemon-process-eventSourcedProjection-passivation-race-entity-passivation-race-consumer-a: ShardRegion terminated (gracefully): [Actor[akka://akka-runtime/system/sharding/sharded-daemon-process-eventSourcedProjection-passivation-race-entity-passivation-race-consumer-a#-1747585957]] {}
08:03:48.686 DEBUG a.c.sharding.DDataShardCoordinator - sharded-daemon-process-eventSourcedProjection-passivation-race-entity-passivation-race-consumer-a: GetShardHome [0] request from [Actor[akka://local/ignore]] stashed, because waiting for initial state or update of state. It will be handled afterwards.
08:03:48.686 DEBUG a.c.sharding.DDataShardCoordinator - sharded-daemon-process-eventSourcedProjection-passivation-race-entity-passivation-race-consumer-a: The coordinator state was successfully updated with ShardRegionTerminated(Actor[akka://akka-runtime/system/sharding/sharded-daemon-process-eventSourcedProjection-passivation-race-entity-passivation-race-consumer-a#-1747585957])
08:03:48.686 DEBUG a.c.sharding.DDataShardCoordinator - sharded-daemon-process-eventSourcedProjection-passivation-race-entity-passivation-race-consumer-a: ShardRegion stopped: [Actor[akka://akka-runtime/system/sharding/sharded-daemon-process-eventSourcedProjection-passivation-race-entity-passivation-race-consumer-a#-1747585957]]
08:03:48.694 WARN  a.c.s.ShardRegion$HandOffStopper - sharded-daemon-process-eventSourcedProjection-passivation-race-entity-passivation-race-view: HandOffStopMessage [akka.projection.ProjectionBehavior$Stop$] is not handled by some of the entities in shard [0] after [1 second], stopping the remaining [1] entities.
08:03:48.694 WARN  a.c.s.ShardRegion$HandOffStopper - sharded-daemon-process-eventSourcedProjection-passivation-race-entity-passivation-race-consumer-b: HandOffStopMessage [akka.projection.ProjectionBehavior$Stop$] is not handled by some of the entities in shard [0] after [1 second], stopping the remaining [1] entities.
08:03:48.695 DEBUG akka.cluster.sharding.Shard - sharded-daemon-process-eventSourcedProjection-passivation-race-entity-passivation-race-consumer-b: Shard [0] shutting down
08:03:48.695 DEBUG akka.cluster.sharding.Shard - sharded-daemon-process-eventSourcedProjection-passivation-race-entity-passivation-race-view: Shard [0] shutting down
08:03:48.695 DEBUG a.c.sharding.DDataShardCoordinator - sharded-daemon-process-eventSourcedProjection-passivation-race-entity-passivation-race-consumer-b: Shard [0] deallocation completed successfully.
08:03:48.695 DEBUG a.c.sharding.DDataShardCoordinator - sharded-daemon-process-eventSourcedProjection-passivation-race-entity-passivation-race-view: Shard [0] deallocation completed successfully.
08:03:48.695 DEBUG akka.actor.CoordinatedShutdown - Performing phase [cluster-leave] with [1] tasks.
08:03:48.695 DEBUG akka.actor.CoordinatedShutdown - Performing task [leave] in CoordinatedShutdown phase [cluster-leave]
08:03:48.695 DEBUG a.c.sharding.DDataShardCoordinator - sharded-daemon-process-eventSourcedProjection-passivation-race-entity-passivation-race-view: The coordinator state was successfully updated with ShardHomeDeallocated(0)
08:03:48.695 DEBUG a.c.sharding.DDataShardCoordinator - sharded-daemon-process-eventSourcedProjection-passivation-race-entity-passivation-race-view: Shard [0] deallocated after
08:03:48.695 DEBUG a.c.sharding.DDataShardCoordinator - sharded-daemon-process-eventSourcedProjection-passivation-race-entity-passivation-race-consumer-b: The coordinator state was successfully updated with ShardHomeDeallocated(0)
08:03:48.695 DEBUG a.c.sharding.DDataShardCoordinator - sharded-daemon-process-eventSourcedProjection-passivation-race-entity-passivation-race-consumer-b: Shard [0] deallocated after
08:03:48.695 DEBUG a.c.sharding.DDataShardCoordinator - sharded-daemon-process-eventSourcedProjection-passivation-race-entity-passivation-race-view: ShardRegion terminated (gracefully): [Actor[akka://akka-runtime/system/sharding/sharded-daemon-process-eventSourcedProjection-passivation-race-entity-passivation-race-view#2068412420]] {}
08:03:48.695 DEBUG a.c.sharding.DDataShardCoordinator - sharded-daemon-process-eventSourcedProjection-passivation-race-entity-passivation-race-consumer-b: ShardRegion terminated (gracefully): [Actor[akka://akka-runtime/system/sharding/sharded-daemon-process-eventSourcedProjection-passivation-race-entity-passivation-race-consumer-b#865198877]] {}
08:03:48.695 DEBUG a.c.sharding.DDataShardCoordinator - sharded-daemon-process-eventSourcedProjection-passivation-race-entity-passivation-race-view: GetShardHome [0] request from [Actor[akka://local/ignore]] stashed, because waiting for initial state or update of state. It will be handled afterwards.
08:03:48.695 DEBUG a.c.sharding.DDataShardCoordinator - sharded-daemon-process-eventSourcedProjection-passivation-race-entity-passivation-race-consumer-b: GetShardHome [0] request from [Actor[akka://local/ignore]] stashed, because waiting for initial state or update of state. It will be handled afterwards.
08:03:48.696 DEBUG a.c.sharding.DDataShardCoordinator - sharded-daemon-process-eventSourcedProjection-passivation-race-entity-passivation-race-view: The coordinator state was successfully updated with ShardRegionTerminated(Actor[akka://akka-runtime/system/sharding/sharded-daemon-process-eventSourcedProjection-passivation-race-entity-passivation-race-view#2068412420])
08:03:48.696 DEBUG a.c.sharding.DDataShardCoordinator - sharded-daemon-process-eventSourcedProjection-passivation-race-entity-passivation-race-view: ShardRegion stopped: [Actor[akka://akka-runtime/system/sharding/sharded-daemon-process-eventSourcedProjection-passivation-race-entity-passivation-race-view#2068412420]]
08:03:48.696 DEBUG a.c.sharding.DDataShardCoordinator - sharded-daemon-process-eventSourcedProjection-passivation-race-entity-passivation-race-consumer-b: The coordinator state was successfully updated with ShardRegionTerminated(Actor[akka://akka-runtime/system/sharding/sharded-daemon-process-eventSourcedProjection-passivation-race-entity-passivation-race-consumer-b#865198877])
08:03:48.696 DEBUG a.c.sharding.DDataShardCoordinator - sharded-daemon-process-eventSourcedProjection-passivation-race-entity-passivation-race-consumer-b: ShardRegion stopped: [Actor[akka://akka-runtime/system/sharding/sharded-daemon-process-eventSourcedProjection-passivation-race-entity-passivation-race-consumer-b#865198877]]
08:03:48.696 DEBUG akka.actor.CoordinatedShutdown - Performing phase [cluster-exiting] with [28] tasks.
08:03:48.696 DEBUG akka.actor.CoordinatedShutdown - Performing task [wait-exiting] in CoordinatedShutdown phase [cluster-exiting]
08:03:48.696 DEBUG akka.actor.CoordinatedShutdown - Performing task [singleton-exiting-1] in CoordinatedShutdown phase [cluster-exiting]
08:03:48.696 DEBUG akka.actor.CoordinatedShutdown - Performing task [wait-singleton-exiting] in CoordinatedShutdown phase [cluster-exiting]
08:03:48.696 DEBUG akka.actor.CoordinatedShutdown - Performing task [wait-singleton-exiting] in CoordinatedShutdown phase [cluster-exiting]
08:03:48.696 DEBUG akka.actor.CoordinatedShutdown - Performing task [wait-singleton-exiting] in CoordinatedShutdown phase [cluster-exiting]
08:03:48.696 DEBUG akka.actor.CoordinatedShutdown - Performing task [singleton-exiting-2] in CoordinatedShutdown phase [cluster-exiting]
08:03:48.696 DEBUG akka.actor.CoordinatedShutdown - Performing task [wait-singleton-exiting] in CoordinatedShutdown phase [cluster-exiting]
08:03:48.696 DEBUG akka.actor.CoordinatedShutdown - Performing task [wait-singleton-exiting] in CoordinatedShutdown phase [cluster-exiting]
08:03:48.696 DEBUG akka.actor.CoordinatedShutdown - Performing task [singleton-exiting-1] in CoordinatedShutdown phase [cluster-exiting]
08:03:48.696 DEBUG akka.actor.CoordinatedShutdown - Performing task [singleton-exiting-1] in CoordinatedShutdown phase [cluster-exiting]
08:03:48.696 DEBUG akka.actor.CoordinatedShutdown - Performing task [singleton-exiting-1] in CoordinatedShutdown phase [cluster-exiting]
08:03:48.696 DEBUG akka.actor.CoordinatedShutdown - Performing task [singleton-exiting-2] in CoordinatedShutdown phase [cluster-exiting]
08:03:48.696 DEBUG akka.actor.CoordinatedShutdown - Performing task [singleton-exiting-2] in CoordinatedShutdown phase [cluster-exiting]
08:03:48.696 DEBUG akka.actor.CoordinatedShutdown - Performing task [singleton-exiting-1] in CoordinatedShutdown phase [cluster-exiting]
08:03:48.696 DEBUG akka.actor.CoordinatedShutdown - Performing task [wait-singleton-exiting] in CoordinatedShutdown phase [cluster-exiting]
08:03:48.696 DEBUG akka.actor.CoordinatedShutdown - Performing task [singleton-exiting-2] in CoordinatedShutdown phase [cluster-exiting]
08:03:48.696 DEBUG akka.actor.CoordinatedShutdown - Performing task [singleton-exiting-1] in CoordinatedShutdown phase [cluster-exiting]
08:03:48.696 DEBUG akka.actor.CoordinatedShutdown - Performing task [singleton-exiting-1] in CoordinatedShutdown phase [cluster-exiting]
08:03:48.696 DEBUG akka.actor.CoordinatedShutdown - Performing task [singleton-exiting-2] in CoordinatedShutdown phase [cluster-exiting]
08:03:48.696 DEBUG akka.actor.CoordinatedShutdown - Performing task [singleton-exiting-2] in CoordinatedShutdown phase [cluster-exiting]
08:03:48.696 DEBUG akka.actor.CoordinatedShutdown - Performing task [singleton-exiting-1] in CoordinatedShutdown phase [cluster-exiting]
08:03:48.696 DEBUG akka.actor.CoordinatedShutdown - Performing task [wait-singleton-exiting] in CoordinatedShutdown phase [cluster-exiting]
08:03:48.696 DEBUG akka.actor.CoordinatedShutdown - Performing task [singleton-exiting-2] in CoordinatedShutdown phase [cluster-exiting]
08:03:48.696 DEBUG akka.actor.CoordinatedShutdown - Performing task [singleton-exiting-2] in CoordinatedShutdown phase [cluster-exiting]
08:03:48.696 DEBUG akka.actor.CoordinatedShutdown - Performing task [wait-singleton-exiting] in CoordinatedShutdown phase [cluster-exiting]
08:03:48.696 DEBUG akka.actor.CoordinatedShutdown - Performing task [singleton-exiting-1] in CoordinatedShutdown phase [cluster-exiting]
08:03:48.696 DEBUG akka.actor.CoordinatedShutdown - Performing task [singleton-exiting-2] in CoordinatedShutdown phase [cluster-exiting]
08:03:48.697 DEBUG akka.actor.CoordinatedShutdown - Performing task [wait-singleton-exiting] in CoordinatedShutdown phase [cluster-exiting]
08:03:48.697 INFO  a.c.s.ClusterSingletonManager - Exited [akka://akka-runtime@127.0.0.1:62811].
08:03:48.697 INFO  a.c.s.ClusterSingletonManager - Exited [akka://akka-runtime@127.0.0.1:62811].
08:03:48.697 INFO  a.c.s.ClusterSingletonManager - Exited [akka://akka-runtime@127.0.0.1:62811].
08:03:48.697 INFO  a.c.s.ClusterSingletonManager - Exited [akka://akka-runtime@127.0.0.1:62811].
08:03:48.697 INFO  a.c.s.ClusterSingletonManager - Oldest observed OldestChanged: [akka://akka-runtime@127.0.0.1:62811 -> None]
08:03:48.697 INFO  a.c.s.ClusterSingletonManager - Exited [akka://akka-runtime@127.0.0.1:62811].
08:03:48.697 INFO  a.c.s.ClusterSingletonManager - Oldest observed OldestChanged: [akka://akka-runtime@127.0.0.1:62811 -> None]
08:03:48.697 INFO  a.c.s.ClusterSingletonManager - ClusterSingletonManager state change [Oldest -> WasOldest]
08:03:48.697 INFO  a.c.s.ClusterSingletonManager - ClusterSingletonManager state change [Oldest -> WasOldest]
08:03:48.697 INFO  a.c.s.ClusterSingletonManager - Exited [akka://akka-runtime@127.0.0.1:62811].
08:03:48.697 INFO  a.c.s.ClusterSingletonManager - Exited [akka://akka-runtime@127.0.0.1:62811].
08:03:48.697 INFO  a.c.s.ClusterSingletonManager - Oldest observed OldestChanged: [akka://akka-runtime@127.0.0.1:62811 -> None]
08:03:48.697 INFO  a.c.s.ClusterSingletonManager - Oldest observed OldestChanged: [akka://akka-runtime@127.0.0.1:62811 -> None]
08:03:48.697 INFO  a.c.s.ClusterSingletonManager - ClusterSingletonManager state change [Oldest -> WasOldest]
08:03:48.697 INFO  a.c.s.ClusterSingletonManager - ClusterSingletonManager state change [Oldest -> WasOldest]
08:03:48.697 INFO  a.c.s.ClusterSingletonManager - Exited [akka://akka-runtime@127.0.0.1:62811].
08:03:48.697 INFO  a.c.s.ClusterSingletonManager - Oldest observed OldestChanged: [akka://akka-runtime@127.0.0.1:62811 -> None]
08:03:48.697 INFO  a.c.s.ClusterSingletonManager - Exited [akka://akka-runtime@127.0.0.1:62811].
08:03:48.697 INFO  a.c.s.ClusterSingletonManager - ClusterSingletonManager state change [Oldest -> WasOldest]
08:03:48.697 INFO  a.c.s.ClusterSingletonManager - Oldest observed OldestChanged: [akka://akka-runtime@127.0.0.1:62811 -> None]
08:03:48.697 INFO  a.c.s.ClusterSingletonManager - ClusterSingletonManager state change [Oldest -> WasOldest]
08:03:48.697 INFO  a.c.s.ClusterSingletonManager - Oldest observed OldestChanged: [akka://akka-runtime@127.0.0.1:62811 -> None]
08:03:48.697 INFO  a.c.s.ClusterSingletonManager - ClusterSingletonManager state change [Oldest -> WasOldest]
08:03:48.697 INFO  a.c.s.ClusterSingletonManager - Oldest observed OldestChanged: [akka://akka-runtime@127.0.0.1:62811 -> None]
08:03:48.697 INFO  a.c.s.ClusterSingletonManager - ClusterSingletonManager state change [Oldest -> WasOldest]
08:03:48.697 INFO  a.c.s.ClusterSingletonManager - Oldest observed OldestChanged: [akka://akka-runtime@127.0.0.1:62811 -> None]
08:03:48.697 INFO  a.c.s.ClusterSingletonManager - ClusterSingletonManager state change [Oldest -> WasOldest]
08:03:49.335 DEBUG a.c.singleton.ClusterSingletonProxy - Creating singleton identification timer...
08:03:49.335 DEBUG a.c.singleton.ClusterSingletonProxy - Creating singleton identification timer...
08:03:49.335 DEBUG a.c.singleton.ClusterSingletonProxy - Creating singleton identification timer...
08:03:49.335 DEBUG a.c.singleton.ClusterSingletonProxy - Creating singleton identification timer...
08:03:49.714 INFO  a.c.s.ClusterSingletonManager - Singleton manager stopping singleton actor [akka://akka-runtime/system/singletonManagerschemaSingleton/schemaSingleton]
08:03:49.714 INFO  a.c.s.ClusterSingletonManager - Singleton manager stopping singleton actor [akka://akka-runtime/system/singletonManagerShardedDaemonProcessCoordinator-eventSourcedProjection-passivation-race-entity-passivation-race-consumer-a/ShardedDaemonProcessCoordinator-eventSourcedProjection-passivation-race-entity-passivation-race-consumer-a]
08:03:49.714 INFO  a.c.s.ClusterSingletonManager - Singleton manager stopping singleton actor [akka://akka-runtime/system/sharding/passivation-race-entityCoordinator/singleton]
08:03:49.714 INFO  a.c.s.ClusterSingletonManager - ClusterSingletonManager state change [WasOldest -> Stopping]
08:03:49.714 INFO  a.c.s.ClusterSingletonManager - ClusterSingletonManager state change [WasOldest -> Stopping]
08:03:49.714 INFO  a.c.s.ClusterSingletonManager - ClusterSingletonManager state change [WasOldest -> Stopping]
08:03:49.714 DEBUG a.c.sharding.DDataShardCoordinator - passivation-race-entity: Received termination message.
08:03:49.714 INFO  a.c.s.ClusterSingletonManager - Singleton manager stopping singleton actor [akka://akka-runtime/system/sharding/sharded-daemon-process-eventSourcedProjection-passivation-race-entity-passivation-race-consumer-bCoordinator/singleton]
08:03:49.714 INFO  a.c.s.ClusterSingletonManager - Singleton actor [akka://akka-runtime/system/singletonManagerShardedDaemonProcessCoordinator-eventSourcedProjection-passivation-race-entity-passivation-race-consumer-a/ShardedDaemonProcessCoordinator-eventSourcedProjection-passivation-race-entity-passivation-race-consumer-a] was terminated
08:03:49.714 INFO  a.c.s.ClusterSingletonManager - Singleton actor [akka://akka-runtime/system/sharding/passivation-race-entityCoordinator/singleton] was terminated
08:03:49.714 INFO  a.c.s.ClusterSingletonManager - Singleton manager stopping singleton actor [akka://akka-runtime/system/sharding/_timerCoordinator/singleton]
08:03:49.714 INFO  a.c.s.ClusterSingletonManager - ClusterSingletonManager state change [WasOldest -> Stopping]
08:03:49.714 INFO  a.c.s.ClusterSingletonManager - ClusterSingletonManager state change [WasOldest -> Stopping]
08:03:49.714 DEBUG a.c.sharding.DDataShardCoordinator - _timer: Received termination message.
08:03:49.714 INFO  a.c.s.ClusterSingletonManager - Singleton manager stopping singleton actor [akka://akka-runtime/system/singletonManagerShardedDaemonProcessCoordinator-eventSourcedProjection-passivation-race-entity-passivation-race-view/ShardedDaemonProcessCoordinator-eventSourcedProjection-passivation-race-entity-passivation-race-view]
08:03:49.714 INFO  a.c.s.ClusterSingletonManager - ClusterSingletonManager state change [WasOldest -> Stopping]
08:03:49.714 INFO  a.c.s.ClusterSingletonManager - Singleton actor [akka://akka-runtime/system/singletonManagerShardedDaemonProcessCoordinator-eventSourcedProjection-passivation-race-entity-passivation-race-view/ShardedDaemonProcessCoordinator-eventSourcedProjection-passivation-race-entity-passivation-race-view] was terminated
08:03:49.714 DEBUG a.c.sharding.DDataShardCoordinator - sharded-daemon-process-eventSourcedProjection-passivation-race-entity-passivation-race-consumer-b: Received termination message.
08:03:49.714 INFO  a.c.s.ClusterSingletonManager - Singleton manager stopping singleton actor [akka://akka-runtime/system/sharding/sharded-daemon-process-eventSourcedProjection-passivation-race-entity-passivation-race-viewCoordinator/singleton]
08:03:49.714 INFO  a.c.s.ClusterSingletonManager - ClusterSingletonManager state change [WasOldest -> Stopping]
08:03:49.714 INFO  a.c.s.ClusterSingletonManager - Singleton actor [akka://akka-runtime/system/sharding/_timerCoordinator/singleton] was terminated
08:03:49.714 DEBUG a.c.sharding.DDataShardCoordinator - sharded-daemon-process-eventSourcedProjection-passivation-race-entity-passivation-race-view: Received termination message.
08:03:49.714 INFO  a.c.s.ClusterSingletonManager - Singleton actor [akka://akka-runtime/system/sharding/sharded-daemon-process-eventSourcedProjection-passivation-race-entity-passivation-race-viewCoordinator/singleton] was terminated
08:03:49.714 INFO  a.c.s.ClusterSingletonManager - Singleton manager stopping singleton actor [akka://akka-runtime/system/singletonManagerShardedDaemonProcessCoordinator-eventSourcedProjection-passivation-race-entity-passivation-race-consumer-b/ShardedDaemonProcessCoordinator-eventSourcedProjection-passivation-race-entity-passivation-race-consumer-b]
08:03:49.714 INFO  a.c.s.ClusterSingletonManager - ClusterSingletonManager state change [WasOldest -> Stopping]
08:03:49.714 INFO  a.c.s.ClusterSingletonManager - Singleton actor [akka://akka-runtime/system/sharding/sharded-daemon-process-eventSourcedProjection-passivation-race-entity-passivation-race-consumer-bCoordinator/singleton] was terminated
08:03:49.714 INFO  a.c.s.ClusterSingletonManager - Singleton actor [akka://akka-runtime/system/singletonManagerShardedDaemonProcessCoordinator-eventSourcedProjection-passivation-race-entity-passivation-race-consumer-b/ShardedDaemonProcessCoordinator-eventSourcedProjection-passivation-race-entity-passivation-race-consumer-b] was terminated
08:03:49.714 INFO  a.c.s.ClusterSingletonManager - Singleton manager stopping singleton actor [akka://akka-runtime/system/sharding/sharded-daemon-process-eventSourcedProjection-passivation-race-entity-passivation-race-consumer-aCoordinator/singleton]
08:03:49.714 INFO  a.c.s.ClusterSingletonManager - ClusterSingletonManager state change [WasOldest -> Stopping]
08:03:49.714 DEBUG a.c.sharding.DDataShardCoordinator - sharded-daemon-process-eventSourcedProjection-passivation-race-entity-passivation-race-consumer-a: Received termination message.
08:03:49.715 INFO  a.c.s.ClusterSingletonManager - Singleton actor [akka://akka-runtime/system/sharding/sharded-daemon-process-eventSourcedProjection-passivation-race-entity-passivation-race-consumer-aCoordinator/singleton] was terminated
08:03:49.715 INFO  a.c.s.ClusterSingletonManager - Singleton actor [akka://akka-runtime/system/singletonManagerschemaSingleton/schemaSingleton] was terminated
08:03:49.715 DEBUG akka.actor.CoordinatedShutdown - Performing phase [cluster-exiting-done] with [1] tasks.
08:03:49.715 DEBUG akka.actor.CoordinatedShutdown - Performing task [exiting-completed] in CoordinatedShutdown phase [cluster-exiting-done]
08:03:49.715 DEBUG akka.actor.CoordinatedShutdown - Performing phase [cluster-shutdown] with [1] tasks.
08:03:49.715 DEBUG akka.actor.CoordinatedShutdown - Performing task [wait-shutdown] in CoordinatedShutdown phase [cluster-shutdown]
08:03:49.716 DEBUG akka.actor.CoordinatedShutdown - Performing phase [before-actor-system-terminate] with [2] tasks.
08:03:49.716 DEBUG akka.actor.CoordinatedShutdown - Performing task [close connection pools] in CoordinatedShutdown phase [before-actor-system-terminate]
08:03:49.716 DEBUG akka.actor.CoordinatedShutdown - Performing task [close-grpc-channels] in CoordinatedShutdown phase [before-actor-system-terminate]
08:03:49.717 DEBUG akka.actor.CoordinatedShutdown - Performing phase [actor-system-terminate] with [1] tasks.
08:03:49.717 DEBUG akka.actor.CoordinatedShutdown - Performing task [terminate-system] in CoordinatedShutdown phase [actor-system-terminate]
08:03:49.773 INFO  akka.runtime.AkkaRuntimeMain - Starting Akka Runtime version [1.6.15]
08:03:49.778 INFO  akka.javasdk.impl.ComponentLocator$ - Looking for component descriptors matching pattern [META-INF/akka-javasdk-components_*.conf]
08:03:49.783 INFO  akka.javasdk.testkit.TestKit - Eventing TestKit booting up on port: 62815
08:03:49.785 DEBUG a.c.singleton.ClusterSingletonProxy - Creating singleton identification timer...
08:03:49.785 DEBUG a.c.singleton.ClusterSingletonProxy - Trying to identify singleton at [akka://akka-runtime@127.0.0.1:62816/system/singletonManagerschemaSingleton/schemaSingleton]
08:03:49.785 DEBUG a.c.singleton.ClusterSingletonProxy - Singleton not available, buffering message type [kalix.runtime.SchemaSingleton$ExecDdl]
08:03:49.786 INFO  a.c.s.ClusterSingletonManager - Singleton manager starting singleton actor [akka://akka-runtime/system/singletonManagerschemaSingleton/schemaSingleton]
08:03:49.786 INFO  akka.javasdk.testkit.TestKit - Checking runtime status
08:03:49.786 INFO  a.c.s.ClusterSingletonManager - ClusterSingletonManager state change [Start -> Oldest]
08:03:49.853 DEBUG a.c.singleton.ClusterSingletonProxy - Trying to identify singleton at [akka://akka-runtime@127.0.0.1:62816/system/singletonManagerschemaSingleton/schemaSingleton]
08:03:49.853 INFO  a.c.singleton.ClusterSingletonProxy - Singleton identified at [akka://akka-runtime/system/singletonManagerschemaSingleton/schemaSingleton]
08:03:49.853 DEBUG a.c.singleton.ClusterSingletonProxy - Sending buffered messages to current singleton instance
08:03:49.856 INFO  a.c.s.typed.scaladsl.ClusterSharding - Starting Shard Region [passivation-race-entity]...
08:03:49.857 INFO  akka.cluster.sharding.ShardRegion - passivation-race-entity: Automatic entity passivation: composite strategy with limit of [10000] active entities, admission window (least recently used entities) with proportions [initial = 0.01, min = 0.01, max = 1.0] adapting with hill-climbing optimizer [adjust multiplier = 10.0, initial step = 0.0625, restart threshold = 0.05, step decay = 0.98], admit using frequency sketch [width multiplier = 4, reset multiplier = 10.0, depth = 4, counter bits = 4], main (least recently used entities (segmented with [2] levels with proportions of [0.20, 0.80]))
08:03:49.857 INFO  a.c.s.ClusterSingletonManager - Singleton manager starting singleton actor [akka://akka-runtime/system/sharding/passivation-race-entityCoordinator/singleton]
08:03:49.857 INFO  a.c.s.ClusterSingletonManager - ClusterSingletonManager state change [Start -> Oldest]
08:03:49.857 DEBUG a.c.sharding.DDataShardCoordinator - passivation-race-entity: Initial coordinator is empty.
08:03:49.857 INFO  a.c.sharding.DDataShardCoordinator - passivation-race-entity: ShardCoordinator was moved to the active state with [0] shards
08:03:49.858 DEBUG a.c.singleton.ClusterSingletonProxy - Forwarding message of type [SchemaSingleton$ExecDdl] to current singleton instance at [akka://akka-runtime/system/singletonManagerschemaSingleton/schemaSingleton]
08:03:49.859 INFO  akka.runtime.DiscoveryManager - Service components: EventSourcedEntity: [1], Consumer: [2], View: [1]
08:03:49.860 INFO  a.c.s.typed.scaladsl.ClusterSharding - Starting Shard Region [_timer]...
08:03:49.860 INFO  a.c.s.typed.scaladsl.ClusterSharding - Starting Shard Region [sharded-daemon-process-eventSourcedProjection-passivation-race-entity-passivation-race-consumer-a]...
08:03:49.860 INFO  a.c.s.ClusterSingletonManager - Singleton manager starting singleton actor [akka://akka-runtime/system/sharding/_timerCoordinator/singleton]
08:03:49.860 INFO  a.c.s.ClusterSingletonManager - ClusterSingletonManager state change [Start -> Oldest]
08:03:49.860 DEBUG a.c.sharding.DDataShardCoordinator - _timer: Starting remember entities store from provider akka.cluster.sharding.internal.DDataRememberEntitiesProvider@2ce1f910
08:03:49.860 INFO  akka.cluster.sharding.ShardRegion - sharded-daemon-process-eventSourcedProjection-passivation-race-entity-passivation-race-consumer-a: Automatic entity passivation: disabled
08:03:49.861 INFO  a.c.s.typed.scaladsl.ClusterSharding - Starting Shard Region [sharded-daemon-process-eventSourcedProjection-passivation-race-entity-passivation-race-consumer-b]...
08:03:49.861 DEBUG a.c.sharding.DDataShardCoordinator - _timer: Initial coordinator is empty.
08:03:49.861 INFO  a.c.sharding.DDataShardCoordinator - _timer: ShardCoordinator was moved to the active state with [0] shards
08:03:49.861 DEBUG a.c.sharding.DDataShardCoordinator - _timer: Received [0] remembered shard ids (after state initialized)
08:03:49.861 INFO  akka.cluster.sharding.ShardRegion - sharded-daemon-process-eventSourcedProjection-passivation-race-entity-passivation-race-consumer-b: Automatic entity passivation: disabled
08:03:49.861 DEBUG a.c.singleton.ClusterSingletonProxy - Creating singleton identification timer...
08:03:49.861 DEBUG a.c.singleton.ClusterSingletonProxy - Trying to identify singleton at [akka://akka-runtime@127.0.0.1:62816/system/singletonManagerShardedDaemonProcessCoordinator-eventSourcedProjection-passivation-race-entity-passivation-race-consumer-a/ShardedDaemonProcessCoordinator-eventSourcedProjection-passivation-race-entity-passivation-race-consumer-a]
08:03:49.861 INFO  a.c.s.typed.scaladsl.ClusterSharding - Starting Shard Region [sharded-daemon-process-eventSourcedProjection-passivation-race-entity-passivation-race-view]...
08:03:49.861 INFO  a.c.s.ClusterSingletonManager - Singleton manager starting singleton actor [akka://akka-runtime/system/sharding/sharded-daemon-process-eventSourcedProjection-passivation-race-entity-passivation-race-consumer-aCoordinator/singleton]
08:03:49.861 INFO  a.c.s.ClusterSingletonManager - ClusterSingletonManager state change [Start -> Oldest]
08:03:49.861 INFO  akka.cluster.sharding.ShardRegion - sharded-daemon-process-eventSourcedProjection-passivation-race-entity-passivation-race-view: Automatic entity passivation: disabled
08:03:49.861 DEBUG a.c.singleton.ClusterSingletonProxy - Creating singleton identification timer...
08:03:49.861 DEBUG a.c.singleton.ClusterSingletonProxy - Trying to identify singleton at [akka://akka-runtime@127.0.0.1:62816/system/singletonManagerShardedDaemonProcessCoordinator-eventSourcedProjection-passivation-race-entity-passivation-race-consumer-b/ShardedDaemonProcessCoordinator-eventSourcedProjection-passivation-race-entity-passivation-race-consumer-b]
08:03:49.861 DEBUG a.c.sharding.DDataShardCoordinator - sharded-daemon-process-eventSourcedProjection-passivation-race-entity-passivation-race-consumer-a: Initial coordinator is empty.
08:03:49.861 INFO  a.c.sharding.DDataShardCoordinator - sharded-daemon-process-eventSourcedProjection-passivation-race-entity-passivation-race-consumer-a: ShardCoordinator was moved to the active state with [0] shards
08:03:49.861 INFO  a.c.s.ClusterSingletonManager - Singleton manager starting singleton actor [akka://akka-runtime/system/singletonManagerShardedDaemonProcessCoordinator-eventSourcedProjection-passivation-race-entity-passivation-race-consumer-a/ShardedDaemonProcessCoordinator-eventSourcedProjection-passivation-race-entity-passivation-race-consumer-a]
08:03:49.861 INFO  a.c.s.ClusterSingletonManager - ClusterSingletonManager state change [Start -> Oldest]
08:03:49.861 DEBUG a.c.s.t.i.ShardedDaemonProcessCoordinator$ - ShardedDaemonProcessCoordinator for [eventSourcedProjection-passivation-race-entity-passivation-race-consumer-a] starting
08:03:49.862 DEBUG a.c.singleton.ClusterSingletonProxy - Creating singleton identification timer...
08:03:49.862 INFO  a.c.s.ClusterSingletonManager - Singleton manager starting singleton actor [akka://akka-runtime/system/sharding/sharded-daemon-process-eventSourcedProjection-passivation-race-entity-passivation-race-consumer-bCoordinator/singleton]
08:03:49.862 DEBUG a.c.singleton.ClusterSingletonProxy - Trying to identify singleton at [akka://akka-runtime@127.0.0.1:62816/system/singletonManagerShardedDaemonProcessCoordinator-eventSourcedProjection-passivation-race-entity-passivation-race-view/ShardedDaemonProcessCoordinator-eventSourcedProjection-passivation-race-entity-passivation-race-view]
08:03:49.862 INFO  a.c.s.ClusterSingletonManager - ClusterSingletonManager state change [Start -> Oldest]
08:03:49.862 INFO  a.c.s.ClusterSingletonManager - Singleton manager starting singleton actor [akka://akka-runtime/system/singletonManagerShardedDaemonProcessCoordinator-eventSourcedProjection-passivation-race-entity-passivation-race-consumer-b/ShardedDaemonProcessCoordinator-eventSourcedProjection-passivation-race-entity-passivation-race-consumer-b]
08:03:49.862 INFO  a.c.s.ClusterSingletonManager - ClusterSingletonManager state change [Start -> Oldest]
08:03:49.862 DEBUG a.c.s.t.i.ShardedDaemonProcessCoordinator$ - ShardedDaemonProcessCoordinator for [eventSourcedProjection-passivation-race-entity-passivation-race-consumer-b] starting
08:03:49.862 INFO  a.c.s.ClusterSingletonManager - Singleton manager starting singleton actor [akka://akka-runtime/system/sharding/sharded-daemon-process-eventSourcedProjection-passivation-race-entity-passivation-race-viewCoordinator/singleton]
08:03:49.862 INFO  a.c.s.ClusterSingletonManager - ClusterSingletonManager state change [Start -> Oldest]
08:03:49.862 DEBUG a.c.s.t.i.ShardedDaemonProcessCoordinator$ - eventSourcedProjection-passivation-race-entity-passivation-race-consumer-b: No previous state stored for Sharded Daemon Process
08:03:49.862 INFO  a.c.s.ClusterSingletonManager - Singleton manager starting singleton actor [akka://akka-runtime/system/singletonManagerShardedDaemonProcessCoordinator-eventSourcedProjection-passivation-race-entity-passivation-race-view/ShardedDaemonProcessCoordinator-eventSourcedProjection-passivation-race-entity-passivation-race-view]
08:03:49.862 INFO  a.c.s.ClusterSingletonManager - ClusterSingletonManager state change [Start -> Oldest]
08:03:49.862 DEBUG a.c.s.t.i.ShardedDaemonProcessCoordinator$ - Sending periodic keep alive for Sharded Daemon Process [eventSourcedProjection-passivation-race-entity-passivation-race-consumer-b] to [1] processes (revision [0]).
08:03:49.862 DEBUG a.c.sharding.DDataShardCoordinator - sharded-daemon-process-eventSourcedProjection-passivation-race-entity-passivation-race-consumer-b: Initial coordinator is empty.
08:03:49.862 INFO  a.c.sharding.DDataShardCoordinator - sharded-daemon-process-eventSourcedProjection-passivation-race-entity-passivation-race-consumer-b: ShardCoordinator was moved to the active state with [0] shards
08:03:49.862 DEBUG a.c.sharding.DDataShardCoordinator - sharded-daemon-process-eventSourcedProjection-passivation-race-entity-passivation-race-view: Initial coordinator is empty.
08:03:49.862 INFO  a.c.sharding.DDataShardCoordinator - sharded-daemon-process-eventSourcedProjection-passivation-race-entity-passivation-race-view: ShardCoordinator was moved to the active state with [0] shards
08:03:49.862 DEBUG a.c.s.t.i.ShardedDaemonProcessCoordinator$ - eventSourcedProjection-passivation-race-entity-passivation-race-consumer-a: No previous state stored for Sharded Daemon Process
08:03:49.862 DEBUG a.c.s.t.i.ShardedDaemonProcessCoordinator$ - Sending periodic keep alive for Sharded Daemon Process [eventSourcedProjection-passivation-race-entity-passivation-race-consumer-a] to [1] processes (revision [0]).
08:03:49.862 DEBUG a.c.s.t.i.ShardedDaemonProcessCoordinator$ - ShardedDaemonProcessCoordinator for [eventSourcedProjection-passivation-race-entity-passivation-race-view] starting
08:03:49.862 DEBUG a.c.s.t.i.ShardedDaemonProcessCoordinator$ - eventSourcedProjection-passivation-race-entity-passivation-race-view: No previous state stored for Sharded Daemon Process
08:03:49.862 DEBUG a.c.s.t.i.ShardedDaemonProcessCoordinator$ - Sending periodic keep alive for Sharded Daemon Process [eventSourcedProjection-passivation-race-entity-passivation-race-view] to [1] processes (revision [0]).
08:03:49.863 INFO  akka.runtime.DiscoveryManager - Akka Runtime started at 127.0.0.1:62814
08:03:49.863 INFO  repro.Bootstrap - onStartup burst of 8 starting
08:03:49.906 INFO  akka.javasdk.testkit.TestKit - Runtime started
08:03:49.906 INFO  akka.actor.CoordinatedShutdown - Running CoordinatedShutdown with reason [ActorSystemTerminateReason]
08:03:49.906 DEBUG akka.actor.CoordinatedShutdown - Performing phase [before-service-unbind] with [0] tasks
08:03:49.906 DEBUG akka.actor.CoordinatedShutdown - Performing phase [service-unbind] with [1] tasks.
08:03:49.906 DEBUG akka.actor.CoordinatedShutdown - Performing task [http-unbind-/127.0.0.1:62814] in CoordinatedShutdown phase [service-unbind]
08:03:49.906 DEBUG akka.actor.CoordinatedShutdown - Performing phase [service-requests-done] with [1] tasks.
08:03:49.906 DEBUG akka.actor.CoordinatedShutdown - Performing task [http-terminate-/127.0.0.1:62814] in CoordinatedShutdown phase [service-requests-done]
08:03:49.907 DEBUG akka.actor.CoordinatedShutdown - Performing phase [service-stop] with [1] tasks.
08:03:49.907 DEBUG akka.actor.CoordinatedShutdown - Performing task [stop-grpc-clients] in CoordinatedShutdown phase [service-stop]
08:03:49.907 DEBUG akka.actor.CoordinatedShutdown - Performing phase [before-cluster-shutdown] with [0] tasks
08:03:49.907 DEBUG akka.actor.CoordinatedShutdown - Performing phase [cluster-sharding-shutdown-region] with [5] tasks.
08:03:49.907 DEBUG akka.actor.CoordinatedShutdown - Performing task [region-shutdown] in CoordinatedShutdown phase [cluster-sharding-shutdown-region]
08:03:49.907 DEBUG akka.actor.CoordinatedShutdown - Performing task [region-shutdown] in CoordinatedShutdown phase [cluster-sharding-shutdown-region]
08:03:49.907 DEBUG akka.actor.CoordinatedShutdown - Performing task [region-shutdown] in CoordinatedShutdown phase [cluster-sharding-shutdown-region]
08:03:49.907 DEBUG akka.actor.CoordinatedShutdown - Performing task [region-shutdown] in CoordinatedShutdown phase [cluster-sharding-shutdown-region]
08:03:49.907 DEBUG akka.actor.CoordinatedShutdown - Performing task [region-shutdown] in CoordinatedShutdown phase [cluster-sharding-shutdown-region]
08:03:49.907 DEBUG a.c.sharding.DDataShardCoordinator - sharded-daemon-process-eventSourcedProjection-passivation-race-entity-passivation-race-consumer-b: Unknown region requested graceful shutdown [Actor[akka://akka-runtime/system/sharding/sharded-daemon-process-eventSourcedProjection-passivation-race-entity-passivation-race-consumer-b#275883938]]
08:03:49.907 DEBUG a.c.sharding.DDataShardCoordinator - sharded-daemon-process-eventSourcedProjection-passivation-race-entity-passivation-race-view: Unknown region requested graceful shutdown [Actor[akka://akka-runtime/system/sharding/sharded-daemon-process-eventSourcedProjection-passivation-race-entity-passivation-race-view#-1941279354]]
08:03:49.907 DEBUG a.c.sharding.DDataShardCoordinator - _timer: Unknown region requested graceful shutdown [Actor[akka://akka-runtime/system/sharding/_timer#-163513781]]
08:03:49.907 DEBUG a.c.sharding.DDataShardCoordinator - passivation-race-entity: Unknown region requested graceful shutdown [Actor[akka://akka-runtime/system/sharding/passivation-race-entity#237992586]]
08:03:49.907 DEBUG a.c.sharding.DDataShardCoordinator - sharded-daemon-process-eventSourcedProjection-passivation-race-entity-passivation-race-consumer-a: Unknown region requested graceful shutdown [Actor[akka://akka-runtime/system/sharding/sharded-daemon-process-eventSourcedProjection-passivation-race-entity-passivation-race-consumer-a#-230956737]]
08:03:49.922 DEBUG a.c.singleton.ClusterSingletonProxy - Trying to identify singleton at [akka://akka-runtime@127.0.0.1:62816/system/singletonManagerShardedDaemonProcessCoordinator-eventSourcedProjection-passivation-race-entity-passivation-race-consumer-b/ShardedDaemonProcessCoordinator-eventSourcedProjection-passivation-race-entity-passivation-race-consumer-b]
08:03:49.922 DEBUG a.c.singleton.ClusterSingletonProxy - Trying to identify singleton at [akka://akka-runtime@127.0.0.1:62816/system/singletonManagerShardedDaemonProcessCoordinator-eventSourcedProjection-passivation-race-entity-passivation-race-view/ShardedDaemonProcessCoordinator-eventSourcedProjection-passivation-race-entity-passivation-race-view]
08:03:49.922 INFO  a.c.singleton.ClusterSingletonProxy - Singleton identified at [akka://akka-runtime/system/singletonManagerShardedDaemonProcessCoordinator-eventSourcedProjection-passivation-race-entity-passivation-race-consumer-b/ShardedDaemonProcessCoordinator-eventSourcedProjection-passivation-race-entity-passivation-race-consumer-b]
08:03:49.922 DEBUG a.c.singleton.ClusterSingletonProxy - Sending buffered messages to current singleton instance
08:03:49.922 INFO  a.c.singleton.ClusterSingletonProxy - Singleton identified at [akka://akka-runtime/system/singletonManagerShardedDaemonProcessCoordinator-eventSourcedProjection-passivation-race-entity-passivation-race-view/ShardedDaemonProcessCoordinator-eventSourcedProjection-passivation-race-entity-passivation-race-view]
08:03:49.922 DEBUG a.c.singleton.ClusterSingletonProxy - Sending buffered messages to current singleton instance
08:03:49.922 DEBUG a.c.singleton.ClusterSingletonProxy - Trying to identify singleton at [akka://akka-runtime@127.0.0.1:62816/system/singletonManagerShardedDaemonProcessCoordinator-eventSourcedProjection-passivation-race-entity-passivation-race-consumer-a/ShardedDaemonProcessCoordinator-eventSourcedProjection-passivation-race-entity-passivation-race-consumer-a]
08:03:49.922 INFO  a.c.singleton.ClusterSingletonProxy - Singleton identified at [akka://akka-runtime/system/singletonManagerShardedDaemonProcessCoordinator-eventSourcedProjection-passivation-race-entity-passivation-race-consumer-a/ShardedDaemonProcessCoordinator-eventSourcedProjection-passivation-race-entity-passivation-race-consumer-a]
08:03:49.922 DEBUG a.c.singleton.ClusterSingletonProxy - Sending buffered messages to current singleton instance
08:03:50.123 DEBUG a.c.sharding.DDataShardCoordinator - passivation-race-entity: ShardRegion registered: [Actor[akka://akka-runtime/system/sharding/passivation-race-entity#237992586]]
08:03:50.123 DEBUG a.c.sharding.DDataShardCoordinator - sharded-daemon-process-eventSourcedProjection-passivation-race-entity-passivation-race-consumer-b: ShardRegion registered: [Actor[akka://akka-runtime/system/sharding/sharded-daemon-process-eventSourcedProjection-passivation-race-entity-passivation-race-consumer-b#275883938]]
08:03:50.123 DEBUG a.c.sharding.DDataShardCoordinator - sharded-daemon-process-eventSourcedProjection-passivation-race-entity-passivation-race-view: ShardRegion registered: [Actor[akka://akka-runtime/system/sharding/sharded-daemon-process-eventSourcedProjection-passivation-race-entity-passivation-race-view#-1941279354]]
08:03:50.123 DEBUG a.c.sharding.DDataShardCoordinator - sharded-daemon-process-eventSourcedProjection-passivation-race-entity-passivation-race-consumer-a: ShardRegion registered: [Actor[akka://akka-runtime/system/sharding/sharded-daemon-process-eventSourcedProjection-passivation-race-entity-passivation-race-consumer-a#-230956737]]
08:03:50.123 DEBUG a.c.sharding.DDataShardCoordinator - sharded-daemon-process-eventSourcedProjection-passivation-race-entity-passivation-race-consumer-b: The coordinator state was successfully updated with ShardRegionRegistered(Actor[akka://akka-runtime/system/sharding/sharded-daemon-process-eventSourcedProjection-passivation-race-entity-passivation-race-consumer-b#275883938])
08:03:50.123 DEBUG a.c.sharding.DDataShardCoordinator - passivation-race-entity: The coordinator state was successfully updated with ShardRegionRegistered(Actor[akka://akka-runtime/system/sharding/passivation-race-entity#237992586])
08:03:50.123 DEBUG a.c.sharding.DDataShardCoordinator - sharded-daemon-process-eventSourcedProjection-passivation-race-entity-passivation-race-view: The coordinator state was successfully updated with ShardRegionRegistered(Actor[akka://akka-runtime/system/sharding/sharded-daemon-process-eventSourcedProjection-passivation-race-entity-passivation-race-view#-1941279354])
08:03:50.123 DEBUG a.c.sharding.DDataShardCoordinator - sharded-daemon-process-eventSourcedProjection-passivation-race-entity-passivation-race-consumer-a: The coordinator state was successfully updated with ShardRegionRegistered(Actor[akka://akka-runtime/system/sharding/sharded-daemon-process-eventSourcedProjection-passivation-race-entity-passivation-race-consumer-a#-230956737])
08:03:50.124 DEBUG a.c.sharding.DDataShardCoordinator - sharded-daemon-process-eventSourcedProjection-passivation-race-entity-passivation-race-consumer-b: The coordinator state was successfully updated with ShardHomeAllocated(0,Actor[akka://akka-runtime/system/sharding/sharded-daemon-process-eventSourcedProjection-passivation-race-entity-passivation-race-consumer-b#275883938])
08:03:50.124 DEBUG a.c.sharding.DDataShardCoordinator - passivation-race-entity: The coordinator state was successfully updated with ShardHomeAllocated(885,Actor[akka://akka-runtime/system/sharding/passivation-race-entity#237992586])
08:03:50.124 DEBUG a.c.sharding.DDataShardCoordinator - sharded-daemon-process-eventSourcedProjection-passivation-race-entity-passivation-race-consumer-a: The coordinator state was successfully updated with ShardHomeAllocated(0,Actor[akka://akka-runtime/system/sharding/sharded-daemon-process-eventSourcedProjection-passivation-race-entity-passivation-race-consumer-a#-230956737])
08:03:50.124 DEBUG a.c.sharding.DDataShardCoordinator - sharded-daemon-process-eventSourcedProjection-passivation-race-entity-passivation-race-view: The coordinator state was successfully updated with ShardHomeAllocated(0,Actor[akka://akka-runtime/system/sharding/sharded-daemon-process-eventSourcedProjection-passivation-race-entity-passivation-race-view#-1941279354])
08:03:50.124 DEBUG a.c.sharding.DDataShardCoordinator - sharded-daemon-process-eventSourcedProjection-passivation-race-entity-passivation-race-consumer-b: Shard [0] allocated at [Actor[akka://akka-runtime/system/sharding/sharded-daemon-process-eventSourcedProjection-passivation-race-entity-passivation-race-consumer-b#275883938]]
08:03:50.124 DEBUG a.c.sharding.DDataShardCoordinator - passivation-race-entity: Shard [885] allocated at [Actor[akka://akka-runtime/system/sharding/passivation-race-entity#237992586]]
08:03:50.124 DEBUG a.c.sharding.DDataShardCoordinator - sharded-daemon-process-eventSourcedProjection-passivation-race-entity-passivation-race-consumer-a: Shard [0] allocated at [Actor[akka://akka-runtime/system/sharding/sharded-daemon-process-eventSourcedProjection-passivation-race-entity-passivation-race-consumer-a#-230956737]]
08:03:50.124 DEBUG a.c.sharding.DDataShardCoordinator - sharded-daemon-process-eventSourcedProjection-passivation-race-entity-passivation-race-consumer-a: Graceful shutdown of region [Actor[akka://akka-runtime/system/sharding/sharded-daemon-process-eventSourcedProjection-passivation-race-entity-passivation-race-consumer-a#-230956737]] with [1] shards
08:03:50.124 INFO  a.c.sharding.DDataShardCoordinator - sharded-daemon-process-eventSourcedProjection-passivation-race-entity-passivation-race-consumer-a: Starting shutting down shards [0] due to region shutting down or explicit stopping of shards.
08:03:50.124 DEBUG a.c.sharding.DDataShardCoordinator - sharded-daemon-process-eventSourcedProjection-passivation-race-entity-passivation-race-consumer-b: Graceful shutdown of region [Actor[akka://akka-runtime/system/sharding/sharded-daemon-process-eventSourcedProjection-passivation-race-entity-passivation-race-consumer-b#275883938]] with [1] shards
08:03:50.124 DEBUG a.c.sharding.DDataShardCoordinator - passivation-race-entity: Graceful shutdown of region [Actor[akka://akka-runtime/system/sharding/passivation-race-entity#237992586]] with [1] shards
08:03:50.124 INFO  a.c.sharding.DDataShardCoordinator - passivation-race-entity: Starting shutting down shards [885] due to region shutting down or explicit stopping of shards.
08:03:50.124 INFO  a.c.sharding.DDataShardCoordinator - sharded-daemon-process-eventSourcedProjection-passivation-race-entity-passivation-race-consumer-b: Starting shutting down shards [0] due to region shutting down or explicit stopping of shards.
08:03:50.124 DEBUG a.c.s.ShardCoordinator$RebalanceWorker - sharded-daemon-process-eventSourcedProjection-passivation-race-entity-passivation-race-consumer-a: Shutting down shard [0] from region [Actor[akka://akka-runtime/system/sharding/sharded-daemon-process-eventSourcedProjection-passivation-race-entity-passivation-race-consumer-a#-230956737]]. Asking [1] region(s) to hand-off shard
08:03:50.124 DEBUG a.c.s.ShardCoordinator$RebalanceWorker - sharded-daemon-process-eventSourcedProjection-passivation-race-entity-passivation-race-consumer-a: BeginHandOffAck for shard [0] received from [Actor[akka://akka-runtime/system/sharding/sharded-daemon-process-eventSourcedProjection-passivation-race-entity-passivation-race-consumer-a#-230956737]].
08:03:50.124 DEBUG a.c.s.ShardCoordinator$RebalanceWorker - sharded-daemon-process-eventSourcedProjection-passivation-race-entity-passivation-race-consumer-a: All shard regions acked, handing off shard [0].
08:03:50.124 DEBUG akka.cluster.sharding.Shard - sharded-daemon-process-eventSourcedProjection-passivation-race-entity-passivation-race-consumer-b: Shard initialized
08:03:50.124 DEBUG akka.cluster.sharding.Shard - sharded-daemon-process-eventSourcedProjection-passivation-race-entity-passivation-race-consumer-a: Shard initialized
08:03:50.124 DEBUG a.c.s.ShardCoordinator$RebalanceWorker - sharded-daemon-process-eventSourcedProjection-passivation-race-entity-passivation-race-consumer-b: Shutting down shard [0] from region [Actor[akka://akka-runtime/system/sharding/sharded-daemon-process-eventSourcedProjection-passivation-race-entity-passivation-race-consumer-b#275883938]]. Asking [1] region(s) to hand-off shard
08:03:50.125 WARN  akka.cluster.sharding.ShardRegion - sharded-daemon-process-eventSourcedProjection-passivation-race-entity-passivation-race-consumer-a: Dropping [1] buffered messages to shard [0] during hand off to avoid re-ordering
08:03:50.125 DEBUG akka.cluster.sharding.Shard - sharded-daemon-process-eventSourcedProjection-passivation-race-entity-passivation-race-consumer-a: HandOff shard [0]
08:03:50.125 DEBUG akka.cluster.sharding.Shard - sharded-daemon-process-eventSourcedProjection-passivation-race-entity-passivation-race-consumer-a: Shard [0] shutting down
08:03:50.125 DEBUG a.c.sharding.DDataShardCoordinator - sharded-daemon-process-eventSourcedProjection-passivation-race-entity-passivation-race-consumer-a: Shard [0] deallocation completed successfully.
08:03:50.125 DEBUG akka.cluster.sharding.Shard - passivation-race-entity: Shard initialized
08:03:50.125 DEBUG a.c.sharding.DDataShardCoordinator - sharded-daemon-process-eventSourcedProjection-passivation-race-entity-passivation-race-view: Shard [0] allocated at [Actor[akka://akka-runtime/system/sharding/sharded-daemon-process-eventSourcedProjection-passivation-race-entity-passivation-race-view#-1941279354]]
08:03:50.125 DEBUG a.c.sharding.DDataShardCoordinator - sharded-daemon-process-eventSourcedProjection-passivation-race-entity-passivation-race-consumer-a: The coordinator state was successfully updated with ShardHomeDeallocated(0)
08:03:50.125 DEBUG a.c.sharding.DDataShardCoordinator - sharded-daemon-process-eventSourcedProjection-passivation-race-entity-passivation-race-consumer-a: Shard [0] deallocated after
08:03:50.125 DEBUG a.c.s.ShardCoordinator$RebalanceWorker - passivation-race-entity: Shutting down shard [885] from region [Actor[akka://akka-runtime/system/sharding/passivation-race-entity#237992586]]. Asking [1] region(s) to hand-off shard
08:03:50.125 DEBUG a.c.sharding.DDataShardCoordinator - sharded-daemon-process-eventSourcedProjection-passivation-race-entity-passivation-race-consumer-a: ShardRegion terminated (gracefully): [Actor[akka://akka-runtime/system/sharding/sharded-daemon-process-eventSourcedProjection-passivation-race-entity-passivation-race-consumer-a#-230956737]] {}
08:03:50.125 DEBUG a.c.sharding.DDataShardCoordinator - sharded-daemon-process-eventSourcedProjection-passivation-race-entity-passivation-race-view: Graceful shutdown of region [Actor[akka://akka-runtime/system/sharding/sharded-daemon-process-eventSourcedProjection-passivation-race-entity-passivation-race-view#-1941279354]] with [1] shards
08:03:50.125 INFO  a.c.sharding.DDataShardCoordinator - sharded-daemon-process-eventSourcedProjection-passivation-race-entity-passivation-race-view: Starting shutting down shards [0] due to region shutting down or explicit stopping of shards.
08:03:50.125 DEBUG a.c.s.ShardCoordinator$RebalanceWorker - passivation-race-entity: BeginHandOffAck for shard [885] received from [Actor[akka://akka-runtime/system/sharding/passivation-race-entity#237992586]].
08:03:50.125 DEBUG a.c.s.ShardCoordinator$RebalanceWorker - passivation-race-entity: All shard regions acked, handing off shard [885].
08:03:50.125 DEBUG a.c.sharding.DDataShardCoordinator - sharded-daemon-process-eventSourcedProjection-passivation-race-entity-passivation-race-consumer-a: GetShardHome [0] request from [Actor[akka://local/ignore]] stashed, because waiting for initial state or update of state. It will be handled afterwards.
08:03:50.125 DEBUG akka.cluster.sharding.Shard - sharded-daemon-process-eventSourcedProjection-passivation-race-entity-passivation-race-consumer-b: Request to start entity [0] and ack to [Some(Actor[akka://akka-runtime/deadLetters])]
08:03:50.125 DEBUG a.c.sharding.DDataShardCoordinator - sharded-daemon-process-eventSourcedProjection-passivation-race-entity-passivation-race-consumer-a: The coordinator state was successfully updated with ShardRegionTerminated(Actor[akka://akka-runtime/system/sharding/sharded-daemon-process-eventSourcedProjection-passivation-race-entity-passivation-race-consumer-a#-230956737])
08:03:50.125 DEBUG akka.cluster.sharding.Shard - sharded-daemon-process-eventSourcedProjection-passivation-race-entity-passivation-race-view: Shard initialized
08:03:50.125 DEBUG a.c.sharding.DDataShardCoordinator - sharded-daemon-process-eventSourcedProjection-passivation-race-entity-passivation-race-consumer-a: ShardRegion stopped: [Actor[akka://akka-runtime/system/sharding/sharded-daemon-process-eventSourcedProjection-passivation-race-entity-passivation-race-consumer-a#-230956737]]
08:03:50.125 DEBUG a.c.s.ShardCoordinator$RebalanceWorker - sharded-daemon-process-eventSourcedProjection-passivation-race-entity-passivation-race-view: Shutting down shard [0] from region [Actor[akka://akka-runtime/system/sharding/sharded-daemon-process-eventSourcedProjection-passivation-race-entity-passivation-race-view#-1941279354]]. Asking [1] region(s) to hand-off shard
08:03:50.125 DEBUG akka.cluster.sharding.Shard - sharded-daemon-process-eventSourcedProjection-passivation-race-entity-passivation-race-consumer-b: Started entity [Actor[akka://akka-runtime/system/sharding/sharded-daemon-process-eventSourcedProjection-passivation-race-entity-passivation-race-consumer-b/0/0#-2010898307]] with entity id [0] in shard [0]
08:03:50.125 DEBUG akka.cluster.sharding.Shard - sharded-daemon-process-eventSourcedProjection-passivation-race-entity-passivation-race-view: Request to start entity [0] and ack to [Some(Actor[akka://akka-runtime/deadLetters])]
08:03:50.125 DEBUG a.c.s.t.i.ShardedDaemonProcessState$ - eventSourcedProjection-passivation-race-entity-passivation-race-consumer-b: Deferred start of worker to verify its revision [0] is the latest
08:03:50.125 DEBUG a.c.s.t.i.ShardedDaemonProcessState$ - eventSourcedProjection-passivation-race-entity-passivation-race-view: Deferred start of worker to verify its revision [0] is the latest
08:03:50.126 DEBUG akka.cluster.sharding.Shard - sharded-daemon-process-eventSourcedProjection-passivation-race-entity-passivation-race-view: Started entity [Actor[akka://akka-runtime/system/sharding/sharded-daemon-process-eventSourcedProjection-passivation-race-entity-passivation-race-view/0/0#587612354]] with entity id [0] in shard [0]
08:03:50.126 DEBUG a.c.s.ShardCoordinator$RebalanceWorker - sharded-daemon-process-eventSourcedProjection-passivation-race-entity-passivation-race-consumer-b: BeginHandOffAck for shard [0] received from [Actor[akka://akka-runtime/system/sharding/sharded-daemon-process-eventSourcedProjection-passivation-race-entity-passivation-race-consumer-b#275883938]].
08:03:50.126 DEBUG a.c.s.ShardCoordinator$RebalanceWorker - sharded-daemon-process-eventSourcedProjection-passivation-race-entity-passivation-race-consumer-b: All shard regions acked, handing off shard [0].
08:03:50.126 DEBUG akka.cluster.sharding.Shard - sharded-daemon-process-eventSourcedProjection-passivation-race-entity-passivation-race-consumer-b: HandOff shard [0]
08:03:50.126 DEBUG a.c.s.ShardCoordinator$RebalanceWorker - sharded-daemon-process-eventSourcedProjection-passivation-race-entity-passivation-race-view: BeginHandOffAck for shard [0] received from [Actor[akka://akka-runtime/system/sharding/sharded-daemon-process-eventSourcedProjection-passivation-race-entity-passivation-race-view#-1941279354]].
08:03:50.126 DEBUG a.c.s.ShardCoordinator$RebalanceWorker - sharded-daemon-process-eventSourcedProjection-passivation-race-entity-passivation-race-view: All shard regions acked, handing off shard [0].
08:03:50.126 DEBUG akka.cluster.sharding.Shard - sharded-daemon-process-eventSourcedProjection-passivation-race-entity-passivation-race-consumer-b: Starting HandOffStopper for shard [0] to terminate [1] entities.
08:03:50.126 DEBUG akka.cluster.sharding.Shard - passivation-race-entity: Started entity [Actor[akka://akka-runtime/system/sharding/passivation-race-entity/885/ed9b3e63-d0a5-4a5d-ae8c-b3aea030461e#1708195729]] with entity id [ed9b3e63-d0a5-4a5d-ae8c-b3aea030461e] in shard [885]
08:03:50.126 DEBUG akka.cluster.sharding.Shard - passivation-race-entity: HandOff shard [885]
08:03:50.126 DEBUG akka.cluster.sharding.Shard - passivation-race-entity: Starting HandOffStopper for shard [885] to terminate [1] entities.
08:03:50.126 DEBUG akka.cluster.sharding.Shard - sharded-daemon-process-eventSourcedProjection-passivation-race-entity-passivation-race-view: HandOff shard [0]
08:03:50.126 DEBUG akka.cluster.sharding.Shard - sharded-daemon-process-eventSourcedProjection-passivation-race-entity-passivation-race-view: Starting HandOffStopper for shard [0] to terminate [1] entities.
08:03:50.126 INFO  a.c.s.t.i.ShardedDaemonProcessState$ - eventSourcedProjection-passivation-race-entity-passivation-race-view: Starting Sharded Daemon Process [0] out of a total [1] (revision [0] and no state found)
08:03:50.126 INFO  a.c.s.t.i.ShardedDaemonProcessState$ - eventSourcedProjection-passivation-race-entity-passivation-race-consumer-b: Starting Sharded Daemon Process [0] out of a total [1] (revision [0] and no state found)
08:03:50.126 DEBUG akka.cluster.sharding.Shard - sharded-daemon-process-eventSourcedProjection-passivation-race-entity-passivation-race-view: Shard [0] shutting down
08:03:50.126 DEBUG a.c.sharding.DDataShardCoordinator - sharded-daemon-process-eventSourcedProjection-passivation-race-entity-passivation-race-view: Shard [0] deallocation completed successfully.
08:03:50.126 DEBUG a.c.sharding.DDataShardCoordinator - sharded-daemon-process-eventSourcedProjection-passivation-race-entity-passivation-race-view: The coordinator state was successfully updated with ShardHomeDeallocated(0)
08:03:50.126 DEBUG a.c.sharding.DDataShardCoordinator - sharded-daemon-process-eventSourcedProjection-passivation-race-entity-passivation-race-view: Shard [0] deallocated after
08:03:50.126 DEBUG a.c.sharding.DDataShardCoordinator - sharded-daemon-process-eventSourcedProjection-passivation-race-entity-passivation-race-view: ShardRegion terminated (gracefully): [Actor[akka://akka-runtime/system/sharding/sharded-daemon-process-eventSourcedProjection-passivation-race-entity-passivation-race-view#-1941279354]] {}
08:03:50.126 DEBUG a.c.sharding.DDataShardCoordinator - sharded-daemon-process-eventSourcedProjection-passivation-race-entity-passivation-race-view: GetShardHome [0] request from [Actor[akka://local/ignore]] stashed, because waiting for initial state or update of state. It will be handled afterwards.
08:03:50.126 DEBUG a.c.sharding.DDataShardCoordinator - sharded-daemon-process-eventSourcedProjection-passivation-race-entity-passivation-race-view: The coordinator state was successfully updated with ShardRegionTerminated(Actor[akka://akka-runtime/system/sharding/sharded-daemon-process-eventSourcedProjection-passivation-race-entity-passivation-race-view#-1941279354])
08:03:50.126 DEBUG a.c.sharding.DDataShardCoordinator - sharded-daemon-process-eventSourcedProjection-passivation-race-entity-passivation-race-view: ShardRegion stopped: [Actor[akka://akka-runtime/system/sharding/sharded-daemon-process-eventSourcedProjection-passivation-race-entity-passivation-race-view#-1941279354]]
08:03:50.141 DEBUG a.c.sharding.DDataShardCoordinator - passivation-race-entity: Shard [885] deallocation completed successfully.
08:03:50.141 DEBUG akka.cluster.sharding.Shard - passivation-race-entity: Shard [885] shutting down
08:03:50.142 DEBUG a.c.sharding.DDataShardCoordinator - passivation-race-entity: The coordinator state was successfully updated with ShardHomeDeallocated(885)
08:03:50.142 DEBUG a.c.sharding.DDataShardCoordinator - passivation-race-entity: Shard [885] deallocated after
08:03:50.142 DEBUG a.c.sharding.DDataShardCoordinator - passivation-race-entity: ShardRegion terminated (gracefully): [Actor[akka://akka-runtime/system/sharding/passivation-race-entity#237992586]] {}
08:03:50.142 DEBUG a.c.sharding.DDataShardCoordinator - passivation-race-entity: GetShardHome [885] request from [Actor[akka://local/ignore]] stashed, because waiting for initial state or update of state. It will be handled afterwards.
08:03:50.142 DEBUG a.c.sharding.DDataShardCoordinator - passivation-race-entity: The coordinator state was successfully updated with ShardRegionTerminated(Actor[akka://akka-runtime/system/sharding/passivation-race-entity#237992586])
08:03:50.142 DEBUG a.c.sharding.DDataShardCoordinator - passivation-race-entity: ShardRegion stopped: [Actor[akka://akka-runtime/system/sharding/passivation-race-entity#237992586]]
08:03:50.142 ERROR repro.Bootstrap - onStartup() threw an exception
java.util.concurrent.TimeoutException: Command to entity [passivation-race-entity] id [490c5ec4-befa-4c69-b15c-eae58e5bb26f] timed out.
	at kalix.runtime.eventsourcedentity.EventSourcedSupport$$anonfun$$nestedInanonfun$handleCommand$1$1.applyOrElse(EventSourcedEntitySupportFactory.scala:191)
	at kalix.runtime.eventsourcedentity.EventSourcedSupport$$anonfun$$nestedInanonfun$handleCommand$1$1.applyOrElse(EventSourcedEntitySupportFactory.scala:189)
	at scala.concurrent.impl.Promise$Transformation.run(Promise.scala:523)
	at akka.dispatch.BatchingExecutor$AbstractBatch.processBatch(BatchingExecutor.scala:64)
	at akka.dispatch.BatchingExecutor$BlockableBatch.$anonfun$run$1(BatchingExecutor.scala:101)
	at scala.runtime.java8.JFunction0$mcV$sp.apply(JFunction0$mcV$sp.scala:18)
	at scala.concurrent.BlockContext$.withBlockContext(BlockContext.scala:94)
	at akka.dispatch.BatchingExecutor$BlockableBatch.run(BatchingExecutor.scala:101)
	at akka.dispatch.TaskInvocation.run(AbstractDispatcher.scala:48)
	at akka.dispatch.ForkJoinExecutorConfigurator$AkkaForkJoinTask.exec(ForkJoinExecutorConfigurator.scala:60)
	at java.base/java.util.concurrent.ForkJoinTask.doExec(ForkJoinTask.java:507)
	at java.base/java.util.concurrent.ForkJoinPool$WorkQueue.topLevelExec(ForkJoinPool.java:1450)
	at java.base/java.util.concurrent.ForkJoinPool.runWorker(ForkJoinPool.java:2019)
	at java.base/java.util.concurrent.ForkJoinWorkerThread.run(ForkJoinWorkerThread.java:187)
08:03:50.893 WARN  a.c.s.ShardRegion$HandOffStopper - sharded-daemon-process-eventSourcedProjection-passivation-race-entity-passivation-race-consumer-b: [1] of the entities in shard [0] not stopped after [750 milliseconds]. Maybe the handOffStopMessage [akka.projection.ProjectionBehavior$Stop$] is not handled? Waiting additional [250 milliseconds] before stopping the remaining entities.
08:03:51.143 WARN  a.c.s.ShardRegion$HandOffStopper - sharded-daemon-process-eventSourcedProjection-passivation-race-entity-passivation-race-consumer-b: HandOffStopMessage [akka.projection.ProjectionBehavior$Stop$] is not handled by some of the entities in shard [0] after [1 second], stopping the remaining [1] entities.
08:03:51.143 DEBUG a.c.sharding.DDataShardCoordinator - sharded-daemon-process-eventSourcedProjection-passivation-race-entity-passivation-race-consumer-b: Shard [0] deallocation completed successfully.
08:03:51.143 DEBUG akka.cluster.sharding.Shard - sharded-daemon-process-eventSourcedProjection-passivation-race-entity-passivation-race-consumer-b: Shard [0] shutting down
08:03:51.144 DEBUG akka.actor.CoordinatedShutdown - Performing phase [cluster-leave] with [1] tasks.
08:03:51.144 DEBUG akka.actor.CoordinatedShutdown - Performing task [leave] in CoordinatedShutdown phase [cluster-leave]
08:03:51.144 DEBUG a.c.sharding.DDataShardCoordinator - sharded-daemon-process-eventSourcedProjection-passivation-race-entity-passivation-race-consumer-b: The coordinator state was successfully updated with ShardHomeDeallocated(0)
08:03:51.144 DEBUG a.c.sharding.DDataShardCoordinator - sharded-daemon-process-eventSourcedProjection-passivation-race-entity-passivation-race-consumer-b: Shard [0] deallocated after
08:03:51.144 DEBUG a.c.sharding.DDataShardCoordinator - sharded-daemon-process-eventSourcedProjection-passivation-race-entity-passivation-race-consumer-b: ShardRegion terminated (gracefully): [Actor[akka://akka-runtime/system/sharding/sharded-daemon-process-eventSourcedProjection-passivation-race-entity-passivation-race-consumer-b#275883938]] {}
08:03:51.144 DEBUG a.c.sharding.DDataShardCoordinator - sharded-daemon-process-eventSourcedProjection-passivation-race-entity-passivation-race-consumer-b: GetShardHome [0] request from [Actor[akka://local/ignore]] stashed, because waiting for initial state or update of state. It will be handled afterwards.
08:03:51.144 WARN  a.s.s.RestartWithBackoffSource - Restarting stream due to failure [1]: akka.projection.r2dbc.internal.R2dbcOffsetStore$AttemptToUseStoppedOffsetStore: eventSourcedProjection-passivation-race-entity-passivation-race-consumer-b [0-1023], correlation [dee6b5b2-5c77-4771-87b6-3c690f9921e2]: R2dbcOffsetStore was stopped
08:03:51.144 DEBUG a.c.sharding.DDataShardCoordinator - sharded-daemon-process-eventSourcedProjection-passivation-race-entity-passivation-race-consumer-b: The coordinator state was successfully updated with ShardRegionTerminated(Actor[akka://akka-runtime/system/sharding/sharded-daemon-process-eventSourcedProjection-passivation-race-entity-passivation-race-consumer-b#275883938])
08:03:51.144 DEBUG a.c.sharding.DDataShardCoordinator - sharded-daemon-process-eventSourcedProjection-passivation-race-entity-passivation-race-consumer-b: ShardRegion stopped: [Actor[akka://akka-runtime/system/sharding/sharded-daemon-process-eventSourcedProjection-passivation-race-entity-passivation-race-consumer-b#275883938]]
08:03:51.145 DEBUG akka.actor.CoordinatedShutdown - Performing phase [cluster-exiting] with [28] tasks.
08:03:51.145 DEBUG akka.actor.CoordinatedShutdown - Performing task [wait-singleton-exiting] in CoordinatedShutdown phase [cluster-exiting]
08:03:51.145 DEBUG akka.actor.CoordinatedShutdown - Performing task [wait-singleton-exiting] in CoordinatedShutdown phase [cluster-exiting]
08:03:51.145 DEBUG akka.actor.CoordinatedShutdown - Performing task [singleton-exiting-1] in CoordinatedShutdown phase [cluster-exiting]
08:03:51.145 DEBUG akka.actor.CoordinatedShutdown - Performing task [singleton-exiting-2] in CoordinatedShutdown phase [cluster-exiting]
08:03:51.145 DEBUG akka.actor.CoordinatedShutdown - Performing task [singleton-exiting-1] in CoordinatedShutdown phase [cluster-exiting]
08:03:51.145 DEBUG akka.actor.CoordinatedShutdown - Performing task [wait-singleton-exiting] in CoordinatedShutdown phase [cluster-exiting]
08:03:51.145 DEBUG akka.actor.CoordinatedShutdown - Performing task [singleton-exiting-2] in CoordinatedShutdown phase [cluster-exiting]
08:03:51.145 DEBUG akka.actor.CoordinatedShutdown - Performing task [singleton-exiting-1] in CoordinatedShutdown phase [cluster-exiting]
08:03:51.145 INFO  a.c.s.ClusterSingletonManager - Oldest observed OldestChanged: [akka://akka-runtime@127.0.0.1:62816 -> None]
08:03:51.145 DEBUG akka.actor.CoordinatedShutdown - Performing task [wait-singleton-exiting] in CoordinatedShutdown phase [cluster-exiting]
08:03:51.145 DEBUG akka.actor.CoordinatedShutdown - Performing task [wait-singleton-exiting] in CoordinatedShutdown phase [cluster-exiting]
08:03:51.145 DEBUG akka.actor.CoordinatedShutdown - Performing task [singleton-exiting-1] in CoordinatedShutdown phase [cluster-exiting]
08:03:51.145 DEBUG akka.actor.CoordinatedShutdown - Performing task [singleton-exiting-1] in CoordinatedShutdown phase [cluster-exiting]
08:03:51.145 INFO  a.c.s.ClusterSingletonManager - ClusterSingletonManager state change [Oldest -> WasOldest]
08:03:51.145 DEBUG akka.actor.CoordinatedShutdown - Performing task [singleton-exiting-2] in CoordinatedShutdown phase [cluster-exiting]
08:03:51.145 DEBUG akka.actor.CoordinatedShutdown - Performing task [wait-singleton-exiting] in CoordinatedShutdown phase [cluster-exiting]
08:03:51.145 DEBUG akka.actor.CoordinatedShutdown - Performing task [singleton-exiting-1] in CoordinatedShutdown phase [cluster-exiting]
08:03:51.145 INFO  a.c.s.ClusterSingletonManager - Exited [akka://akka-runtime@127.0.0.1:62816].
08:03:51.145 DEBUG akka.actor.CoordinatedShutdown - Performing task [singleton-exiting-2] in CoordinatedShutdown phase [cluster-exiting]
08:03:51.145 DEBUG akka.actor.CoordinatedShutdown - Performing task [singleton-exiting-2] in CoordinatedShutdown phase [cluster-exiting]
08:03:51.145 DEBUG akka.actor.CoordinatedShutdown - Performing task [singleton-exiting-1] in CoordinatedShutdown phase [cluster-exiting]
08:03:51.145 INFO  a.c.s.ClusterSingletonManager - Exited [akka://akka-runtime@127.0.0.1:62816].
08:03:51.145 DEBUG akka.actor.CoordinatedShutdown - Performing task [singleton-exiting-1] in CoordinatedShutdown phase [cluster-exiting]
08:03:51.145 INFO  a.c.s.ClusterSingletonManager - Oldest observed OldestChanged: [akka://akka-runtime@127.0.0.1:62816 -> None]
08:03:51.145 DEBUG akka.actor.CoordinatedShutdown - Performing task [singleton-exiting-1] in CoordinatedShutdown phase [cluster-exiting]
08:03:51.145 DEBUG akka.actor.CoordinatedShutdown - Performing task [singleton-exiting-2] in CoordinatedShutdown phase [cluster-exiting]
08:03:51.145 INFO  a.c.s.ClusterSingletonManager - ClusterSingletonManager state change [Oldest -> WasOldest]
08:03:51.145 DEBUG akka.actor.CoordinatedShutdown - Performing task [wait-exiting] in CoordinatedShutdown phase [cluster-exiting]
08:03:51.145 DEBUG akka.actor.CoordinatedShutdown - Performing task [wait-singleton-exiting] in CoordinatedShutdown phase [cluster-exiting]
08:03:51.145 DEBUG akka.actor.CoordinatedShutdown - Performing task [singleton-exiting-2] in CoordinatedShutdown phase [cluster-exiting]
08:03:51.145 INFO  a.c.s.ClusterSingletonManager - Oldest observed OldestChanged: [akka://akka-runtime@127.0.0.1:62816 -> None]
08:03:51.145 DEBUG akka.actor.CoordinatedShutdown - Performing task [singleton-exiting-2] in CoordinatedShutdown phase [cluster-exiting]
08:03:51.145 INFO  a.c.s.ClusterSingletonManager - ClusterSingletonManager state change [Oldest -> WasOldest]
08:03:51.145 DEBUG akka.actor.CoordinatedShutdown - Performing task [wait-singleton-exiting] in CoordinatedShutdown phase [cluster-exiting]
08:03:51.145 DEBUG akka.actor.CoordinatedShutdown - Performing task [wait-singleton-exiting] in CoordinatedShutdown phase [cluster-exiting]
08:03:51.145 DEBUG akka.actor.CoordinatedShutdown - Performing task [singleton-exiting-2] in CoordinatedShutdown phase [cluster-exiting]
08:03:51.145 INFO  a.c.s.ClusterSingletonManager - Exited [akka://akka-runtime@127.0.0.1:62816].
08:03:51.145 INFO  a.c.s.ClusterSingletonManager - Exited [akka://akka-runtime@127.0.0.1:62816].
08:03:51.145 INFO  a.c.s.ClusterSingletonManager - Exited [akka://akka-runtime@127.0.0.1:62816].
08:03:51.145 INFO  a.c.s.ClusterSingletonManager - Oldest observed OldestChanged: [akka://akka-runtime@127.0.0.1:62816 -> None]
08:03:51.145 INFO  a.c.s.ClusterSingletonManager - ClusterSingletonManager state change [Oldest -> WasOldest]
08:03:51.145 INFO  a.c.s.ClusterSingletonManager - Exited [akka://akka-runtime@127.0.0.1:62816].
08:03:51.145 INFO  a.c.s.ClusterSingletonManager - Exited [akka://akka-runtime@127.0.0.1:62816].
08:03:51.145 INFO  a.c.s.ClusterSingletonManager - Exited [akka://akka-runtime@127.0.0.1:62816].
08:03:51.145 INFO  a.c.s.ClusterSingletonManager - Oldest observed OldestChanged: [akka://akka-runtime@127.0.0.1:62816 -> None]
08:03:51.145 INFO  a.c.s.ClusterSingletonManager - Oldest observed OldestChanged: [akka://akka-runtime@127.0.0.1:62816 -> None]
08:03:51.145 INFO  a.c.s.ClusterSingletonManager - Oldest observed OldestChanged: [akka://akka-runtime@127.0.0.1:62816 -> None]
08:03:51.145 INFO  a.c.s.ClusterSingletonManager - ClusterSingletonManager state change [Oldest -> WasOldest]
08:03:51.145 INFO  a.c.s.ClusterSingletonManager - ClusterSingletonManager state change [Oldest -> WasOldest]
08:03:51.145 INFO  a.c.s.ClusterSingletonManager - ClusterSingletonManager state change [Oldest -> WasOldest]
08:03:51.145 INFO  a.c.s.ClusterSingletonManager - Exited [akka://akka-runtime@127.0.0.1:62816].
08:03:51.146 INFO  a.c.s.ClusterSingletonManager - Oldest observed OldestChanged: [akka://akka-runtime@127.0.0.1:62816 -> None]
08:03:51.146 INFO  a.c.s.ClusterSingletonManager - Oldest observed OldestChanged: [akka://akka-runtime@127.0.0.1:62816 -> None]
08:03:51.146 INFO  a.c.s.ClusterSingletonManager - ClusterSingletonManager state change [Oldest -> WasOldest]
08:03:51.146 INFO  a.c.s.ClusterSingletonManager - ClusterSingletonManager state change [Oldest -> WasOldest]
08:03:51.783 DEBUG a.c.singleton.ClusterSingletonProxy - Creating singleton identification timer...
08:03:51.783 DEBUG a.c.singleton.ClusterSingletonProxy - Creating singleton identification timer...
08:03:51.783 DEBUG a.c.singleton.ClusterSingletonProxy - Creating singleton identification timer...
08:03:51.783 DEBUG a.c.singleton.ClusterSingletonProxy - Creating singleton identification timer...
08:03:52.162 INFO  a.c.s.ClusterSingletonManager - Singleton manager stopping singleton actor [akka://akka-runtime/system/sharding/_timerCoordinator/singleton]
08:03:52.162 INFO  a.c.s.ClusterSingletonManager - Singleton manager stopping singleton actor [akka://akka-runtime/system/singletonManagerShardedDaemonProcessCoordinator-eventSourcedProjection-passivation-race-entity-passivation-race-consumer-b/ShardedDaemonProcessCoordinator-eventSourcedProjection-passivation-race-entity-passivation-race-consumer-b]
08:03:52.162 INFO  a.c.s.ClusterSingletonManager - Singleton manager stopping singleton actor [akka://akka-runtime/system/singletonManagerShardedDaemonProcessCoordinator-eventSourcedProjection-passivation-race-entity-passivation-race-consumer-a/ShardedDaemonProcessCoordinator-eventSourcedProjection-passivation-race-entity-passivation-race-consumer-a]
08:03:52.162 INFO  a.c.s.ClusterSingletonManager - Singleton manager stopping singleton actor [akka://akka-runtime/system/singletonManagerschemaSingleton/schemaSingleton]
08:03:52.162 INFO  a.c.s.ClusterSingletonManager - Singleton manager stopping singleton actor [akka://akka-runtime/system/sharding/sharded-daemon-process-eventSourcedProjection-passivation-race-entity-passivation-race-viewCoordinator/singleton]
08:03:52.162 INFO  a.c.s.ClusterSingletonManager - ClusterSingletonManager state change [WasOldest -> Stopping]
08:03:52.162 INFO  a.c.s.ClusterSingletonManager - ClusterSingletonManager state change [WasOldest -> Stopping]
08:03:52.162 INFO  a.c.s.ClusterSingletonManager - ClusterSingletonManager state change [WasOldest -> Stopping]
08:03:52.162 INFO  a.c.s.ClusterSingletonManager - Singleton manager stopping singleton actor [akka://akka-runtime/system/singletonManagerShardedDaemonProcessCoordinator-eventSourcedProjection-passivation-race-entity-passivation-race-view/ShardedDaemonProcessCoordinator-eventSourcedProjection-passivation-race-entity-passivation-race-view]
08:03:52.163 INFO  a.c.s.ClusterSingletonManager - ClusterSingletonManager state change [WasOldest -> Stopping]
08:03:52.163 DEBUG a.c.sharding.DDataShardCoordinator - sharded-daemon-process-eventSourcedProjection-passivation-race-entity-passivation-race-view: Received termination message.
08:03:52.163 DEBUG a.c.sharding.DDataShardCoordinator - _timer: Received termination message.
08:03:52.163 INFO  a.c.s.ClusterSingletonManager - Singleton actor [akka://akka-runtime/system/singletonManagerschemaSingleton/schemaSingleton] was terminated
08:03:52.163 INFO  a.c.s.ClusterSingletonManager - Singleton actor [akka://akka-runtime/system/singletonManagerShardedDaemonProcessCoordinator-eventSourcedProjection-passivation-race-entity-passivation-race-view/ShardedDaemonProcessCoordinator-eventSourcedProjection-passivation-race-entity-passivation-race-view] was terminated
08:03:52.163 INFO  a.c.s.ClusterSingletonManager - Singleton manager stopping singleton actor [akka://akka-runtime/system/sharding/passivation-race-entityCoordinator/singleton]
08:03:52.163 INFO  a.c.s.ClusterSingletonManager - ClusterSingletonManager state change [WasOldest -> Stopping]
08:03:52.163 INFO  a.c.s.ClusterSingletonManager - Singleton actor [akka://akka-runtime/system/sharding/_timerCoordinator/singleton] was terminated
08:03:52.163 INFO  a.c.s.ClusterSingletonManager - Singleton manager stopping singleton actor [akka://akka-runtime/system/sharding/sharded-daemon-process-eventSourcedProjection-passivation-race-entity-passivation-race-consumer-bCoordinator/singleton]
08:03:52.163 DEBUG a.c.sharding.DDataShardCoordinator - passivation-race-entity: Received termination message.
08:03:52.163 INFO  a.c.s.ClusterSingletonManager - ClusterSingletonManager state change [WasOldest -> Stopping]
08:03:52.163 DEBUG a.c.sharding.DDataShardCoordinator - sharded-daemon-process-eventSourcedProjection-passivation-race-entity-passivation-race-consumer-b: Received termination message.
08:03:52.163 INFO  a.c.s.ClusterSingletonManager - Singleton manager stopping singleton actor [akka://akka-runtime/system/sharding/sharded-daemon-process-eventSourcedProjection-passivation-race-entity-passivation-race-consumer-aCoordinator/singleton]
08:03:52.163 INFO  a.c.s.ClusterSingletonManager - Singleton actor [akka://akka-runtime/system/sharding/sharded-daemon-process-eventSourcedProjection-passivation-race-entity-passivation-race-consumer-bCoordinator/singleton] was terminated
08:03:52.163 INFO  a.c.s.ClusterSingletonManager - ClusterSingletonManager state change [WasOldest -> Stopping]
08:03:52.163 INFO  a.c.s.ClusterSingletonManager - Singleton actor [akka://akka-runtime/system/sharding/passivation-race-entityCoordinator/singleton] was terminated
08:03:52.163 INFO  a.c.s.ClusterSingletonManager - Singleton actor [akka://akka-runtime/system/sharding/sharded-daemon-process-eventSourcedProjection-passivation-race-entity-passivation-race-viewCoordinator/singleton] was terminated
08:03:52.163 DEBUG a.c.sharding.DDataShardCoordinator - sharded-daemon-process-eventSourcedProjection-passivation-race-entity-passivation-race-consumer-a: Received termination message.
08:03:52.163 INFO  a.c.s.ClusterSingletonManager - Singleton actor [akka://akka-runtime/system/sharding/sharded-daemon-process-eventSourcedProjection-passivation-race-entity-passivation-race-consumer-aCoordinator/singleton] was terminated
08:03:52.163 INFO  a.c.s.ClusterSingletonManager - ClusterSingletonManager state change [WasOldest -> Stopping]
08:03:52.163 INFO  a.c.s.ClusterSingletonManager - ClusterSingletonManager state change [WasOldest -> Stopping]
08:03:52.163 INFO  a.c.s.ClusterSingletonManager - Singleton actor [akka://akka-runtime/system/singletonManagerShardedDaemonProcessCoordinator-eventSourcedProjection-passivation-race-entity-passivation-race-consumer-b/ShardedDaemonProcessCoordinator-eventSourcedProjection-passivation-race-entity-passivation-race-consumer-b] was terminated
08:03:52.163 INFO  a.c.s.ClusterSingletonManager - Singleton actor [akka://akka-runtime/system/singletonManagerShardedDaemonProcessCoordinator-eventSourcedProjection-passivation-race-entity-passivation-race-consumer-a/ShardedDaemonProcessCoordinator-eventSourcedProjection-passivation-race-entity-passivation-race-consumer-a] was terminated
08:03:52.164 DEBUG akka.actor.CoordinatedShutdown - Performing phase [cluster-exiting-done] with [1] tasks.
08:03:52.164 DEBUG akka.actor.CoordinatedShutdown - Performing task [exiting-completed] in CoordinatedShutdown phase [cluster-exiting-done]
08:03:52.164 DEBUG akka.actor.CoordinatedShutdown - Performing phase [cluster-shutdown] with [1] tasks.
08:03:52.164 DEBUG akka.actor.CoordinatedShutdown - Performing task [wait-shutdown] in CoordinatedShutdown phase [cluster-shutdown]
08:03:52.165 DEBUG akka.actor.CoordinatedShutdown - Performing phase [before-actor-system-terminate] with [2] tasks.
08:03:52.165 DEBUG akka.actor.CoordinatedShutdown - Performing task [close connection pools] in CoordinatedShutdown phase [before-actor-system-terminate]
08:03:52.165 DEBUG akka.actor.CoordinatedShutdown - Performing task [close-grpc-channels] in CoordinatedShutdown phase [before-actor-system-terminate]
08:03:52.166 DEBUG akka.actor.CoordinatedShutdown - Performing phase [actor-system-terminate] with [1] tasks.
08:03:52.166 DEBUG akka.actor.CoordinatedShutdown - Performing task [terminate-system] in CoordinatedShutdown phase [actor-system-terminate]
08:03:52.216 INFO  akka.runtime.AkkaRuntimeMain - Starting Akka Runtime version [1.6.15]
08:03:52.221 INFO  akka.javasdk.impl.ComponentLocator$ - Looking for component descriptors matching pattern [META-INF/akka-javasdk-components_*.conf]
08:03:52.233 INFO  akka.javasdk.testkit.TestKit - Eventing TestKit booting up on port: 62820
08:03:52.234 DEBUG a.c.singleton.ClusterSingletonProxy - Creating singleton identification timer...
08:03:52.234 DEBUG a.c.singleton.ClusterSingletonProxy - Trying to identify singleton at [akka://akka-runtime@127.0.0.1:62821/system/singletonManagerschemaSingleton/schemaSingleton]
08:03:52.235 DEBUG a.c.singleton.ClusterSingletonProxy - Singleton not available, buffering message type [kalix.runtime.SchemaSingleton$ExecDdl]
08:03:52.235 INFO  akka.javasdk.testkit.TestKit - Checking runtime status
08:03:52.235 INFO  a.c.s.ClusterSingletonManager - Singleton manager starting singleton actor [akka://akka-runtime/system/singletonManagerschemaSingleton/schemaSingleton]
08:03:52.235 INFO  a.c.s.ClusterSingletonManager - ClusterSingletonManager state change [Start -> Oldest]
08:03:52.301 DEBUG a.c.singleton.ClusterSingletonProxy - Trying to identify singleton at [akka://akka-runtime@127.0.0.1:62821/system/singletonManagerschemaSingleton/schemaSingleton]
08:03:52.301 INFO  a.c.singleton.ClusterSingletonProxy - Singleton identified at [akka://akka-runtime/system/singletonManagerschemaSingleton/schemaSingleton]
08:03:52.301 DEBUG a.c.singleton.ClusterSingletonProxy - Sending buffered messages to current singleton instance
08:03:52.302 INFO  a.c.s.typed.scaladsl.ClusterSharding - Starting Shard Region [passivation-race-entity]...
08:03:52.303 INFO  akka.cluster.sharding.ShardRegion - passivation-race-entity: Automatic entity passivation: composite strategy with limit of [10000] active entities, admission window (least recently used entities) with proportions [initial = 0.01, min = 0.01, max = 1.0] adapting with hill-climbing optimizer [adjust multiplier = 10.0, initial step = 0.0625, restart threshold = 0.05, step decay = 0.98], admit using frequency sketch [width multiplier = 4, reset multiplier = 10.0, depth = 4, counter bits = 4], main (least recently used entities (segmented with [2] levels with proportions of [0.20, 0.80]))
08:03:52.303 INFO  a.c.s.ClusterSingletonManager - Singleton manager starting singleton actor [akka://akka-runtime/system/sharding/passivation-race-entityCoordinator/singleton]
08:03:52.303 INFO  a.c.s.ClusterSingletonManager - ClusterSingletonManager state change [Start -> Oldest]
08:03:52.303 DEBUG a.c.sharding.DDataShardCoordinator - passivation-race-entity: Initial coordinator is empty.
08:03:52.303 INFO  a.c.sharding.DDataShardCoordinator - passivation-race-entity: ShardCoordinator was moved to the active state with [0] shards
08:03:52.304 DEBUG a.c.singleton.ClusterSingletonProxy - Forwarding message of type [SchemaSingleton$ExecDdl] to current singleton instance at [akka://akka-runtime/system/singletonManagerschemaSingleton/schemaSingleton]
08:03:52.305 INFO  akka.runtime.DiscoveryManager - Service components: EventSourcedEntity: [1], Consumer: [2], View: [1]
08:03:52.306 INFO  a.c.s.typed.scaladsl.ClusterSharding - Starting Shard Region [_timer]...
08:03:52.306 INFO  a.c.s.typed.scaladsl.ClusterSharding - Starting Shard Region [sharded-daemon-process-eventSourcedProjection-passivation-race-entity-passivation-race-consumer-a]...
08:03:52.306 INFO  a.c.s.ClusterSingletonManager - Singleton manager starting singleton actor [akka://akka-runtime/system/sharding/_timerCoordinator/singleton]
08:03:52.306 INFO  a.c.s.ClusterSingletonManager - ClusterSingletonManager state change [Start -> Oldest]
08:03:52.306 DEBUG a.c.sharding.DDataShardCoordinator - _timer: Starting remember entities store from provider akka.cluster.sharding.internal.DDataRememberEntitiesProvider@5fbf8fae
08:03:52.306 INFO  akka.cluster.sharding.ShardRegion - sharded-daemon-process-eventSourcedProjection-passivation-race-entity-passivation-race-consumer-a: Automatic entity passivation: disabled
08:03:52.306 DEBUG a.c.sharding.DDataShardCoordinator - _timer: Initial coordinator is empty.
08:03:52.306 INFO  a.c.sharding.DDataShardCoordinator - _timer: ShardCoordinator was moved to the active state with [0] shards
08:03:52.306 DEBUG a.c.sharding.DDataShardCoordinator - _timer: Received [0] remembered shard ids (after state initialized)
08:03:52.306 DEBUG a.c.singleton.ClusterSingletonProxy - Creating singleton identification timer...
08:03:52.306 DEBUG a.c.singleton.ClusterSingletonProxy - Trying to identify singleton at [akka://akka-runtime@127.0.0.1:62821/system/singletonManagerShardedDaemonProcessCoordinator-eventSourcedProjection-passivation-race-entity-passivation-race-consumer-a/ShardedDaemonProcessCoordinator-eventSourcedProjection-passivation-race-entity-passivation-race-consumer-a]
08:03:52.306 INFO  a.c.s.typed.scaladsl.ClusterSharding - Starting Shard Region [sharded-daemon-process-eventSourcedProjection-passivation-race-entity-passivation-race-consumer-b]...
08:03:52.307 INFO  a.c.s.ClusterSingletonManager - Singleton manager starting singleton actor [akka://akka-runtime/system/sharding/sharded-daemon-process-eventSourcedProjection-passivation-race-entity-passivation-race-consumer-aCoordinator/singleton]
08:03:52.307 INFO  a.c.s.ClusterSingletonManager - ClusterSingletonManager state change [Start -> Oldest]
08:03:52.307 INFO  akka.cluster.sharding.ShardRegion - sharded-daemon-process-eventSourcedProjection-passivation-race-entity-passivation-race-consumer-b: Automatic entity passivation: disabled
08:03:52.307 DEBUG a.c.sharding.DDataShardCoordinator - sharded-daemon-process-eventSourcedProjection-passivation-race-entity-passivation-race-consumer-a: Initial coordinator is empty.
08:03:52.307 INFO  a.c.sharding.DDataShardCoordinator - sharded-daemon-process-eventSourcedProjection-passivation-race-entity-passivation-race-consumer-a: ShardCoordinator was moved to the active state with [0] shards
08:03:52.307 INFO  a.c.s.ClusterSingletonManager - Singleton manager starting singleton actor [akka://akka-runtime/system/singletonManagerShardedDaemonProcessCoordinator-eventSourcedProjection-passivation-race-entity-passivation-race-consumer-a/ShardedDaemonProcessCoordinator-eventSourcedProjection-passivation-race-entity-passivation-race-consumer-a]
08:03:52.307 DEBUG a.c.singleton.ClusterSingletonProxy - Creating singleton identification timer...
08:03:52.307 INFO  a.c.s.ClusterSingletonManager - ClusterSingletonManager state change [Start -> Oldest]
08:03:52.307 DEBUG a.c.singleton.ClusterSingletonProxy - Trying to identify singleton at [akka://akka-runtime@127.0.0.1:62821/system/singletonManagerShardedDaemonProcessCoordinator-eventSourcedProjection-passivation-race-entity-passivation-race-consumer-b/ShardedDaemonProcessCoordinator-eventSourcedProjection-passivation-race-entity-passivation-race-consumer-b]
08:03:52.307 INFO  a.c.s.typed.scaladsl.ClusterSharding - Starting Shard Region [sharded-daemon-process-eventSourcedProjection-passivation-race-entity-passivation-race-view]...
08:03:52.307 DEBUG a.c.s.t.i.ShardedDaemonProcessCoordinator$ - ShardedDaemonProcessCoordinator for [eventSourcedProjection-passivation-race-entity-passivation-race-consumer-a] starting
08:03:52.307 INFO  a.c.s.ClusterSingletonManager - Singleton manager starting singleton actor [akka://akka-runtime/system/sharding/sharded-daemon-process-eventSourcedProjection-passivation-race-entity-passivation-race-consumer-bCoordinator/singleton]
08:03:52.307 DEBUG a.c.s.t.i.ShardedDaemonProcessCoordinator$ - eventSourcedProjection-passivation-race-entity-passivation-race-consumer-a: No previous state stored for Sharded Daemon Process
08:03:52.307 INFO  a.c.s.ClusterSingletonManager - ClusterSingletonManager state change [Start -> Oldest]
08:03:52.307 DEBUG a.c.s.t.i.ShardedDaemonProcessCoordinator$ - Sending periodic keep alive for Sharded Daemon Process [eventSourcedProjection-passivation-race-entity-passivation-race-consumer-a] to [1] processes (revision [0]).
08:03:52.308 INFO  a.c.s.ClusterSingletonManager - Singleton manager starting singleton actor [akka://akka-runtime/system/singletonManagerShardedDaemonProcessCoordinator-eventSourcedProjection-passivation-race-entity-passivation-race-consumer-b/ShardedDaemonProcessCoordinator-eventSourcedProjection-passivation-race-entity-passivation-race-consumer-b]
08:03:52.308 INFO  a.c.s.ClusterSingletonManager - ClusterSingletonManager state change [Start -> Oldest]
08:03:52.308 INFO  akka.cluster.sharding.ShardRegion - sharded-daemon-process-eventSourcedProjection-passivation-race-entity-passivation-race-view: Automatic entity passivation: disabled
08:03:52.308 DEBUG a.c.sharding.DDataShardCoordinator - sharded-daemon-process-eventSourcedProjection-passivation-race-entity-passivation-race-consumer-b: Initial coordinator is empty.
08:03:52.308 INFO  a.c.sharding.DDataShardCoordinator - sharded-daemon-process-eventSourcedProjection-passivation-race-entity-passivation-race-consumer-b: ShardCoordinator was moved to the active state with [0] shards
08:03:52.308 DEBUG a.c.s.t.i.ShardedDaemonProcessCoordinator$ - ShardedDaemonProcessCoordinator for [eventSourcedProjection-passivation-race-entity-passivation-race-consumer-b] starting
08:03:52.308 INFO  akka.runtime.DiscoveryManager - Akka Runtime started at 127.0.0.1:62819
08:03:52.308 DEBUG a.c.s.t.i.ShardedDaemonProcessCoordinator$ - eventSourcedProjection-passivation-race-entity-passivation-race-consumer-b: No previous state stored for Sharded Daemon Process
08:03:52.308 DEBUG a.c.singleton.ClusterSingletonProxy - Creating singleton identification timer...
08:03:52.308 DEBUG a.c.s.t.i.ShardedDaemonProcessCoordinator$ - Sending periodic keep alive for Sharded Daemon Process [eventSourcedProjection-passivation-race-entity-passivation-race-consumer-b] to [1] processes (revision [0]).
08:03:52.308 DEBUG a.c.singleton.ClusterSingletonProxy - Trying to identify singleton at [akka://akka-runtime@127.0.0.1:62821/system/singletonManagerShardedDaemonProcessCoordinator-eventSourcedProjection-passivation-race-entity-passivation-race-view/ShardedDaemonProcessCoordinator-eventSourcedProjection-passivation-race-entity-passivation-race-view]
08:03:52.308 INFO  a.c.s.ClusterSingletonManager - Singleton manager starting singleton actor [akka://akka-runtime/system/sharding/sharded-daemon-process-eventSourcedProjection-passivation-race-entity-passivation-race-viewCoordinator/singleton]
08:03:52.308 INFO  a.c.s.ClusterSingletonManager - ClusterSingletonManager state change [Start -> Oldest]
08:03:52.308 INFO  a.c.s.ClusterSingletonManager - Singleton manager starting singleton actor [akka://akka-runtime/system/singletonManagerShardedDaemonProcessCoordinator-eventSourcedProjection-passivation-race-entity-passivation-race-view/ShardedDaemonProcessCoordinator-eventSourcedProjection-passivation-race-entity-passivation-race-view]
08:03:52.308 INFO  a.c.s.ClusterSingletonManager - ClusterSingletonManager state change [Start -> Oldest]
08:03:52.308 INFO  repro.Bootstrap - onStartup burst of 8 starting
08:03:52.308 DEBUG a.c.sharding.DDataShardCoordinator - sharded-daemon-process-eventSourcedProjection-passivation-race-entity-passivation-race-view: Initial coordinator is empty.
08:03:52.308 INFO  a.c.sharding.DDataShardCoordinator - sharded-daemon-process-eventSourcedProjection-passivation-race-entity-passivation-race-view: ShardCoordinator was moved to the active state with [0] shards
08:03:52.308 DEBUG a.c.s.t.i.ShardedDaemonProcessCoordinator$ - ShardedDaemonProcessCoordinator for [eventSourcedProjection-passivation-race-entity-passivation-race-view] starting
08:03:52.308 DEBUG a.c.s.t.i.ShardedDaemonProcessCoordinator$ - eventSourcedProjection-passivation-race-entity-passivation-race-view: No previous state stored for Sharded Daemon Process
08:03:52.308 DEBUG a.c.s.t.i.ShardedDaemonProcessCoordinator$ - Sending periodic keep alive for Sharded Daemon Process [eventSourcedProjection-passivation-race-entity-passivation-race-view] to [1] processes (revision [0]).
08:03:52.352 INFO  akka.javasdk.testkit.TestKit - Runtime started
08:03:52.352 INFO  akka.actor.CoordinatedShutdown - Running CoordinatedShutdown with reason [ActorSystemTerminateReason]
08:03:52.352 DEBUG akka.actor.CoordinatedShutdown - Performing phase [before-service-unbind] with [0] tasks
08:03:52.352 DEBUG akka.actor.CoordinatedShutdown - Performing phase [service-unbind] with [1] tasks.
08:03:52.352 DEBUG akka.actor.CoordinatedShutdown - Performing task [http-unbind-/127.0.0.1:62819] in CoordinatedShutdown phase [service-unbind]
08:03:52.353 DEBUG akka.actor.CoordinatedShutdown - Performing phase [service-requests-done] with [1] tasks.
08:03:52.353 DEBUG akka.actor.CoordinatedShutdown - Performing task [http-terminate-/127.0.0.1:62819] in CoordinatedShutdown phase [service-requests-done]
08:03:52.353 DEBUG akka.actor.CoordinatedShutdown - Performing phase [service-stop] with [1] tasks.
08:03:52.353 DEBUG akka.actor.CoordinatedShutdown - Performing task [stop-grpc-clients] in CoordinatedShutdown phase [service-stop]
08:03:52.353 DEBUG akka.actor.CoordinatedShutdown - Performing phase [before-cluster-shutdown] with [0] tasks
08:03:52.353 DEBUG akka.actor.CoordinatedShutdown - Performing phase [cluster-sharding-shutdown-region] with [5] tasks.
08:03:52.353 DEBUG akka.actor.CoordinatedShutdown - Performing task [region-shutdown] in CoordinatedShutdown phase [cluster-sharding-shutdown-region]
08:03:52.353 DEBUG akka.actor.CoordinatedShutdown - Performing task [region-shutdown] in CoordinatedShutdown phase [cluster-sharding-shutdown-region]
08:03:52.353 DEBUG akka.actor.CoordinatedShutdown - Performing task [region-shutdown] in CoordinatedShutdown phase [cluster-sharding-shutdown-region]
08:03:52.353 DEBUG akka.actor.CoordinatedShutdown - Performing task [region-shutdown] in CoordinatedShutdown phase [cluster-sharding-shutdown-region]
08:03:52.353 DEBUG akka.actor.CoordinatedShutdown - Performing task [region-shutdown] in CoordinatedShutdown phase [cluster-sharding-shutdown-region]
08:03:52.353 DEBUG a.c.sharding.DDataShardCoordinator - sharded-daemon-process-eventSourcedProjection-passivation-race-entity-passivation-race-consumer-a: Unknown region requested graceful shutdown [Actor[akka://akka-runtime/system/sharding/sharded-daemon-process-eventSourcedProjection-passivation-race-entity-passivation-race-consumer-a#-1928835256]]
08:03:52.353 DEBUG a.c.sharding.DDataShardCoordinator - _timer: Unknown region requested graceful shutdown [Actor[akka://akka-runtime/system/sharding/_timer#1144853367]]
08:03:52.353 DEBUG a.c.sharding.DDataShardCoordinator - sharded-daemon-process-eventSourcedProjection-passivation-race-entity-passivation-race-consumer-b: Unknown region requested graceful shutdown [Actor[akka://akka-runtime/system/sharding/sharded-daemon-process-eventSourcedProjection-passivation-race-entity-passivation-race-consumer-b#-435884307]]
08:03:52.353 DEBUG a.c.sharding.DDataShardCoordinator - passivation-race-entity: Unknown region requested graceful shutdown [Actor[akka://akka-runtime/system/sharding/passivation-race-entity#-277517638]]
08:03:52.353 DEBUG a.c.sharding.DDataShardCoordinator - sharded-daemon-process-eventSourcedProjection-passivation-race-entity-passivation-race-view: Unknown region requested graceful shutdown [Actor[akka://akka-runtime/system/sharding/sharded-daemon-process-eventSourcedProjection-passivation-race-entity-passivation-race-view#1739373041]]
08:03:52.370 DEBUG a.c.singleton.ClusterSingletonProxy - Trying to identify singleton at [akka://akka-runtime@127.0.0.1:62821/system/singletonManagerShardedDaemonProcessCoordinator-eventSourcedProjection-passivation-race-entity-passivation-race-consumer-b/ShardedDaemonProcessCoordinator-eventSourcedProjection-passivation-race-entity-passivation-race-consumer-b]
08:03:52.370 DEBUG a.c.singleton.ClusterSingletonProxy - Trying to identify singleton at [akka://akka-runtime@127.0.0.1:62821/system/singletonManagerShardedDaemonProcessCoordinator-eventSourcedProjection-passivation-race-entity-passivation-race-consumer-a/ShardedDaemonProcessCoordinator-eventSourcedProjection-passivation-race-entity-passivation-race-consumer-a]
08:03:52.370 DEBUG a.c.singleton.ClusterSingletonProxy - Trying to identify singleton at [akka://akka-runtime@127.0.0.1:62821/system/singletonManagerShardedDaemonProcessCoordinator-eventSourcedProjection-passivation-race-entity-passivation-race-view/ShardedDaemonProcessCoordinator-eventSourcedProjection-passivation-race-entity-passivation-race-view]
08:03:52.370 INFO  a.c.singleton.ClusterSingletonProxy - Singleton identified at [akka://akka-runtime/system/singletonManagerShardedDaemonProcessCoordinator-eventSourcedProjection-passivation-race-entity-passivation-race-consumer-a/ShardedDaemonProcessCoordinator-eventSourcedProjection-passivation-race-entity-passivation-race-consumer-a]
08:03:52.370 INFO  a.c.singleton.ClusterSingletonProxy - Singleton identified at [akka://akka-runtime/system/singletonManagerShardedDaemonProcessCoordinator-eventSourcedProjection-passivation-race-entity-passivation-race-consumer-b/ShardedDaemonProcessCoordinator-eventSourcedProjection-passivation-race-entity-passivation-race-consumer-b]
08:03:52.370 DEBUG a.c.singleton.ClusterSingletonProxy - Sending buffered messages to current singleton instance
08:03:52.370 DEBUG a.c.singleton.ClusterSingletonProxy - Sending buffered messages to current singleton instance
08:03:52.370 INFO  a.c.singleton.ClusterSingletonProxy - Singleton identified at [akka://akka-runtime/system/singletonManagerShardedDaemonProcessCoordinator-eventSourcedProjection-passivation-race-entity-passivation-race-view/ShardedDaemonProcessCoordinator-eventSourcedProjection-passivation-race-entity-passivation-race-view]
08:03:52.370 DEBUG a.c.singleton.ClusterSingletonProxy - Sending buffered messages to current singleton instance
08:03:52.570 DEBUG a.c.sharding.DDataShardCoordinator - sharded-daemon-process-eventSourcedProjection-passivation-race-entity-passivation-race-consumer-a: ShardRegion registered: [Actor[akka://akka-runtime/system/sharding/sharded-daemon-process-eventSourcedProjection-passivation-race-entity-passivation-race-consumer-a#-1928835256]]
08:03:52.571 DEBUG a.c.sharding.DDataShardCoordinator - sharded-daemon-process-eventSourcedProjection-passivation-race-entity-passivation-race-view: ShardRegion registered: [Actor[akka://akka-runtime/system/sharding/sharded-daemon-process-eventSourcedProjection-passivation-race-entity-passivation-race-view#1739373041]]
08:03:52.571 DEBUG a.c.sharding.DDataShardCoordinator - passivation-race-entity: ShardRegion registered: [Actor[akka://akka-runtime/system/sharding/passivation-race-entity#-277517638]]
08:03:52.571 DEBUG a.c.sharding.DDataShardCoordinator - sharded-daemon-process-eventSourcedProjection-passivation-race-entity-passivation-race-consumer-b: ShardRegion registered: [Actor[akka://akka-runtime/system/sharding/sharded-daemon-process-eventSourcedProjection-passivation-race-entity-passivation-race-consumer-b#-435884307]]
08:03:52.571 DEBUG a.c.sharding.DDataShardCoordinator - sharded-daemon-process-eventSourcedProjection-passivation-race-entity-passivation-race-view: The coordinator state was successfully updated with ShardRegionRegistered(Actor[akka://akka-runtime/system/sharding/sharded-daemon-process-eventSourcedProjection-passivation-race-entity-passivation-race-view#1739373041])
08:03:52.571 DEBUG a.c.sharding.DDataShardCoordinator - passivation-race-entity: The coordinator state was successfully updated with ShardRegionRegistered(Actor[akka://akka-runtime/system/sharding/passivation-race-entity#-277517638])
08:03:52.571 DEBUG a.c.sharding.DDataShardCoordinator - sharded-daemon-process-eventSourcedProjection-passivation-race-entity-passivation-race-consumer-b: The coordinator state was successfully updated with ShardRegionRegistered(Actor[akka://akka-runtime/system/sharding/sharded-daemon-process-eventSourcedProjection-passivation-race-entity-passivation-race-consumer-b#-435884307])
08:03:52.571 DEBUG a.c.sharding.DDataShardCoordinator - sharded-daemon-process-eventSourcedProjection-passivation-race-entity-passivation-race-consumer-a: The coordinator state was successfully updated with ShardRegionRegistered(Actor[akka://akka-runtime/system/sharding/sharded-daemon-process-eventSourcedProjection-passivation-race-entity-passivation-race-consumer-a#-1928835256])
08:03:52.571 DEBUG a.c.sharding.DDataShardCoordinator - passivation-race-entity: The coordinator state was successfully updated with ShardHomeAllocated(384,Actor[akka://akka-runtime/system/sharding/passivation-race-entity#-277517638])
08:03:52.571 DEBUG a.c.sharding.DDataShardCoordinator - sharded-daemon-process-eventSourcedProjection-passivation-race-entity-passivation-race-view: The coordinator state was successfully updated with ShardHomeAllocated(0,Actor[akka://akka-runtime/system/sharding/sharded-daemon-process-eventSourcedProjection-passivation-race-entity-passivation-race-view#1739373041])
08:03:52.571 DEBUG a.c.sharding.DDataShardCoordinator - passivation-race-entity: Shard [384] allocated at [Actor[akka://akka-runtime/system/sharding/passivation-race-entity#-277517638]]
08:03:52.571 DEBUG a.c.sharding.DDataShardCoordinator - sharded-daemon-process-eventSourcedProjection-passivation-race-entity-passivation-race-consumer-b: The coordinator state was successfully updated with ShardHomeAllocated(0,Actor[akka://akka-runtime/system/sharding/sharded-daemon-process-eventSourcedProjection-passivation-race-entity-passivation-race-consumer-b#-435884307])
08:03:52.571 DEBUG a.c.sharding.DDataShardCoordinator - sharded-daemon-process-eventSourcedProjection-passivation-race-entity-passivation-race-consumer-a: The coordinator state was successfully updated with ShardHomeAllocated(0,Actor[akka://akka-runtime/system/sharding/sharded-daemon-process-eventSourcedProjection-passivation-race-entity-passivation-race-consumer-a#-1928835256])
08:03:52.571 DEBUG a.c.sharding.DDataShardCoordinator - sharded-daemon-process-eventSourcedProjection-passivation-race-entity-passivation-race-consumer-b: Shard [0] allocated at [Actor[akka://akka-runtime/system/sharding/sharded-daemon-process-eventSourcedProjection-passivation-race-entity-passivation-race-consumer-b#-435884307]]
08:03:52.571 DEBUG a.c.sharding.DDataShardCoordinator - sharded-daemon-process-eventSourcedProjection-passivation-race-entity-passivation-race-consumer-a: Shard [0] allocated at [Actor[akka://akka-runtime/system/sharding/sharded-daemon-process-eventSourcedProjection-passivation-race-entity-passivation-race-consumer-a#-1928835256]]
08:03:52.571 DEBUG a.c.sharding.DDataShardCoordinator - sharded-daemon-process-eventSourcedProjection-passivation-race-entity-passivation-race-view: Shard [0] allocated at [Actor[akka://akka-runtime/system/sharding/sharded-daemon-process-eventSourcedProjection-passivation-race-entity-passivation-race-view#1739373041]]
08:03:52.571 DEBUG a.c.sharding.DDataShardCoordinator - passivation-race-entity: Graceful shutdown of region [Actor[akka://akka-runtime/system/sharding/passivation-race-entity#-277517638]] with [1] shards
08:03:52.571 INFO  a.c.sharding.DDataShardCoordinator - passivation-race-entity: Starting shutting down shards [384] due to region shutting down or explicit stopping of shards.
08:03:52.572 DEBUG a.c.sharding.DDataShardCoordinator - sharded-daemon-process-eventSourcedProjection-passivation-race-entity-passivation-race-consumer-b: Graceful shutdown of region [Actor[akka://akka-runtime/system/sharding/sharded-daemon-process-eventSourcedProjection-passivation-race-entity-passivation-race-consumer-b#-435884307]] with [1] shards
08:03:52.572 INFO  a.c.sharding.DDataShardCoordinator - sharded-daemon-process-eventSourcedProjection-passivation-race-entity-passivation-race-consumer-b: Starting shutting down shards [0] due to region shutting down or explicit stopping of shards.
08:03:52.572 DEBUG a.c.s.ShardCoordinator$RebalanceWorker - passivation-race-entity: Shutting down shard [384] from region [Actor[akka://akka-runtime/system/sharding/passivation-race-entity#-277517638]]. Asking [1] region(s) to hand-off shard
08:03:52.572 DEBUG a.c.sharding.DDataShardCoordinator - sharded-daemon-process-eventSourcedProjection-passivation-race-entity-passivation-race-view: Graceful shutdown of region [Actor[akka://akka-runtime/system/sharding/sharded-daemon-process-eventSourcedProjection-passivation-race-entity-passivation-race-view#1739373041]] with [1] shards
08:03:52.572 DEBUG a.c.s.ShardCoordinator$RebalanceWorker - passivation-race-entity: BeginHandOffAck for shard [384] received from [Actor[akka://akka-runtime/system/sharding/passivation-race-entity#-277517638]].
08:03:52.572 INFO  a.c.sharding.DDataShardCoordinator - sharded-daemon-process-eventSourcedProjection-passivation-race-entity-passivation-race-view: Starting shutting down shards [0] due to region shutting down or explicit stopping of shards.
08:03:52.572 DEBUG a.c.s.ShardCoordinator$RebalanceWorker - passivation-race-entity: All shard regions acked, handing off shard [384].
08:03:52.572 DEBUG a.c.sharding.DDataShardCoordinator - sharded-daemon-process-eventSourcedProjection-passivation-race-entity-passivation-race-consumer-a: Graceful shutdown of region [Actor[akka://akka-runtime/system/sharding/sharded-daemon-process-eventSourcedProjection-passivation-race-entity-passivation-race-consumer-a#-1928835256]] with [1] shards
08:03:52.572 INFO  a.c.sharding.DDataShardCoordinator - sharded-daemon-process-eventSourcedProjection-passivation-race-entity-passivation-race-consumer-a: Starting shutting down shards [0] due to region shutting down or explicit stopping of shards.
08:03:52.572 DEBUG akka.cluster.sharding.Shard - sharded-daemon-process-eventSourcedProjection-passivation-race-entity-passivation-race-consumer-b: Shard initialized
08:03:52.572 DEBUG akka.cluster.sharding.Shard - sharded-daemon-process-eventSourcedProjection-passivation-race-entity-passivation-race-view: Shard initialized
08:03:52.572 DEBUG a.c.s.ShardCoordinator$RebalanceWorker - sharded-daemon-process-eventSourcedProjection-passivation-race-entity-passivation-race-consumer-a: Shutting down shard [0] from region [Actor[akka://akka-runtime/system/sharding/sharded-daemon-process-eventSourcedProjection-passivation-race-entity-passivation-race-consumer-a#-1928835256]]. Asking [1] region(s) to hand-off shard
08:03:52.572 WARN  akka.cluster.sharding.ShardRegion - passivation-race-entity: Dropping [1] buffered messages to shard [384] during hand off to avoid re-ordering
08:03:52.572 DEBUG a.c.s.ShardCoordinator$RebalanceWorker - sharded-daemon-process-eventSourcedProjection-passivation-race-entity-passivation-race-view: Shutting down shard [0] from region [Actor[akka://akka-runtime/system/sharding/sharded-daemon-process-eventSourcedProjection-passivation-race-entity-passivation-race-view#1739373041]]. Asking [1] region(s) to hand-off shard
08:03:52.572 DEBUG a.c.s.ShardCoordinator$RebalanceWorker - sharded-daemon-process-eventSourcedProjection-passivation-race-entity-passivation-race-view: BeginHandOffAck for shard [0] received from [Actor[akka://akka-runtime/system/sharding/sharded-daemon-process-eventSourcedProjection-passivation-race-entity-passivation-race-view#1739373041]].
08:03:52.572 DEBUG a.c.s.ShardCoordinator$RebalanceWorker - sharded-daemon-process-eventSourcedProjection-passivation-race-entity-passivation-race-view: All shard regions acked, handing off shard [0].
08:03:52.572 DEBUG a.c.s.t.i.ShardedDaemonProcessState$ - eventSourcedProjection-passivation-race-entity-passivation-race-consumer-b: Deferred start of worker to verify its revision [0] is the latest
08:03:52.572 DEBUG akka.cluster.sharding.Shard - sharded-daemon-process-eventSourcedProjection-passivation-race-entity-passivation-race-view: Request to start entity [0] and ack to [Some(Actor[akka://akka-runtime/deadLetters])]
08:03:52.572 DEBUG a.c.s.ShardCoordinator$RebalanceWorker - sharded-daemon-process-eventSourcedProjection-passivation-race-entity-passivation-race-consumer-b: Shutting down shard [0] from region [Actor[akka://akka-runtime/system/sharding/sharded-daemon-process-eventSourcedProjection-passivation-race-entity-passivation-race-consumer-b#-435884307]]. Asking [1] region(s) to hand-off shard
08:03:52.572 DEBUG a.c.s.t.i.ShardedDaemonProcessState$ - eventSourcedProjection-passivation-race-entity-passivation-race-view: Deferred start of worker to verify its revision [0] is the latest
08:03:52.572 DEBUG akka.cluster.sharding.Shard - sharded-daemon-process-eventSourcedProjection-passivation-race-entity-passivation-race-consumer-b: Request to start entity [0] and ack to [Some(Actor[akka://akka-runtime/deadLetters])]
08:03:52.572 DEBUG akka.cluster.sharding.Shard - passivation-race-entity: Shard initialized
08:03:52.572 DEBUG akka.cluster.sharding.Shard - sharded-daemon-process-eventSourcedProjection-passivation-race-entity-passivation-race-view: Started entity [Actor[akka://akka-runtime/system/sharding/sharded-daemon-process-eventSourcedProjection-passivation-race-entity-passivation-race-view/0/0#-899184356]] with entity id [0] in shard [0]
08:03:52.572 DEBUG akka.cluster.sharding.Shard - sharded-daemon-process-eventSourcedProjection-passivation-race-entity-passivation-race-consumer-b: Started entity [Actor[akka://akka-runtime/system/sharding/sharded-daemon-process-eventSourcedProjection-passivation-race-entity-passivation-race-consumer-b/0/0#-87998500]] with entity id [0] in shard [0]
08:03:52.572 DEBUG akka.cluster.sharding.Shard - passivation-race-entity: HandOff shard [384]
08:03:52.572 DEBUG a.c.s.ShardCoordinator$RebalanceWorker - sharded-daemon-process-eventSourcedProjection-passivation-race-entity-passivation-race-consumer-b: BeginHandOffAck for shard [0] received from [Actor[akka://akka-runtime/system/sharding/sharded-daemon-process-eventSourcedProjection-passivation-race-entity-passivation-race-consumer-b#-435884307]].
08:03:52.572 DEBUG a.c.s.ShardCoordinator$RebalanceWorker - sharded-daemon-process-eventSourcedProjection-passivation-race-entity-passivation-race-consumer-b: All shard regions acked, handing off shard [0].
08:03:52.572 DEBUG akka.cluster.sharding.Shard - sharded-daemon-process-eventSourcedProjection-passivation-race-entity-passivation-race-view: HandOff shard [0]
08:03:52.572 DEBUG akka.cluster.sharding.Shard - sharded-daemon-process-eventSourcedProjection-passivation-race-entity-passivation-race-view: Starting HandOffStopper for shard [0] to terminate [1] entities.
08:03:52.572 DEBUG akka.cluster.sharding.Shard - passivation-race-entity: Shard [384] shutting down
08:03:52.572 DEBUG a.c.sharding.DDataShardCoordinator - passivation-race-entity: ShardRegion stopped: [Actor[akka://akka-runtime/system/sharding/passivation-race-entity#-277517638]]
08:03:52.572 DEBUG a.c.sharding.DDataShardCoordinator - passivation-race-entity: ShardRegion terminated (gracefully): [Actor[akka://akka-runtime/system/sharding/passivation-race-entity#-277517638]] {}
08:03:52.572 DEBUG akka.cluster.sharding.Shard - sharded-daemon-process-eventSourcedProjection-passivation-race-entity-passivation-race-consumer-b: HandOff shard [0]
08:03:52.572 DEBUG akka.cluster.sharding.Shard - sharded-daemon-process-eventSourcedProjection-passivation-race-entity-passivation-race-consumer-b: Starting HandOffStopper for shard [0] to terminate [1] entities.
08:03:52.572 DEBUG a.c.sharding.DDataShardCoordinator - passivation-race-entity: GetShardHome [384] request from [Actor[akka://local/ignore]] deferred, because rebalance is in progress for this shard. It will be handled when rebalance is done.
08:03:52.572 INFO  a.c.s.t.i.ShardedDaemonProcessState$ - eventSourcedProjection-passivation-race-entity-passivation-race-consumer-b: Starting Sharded Daemon Process [0] out of a total [1] (revision [0] and no state found)
08:03:52.572 INFO  a.c.s.t.i.ShardedDaemonProcessState$ - eventSourcedProjection-passivation-race-entity-passivation-race-view: Starting Sharded Daemon Process [0] out of a total [1] (revision [0] and no state found)
08:03:52.572 DEBUG a.c.sharding.DDataShardCoordinator - passivation-race-entity: The coordinator state was successfully updated with ShardRegionTerminated(Actor[akka://akka-runtime/system/sharding/passivation-race-entity#-277517638])
08:03:52.572 DEBUG a.c.sharding.DDataShardCoordinator - passivation-race-entity: Shard [384] deallocation completed successfully.
08:03:52.572 DEBUG a.c.s.ShardCoordinator$RebalanceWorker - sharded-daemon-process-eventSourcedProjection-passivation-race-entity-passivation-race-consumer-a: BeginHandOffAck for shard [0] received from [Actor[akka://akka-runtime/system/sharding/sharded-daemon-process-eventSourcedProjection-passivation-race-entity-passivation-race-consumer-a#-1928835256]].
08:03:52.572 DEBUG a.c.s.ShardCoordinator$RebalanceWorker - sharded-daemon-process-eventSourcedProjection-passivation-race-entity-passivation-race-consumer-a: All shard regions acked, handing off shard [0].
08:03:52.572 DEBUG akka.cluster.sharding.Shard - sharded-daemon-process-eventSourcedProjection-passivation-race-entity-passivation-race-consumer-a: Shard initialized
08:03:52.572 WARN  akka.cluster.sharding.ShardRegion - sharded-daemon-process-eventSourcedProjection-passivation-race-entity-passivation-race-consumer-a: Dropping [1] buffered messages to shard [0] during hand off to avoid re-ordering
08:03:52.572 DEBUG akka.cluster.sharding.Shard - sharded-daemon-process-eventSourcedProjection-passivation-race-entity-passivation-race-consumer-a: HandOff shard [0]
08:03:52.572 DEBUG akka.cluster.sharding.Shard - sharded-daemon-process-eventSourcedProjection-passivation-race-entity-passivation-race-consumer-a: Shard [0] shutting down
08:03:52.572 DEBUG a.c.sharding.DDataShardCoordinator - sharded-daemon-process-eventSourcedProjection-passivation-race-entity-passivation-race-consumer-a: Shard [0] deallocation completed successfully.
08:03:52.572 DEBUG a.c.sharding.DDataShardCoordinator - sharded-daemon-process-eventSourcedProjection-passivation-race-entity-passivation-race-consumer-a: The coordinator state was successfully updated with ShardHomeDeallocated(0)
08:03:52.572 DEBUG a.c.sharding.DDataShardCoordinator - sharded-daemon-process-eventSourcedProjection-passivation-race-entity-passivation-race-consumer-a: Shard [0] deallocated after
08:03:52.572 DEBUG a.c.sharding.DDataShardCoordinator - sharded-daemon-process-eventSourcedProjection-passivation-race-entity-passivation-race-consumer-a: ShardRegion terminated (gracefully): [Actor[akka://akka-runtime/system/sharding/sharded-daemon-process-eventSourcedProjection-passivation-race-entity-passivation-race-consumer-a#-1928835256]] {}
08:03:52.572 DEBUG a.c.sharding.DDataShardCoordinator - sharded-daemon-process-eventSourcedProjection-passivation-race-entity-passivation-race-consumer-a: GetShardHome [0] request from [Actor[akka://local/ignore]] stashed, because waiting for initial state or update of state. It will be handled afterwards.
08:03:52.573 DEBUG a.c.sharding.DDataShardCoordinator - sharded-daemon-process-eventSourcedProjection-passivation-race-entity-passivation-race-consumer-a: The coordinator state was successfully updated with ShardRegionTerminated(Actor[akka://akka-runtime/system/sharding/sharded-daemon-process-eventSourcedProjection-passivation-race-entity-passivation-race-consumer-a#-1928835256])
08:03:52.573 DEBUG a.c.sharding.DDataShardCoordinator - sharded-daemon-process-eventSourcedProjection-passivation-race-entity-passivation-race-consumer-a: ShardRegion stopped: [Actor[akka://akka-runtime/system/sharding/sharded-daemon-process-eventSourcedProjection-passivation-race-entity-passivation-race-consumer-a#-1928835256]]
08:03:53.341 WARN  a.c.s.ShardRegion$HandOffStopper - sharded-daemon-process-eventSourcedProjection-passivation-race-entity-passivation-race-consumer-b: [1] of the entities in shard [0] not stopped after [750 milliseconds]. Maybe the handOffStopMessage [akka.projection.ProjectionBehavior$Stop$] is not handled? Waiting additional [250 milliseconds] before stopping the remaining entities.
08:03:53.341 WARN  a.c.s.ShardRegion$HandOffStopper - sharded-daemon-process-eventSourcedProjection-passivation-race-entity-passivation-race-view: [1] of the entities in shard [0] not stopped after [750 milliseconds]. Maybe the handOffStopMessage [akka.projection.ProjectionBehavior$Stop$] is not handled? Waiting additional [250 milliseconds] before stopping the remaining entities.
08:03:53.590 WARN  a.c.s.ShardRegion$HandOffStopper - sharded-daemon-process-eventSourcedProjection-passivation-race-entity-passivation-race-view: HandOffStopMessage [akka.projection.ProjectionBehavior$Stop$] is not handled by some of the entities in shard [0] after [1 second], stopping the remaining [1] entities.
08:03:53.591 WARN  a.c.s.ShardRegion$HandOffStopper - sharded-daemon-process-eventSourcedProjection-passivation-race-entity-passivation-race-consumer-b: HandOffStopMessage [akka.projection.ProjectionBehavior$Stop$] is not handled by some of the entities in shard [0] after [1 second], stopping the remaining [1] entities.
08:03:53.591 DEBUG akka.cluster.sharding.Shard - sharded-daemon-process-eventSourcedProjection-passivation-race-entity-passivation-race-consumer-b: Shard [0] shutting down
08:03:53.591 DEBUG akka.cluster.sharding.Shard - sharded-daemon-process-eventSourcedProjection-passivation-race-entity-passivation-race-view: Shard [0] shutting down
08:03:53.591 DEBUG a.c.sharding.DDataShardCoordinator - sharded-daemon-process-eventSourcedProjection-passivation-race-entity-passivation-race-consumer-b: Shard [0] deallocation completed successfully.
08:03:53.591 DEBUG a.c.sharding.DDataShardCoordinator - sharded-daemon-process-eventSourcedProjection-passivation-race-entity-passivation-race-view: Shard [0] deallocation completed successfully.
08:03:53.591 DEBUG a.c.sharding.DDataShardCoordinator - sharded-daemon-process-eventSourcedProjection-passivation-race-entity-passivation-race-consumer-b: The coordinator state was successfully updated with ShardHomeDeallocated(0)
08:03:53.591 DEBUG a.c.sharding.DDataShardCoordinator - sharded-daemon-process-eventSourcedProjection-passivation-race-entity-passivation-race-consumer-b: Shard [0] deallocated after
08:03:53.591 DEBUG akka.actor.CoordinatedShutdown - Performing phase [cluster-leave] with [1] tasks.
08:03:53.591 DEBUG a.c.sharding.DDataShardCoordinator - sharded-daemon-process-eventSourcedProjection-passivation-race-entity-passivation-race-view: The coordinator state was successfully updated with ShardHomeDeallocated(0)
08:03:53.591 DEBUG a.c.sharding.DDataShardCoordinator - sharded-daemon-process-eventSourcedProjection-passivation-race-entity-passivation-race-view: Shard [0] deallocated after
08:03:53.591 DEBUG akka.actor.CoordinatedShutdown - Performing task [leave] in CoordinatedShutdown phase [cluster-leave]
08:03:53.591 DEBUG a.c.sharding.DDataShardCoordinator - sharded-daemon-process-eventSourcedProjection-passivation-race-entity-passivation-race-consumer-b: ShardRegion stopped: [Actor[akka://akka-runtime/system/sharding/sharded-daemon-process-eventSourcedProjection-passivation-race-entity-passivation-race-consumer-b#-435884307]]
08:03:53.591 DEBUG a.c.sharding.DDataShardCoordinator - sharded-daemon-process-eventSourcedProjection-passivation-race-entity-passivation-race-consumer-b: ShardRegion terminated (gracefully): [Actor[akka://akka-runtime/system/sharding/sharded-daemon-process-eventSourcedProjection-passivation-race-entity-passivation-race-consumer-b#-435884307]] {}
08:03:53.592 DEBUG a.c.sharding.DDataShardCoordinator - sharded-daemon-process-eventSourcedProjection-passivation-race-entity-passivation-race-view: ShardRegion terminated (gracefully): [Actor[akka://akka-runtime/system/sharding/sharded-daemon-process-eventSourcedProjection-passivation-race-entity-passivation-race-view#1739373041]] {}
08:03:53.592 DEBUG a.c.sharding.DDataShardCoordinator - sharded-daemon-process-eventSourcedProjection-passivation-race-entity-passivation-race-consumer-b: GetShardHome [0] request from [Actor[akka://local/ignore]] stashed, because waiting for initial state or update of state. It will be handled afterwards.
08:03:53.592 DEBUG a.c.sharding.DDataShardCoordinator - sharded-daemon-process-eventSourcedProjection-passivation-race-entity-passivation-race-view: GetShardHome [0] request from [Actor[akka://local/ignore]] stashed, because waiting for initial state or update of state. It will be handled afterwards.
08:03:53.592 DEBUG a.c.sharding.DDataShardCoordinator - sharded-daemon-process-eventSourcedProjection-passivation-race-entity-passivation-race-view: The coordinator state was successfully updated with ShardRegionTerminated(Actor[akka://akka-runtime/system/sharding/sharded-daemon-process-eventSourcedProjection-passivation-race-entity-passivation-race-view#1739373041])
08:03:53.592 DEBUG a.c.sharding.DDataShardCoordinator - sharded-daemon-process-eventSourcedProjection-passivation-race-entity-passivation-race-consumer-b: The coordinator state was successfully updated with ShardRegionTerminated(Actor[akka://akka-runtime/system/sharding/sharded-daemon-process-eventSourcedProjection-passivation-race-entity-passivation-race-consumer-b#-435884307])
08:03:53.592 DEBUG a.c.sharding.DDataShardCoordinator - sharded-daemon-process-eventSourcedProjection-passivation-race-entity-passivation-race-view: ShardRegion stopped: [Actor[akka://akka-runtime/system/sharding/sharded-daemon-process-eventSourcedProjection-passivation-race-entity-passivation-race-view#1739373041]]
08:03:53.593 DEBUG akka.actor.CoordinatedShutdown - Performing phase [cluster-exiting] with [28] tasks.
08:03:53.593 DEBUG akka.actor.CoordinatedShutdown - Performing task [singleton-exiting-2] in CoordinatedShutdown phase [cluster-exiting]
08:03:53.593 DEBUG akka.actor.CoordinatedShutdown - Performing task [singleton-exiting-1] in CoordinatedShutdown phase [cluster-exiting]
08:03:53.593 DEBUG akka.actor.CoordinatedShutdown - Performing task [singleton-exiting-2] in CoordinatedShutdown phase [cluster-exiting]
08:03:53.593 DEBUG akka.actor.CoordinatedShutdown - Performing task [singleton-exiting-1] in CoordinatedShutdown phase [cluster-exiting]
08:03:53.593 DEBUG akka.actor.CoordinatedShutdown - Performing task [singleton-exiting-2] in CoordinatedShutdown phase [cluster-exiting]
08:03:53.593 DEBUG akka.actor.CoordinatedShutdown - Performing task [wait-singleton-exiting] in CoordinatedShutdown phase [cluster-exiting]
08:03:53.593 DEBUG akka.actor.CoordinatedShutdown - Performing task [singleton-exiting-2] in CoordinatedShutdown phase [cluster-exiting]
08:03:53.593 DEBUG akka.actor.CoordinatedShutdown - Performing task [wait-singleton-exiting] in CoordinatedShutdown phase [cluster-exiting]
08:03:53.593 DEBUG akka.actor.CoordinatedShutdown - Performing task [singleton-exiting-1] in CoordinatedShutdown phase [cluster-exiting]
08:03:53.593 DEBUG akka.actor.CoordinatedShutdown - Performing task [wait-singleton-exiting] in CoordinatedShutdown phase [cluster-exiting]
08:03:53.593 DEBUG akka.actor.CoordinatedShutdown - Performing task [wait-singleton-exiting] in CoordinatedShutdown phase [cluster-exiting]
08:03:53.593 DEBUG akka.actor.CoordinatedShutdown - Performing task [singleton-exiting-2] in CoordinatedShutdown phase [cluster-exiting]
08:03:53.593 DEBUG akka.actor.CoordinatedShutdown - Performing task [singleton-exiting-2] in CoordinatedShutdown phase [cluster-exiting]
08:03:53.593 DEBUG akka.actor.CoordinatedShutdown - Performing task [wait-singleton-exiting] in CoordinatedShutdown phase [cluster-exiting]
08:03:53.593 DEBUG akka.actor.CoordinatedShutdown - Performing task [wait-exiting] in CoordinatedShutdown phase [cluster-exiting]
08:03:53.593 DEBUG akka.actor.CoordinatedShutdown - Performing task [singleton-exiting-1] in CoordinatedShutdown phase [cluster-exiting]
08:03:53.593 DEBUG akka.actor.CoordinatedShutdown - Performing task [wait-singleton-exiting] in CoordinatedShutdown phase [cluster-exiting]
08:03:53.593 DEBUG akka.actor.CoordinatedShutdown - Performing task [singleton-exiting-2] in CoordinatedShutdown phase [cluster-exiting]
08:03:53.593 DEBUG akka.actor.CoordinatedShutdown - Performing task [singleton-exiting-2] in CoordinatedShutdown phase [cluster-exiting]
08:03:53.593 DEBUG akka.actor.CoordinatedShutdown - Performing task [singleton-exiting-1] in CoordinatedShutdown phase [cluster-exiting]
08:03:53.593 DEBUG akka.actor.CoordinatedShutdown - Performing task [singleton-exiting-1] in CoordinatedShutdown phase [cluster-exiting]
08:03:53.593 DEBUG akka.actor.CoordinatedShutdown - Performing task [wait-singleton-exiting] in CoordinatedShutdown phase [cluster-exiting]
08:03:53.593 DEBUG akka.actor.CoordinatedShutdown - Performing task [singleton-exiting-1] in CoordinatedShutdown phase [cluster-exiting]
08:03:53.593 DEBUG akka.actor.CoordinatedShutdown - Performing task [singleton-exiting-1] in CoordinatedShutdown phase [cluster-exiting]
08:03:53.593 DEBUG akka.actor.CoordinatedShutdown - Performing task [wait-singleton-exiting] in CoordinatedShutdown phase [cluster-exiting]
08:03:53.593 DEBUG akka.actor.CoordinatedShutdown - Performing task [wait-singleton-exiting] in CoordinatedShutdown phase [cluster-exiting]
08:03:53.593 DEBUG akka.actor.CoordinatedShutdown - Performing task [singleton-exiting-2] in CoordinatedShutdown phase [cluster-exiting]
08:03:53.593 DEBUG akka.actor.CoordinatedShutdown - Performing task [singleton-exiting-1] in CoordinatedShutdown phase [cluster-exiting]
08:03:53.593 INFO  a.c.s.ClusterSingletonManager - Exited [akka://akka-runtime@127.0.0.1:62821].
08:03:53.593 INFO  a.c.s.ClusterSingletonManager - Exited [akka://akka-runtime@127.0.0.1:62821].
08:03:53.593 INFO  a.c.s.ClusterSingletonManager - Exited [akka://akka-runtime@127.0.0.1:62821].
08:03:53.593 INFO  a.c.s.ClusterSingletonManager - Exited [akka://akka-runtime@127.0.0.1:62821].
08:03:53.593 INFO  a.c.s.ClusterSingletonManager - Exited [akka://akka-runtime@127.0.0.1:62821].
08:03:53.593 INFO  a.c.s.ClusterSingletonManager - Exited [akka://akka-runtime@127.0.0.1:62821].
08:03:53.593 INFO  a.c.s.ClusterSingletonManager - Exited [akka://akka-runtime@127.0.0.1:62821].
08:03:53.593 INFO  a.c.s.ClusterSingletonManager - Exited [akka://akka-runtime@127.0.0.1:62821].
08:03:53.593 INFO  a.c.s.ClusterSingletonManager - Oldest observed OldestChanged: [akka://akka-runtime@127.0.0.1:62821 -> None]
08:03:53.593 INFO  a.c.s.ClusterSingletonManager - Exited [akka://akka-runtime@127.0.0.1:62821].
08:03:53.593 INFO  a.c.s.ClusterSingletonManager - Oldest observed OldestChanged: [akka://akka-runtime@127.0.0.1:62821 -> None]
08:03:53.593 INFO  a.c.s.ClusterSingletonManager - ClusterSingletonManager state change [Oldest -> WasOldest]
08:03:53.593 INFO  a.c.s.ClusterSingletonManager - ClusterSingletonManager state change [Oldest -> WasOldest]
08:03:53.593 INFO  a.c.s.ClusterSingletonManager - Oldest observed OldestChanged: [akka://akka-runtime@127.0.0.1:62821 -> None]
08:03:53.593 INFO  a.c.s.ClusterSingletonManager - ClusterSingletonManager state change [Oldest -> WasOldest]
08:03:53.593 INFO  a.c.s.ClusterSingletonManager - Oldest observed OldestChanged: [akka://akka-runtime@127.0.0.1:62821 -> None]
08:03:53.593 INFO  a.c.s.ClusterSingletonManager - ClusterSingletonManager state change [Oldest -> WasOldest]
08:03:53.593 INFO  a.c.s.ClusterSingletonManager - Oldest observed OldestChanged: [akka://akka-runtime@127.0.0.1:62821 -> None]
08:03:53.593 INFO  a.c.s.ClusterSingletonManager - Oldest observed OldestChanged: [akka://akka-runtime@127.0.0.1:62821 -> None]
08:03:53.593 INFO  a.c.s.ClusterSingletonManager - ClusterSingletonManager state change [Oldest -> WasOldest]
08:03:53.593 INFO  a.c.s.ClusterSingletonManager - ClusterSingletonManager state change [Oldest -> WasOldest]
08:03:53.593 INFO  a.c.s.ClusterSingletonManager - Oldest observed OldestChanged: [akka://akka-runtime@127.0.0.1:62821 -> None]
08:03:53.593 INFO  a.c.s.ClusterSingletonManager - Oldest observed OldestChanged: [akka://akka-runtime@127.0.0.1:62821 -> None]
08:03:53.593 INFO  a.c.s.ClusterSingletonManager - ClusterSingletonManager state change [Oldest -> WasOldest]
08:03:53.593 INFO  a.c.s.ClusterSingletonManager - ClusterSingletonManager state change [Oldest -> WasOldest]
08:03:53.593 INFO  a.c.s.ClusterSingletonManager - Oldest observed OldestChanged: [akka://akka-runtime@127.0.0.1:62821 -> None]
08:03:53.593 INFO  a.c.s.ClusterSingletonManager - ClusterSingletonManager state change [Oldest -> WasOldest]
08:03:54.231 DEBUG a.c.singleton.ClusterSingletonProxy - Creating singleton identification timer...
08:03:54.231 DEBUG a.c.singleton.ClusterSingletonProxy - Creating singleton identification timer...
08:03:54.231 DEBUG a.c.singleton.ClusterSingletonProxy - Creating singleton identification timer...
08:03:54.231 DEBUG a.c.singleton.ClusterSingletonProxy - Creating singleton identification timer...
08:03:54.611 INFO  a.c.s.ClusterSingletonManager - Singleton manager stopping singleton actor [akka://akka-runtime/system/sharding/sharded-daemon-process-eventSourcedProjection-passivation-race-entity-passivation-race-viewCoordinator/singleton]
08:03:54.611 INFO  a.c.s.ClusterSingletonManager - Singleton manager stopping singleton actor [akka://akka-runtime/system/sharding/_timerCoordinator/singleton]
08:03:54.611 INFO  a.c.s.ClusterSingletonManager - Singleton manager stopping singleton actor [akka://akka-runtime/system/sharding/passivation-race-entityCoordinator/singleton]
08:03:54.611 INFO  a.c.s.ClusterSingletonManager - Singleton manager stopping singleton actor [akka://akka-runtime/system/sharding/sharded-daemon-process-eventSourcedProjection-passivation-race-entity-passivation-race-consumer-aCoordinator/singleton]
08:03:54.611 INFO  a.c.s.ClusterSingletonManager - Singleton manager stopping singleton actor [akka://akka-runtime/system/singletonManagerschemaSingleton/schemaSingleton]
08:03:54.611 INFO  a.c.s.ClusterSingletonManager - Singleton manager stopping singleton actor [akka://akka-runtime/system/singletonManagerShardedDaemonProcessCoordinator-eventSourcedProjection-passivation-race-entity-passivation-race-consumer-a/ShardedDaemonProcessCoordinator-eventSourcedProjection-passivation-race-entity-passivation-race-consumer-a]
08:03:54.611 INFO  a.c.s.ClusterSingletonManager - ClusterSingletonManager state change [WasOldest -> Stopping]
08:03:54.611 INFO  a.c.s.ClusterSingletonManager - ClusterSingletonManager state change [WasOldest -> Stopping]
08:03:54.611 INFO  a.c.s.ClusterSingletonManager - ClusterSingletonManager state change [WasOldest -> Stopping]
08:03:54.611 INFO  a.c.s.ClusterSingletonManager - ClusterSingletonManager state change [WasOldest -> Stopping]
08:03:54.611 INFO  a.c.s.ClusterSingletonManager - ClusterSingletonManager state change [WasOldest -> Stopping]
08:03:54.611 INFO  a.c.s.ClusterSingletonManager - ClusterSingletonManager state change [WasOldest -> Stopping]
08:03:54.611 DEBUG a.c.sharding.DDataShardCoordinator - passivation-race-entity: Received termination message.
08:03:54.611 DEBUG a.c.sharding.DDataShardCoordinator - sharded-daemon-process-eventSourcedProjection-passivation-race-entity-passivation-race-consumer-a: Received termination message.
08:03:54.611 DEBUG a.c.sharding.DDataShardCoordinator - _timer: Received termination message.
08:03:54.611 INFO  a.c.s.ClusterSingletonManager - Singleton actor [akka://akka-runtime/system/singletonManagerschemaSingleton/schemaSingleton] was terminated
08:03:54.611 INFO  a.c.s.ClusterSingletonManager - Singleton actor [akka://akka-runtime/system/singletonManagerShardedDaemonProcessCoordinator-eventSourcedProjection-passivation-race-entity-passivation-race-consumer-a/ShardedDaemonProcessCoordinator-eventSourcedProjection-passivation-race-entity-passivation-race-consumer-a] was terminated
08:03:54.611 DEBUG a.c.sharding.DDataShardCoordinator - sharded-daemon-process-eventSourcedProjection-passivation-race-entity-passivation-race-view: Received termination message.
08:03:54.611 INFO  a.c.s.ClusterSingletonManager - Singleton actor [akka://akka-runtime/system/sharding/passivation-race-entityCoordinator/singleton] was terminated
08:03:54.611 INFO  a.c.s.ClusterSingletonManager - Singleton actor [akka://akka-runtime/system/sharding/_timerCoordinator/singleton] was terminated
08:03:54.611 INFO  a.c.s.ClusterSingletonManager - Singleton manager stopping singleton actor [akka://akka-runtime/system/singletonManagerShardedDaemonProcessCoordinator-eventSourcedProjection-passivation-race-entity-passivation-race-consumer-b/ShardedDaemonProcessCoordinator-eventSourcedProjection-passivation-race-entity-passivation-race-consumer-b]
08:03:54.611 INFO  a.c.s.ClusterSingletonManager - Singleton manager stopping singleton actor [akka://akka-runtime/system/sharding/sharded-daemon-process-eventSourcedProjection-passivation-race-entity-passivation-race-consumer-bCoordinator/singleton]
08:03:54.611 INFO  a.c.s.ClusterSingletonManager - Singleton actor [akka://akka-runtime/system/sharding/sharded-daemon-process-eventSourcedProjection-passivation-race-entity-passivation-race-consumer-aCoordinator/singleton] was terminated
08:03:54.611 INFO  a.c.s.ClusterSingletonManager - ClusterSingletonManager state change [WasOldest -> Stopping]
08:03:54.611 INFO  a.c.s.ClusterSingletonManager - ClusterSingletonManager state change [WasOldest -> Stopping]
08:03:54.611 INFO  a.c.s.ClusterSingletonManager - Singleton manager stopping singleton actor [akka://akka-runtime/system/singletonManagerShardedDaemonProcessCoordinator-eventSourcedProjection-passivation-race-entity-passivation-race-view/ShardedDaemonProcessCoordinator-eventSourcedProjection-passivation-race-entity-passivation-race-view]
08:03:54.611 INFO  a.c.s.ClusterSingletonManager - ClusterSingletonManager state change [WasOldest -> Stopping]
08:03:54.611 DEBUG a.c.sharding.DDataShardCoordinator - sharded-daemon-process-eventSourcedProjection-passivation-race-entity-passivation-race-consumer-b: Received termination message.
08:03:54.611 INFO  a.c.s.ClusterSingletonManager - Singleton actor [akka://akka-runtime/system/sharding/sharded-daemon-process-eventSourcedProjection-passivation-race-entity-passivation-race-viewCoordinator/singleton] was terminated
08:03:54.611 INFO  a.c.s.ClusterSingletonManager - Singleton actor [akka://akka-runtime/system/singletonManagerShardedDaemonProcessCoordinator-eventSourcedProjection-passivation-race-entity-passivation-race-consumer-b/ShardedDaemonProcessCoordinator-eventSourcedProjection-passivation-race-entity-passivation-race-consumer-b] was terminated
08:03:54.611 INFO  a.c.s.ClusterSingletonManager - Singleton actor [akka://akka-runtime/system/singletonManagerShardedDaemonProcessCoordinator-eventSourcedProjection-passivation-race-entity-passivation-race-view/ShardedDaemonProcessCoordinator-eventSourcedProjection-passivation-race-entity-passivation-race-view] was terminated
08:03:54.612 INFO  a.c.s.ClusterSingletonManager - Singleton actor [akka://akka-runtime/system/sharding/sharded-daemon-process-eventSourcedProjection-passivation-race-entity-passivation-race-consumer-bCoordinator/singleton] was terminated
08:03:54.612 DEBUG akka.actor.CoordinatedShutdown - Performing phase [cluster-exiting-done] with [1] tasks.
08:03:54.612 DEBUG akka.actor.CoordinatedShutdown - Performing task [exiting-completed] in CoordinatedShutdown phase [cluster-exiting-done]
08:03:54.612 DEBUG akka.actor.CoordinatedShutdown - Performing phase [cluster-shutdown] with [1] tasks.
08:03:54.612 DEBUG akka.actor.CoordinatedShutdown - Performing task [wait-shutdown] in CoordinatedShutdown phase [cluster-shutdown]
08:03:54.613 DEBUG akka.actor.CoordinatedShutdown - Performing phase [before-actor-system-terminate] with [2] tasks.
08:03:54.613 DEBUG akka.actor.CoordinatedShutdown - Performing task [close connection pools] in CoordinatedShutdown phase [before-actor-system-terminate]
08:03:54.614 DEBUG akka.actor.CoordinatedShutdown - Performing task [close-grpc-channels] in CoordinatedShutdown phase [before-actor-system-terminate]
08:03:54.614 DEBUG akka.actor.CoordinatedShutdown - Performing phase [actor-system-terminate] with [1] tasks.
08:03:54.614 DEBUG akka.actor.CoordinatedShutdown - Performing task [terminate-system] in CoordinatedShutdown phase [actor-system-terminate]
08:03:54.682 INFO  akka.runtime.AkkaRuntimeMain - Starting Akka Runtime version [1.6.15]
08:03:54.687 INFO  akka.javasdk.impl.ComponentLocator$ - Looking for component descriptors matching pattern [META-INF/akka-javasdk-components_*.conf]
08:03:54.692 INFO  akka.javasdk.testkit.TestKit - Eventing TestKit booting up on port: 62827
08:03:54.693 DEBUG a.c.singleton.ClusterSingletonProxy - Creating singleton identification timer...
08:03:54.693 DEBUG a.c.singleton.ClusterSingletonProxy - Trying to identify singleton at [akka://akka-runtime@127.0.0.1:62828/system/singletonManagerschemaSingleton/schemaSingleton]
08:03:54.693 DEBUG a.c.singleton.ClusterSingletonProxy - Singleton not available, buffering message type [kalix.runtime.SchemaSingleton$ExecDdl]
08:03:54.694 INFO  a.c.s.ClusterSingletonManager - Singleton manager starting singleton actor [akka://akka-runtime/system/singletonManagerschemaSingleton/schemaSingleton]
08:03:54.694 INFO  a.c.s.ClusterSingletonManager - ClusterSingletonManager state change [Start -> Oldest]
08:03:54.694 INFO  akka.javasdk.testkit.TestKit - Checking runtime status
08:03:54.758 DEBUG a.c.singleton.ClusterSingletonProxy - Trying to identify singleton at [akka://akka-runtime@127.0.0.1:62828/system/singletonManagerschemaSingleton/schemaSingleton]
08:03:54.759 INFO  a.c.singleton.ClusterSingletonProxy - Singleton identified at [akka://akka-runtime/system/singletonManagerschemaSingleton/schemaSingleton]
08:03:54.759 DEBUG a.c.singleton.ClusterSingletonProxy - Sending buffered messages to current singleton instance
08:03:54.760 INFO  a.c.s.typed.scaladsl.ClusterSharding - Starting Shard Region [passivation-race-entity]...
08:03:54.760 INFO  akka.cluster.sharding.ShardRegion - passivation-race-entity: Automatic entity passivation: composite strategy with limit of [10000] active entities, admission window (least recently used entities) with proportions [initial = 0.01, min = 0.01, max = 1.0] adapting with hill-climbing optimizer [adjust multiplier = 10.0, initial step = 0.0625, restart threshold = 0.05, step decay = 0.98], admit using frequency sketch [width multiplier = 4, reset multiplier = 10.0, depth = 4, counter bits = 4], main (least recently used entities (segmented with [2] levels with proportions of [0.20, 0.80]))
08:03:54.760 INFO  a.c.s.ClusterSingletonManager - Singleton manager starting singleton actor [akka://akka-runtime/system/sharding/passivation-race-entityCoordinator/singleton]
08:03:54.761 INFO  a.c.s.ClusterSingletonManager - ClusterSingletonManager state change [Start -> Oldest]
08:03:54.761 DEBUG a.c.sharding.DDataShardCoordinator - passivation-race-entity: Initial coordinator is empty.
08:03:54.761 INFO  a.c.sharding.DDataShardCoordinator - passivation-race-entity: ShardCoordinator was moved to the active state with [0] shards
08:03:54.762 DEBUG a.c.singleton.ClusterSingletonProxy - Forwarding message of type [SchemaSingleton$ExecDdl] to current singleton instance at [akka://akka-runtime/system/singletonManagerschemaSingleton/schemaSingleton]
08:03:54.762 INFO  akka.runtime.DiscoveryManager - Service components: EventSourcedEntity: [1], Consumer: [2], View: [1]
08:03:54.763 INFO  a.c.s.typed.scaladsl.ClusterSharding - Starting Shard Region [_timer]...
08:03:54.763 INFO  a.c.s.typed.scaladsl.ClusterSharding - Starting Shard Region [sharded-daemon-process-eventSourcedProjection-passivation-race-entity-passivation-race-consumer-a]...
08:03:54.764 INFO  a.c.s.ClusterSingletonManager - Singleton manager starting singleton actor [akka://akka-runtime/system/sharding/_timerCoordinator/singleton]
08:03:54.764 INFO  akka.cluster.sharding.ShardRegion - sharded-daemon-process-eventSourcedProjection-passivation-race-entity-passivation-race-consumer-a: Automatic entity passivation: disabled
08:03:54.764 INFO  a.c.s.ClusterSingletonManager - ClusterSingletonManager state change [Start -> Oldest]
08:03:54.764 DEBUG a.c.sharding.DDataShardCoordinator - _timer: Starting remember entities store from provider akka.cluster.sharding.internal.DDataRememberEntitiesProvider@7d704310
08:03:54.764 DEBUG a.c.sharding.DDataShardCoordinator - _timer: Initial coordinator is empty.
08:03:54.764 INFO  a.c.sharding.DDataShardCoordinator - _timer: ShardCoordinator was moved to the active state with [0] shards
08:03:54.764 DEBUG a.c.sharding.DDataShardCoordinator - _timer: Received [0] remembered shard ids (after state initialized)
08:03:54.764 INFO  a.c.s.ClusterSingletonManager - Singleton manager starting singleton actor [akka://akka-runtime/system/sharding/sharded-daemon-process-eventSourcedProjection-passivation-race-entity-passivation-race-consumer-aCoordinator/singleton]
08:03:54.764 DEBUG a.c.singleton.ClusterSingletonProxy - Creating singleton identification timer...
08:03:54.764 INFO  a.c.s.ClusterSingletonManager - ClusterSingletonManager state change [Start -> Oldest]
08:03:54.764 INFO  a.c.s.typed.scaladsl.ClusterSharding - Starting Shard Region [sharded-daemon-process-eventSourcedProjection-passivation-race-entity-passivation-race-consumer-b]...
08:03:54.764 DEBUG a.c.singleton.ClusterSingletonProxy - Trying to identify singleton at [akka://akka-runtime@127.0.0.1:62828/system/singletonManagerShardedDaemonProcessCoordinator-eventSourcedProjection-passivation-race-entity-passivation-race-consumer-a/ShardedDaemonProcessCoordinator-eventSourcedProjection-passivation-race-entity-passivation-race-consumer-a]
08:03:54.764 INFO  a.c.s.ClusterSingletonManager - Singleton manager starting singleton actor [akka://akka-runtime/system/singletonManagerShardedDaemonProcessCoordinator-eventSourcedProjection-passivation-race-entity-passivation-race-consumer-a/ShardedDaemonProcessCoordinator-eventSourcedProjection-passivation-race-entity-passivation-race-consumer-a]
08:03:54.764 INFO  a.c.s.ClusterSingletonManager - ClusterSingletonManager state change [Start -> Oldest]
08:03:54.764 DEBUG a.c.sharding.DDataShardCoordinator - sharded-daemon-process-eventSourcedProjection-passivation-race-entity-passivation-race-consumer-a: Initial coordinator is empty.
08:03:54.764 INFO  a.c.sharding.DDataShardCoordinator - sharded-daemon-process-eventSourcedProjection-passivation-race-entity-passivation-race-consumer-a: ShardCoordinator was moved to the active state with [0] shards
08:03:54.764 INFO  akka.cluster.sharding.ShardRegion - sharded-daemon-process-eventSourcedProjection-passivation-race-entity-passivation-race-consumer-b: Automatic entity passivation: disabled
08:03:54.764 DEBUG a.c.s.t.i.ShardedDaemonProcessCoordinator$ - ShardedDaemonProcessCoordinator for [eventSourcedProjection-passivation-race-entity-passivation-race-consumer-a] starting
08:03:54.765 INFO  a.c.s.typed.scaladsl.ClusterSharding - Starting Shard Region [sharded-daemon-process-eventSourcedProjection-passivation-race-entity-passivation-race-view]...
08:03:54.765 DEBUG a.c.s.t.i.ShardedDaemonProcessCoordinator$ - eventSourcedProjection-passivation-race-entity-passivation-race-consumer-a: No previous state stored for Sharded Daemon Process
08:03:54.765 INFO  akka.cluster.sharding.ShardRegion - sharded-daemon-process-eventSourcedProjection-passivation-race-entity-passivation-race-view: Automatic entity passivation: disabled
08:03:54.765 DEBUG a.c.singleton.ClusterSingletonProxy - Creating singleton identification timer...
08:03:54.765 DEBUG a.c.singleton.ClusterSingletonProxy - Trying to identify singleton at [akka://akka-runtime@127.0.0.1:62828/system/singletonManagerShardedDaemonProcessCoordinator-eventSourcedProjection-passivation-race-entity-passivation-race-consumer-b/ShardedDaemonProcessCoordinator-eventSourcedProjection-passivation-race-entity-passivation-race-consumer-b]
08:03:54.765 DEBUG a.c.s.t.i.ShardedDaemonProcessCoordinator$ - Sending periodic keep alive for Sharded Daemon Process [eventSourcedProjection-passivation-race-entity-passivation-race-consumer-a] to [1] processes (revision [0]).
08:03:54.765 INFO  a.c.s.ClusterSingletonManager - Singleton manager starting singleton actor [akka://akka-runtime/system/sharding/sharded-daemon-process-eventSourcedProjection-passivation-race-entity-passivation-race-consumer-bCoordinator/singleton]
08:03:54.765 INFO  a.c.s.ClusterSingletonManager - ClusterSingletonManager state change [Start -> Oldest]
08:03:54.765 DEBUG a.c.sharding.DDataShardCoordinator - sharded-daemon-process-eventSourcedProjection-passivation-race-entity-passivation-race-consumer-b: Initial coordinator is empty.
08:03:54.765 INFO  a.c.sharding.DDataShardCoordinator - sharded-daemon-process-eventSourcedProjection-passivation-race-entity-passivation-race-consumer-b: ShardCoordinator was moved to the active state with [0] shards
08:03:54.765 INFO  a.c.s.ClusterSingletonManager - Singleton manager starting singleton actor [akka://akka-runtime/system/singletonManagerShardedDaemonProcessCoordinator-eventSourcedProjection-passivation-race-entity-passivation-race-consumer-b/ShardedDaemonProcessCoordinator-eventSourcedProjection-passivation-race-entity-passivation-race-consumer-b]
08:03:54.765 INFO  a.c.s.ClusterSingletonManager - ClusterSingletonManager state change [Start -> Oldest]
08:03:54.765 DEBUG a.c.s.t.i.ShardedDaemonProcessCoordinator$ - ShardedDaemonProcessCoordinator for [eventSourcedProjection-passivation-race-entity-passivation-race-consumer-b] starting
08:03:54.765 DEBUG a.c.singleton.ClusterSingletonProxy - Creating singleton identification timer...
08:03:54.765 INFO  akka.runtime.DiscoveryManager - Akka Runtime started at 127.0.0.1:62826
08:03:54.765 DEBUG a.c.singleton.ClusterSingletonProxy - Trying to identify singleton at [akka://akka-runtime@127.0.0.1:62828/system/singletonManagerShardedDaemonProcessCoordinator-eventSourcedProjection-passivation-race-entity-passivation-race-view/ShardedDaemonProcessCoordinator-eventSourcedProjection-passivation-race-entity-passivation-race-view]
08:03:54.765 INFO  a.c.s.ClusterSingletonManager - Singleton manager starting singleton actor [akka://akka-runtime/system/sharding/sharded-daemon-process-eventSourcedProjection-passivation-race-entity-passivation-race-viewCoordinator/singleton]
08:03:54.765 INFO  a.c.s.ClusterSingletonManager - Singleton manager starting singleton actor [akka://akka-runtime/system/singletonManagerShardedDaemonProcessCoordinator-eventSourcedProjection-passivation-race-entity-passivation-race-view/ShardedDaemonProcessCoordinator-eventSourcedProjection-passivation-race-entity-passivation-race-view]
08:03:54.765 INFO  a.c.s.ClusterSingletonManager - ClusterSingletonManager state change [Start -> Oldest]
08:03:54.765 INFO  a.c.s.ClusterSingletonManager - ClusterSingletonManager state change [Start -> Oldest]
08:03:54.765 DEBUG a.c.s.t.i.ShardedDaemonProcessCoordinator$ - eventSourcedProjection-passivation-race-entity-passivation-race-consumer-b: No previous state stored for Sharded Daemon Process
08:03:54.765 DEBUG a.c.s.t.i.ShardedDaemonProcessCoordinator$ - ShardedDaemonProcessCoordinator for [eventSourcedProjection-passivation-race-entity-passivation-race-view] starting
08:03:54.765 DEBUG a.c.sharding.DDataShardCoordinator - sharded-daemon-process-eventSourcedProjection-passivation-race-entity-passivation-race-view: Initial coordinator is empty.
08:03:54.765 INFO  a.c.sharding.DDataShardCoordinator - sharded-daemon-process-eventSourcedProjection-passivation-race-entity-passivation-race-view: ShardCoordinator was moved to the active state with [0] shards
08:03:54.765 DEBUG a.c.s.t.i.ShardedDaemonProcessCoordinator$ - Sending periodic keep alive for Sharded Daemon Process [eventSourcedProjection-passivation-race-entity-passivation-race-consumer-b] to [1] processes (revision [0]).
08:03:54.765 INFO  repro.Bootstrap - onStartup burst of 8 starting
08:03:54.766 INFO  a.c.singleton.ClusterSingletonProxy - Singleton identified at [akka://akka-runtime/system/singletonManagerShardedDaemonProcessCoordinator-eventSourcedProjection-passivation-race-entity-passivation-race-view/ShardedDaemonProcessCoordinator-eventSourcedProjection-passivation-race-entity-passivation-race-view]
08:03:54.766 DEBUG a.c.s.t.i.ShardedDaemonProcessCoordinator$ - eventSourcedProjection-passivation-race-entity-passivation-race-view: No previous state stored for Sharded Daemon Process
08:03:54.766 DEBUG a.c.s.t.i.ShardedDaemonProcessCoordinator$ - Sending periodic keep alive for Sharded Daemon Process [eventSourcedProjection-passivation-race-entity-passivation-race-view] to [1] processes (revision [0]).
08:03:54.766 DEBUG a.c.singleton.ClusterSingletonProxy - Sending buffered messages to current singleton instance
08:03:54.810 INFO  akka.javasdk.testkit.TestKit - Runtime started
08:03:54.810 INFO  akka.actor.CoordinatedShutdown - Running CoordinatedShutdown with reason [ActorSystemTerminateReason]
08:03:54.810 DEBUG akka.actor.CoordinatedShutdown - Performing phase [before-service-unbind] with [0] tasks
08:03:54.810 DEBUG akka.actor.CoordinatedShutdown - Performing phase [service-unbind] with [1] tasks.
08:03:54.810 DEBUG akka.actor.CoordinatedShutdown - Performing task [http-unbind-/127.0.0.1:62826] in CoordinatedShutdown phase [service-unbind]
08:03:54.810 DEBUG akka.actor.CoordinatedShutdown - Performing phase [service-requests-done] with [1] tasks.
08:03:54.810 DEBUG akka.actor.CoordinatedShutdown - Performing task [http-terminate-/127.0.0.1:62826] in CoordinatedShutdown phase [service-requests-done]
08:03:54.810 DEBUG akka.actor.CoordinatedShutdown - Performing phase [service-stop] with [1] tasks.
08:03:54.810 DEBUG akka.actor.CoordinatedShutdown - Performing task [stop-grpc-clients] in CoordinatedShutdown phase [service-stop]
08:03:54.810 DEBUG akka.actor.CoordinatedShutdown - Performing phase [before-cluster-shutdown] with [0] tasks
08:03:54.810 DEBUG akka.actor.CoordinatedShutdown - Performing phase [cluster-sharding-shutdown-region] with [5] tasks.
08:03:54.810 DEBUG akka.actor.CoordinatedShutdown - Performing task [region-shutdown] in CoordinatedShutdown phase [cluster-sharding-shutdown-region]
08:03:54.810 DEBUG akka.actor.CoordinatedShutdown - Performing task [region-shutdown] in CoordinatedShutdown phase [cluster-sharding-shutdown-region]
08:03:54.810 DEBUG akka.actor.CoordinatedShutdown - Performing task [region-shutdown] in CoordinatedShutdown phase [cluster-sharding-shutdown-region]
08:03:54.810 DEBUG akka.actor.CoordinatedShutdown - Performing task [region-shutdown] in CoordinatedShutdown phase [cluster-sharding-shutdown-region]
08:03:54.810 DEBUG akka.actor.CoordinatedShutdown - Performing task [region-shutdown] in CoordinatedShutdown phase [cluster-sharding-shutdown-region]
08:03:54.810 DEBUG a.c.sharding.DDataShardCoordinator - passivation-race-entity: Unknown region requested graceful shutdown [Actor[akka://akka-runtime/system/sharding/passivation-race-entity#1963559387]]
08:03:54.810 DEBUG a.c.sharding.DDataShardCoordinator - sharded-daemon-process-eventSourcedProjection-passivation-race-entity-passivation-race-view: Unknown region requested graceful shutdown [Actor[akka://akka-runtime/system/sharding/sharded-daemon-process-eventSourcedProjection-passivation-race-entity-passivation-race-view#1003910370]]
08:03:54.810 DEBUG a.c.sharding.DDataShardCoordinator - _timer: Unknown region requested graceful shutdown [Actor[akka://akka-runtime/system/sharding/_timer#-2010774193]]
08:03:54.811 DEBUG a.c.sharding.DDataShardCoordinator - sharded-daemon-process-eventSourcedProjection-passivation-race-entity-passivation-race-consumer-a: Unknown region requested graceful shutdown [Actor[akka://akka-runtime/system/sharding/sharded-daemon-process-eventSourcedProjection-passivation-race-entity-passivation-race-consumer-a#1920341046]]
08:03:54.811 DEBUG a.c.sharding.DDataShardCoordinator - sharded-daemon-process-eventSourcedProjection-passivation-race-entity-passivation-race-consumer-b: Unknown region requested graceful shutdown [Actor[akka://akka-runtime/system/sharding/sharded-daemon-process-eventSourcedProjection-passivation-race-entity-passivation-race-consumer-b#419064892]]
08:03:54.827 DEBUG a.c.singleton.ClusterSingletonProxy - Trying to identify singleton at [akka://akka-runtime@127.0.0.1:62828/system/singletonManagerShardedDaemonProcessCoordinator-eventSourcedProjection-passivation-race-entity-passivation-race-consumer-a/ShardedDaemonProcessCoordinator-eventSourcedProjection-passivation-race-entity-passivation-race-consumer-a]
08:03:54.827 DEBUG a.c.singleton.ClusterSingletonProxy - Trying to identify singleton at [akka://akka-runtime@127.0.0.1:62828/system/singletonManagerShardedDaemonProcessCoordinator-eventSourcedProjection-passivation-race-entity-passivation-race-consumer-b/ShardedDaemonProcessCoordinator-eventSourcedProjection-passivation-race-entity-passivation-race-consumer-b]
08:03:54.827 INFO  a.c.singleton.ClusterSingletonProxy - Singleton identified at [akka://akka-runtime/system/singletonManagerShardedDaemonProcessCoordinator-eventSourcedProjection-passivation-race-entity-passivation-race-consumer-b/ShardedDaemonProcessCoordinator-eventSourcedProjection-passivation-race-entity-passivation-race-consumer-b]
08:03:54.828 INFO  a.c.singleton.ClusterSingletonProxy - Singleton identified at [akka://akka-runtime/system/singletonManagerShardedDaemonProcessCoordinator-eventSourcedProjection-passivation-race-entity-passivation-race-consumer-a/ShardedDaemonProcessCoordinator-eventSourcedProjection-passivation-race-entity-passivation-race-consumer-a]
08:03:54.828 DEBUG a.c.singleton.ClusterSingletonProxy - Sending buffered messages to current singleton instance
08:03:54.828 DEBUG a.c.singleton.ClusterSingletonProxy - Sending buffered messages to current singleton instance
08:03:55.028 DEBUG a.c.sharding.DDataShardCoordinator - sharded-daemon-process-eventSourcedProjection-passivation-race-entity-passivation-race-consumer-a: ShardRegion registered: [Actor[akka://akka-runtime/system/sharding/sharded-daemon-process-eventSourcedProjection-passivation-race-entity-passivation-race-consumer-a#1920341046]]
08:03:55.028 DEBUG a.c.sharding.DDataShardCoordinator - passivation-race-entity: ShardRegion registered: [Actor[akka://akka-runtime/system/sharding/passivation-race-entity#1963559387]]
08:03:55.028 DEBUG a.c.sharding.DDataShardCoordinator - sharded-daemon-process-eventSourcedProjection-passivation-race-entity-passivation-race-consumer-b: ShardRegion registered: [Actor[akka://akka-runtime/system/sharding/sharded-daemon-process-eventSourcedProjection-passivation-race-entity-passivation-race-consumer-b#419064892]]
08:03:55.028 DEBUG a.c.sharding.DDataShardCoordinator - sharded-daemon-process-eventSourcedProjection-passivation-race-entity-passivation-race-view: ShardRegion registered: [Actor[akka://akka-runtime/system/sharding/sharded-daemon-process-eventSourcedProjection-passivation-race-entity-passivation-race-view#1003910370]]
08:03:55.029 DEBUG a.c.sharding.DDataShardCoordinator - sharded-daemon-process-eventSourcedProjection-passivation-race-entity-passivation-race-consumer-a: The coordinator state was successfully updated with ShardRegionRegistered(Actor[akka://akka-runtime/system/sharding/sharded-daemon-process-eventSourcedProjection-passivation-race-entity-passivation-race-consumer-a#1920341046])
08:03:55.030 DEBUG a.c.sharding.DDataShardCoordinator - sharded-daemon-process-eventSourcedProjection-passivation-race-entity-passivation-race-view: The coordinator state was successfully updated with ShardRegionRegistered(Actor[akka://akka-runtime/system/sharding/sharded-daemon-process-eventSourcedProjection-passivation-race-entity-passivation-race-view#1003910370])
08:03:55.030 DEBUG a.c.sharding.DDataShardCoordinator - sharded-daemon-process-eventSourcedProjection-passivation-race-entity-passivation-race-consumer-b: The coordinator state was successfully updated with ShardRegionRegistered(Actor[akka://akka-runtime/system/sharding/sharded-daemon-process-eventSourcedProjection-passivation-race-entity-passivation-race-consumer-b#419064892])
08:03:55.032 DEBUG a.c.sharding.DDataShardCoordinator - sharded-daemon-process-eventSourcedProjection-passivation-race-entity-passivation-race-view: The coordinator state was successfully updated with ShardHomeAllocated(0,Actor[akka://akka-runtime/system/sharding/sharded-daemon-process-eventSourcedProjection-passivation-race-entity-passivation-race-view#1003910370])
08:03:55.032 DEBUG a.c.sharding.DDataShardCoordinator - sharded-daemon-process-eventSourcedProjection-passivation-race-entity-passivation-race-consumer-a: The coordinator state was successfully updated with ShardHomeAllocated(0,Actor[akka://akka-runtime/system/sharding/sharded-daemon-process-eventSourcedProjection-passivation-race-entity-passivation-race-consumer-a#1920341046])
08:03:55.032 DEBUG a.c.sharding.DDataShardCoordinator - sharded-daemon-process-eventSourcedProjection-passivation-race-entity-passivation-race-consumer-a: Shard [0] allocated at [Actor[akka://akka-runtime/system/sharding/sharded-daemon-process-eventSourcedProjection-passivation-race-entity-passivation-race-consumer-a#1920341046]]
08:03:55.032 DEBUG a.c.sharding.DDataShardCoordinator - sharded-daemon-process-eventSourcedProjection-passivation-race-entity-passivation-race-consumer-b: The coordinator state was successfully updated with ShardHomeAllocated(0,Actor[akka://akka-runtime/system/sharding/sharded-daemon-process-eventSourcedProjection-passivation-race-entity-passivation-race-consumer-b#419064892])
08:03:55.032 DEBUG a.c.sharding.DDataShardCoordinator - sharded-daemon-process-eventSourcedProjection-passivation-race-entity-passivation-race-consumer-b: Shard [0] allocated at [Actor[akka://akka-runtime/system/sharding/sharded-daemon-process-eventSourcedProjection-passivation-race-entity-passivation-race-consumer-b#419064892]]
08:03:55.032 DEBUG a.c.sharding.DDataShardCoordinator - passivation-race-entity: The coordinator state was successfully updated with ShardRegionRegistered(Actor[akka://akka-runtime/system/sharding/passivation-race-entity#1963559387])
08:03:55.033 DEBUG a.c.sharding.DDataShardCoordinator - sharded-daemon-process-eventSourcedProjection-passivation-race-entity-passivation-race-consumer-b: Graceful shutdown of region [Actor[akka://akka-runtime/system/sharding/sharded-daemon-process-eventSourcedProjection-passivation-race-entity-passivation-race-consumer-b#419064892]] with [1] shards
08:03:55.033 INFO  a.c.sharding.DDataShardCoordinator - sharded-daemon-process-eventSourcedProjection-passivation-race-entity-passivation-race-consumer-b: Starting shutting down shards [0] due to region shutting down or explicit stopping of shards.
08:03:55.033 DEBUG a.c.sharding.DDataShardCoordinator - passivation-race-entity: The coordinator state was successfully updated with ShardHomeAllocated(853,Actor[akka://akka-runtime/system/sharding/passivation-race-entity#1963559387])
08:03:55.033 DEBUG a.c.sharding.DDataShardCoordinator - sharded-daemon-process-eventSourcedProjection-passivation-race-entity-passivation-race-consumer-a: Graceful shutdown of region [Actor[akka://akka-runtime/system/sharding/sharded-daemon-process-eventSourcedProjection-passivation-race-entity-passivation-race-consumer-a#1920341046]] with [1] shards
08:03:55.033 DEBUG a.c.sharding.DDataShardCoordinator - passivation-race-entity: Shard [853] allocated at [Actor[akka://akka-runtime/system/sharding/passivation-race-entity#1963559387]]
08:03:55.033 INFO  a.c.sharding.DDataShardCoordinator - sharded-daemon-process-eventSourcedProjection-passivation-race-entity-passivation-race-consumer-a: Starting shutting down shards [0] due to region shutting down or explicit stopping of shards.
08:03:55.033 DEBUG akka.cluster.sharding.Shard - sharded-daemon-process-eventSourcedProjection-passivation-race-entity-passivation-race-consumer-b: Shard initialized
08:03:55.033 DEBUG akka.cluster.sharding.Shard - sharded-daemon-process-eventSourcedProjection-passivation-race-entity-passivation-race-consumer-a: Shard initialized
08:03:55.033 DEBUG a.c.sharding.DDataShardCoordinator - passivation-race-entity: Graceful shutdown of region [Actor[akka://akka-runtime/system/sharding/passivation-race-entity#1963559387]] with [1] shards
08:03:55.033 INFO  a.c.sharding.DDataShardCoordinator - passivation-race-entity: Starting shutting down shards [853] due to region shutting down or explicit stopping of shards.
08:03:55.034 DEBUG a.c.s.t.i.ShardedDaemonProcessState$ - eventSourcedProjection-passivation-race-entity-passivation-race-consumer-a: Deferred start of worker to verify its revision [0] is the latest
08:03:55.034 INFO  a.c.s.t.i.ShardedDaemonProcessState$ - eventSourcedProjection-passivation-race-entity-passivation-race-consumer-a: Starting Sharded Daemon Process [0] out of a total [1] (revision [0] and no state found)
08:03:55.034 DEBUG a.c.s.ShardCoordinator$RebalanceWorker - sharded-daemon-process-eventSourcedProjection-passivation-race-entity-passivation-race-consumer-a: Shutting down shard [0] from region [Actor[akka://akka-runtime/system/sharding/sharded-daemon-process-eventSourcedProjection-passivation-race-entity-passivation-race-consumer-a#1920341046]]. Asking [1] region(s) to hand-off shard
08:03:55.034 DEBUG a.c.s.ShardCoordinator$RebalanceWorker - sharded-daemon-process-eventSourcedProjection-passivation-race-entity-passivation-race-consumer-b: Shutting down shard [0] from region [Actor[akka://akka-runtime/system/sharding/sharded-daemon-process-eventSourcedProjection-passivation-race-entity-passivation-race-consumer-b#419064892]]. Asking [1] region(s) to hand-off shard
08:03:55.034 DEBUG akka.cluster.sharding.Shard - sharded-daemon-process-eventSourcedProjection-passivation-race-entity-passivation-race-consumer-a: Request to start entity [0] and ack to [Some(Actor[akka://akka-runtime/deadLetters])]
08:03:55.034 DEBUG akka.cluster.sharding.Shard - sharded-daemon-process-eventSourcedProjection-passivation-race-entity-passivation-race-consumer-a: Started entity [Actor[akka://akka-runtime/system/sharding/sharded-daemon-process-eventSourcedProjection-passivation-race-entity-passivation-race-consumer-a/0/0#-339483069]] with entity id [0] in shard [0]
08:03:55.034 DEBUG a.c.s.ShardCoordinator$RebalanceWorker - passivation-race-entity: Shutting down shard [853] from region [Actor[akka://akka-runtime/system/sharding/passivation-race-entity#1963559387]]. Asking [1] region(s) to hand-off shard
08:03:55.034 DEBUG a.c.s.ShardCoordinator$RebalanceWorker - passivation-race-entity: BeginHandOffAck for shard [853] received from [Actor[akka://akka-runtime/system/sharding/passivation-race-entity#1963559387]].
08:03:55.034 DEBUG a.c.s.ShardCoordinator$RebalanceWorker - passivation-race-entity: All shard regions acked, handing off shard [853].
08:03:55.034 DEBUG akka.cluster.sharding.Shard - passivation-race-entity: Shard initialized
08:03:55.034 DEBUG a.c.s.ShardCoordinator$RebalanceWorker - sharded-daemon-process-eventSourcedProjection-passivation-race-entity-passivation-race-consumer-a: BeginHandOffAck for shard [0] received from [Actor[akka://akka-runtime/system/sharding/sharded-daemon-process-eventSourcedProjection-passivation-race-entity-passivation-race-consumer-a#1920341046]].
08:03:55.034 DEBUG a.c.s.ShardCoordinator$RebalanceWorker - sharded-daemon-process-eventSourcedProjection-passivation-race-entity-passivation-race-consumer-a: All shard regions acked, handing off shard [0].
08:03:55.034 WARN  akka.cluster.sharding.ShardRegion - passivation-race-entity: Dropping [1] buffered messages to shard [853] during hand off to avoid re-ordering
08:03:55.034 DEBUG akka.cluster.sharding.Shard - passivation-race-entity: HandOff shard [853]
08:03:55.034 DEBUG akka.cluster.sharding.Shard - passivation-race-entity: Shard [853] shutting down
08:03:55.034 DEBUG a.c.sharding.DDataShardCoordinator - passivation-race-entity: Shard [853] deallocation completed successfully.
08:03:55.034 DEBUG akka.cluster.sharding.Shard - sharded-daemon-process-eventSourcedProjection-passivation-race-entity-passivation-race-consumer-a: HandOff shard [0]
08:03:55.034 DEBUG akka.cluster.sharding.Shard - sharded-daemon-process-eventSourcedProjection-passivation-race-entity-passivation-race-consumer-a: Starting HandOffStopper for shard [0] to terminate [1] entities.
08:03:55.034 DEBUG a.c.sharding.DDataShardCoordinator - passivation-race-entity: The coordinator state was successfully updated with ShardHomeDeallocated(853)
08:03:55.034 DEBUG a.c.sharding.DDataShardCoordinator - passivation-race-entity: Shard [853] deallocated after
08:03:55.034 DEBUG a.c.sharding.DDataShardCoordinator - passivation-race-entity: ShardRegion terminated (gracefully): [Actor[akka://akka-runtime/system/sharding/passivation-race-entity#1963559387]] {}
08:03:55.034 DEBUG akka.cluster.sharding.Shard - sharded-daemon-process-eventSourcedProjection-passivation-race-entity-passivation-race-consumer-b: Request to start entity [0] and ack to [Some(Actor[akka://akka-runtime/deadLetters])]
08:03:55.034 DEBUG a.c.s.ShardCoordinator$RebalanceWorker - sharded-daemon-process-eventSourcedProjection-passivation-race-entity-passivation-race-consumer-b: BeginHandOffAck for shard [0] received from [Actor[akka://akka-runtime/system/sharding/sharded-daemon-process-eventSourcedProjection-passivation-race-entity-passivation-race-consumer-b#419064892]].
08:03:55.034 DEBUG a.c.s.ShardCoordinator$RebalanceWorker - sharded-daemon-process-eventSourcedProjection-passivation-race-entity-passivation-race-consumer-b: All shard regions acked, handing off shard [0].
08:03:55.034 DEBUG akka.cluster.sharding.Shard - sharded-daemon-process-eventSourcedProjection-passivation-race-entity-passivation-race-consumer-b: Started entity [Actor[akka://akka-runtime/system/sharding/sharded-daemon-process-eventSourcedProjection-passivation-race-entity-passivation-race-consumer-b/0/0#-1836057509]] with entity id [0] in shard [0]
08:03:55.034 DEBUG akka.cluster.sharding.Shard - sharded-daemon-process-eventSourcedProjection-passivation-race-entity-passivation-race-consumer-b: HandOff shard [0]
08:03:55.034 DEBUG akka.cluster.sharding.Shard - sharded-daemon-process-eventSourcedProjection-passivation-race-entity-passivation-race-consumer-b: Starting HandOffStopper for shard [0] to terminate [1] entities.
08:03:55.035 DEBUG a.c.s.t.i.ShardedDaemonProcessState$ - eventSourcedProjection-passivation-race-entity-passivation-race-consumer-b: Deferred start of worker to verify its revision [0] is the latest
08:03:55.035 DEBUG a.c.sharding.DDataShardCoordinator - passivation-race-entity: GetShardHome [853] request from [Actor[akka://local/ignore]] stashed, because waiting for initial state or update of state. It will be handled afterwards.
08:03:55.035 DEBUG a.c.sharding.DDataShardCoordinator - sharded-daemon-process-eventSourcedProjection-passivation-race-entity-passivation-race-consumer-a: Shard [0] deallocation completed successfully.
08:03:55.035 DEBUG akka.cluster.sharding.Shard - sharded-daemon-process-eventSourcedProjection-passivation-race-entity-passivation-race-consumer-a: Shard [0] shutting down
08:03:55.035 DEBUG a.c.sharding.DDataShardCoordinator - passivation-race-entity: The coordinator state was successfully updated with ShardRegionTerminated(Actor[akka://akka-runtime/system/sharding/passivation-race-entity#1963559387])
08:03:55.035 DEBUG a.c.sharding.DDataShardCoordinator - sharded-daemon-process-eventSourcedProjection-passivation-race-entity-passivation-race-consumer-a: The coordinator state was successfully updated with ShardHomeDeallocated(0)
08:03:55.035 DEBUG a.c.sharding.DDataShardCoordinator - sharded-daemon-process-eventSourcedProjection-passivation-race-entity-passivation-race-consumer-a: Shard [0] deallocated after
08:03:55.035 DEBUG a.c.sharding.DDataShardCoordinator - passivation-race-entity: ShardRegion stopped: [Actor[akka://akka-runtime/system/sharding/passivation-race-entity#1963559387]]
08:03:55.035 DEBUG a.c.sharding.DDataShardCoordinator - sharded-daemon-process-eventSourcedProjection-passivation-race-entity-passivation-race-consumer-a: ShardRegion terminated (gracefully): [Actor[akka://akka-runtime/system/sharding/sharded-daemon-process-eventSourcedProjection-passivation-race-entity-passivation-race-consumer-a#1920341046]] {}
08:03:55.035 DEBUG a.c.sharding.DDataShardCoordinator - sharded-daemon-process-eventSourcedProjection-passivation-race-entity-passivation-race-consumer-a: GetShardHome [0] request from [Actor[akka://local/ignore]] stashed, because waiting for initial state or update of state. It will be handled afterwards.
08:03:55.035 INFO  a.c.s.t.i.ShardedDaemonProcessState$ - eventSourcedProjection-passivation-race-entity-passivation-race-consumer-b: Starting Sharded Daemon Process [0] out of a total [1] (revision [0] and no state found)
08:03:55.035 DEBUG a.c.sharding.DDataShardCoordinator - sharded-daemon-process-eventSourcedProjection-passivation-race-entity-passivation-race-consumer-a: The coordinator state was successfully updated with ShardRegionTerminated(Actor[akka://akka-runtime/system/sharding/sharded-daemon-process-eventSourcedProjection-passivation-race-entity-passivation-race-consumer-a#1920341046])
08:03:55.035 DEBUG a.c.sharding.DDataShardCoordinator - sharded-daemon-process-eventSourcedProjection-passivation-race-entity-passivation-race-consumer-a: ShardRegion stopped: [Actor[akka://akka-runtime/system/sharding/sharded-daemon-process-eventSourcedProjection-passivation-race-entity-passivation-race-consumer-a#1920341046]]
08:03:55.035 DEBUG a.c.sharding.DDataShardCoordinator - sharded-daemon-process-eventSourcedProjection-passivation-race-entity-passivation-race-view: Shard [0] allocated at [Actor[akka://akka-runtime/system/sharding/sharded-daemon-process-eventSourcedProjection-passivation-race-entity-passivation-race-view#1003910370]]
08:03:55.036 DEBUG a.c.sharding.DDataShardCoordinator - sharded-daemon-process-eventSourcedProjection-passivation-race-entity-passivation-race-view: Graceful shutdown of region [Actor[akka://akka-runtime/system/sharding/sharded-daemon-process-eventSourcedProjection-passivation-race-entity-passivation-race-view#1003910370]] with [1] shards
08:03:55.036 INFO  a.c.sharding.DDataShardCoordinator - sharded-daemon-process-eventSourcedProjection-passivation-race-entity-passivation-race-view: Starting shutting down shards [0] due to region shutting down or explicit stopping of shards.
08:03:55.036 DEBUG akka.cluster.sharding.Shard - sharded-daemon-process-eventSourcedProjection-passivation-race-entity-passivation-race-view: Shard initialized
08:03:55.036 DEBUG a.c.s.ShardCoordinator$RebalanceWorker - sharded-daemon-process-eventSourcedProjection-passivation-race-entity-passivation-race-view: Shutting down shard [0] from region [Actor[akka://akka-runtime/system/sharding/sharded-daemon-process-eventSourcedProjection-passivation-race-entity-passivation-race-view#1003910370]]. Asking [1] region(s) to hand-off shard
08:03:55.036 DEBUG akka.cluster.sharding.Shard - sharded-daemon-process-eventSourcedProjection-passivation-race-entity-passivation-race-view: Request to start entity [0] and ack to [Some(Actor[akka://akka-runtime/deadLetters])]
08:03:55.036 DEBUG akka.cluster.sharding.Shard - sharded-daemon-process-eventSourcedProjection-passivation-race-entity-passivation-race-view: Started entity [Actor[akka://akka-runtime/system/sharding/sharded-daemon-process-eventSourcedProjection-passivation-race-entity-passivation-race-view/0/0#-954947200]] with entity id [0] in shard [0]
08:03:55.036 DEBUG a.c.s.ShardCoordinator$RebalanceWorker - sharded-daemon-process-eventSourcedProjection-passivation-race-entity-passivation-race-view: BeginHandOffAck for shard [0] received from [Actor[akka://akka-runtime/system/sharding/sharded-daemon-process-eventSourcedProjection-passivation-race-entity-passivation-race-view#1003910370]].
08:03:55.036 DEBUG a.c.s.ShardCoordinator$RebalanceWorker - sharded-daemon-process-eventSourcedProjection-passivation-race-entity-passivation-race-view: All shard regions acked, handing off shard [0].
08:03:55.036 DEBUG a.c.s.t.i.ShardedDaemonProcessState$ - eventSourcedProjection-passivation-race-entity-passivation-race-view: Deferred start of worker to verify its revision [0] is the latest
08:03:55.036 DEBUG akka.cluster.sharding.Shard - sharded-daemon-process-eventSourcedProjection-passivation-race-entity-passivation-race-view: HandOff shard [0]
08:03:55.036 DEBUG akka.cluster.sharding.Shard - sharded-daemon-process-eventSourcedProjection-passivation-race-entity-passivation-race-view: Starting HandOffStopper for shard [0] to terminate [1] entities.
08:03:55.037 INFO  a.c.s.t.i.ShardedDaemonProcessState$ - eventSourcedProjection-passivation-race-entity-passivation-race-view: Starting Sharded Daemon Process [0] out of a total [1] (revision [0] and no state found)
08:03:55.798 WARN  a.c.s.ShardRegion$HandOffStopper - sharded-daemon-process-eventSourcedProjection-passivation-race-entity-passivation-race-view: [1] of the entities in shard [0] not stopped after [750 milliseconds]. Maybe the handOffStopMessage [akka.projection.ProjectionBehavior$Stop$] is not handled? Waiting additional [250 milliseconds] before stopping the remaining entities.
08:03:55.798 WARN  a.c.s.ShardRegion$HandOffStopper - sharded-daemon-process-eventSourcedProjection-passivation-race-entity-passivation-race-consumer-b: [1] of the entities in shard [0] not stopped after [750 milliseconds]. Maybe the handOffStopMessage [akka.projection.ProjectionBehavior$Stop$] is not handled? Waiting additional [250 milliseconds] before stopping the remaining entities.
08:03:56.048 WARN  a.c.s.ShardRegion$HandOffStopper - sharded-daemon-process-eventSourcedProjection-passivation-race-entity-passivation-race-view: HandOffStopMessage [akka.projection.ProjectionBehavior$Stop$] is not handled by some of the entities in shard [0] after [1 second], stopping the remaining [1] entities.
08:03:56.048 WARN  a.c.s.ShardRegion$HandOffStopper - sharded-daemon-process-eventSourcedProjection-passivation-race-entity-passivation-race-consumer-b: HandOffStopMessage [akka.projection.ProjectionBehavior$Stop$] is not handled by some of the entities in shard [0] after [1 second], stopping the remaining [1] entities.
08:03:56.048 DEBUG akka.cluster.sharding.Shard - sharded-daemon-process-eventSourcedProjection-passivation-race-entity-passivation-race-view: Shard [0] shutting down
08:03:56.048 DEBUG a.c.sharding.DDataShardCoordinator - sharded-daemon-process-eventSourcedProjection-passivation-race-entity-passivation-race-view: Shard [0] deallocation completed successfully.
08:03:56.049 DEBUG akka.cluster.sharding.Shard - sharded-daemon-process-eventSourcedProjection-passivation-race-entity-passivation-race-consumer-b: Shard [0] shutting down
08:03:56.049 DEBUG a.c.sharding.DDataShardCoordinator - sharded-daemon-process-eventSourcedProjection-passivation-race-entity-passivation-race-consumer-b: Shard [0] deallocation completed successfully.
08:03:56.049 DEBUG akka.actor.CoordinatedShutdown - Performing phase [cluster-leave] with [1] tasks.
08:03:56.049 DEBUG akka.actor.CoordinatedShutdown - Performing task [leave] in CoordinatedShutdown phase [cluster-leave]
08:03:56.049 DEBUG a.c.sharding.DDataShardCoordinator - sharded-daemon-process-eventSourcedProjection-passivation-race-entity-passivation-race-view: The coordinator state was successfully updated with ShardHomeDeallocated(0)
08:03:56.049 DEBUG a.c.sharding.DDataShardCoordinator - sharded-daemon-process-eventSourcedProjection-passivation-race-entity-passivation-race-consumer-b: The coordinator state was successfully updated with ShardHomeDeallocated(0)
08:03:56.049 DEBUG a.c.sharding.DDataShardCoordinator - sharded-daemon-process-eventSourcedProjection-passivation-race-entity-passivation-race-view: Shard [0] deallocated after
08:03:56.049 DEBUG a.c.sharding.DDataShardCoordinator - sharded-daemon-process-eventSourcedProjection-passivation-race-entity-passivation-race-consumer-b: Shard [0] deallocated after
08:03:56.049 DEBUG a.c.sharding.DDataShardCoordinator - sharded-daemon-process-eventSourcedProjection-passivation-race-entity-passivation-race-view: ShardRegion terminated (gracefully): [Actor[akka://akka-runtime/system/sharding/sharded-daemon-process-eventSourcedProjection-passivation-race-entity-passivation-race-view#1003910370]] {}
08:03:56.049 DEBUG a.c.sharding.DDataShardCoordinator - sharded-daemon-process-eventSourcedProjection-passivation-race-entity-passivation-race-consumer-b: ShardRegion terminated (gracefully): [Actor[akka://akka-runtime/system/sharding/sharded-daemon-process-eventSourcedProjection-passivation-race-entity-passivation-race-consumer-b#419064892]] {}
08:03:56.049 DEBUG a.c.sharding.DDataShardCoordinator - sharded-daemon-process-eventSourcedProjection-passivation-race-entity-passivation-race-view: GetShardHome [0] request from [Actor[akka://local/ignore]] stashed, because waiting for initial state or update of state. It will be handled afterwards.
08:03:56.049 DEBUG a.c.sharding.DDataShardCoordinator - sharded-daemon-process-eventSourcedProjection-passivation-race-entity-passivation-race-view: The coordinator state was successfully updated with ShardRegionTerminated(Actor[akka://akka-runtime/system/sharding/sharded-daemon-process-eventSourcedProjection-passivation-race-entity-passivation-race-view#1003910370])
08:03:56.049 DEBUG a.c.sharding.DDataShardCoordinator - sharded-daemon-process-eventSourcedProjection-passivation-race-entity-passivation-race-view: ShardRegion stopped: [Actor[akka://akka-runtime/system/sharding/sharded-daemon-process-eventSourcedProjection-passivation-race-entity-passivation-race-view#1003910370]]
08:03:56.049 DEBUG akka.actor.CoordinatedShutdown - Performing phase [cluster-exiting] with [28] tasks.
08:03:56.049 DEBUG akka.actor.CoordinatedShutdown - Performing task [singleton-exiting-1] in CoordinatedShutdown phase [cluster-exiting]
08:03:56.049 DEBUG a.c.sharding.DDataShardCoordinator - sharded-daemon-process-eventSourcedProjection-passivation-race-entity-passivation-race-consumer-b: GetShardHome [0] request from [Actor[akka://local/ignore]] stashed, because waiting for initial state or update of state. It will be handled afterwards.
08:03:56.049 DEBUG akka.actor.CoordinatedShutdown - Performing task [singleton-exiting-2] in CoordinatedShutdown phase [cluster-exiting]
08:03:56.049 DEBUG akka.actor.CoordinatedShutdown - Performing task [singleton-exiting-1] in CoordinatedShutdown phase [cluster-exiting]
08:03:56.049 DEBUG akka.actor.CoordinatedShutdown - Performing task [wait-singleton-exiting] in CoordinatedShutdown phase [cluster-exiting]
08:03:56.049 DEBUG akka.actor.CoordinatedShutdown - Performing task [wait-singleton-exiting] in CoordinatedShutdown phase [cluster-exiting]
08:03:56.049 DEBUG akka.actor.CoordinatedShutdown - Performing task [wait-singleton-exiting] in CoordinatedShutdown phase [cluster-exiting]
08:03:56.049 DEBUG akka.actor.CoordinatedShutdown - Performing task [singleton-exiting-2] in CoordinatedShutdown phase [cluster-exiting]
08:03:56.049 INFO  a.c.s.ClusterSingletonManager - Exited [akka://akka-runtime@127.0.0.1:62828].
08:03:56.049 DEBUG akka.actor.CoordinatedShutdown - Performing task [singleton-exiting-1] in CoordinatedShutdown phase [cluster-exiting]
08:03:56.049 DEBUG akka.actor.CoordinatedShutdown - Performing task [wait-singleton-exiting] in CoordinatedShutdown phase [cluster-exiting]
08:03:56.049 DEBUG akka.actor.CoordinatedShutdown - Performing task [singleton-exiting-2] in CoordinatedShutdown phase [cluster-exiting]
08:03:56.049 DEBUG akka.actor.CoordinatedShutdown - Performing task [wait-singleton-exiting] in CoordinatedShutdown phase [cluster-exiting]
08:03:56.049 DEBUG akka.actor.CoordinatedShutdown - Performing task [singleton-exiting-2] in CoordinatedShutdown phase [cluster-exiting]
08:03:56.049 DEBUG akka.actor.CoordinatedShutdown - Performing task [singleton-exiting-2] in CoordinatedShutdown phase [cluster-exiting]
08:03:56.049 DEBUG akka.actor.CoordinatedShutdown - Performing task [singleton-exiting-1] in CoordinatedShutdown phase [cluster-exiting]
08:03:56.049 INFO  a.c.s.ClusterSingletonManager - Oldest observed OldestChanged: [akka://akka-runtime@127.0.0.1:62828 -> None]
08:03:56.049 DEBUG akka.actor.CoordinatedShutdown - Performing task [wait-singleton-exiting] in CoordinatedShutdown phase [cluster-exiting]
08:03:56.049 DEBUG akka.actor.CoordinatedShutdown - Performing task [singleton-exiting-1] in CoordinatedShutdown phase [cluster-exiting]
08:03:56.049 DEBUG akka.actor.CoordinatedShutdown - Performing task [wait-singleton-exiting] in CoordinatedShutdown phase [cluster-exiting]
08:03:56.050 DEBUG akka.actor.CoordinatedShutdown - Performing task [singleton-exiting-1] in CoordinatedShutdown phase [cluster-exiting]
08:03:56.050 DEBUG akka.actor.CoordinatedShutdown - Performing task [singleton-exiting-2] in CoordinatedShutdown phase [cluster-exiting]
08:03:56.050 INFO  a.c.s.ClusterSingletonManager - ClusterSingletonManager state change [Oldest -> WasOldest]
08:03:56.050 DEBUG akka.actor.CoordinatedShutdown - Performing task [singleton-exiting-2] in CoordinatedShutdown phase [cluster-exiting]
08:03:56.050 DEBUG akka.actor.CoordinatedShutdown - Performing task [singleton-exiting-2] in CoordinatedShutdown phase [cluster-exiting]
08:03:56.050 DEBUG akka.actor.CoordinatedShutdown - Performing task [singleton-exiting-1] in CoordinatedShutdown phase [cluster-exiting]
08:03:56.050 DEBUG akka.actor.CoordinatedShutdown - Performing task [singleton-exiting-2] in CoordinatedShutdown phase [cluster-exiting]
08:03:56.050 DEBUG akka.actor.CoordinatedShutdown - Performing task [singleton-exiting-1] in CoordinatedShutdown phase [cluster-exiting]
08:03:56.050 DEBUG akka.actor.CoordinatedShutdown - Performing task [wait-singleton-exiting] in CoordinatedShutdown phase [cluster-exiting]
08:03:56.050 DEBUG akka.actor.CoordinatedShutdown - Performing task [wait-singleton-exiting] in CoordinatedShutdown phase [cluster-exiting]
08:03:56.050 INFO  a.c.s.ClusterSingletonManager - Exited [akka://akka-runtime@127.0.0.1:62828].
08:03:56.050 DEBUG akka.actor.CoordinatedShutdown - Performing task [singleton-exiting-1] in CoordinatedShutdown phase [cluster-exiting]
08:03:56.050 DEBUG akka.actor.CoordinatedShutdown - Performing task [wait-exiting] in CoordinatedShutdown phase [cluster-exiting]
08:03:56.050 INFO  a.c.s.ClusterSingletonManager - Exited [akka://akka-runtime@127.0.0.1:62828].
08:03:56.050 DEBUG a.c.sharding.DDataShardCoordinator - sharded-daemon-process-eventSourcedProjection-passivation-race-entity-passivation-race-consumer-b: The coordinator state was successfully updated with ShardRegionTerminated(Actor[akka://akka-runtime/system/sharding/sharded-daemon-process-eventSourcedProjection-passivation-race-entity-passivation-race-consumer-b#419064892])
08:03:56.050 INFO  a.c.s.ClusterSingletonManager - Oldest observed OldestChanged: [akka://akka-runtime@127.0.0.1:62828 -> None]
08:03:56.050 INFO  a.c.s.ClusterSingletonManager - Exited [akka://akka-runtime@127.0.0.1:62828].
08:03:56.050 INFO  a.c.s.ClusterSingletonManager - Exited [akka://akka-runtime@127.0.0.1:62828].
08:03:56.050 INFO  a.c.s.ClusterSingletonManager - Oldest observed OldestChanged: [akka://akka-runtime@127.0.0.1:62828 -> None]
08:03:56.050 INFO  a.c.s.ClusterSingletonManager - ClusterSingletonManager state change [Oldest -> WasOldest]
08:03:56.050 INFO  a.c.s.ClusterSingletonManager - Exited [akka://akka-runtime@127.0.0.1:62828].
08:03:56.050 DEBUG a.c.sharding.DDataShardCoordinator - sharded-daemon-process-eventSourcedProjection-passivation-race-entity-passivation-race-consumer-b: ShardRegion stopped: [Actor[akka://akka-runtime/system/sharding/sharded-daemon-process-eventSourcedProjection-passivation-race-entity-passivation-race-consumer-b#419064892]]
08:03:56.050 INFO  a.c.s.ClusterSingletonManager - Exited [akka://akka-runtime@127.0.0.1:62828].
08:03:56.050 INFO  a.c.s.ClusterSingletonManager - Exited [akka://akka-runtime@127.0.0.1:62828].
08:03:56.050 INFO  a.c.s.ClusterSingletonManager - Oldest observed OldestChanged: [akka://akka-runtime@127.0.0.1:62828 -> None]
08:03:56.050 INFO  a.c.s.ClusterSingletonManager - Oldest observed OldestChanged: [akka://akka-runtime@127.0.0.1:62828 -> None]
08:03:56.050 INFO  a.c.s.ClusterSingletonManager - ClusterSingletonManager state change [Oldest -> WasOldest]
08:03:56.050 INFO  a.c.s.ClusterSingletonManager - ClusterSingletonManager state change [Oldest -> WasOldest]
08:03:56.050 INFO  a.c.s.ClusterSingletonManager - Exited [akka://akka-runtime@127.0.0.1:62828].
08:03:56.050 INFO  a.c.s.ClusterSingletonManager - Oldest observed OldestChanged: [akka://akka-runtime@127.0.0.1:62828 -> None]
08:03:56.050 INFO  a.c.s.ClusterSingletonManager - ClusterSingletonManager state change [Oldest -> WasOldest]
08:03:56.050 INFO  a.c.s.ClusterSingletonManager - Oldest observed OldestChanged: [akka://akka-runtime@127.0.0.1:62828 -> None]
08:03:56.050 INFO  a.c.s.ClusterSingletonManager - Oldest observed OldestChanged: [akka://akka-runtime@127.0.0.1:62828 -> None]
08:03:56.050 INFO  a.c.s.ClusterSingletonManager - ClusterSingletonManager state change [Oldest -> WasOldest]
08:03:56.050 INFO  a.c.s.ClusterSingletonManager - ClusterSingletonManager state change [Oldest -> WasOldest]
08:03:56.050 INFO  a.c.s.ClusterSingletonManager - Oldest observed OldestChanged: [akka://akka-runtime@127.0.0.1:62828 -> None]
08:03:56.050 INFO  a.c.s.ClusterSingletonManager - ClusterSingletonManager state change [Oldest -> WasOldest]
08:03:56.050 INFO  a.c.s.ClusterSingletonManager - ClusterSingletonManager state change [Oldest -> WasOldest]
08:03:56.687 DEBUG a.c.singleton.ClusterSingletonProxy - Creating singleton identification timer...
08:03:56.687 DEBUG a.c.singleton.ClusterSingletonProxy - Creating singleton identification timer...
08:03:56.687 DEBUG a.c.singleton.ClusterSingletonProxy - Creating singleton identification timer...
08:03:56.687 DEBUG a.c.singleton.ClusterSingletonProxy - Creating singleton identification timer...
08:03:57.069 INFO  a.c.s.ClusterSingletonManager - Singleton manager stopping singleton actor [akka://akka-runtime/system/singletonManagerShardedDaemonProcessCoordinator-eventSourcedProjection-passivation-race-entity-passivation-race-view/ShardedDaemonProcessCoordinator-eventSourcedProjection-passivation-race-entity-passivation-race-view]
08:03:57.069 INFO  a.c.s.ClusterSingletonManager - Singleton manager stopping singleton actor [akka://akka-runtime/system/sharding/_timerCoordinator/singleton]
08:03:57.069 INFO  a.c.s.ClusterSingletonManager - Singleton manager stopping singleton actor [akka://akka-runtime/system/sharding/sharded-daemon-process-eventSourcedProjection-passivation-race-entity-passivation-race-consumer-bCoordinator/singleton]
08:03:57.069 INFO  a.c.s.ClusterSingletonManager - Singleton manager stopping singleton actor [akka://akka-runtime/system/sharding/sharded-daemon-process-eventSourcedProjection-passivation-race-entity-passivation-race-viewCoordinator/singleton]
08:03:57.069 INFO  a.c.s.ClusterSingletonManager - ClusterSingletonManager state change [WasOldest -> Stopping]
08:03:57.069 INFO  a.c.s.ClusterSingletonManager - ClusterSingletonManager state change [WasOldest -> Stopping]
08:03:57.069 INFO  a.c.s.ClusterSingletonManager - ClusterSingletonManager state change [WasOldest -> Stopping]
08:03:57.069 INFO  a.c.s.ClusterSingletonManager - ClusterSingletonManager state change [WasOldest -> Stopping]
08:03:57.069 DEBUG a.c.sharding.DDataShardCoordinator - sharded-daemon-process-eventSourcedProjection-passivation-race-entity-passivation-race-view: Received termination message.
08:03:57.069 DEBUG a.c.sharding.DDataShardCoordinator - _timer: Received termination message.
08:03:57.069 DEBUG a.c.sharding.DDataShardCoordinator - sharded-daemon-process-eventSourcedProjection-passivation-race-entity-passivation-race-consumer-b: Received termination message.
08:03:57.069 INFO  a.c.s.ClusterSingletonManager - Singleton actor [akka://akka-runtime/system/sharding/_timerCoordinator/singleton] was terminated
08:03:57.069 INFO  a.c.s.ClusterSingletonManager - Singleton actor [akka://akka-runtime/system/singletonManagerShardedDaemonProcessCoordinator-eventSourcedProjection-passivation-race-entity-passivation-race-view/ShardedDaemonProcessCoordinator-eventSourcedProjection-passivation-race-entity-passivation-race-view] was terminated
08:03:57.069 INFO  a.c.s.ClusterSingletonManager - Singleton actor [akka://akka-runtime/system/sharding/sharded-daemon-process-eventSourcedProjection-passivation-race-entity-passivation-race-consumer-bCoordinator/singleton] was terminated
08:03:57.069 INFO  a.c.s.ClusterSingletonManager - Singleton actor [akka://akka-runtime/system/sharding/sharded-daemon-process-eventSourcedProjection-passivation-race-entity-passivation-race-viewCoordinator/singleton] was terminated
08:03:57.069 INFO  a.c.s.ClusterSingletonManager - Singleton manager stopping singleton actor [akka://akka-runtime/system/singletonManagerschemaSingleton/schemaSingleton]
08:03:57.069 INFO  a.c.s.ClusterSingletonManager - ClusterSingletonManager state change [WasOldest -> Stopping]
08:03:57.069 INFO  a.c.s.ClusterSingletonManager - Singleton manager stopping singleton actor [akka://akka-runtime/system/sharding/passivation-race-entityCoordinator/singleton]
08:03:57.069 INFO  a.c.s.ClusterSingletonManager - ClusterSingletonManager state change [WasOldest -> Stopping]
08:03:57.069 INFO  a.c.s.ClusterSingletonManager - Singleton actor [akka://akka-runtime/system/singletonManagerschemaSingleton/schemaSingleton] was terminated
08:03:57.069 INFO  a.c.s.ClusterSingletonManager - Singleton manager stopping singleton actor [akka://akka-runtime/system/singletonManagerShardedDaemonProcessCoordinator-eventSourcedProjection-passivation-race-entity-passivation-race-consumer-b/ShardedDaemonProcessCoordinator-eventSourcedProjection-passivation-race-entity-passivation-race-consumer-b]
08:03:57.069 INFO  a.c.s.ClusterSingletonManager - ClusterSingletonManager state change [WasOldest -> Stopping]
08:03:57.069 DEBUG a.c.sharding.DDataShardCoordinator - passivation-race-entity: Received termination message.
08:03:57.069 INFO  a.c.s.ClusterSingletonManager - Singleton actor [akka://akka-runtime/system/singletonManagerShardedDaemonProcessCoordinator-eventSourcedProjection-passivation-race-entity-passivation-race-consumer-b/ShardedDaemonProcessCoordinator-eventSourcedProjection-passivation-race-entity-passivation-race-consumer-b] was terminated
08:03:57.069 INFO  a.c.s.ClusterSingletonManager - Singleton manager stopping singleton actor [akka://akka-runtime/system/singletonManagerShardedDaemonProcessCoordinator-eventSourcedProjection-passivation-race-entity-passivation-race-consumer-a/ShardedDaemonProcessCoordinator-eventSourcedProjection-passivation-race-entity-passivation-race-consumer-a]
08:03:57.069 INFO  a.c.s.ClusterSingletonManager - ClusterSingletonManager state change [WasOldest -> Stopping]
08:03:57.069 INFO  a.c.s.ClusterSingletonManager - Singleton actor [akka://akka-runtime/system/sharding/passivation-race-entityCoordinator/singleton] was terminated
08:03:57.069 INFO  a.c.s.ClusterSingletonManager - Singleton manager stopping singleton actor [akka://akka-runtime/system/sharding/sharded-daemon-process-eventSourcedProjection-passivation-race-entity-passivation-race-consumer-aCoordinator/singleton]
08:03:57.069 INFO  a.c.s.ClusterSingletonManager - ClusterSingletonManager state change [WasOldest -> Stopping]
08:03:57.069 DEBUG a.c.sharding.DDataShardCoordinator - sharded-daemon-process-eventSourcedProjection-passivation-race-entity-passivation-race-consumer-a: Received termination message.
08:03:57.069 INFO  a.c.s.ClusterSingletonManager - Singleton actor [akka://akka-runtime/system/singletonManagerShardedDaemonProcessCoordinator-eventSourcedProjection-passivation-race-entity-passivation-race-consumer-a/ShardedDaemonProcessCoordinator-eventSourcedProjection-passivation-race-entity-passivation-race-consumer-a] was terminated
08:03:57.070 INFO  a.c.s.ClusterSingletonManager - Singleton actor [akka://akka-runtime/system/sharding/sharded-daemon-process-eventSourcedProjection-passivation-race-entity-passivation-race-consumer-aCoordinator/singleton] was terminated
08:03:57.070 DEBUG akka.actor.CoordinatedShutdown - Performing phase [cluster-exiting-done] with [1] tasks.
08:03:57.070 DEBUG akka.actor.CoordinatedShutdown - Performing task [exiting-completed] in CoordinatedShutdown phase [cluster-exiting-done]
08:03:57.070 DEBUG akka.actor.CoordinatedShutdown - Performing phase [cluster-shutdown] with [1] tasks.
08:03:57.070 DEBUG akka.actor.CoordinatedShutdown - Performing task [wait-shutdown] in CoordinatedShutdown phase [cluster-shutdown]
08:03:57.071 DEBUG akka.actor.CoordinatedShutdown - Performing phase [before-actor-system-terminate] with [2] tasks.
08:03:57.071 DEBUG akka.actor.CoordinatedShutdown - Performing task [close connection pools] in CoordinatedShutdown phase [before-actor-system-terminate]
08:03:57.071 DEBUG akka.actor.CoordinatedShutdown - Performing task [close-grpc-channels] in CoordinatedShutdown phase [before-actor-system-terminate]
08:03:57.072 DEBUG akka.actor.CoordinatedShutdown - Performing phase [actor-system-terminate] with [1] tasks.
08:03:57.072 DEBUG akka.actor.CoordinatedShutdown - Performing task [terminate-system] in CoordinatedShutdown phase [actor-system-terminate]
08:03:57.134 INFO  akka.runtime.AkkaRuntimeMain - Starting Akka Runtime version [1.6.15]
08:03:57.141 INFO  akka.javasdk.impl.ComponentLocator$ - Looking for component descriptors matching pattern [META-INF/akka-javasdk-components_*.conf]
08:03:57.146 INFO  akka.javasdk.testkit.TestKit - Eventing TestKit booting up on port: 62832
08:03:57.148 DEBUG a.c.singleton.ClusterSingletonProxy - Creating singleton identification timer...
08:03:57.148 DEBUG a.c.singleton.ClusterSingletonProxy - Trying to identify singleton at [akka://akka-runtime@127.0.0.1:62833/system/singletonManagerschemaSingleton/schemaSingleton]
08:03:57.148 DEBUG a.c.singleton.ClusterSingletonProxy - Singleton not available, buffering message type [kalix.runtime.SchemaSingleton$ExecDdl]
08:03:57.149 INFO  a.c.s.ClusterSingletonManager - Singleton manager starting singleton actor [akka://akka-runtime/system/singletonManagerschemaSingleton/schemaSingleton]
08:03:57.149 INFO  a.c.s.ClusterSingletonManager - ClusterSingletonManager state change [Start -> Oldest]
08:03:57.150 INFO  akka.javasdk.testkit.TestKit - Checking runtime status
08:03:57.217 DEBUG a.c.singleton.ClusterSingletonProxy - Trying to identify singleton at [akka://akka-runtime@127.0.0.1:62833/system/singletonManagerschemaSingleton/schemaSingleton]
08:03:57.218 INFO  a.c.singleton.ClusterSingletonProxy - Singleton identified at [akka://akka-runtime/system/singletonManagerschemaSingleton/schemaSingleton]
08:03:57.218 DEBUG a.c.singleton.ClusterSingletonProxy - Sending buffered messages to current singleton instance
08:03:57.219 INFO  a.c.s.typed.scaladsl.ClusterSharding - Starting Shard Region [passivation-race-entity]...
08:03:57.219 INFO  akka.cluster.sharding.ShardRegion - passivation-race-entity: Automatic entity passivation: composite strategy with limit of [10000] active entities, admission window (least recently used entities) with proportions [initial = 0.01, min = 0.01, max = 1.0] adapting with hill-climbing optimizer [adjust multiplier = 10.0, initial step = 0.0625, restart threshold = 0.05, step decay = 0.98], admit using frequency sketch [width multiplier = 4, reset multiplier = 10.0, depth = 4, counter bits = 4], main (least recently used entities (segmented with [2] levels with proportions of [0.20, 0.80]))
08:03:57.219 INFO  a.c.s.ClusterSingletonManager - Singleton manager starting singleton actor [akka://akka-runtime/system/sharding/passivation-race-entityCoordinator/singleton]
08:03:57.220 INFO  a.c.s.ClusterSingletonManager - ClusterSingletonManager state change [Start -> Oldest]
08:03:57.220 DEBUG a.c.sharding.DDataShardCoordinator - passivation-race-entity: Initial coordinator is empty.
08:03:57.220 INFO  a.c.sharding.DDataShardCoordinator - passivation-race-entity: ShardCoordinator was moved to the active state with [0] shards
08:03:57.221 DEBUG a.c.singleton.ClusterSingletonProxy - Forwarding message of type [SchemaSingleton$ExecDdl] to current singleton instance at [akka://akka-runtime/system/singletonManagerschemaSingleton/schemaSingleton]
08:03:57.222 INFO  akka.runtime.DiscoveryManager - Service components: EventSourcedEntity: [1], Consumer: [2], View: [1]
08:03:57.222 INFO  a.c.s.typed.scaladsl.ClusterSharding - Starting Shard Region [_timer]...
08:03:57.223 INFO  a.c.s.typed.scaladsl.ClusterSharding - Starting Shard Region [sharded-daemon-process-eventSourcedProjection-passivation-race-entity-passivation-race-consumer-a]...
08:03:57.223 INFO  a.c.s.ClusterSingletonManager - Singleton manager starting singleton actor [akka://akka-runtime/system/sharding/_timerCoordinator/singleton]
08:03:57.223 INFO  a.c.s.ClusterSingletonManager - ClusterSingletonManager state change [Start -> Oldest]
08:03:57.223 INFO  akka.cluster.sharding.ShardRegion - sharded-daemon-process-eventSourcedProjection-passivation-race-entity-passivation-race-consumer-a: Automatic entity passivation: disabled
08:03:57.223 DEBUG a.c.sharding.DDataShardCoordinator - _timer: Starting remember entities store from provider akka.cluster.sharding.internal.DDataRememberEntitiesProvider@6f31a0aa
08:03:57.223 DEBUG a.c.sharding.DDataShardCoordinator - _timer: Initial coordinator is empty.
08:03:57.223 INFO  a.c.sharding.DDataShardCoordinator - _timer: ShardCoordinator was moved to the active state with [0] shards
08:03:57.223 DEBUG a.c.sharding.DDataShardCoordinator - _timer: Received [0] remembered shard ids (after state initialized)
08:03:57.223 INFO  a.c.s.typed.scaladsl.ClusterSharding - Starting Shard Region [sharded-daemon-process-eventSourcedProjection-passivation-race-entity-passivation-race-consumer-b]...
08:03:57.223 DEBUG a.c.singleton.ClusterSingletonProxy - Creating singleton identification timer...
08:03:57.223 INFO  akka.cluster.sharding.ShardRegion - sharded-daemon-process-eventSourcedProjection-passivation-race-entity-passivation-race-consumer-b: Automatic entity passivation: disabled
08:03:57.223 DEBUG a.c.singleton.ClusterSingletonProxy - Trying to identify singleton at [akka://akka-runtime@127.0.0.1:62833/system/singletonManagerShardedDaemonProcessCoordinator-eventSourcedProjection-passivation-race-entity-passivation-race-consumer-a/ShardedDaemonProcessCoordinator-eventSourcedProjection-passivation-race-entity-passivation-race-consumer-a]
08:03:57.224 INFO  a.c.s.ClusterSingletonManager - Singleton manager starting singleton actor [akka://akka-runtime/system/sharding/sharded-daemon-process-eventSourcedProjection-passivation-race-entity-passivation-race-consumer-aCoordinator/singleton]
08:03:57.224 INFO  a.c.s.ClusterSingletonManager - Singleton manager starting singleton actor [akka://akka-runtime/system/singletonManagerShardedDaemonProcessCoordinator-eventSourcedProjection-passivation-race-entity-passivation-race-consumer-a/ShardedDaemonProcessCoordinator-eventSourcedProjection-passivation-race-entity-passivation-race-consumer-a]
08:03:57.224 INFO  a.c.s.ClusterSingletonManager - ClusterSingletonManager state change [Start -> Oldest]
08:03:57.224 INFO  a.c.s.ClusterSingletonManager - ClusterSingletonManager state change [Start -> Oldest]
08:03:57.224 INFO  a.c.s.typed.scaladsl.ClusterSharding - Starting Shard Region [sharded-daemon-process-eventSourcedProjection-passivation-race-entity-passivation-race-view]...
08:03:57.224 DEBUG a.c.s.t.i.ShardedDaemonProcessCoordinator$ - ShardedDaemonProcessCoordinator for [eventSourcedProjection-passivation-race-entity-passivation-race-consumer-a] starting
08:03:57.224 DEBUG a.c.sharding.DDataShardCoordinator - sharded-daemon-process-eventSourcedProjection-passivation-race-entity-passivation-race-consumer-a: Initial coordinator is empty.
08:03:57.224 INFO  a.c.sharding.DDataShardCoordinator - sharded-daemon-process-eventSourcedProjection-passivation-race-entity-passivation-race-consumer-a: ShardCoordinator was moved to the active state with [0] shards
08:03:57.224 DEBUG a.c.singleton.ClusterSingletonProxy - Creating singleton identification timer...
08:03:57.224 INFO  akka.cluster.sharding.ShardRegion - sharded-daemon-process-eventSourcedProjection-passivation-race-entity-passivation-race-view: Automatic entity passivation: disabled
08:03:57.224 DEBUG a.c.singleton.ClusterSingletonProxy - Trying to identify singleton at [akka://akka-runtime@127.0.0.1:62833/system/singletonManagerShardedDaemonProcessCoordinator-eventSourcedProjection-passivation-race-entity-passivation-race-consumer-b/ShardedDaemonProcessCoordinator-eventSourcedProjection-passivation-race-entity-passivation-race-consumer-b]
08:03:57.224 DEBUG a.c.s.t.i.ShardedDaemonProcessCoordinator$ - eventSourcedProjection-passivation-race-entity-passivation-race-consumer-a: No previous state stored for Sharded Daemon Process
08:03:57.224 DEBUG a.c.s.t.i.ShardedDaemonProcessCoordinator$ - Sending periodic keep alive for Sharded Daemon Process [eventSourcedProjection-passivation-race-entity-passivation-race-consumer-a] to [1] processes (revision [0]).
08:03:57.224 INFO  a.c.s.ClusterSingletonManager - Singleton manager starting singleton actor [akka://akka-runtime/system/sharding/sharded-daemon-process-eventSourcedProjection-passivation-race-entity-passivation-race-consumer-bCoordinator/singleton]
08:03:57.224 INFO  a.c.s.ClusterSingletonManager - ClusterSingletonManager state change [Start -> Oldest]
08:03:57.224 DEBUG a.c.sharding.DDataShardCoordinator - sharded-daemon-process-eventSourcedProjection-passivation-race-entity-passivation-race-consumer-b: Initial coordinator is empty.
08:03:57.224 INFO  a.c.sharding.DDataShardCoordinator - sharded-daemon-process-eventSourcedProjection-passivation-race-entity-passivation-race-consumer-b: ShardCoordinator was moved to the active state with [0] shards
08:03:57.224 INFO  a.c.s.ClusterSingletonManager - Singleton manager starting singleton actor [akka://akka-runtime/system/singletonManagerShardedDaemonProcessCoordinator-eventSourcedProjection-passivation-race-entity-passivation-race-consumer-b/ShardedDaemonProcessCoordinator-eventSourcedProjection-passivation-race-entity-passivation-race-consumer-b]
08:03:57.224 INFO  a.c.s.ClusterSingletonManager - ClusterSingletonManager state change [Start -> Oldest]
08:03:57.224 DEBUG a.c.singleton.ClusterSingletonProxy - Creating singleton identification timer...
08:03:57.224 DEBUG a.c.singleton.ClusterSingletonProxy - Trying to identify singleton at [akka://akka-runtime@127.0.0.1:62833/system/singletonManagerShardedDaemonProcessCoordinator-eventSourcedProjection-passivation-race-entity-passivation-race-view/ShardedDaemonProcessCoordinator-eventSourcedProjection-passivation-race-entity-passivation-race-view]
08:03:57.224 DEBUG a.c.s.t.i.ShardedDaemonProcessCoordinator$ - ShardedDaemonProcessCoordinator for [eventSourcedProjection-passivation-race-entity-passivation-race-consumer-b] starting
08:03:57.224 DEBUG a.c.s.t.i.ShardedDaemonProcessCoordinator$ - eventSourcedProjection-passivation-race-entity-passivation-race-consumer-b: No previous state stored for Sharded Daemon Process
08:03:57.224 INFO  a.c.s.ClusterSingletonManager - Singleton manager starting singleton actor [akka://akka-runtime/system/sharding/sharded-daemon-process-eventSourcedProjection-passivation-race-entity-passivation-race-viewCoordinator/singleton]
08:03:57.224 INFO  a.c.s.ClusterSingletonManager - ClusterSingletonManager state change [Start -> Oldest]
08:03:57.224 INFO  a.c.s.ClusterSingletonManager - Singleton manager starting singleton actor [akka://akka-runtime/system/singletonManagerShardedDaemonProcessCoordinator-eventSourcedProjection-passivation-race-entity-passivation-race-view/ShardedDaemonProcessCoordinator-eventSourcedProjection-passivation-race-entity-passivation-race-view]
08:03:57.225 INFO  a.c.s.ClusterSingletonManager - ClusterSingletonManager state change [Start -> Oldest]
08:03:57.225 DEBUG a.c.s.t.i.ShardedDaemonProcessCoordinator$ - Sending periodic keep alive for Sharded Daemon Process [eventSourcedProjection-passivation-race-entity-passivation-race-consumer-b] to [1] processes (revision [0]).
08:03:57.225 DEBUG a.c.s.t.i.ShardedDaemonProcessCoordinator$ - ShardedDaemonProcessCoordinator for [eventSourcedProjection-passivation-race-entity-passivation-race-view] starting
08:03:57.225 DEBUG a.c.sharding.DDataShardCoordinator - sharded-daemon-process-eventSourcedProjection-passivation-race-entity-passivation-race-view: Initial coordinator is empty.
08:03:57.225 INFO  a.c.sharding.DDataShardCoordinator - sharded-daemon-process-eventSourcedProjection-passivation-race-entity-passivation-race-view: ShardCoordinator was moved to the active state with [0] shards
08:03:57.225 DEBUG a.c.s.t.i.ShardedDaemonProcessCoordinator$ - eventSourcedProjection-passivation-race-entity-passivation-race-view: No previous state stored for Sharded Daemon Process
08:03:57.225 INFO  akka.runtime.DiscoveryManager - Akka Runtime started at 127.0.0.1:62831
08:03:57.225 DEBUG a.c.s.t.i.ShardedDaemonProcessCoordinator$ - Sending periodic keep alive for Sharded Daemon Process [eventSourcedProjection-passivation-race-entity-passivation-race-view] to [1] processes (revision [0]).
08:03:57.225 INFO  repro.Bootstrap - onStartup burst of 8 starting
08:03:57.279 INFO  akka.javasdk.testkit.TestKit - Runtime started
08:03:57.280 INFO  akka.actor.CoordinatedShutdown - Running CoordinatedShutdown with reason [ActorSystemTerminateReason]
08:03:57.280 DEBUG akka.actor.CoordinatedShutdown - Performing phase [before-service-unbind] with [0] tasks
08:03:57.280 DEBUG akka.actor.CoordinatedShutdown - Performing phase [service-unbind] with [1] tasks.
08:03:57.280 DEBUG akka.actor.CoordinatedShutdown - Performing task [http-unbind-/127.0.0.1:62831] in CoordinatedShutdown phase [service-unbind]
08:03:57.280 DEBUG akka.actor.CoordinatedShutdown - Performing phase [service-requests-done] with [1] tasks.
08:03:57.280 DEBUG akka.actor.CoordinatedShutdown - Performing task [http-terminate-/127.0.0.1:62831] in CoordinatedShutdown phase [service-requests-done]
08:03:57.280 DEBUG akka.actor.CoordinatedShutdown - Performing phase [service-stop] with [1] tasks.
08:03:57.280 DEBUG akka.actor.CoordinatedShutdown - Performing task [stop-grpc-clients] in CoordinatedShutdown phase [service-stop]
08:03:57.280 DEBUG akka.actor.CoordinatedShutdown - Performing phase [before-cluster-shutdown] with [0] tasks
08:03:57.280 DEBUG akka.actor.CoordinatedShutdown - Performing phase [cluster-sharding-shutdown-region] with [5] tasks.
08:03:57.280 DEBUG akka.actor.CoordinatedShutdown - Performing task [region-shutdown] in CoordinatedShutdown phase [cluster-sharding-shutdown-region]
08:03:57.280 DEBUG akka.actor.CoordinatedShutdown - Performing task [region-shutdown] in CoordinatedShutdown phase [cluster-sharding-shutdown-region]
08:03:57.280 DEBUG akka.actor.CoordinatedShutdown - Performing task [region-shutdown] in CoordinatedShutdown phase [cluster-sharding-shutdown-region]
08:03:57.280 DEBUG akka.actor.CoordinatedShutdown - Performing task [region-shutdown] in CoordinatedShutdown phase [cluster-sharding-shutdown-region]
08:03:57.280 DEBUG akka.actor.CoordinatedShutdown - Performing task [region-shutdown] in CoordinatedShutdown phase [cluster-sharding-shutdown-region]
08:03:57.280 DEBUG a.c.sharding.DDataShardCoordinator - sharded-daemon-process-eventSourcedProjection-passivation-race-entity-passivation-race-consumer-a: Unknown region requested graceful shutdown [Actor[akka://akka-runtime/system/sharding/sharded-daemon-process-eventSourcedProjection-passivation-race-entity-passivation-race-consumer-a#1951177152]]
08:03:57.280 DEBUG a.c.sharding.DDataShardCoordinator - sharded-daemon-process-eventSourcedProjection-passivation-race-entity-passivation-race-consumer-b: Unknown region requested graceful shutdown [Actor[akka://akka-runtime/system/sharding/sharded-daemon-process-eventSourcedProjection-passivation-race-entity-passivation-race-consumer-b#72503379]]
08:03:57.280 DEBUG a.c.sharding.DDataShardCoordinator - _timer: Unknown region requested graceful shutdown [Actor[akka://akka-runtime/system/sharding/_timer#1192130901]]
08:03:57.280 DEBUG a.c.sharding.DDataShardCoordinator - passivation-race-entity: Unknown region requested graceful shutdown [Actor[akka://akka-runtime/system/sharding/passivation-race-entity#821059186]]
08:03:57.280 DEBUG a.c.sharding.DDataShardCoordinator - sharded-daemon-process-eventSourcedProjection-passivation-race-entity-passivation-race-view: Unknown region requested graceful shutdown [Actor[akka://akka-runtime/system/sharding/sharded-daemon-process-eventSourcedProjection-passivation-race-entity-passivation-race-view#1943360239]]
08:03:57.288 DEBUG a.c.singleton.ClusterSingletonProxy - Trying to identify singleton at [akka://akka-runtime@127.0.0.1:62833/system/singletonManagerShardedDaemonProcessCoordinator-eventSourcedProjection-passivation-race-entity-passivation-race-consumer-a/ShardedDaemonProcessCoordinator-eventSourcedProjection-passivation-race-entity-passivation-race-consumer-a]
08:03:57.288 DEBUG a.c.singleton.ClusterSingletonProxy - Trying to identify singleton at [akka://akka-runtime@127.0.0.1:62833/system/singletonManagerShardedDaemonProcessCoordinator-eventSourcedProjection-passivation-race-entity-passivation-race-consumer-b/ShardedDaemonProcessCoordinator-eventSourcedProjection-passivation-race-entity-passivation-race-consumer-b]
08:03:57.288 DEBUG a.c.singleton.ClusterSingletonProxy - Trying to identify singleton at [akka://akka-runtime@127.0.0.1:62833/system/singletonManagerShardedDaemonProcessCoordinator-eventSourcedProjection-passivation-race-entity-passivation-race-view/ShardedDaemonProcessCoordinator-eventSourcedProjection-passivation-race-entity-passivation-race-view]
08:03:57.288 INFO  a.c.singleton.ClusterSingletonProxy - Singleton identified at [akka://akka-runtime/system/singletonManagerShardedDaemonProcessCoordinator-eventSourcedProjection-passivation-race-entity-passivation-race-consumer-a/ShardedDaemonProcessCoordinator-eventSourcedProjection-passivation-race-entity-passivation-race-consumer-a]
08:03:57.288 DEBUG a.c.singleton.ClusterSingletonProxy - Sending buffered messages to current singleton instance
08:03:57.288 INFO  a.c.singleton.ClusterSingletonProxy - Singleton identified at [akka://akka-runtime/system/singletonManagerShardedDaemonProcessCoordinator-eventSourcedProjection-passivation-race-entity-passivation-race-view/ShardedDaemonProcessCoordinator-eventSourcedProjection-passivation-race-entity-passivation-race-view]
08:03:57.288 INFO  a.c.singleton.ClusterSingletonProxy - Singleton identified at [akka://akka-runtime/system/singletonManagerShardedDaemonProcessCoordinator-eventSourcedProjection-passivation-race-entity-passivation-race-consumer-b/ShardedDaemonProcessCoordinator-eventSourcedProjection-passivation-race-entity-passivation-race-consumer-b]
08:03:57.288 DEBUG a.c.singleton.ClusterSingletonProxy - Sending buffered messages to current singleton instance
08:03:57.288 DEBUG a.c.singleton.ClusterSingletonProxy - Sending buffered messages to current singleton instance
08:03:57.488 DEBUG a.c.sharding.DDataShardCoordinator - sharded-daemon-process-eventSourcedProjection-passivation-race-entity-passivation-race-consumer-a: ShardRegion registered: [Actor[akka://akka-runtime/system/sharding/sharded-daemon-process-eventSourcedProjection-passivation-race-entity-passivation-race-consumer-a#1951177152]]
08:03:57.488 DEBUG a.c.sharding.DDataShardCoordinator - passivation-race-entity: ShardRegion registered: [Actor[akka://akka-runtime/system/sharding/passivation-race-entity#821059186]]
08:03:57.488 DEBUG a.c.sharding.DDataShardCoordinator - sharded-daemon-process-eventSourcedProjection-passivation-race-entity-passivation-race-consumer-b: ShardRegion registered: [Actor[akka://akka-runtime/system/sharding/sharded-daemon-process-eventSourcedProjection-passivation-race-entity-passivation-race-consumer-b#72503379]]
08:03:57.488 DEBUG a.c.sharding.DDataShardCoordinator - sharded-daemon-process-eventSourcedProjection-passivation-race-entity-passivation-race-view: ShardRegion registered: [Actor[akka://akka-runtime/system/sharding/sharded-daemon-process-eventSourcedProjection-passivation-race-entity-passivation-race-view#1943360239]]
08:03:57.488 DEBUG a.c.sharding.DDataShardCoordinator - sharded-daemon-process-eventSourcedProjection-passivation-race-entity-passivation-race-consumer-b: The coordinator state was successfully updated with ShardRegionRegistered(Actor[akka://akka-runtime/system/sharding/sharded-daemon-process-eventSourcedProjection-passivation-race-entity-passivation-race-consumer-b#72503379])
08:03:57.488 DEBUG a.c.sharding.DDataShardCoordinator - passivation-race-entity: The coordinator state was successfully updated with ShardRegionRegistered(Actor[akka://akka-runtime/system/sharding/passivation-race-entity#821059186])
08:03:57.488 DEBUG a.c.sharding.DDataShardCoordinator - sharded-daemon-process-eventSourcedProjection-passivation-race-entity-passivation-race-view: The coordinator state was successfully updated with ShardRegionRegistered(Actor[akka://akka-runtime/system/sharding/sharded-daemon-process-eventSourcedProjection-passivation-race-entity-passivation-race-view#1943360239])
08:03:57.488 DEBUG a.c.sharding.DDataShardCoordinator - sharded-daemon-process-eventSourcedProjection-passivation-race-entity-passivation-race-consumer-a: The coordinator state was successfully updated with ShardRegionRegistered(Actor[akka://akka-runtime/system/sharding/sharded-daemon-process-eventSourcedProjection-passivation-race-entity-passivation-race-consumer-a#1951177152])
08:03:57.488 DEBUG a.c.sharding.DDataShardCoordinator - sharded-daemon-process-eventSourcedProjection-passivation-race-entity-passivation-race-view: The coordinator state was successfully updated with ShardHomeAllocated(0,Actor[akka://akka-runtime/system/sharding/sharded-daemon-process-eventSourcedProjection-passivation-race-entity-passivation-race-view#1943360239])
08:03:57.489 DEBUG a.c.sharding.DDataShardCoordinator - sharded-daemon-process-eventSourcedProjection-passivation-race-entity-passivation-race-consumer-b: The coordinator state was successfully updated with ShardHomeAllocated(0,Actor[akka://akka-runtime/system/sharding/sharded-daemon-process-eventSourcedProjection-passivation-race-entity-passivation-race-consumer-b#72503379])
08:03:57.489 DEBUG a.c.sharding.DDataShardCoordinator - sharded-daemon-process-eventSourcedProjection-passivation-race-entity-passivation-race-consumer-a: The coordinator state was successfully updated with ShardHomeAllocated(0,Actor[akka://akka-runtime/system/sharding/sharded-daemon-process-eventSourcedProjection-passivation-race-entity-passivation-race-consumer-a#1951177152])
08:03:57.489 DEBUG a.c.sharding.DDataShardCoordinator - passivation-race-entity: The coordinator state was successfully updated with ShardHomeAllocated(837,Actor[akka://akka-runtime/system/sharding/passivation-race-entity#821059186])
08:03:57.489 DEBUG a.c.sharding.DDataShardCoordinator - sharded-daemon-process-eventSourcedProjection-passivation-race-entity-passivation-race-view: Shard [0] allocated at [Actor[akka://akka-runtime/system/sharding/sharded-daemon-process-eventSourcedProjection-passivation-race-entity-passivation-race-view#1943360239]]
08:03:57.489 DEBUG a.c.sharding.DDataShardCoordinator - sharded-daemon-process-eventSourcedProjection-passivation-race-entity-passivation-race-consumer-a: Shard [0] allocated at [Actor[akka://akka-runtime/system/sharding/sharded-daemon-process-eventSourcedProjection-passivation-race-entity-passivation-race-consumer-a#1951177152]]
08:03:57.489 DEBUG a.c.sharding.DDataShardCoordinator - passivation-race-entity: Shard [837] allocated at [Actor[akka://akka-runtime/system/sharding/passivation-race-entity#821059186]]
08:03:57.489 DEBUG a.c.sharding.DDataShardCoordinator - sharded-daemon-process-eventSourcedProjection-passivation-race-entity-passivation-race-consumer-b: Shard [0] allocated at [Actor[akka://akka-runtime/system/sharding/sharded-daemon-process-eventSourcedProjection-passivation-race-entity-passivation-race-consumer-b#72503379]]
08:03:57.489 DEBUG a.c.sharding.DDataShardCoordinator - passivation-race-entity: Graceful shutdown of region [Actor[akka://akka-runtime/system/sharding/passivation-race-entity#821059186]] with [1] shards
08:03:57.489 INFO  a.c.sharding.DDataShardCoordinator - passivation-race-entity: Starting shutting down shards [837] due to region shutting down or explicit stopping of shards.
08:03:57.489 DEBUG a.c.s.ShardCoordinator$RebalanceWorker - passivation-race-entity: Shutting down shard [837] from region [Actor[akka://akka-runtime/system/sharding/passivation-race-entity#821059186]]. Asking [1] region(s) to hand-off shard
08:03:57.489 DEBUG a.c.s.ShardCoordinator$RebalanceWorker - passivation-race-entity: BeginHandOffAck for shard [837] received from [Actor[akka://akka-runtime/system/sharding/passivation-race-entity#821059186]].
08:03:57.489 DEBUG a.c.s.ShardCoordinator$RebalanceWorker - passivation-race-entity: All shard regions acked, handing off shard [837].
08:03:57.489 DEBUG a.c.sharding.DDataShardCoordinator - sharded-daemon-process-eventSourcedProjection-passivation-race-entity-passivation-race-consumer-a: Graceful shutdown of region [Actor[akka://akka-runtime/system/sharding/sharded-daemon-process-eventSourcedProjection-passivation-race-entity-passivation-race-consumer-a#1951177152]] with [1] shards
08:03:57.489 DEBUG a.c.sharding.DDataShardCoordinator - sharded-daemon-process-eventSourcedProjection-passivation-race-entity-passivation-race-consumer-b: Graceful shutdown of region [Actor[akka://akka-runtime/system/sharding/sharded-daemon-process-eventSourcedProjection-passivation-race-entity-passivation-race-consumer-b#72503379]] with [1] shards
08:03:57.489 DEBUG a.c.sharding.DDataShardCoordinator - sharded-daemon-process-eventSourcedProjection-passivation-race-entity-passivation-race-view: Graceful shutdown of region [Actor[akka://akka-runtime/system/sharding/sharded-daemon-process-eventSourcedProjection-passivation-race-entity-passivation-race-view#1943360239]] with [1] shards
08:03:57.489 INFO  a.c.sharding.DDataShardCoordinator - sharded-daemon-process-eventSourcedProjection-passivation-race-entity-passivation-race-consumer-a: Starting shutting down shards [0] due to region shutting down or explicit stopping of shards.
08:03:57.489 WARN  akka.cluster.sharding.ShardRegion - passivation-race-entity: Dropping [1] buffered messages to shard [837] during hand off to avoid re-ordering
08:03:57.489 INFO  a.c.sharding.DDataShardCoordinator - sharded-daemon-process-eventSourcedProjection-passivation-race-entity-passivation-race-consumer-b: Starting shutting down shards [0] due to region shutting down or explicit stopping of shards.
08:03:57.489 INFO  a.c.sharding.DDataShardCoordinator - sharded-daemon-process-eventSourcedProjection-passivation-race-entity-passivation-race-view: Starting shutting down shards [0] due to region shutting down or explicit stopping of shards.
08:03:57.489 DEBUG akka.cluster.sharding.Shard - sharded-daemon-process-eventSourcedProjection-passivation-race-entity-passivation-race-view: Shard initialized
08:03:57.489 DEBUG akka.cluster.sharding.Shard - passivation-race-entity: Shard initialized
08:03:57.489 DEBUG akka.cluster.sharding.Shard - sharded-daemon-process-eventSourcedProjection-passivation-race-entity-passivation-race-consumer-b: Shard initialized
08:03:57.489 DEBUG akka.cluster.sharding.Shard - sharded-daemon-process-eventSourcedProjection-passivation-race-entity-passivation-race-consumer-a: Shard initialized
08:03:57.489 DEBUG akka.cluster.sharding.Shard - passivation-race-entity: HandOff shard [837]
08:03:57.489 DEBUG a.c.s.ShardCoordinator$RebalanceWorker - sharded-daemon-process-eventSourcedProjection-passivation-race-entity-passivation-race-consumer-a: Shutting down shard [0] from region [Actor[akka://akka-runtime/system/sharding/sharded-daemon-process-eventSourcedProjection-passivation-race-entity-passivation-race-consumer-a#1951177152]]. Asking [1] region(s) to hand-off shard
08:03:57.489 DEBUG a.c.s.ShardCoordinator$RebalanceWorker - sharded-daemon-process-eventSourcedProjection-passivation-race-entity-passivation-race-view: Shutting down shard [0] from region [Actor[akka://akka-runtime/system/sharding/sharded-daemon-process-eventSourcedProjection-passivation-race-entity-passivation-race-view#1943360239]]. Asking [1] region(s) to hand-off shard
08:03:57.489 DEBUG akka.cluster.sharding.Shard - sharded-daemon-process-eventSourcedProjection-passivation-race-entity-passivation-race-consumer-b: Request to start entity [0] and ack to [Some(Actor[akka://akka-runtime/deadLetters])]
08:03:57.489 DEBUG akka.cluster.sharding.Shard - passivation-race-entity: Shard [837] shutting down
08:03:57.489 DEBUG a.c.s.ShardCoordinator$RebalanceWorker - sharded-daemon-process-eventSourcedProjection-passivation-race-entity-passivation-race-view: BeginHandOffAck for shard [0] received from [Actor[akka://akka-runtime/system/sharding/sharded-daemon-process-eventSourcedProjection-passivation-race-entity-passivation-race-view#1943360239]].
08:03:57.489 DEBUG a.c.s.ShardCoordinator$RebalanceWorker - sharded-daemon-process-eventSourcedProjection-passivation-race-entity-passivation-race-view: All shard regions acked, handing off shard [0].
08:03:57.489 DEBUG a.c.s.ShardCoordinator$RebalanceWorker - sharded-daemon-process-eventSourcedProjection-passivation-race-entity-passivation-race-consumer-a: BeginHandOffAck for shard [0] received from [Actor[akka://akka-runtime/system/sharding/sharded-daemon-process-eventSourcedProjection-passivation-race-entity-passivation-race-consumer-a#1951177152]].
08:03:57.489 DEBUG a.c.s.ShardCoordinator$RebalanceWorker - sharded-daemon-process-eventSourcedProjection-passivation-race-entity-passivation-race-consumer-a: All shard regions acked, handing off shard [0].
08:03:57.489 DEBUG a.c.sharding.DDataShardCoordinator - passivation-race-entity: Shard [837] deallocation completed successfully.
08:03:57.489 DEBUG a.c.s.ShardCoordinator$RebalanceWorker - sharded-daemon-process-eventSourcedProjection-passivation-race-entity-passivation-race-consumer-b: Shutting down shard [0] from region [Actor[akka://akka-runtime/system/sharding/sharded-daemon-process-eventSourcedProjection-passivation-race-entity-passivation-race-consumer-b#72503379]]. Asking [1] region(s) to hand-off shard
08:03:57.489 DEBUG akka.cluster.sharding.Shard - sharded-daemon-process-eventSourcedProjection-passivation-race-entity-passivation-race-consumer-a: Request to start entity [0] and ack to [Some(Actor[akka://akka-runtime/deadLetters])]
08:03:57.489 DEBUG akka.cluster.sharding.Shard - sharded-daemon-process-eventSourcedProjection-passivation-race-entity-passivation-race-consumer-b: Started entity [Actor[akka://akka-runtime/system/sharding/sharded-daemon-process-eventSourcedProjection-passivation-race-entity-passivation-race-consumer-b/0/0#-1536090343]] with entity id [0] in shard [0]
08:03:57.489 DEBUG a.c.s.ShardCoordinator$RebalanceWorker - sharded-daemon-process-eventSourcedProjection-passivation-race-entity-passivation-race-consumer-b: BeginHandOffAck for shard [0] received from [Actor[akka://akka-runtime/system/sharding/sharded-daemon-process-eventSourcedProjection-passivation-race-entity-passivation-race-consumer-b#72503379]].
08:03:57.489 DEBUG a.c.s.ShardCoordinator$RebalanceWorker - sharded-daemon-process-eventSourcedProjection-passivation-race-entity-passivation-race-consumer-b: All shard regions acked, handing off shard [0].
08:03:57.489 DEBUG akka.cluster.sharding.Shard - sharded-daemon-process-eventSourcedProjection-passivation-race-entity-passivation-race-consumer-b: HandOff shard [0]
08:03:57.489 DEBUG a.c.s.t.i.ShardedDaemonProcessState$ - eventSourcedProjection-passivation-race-entity-passivation-race-view: Deferred start of worker to verify its revision [0] is the latest
08:03:57.489 DEBUG akka.cluster.sharding.Shard - sharded-daemon-process-eventSourcedProjection-passivation-race-entity-passivation-race-consumer-b: Starting HandOffStopper for shard [0] to terminate [1] entities.
08:03:57.489 DEBUG akka.cluster.sharding.Shard - sharded-daemon-process-eventSourcedProjection-passivation-race-entity-passivation-race-view: Request to start entity [0] and ack to [Some(Actor[akka://akka-runtime/deadLetters])]
08:03:57.489 DEBUG a.c.s.t.i.ShardedDaemonProcessState$ - eventSourcedProjection-passivation-race-entity-passivation-race-consumer-a: Deferred start of worker to verify its revision [0] is the latest
08:03:57.489 DEBUG akka.cluster.sharding.Shard - sharded-daemon-process-eventSourcedProjection-passivation-race-entity-passivation-race-consumer-a: Started entity [Actor[akka://akka-runtime/system/sharding/sharded-daemon-process-eventSourcedProjection-passivation-race-entity-passivation-race-consumer-a/0/0#-2040773789]] with entity id [0] in shard [0]
08:03:57.489 DEBUG akka.cluster.sharding.Shard - sharded-daemon-process-eventSourcedProjection-passivation-race-entity-passivation-race-view: Started entity [Actor[akka://akka-runtime/system/sharding/sharded-daemon-process-eventSourcedProjection-passivation-race-entity-passivation-race-view/0/0#-240260844]] with entity id [0] in shard [0]
08:03:57.489 DEBUG akka.cluster.sharding.Shard - sharded-daemon-process-eventSourcedProjection-passivation-race-entity-passivation-race-view: HandOff shard [0]
08:03:57.489 DEBUG akka.cluster.sharding.Shard - sharded-daemon-process-eventSourcedProjection-passivation-race-entity-passivation-race-view: Starting HandOffStopper for shard [0] to terminate [1] entities.
08:03:57.489 DEBUG a.c.s.t.i.ShardedDaemonProcessState$ - eventSourcedProjection-passivation-race-entity-passivation-race-consumer-b: Deferred start of worker to verify its revision [0] is the latest
08:03:57.489 DEBUG a.c.sharding.DDataShardCoordinator - passivation-race-entity: The coordinator state was successfully updated with ShardHomeDeallocated(837)
08:03:57.489 DEBUG a.c.sharding.DDataShardCoordinator - passivation-race-entity: Shard [837] deallocated after
08:03:57.489 DEBUG akka.cluster.sharding.Shard - sharded-daemon-process-eventSourcedProjection-passivation-race-entity-passivation-race-consumer-a: HandOff shard [0]
08:03:57.489 DEBUG akka.cluster.sharding.Shard - sharded-daemon-process-eventSourcedProjection-passivation-race-entity-passivation-race-consumer-a: Starting HandOffStopper for shard [0] to terminate [1] entities.
08:03:57.489 DEBUG a.c.sharding.DDataShardCoordinator - passivation-race-entity: ShardRegion terminated (gracefully): [Actor[akka://akka-runtime/system/sharding/passivation-race-entity#821059186]] {}
08:03:57.489 DEBUG a.c.sharding.DDataShardCoordinator - passivation-race-entity: GetShardHome [837] request from [Actor[akka://local/ignore]] stashed, because waiting for initial state or update of state. It will be handled afterwards.
08:03:57.489 INFO  a.c.s.t.i.ShardedDaemonProcessState$ - eventSourcedProjection-passivation-race-entity-passivation-race-view: Starting Sharded Daemon Process [0] out of a total [1] (revision [0] and no state found)
08:03:57.489 INFO  a.c.s.t.i.ShardedDaemonProcessState$ - eventSourcedProjection-passivation-race-entity-passivation-race-consumer-a: Starting Sharded Daemon Process [0] out of a total [1] (revision [0] and no state found)
08:03:57.489 INFO  a.c.s.t.i.ShardedDaemonProcessState$ - eventSourcedProjection-passivation-race-entity-passivation-race-consumer-b: Starting Sharded Daemon Process [0] out of a total [1] (revision [0] and no state found)
08:03:57.489 DEBUG a.c.sharding.DDataShardCoordinator - passivation-race-entity: The coordinator state was successfully updated with ShardRegionTerminated(Actor[akka://akka-runtime/system/sharding/passivation-race-entity#821059186])
08:03:57.489 DEBUG a.c.sharding.DDataShardCoordinator - passivation-race-entity: ShardRegion stopped: [Actor[akka://akka-runtime/system/sharding/passivation-race-entity#821059186]]
08:03:57.489 DEBUG a.c.sharding.DDataShardCoordinator - sharded-daemon-process-eventSourcedProjection-passivation-race-entity-passivation-race-consumer-a: Shard [0] deallocation completed successfully.
08:03:57.489 DEBUG akka.cluster.sharding.Shard - sharded-daemon-process-eventSourcedProjection-passivation-race-entity-passivation-race-consumer-a: Shard [0] shutting down
08:03:57.490 DEBUG a.c.sharding.DDataShardCoordinator - sharded-daemon-process-eventSourcedProjection-passivation-race-entity-passivation-race-consumer-a: The coordinator state was successfully updated with ShardHomeDeallocated(0)
08:03:57.490 DEBUG a.c.sharding.DDataShardCoordinator - sharded-daemon-process-eventSourcedProjection-passivation-race-entity-passivation-race-consumer-a: Shard [0] deallocated after
08:03:57.490 DEBUG a.c.sharding.DDataShardCoordinator - sharded-daemon-process-eventSourcedProjection-passivation-race-entity-passivation-race-consumer-a: ShardRegion terminated (gracefully): [Actor[akka://akka-runtime/system/sharding/sharded-daemon-process-eventSourcedProjection-passivation-race-entity-passivation-race-consumer-a#1951177152]] {}
08:03:57.490 DEBUG a.c.sharding.DDataShardCoordinator - sharded-daemon-process-eventSourcedProjection-passivation-race-entity-passivation-race-consumer-a: GetShardHome [0] request from [Actor[akka://local/ignore]] stashed, because waiting for initial state or update of state. It will be handled afterwards.
08:03:57.490 DEBUG a.c.sharding.DDataShardCoordinator - sharded-daemon-process-eventSourcedProjection-passivation-race-entity-passivation-race-consumer-a: The coordinator state was successfully updated with ShardRegionTerminated(Actor[akka://akka-runtime/system/sharding/sharded-daemon-process-eventSourcedProjection-passivation-race-entity-passivation-race-consumer-a#1951177152])
08:03:57.490 DEBUG a.c.sharding.DDataShardCoordinator - sharded-daemon-process-eventSourcedProjection-passivation-race-entity-passivation-race-consumer-a: ShardRegion stopped: [Actor[akka://akka-runtime/system/sharding/sharded-daemon-process-eventSourcedProjection-passivation-race-entity-passivation-race-consumer-a#1951177152]]
08:03:57.490 DEBUG akka.cluster.sharding.Shard - sharded-daemon-process-eventSourcedProjection-passivation-race-entity-passivation-race-view: Shard [0] shutting down
08:03:57.490 DEBUG a.c.sharding.DDataShardCoordinator - sharded-daemon-process-eventSourcedProjection-passivation-race-entity-passivation-race-view: Shard [0] deallocation completed successfully.
08:03:57.491 DEBUG a.c.sharding.DDataShardCoordinator - sharded-daemon-process-eventSourcedProjection-passivation-race-entity-passivation-race-view: The coordinator state was successfully updated with ShardHomeDeallocated(0)
08:03:57.491 DEBUG a.c.sharding.DDataShardCoordinator - sharded-daemon-process-eventSourcedProjection-passivation-race-entity-passivation-race-view: Shard [0] deallocated after
08:03:57.491 DEBUG a.c.sharding.DDataShardCoordinator - sharded-daemon-process-eventSourcedProjection-passivation-race-entity-passivation-race-view: ShardRegion terminated (gracefully): [Actor[akka://akka-runtime/system/sharding/sharded-daemon-process-eventSourcedProjection-passivation-race-entity-passivation-race-view#1943360239]] {}
08:03:57.491 DEBUG a.c.sharding.DDataShardCoordinator - sharded-daemon-process-eventSourcedProjection-passivation-race-entity-passivation-race-view: GetShardHome [0] request from [Actor[akka://local/ignore]] stashed, because waiting for initial state or update of state. It will be handled afterwards.
08:03:57.491 DEBUG a.c.sharding.DDataShardCoordinator - sharded-daemon-process-eventSourcedProjection-passivation-race-entity-passivation-race-view: The coordinator state was successfully updated with ShardRegionTerminated(Actor[akka://akka-runtime/system/sharding/sharded-daemon-process-eventSourcedProjection-passivation-race-entity-passivation-race-view#1943360239])
08:03:57.491 DEBUG a.c.sharding.DDataShardCoordinator - sharded-daemon-process-eventSourcedProjection-passivation-race-entity-passivation-race-view: ShardRegion stopped: [Actor[akka://akka-runtime/system/sharding/sharded-daemon-process-eventSourcedProjection-passivation-race-entity-passivation-race-view#1943360239]]
08:03:58.258 WARN  a.c.s.ShardRegion$HandOffStopper - sharded-daemon-process-eventSourcedProjection-passivation-race-entity-passivation-race-consumer-b: [1] of the entities in shard [0] not stopped after [750 milliseconds]. Maybe the handOffStopMessage [akka.projection.ProjectionBehavior$Stop$] is not handled? Waiting additional [250 milliseconds] before stopping the remaining entities.
08:03:58.508 WARN  a.c.s.ShardRegion$HandOffStopper - sharded-daemon-process-eventSourcedProjection-passivation-race-entity-passivation-race-consumer-b: HandOffStopMessage [akka.projection.ProjectionBehavior$Stop$] is not handled by some of the entities in shard [0] after [1 second], stopping the remaining [1] entities.
08:03:58.509 DEBUG a.c.sharding.DDataShardCoordinator - sharded-daemon-process-eventSourcedProjection-passivation-race-entity-passivation-race-consumer-b: Shard [0] deallocation completed successfully.
08:03:58.509 DEBUG akka.cluster.sharding.Shard - sharded-daemon-process-eventSourcedProjection-passivation-race-entity-passivation-race-consumer-b: Shard [0] shutting down
08:03:58.509 DEBUG akka.actor.CoordinatedShutdown - Performing phase [cluster-leave] with [1] tasks.
08:03:58.509 DEBUG akka.actor.CoordinatedShutdown - Performing task [leave] in CoordinatedShutdown phase [cluster-leave]
08:03:58.510 DEBUG a.c.sharding.DDataShardCoordinator - sharded-daemon-process-eventSourcedProjection-passivation-race-entity-passivation-race-consumer-b: The coordinator state was successfully updated with ShardHomeDeallocated(0)
08:03:58.510 DEBUG a.c.sharding.DDataShardCoordinator - sharded-daemon-process-eventSourcedProjection-passivation-race-entity-passivation-race-consumer-b: Shard [0] deallocated after
08:03:58.510 DEBUG a.c.sharding.DDataShardCoordinator - sharded-daemon-process-eventSourcedProjection-passivation-race-entity-passivation-race-consumer-b: ShardRegion terminated (gracefully): [Actor[akka://akka-runtime/system/sharding/sharded-daemon-process-eventSourcedProjection-passivation-race-entity-passivation-race-consumer-b#72503379]] {}
08:03:58.510 DEBUG a.c.sharding.DDataShardCoordinator - sharded-daemon-process-eventSourcedProjection-passivation-race-entity-passivation-race-consumer-b: GetShardHome [0] request from [Actor[akka://local/ignore]] stashed, because waiting for initial state or update of state. It will be handled afterwards.
08:03:58.510 DEBUG a.c.sharding.DDataShardCoordinator - sharded-daemon-process-eventSourcedProjection-passivation-race-entity-passivation-race-consumer-b: The coordinator state was successfully updated with ShardRegionTerminated(Actor[akka://akka-runtime/system/sharding/sharded-daemon-process-eventSourcedProjection-passivation-race-entity-passivation-race-consumer-b#72503379])
08:03:58.510 DEBUG a.c.sharding.DDataShardCoordinator - sharded-daemon-process-eventSourcedProjection-passivation-race-entity-passivation-race-consumer-b: ShardRegion stopped: [Actor[akka://akka-runtime/system/sharding/sharded-daemon-process-eventSourcedProjection-passivation-race-entity-passivation-race-consumer-b#72503379]]
08:03:58.511 DEBUG akka.actor.CoordinatedShutdown - Performing phase [cluster-exiting] with [28] tasks.
08:03:58.511 DEBUG akka.actor.CoordinatedShutdown - Performing task [singleton-exiting-1] in CoordinatedShutdown phase [cluster-exiting]
08:03:58.511 DEBUG akka.actor.CoordinatedShutdown - Performing task [wait-exiting] in CoordinatedShutdown phase [cluster-exiting]
08:03:58.511 DEBUG akka.actor.CoordinatedShutdown - Performing task [singleton-exiting-1] in CoordinatedShutdown phase [cluster-exiting]
08:03:58.511 DEBUG akka.actor.CoordinatedShutdown - Performing task [singleton-exiting-1] in CoordinatedShutdown phase [cluster-exiting]
08:03:58.511 DEBUG akka.actor.CoordinatedShutdown - Performing task [wait-singleton-exiting] in CoordinatedShutdown phase [cluster-exiting]
08:03:58.511 DEBUG akka.actor.CoordinatedShutdown - Performing task [singleton-exiting-2] in CoordinatedShutdown phase [cluster-exiting]
08:03:58.511 DEBUG akka.actor.CoordinatedShutdown - Performing task [wait-singleton-exiting] in CoordinatedShutdown phase [cluster-exiting]
08:03:58.511 DEBUG akka.actor.CoordinatedShutdown - Performing task [singleton-exiting-1] in CoordinatedShutdown phase [cluster-exiting]
08:03:58.511 DEBUG akka.actor.CoordinatedShutdown - Performing task [singleton-exiting-2] in CoordinatedShutdown phase [cluster-exiting]
08:03:58.511 DEBUG akka.actor.CoordinatedShutdown - Performing task [wait-singleton-exiting] in CoordinatedShutdown phase [cluster-exiting]
08:03:58.511 DEBUG akka.actor.CoordinatedShutdown - Performing task [singleton-exiting-2] in CoordinatedShutdown phase [cluster-exiting]
08:03:58.511 DEBUG akka.actor.CoordinatedShutdown - Performing task [wait-singleton-exiting] in CoordinatedShutdown phase [cluster-exiting]
08:03:58.511 DEBUG akka.actor.CoordinatedShutdown - Performing task [wait-singleton-exiting] in CoordinatedShutdown phase [cluster-exiting]
08:03:58.511 DEBUG akka.actor.CoordinatedShutdown - Performing task [singleton-exiting-2] in CoordinatedShutdown phase [cluster-exiting]
08:03:58.511 DEBUG akka.actor.CoordinatedShutdown - Performing task [singleton-exiting-1] in CoordinatedShutdown phase [cluster-exiting]
08:03:58.511 DEBUG akka.actor.CoordinatedShutdown - Performing task [singleton-exiting-1] in CoordinatedShutdown phase [cluster-exiting]
08:03:58.511 INFO  a.c.s.ClusterSingletonManager - Oldest observed OldestChanged: [akka://akka-runtime@127.0.0.1:62833 -> None]
08:03:58.511 DEBUG akka.actor.CoordinatedShutdown - Performing task [singleton-exiting-2] in CoordinatedShutdown phase [cluster-exiting]
08:03:58.511 DEBUG akka.actor.CoordinatedShutdown - Performing task [singleton-exiting-2] in CoordinatedShutdown phase [cluster-exiting]
08:03:58.511 DEBUG akka.actor.CoordinatedShutdown - Performing task [singleton-exiting-1] in CoordinatedShutdown phase [cluster-exiting]
08:03:58.511 DEBUG akka.actor.CoordinatedShutdown - Performing task [singleton-exiting-2] in CoordinatedShutdown phase [cluster-exiting]
08:03:58.511 DEBUG akka.actor.CoordinatedShutdown - Performing task [wait-singleton-exiting] in CoordinatedShutdown phase [cluster-exiting]
08:03:58.511 DEBUG akka.actor.CoordinatedShutdown - Performing task [wait-singleton-exiting] in CoordinatedShutdown phase [cluster-exiting]
08:03:58.511 DEBUG akka.actor.CoordinatedShutdown - Performing task [wait-singleton-exiting] in CoordinatedShutdown phase [cluster-exiting]
08:03:58.511 DEBUG akka.actor.CoordinatedShutdown - Performing task [singleton-exiting-2] in CoordinatedShutdown phase [cluster-exiting]
08:03:58.511 DEBUG akka.actor.CoordinatedShutdown - Performing task [singleton-exiting-2] in CoordinatedShutdown phase [cluster-exiting]
08:03:58.512 DEBUG akka.actor.CoordinatedShutdown - Performing task [wait-singleton-exiting] in CoordinatedShutdown phase [cluster-exiting]
08:03:58.512 DEBUG akka.actor.CoordinatedShutdown - Performing task [singleton-exiting-1] in CoordinatedShutdown phase [cluster-exiting]
08:03:58.512 INFO  a.c.s.ClusterSingletonManager - ClusterSingletonManager state change [Oldest -> WasOldest]
08:03:58.512 DEBUG akka.actor.CoordinatedShutdown - Performing task [singleton-exiting-1] in CoordinatedShutdown phase [cluster-exiting]
08:03:58.512 INFO  a.c.s.ClusterSingletonManager - Exited [akka://akka-runtime@127.0.0.1:62833].
08:03:58.512 INFO  a.c.s.ClusterSingletonManager - Exited [akka://akka-runtime@127.0.0.1:62833].
08:03:58.512 INFO  a.c.s.ClusterSingletonManager - Exited [akka://akka-runtime@127.0.0.1:62833].
08:03:58.512 INFO  a.c.s.ClusterSingletonManager - Exited [akka://akka-runtime@127.0.0.1:62833].
08:03:58.512 INFO  a.c.s.ClusterSingletonManager - Exited [akka://akka-runtime@127.0.0.1:62833].
08:03:58.512 INFO  a.c.s.ClusterSingletonManager - Exited [akka://akka-runtime@127.0.0.1:62833].
08:03:58.512 INFO  a.c.s.ClusterSingletonManager - Oldest observed OldestChanged: [akka://akka-runtime@127.0.0.1:62833 -> None]
08:03:58.512 INFO  a.c.s.ClusterSingletonManager - Oldest observed OldestChanged: [akka://akka-runtime@127.0.0.1:62833 -> None]
08:03:58.512 INFO  a.c.s.ClusterSingletonManager - Oldest observed OldestChanged: [akka://akka-runtime@127.0.0.1:62833 -> None]
08:03:58.512 INFO  a.c.s.ClusterSingletonManager - ClusterSingletonManager state change [Oldest -> WasOldest]
08:03:58.512 INFO  a.c.s.ClusterSingletonManager - ClusterSingletonManager state change [Oldest -> WasOldest]
08:03:58.512 INFO  a.c.s.ClusterSingletonManager - ClusterSingletonManager state change [Oldest -> WasOldest]
08:03:58.512 INFO  a.c.s.ClusterSingletonManager - Exited [akka://akka-runtime@127.0.0.1:62833].
08:03:58.512 INFO  a.c.s.ClusterSingletonManager - Exited [akka://akka-runtime@127.0.0.1:62833].
08:03:58.512 INFO  a.c.s.ClusterSingletonManager - Exited [akka://akka-runtime@127.0.0.1:62833].
08:03:58.512 INFO  a.c.s.ClusterSingletonManager - Oldest observed OldestChanged: [akka://akka-runtime@127.0.0.1:62833 -> None]
08:03:58.512 INFO  a.c.s.ClusterSingletonManager - Oldest observed OldestChanged: [akka://akka-runtime@127.0.0.1:62833 -> None]
08:03:58.512 INFO  a.c.s.ClusterSingletonManager - Oldest observed OldestChanged: [akka://akka-runtime@127.0.0.1:62833 -> None]
08:03:58.512 INFO  a.c.s.ClusterSingletonManager - ClusterSingletonManager state change [Oldest -> WasOldest]
08:03:58.512 INFO  a.c.s.ClusterSingletonManager - ClusterSingletonManager state change [Oldest -> WasOldest]
08:03:58.512 INFO  a.c.s.ClusterSingletonManager - ClusterSingletonManager state change [Oldest -> WasOldest]
08:03:58.512 INFO  a.c.s.ClusterSingletonManager - Oldest observed OldestChanged: [akka://akka-runtime@127.0.0.1:62833 -> None]
08:03:58.512 INFO  a.c.s.ClusterSingletonManager - Oldest observed OldestChanged: [akka://akka-runtime@127.0.0.1:62833 -> None]
08:03:58.512 INFO  a.c.s.ClusterSingletonManager - ClusterSingletonManager state change [Oldest -> WasOldest]
08:03:58.512 INFO  a.c.s.ClusterSingletonManager - ClusterSingletonManager state change [Oldest -> WasOldest]
08:03:59.138 DEBUG a.c.singleton.ClusterSingletonProxy - Creating singleton identification timer...
08:03:59.138 DEBUG a.c.singleton.ClusterSingletonProxy - Creating singleton identification timer...
08:03:59.138 DEBUG a.c.singleton.ClusterSingletonProxy - Creating singleton identification timer...
08:03:59.138 DEBUG a.c.singleton.ClusterSingletonProxy - Creating singleton identification timer...
08:03:59.528 INFO  a.c.s.ClusterSingletonManager - Singleton manager stopping singleton actor [akka://akka-runtime/system/singletonManagerShardedDaemonProcessCoordinator-eventSourcedProjection-passivation-race-entity-passivation-race-consumer-a/ShardedDaemonProcessCoordinator-eventSourcedProjection-passivation-race-entity-passivation-race-consumer-a]
08:03:59.528 INFO  a.c.s.ClusterSingletonManager - Singleton manager stopping singleton actor [akka://akka-runtime/system/singletonManagerShardedDaemonProcessCoordinator-eventSourcedProjection-passivation-race-entity-passivation-race-consumer-b/ShardedDaemonProcessCoordinator-eventSourcedProjection-passivation-race-entity-passivation-race-consumer-b]
08:03:59.528 INFO  a.c.s.ClusterSingletonManager - Singleton manager stopping singleton actor [akka://akka-runtime/system/singletonManagerschemaSingleton/schemaSingleton]
08:03:59.528 INFO  a.c.s.ClusterSingletonManager - Singleton manager stopping singleton actor [akka://akka-runtime/system/sharding/_timerCoordinator/singleton]
08:03:59.528 INFO  a.c.s.ClusterSingletonManager - ClusterSingletonManager state change [WasOldest -> Stopping]
08:03:59.528 INFO  a.c.s.ClusterSingletonManager - ClusterSingletonManager state change [WasOldest -> Stopping]
08:03:59.528 INFO  a.c.s.ClusterSingletonManager - ClusterSingletonManager state change [WasOldest -> Stopping]
08:03:59.528 INFO  a.c.s.ClusterSingletonManager - ClusterSingletonManager state change [WasOldest -> Stopping]
08:03:59.528 DEBUG a.c.sharding.DDataShardCoordinator - _timer: Received termination message.
08:03:59.528 INFO  a.c.s.ClusterSingletonManager - Singleton actor [akka://akka-runtime/system/singletonManagerschemaSingleton/schemaSingleton] was terminated
08:03:59.528 INFO  a.c.s.ClusterSingletonManager - Singleton actor [akka://akka-runtime/system/singletonManagerShardedDaemonProcessCoordinator-eventSourcedProjection-passivation-race-entity-passivation-race-consumer-b/ShardedDaemonProcessCoordinator-eventSourcedProjection-passivation-race-entity-passivation-race-consumer-b] was terminated
08:03:59.528 INFO  a.c.s.ClusterSingletonManager - Singleton actor [akka://akka-runtime/system/singletonManagerShardedDaemonProcessCoordinator-eventSourcedProjection-passivation-race-entity-passivation-race-consumer-a/ShardedDaemonProcessCoordinator-eventSourcedProjection-passivation-race-entity-passivation-race-consumer-a] was terminated
08:03:59.528 INFO  a.c.s.ClusterSingletonManager - Singleton manager stopping singleton actor [akka://akka-runtime/system/sharding/sharded-daemon-process-eventSourcedProjection-passivation-race-entity-passivation-race-consumer-aCoordinator/singleton]
08:03:59.528 INFO  a.c.s.ClusterSingletonManager - ClusterSingletonManager state change [WasOldest -> Stopping]
08:03:59.528 INFO  a.c.s.ClusterSingletonManager - Singleton actor [akka://akka-runtime/system/sharding/_timerCoordinator/singleton] was terminated
08:03:59.528 DEBUG a.c.sharding.DDataShardCoordinator - sharded-daemon-process-eventSourcedProjection-passivation-race-entity-passivation-race-consumer-a: Received termination message.
08:03:59.528 INFO  a.c.s.ClusterSingletonManager - Singleton actor [akka://akka-runtime/system/sharding/sharded-daemon-process-eventSourcedProjection-passivation-race-entity-passivation-race-consumer-aCoordinator/singleton] was terminated
08:03:59.528 INFO  a.c.s.ClusterSingletonManager - Singleton manager stopping singleton actor [akka://akka-runtime/system/sharding/sharded-daemon-process-eventSourcedProjection-passivation-race-entity-passivation-race-consumer-bCoordinator/singleton]
08:03:59.528 INFO  a.c.s.ClusterSingletonManager - ClusterSingletonManager state change [WasOldest -> Stopping]
08:03:59.528 DEBUG a.c.sharding.DDataShardCoordinator - sharded-daemon-process-eventSourcedProjection-passivation-race-entity-passivation-race-consumer-b: Received termination message.
08:03:59.528 INFO  a.c.s.ClusterSingletonManager - Singleton manager stopping singleton actor [akka://akka-runtime/system/sharding/sharded-daemon-process-eventSourcedProjection-passivation-race-entity-passivation-race-viewCoordinator/singleton]
08:03:59.528 INFO  a.c.s.ClusterSingletonManager - ClusterSingletonManager state change [WasOldest -> Stopping]
08:03:59.528 DEBUG a.c.sharding.DDataShardCoordinator - sharded-daemon-process-eventSourcedProjection-passivation-race-entity-passivation-race-view: Received termination message.
08:03:59.528 INFO  a.c.s.ClusterSingletonManager - Singleton manager stopping singleton actor [akka://akka-runtime/system/singletonManagerShardedDaemonProcessCoordinator-eventSourcedProjection-passivation-race-entity-passivation-race-view/ShardedDaemonProcessCoordinator-eventSourcedProjection-passivation-race-entity-passivation-race-view]
08:03:59.528 INFO  a.c.s.ClusterSingletonManager - ClusterSingletonManager state change [WasOldest -> Stopping]
08:03:59.528 INFO  a.c.s.ClusterSingletonManager - Singleton actor [akka://akka-runtime/system/sharding/sharded-daemon-process-eventSourcedProjection-passivation-race-entity-passivation-race-consumer-bCoordinator/singleton] was terminated
08:03:59.528 INFO  a.c.s.ClusterSingletonManager - Singleton actor [akka://akka-runtime/system/sharding/sharded-daemon-process-eventSourcedProjection-passivation-race-entity-passivation-race-viewCoordinator/singleton] was terminated
08:03:59.528 INFO  a.c.s.ClusterSingletonManager - Singleton manager stopping singleton actor [akka://akka-runtime/system/sharding/passivation-race-entityCoordinator/singleton]
08:03:59.528 INFO  a.c.s.ClusterSingletonManager - ClusterSingletonManager state change [WasOldest -> Stopping]
08:03:59.528 INFO  a.c.s.ClusterSingletonManager - Singleton actor [akka://akka-runtime/system/singletonManagerShardedDaemonProcessCoordinator-eventSourcedProjection-passivation-race-entity-passivation-race-view/ShardedDaemonProcessCoordinator-eventSourcedProjection-passivation-race-entity-passivation-race-view] was terminated
08:03:59.528 DEBUG a.c.sharding.DDataShardCoordinator - passivation-race-entity: Received termination message.
08:03:59.528 INFO  a.c.s.ClusterSingletonManager - Singleton actor [akka://akka-runtime/system/sharding/passivation-race-entityCoordinator/singleton] was terminated
08:03:59.528 DEBUG akka.actor.CoordinatedShutdown - Performing phase [cluster-exiting-done] with [1] tasks.
08:03:59.528 DEBUG akka.actor.CoordinatedShutdown - Performing task [exiting-completed] in CoordinatedShutdown phase [cluster-exiting-done]
08:03:59.528 DEBUG akka.actor.CoordinatedShutdown - Performing phase [cluster-shutdown] with [1] tasks.
08:03:59.528 DEBUG akka.actor.CoordinatedShutdown - Performing task [wait-shutdown] in CoordinatedShutdown phase [cluster-shutdown]
08:03:59.529 DEBUG akka.actor.CoordinatedShutdown - Performing phase [before-actor-system-terminate] with [2] tasks.
08:03:59.529 DEBUG akka.actor.CoordinatedShutdown - Performing task [close connection pools] in CoordinatedShutdown phase [before-actor-system-terminate]
08:03:59.530 DEBUG akka.actor.CoordinatedShutdown - Performing task [close-grpc-channels] in CoordinatedShutdown phase [before-actor-system-terminate]
08:03:59.530 DEBUG akka.actor.CoordinatedShutdown - Performing phase [actor-system-terminate] with [1] tasks.
08:03:59.530 DEBUG akka.actor.CoordinatedShutdown - Performing task [terminate-system] in CoordinatedShutdown phase [actor-system-terminate]
=== BootstrapWorkTimingTest [burst from onStartup()]: 15 cycles ===
start() ms per cycle: [2059, 282, 223, 205, 203, 197, 190, 195, 200, 188, 178, 181, 179, 187, 201]  sum=4868 min=178 max=2059 mean=324
stop() ms per cycle: [10021, 2275, 1246, 2267, 2276, 2267, 2267, 1277, 2266, 2257, 2265, 2266, 2269, 2267, 2258]  sum=39744 min=1246 max=10021 mean=2649
[INFO] Tests run: 1, Failures: 0, Errors: 0, Skipped: 0, Time elapsed: 44.752 s - in repro.BootstrapWorkTimingTest
[INFO] 
[INFO] Results:
[INFO] 
[INFO] Tests run: 1, Failures: 0, Errors: 0, Skipped: 0
[INFO] 
[INFO] ------------------------------------------------------------------------
[INFO] BUILD SUCCESS
[INFO] ------------------------------------------------------------------------
[INFO] Total time:  46.779 s
[INFO] Finished at: 2026-09-23T08:03:59+10:00
[INFO] ------------------------------------------------------------------------
