[INFO] Scanning for projects...
[INFO] ------------------------------------------------------------------------
[INFO] Detecting the operating system and CPU architecture
[INFO] ------------------------------------------------------------------------
[INFO] os.detected.name: osx
[INFO] os.detected.arch: aarch_64
[INFO] os.detected.bitness: 64
[INFO] os.detected.version: 27.0
[INFO] os.detected.version.major: 27
[INFO] os.detected.version.minor: 0
[INFO] os.detected.classifier: osx-aarch_64
[INFO] 
[INFO] ---------------< io.akka.repro:akka-testkit-race-repro >----------------
[INFO] Building akka-testkit-race-repro 0.1.0-SNAPSHOT
[INFO]   from pom.xml
[INFO] --------------------------------[ jar ]---------------------------------
[INFO] 
[INFO] --- enforcer:3.5.0:enforce (enforce-build-rules) @ akka-testkit-race-repro ---
[INFO] No dependency conflicts with Akka runtime detected.
[INFO] Rule 0: akka.javasdk.enforcer.AkkaRuntimeDependencyRule(akkaRuntimeDependencyCheck) passed
[INFO] Rule 1: org.apache.maven.enforcer.rules.version.RequireMavenVersion passed
[INFO] Rule 2: org.apache.maven.enforcer.rules.version.RequireJavaVersion passed
[INFO] 
[INFO] --- antrun:3.1.0:run (clean-on-missing-descriptor) @ akka-testkit-race-repro ---
[INFO] Executing tasks
[INFO] Executed tasks
[INFO] 
[INFO] --- build-helper:3.2.0:add-source (add-java-source) @ akka-testkit-race-repro ---
[INFO] Source directory: /Users/jz/code/akka-testkit-race-repro/target/generated-sources/akka-grpc-java added.
[INFO] 
[INFO] --- resources:3.4.0:resources (default-resources) @ akka-testkit-race-repro ---
[INFO] Copying 1 resource from src/main/resources to target/classes
[INFO] 
[INFO] --- compiler:3.13.0:compile (default-compile) @ akka-testkit-race-repro ---
[INFO] Nothing to compile - all classes are up to date.
[INFO] 
[INFO] --- build-helper:3.2.0:add-test-source (add-integration-test-source) @ akka-testkit-race-repro ---
[INFO] Test Source directory: /Users/jz/code/akka-testkit-race-repro/src/it/java added.
[INFO] 
[INFO] --- build-helper:3.2.0:add-test-resource (add-integration-test-resource) @ akka-testkit-race-repro ---
[INFO] 
[INFO] --- resources:3.4.0:testResources (default-testResources) @ akka-testkit-race-repro ---
[INFO] Copying 2 resources from src/test/resources to target/test-classes
[INFO] skip non existing resourceDirectory /Users/jz/code/akka-testkit-race-repro/src/it/resources
[INFO] 
[INFO] --- compiler:3.13.0:testCompile (default-testCompile) @ akka-testkit-race-repro ---
[INFO] Nothing to compile - all classes are up to date.
[INFO] 
[INFO] --- surefire:2.22.2:test (default-test) @ akka-testkit-race-repro ---
[WARNING] The system property akka.javasdk.dev-mode.project-artifact-id is configured twice! The property appears in <argLine/> and any of <systemPropertyVariables/>, <systemProperties/> or user property.
[WARNING] The system property logback.configurationFile is configured twice! The property appears in <argLine/> and any of <systemPropertyVariables/>, <systemProperties/> or user property.
[INFO] 
[INFO] -------------------------------------------------------
[INFO]  T E S T S
[INFO] -------------------------------------------------------
[INFO] Running repro.BootstrapWorkTimingTest
08:04:44.235 INFO  akka.runtime.AkkaRuntimeMain - Starting Akka Runtime version [1.6.15]
08:04:44.467 INFO  akka.javasdk.impl.ComponentLocator$ - Looking for component descriptors matching pattern [META-INF/akka-javasdk-components_*.conf]
08:04:44.540 INFO  akka.javasdk.testkit.TestKit - Eventing TestKit booting up on port: 62918
08:04:44.602 DEBUG a.c.singleton.ClusterSingletonProxy - Creating singleton identification timer...
08:04:44.603 DEBUG a.c.singleton.ClusterSingletonProxy - Trying to identify singleton at [akka://akka-runtime@127.0.0.1:62919/system/singletonManagerschemaSingleton/schemaSingleton]
08:04:44.606 DEBUG a.c.singleton.ClusterSingletonProxy - Singleton not available, buffering message type [kalix.runtime.SchemaSingleton$ExecDdl]
08:04:44.612 INFO  a.c.s.ClusterSingletonManager - Singleton manager starting singleton actor [akka://akka-runtime/system/singletonManagerschemaSingleton/schemaSingleton]
08:04:44.612 INFO  a.c.s.ClusterSingletonManager - ClusterSingletonManager state change [Start -> Oldest]
08:04:44.670 DEBUG a.c.singleton.ClusterSingletonProxy - Trying to identify singleton at [akka://akka-runtime@127.0.0.1:62919/system/singletonManagerschemaSingleton/schemaSingleton]
08:04:44.670 INFO  a.c.singleton.ClusterSingletonProxy - Singleton identified at [akka://akka-runtime/system/singletonManagerschemaSingleton/schemaSingleton]
08:04:44.670 DEBUG a.c.singleton.ClusterSingletonProxy - Sending buffered messages to current singleton instance
08:04:44.671 INFO  akka.javasdk.testkit.TestKit - Checking runtime status
08:04:44.762 INFO  a.c.s.typed.scaladsl.ClusterSharding - Starting Shard Region [passivation-race-entity]...
08:04:44.770 INFO  a.c.s.ClusterSingletonManager - Singleton manager starting singleton actor [akka://akka-runtime/system/sharding/passivation-race-entityCoordinator/singleton]
08:04:44.770 INFO  a.c.s.ClusterSingletonManager - ClusterSingletonManager state change [Start -> Oldest]
08:04:44.776 DEBUG a.c.sharding.DDataShardCoordinator - passivation-race-entity: Initial coordinator is empty.
08:04:44.777 INFO  akka.cluster.sharding.ShardRegion - passivation-race-entity: Automatic entity passivation: composite strategy with limit of [10000] active entities, admission window (least recently used entities) with proportions [initial = 0.01, min = 0.01, max = 1.0] adapting with hill-climbing optimizer [adjust multiplier = 10.0, initial step = 0.0625, restart threshold = 0.05, step decay = 0.98], admit using frequency sketch [width multiplier = 4, reset multiplier = 10.0, depth = 4, counter bits = 4], main (least recently used entities (segmented with [2] levels with proportions of [0.20, 0.80]))
08:04:44.777 INFO  a.c.sharding.DDataShardCoordinator - passivation-race-entity: ShardCoordinator was moved to the active state with [0] shards
08:04:44.779 DEBUG a.c.sharding.DDataShardCoordinator - passivation-race-entity: ShardRegion registered: [Actor[akka://akka-runtime/system/sharding/passivation-race-entity#2119173139]]
08:04:44.782 DEBUG a.c.sharding.DDataShardCoordinator - passivation-race-entity: The coordinator state was successfully updated with ShardRegionRegistered(Actor[akka://akka-runtime/system/sharding/passivation-race-entity#2119173139])
08:04:44.834 DEBUG a.c.singleton.ClusterSingletonProxy - Forwarding message of type [SchemaSingleton$ExecDdl] to current singleton instance at [akka://akka-runtime/system/singletonManagerschemaSingleton/schemaSingleton]
08:04:44.838 INFO  akka.runtime.DiscoveryManager - Service components: EventSourcedEntity: [1], Consumer: [2], View: [1]
08:04:44.908 INFO  a.c.s.typed.scaladsl.ClusterSharding - Starting Shard Region [_timer]...
08:04:44.909 INFO  a.c.s.ClusterSingletonManager - Singleton manager starting singleton actor [akka://akka-runtime/system/sharding/_timerCoordinator/singleton]
08:04:44.909 INFO  a.c.s.ClusterSingletonManager - ClusterSingletonManager state change [Start -> Oldest]
08:04:44.909 DEBUG a.c.sharding.DDataShardCoordinator - _timer: Starting remember entities store from provider akka.cluster.sharding.internal.DDataRememberEntitiesProvider@5b43a161
08:04:44.911 DEBUG a.c.sharding.DDataShardCoordinator - _timer: Initial coordinator is empty.
08:04:44.911 INFO  a.c.sharding.DDataShardCoordinator - _timer: ShardCoordinator was moved to the active state with [0] shards
08:04:44.911 DEBUG a.c.sharding.DDataShardCoordinator - _timer: Received [0] remembered shard ids (after state initialized)
08:04:44.914 INFO  a.c.s.typed.scaladsl.ClusterSharding - Starting Shard Region [sharded-daemon-process-eventSourcedProjection-passivation-race-entity-passivation-race-consumer-a]...
08:04:44.915 INFO  akka.cluster.sharding.ShardRegion - sharded-daemon-process-eventSourcedProjection-passivation-race-entity-passivation-race-consumer-a: Automatic entity passivation: disabled
08:04:44.916 INFO  a.c.s.ClusterSingletonManager - Singleton manager starting singleton actor [akka://akka-runtime/system/sharding/sharded-daemon-process-eventSourcedProjection-passivation-race-entity-passivation-race-consumer-aCoordinator/singleton]
08:04:44.916 INFO  a.c.s.ClusterSingletonManager - ClusterSingletonManager state change [Start -> Oldest]
08:04:44.916 DEBUG a.c.sharding.DDataShardCoordinator - sharded-daemon-process-eventSourcedProjection-passivation-race-entity-passivation-race-consumer-a: Initial coordinator is empty.
08:04:44.917 INFO  a.c.sharding.DDataShardCoordinator - sharded-daemon-process-eventSourcedProjection-passivation-race-entity-passivation-race-consumer-a: ShardCoordinator was moved to the active state with [0] shards
08:04:44.917 DEBUG a.c.singleton.ClusterSingletonProxy - Creating singleton identification timer...
08:04:44.918 INFO  a.c.s.typed.scaladsl.ClusterSharding - Starting Shard Region [sharded-daemon-process-eventSourcedProjection-passivation-race-entity-passivation-race-consumer-b]...
08:04:44.918 DEBUG a.c.singleton.ClusterSingletonProxy - Trying to identify singleton at [akka://akka-runtime@127.0.0.1:62919/system/singletonManagerShardedDaemonProcessCoordinator-eventSourcedProjection-passivation-race-entity-passivation-race-consumer-a/ShardedDaemonProcessCoordinator-eventSourcedProjection-passivation-race-entity-passivation-race-consumer-a]
08:04:44.918 INFO  a.c.s.ClusterSingletonManager - Singleton manager starting singleton actor [akka://akka-runtime/system/singletonManagerShardedDaemonProcessCoordinator-eventSourcedProjection-passivation-race-entity-passivation-race-consumer-a/ShardedDaemonProcessCoordinator-eventSourcedProjection-passivation-race-entity-passivation-race-consumer-a]
08:04:44.918 INFO  a.c.s.ClusterSingletonManager - ClusterSingletonManager state change [Start -> Oldest]
08:04:44.918 INFO  akka.cluster.sharding.ShardRegion - sharded-daemon-process-eventSourcedProjection-passivation-race-entity-passivation-race-consumer-b: Automatic entity passivation: disabled
08:04:44.920 DEBUG a.c.s.t.i.ShardedDaemonProcessCoordinator$ - ShardedDaemonProcessCoordinator for [eventSourcedProjection-passivation-race-entity-passivation-race-consumer-a] starting
08:04:44.920 INFO  a.c.s.typed.scaladsl.ClusterSharding - Starting Shard Region [sharded-daemon-process-eventSourcedProjection-passivation-race-entity-passivation-race-view]...
08:04:44.920 DEBUG a.c.singleton.ClusterSingletonProxy - Creating singleton identification timer...
08:04:44.920 DEBUG a.c.singleton.ClusterSingletonProxy - Trying to identify singleton at [akka://akka-runtime@127.0.0.1:62919/system/singletonManagerShardedDaemonProcessCoordinator-eventSourcedProjection-passivation-race-entity-passivation-race-consumer-b/ShardedDaemonProcessCoordinator-eventSourcedProjection-passivation-race-entity-passivation-race-consumer-b]
08:04:44.921 INFO  akka.cluster.sharding.ShardRegion - sharded-daemon-process-eventSourcedProjection-passivation-race-entity-passivation-race-view: Automatic entity passivation: disabled
08:04:44.921 INFO  a.c.s.ClusterSingletonManager - Singleton manager starting singleton actor [akka://akka-runtime/system/sharding/sharded-daemon-process-eventSourcedProjection-passivation-race-entity-passivation-race-consumer-bCoordinator/singleton]
08:04:44.921 INFO  a.c.s.ClusterSingletonManager - ClusterSingletonManager state change [Start -> Oldest]
08:04:44.922 DEBUG a.c.sharding.DDataShardCoordinator - sharded-daemon-process-eventSourcedProjection-passivation-race-entity-passivation-race-consumer-b: Initial coordinator is empty.
08:04:44.922 INFO  a.c.sharding.DDataShardCoordinator - sharded-daemon-process-eventSourcedProjection-passivation-race-entity-passivation-race-consumer-b: ShardCoordinator was moved to the active state with [0] shards
08:04:44.922 INFO  a.c.s.ClusterSingletonManager - Singleton manager starting singleton actor [akka://akka-runtime/system/singletonManagerShardedDaemonProcessCoordinator-eventSourcedProjection-passivation-race-entity-passivation-race-consumer-b/ShardedDaemonProcessCoordinator-eventSourcedProjection-passivation-race-entity-passivation-race-consumer-b]
08:04:44.922 INFO  a.c.s.ClusterSingletonManager - ClusterSingletonManager state change [Start -> Oldest]
08:04:44.922 DEBUG a.c.s.t.i.ShardedDaemonProcessCoordinator$ - ShardedDaemonProcessCoordinator for [eventSourcedProjection-passivation-race-entity-passivation-race-consumer-b] starting
08:04:44.922 DEBUG a.c.singleton.ClusterSingletonProxy - Creating singleton identification timer...
08:04:44.923 DEBUG a.c.singleton.ClusterSingletonProxy - Trying to identify singleton at [akka://akka-runtime@127.0.0.1:62919/system/singletonManagerShardedDaemonProcessCoordinator-eventSourcedProjection-passivation-race-entity-passivation-race-view/ShardedDaemonProcessCoordinator-eventSourcedProjection-passivation-race-entity-passivation-race-view]
08:04:44.923 INFO  a.c.s.ClusterSingletonManager - Singleton manager starting singleton actor [akka://akka-runtime/system/sharding/sharded-daemon-process-eventSourcedProjection-passivation-race-entity-passivation-race-viewCoordinator/singleton]
08:04:44.923 INFO  a.c.s.ClusterSingletonManager - ClusterSingletonManager state change [Start -> Oldest]
08:04:44.923 INFO  a.c.s.ClusterSingletonManager - Singleton manager starting singleton actor [akka://akka-runtime/system/singletonManagerShardedDaemonProcessCoordinator-eventSourcedProjection-passivation-race-entity-passivation-race-view/ShardedDaemonProcessCoordinator-eventSourcedProjection-passivation-race-entity-passivation-race-view]
08:04:44.923 DEBUG a.c.sharding.DDataShardCoordinator - sharded-daemon-process-eventSourcedProjection-passivation-race-entity-passivation-race-view: Initial coordinator is empty.
08:04:44.923 INFO  a.c.s.ClusterSingletonManager - ClusterSingletonManager state change [Start -> Oldest]
08:04:44.923 INFO  a.c.sharding.DDataShardCoordinator - sharded-daemon-process-eventSourcedProjection-passivation-race-entity-passivation-race-view: ShardCoordinator was moved to the active state with [0] shards
08:04:44.923 DEBUG a.c.s.t.i.ShardedDaemonProcessCoordinator$ - ShardedDaemonProcessCoordinator for [eventSourcedProjection-passivation-race-entity-passivation-race-view] starting
08:04:44.924 DEBUG a.c.s.t.i.ShardedDaemonProcessCoordinator$ - eventSourcedProjection-passivation-race-entity-passivation-race-view: No previous state stored for Sharded Daemon Process
08:04:44.924 DEBUG a.c.s.t.i.ShardedDaemonProcessCoordinator$ - eventSourcedProjection-passivation-race-entity-passivation-race-consumer-b: No previous state stored for Sharded Daemon Process
08:04:44.924 DEBUG a.c.s.t.i.ShardedDaemonProcessCoordinator$ - eventSourcedProjection-passivation-race-entity-passivation-race-consumer-a: No previous state stored for Sharded Daemon Process
08:04:44.926 DEBUG a.c.s.t.i.ShardedDaemonProcessCoordinator$ - Sending periodic keep alive for Sharded Daemon Process [eventSourcedProjection-passivation-race-entity-passivation-race-consumer-b] to [1] processes (revision [0]).
08:04:44.926 DEBUG a.c.s.t.i.ShardedDaemonProcessCoordinator$ - Sending periodic keep alive for Sharded Daemon Process [eventSourcedProjection-passivation-race-entity-passivation-race-view] to [1] processes (revision [0]).
08:04:44.926 DEBUG a.c.s.t.i.ShardedDaemonProcessCoordinator$ - Sending periodic keep alive for Sharded Daemon Process [eventSourcedProjection-passivation-race-entity-passivation-race-consumer-a] to [1] processes (revision [0]).
08:04:44.969 INFO  akka.runtime.DiscoveryManager - Akka Runtime started at 127.0.0.1:62917
08:04:44.969 INFO  repro.Bootstrap - onStartup burst of 8 starting
08:04:44.979 DEBUG a.c.singleton.ClusterSingletonProxy - Trying to identify singleton at [akka://akka-runtime@127.0.0.1:62919/system/singletonManagerShardedDaemonProcessCoordinator-eventSourcedProjection-passivation-race-entity-passivation-race-consumer-a/ShardedDaemonProcessCoordinator-eventSourcedProjection-passivation-race-entity-passivation-race-consumer-a]
08:04:44.980 INFO  a.c.singleton.ClusterSingletonProxy - Singleton identified at [akka://akka-runtime/system/singletonManagerShardedDaemonProcessCoordinator-eventSourcedProjection-passivation-race-entity-passivation-race-consumer-a/ShardedDaemonProcessCoordinator-eventSourcedProjection-passivation-race-entity-passivation-race-consumer-a]
08:04:44.980 DEBUG a.c.singleton.ClusterSingletonProxy - Sending buffered messages to current singleton instance
08:04:44.980 DEBUG a.c.singleton.ClusterSingletonProxy - Trying to identify singleton at [akka://akka-runtime@127.0.0.1:62919/system/singletonManagerShardedDaemonProcessCoordinator-eventSourcedProjection-passivation-race-entity-passivation-race-consumer-b/ShardedDaemonProcessCoordinator-eventSourcedProjection-passivation-race-entity-passivation-race-consumer-b]
08:04:44.980 INFO  a.c.singleton.ClusterSingletonProxy - Singleton identified at [akka://akka-runtime/system/singletonManagerShardedDaemonProcessCoordinator-eventSourcedProjection-passivation-race-entity-passivation-race-consumer-b/ShardedDaemonProcessCoordinator-eventSourcedProjection-passivation-race-entity-passivation-race-consumer-b]
08:04:44.980 DEBUG a.c.singleton.ClusterSingletonProxy - Sending buffered messages to current singleton instance
08:04:44.983 DEBUG a.c.sharding.DDataShardCoordinator - passivation-race-entity: The coordinator state was successfully updated with ShardHomeAllocated(278,Actor[akka://akka-runtime/system/sharding/passivation-race-entity#2119173139])
08:04:44.984 DEBUG a.c.sharding.DDataShardCoordinator - passivation-race-entity: Shard [278] allocated at [Actor[akka://akka-runtime/system/sharding/passivation-race-entity#2119173139]]
08:04:44.990 DEBUG a.c.singleton.ClusterSingletonProxy - Trying to identify singleton at [akka://akka-runtime@127.0.0.1:62919/system/singletonManagerShardedDaemonProcessCoordinator-eventSourcedProjection-passivation-race-entity-passivation-race-view/ShardedDaemonProcessCoordinator-eventSourcedProjection-passivation-race-entity-passivation-race-view]
08:04:44.991 INFO  a.c.singleton.ClusterSingletonProxy - Singleton identified at [akka://akka-runtime/system/singletonManagerShardedDaemonProcessCoordinator-eventSourcedProjection-passivation-race-entity-passivation-race-view/ShardedDaemonProcessCoordinator-eventSourcedProjection-passivation-race-entity-passivation-race-view]
08:04:44.991 DEBUG a.c.singleton.ClusterSingletonProxy - Sending buffered messages to current singleton instance
08:04:45.006 DEBUG akka.cluster.sharding.Shard - passivation-race-entity: Shard initialized
08:04:45.017 DEBUG akka.cluster.sharding.Shard - passivation-race-entity: Started entity [Actor[akka://akka-runtime/system/sharding/passivation-race-entity/278/2b0db2ea-1573-4fa0-801f-9184c02f565e#-455441998]] with entity id [2b0db2ea-1573-4fa0-801f-9184c02f565e] in shard [278]
08:04:45.121 DEBUG a.c.sharding.DDataShardCoordinator - passivation-race-entity: The coordinator state was successfully updated with ShardHomeAllocated(36,Actor[akka://akka-runtime/system/sharding/passivation-race-entity#2119173139])
08:04:45.121 DEBUG a.c.sharding.DDataShardCoordinator - passivation-race-entity: Shard [36] allocated at [Actor[akka://akka-runtime/system/sharding/passivation-race-entity#2119173139]]
08:04:45.121 DEBUG akka.cluster.sharding.Shard - passivation-race-entity: Shard initialized
08:04:45.121 DEBUG akka.cluster.sharding.Shard - passivation-race-entity: Started entity [Actor[akka://akka-runtime/system/sharding/passivation-race-entity/36/8747c2f2-cb00-4b23-9b33-4574b55b9391#1970582373]] with entity id [8747c2f2-cb00-4b23-9b33-4574b55b9391] in shard [36]
08:04:45.131 DEBUG a.c.sharding.DDataShardCoordinator - passivation-race-entity: The coordinator state was successfully updated with ShardHomeAllocated(617,Actor[akka://akka-runtime/system/sharding/passivation-race-entity#2119173139])
08:04:45.131 DEBUG a.c.sharding.DDataShardCoordinator - passivation-race-entity: Shard [617] allocated at [Actor[akka://akka-runtime/system/sharding/passivation-race-entity#2119173139]]
08:04:45.131 DEBUG akka.cluster.sharding.Shard - passivation-race-entity: Shard initialized
08:04:45.131 DEBUG akka.cluster.sharding.Shard - passivation-race-entity: Started entity [Actor[akka://akka-runtime/system/sharding/passivation-race-entity/617/20f75ca7-5306-40ef-bd2f-7735a92927e8#-67138673]] with entity id [20f75ca7-5306-40ef-bd2f-7735a92927e8] in shard [617]
08:04:45.138 DEBUG a.c.sharding.DDataShardCoordinator - passivation-race-entity: The coordinator state was successfully updated with ShardHomeAllocated(264,Actor[akka://akka-runtime/system/sharding/passivation-race-entity#2119173139])
08:04:45.138 DEBUG a.c.sharding.DDataShardCoordinator - passivation-race-entity: Shard [264] allocated at [Actor[akka://akka-runtime/system/sharding/passivation-race-entity#2119173139]]
08:04:45.138 DEBUG akka.cluster.sharding.Shard - passivation-race-entity: Shard initialized
08:04:45.138 DEBUG akka.cluster.sharding.Shard - passivation-race-entity: Started entity [Actor[akka://akka-runtime/system/sharding/passivation-race-entity/264/35325f2f-d2c5-495e-beb6-b21496d1478d#1149148481]] with entity id [35325f2f-d2c5-495e-beb6-b21496d1478d] in shard [264]
08:04:45.143 INFO  akka.javasdk.testkit.TestKit - Runtime started
08:04:45.146 DEBUG a.c.sharding.DDataShardCoordinator - passivation-race-entity: The coordinator state was successfully updated with ShardHomeAllocated(257,Actor[akka://akka-runtime/system/sharding/passivation-race-entity#2119173139])
08:04:45.146 DEBUG a.c.sharding.DDataShardCoordinator - passivation-race-entity: Shard [257] allocated at [Actor[akka://akka-runtime/system/sharding/passivation-race-entity#2119173139]]
08:04:45.146 DEBUG akka.cluster.sharding.Shard - passivation-race-entity: Shard initialized
08:04:45.147 DEBUG akka.cluster.sharding.Shard - passivation-race-entity: Started entity [Actor[akka://akka-runtime/system/sharding/passivation-race-entity/257/68b7c049-1946-49f7-9811-980a6e620954#86325059]] with entity id [68b7c049-1946-49f7-9811-980a6e620954] in shard [257]
08:04:45.148 INFO  akka.actor.CoordinatedShutdown - Running CoordinatedShutdown with reason [ActorSystemTerminateReason]
08:04:45.148 DEBUG akka.actor.CoordinatedShutdown - Performing phase [before-service-unbind] with [0] tasks
08:04:45.148 DEBUG akka.actor.CoordinatedShutdown - Performing phase [service-unbind] with [1] tasks.
08:04:45.149 DEBUG akka.actor.CoordinatedShutdown - Performing task [http-unbind-/127.0.0.1:62917] in CoordinatedShutdown phase [service-unbind]
08:04:45.151 DEBUG akka.actor.CoordinatedShutdown - Performing phase [service-requests-done] with [1] tasks.
08:04:45.151 DEBUG akka.actor.CoordinatedShutdown - Performing task [http-terminate-/127.0.0.1:62917] in CoordinatedShutdown phase [service-requests-done]
08:04:45.153 DEBUG akka.actor.CoordinatedShutdown - Performing phase [service-stop] with [1] tasks.
08:04:45.153 DEBUG akka.actor.CoordinatedShutdown - Performing task [stop-grpc-clients] in CoordinatedShutdown phase [service-stop]
08:04:45.154 DEBUG akka.actor.CoordinatedShutdown - Performing phase [before-cluster-shutdown] with [0] tasks
08:04:45.154 DEBUG akka.actor.CoordinatedShutdown - Performing phase [cluster-sharding-shutdown-region] with [5] tasks.
08:04:45.154 DEBUG akka.actor.CoordinatedShutdown - Performing task [region-shutdown] in CoordinatedShutdown phase [cluster-sharding-shutdown-region]
08:04:45.154 DEBUG akka.actor.CoordinatedShutdown - Performing task [region-shutdown] in CoordinatedShutdown phase [cluster-sharding-shutdown-region]
08:04:45.155 DEBUG akka.actor.CoordinatedShutdown - Performing task [region-shutdown] in CoordinatedShutdown phase [cluster-sharding-shutdown-region]
08:04:45.155 DEBUG akka.actor.CoordinatedShutdown - Performing task [region-shutdown] in CoordinatedShutdown phase [cluster-sharding-shutdown-region]
08:04:45.155 DEBUG akka.actor.CoordinatedShutdown - Performing task [region-shutdown] in CoordinatedShutdown phase [cluster-sharding-shutdown-region]
08:04:45.155 DEBUG a.c.sharding.DDataShardCoordinator - passivation-race-entity: Graceful shutdown of region [Actor[akka://akka-runtime/system/sharding/passivation-race-entity#2119173139]] with [5] shards
08:04:45.155 INFO  a.c.sharding.DDataShardCoordinator - passivation-race-entity: Starting shutting down shards [617,36,278,264,257] due to region shutting down or explicit stopping of shards.
08:04:45.155 DEBUG a.c.sharding.DDataShardCoordinator - _timer: Unknown region requested graceful shutdown [Actor[akka://akka-runtime/system/sharding/_timer#1146295696]]
08:04:45.155 DEBUG a.c.sharding.DDataShardCoordinator - sharded-daemon-process-eventSourcedProjection-passivation-race-entity-passivation-race-consumer-a: Unknown region requested graceful shutdown [Actor[akka://akka-runtime/system/sharding/sharded-daemon-process-eventSourcedProjection-passivation-race-entity-passivation-race-consumer-a#1822080730]]
08:04:45.155 DEBUG a.c.sharding.DDataShardCoordinator - sharded-daemon-process-eventSourcedProjection-passivation-race-entity-passivation-race-view: Unknown region requested graceful shutdown [Actor[akka://akka-runtime/system/sharding/sharded-daemon-process-eventSourcedProjection-passivation-race-entity-passivation-race-view#-1408782288]]
08:04:45.155 DEBUG a.c.sharding.DDataShardCoordinator - sharded-daemon-process-eventSourcedProjection-passivation-race-entity-passivation-race-consumer-b: Unknown region requested graceful shutdown [Actor[akka://akka-runtime/system/sharding/sharded-daemon-process-eventSourcedProjection-passivation-race-entity-passivation-race-consumer-b#-1759161846]]
08:04:45.156 DEBUG a.c.s.ShardCoordinator$RebalanceWorker - passivation-race-entity: Shutting down shard [617] from region [Actor[akka://akka-runtime/system/sharding/passivation-race-entity#2119173139]]. Asking [1] region(s) to hand-off shard
08:04:45.157 DEBUG a.c.s.ShardCoordinator$RebalanceWorker - passivation-race-entity: Shutting down shard [278] from region [Actor[akka://akka-runtime/system/sharding/passivation-race-entity#2119173139]]. Asking [1] region(s) to hand-off shard
08:04:45.157 DEBUG a.c.s.ShardCoordinator$RebalanceWorker - passivation-race-entity: Shutting down shard [264] from region [Actor[akka://akka-runtime/system/sharding/passivation-race-entity#2119173139]]. Asking [1] region(s) to hand-off shard
08:04:45.157 DEBUG a.c.s.ShardCoordinator$RebalanceWorker - passivation-race-entity: Shutting down shard [36] from region [Actor[akka://akka-runtime/system/sharding/passivation-race-entity#2119173139]]. Asking [1] region(s) to hand-off shard
08:04:45.157 DEBUG a.c.s.ShardCoordinator$RebalanceWorker - passivation-race-entity: Shutting down shard [257] from region [Actor[akka://akka-runtime/system/sharding/passivation-race-entity#2119173139]]. Asking [1] region(s) to hand-off shard
08:04:45.157 DEBUG a.c.s.ShardCoordinator$RebalanceWorker - passivation-race-entity: BeginHandOffAck for shard [617] received from [Actor[akka://akka-runtime/system/sharding/passivation-race-entity#2119173139]].
08:04:45.157 DEBUG a.c.s.ShardCoordinator$RebalanceWorker - passivation-race-entity: BeginHandOffAck for shard [36] received from [Actor[akka://akka-runtime/system/sharding/passivation-race-entity#2119173139]].
08:04:45.157 DEBUG a.c.s.ShardCoordinator$RebalanceWorker - passivation-race-entity: All shard regions acked, handing off shard [617].
08:04:45.157 DEBUG a.c.s.ShardCoordinator$RebalanceWorker - passivation-race-entity: All shard regions acked, handing off shard [36].
08:04:45.157 DEBUG a.c.s.ShardCoordinator$RebalanceWorker - passivation-race-entity: BeginHandOffAck for shard [257] received from [Actor[akka://akka-runtime/system/sharding/passivation-race-entity#2119173139]].
08:04:45.157 DEBUG a.c.s.ShardCoordinator$RebalanceWorker - passivation-race-entity: BeginHandOffAck for shard [264] received from [Actor[akka://akka-runtime/system/sharding/passivation-race-entity#2119173139]].
08:04:45.157 DEBUG a.c.s.ShardCoordinator$RebalanceWorker - passivation-race-entity: All shard regions acked, handing off shard [257].
08:04:45.157 DEBUG a.c.s.ShardCoordinator$RebalanceWorker - passivation-race-entity: All shard regions acked, handing off shard [264].
08:04:45.157 DEBUG a.c.s.ShardCoordinator$RebalanceWorker - passivation-race-entity: BeginHandOffAck for shard [278] received from [Actor[akka://akka-runtime/system/sharding/passivation-race-entity#2119173139]].
08:04:45.157 DEBUG a.c.s.ShardCoordinator$RebalanceWorker - passivation-race-entity: All shard regions acked, handing off shard [278].
08:04:45.157 DEBUG akka.cluster.sharding.Shard - passivation-race-entity: HandOff shard [617]
08:04:45.157 DEBUG akka.cluster.sharding.Shard - passivation-race-entity: HandOff shard [264]
08:04:45.157 DEBUG akka.cluster.sharding.Shard - passivation-race-entity: Starting HandOffStopper for shard [264] to terminate [1] entities.
08:04:45.157 DEBUG akka.cluster.sharding.Shard - passivation-race-entity: HandOff shard [257]
08:04:45.157 DEBUG akka.cluster.sharding.Shard - passivation-race-entity: HandOff shard [278]
08:04:45.157 DEBUG akka.cluster.sharding.Shard - passivation-race-entity: Starting HandOffStopper for shard [278] to terminate [1] entities.
08:04:45.157 DEBUG akka.cluster.sharding.Shard - passivation-race-entity: Starting HandOffStopper for shard [257] to terminate [1] entities.
08:04:45.157 DEBUG akka.cluster.sharding.Shard - passivation-race-entity: Starting HandOffStopper for shard [617] to terminate [1] entities.
08:04:45.157 DEBUG akka.cluster.sharding.Shard - passivation-race-entity: HandOff shard [36]
08:04:45.157 DEBUG akka.cluster.sharding.Shard - passivation-race-entity: Starting HandOffStopper for shard [36] to terminate [1] entities.
08:04:45.161 DEBUG akka.cluster.sharding.Shard - passivation-race-entity: Shard [278] shutting down
08:04:45.161 DEBUG a.c.sharding.DDataShardCoordinator - passivation-race-entity: Shard [257] deallocation completed successfully.
08:04:45.161 DEBUG akka.cluster.sharding.Shard - passivation-race-entity: Shard [257] shutting down
08:04:45.161 DEBUG akka.cluster.sharding.Shard - passivation-race-entity: Shard [36] shutting down
08:04:45.161 DEBUG akka.cluster.sharding.Shard - passivation-race-entity: Shard [264] shutting down
08:04:45.161 DEBUG akka.cluster.sharding.Shard - passivation-race-entity: Shard [617] shutting down
08:04:45.162 DEBUG a.c.sharding.DDataShardCoordinator - passivation-race-entity: The coordinator state was successfully updated with ShardHomeDeallocated(257)
08:04:45.162 DEBUG a.c.sharding.DDataShardCoordinator - passivation-race-entity: Shard [257] deallocated after
08:04:45.162 DEBUG a.c.sharding.DDataShardCoordinator - passivation-race-entity: Shard [617] deallocation completed successfully.
08:04:45.162 DEBUG a.c.sharding.DDataShardCoordinator - passivation-race-entity: GetShardHome [257] request from [Actor[akka://local/ignore]] stashed, because waiting for initial state or update of state. It will be handled afterwards.
08:04:45.162 DEBUG a.c.sharding.DDataShardCoordinator - passivation-race-entity: The coordinator state was successfully updated with ShardHomeDeallocated(617)
08:04:45.162 DEBUG a.c.sharding.DDataShardCoordinator - passivation-race-entity: Shard [617] deallocated after
08:04:45.163 DEBUG a.c.sharding.DDataShardCoordinator - passivation-race-entity: Shard [36] deallocation completed successfully.
08:04:45.163 DEBUG a.c.sharding.DDataShardCoordinator - passivation-race-entity: GetShardHome [617] request from [Actor[akka://local/ignore]] stashed, because waiting for initial state or update of state. It will be handled afterwards.
08:04:45.163 DEBUG a.c.sharding.DDataShardCoordinator - passivation-race-entity: GetShardHome [257] request from [Actor[akka://local/ignore]] stashed, because waiting for initial state or update of state. It will be handled afterwards.
08:04:45.163 DEBUG a.c.sharding.DDataShardCoordinator - passivation-race-entity: The coordinator state was successfully updated with ShardHomeDeallocated(36)
08:04:45.163 DEBUG a.c.sharding.DDataShardCoordinator - passivation-race-entity: Shard [36] deallocated after
08:04:45.163 DEBUG a.c.sharding.DDataShardCoordinator - passivation-race-entity: Shard [278] deallocation completed successfully.
08:04:45.163 DEBUG a.c.sharding.DDataShardCoordinator - passivation-race-entity: GetShardHome [36] request from [Actor[akka://local/ignore]] stashed, because waiting for initial state or update of state. It will be handled afterwards.
08:04:45.163 DEBUG a.c.sharding.DDataShardCoordinator - passivation-race-entity: GetShardHome [617] request from [Actor[akka://local/ignore]] stashed, because waiting for initial state or update of state. It will be handled afterwards.
08:04:45.163 DEBUG a.c.sharding.DDataShardCoordinator - passivation-race-entity: The coordinator state was successfully updated with ShardHomeDeallocated(278)
08:04:45.163 DEBUG a.c.sharding.DDataShardCoordinator - passivation-race-entity: Shard [278] deallocated after
08:04:45.163 DEBUG a.c.sharding.DDataShardCoordinator - passivation-race-entity: Shard [264] deallocation completed successfully.
08:04:45.163 DEBUG a.c.sharding.DDataShardCoordinator - passivation-race-entity: GetShardHome [278] request from [Actor[akka://local/ignore]] stashed, because waiting for initial state or update of state. It will be handled afterwards.
08:04:45.163 DEBUG a.c.sharding.DDataShardCoordinator - passivation-race-entity: GetShardHome [257] request from [Actor[akka://local/ignore]] stashed, because waiting for initial state or update of state. It will be handled afterwards.
08:04:45.164 DEBUG a.c.sharding.DDataShardCoordinator - passivation-race-entity: The coordinator state was successfully updated with ShardHomeDeallocated(264)
08:04:45.164 DEBUG a.c.sharding.DDataShardCoordinator - passivation-race-entity: Shard [264] deallocated after
08:04:45.169 DEBUG a.c.sharding.DDataShardCoordinator - _timer: ShardRegion registered: [Actor[akka://akka-runtime/system/sharding/_timer#1146295696]]
08:04:45.169 DEBUG a.c.sharding.DDataShardCoordinator - _timer: The coordinator state was successfully updated with ShardRegionRegistered(Actor[akka://akka-runtime/system/sharding/_timer#1146295696])
08:04:45.169 DEBUG a.c.sharding.DDataShardCoordinator - _timer: Remembering shard allocation [993]
08:04:45.170 DEBUG a.c.sharding.DDataShardCoordinator - _timer: The coordinator state was successfully updated with ShardHomeAllocated(993,Actor[akka://akka-runtime/system/sharding/_timer#1146295696]), waiting for remember shard update
08:04:45.171 DEBUG a.c.s.i.DDataRememberEntitiesCoordinatorStore - Remember entities coordinator store shards successfully updated with 993
08:04:45.171 DEBUG a.c.sharding.DDataShardCoordinator - _timer: The ShardCoordinator saw remember shard start successfully written ShardHomeAllocated(993,Actor[akka://akka-runtime/system/sharding/_timer#1146295696])
08:04:45.171 DEBUG a.c.sharding.DDataShardCoordinator - _timer: Shard [993] allocated at [Actor[akka://akka-runtime/system/sharding/_timer#1146295696]]
08:04:45.171 DEBUG a.c.sharding.DDataShardCoordinator - _timer: Graceful shutdown of region [Actor[akka://akka-runtime/system/sharding/_timer#1146295696]] with [1] shards
08:04:45.171 INFO  a.c.sharding.DDataShardCoordinator - _timer: Starting shutting down shards [993] due to region shutting down or explicit stopping of shards.
08:04:45.172 DEBUG a.c.s.ShardCoordinator$RebalanceWorker - _timer: Shutting down shard [993] from region [Actor[akka://akka-runtime/system/sharding/_timer#1146295696]]. Asking [1] region(s) to hand-off shard
08:04:45.172 DEBUG a.c.s.ShardCoordinator$RebalanceWorker - _timer: BeginHandOffAck for shard [993] received from [Actor[akka://akka-runtime/system/sharding/_timer#1146295696]].
08:04:45.172 DEBUG a.c.s.ShardCoordinator$RebalanceWorker - _timer: All shard regions acked, handing off shard [993].
08:04:45.173 WARN  akka.cluster.sharding.ShardRegion - _timer: Dropping [1] buffered messages to shard [993] during hand off to avoid re-ordering
08:04:45.173 DEBUG akka.cluster.sharding.Shard - _timer: Waiting for load of entity ids using [Actor[akka://akka-runtime/system/sharding/_timer/993/RememberEntitiesStore#1187374064]] to complete
08:04:45.173 DEBUG a.c.s.i.DDataRememberEntitiesShardStore - Starting up DDataRememberEntitiesStore, read timeout: [2.000 s], write timeout: [5.000 s], majority min cap: [2]
08:04:45.174 DEBUG a.c.s.i.DDataRememberEntitiesShardStore - Remember entities shard store got request from shard, waiting for all remembered entities to arrive
08:04:45.174 DEBUG a.c.s.i.DDataRememberEntitiesShardStore - Shard waiting for remembered entities, sending remembered and going idle
08:04:45.174 DEBUG akka.cluster.sharding.Shard - _timer: Shard initialized
08:04:45.174 DEBUG akka.cluster.sharding.Shard - _timer: HandOff shard [993]
08:04:45.174 DEBUG a.c.sharding.DDataShardCoordinator - _timer: Shard [993] deallocation completed successfully.
08:04:45.175 DEBUG a.c.sharding.DDataShardCoordinator - _timer: The coordinator state was successfully updated with ShardHomeDeallocated(993)
08:04:45.175 DEBUG a.c.sharding.DDataShardCoordinator - _timer: Shard [993] deallocated after
08:04:45.175 DEBUG akka.cluster.sharding.Shard - _timer: Shard [993] shutting down
08:04:45.176 DEBUG a.c.sharding.DDataShardCoordinator - _timer: ShardRegion stopped: [Actor[akka://akka-runtime/system/sharding/_timer#1146295696]]
08:04:45.176 DEBUG a.c.sharding.DDataShardCoordinator - _timer: ShardRegion terminated (gracefully): [Actor[akka://akka-runtime/system/sharding/_timer#1146295696]] {}
08:04:45.176 DEBUG a.c.sharding.DDataShardCoordinator - _timer: The coordinator state was successfully updated with ShardRegionTerminated(Actor[akka://akka-runtime/system/sharding/_timer#1146295696])
08:04:45.180 DEBUG a.c.sharding.DDataShardCoordinator - sharded-daemon-process-eventSourcedProjection-passivation-race-entity-passivation-race-consumer-a: ShardRegion registered: [Actor[akka://akka-runtime/system/sharding/sharded-daemon-process-eventSourcedProjection-passivation-race-entity-passivation-race-consumer-a#1822080730]]
08:04:45.180 DEBUG a.c.sharding.DDataShardCoordinator - sharded-daemon-process-eventSourcedProjection-passivation-race-entity-passivation-race-consumer-b: ShardRegion registered: [Actor[akka://akka-runtime/system/sharding/sharded-daemon-process-eventSourcedProjection-passivation-race-entity-passivation-race-consumer-b#-1759161846]]
08:04:45.180 DEBUG a.c.sharding.DDataShardCoordinator - sharded-daemon-process-eventSourcedProjection-passivation-race-entity-passivation-race-consumer-b: The coordinator state was successfully updated with ShardRegionRegistered(Actor[akka://akka-runtime/system/sharding/sharded-daemon-process-eventSourcedProjection-passivation-race-entity-passivation-race-consumer-b#-1759161846])
08:04:45.180 DEBUG a.c.sharding.DDataShardCoordinator - sharded-daemon-process-eventSourcedProjection-passivation-race-entity-passivation-race-consumer-a: The coordinator state was successfully updated with ShardRegionRegistered(Actor[akka://akka-runtime/system/sharding/sharded-daemon-process-eventSourcedProjection-passivation-race-entity-passivation-race-consumer-a#1822080730])
08:04:45.180 DEBUG a.c.sharding.DDataShardCoordinator - sharded-daemon-process-eventSourcedProjection-passivation-race-entity-passivation-race-consumer-a: The coordinator state was successfully updated with ShardHomeAllocated(0,Actor[akka://akka-runtime/system/sharding/sharded-daemon-process-eventSourcedProjection-passivation-race-entity-passivation-race-consumer-a#1822080730])
08:04:45.180 DEBUG a.c.sharding.DDataShardCoordinator - sharded-daemon-process-eventSourcedProjection-passivation-race-entity-passivation-race-consumer-a: Shard [0] allocated at [Actor[akka://akka-runtime/system/sharding/sharded-daemon-process-eventSourcedProjection-passivation-race-entity-passivation-race-consumer-a#1822080730]]
08:04:45.180 DEBUG a.c.sharding.DDataShardCoordinator - sharded-daemon-process-eventSourcedProjection-passivation-race-entity-passivation-race-consumer-b: The coordinator state was successfully updated with ShardHomeAllocated(0,Actor[akka://akka-runtime/system/sharding/sharded-daemon-process-eventSourcedProjection-passivation-race-entity-passivation-race-consumer-b#-1759161846])
08:04:45.181 DEBUG a.c.sharding.DDataShardCoordinator - sharded-daemon-process-eventSourcedProjection-passivation-race-entity-passivation-race-consumer-b: Shard [0] allocated at [Actor[akka://akka-runtime/system/sharding/sharded-daemon-process-eventSourcedProjection-passivation-race-entity-passivation-race-consumer-b#-1759161846]]
08:04:45.181 DEBUG a.c.sharding.DDataShardCoordinator - sharded-daemon-process-eventSourcedProjection-passivation-race-entity-passivation-race-consumer-a: Graceful shutdown of region [Actor[akka://akka-runtime/system/sharding/sharded-daemon-process-eventSourcedProjection-passivation-race-entity-passivation-race-consumer-a#1822080730]] with [1] shards
08:04:45.181 INFO  a.c.sharding.DDataShardCoordinator - sharded-daemon-process-eventSourcedProjection-passivation-race-entity-passivation-race-consumer-a: Starting shutting down shards [0] due to region shutting down or explicit stopping of shards.
08:04:45.181 DEBUG a.c.s.ShardCoordinator$RebalanceWorker - sharded-daemon-process-eventSourcedProjection-passivation-race-entity-passivation-race-consumer-a: Shutting down shard [0] from region [Actor[akka://akka-runtime/system/sharding/sharded-daemon-process-eventSourcedProjection-passivation-race-entity-passivation-race-consumer-a#1822080730]]. Asking [1] region(s) to hand-off shard
08:04:45.181 DEBUG akka.cluster.sharding.Shard - sharded-daemon-process-eventSourcedProjection-passivation-race-entity-passivation-race-consumer-a: Shard initialized
08:04:45.181 DEBUG a.c.s.ShardCoordinator$RebalanceWorker - sharded-daemon-process-eventSourcedProjection-passivation-race-entity-passivation-race-consumer-a: BeginHandOffAck for shard [0] received from [Actor[akka://akka-runtime/system/sharding/sharded-daemon-process-eventSourcedProjection-passivation-race-entity-passivation-race-consumer-a#1822080730]].
08:04:45.181 DEBUG a.c.s.ShardCoordinator$RebalanceWorker - sharded-daemon-process-eventSourcedProjection-passivation-race-entity-passivation-race-consumer-a: All shard regions acked, handing off shard [0].
08:04:45.181 DEBUG akka.cluster.sharding.Shard - sharded-daemon-process-eventSourcedProjection-passivation-race-entity-passivation-race-consumer-a: Request to start entity [0] and ack to [Some(Actor[akka://akka-runtime/deadLetters])]
08:04:45.181 DEBUG a.c.sharding.DDataShardCoordinator - sharded-daemon-process-eventSourcedProjection-passivation-race-entity-passivation-race-consumer-b: Graceful shutdown of region [Actor[akka://akka-runtime/system/sharding/sharded-daemon-process-eventSourcedProjection-passivation-race-entity-passivation-race-consumer-b#-1759161846]] with [1] shards
08:04:45.181 INFO  a.c.sharding.DDataShardCoordinator - sharded-daemon-process-eventSourcedProjection-passivation-race-entity-passivation-race-consumer-b: Starting shutting down shards [0] due to region shutting down or explicit stopping of shards.
08:04:45.181 DEBUG a.c.s.ShardCoordinator$RebalanceWorker - sharded-daemon-process-eventSourcedProjection-passivation-race-entity-passivation-race-consumer-b: Shutting down shard [0] from region [Actor[akka://akka-runtime/system/sharding/sharded-daemon-process-eventSourcedProjection-passivation-race-entity-passivation-race-consumer-b#-1759161846]]. Asking [1] region(s) to hand-off shard
08:04:45.181 DEBUG a.c.s.ShardCoordinator$RebalanceWorker - sharded-daemon-process-eventSourcedProjection-passivation-race-entity-passivation-race-consumer-b: BeginHandOffAck for shard [0] received from [Actor[akka://akka-runtime/system/sharding/sharded-daemon-process-eventSourcedProjection-passivation-race-entity-passivation-race-consumer-b#-1759161846]].
08:04:45.181 DEBUG a.c.s.ShardCoordinator$RebalanceWorker - sharded-daemon-process-eventSourcedProjection-passivation-race-entity-passivation-race-consumer-b: All shard regions acked, handing off shard [0].
08:04:45.181 WARN  akka.cluster.sharding.ShardRegion - sharded-daemon-process-eventSourcedProjection-passivation-race-entity-passivation-race-consumer-b: Dropping [1] buffered messages to shard [0] during hand off to avoid re-ordering
08:04:45.181 DEBUG akka.cluster.sharding.Shard - sharded-daemon-process-eventSourcedProjection-passivation-race-entity-passivation-race-consumer-b: Shard initialized
08:04:45.181 DEBUG akka.cluster.sharding.Shard - sharded-daemon-process-eventSourcedProjection-passivation-race-entity-passivation-race-consumer-b: HandOff shard [0]
08:04:45.181 DEBUG akka.cluster.sharding.Shard - sharded-daemon-process-eventSourcedProjection-passivation-race-entity-passivation-race-consumer-b: Shard [0] shutting down
08:04:45.181 DEBUG a.c.sharding.DDataShardCoordinator - sharded-daemon-process-eventSourcedProjection-passivation-race-entity-passivation-race-consumer-b: Shard [0] deallocation completed successfully.
08:04:45.182 DEBUG a.c.sharding.DDataShardCoordinator - sharded-daemon-process-eventSourcedProjection-passivation-race-entity-passivation-race-consumer-b: The coordinator state was successfully updated with ShardHomeDeallocated(0)
08:04:45.182 DEBUG a.c.sharding.DDataShardCoordinator - sharded-daemon-process-eventSourcedProjection-passivation-race-entity-passivation-race-consumer-b: Shard [0] deallocated after
08:04:45.182 DEBUG a.c.sharding.DDataShardCoordinator - sharded-daemon-process-eventSourcedProjection-passivation-race-entity-passivation-race-consumer-b: ShardRegion stopped: [Actor[akka://akka-runtime/system/sharding/sharded-daemon-process-eventSourcedProjection-passivation-race-entity-passivation-race-consumer-b#-1759161846]]
08:04:45.182 DEBUG a.c.sharding.DDataShardCoordinator - sharded-daemon-process-eventSourcedProjection-passivation-race-entity-passivation-race-consumer-b: ShardRegion terminated (gracefully): [Actor[akka://akka-runtime/system/sharding/sharded-daemon-process-eventSourcedProjection-passivation-race-entity-passivation-race-consumer-b#-1759161846]] {}
08:04:45.183 DEBUG a.c.sharding.DDataShardCoordinator - sharded-daemon-process-eventSourcedProjection-passivation-race-entity-passivation-race-consumer-b: The coordinator state was successfully updated with ShardRegionTerminated(Actor[akka://akka-runtime/system/sharding/sharded-daemon-process-eventSourcedProjection-passivation-race-entity-passivation-race-consumer-b#-1759161846])
08:04:45.183 DEBUG akka.cluster.sharding.Shard - sharded-daemon-process-eventSourcedProjection-passivation-race-entity-passivation-race-consumer-a: Started entity [Actor[akka://akka-runtime/system/sharding/sharded-daemon-process-eventSourcedProjection-passivation-race-entity-passivation-race-consumer-a/0/0#-756370912]] with entity id [0] in shard [0]
08:04:45.183 DEBUG a.c.s.t.i.ShardedDaemonProcessState$ - eventSourcedProjection-passivation-race-entity-passivation-race-consumer-a: Deferred start of worker to verify its revision [0] is the latest
08:04:45.183 DEBUG akka.cluster.sharding.Shard - sharded-daemon-process-eventSourcedProjection-passivation-race-entity-passivation-race-consumer-a: HandOff shard [0]
08:04:45.183 DEBUG akka.cluster.sharding.Shard - sharded-daemon-process-eventSourcedProjection-passivation-race-entity-passivation-race-consumer-a: Starting HandOffStopper for shard [0] to terminate [1] entities.
08:04:45.184 INFO  a.c.s.t.i.ShardedDaemonProcessState$ - eventSourcedProjection-passivation-race-entity-passivation-race-consumer-a: Starting Sharded Daemon Process [0] out of a total [1] (revision [0] and no state found)
08:04:45.185 DEBUG akka.cluster.sharding.Shard - sharded-daemon-process-eventSourcedProjection-passivation-race-entity-passivation-race-consumer-a: Shard [0] shutting down
08:04:45.185 DEBUG a.c.sharding.DDataShardCoordinator - sharded-daemon-process-eventSourcedProjection-passivation-race-entity-passivation-race-consumer-a: Shard [0] deallocation completed successfully.
08:04:45.185 DEBUG a.c.sharding.DDataShardCoordinator - sharded-daemon-process-eventSourcedProjection-passivation-race-entity-passivation-race-consumer-a: The coordinator state was successfully updated with ShardHomeDeallocated(0)
08:04:45.185 DEBUG a.c.sharding.DDataShardCoordinator - sharded-daemon-process-eventSourcedProjection-passivation-race-entity-passivation-race-consumer-a: Shard [0] deallocated after
08:04:45.185 DEBUG a.c.sharding.DDataShardCoordinator - sharded-daemon-process-eventSourcedProjection-passivation-race-entity-passivation-race-consumer-a: ShardRegion terminated (gracefully): [Actor[akka://akka-runtime/system/sharding/sharded-daemon-process-eventSourcedProjection-passivation-race-entity-passivation-race-consumer-a#1822080730]] {}
08:04:45.185 DEBUG a.c.sharding.DDataShardCoordinator - sharded-daemon-process-eventSourcedProjection-passivation-race-entity-passivation-race-consumer-a: GetShardHome [0] request from [Actor[akka://local/ignore]] stashed, because waiting for initial state or update of state. It will be handled afterwards.
08:04:45.185 DEBUG a.c.sharding.DDataShardCoordinator - sharded-daemon-process-eventSourcedProjection-passivation-race-entity-passivation-race-consumer-a: The coordinator state was successfully updated with ShardRegionTerminated(Actor[akka://akka-runtime/system/sharding/sharded-daemon-process-eventSourcedProjection-passivation-race-entity-passivation-race-consumer-a#1822080730])
08:04:45.185 DEBUG a.c.sharding.DDataShardCoordinator - sharded-daemon-process-eventSourcedProjection-passivation-race-entity-passivation-race-consumer-a: ShardRegion stopped: [Actor[akka://akka-runtime/system/sharding/sharded-daemon-process-eventSourcedProjection-passivation-race-entity-passivation-race-consumer-a#1822080730]]
08:04:45.190 DEBUG a.c.sharding.DDataShardCoordinator - sharded-daemon-process-eventSourcedProjection-passivation-race-entity-passivation-race-view: ShardRegion registered: [Actor[akka://akka-runtime/system/sharding/sharded-daemon-process-eventSourcedProjection-passivation-race-entity-passivation-race-view#-1408782288]]
08:04:45.190 DEBUG a.c.sharding.DDataShardCoordinator - sharded-daemon-process-eventSourcedProjection-passivation-race-entity-passivation-race-view: The coordinator state was successfully updated with ShardRegionRegistered(Actor[akka://akka-runtime/system/sharding/sharded-daemon-process-eventSourcedProjection-passivation-race-entity-passivation-race-view#-1408782288])
08:04:45.190 DEBUG a.c.sharding.DDataShardCoordinator - sharded-daemon-process-eventSourcedProjection-passivation-race-entity-passivation-race-view: The coordinator state was successfully updated with ShardHomeAllocated(0,Actor[akka://akka-runtime/system/sharding/sharded-daemon-process-eventSourcedProjection-passivation-race-entity-passivation-race-view#-1408782288])
08:04:45.190 DEBUG a.c.sharding.DDataShardCoordinator - sharded-daemon-process-eventSourcedProjection-passivation-race-entity-passivation-race-view: Shard [0] allocated at [Actor[akka://akka-runtime/system/sharding/sharded-daemon-process-eventSourcedProjection-passivation-race-entity-passivation-race-view#-1408782288]]
08:04:45.191 DEBUG a.c.sharding.DDataShardCoordinator - sharded-daemon-process-eventSourcedProjection-passivation-race-entity-passivation-race-view: Graceful shutdown of region [Actor[akka://akka-runtime/system/sharding/sharded-daemon-process-eventSourcedProjection-passivation-race-entity-passivation-race-view#-1408782288]] with [1] shards
08:04:45.191 INFO  a.c.sharding.DDataShardCoordinator - sharded-daemon-process-eventSourcedProjection-passivation-race-entity-passivation-race-view: Starting shutting down shards [0] due to region shutting down or explicit stopping of shards.
08:04:45.191 DEBUG akka.cluster.sharding.Shard - sharded-daemon-process-eventSourcedProjection-passivation-race-entity-passivation-race-view: Shard initialized
08:04:45.191 DEBUG akka.cluster.sharding.Shard - sharded-daemon-process-eventSourcedProjection-passivation-race-entity-passivation-race-view: Request to start entity [0] and ack to [Some(Actor[akka://akka-runtime/deadLetters])]
08:04:45.191 DEBUG a.c.s.ShardCoordinator$RebalanceWorker - sharded-daemon-process-eventSourcedProjection-passivation-race-entity-passivation-race-view: Shutting down shard [0] from region [Actor[akka://akka-runtime/system/sharding/sharded-daemon-process-eventSourcedProjection-passivation-race-entity-passivation-race-view#-1408782288]]. Asking [1] region(s) to hand-off shard
08:04:45.191 DEBUG a.c.s.ShardCoordinator$RebalanceWorker - sharded-daemon-process-eventSourcedProjection-passivation-race-entity-passivation-race-view: BeginHandOffAck for shard [0] received from [Actor[akka://akka-runtime/system/sharding/sharded-daemon-process-eventSourcedProjection-passivation-race-entity-passivation-race-view#-1408782288]].
08:04:45.191 DEBUG akka.cluster.sharding.Shard - sharded-daemon-process-eventSourcedProjection-passivation-race-entity-passivation-race-view: Started entity [Actor[akka://akka-runtime/system/sharding/sharded-daemon-process-eventSourcedProjection-passivation-race-entity-passivation-race-view/0/0#588708336]] with entity id [0] in shard [0]
08:04:45.191 DEBUG a.c.s.ShardCoordinator$RebalanceWorker - sharded-daemon-process-eventSourcedProjection-passivation-race-entity-passivation-race-view: All shard regions acked, handing off shard [0].
08:04:45.191 DEBUG akka.cluster.sharding.Shard - sharded-daemon-process-eventSourcedProjection-passivation-race-entity-passivation-race-view: HandOff shard [0]
08:04:45.191 DEBUG akka.cluster.sharding.Shard - sharded-daemon-process-eventSourcedProjection-passivation-race-entity-passivation-race-view: Starting HandOffStopper for shard [0] to terminate [1] entities.
08:04:45.191 DEBUG a.c.s.t.i.ShardedDaemonProcessState$ - eventSourcedProjection-passivation-race-entity-passivation-race-view: Deferred start of worker to verify its revision [0] is the latest
08:04:45.192 INFO  a.c.s.t.i.ShardedDaemonProcessState$ - eventSourcedProjection-passivation-race-entity-passivation-race-view: Starting Sharded Daemon Process [0] out of a total [1] (revision [0] and no state found)
08:04:45.960 WARN  a.c.s.ShardRegion$HandOffStopper - sharded-daemon-process-eventSourcedProjection-passivation-race-entity-passivation-race-view: [1] of the entities in shard [0] not stopped after [750 milliseconds]. Maybe the handOffStopMessage [akka.projection.ProjectionBehavior$Stop$] is not handled? Waiting additional [250 milliseconds] before stopping the remaining entities.
08:04:46.209 WARN  a.c.s.ShardRegion$HandOffStopper - sharded-daemon-process-eventSourcedProjection-passivation-race-entity-passivation-race-view: HandOffStopMessage [akka.projection.ProjectionBehavior$Stop$] is not handled by some of the entities in shard [0] after [1 second], stopping the remaining [1] entities.
08:04:46.213 DEBUG akka.cluster.sharding.Shard - sharded-daemon-process-eventSourcedProjection-passivation-race-entity-passivation-race-view: Shard [0] shutting down
08:04:46.213 DEBUG a.c.sharding.DDataShardCoordinator - sharded-daemon-process-eventSourcedProjection-passivation-race-entity-passivation-race-view: Shard [0] deallocation completed successfully.
08:04:46.214 DEBUG a.c.sharding.DDataShardCoordinator - sharded-daemon-process-eventSourcedProjection-passivation-race-entity-passivation-race-view: The coordinator state was successfully updated with ShardHomeDeallocated(0)
08:04:46.214 DEBUG a.c.sharding.DDataShardCoordinator - sharded-daemon-process-eventSourcedProjection-passivation-race-entity-passivation-race-view: Shard [0] deallocated after
08:04:46.214 DEBUG a.c.sharding.DDataShardCoordinator - sharded-daemon-process-eventSourcedProjection-passivation-race-entity-passivation-race-view: ShardRegion terminated (gracefully): [Actor[akka://akka-runtime/system/sharding/sharded-daemon-process-eventSourcedProjection-passivation-race-entity-passivation-race-view#-1408782288]] {}
08:04:46.214 DEBUG a.c.sharding.DDataShardCoordinator - sharded-daemon-process-eventSourcedProjection-passivation-race-entity-passivation-race-view: GetShardHome [0] request from [Actor[akka://local/ignore]] stashed, because waiting for initial state or update of state. It will be handled afterwards.
08:04:46.215 DEBUG a.c.sharding.DDataShardCoordinator - sharded-daemon-process-eventSourcedProjection-passivation-race-entity-passivation-race-view: The coordinator state was successfully updated with ShardRegionTerminated(Actor[akka://akka-runtime/system/sharding/sharded-daemon-process-eventSourcedProjection-passivation-race-entity-passivation-race-view#-1408782288])
08:04:46.215 DEBUG a.c.sharding.DDataShardCoordinator - sharded-daemon-process-eventSourcedProjection-passivation-race-entity-passivation-race-view: ShardRegion stopped: [Actor[akka://akka-runtime/system/sharding/sharded-daemon-process-eventSourcedProjection-passivation-race-entity-passivation-race-view#-1408782288]]
08:04:46.216 WARN  a.s.s.RestartWithBackoffSource - Restarting stream due to failure [1]: akka.projection.r2dbc.internal.R2dbcOffsetStore$AttemptToUseStoppedOffsetStore: eventSourcedProjection-passivation-race-entity-passivation-race-view [0-1023], correlation [2e44fb8e-704f-451d-808c-5a2a2a5ada1a]: R2dbcOffsetStore was stopped
08:04:54.169 WARN  akka.cluster.sharding.ShardRegion - passivation-race-entity: Graceful shutdown of shard region timed out, region will be stopped. Remaining shards [], remaining buffered messages [1].
08:04:54.169 DEBUG a.c.sharding.DDataShardCoordinator - passivation-race-entity: ShardRegion stopped: [Actor[akka://akka-runtime/system/sharding/passivation-race-entity#2119173139]]
08:04:54.169 DEBUG akka.actor.CoordinatedShutdown - Performing phase [cluster-leave] with [1] tasks.
08:04:54.169 DEBUG a.c.sharding.DDataShardCoordinator - passivation-race-entity: ShardRegion terminated (gracefully): [Actor[akka://akka-runtime/system/sharding/passivation-race-entity#2119173139]] {}
08:04:54.169 DEBUG akka.actor.CoordinatedShutdown - Performing task [leave] in CoordinatedShutdown phase [cluster-leave]
08:04:54.170 DEBUG a.c.sharding.DDataShardCoordinator - passivation-race-entity: The coordinator state was successfully updated with ShardRegionTerminated(Actor[akka://akka-runtime/system/sharding/passivation-race-entity#2119173139])
08:04:54.175 DEBUG akka.actor.CoordinatedShutdown - Performing phase [cluster-exiting] with [28] tasks.
08:04:54.175 DEBUG akka.actor.CoordinatedShutdown - Performing task [singleton-exiting-2] in CoordinatedShutdown phase [cluster-exiting]
08:04:54.175 DEBUG akka.actor.CoordinatedShutdown - Performing task [singleton-exiting-1] in CoordinatedShutdown phase [cluster-exiting]
08:04:54.175 DEBUG akka.actor.CoordinatedShutdown - Performing task [wait-singleton-exiting] in CoordinatedShutdown phase [cluster-exiting]
08:04:54.175 DEBUG akka.actor.CoordinatedShutdown - Performing task [wait-singleton-exiting] in CoordinatedShutdown phase [cluster-exiting]
08:04:54.175 DEBUG akka.actor.CoordinatedShutdown - Performing task [wait-singleton-exiting] in CoordinatedShutdown phase [cluster-exiting]
08:04:54.175 DEBUG akka.actor.CoordinatedShutdown - Performing task [wait-singleton-exiting] in CoordinatedShutdown phase [cluster-exiting]
08:04:54.175 DEBUG akka.actor.CoordinatedShutdown - Performing task [singleton-exiting-2] in CoordinatedShutdown phase [cluster-exiting]
08:04:54.175 DEBUG akka.actor.CoordinatedShutdown - Performing task [singleton-exiting-1] in CoordinatedShutdown phase [cluster-exiting]
08:04:54.175 DEBUG akka.actor.CoordinatedShutdown - Performing task [singleton-exiting-1] in CoordinatedShutdown phase [cluster-exiting]
08:04:54.175 DEBUG akka.actor.CoordinatedShutdown - Performing task [wait-singleton-exiting] in CoordinatedShutdown phase [cluster-exiting]
08:04:54.175 DEBUG akka.actor.CoordinatedShutdown - Performing task [wait-singleton-exiting] in CoordinatedShutdown phase [cluster-exiting]
08:04:54.175 DEBUG akka.actor.CoordinatedShutdown - Performing task [singleton-exiting-2] in CoordinatedShutdown phase [cluster-exiting]
08:04:54.175 DEBUG akka.actor.CoordinatedShutdown - Performing task [singleton-exiting-1] in CoordinatedShutdown phase [cluster-exiting]
08:04:54.175 DEBUG akka.actor.CoordinatedShutdown - Performing task [singleton-exiting-1] in CoordinatedShutdown phase [cluster-exiting]
08:04:54.175 DEBUG akka.actor.CoordinatedShutdown - Performing task [singleton-exiting-2] in CoordinatedShutdown phase [cluster-exiting]
08:04:54.176 DEBUG akka.actor.CoordinatedShutdown - Performing task [singleton-exiting-1] in CoordinatedShutdown phase [cluster-exiting]
08:04:54.176 DEBUG akka.actor.CoordinatedShutdown - Performing task [singleton-exiting-1] in CoordinatedShutdown phase [cluster-exiting]
08:04:54.176 INFO  a.c.s.ClusterSingletonManager - Exited [akka://akka-runtime@127.0.0.1:62919].
08:04:54.176 DEBUG akka.actor.CoordinatedShutdown - Performing task [wait-singleton-exiting] in CoordinatedShutdown phase [cluster-exiting]
08:04:54.176 DEBUG akka.actor.CoordinatedShutdown - Performing task [wait-singleton-exiting] in CoordinatedShutdown phase [cluster-exiting]
08:04:54.176 DEBUG akka.actor.CoordinatedShutdown - Performing task [singleton-exiting-2] in CoordinatedShutdown phase [cluster-exiting]
08:04:54.176 DEBUG akka.actor.CoordinatedShutdown - Performing task [singleton-exiting-2] in CoordinatedShutdown phase [cluster-exiting]
08:04:54.176 DEBUG akka.actor.CoordinatedShutdown - Performing task [singleton-exiting-2] in CoordinatedShutdown phase [cluster-exiting]
08:04:54.176 DEBUG akka.actor.CoordinatedShutdown - Performing task [singleton-exiting-1] in CoordinatedShutdown phase [cluster-exiting]
08:04:54.176 DEBUG akka.actor.CoordinatedShutdown - Performing task [singleton-exiting-1] in CoordinatedShutdown phase [cluster-exiting]
08:04:54.176 DEBUG akka.actor.CoordinatedShutdown - Performing task [singleton-exiting-2] in CoordinatedShutdown phase [cluster-exiting]
08:04:54.176 DEBUG akka.actor.CoordinatedShutdown - Performing task [wait-singleton-exiting] in CoordinatedShutdown phase [cluster-exiting]
08:04:54.176 DEBUG akka.actor.CoordinatedShutdown - Performing task [singleton-exiting-2] in CoordinatedShutdown phase [cluster-exiting]
08:04:54.176 DEBUG akka.actor.CoordinatedShutdown - Performing task [wait-exiting] in CoordinatedShutdown phase [cluster-exiting]
08:04:54.176 INFO  a.c.s.ClusterSingletonManager - Exited [akka://akka-runtime@127.0.0.1:62919].
08:04:54.176 INFO  a.c.s.ClusterSingletonManager - Exited [akka://akka-runtime@127.0.0.1:62919].
08:04:54.176 INFO  a.c.s.ClusterSingletonManager - Exited [akka://akka-runtime@127.0.0.1:62919].
08:04:54.176 INFO  a.c.s.ClusterSingletonManager - Exited [akka://akka-runtime@127.0.0.1:62919].
08:04:54.176 INFO  a.c.s.ClusterSingletonManager - Exited [akka://akka-runtime@127.0.0.1:62919].
08:04:54.176 INFO  a.c.s.ClusterSingletonManager - Exited [akka://akka-runtime@127.0.0.1:62919].
08:04:54.176 INFO  a.c.s.ClusterSingletonManager - Oldest observed OldestChanged: [akka://akka-runtime@127.0.0.1:62919 -> None]
08:04:54.176 INFO  a.c.s.ClusterSingletonManager - Oldest observed OldestChanged: [akka://akka-runtime@127.0.0.1:62919 -> None]
08:04:54.176 INFO  a.c.s.ClusterSingletonManager - Oldest observed OldestChanged: [akka://akka-runtime@127.0.0.1:62919 -> None]
08:04:54.176 INFO  a.c.s.ClusterSingletonManager - Oldest observed OldestChanged: [akka://akka-runtime@127.0.0.1:62919 -> None]
08:04:54.176 INFO  a.c.s.ClusterSingletonManager - Oldest observed OldestChanged: [akka://akka-runtime@127.0.0.1:62919 -> None]
08:04:54.176 INFO  a.c.s.ClusterSingletonManager - Exited [akka://akka-runtime@127.0.0.1:62919].
08:04:54.176 INFO  a.c.s.ClusterSingletonManager - Oldest observed OldestChanged: [akka://akka-runtime@127.0.0.1:62919 -> None]
08:04:54.176 INFO  a.c.s.ClusterSingletonManager - Oldest observed OldestChanged: [akka://akka-runtime@127.0.0.1:62919 -> None]
08:04:54.176 INFO  a.c.s.ClusterSingletonManager - Oldest observed OldestChanged: [akka://akka-runtime@127.0.0.1:62919 -> None]
08:04:54.177 INFO  a.c.s.ClusterSingletonManager - Exited [akka://akka-runtime@127.0.0.1:62919].
08:04:54.177 INFO  a.c.s.ClusterSingletonManager - Oldest observed OldestChanged: [akka://akka-runtime@127.0.0.1:62919 -> None]
08:04:54.177 INFO  a.c.s.ClusterSingletonManager - ClusterSingletonManager state change [Oldest -> WasOldest]
08:04:54.177 INFO  a.c.s.ClusterSingletonManager - ClusterSingletonManager state change [Oldest -> WasOldest]
08:04:54.177 INFO  a.c.s.ClusterSingletonManager - ClusterSingletonManager state change [Oldest -> WasOldest]
08:04:54.177 INFO  a.c.s.ClusterSingletonManager - ClusterSingletonManager state change [Oldest -> WasOldest]
08:04:54.178 INFO  a.c.s.ClusterSingletonManager - ClusterSingletonManager state change [Oldest -> WasOldest]
08:04:54.178 INFO  a.c.s.ClusterSingletonManager - ClusterSingletonManager state change [Oldest -> WasOldest]
08:04:54.178 INFO  a.c.s.ClusterSingletonManager - ClusterSingletonManager state change [Oldest -> WasOldest]
08:04:54.179 INFO  a.c.s.ClusterSingletonManager - ClusterSingletonManager state change [Oldest -> WasOldest]
08:04:54.179 INFO  a.c.s.ClusterSingletonManager - ClusterSingletonManager state change [Oldest -> WasOldest]
08:04:54.949 DEBUG a.c.s.t.i.ShardedDaemonProcessCoordinator$ - Sending periodic keep alive for Sharded Daemon Process [eventSourcedProjection-passivation-race-entity-passivation-race-view] to [1] processes (revision [0]).
08:04:54.949 DEBUG a.c.s.t.i.ShardedDaemonProcessCoordinator$ - Sending periodic keep alive for Sharded Daemon Process [eventSourcedProjection-passivation-race-entity-passivation-race-consumer-b] to [1] processes (revision [0]).
08:04:54.949 DEBUG a.c.s.t.i.ShardedDaemonProcessCoordinator$ - Sending periodic keep alive for Sharded Daemon Process [eventSourcedProjection-passivation-race-entity-passivation-race-consumer-a] to [1] processes (revision [0]).
08:04:55.081 DEBUG a.c.singleton.ClusterSingletonProxy - Creating singleton identification timer...
08:04:55.081 DEBUG a.c.singleton.ClusterSingletonProxy - Creating singleton identification timer...
08:04:55.081 DEBUG a.c.singleton.ClusterSingletonProxy - Creating singleton identification timer...
08:04:55.081 DEBUG a.c.singleton.ClusterSingletonProxy - Creating singleton identification timer...
08:04:55.159 ERROR akka.javasdk.testkit.TestKit - TestKit runtime failed to terminate
java.lang.RuntimeException: Failed to stop [akka-runtime] within [10 seconds] 
-> / LocalActorRefProvider$$anon$2 class akka.actor.LocalActorRefProvider$Guardian status=0 2 children
   ⌊-> system LocalActorRef class akka.actor.LocalActorRefProvider$SystemGuardian status=0 42 children
   |   ⌊-> IO-DNS RepointableActorRef class akka.io.SimpleDnsManager status=0 1 children
   |   |   ⌊-> inet-address RoutedActorRef class akka.routing.RouterPoolActor status=0 4 children
   |   |       ⌊-> $a LocalActorRef class akka.io.InetAddressDnsResolver status=0 no children
   |   |       ⌊-> $b LocalActorRef class akka.io.InetAddressDnsResolver status=0 no children
   |   |       ⌊-> $c LocalActorRef class akka.io.InetAddressDnsResolver status=0 no children
   |   |       ⌊-> $d LocalActorRef class akka.io.InetAddressDnsResolver status=0 no children
   |   ⌊-> IO-TCP RepointableActorRef class akka.io.TcpManager status=0 1 children
   |   |   ⌊-> selectors RoutedActorRef class akka.routing.RouterPoolActor status=0 1 children
   |   |       ⌊-> $a LocalActorRef class akka.io.SelectionHandler status=0 2 children
   |   |           ⌊-> 0 LocalActorRef class akka.io.TcpListener status=0 no children
   |   |           ⌊-> 1 LocalActorRef class akka.io.TcpListener status=0 no children
   |   ⌊-> Materializers RepointableActorRef class akka.stream.impl.MaterializerGuardian status=0 4 children
   |   |   ⌊-> StreamSupervisor-0 LocalActorRef class akka.stream.impl.StreamSupervisor status=0 2 children
   |   |   |   ⌊-> flow-7-0-ignoreSink RepointableActorRef class akka.stream.impl.fusing.ActorGraphInterpreter status=0 no children
   |   |   |   ⌊-> flow-8-0-PoolFlow RepointableActorRef class akka.stream.impl.fusing.ActorGraphInterpreter status=0 no children
   |   |   ⌊-> StreamSupervisor-1 LocalActorRef class akka.stream.impl.StreamSupervisor status=0 6 children
   |   |   |   ⌊-> remote-0-0-ignoreSink RepointableActorRef class akka.stream.impl.fusing.ActorGraphInterpreter status=0 no children
   |   |   |   ⌊-> remote-2-0-unnamed RepointableActorRef class akka.stream.impl.fusing.ActorGraphInterpreter status=0 no children
   |   |   |   ⌊-> remote-3-0-ignoreSink RepointableActorRef class akka.stream.impl.fusing.ActorGraphInterpreter status=0 no children
   |   |   |   ⌊-> remote-4-0-ignoreSink RepointableActorRef class akka.stream.impl.fusing.ActorGraphInterpreter status=0 no children
   |   |   |   ⌊-> remote-5-0-ignoreSink RepointableActorRef class akka.stream.impl.fusing.ActorGraphInterpreter status=0 no children
   |   |   |   ⌊-> remote-6-0-ignoreSink RepointableActorRef class akka.stream.impl.fusing.ActorGraphInterpreter status=0 no children
   |   |   ⌊-> StreamSupervisor-2 LocalActorRef class akka.stream.impl.StreamSupervisor status=0 1 children
   |   |   |   ⌊-> remoteControl-1-0-ignoreSink RepointableActorRef class akka.stream.impl.fusing.ActorGraphInterpreter status=0 no children
   |   |   ⌊-> StreamSupervisor-3 LocalActorRef class akka.stream.impl.StreamSupervisor status=0 no children
   |   ⌊-> _timerShardCommandDelegator RepointableActorRef class akka.actor.typed.internal.adapter.ActorAdapter status=0 no children
   |   ⌊-> akka.persistence.r2dbc.journal RepointableActorRef class akka.persistence.r2dbc.journal.R2dbcJournal status=0 1 children
   |   |   ⌊-> $a LocalActorRef class akka.persistence.journal.AsyncWriteJournal$Resequencer status=0 no children
   |   ⌊-> akka.persistence.r2dbc.snapshot RepointableActorRef class akka.persistence.r2dbc.snapshot.R2dbcSnapshotStore status=0 no children
   |   ⌊-> cluster RepointableActorRef class akka.cluster.ClusterDaemon status=0 2 children
   |   |   ⌊-> core LocalActorRef class akka.cluster.ClusterCoreSupervisor status=0 2 children
   |   |   |   ⌊-> daemon LocalActorRef class akka.cluster.ClusterCoreDaemon status=0 3 children
   |   |   |   |   ⌊-> crossDcHeartbeatSender LocalActorRef class akka.cluster.CrossDcHeartbeatSender status=0 no children
   |   |   |   |   ⌊-> downingProvider LocalActorRef class akka.cluster.sbr.SplitBrainResolver status=0 no children
   |   |   |   |   ⌊-> heartbeatSender LocalActorRef class akka.cluster.ClusterHeartbeatSender status=0 no children
   |   |   |   ⌊-> publisher LocalActorRef class akka.cluster.ClusterDomainEventPublisher status=0 no children
   |   |   ⌊-> heartbeatReceiver LocalActorRef class akka.cluster.ClusterHeartbeatReceiver status=0 no children
   |   ⌊-> clusterCommandManager RepointableActorRef class akka.actor.typed.internal.adapter.ActorAdapter status=0 no children
   |   ⌊-> clusterEventBusListener RepointableActorRef class akka.cluster.ClusterReadView$$anon$1 status=0 no children
   |   ⌊-> clusterReceptionist RepointableActorRef class akka.actor.typed.internal.adapter.ActorAdapter status=0 1 children
   |   |   ⌊-> replicator LocalActorRef class akka.cluster.ddata.Replicator status=0 no children
   |   ⌊-> clusterStateSubscriptions RepointableActorRef class akka.actor.typed.internal.adapter.ActorAdapter status=0 no children
   |   ⌊-> ddataReplicator RepointableActorRef class akka.cluster.ddata.Replicator status=0 no children
   |   ⌊-> deadLetterListener RepointableActorRef class akka.event.DeadLetterListener status=0 no children
   |   ⌊-> discovery-manager RepointableActorRef class akka.actor.typed.internal.adapter.ActorAdapter status=0 no children
   |   ⌊-> discovery-watcher RepointableActorRef class akka.actor.typed.internal.adapter.ActorAdapter status=0 no children
   |   ⌊-> dynamicReplicationSettingsDdata RepointableActorRef class akka.actor.typed.internal.adapter.ActorAdapter status=0 no children
   |   ⌊-> eventStreamUnsubscriber-1 RepointableActorRef class akka.event.EventStreamUnsubscriber status=0 no children
   |   ⌊-> eventstream RepointableActorRef class akka.actor.typed.internal.adapter.ActorAdapter status=0 no children
   |   ⌊-> log-level-config RepointableActorRef class akka.actor.typed.internal.adapter.ActorAdapter status=0 no children
   |   ⌊-> log1-Slf4jLogger RepointableActorRef class akka.event.slf4j.Slf4jLogger status=0 no children
   |   ⌊-> passivation-race-entityShardCommandDelegator RepointableActorRef class akka.actor.typed.internal.adapter.ActorAdapter status=0 no children
   |   ⌊-> pool-master RepointableActorRef class akka.http.impl.engine.client.PoolMasterActor status=0 no children
   |   ⌊-> projection-eventSourcedProjection-passivation-race-entity-passivation-race-view RepointableActorRef class akka.actor.typed.internal.adapter.ActorAdapter status=0 no children
   |   ⌊-> r2dbc-passivation-race-entity-0-1023 RepointableActorRef class akka.actor.typed.internal.adapter.ActorAdapter status=0 no children
   |   ⌊-> recoveryPermitter RepointableActorRef class akka.persistence.RecoveryPermitter status=0 no children
   |   ⌊-> remote-deployment-watcher RepointableActorRef class akka.remote.RemoteDeploymentWatcher status=0 no children
   |   ⌊-> remote-watcher RepointableActorRef class akka.cluster.ClusterRemoteWatcher status=0 no children
   |   ⌊-> remoting-terminator RepointableActorRef class akka.remote.RemoteActorRefProvider$RemotingTerminator status=0 no children
   |   ⌊-> sharded-daemon-process-eventSourcedProjection-passivation-race-entity-passivation-race-consumer-aShardCommandDelegator RepointableActorRef class akka.actor.typed.internal.adapter.ActorAdapter status=0 no children
   |   ⌊-> sharded-daemon-process-eventSourcedProjection-passivation-race-entity-passivation-race-consumer-bShardCommandDelegator RepointableActorRef class akka.actor.typed.internal.adapter.ActorAdapter status=0 no children
   |   ⌊-> sharded-daemon-process-eventSourcedProjection-passivation-race-entity-passivation-race-viewShardCommandDelegator RepointableActorRef class akka.actor.typed.internal.adapter.ActorAdapter status=0 no children
   |   ⌊-> sharding RepointableActorRef class akka.cluster.sharding.ClusterShardingGuardian status=0 6 children
   |   |   ⌊-> _timerCoordinator LocalActorRef class akka.cluster.singleton.ClusterSingletonManager status=0 2 children
   |   |   |   ⌊-> $a LocalActorRef class akka.cluster.singleton.ClusterSingletonManager$Internal$OldestChangedBuffer status=0 no children
   |   |   |   ⌊-> singleton LocalActorRef class akka.pattern.internal.BackoffOnStopSupervisor status=0 1 children
   |   |   |       ⌊-> coordinator LocalActorRef class akka.cluster.sharding.DDataShardCoordinator status=0 1 children
   |   |   |           ⌊-> RememberEntitiesStore LocalActorRef class akka.cluster.sharding.internal.DDataRememberEntitiesCoordinatorStore status=0 no children
   |   |   ⌊-> passivation-race-entityCoordinator LocalActorRef class akka.cluster.singleton.ClusterSingletonManager status=0 2 children
   |   |   |   ⌊-> $a LocalActorRef class akka.cluster.singleton.ClusterSingletonManager$Internal$OldestChangedBuffer status=0 no children
   |   |   |   ⌊-> singleton LocalActorRef class akka.pattern.internal.BackoffOnStopSupervisor status=0 1 children
   |   |   |       ⌊-> coordinator LocalActorRef class akka.cluster.sharding.DDataShardCoordinator status=0 no children
   |   |   ⌊-> replicator LocalActorRef class akka.cluster.ddata.Replicator status=0 no children
   |   |   ⌊-> sharded-daemon-process-eventSourcedProjection-passivation-race-entity-passivation-race-consumer-aCoordinator LocalActorRef class akka.cluster.singleton.ClusterSingletonManager status=0 2 children
   |   |   |   ⌊-> $a LocalActorRef class akka.cluster.singleton.ClusterSingletonManager$Internal$OldestChangedBuffer status=0 no children
   |   |   |   ⌊-> singleton LocalActorRef class akka.pattern.internal.BackoffOnStopSupervisor status=0 1 children
   |   |   |       ⌊-> coordinator LocalActorRef class akka.cluster.sharding.DDataShardCoordinator status=0 no children
   |   |   ⌊-> sharded-daemon-process-eventSourcedProjection-passivation-race-entity-passivation-race-consumer-bCoordinator LocalActorRef class akka.cluster.singleton.ClusterSingletonManager status=0 2 children
   |   |   |   ⌊-> $a LocalActorRef class akka.cluster.singleton.ClusterSingletonManager$Internal$OldestChangedBuffer status=0 no children
   |   |   |   ⌊-> singleton LocalActorRef class akka.pattern.internal.BackoffOnStopSupervisor status=0 1 children
   |   |   |       ⌊-> coordinator LocalActorRef class akka.cluster.sharding.DDataShardCoordinator status=0 no children
   |   |   ⌊-> sharded-daemon-process-eventSourcedProjection-passivation-race-entity-passivation-race-viewCoordinator LocalActorRef class akka.cluster.singleton.ClusterSingletonManager status=0 2 children
   |   |       ⌊-> $a LocalActorRef class akka.cluster.singleton.ClusterSingletonManager$Internal$OldestChangedBuffer status=0 no children
   |   |       ⌊-> singleton LocalActorRef class akka.pattern.internal.BackoffOnStopSupervisor status=0 1 children
   |   |           ⌊-> coordinator LocalActorRef class akka.cluster.sharding.DDataShardCoordinator status=0 no children
   |   ⌊-> singletonManagerShardedDaemonProcessCoordinator-eventSourcedProjection-passivation-race-entity-passivation-race-consumer-a RepointableActorRef class akka.cluster.singleton.ClusterSingletonManager status=0 2 children
   |   |   ⌊-> $a LocalActorRef class akka.cluster.singleton.ClusterSingletonManager$Internal$OldestChangedBuffer status=0 no children
   |   |   ⌊-> ShardedDaemonProcessCoordinator-eventSourcedProjection-passivation-race-entity-passivation-race-consumer-a LocalActorRef class akka.actor.typed.internal.adapter.ActorAdapter status=0 no children
   |   ⌊-> singletonManagerShardedDaemonProcessCoordinator-eventSourcedProjection-passivation-race-entity-passivation-race-consumer-b RepointableActorRef class akka.cluster.singleton.ClusterSingletonManager status=0 2 children
   |   |   ⌊-> $a LocalActorRef class akka.cluster.singleton.ClusterSingletonManager$Internal$OldestChangedBuffer status=0 no children
   |   |   ⌊-> ShardedDaemonProcessCoordinator-eventSourcedProjection-passivation-race-entity-passivation-race-consumer-b LocalActorRef class akka.actor.typed.internal.adapter.ActorAdapter status=0 no children
   |   ⌊-> singletonManagerShardedDaemonProcessCoordinator-eventSourcedProjection-passivation-race-entity-passivation-race-view RepointableActorRef class akka.cluster.singleton.ClusterSingletonManager status=0 2 children
   |   |   ⌊-> $a LocalActorRef class akka.cluster.singleton.ClusterSingletonManager$Internal$OldestChangedBuffer status=0 no children
   |   |   ⌊-> ShardedDaemonProcessCoordinator-eventSourcedProjection-passivation-race-entity-passivation-race-view LocalActorRef class akka.actor.typed.internal.adapter.ActorAdapter status=0 no children
   |   ⌊-> singletonManagerschemaSingleton RepointableActorRef class akka.cluster.singleton.ClusterSingletonManager status=0 2 children
   |   |   ⌊-> $a LocalActorRef class akka.cluster.singleton.ClusterSingletonManager$Internal$OldestChangedBuffer status=0 no children
   |   |   ⌊-> schemaSingleton LocalActorRef class akka.actor.typed.internal.adapter.ActorAdapter status=0 no children
   |   ⌊-> singletonProxyShardedDaemonProcessCoordinator-eventSourcedProjection-passivation-race-entity-passivation-race-consumer-a-no-dc RepointableActorRef class akka.cluster.singleton.ClusterSingletonProxy status=0 no children
   |   ⌊-> singletonProxyShardedDaemonProcessCoordinator-eventSourcedProjection-passivation-race-entity-passivation-race-consumer-b-no-dc RepointableActorRef class akka.cluster.singleton.ClusterSingletonProxy status=0 no children
   |   ⌊-> singletonProxyShardedDaemonProcessCoordinator-eventSourcedProjection-passivation-race-entity-passivation-race-view-no-dc RepointableActorRef class akka.cluster.singleton.ClusterSingletonProxy status=0 no children
   |   ⌊-> singletonProxyschemaSingleton-no-dc RepointableActorRef class akka.cluster.singleton.ClusterSingletonProxy status=0 no children
   |   ⌊-> timers-aggregator RepointableActorRef class akka.actor.typed.internal.adapter.ActorAdapter status=0 no children
   |   ⌊-> typedDdataReplicator RepointableActorRef class akka.actor.typed.internal.adapter.ActorAdapter status=0 no children
   ⌊-> user LocalActorRef class akka.actor.LocalActorRefProvider$Guardian status=0 no children
	at akka.testkit.TestKit$.shutdownActorSystem(TestKit.scala:1018)
	at akka.testkit.javadsl.TestKit$.shutdownActorSystem(TestKit.scala:596)
	at akka.testkit.javadsl.TestKit.shutdownActorSystem(TestKit.scala)
	at akka.javasdk.testkit.TestKit.stop(TestKit.java:1468)
	at repro.BootstrapWorkTimingTest.cycle(BootstrapWorkTimingTest.java:66)
	at repro.BootstrapWorkTimingTest.withBurstFromOnStartup(BootstrapWorkTimingTest.java:28)
	at java.base/jdk.internal.reflect.DirectMethodHandleAccessor.invoke(DirectMethodHandleAccessor.java:104)
	at java.base/java.lang.reflect.Method.invoke(Method.java:583)
	at org.junit.platform.commons.util.ReflectionUtils.invokeMethod(ReflectionUtils.java:767)
	at org.junit.jupiter.engine.execution.MethodInvocation.proceed(MethodInvocation.java:60)
	at org.junit.jupiter.engine.execution.InvocationInterceptorChain$ValidatingInvocation.proceed(InvocationInterceptorChain.java:131)
	at org.junit.jupiter.engine.extension.SameThreadTimeoutInvocation.proceed(SameThreadTimeoutInvocation.java:45)
	at org.junit.jupiter.engine.extension.TimeoutExtension.intercept(TimeoutExtension.java:156)
	at org.junit.jupiter.engine.extension.TimeoutExtension.interceptTestableMethod(TimeoutExtension.java:147)
	at org.junit.jupiter.engine.extension.TimeoutExtension.interceptTestMethod(TimeoutExtension.java:86)
	at org.junit.jupiter.engine.execution.InterceptingExecutableInvoker$ReflectiveInterceptorCall.lambda$ofVoidMethod$0(InterceptingExecutableInvoker.java:103)
	at org.junit.jupiter.engine.execution.InterceptingExecutableInvoker.lambda$invoke$0(InterceptingExecutableInvoker.java:93)
	at org.junit.jupiter.engine.execution.InvocationInterceptorChain$InterceptedInvocation.proceed(InvocationInterceptorChain.java:106)
	at org.junit.jupiter.engine.execution.InvocationInterceptorChain.proceed(InvocationInterceptorChain.java:64)
	at org.junit.jupiter.engine.execution.InvocationInterceptorChain.chainAndInvoke(InvocationInterceptorChain.java:45)
	at org.junit.jupiter.engine.execution.InvocationInterceptorChain.invoke(InvocationInterceptorChain.java:37)
	at org.junit.jupiter.engine.execution.InterceptingExecutableInvoker.invoke(InterceptingExecutableInvoker.java:92)
	at org.junit.jupiter.engine.execution.InterceptingExecutableInvoker.invoke(InterceptingExecutableInvoker.java:86)
	at org.junit.jupiter.engine.descriptor.TestMethodTestDescriptor.lambda$invokeTestMethod$8(TestMethodTestDescriptor.java:217)
	at org.junit.platform.engine.support.hierarchical.ThrowableCollector.execute(ThrowableCollector.java:73)
	at org.junit.jupiter.engine.descriptor.TestMethodTestDescriptor.invokeTestMethod(TestMethodTestDescriptor.java:213)
	at org.junit.jupiter.engine.descriptor.TestMethodTestDescriptor.execute(TestMethodTestDescriptor.java:138)
	at org.junit.jupiter.engine.descriptor.TestMethodTestDescriptor.execute(TestMethodTestDescriptor.java:68)
	at org.junit.platform.engine.support.hierarchical.NodeTestTask.lambda$executeRecursively$6(NodeTestTask.java:156)
	at org.junit.platform.engine.support.hierarchical.ThrowableCollector.execute(ThrowableCollector.java:73)
	at org.junit.platform.engine.support.hierarchical.NodeTestTask.lambda$executeRecursively$8(NodeTestTask.java:146)
	at org.junit.platform.engine.support.hierarchical.Node.around(Node.java:137)
	at org.junit.platform.engine.support.hierarchical.NodeTestTask.lambda$executeRecursively$9(NodeTestTask.java:144)
	at org.junit.platform.engine.support.hierarchical.ThrowableCollector.execute(ThrowableCollector.java:73)
	at org.junit.platform.engine.support.hierarchical.NodeTestTask.executeRecursively(NodeTestTask.java:143)
	at org.junit.platform.engine.support.hierarchical.NodeTestTask.execute(NodeTestTask.java:100)
	at java.base/java.util.ArrayList.forEach(ArrayList.java:1612)
	at org.junit.platform.engine.support.hierarchical.SameThreadHierarchicalTestExecutorService.invokeAll(SameThreadHierarchicalTestExecutorService.java:41)
	at org.junit.platform.engine.support.hierarchical.NodeTestTask.lambda$executeRecursively$6(NodeTestTask.java:160)
	at org.junit.platform.engine.support.hierarchical.ThrowableCollector.execute(ThrowableCollector.java:73)
	at org.junit.platform.engine.support.hierarchical.NodeTestTask.lambda$executeRecursively$8(NodeTestTask.java:146)
	at org.junit.platform.engine.support.hierarchical.Node.around(Node.java:137)
	at org.junit.platform.engine.support.hierarchical.NodeTestTask.lambda$executeRecursively$9(NodeTestTask.java:144)
	at org.junit.platform.engine.support.hierarchical.ThrowableCollector.execute(ThrowableCollector.java:73)
	at org.junit.platform.engine.support.hierarchical.NodeTestTask.executeRecursively(NodeTestTask.java:143)
	at org.junit.platform.engine.support.hierarchical.NodeTestTask.execute(NodeTestTask.java:100)
	at java.base/java.util.ArrayList.forEach(ArrayList.java:1612)
	at org.junit.platform.engine.support.hierarchical.SameThreadHierarchicalTestExecutorService.invokeAll(SameThreadHierarchicalTestExecutorService.java:41)
	at org.junit.platform.engine.support.hierarchical.NodeTestTask.lambda$executeRecursively$6(NodeTestTask.java:160)
	at org.junit.platform.engine.support.hierarchical.ThrowableCollector.execute(ThrowableCollector.java:73)
	at org.junit.platform.engine.support.hierarchical.NodeTestTask.lambda$executeRecursively$8(NodeTestTask.java:146)
	at org.junit.platform.engine.support.hierarchical.Node.around(Node.java:137)
	at org.junit.platform.engine.support.hierarchical.NodeTestTask.lambda$executeRecursively$9(NodeTestTask.java:144)
	at org.junit.platform.engine.support.hierarchical.ThrowableCollector.execute(ThrowableCollector.java:73)
	at org.junit.platform.engine.support.hierarchical.NodeTestTask.executeRecursively(NodeTestTask.java:143)
	at org.junit.platform.engine.support.hierarchical.NodeTestTask.execute(NodeTestTask.java:100)
	at org.junit.platform.engine.support.hierarchical.SameThreadHierarchicalTestExecutorService.submit(SameThreadHierarchicalTestExecutorService.java:35)
	at org.junit.platform.engine.support.hierarchical.HierarchicalTestExecutor.execute(HierarchicalTestExecutor.java:57)
	at org.junit.platform.engine.support.hierarchical.HierarchicalTestEngine.execute(HierarchicalTestEngine.java:54)
	at org.junit.platform.launcher.core.DefaultLauncher.execute(DefaultLauncher.java:220)
	at org.junit.platform.launcher.core.DefaultLauncher.lambda$execute$6(DefaultLauncher.java:188)
	at org.junit.platform.launcher.core.DefaultLauncher.withInterceptedStreams(DefaultLauncher.java:202)
	at org.junit.platform.launcher.core.DefaultLauncher.execute(DefaultLauncher.java:181)
	at org.junit.platform.launcher.core.DefaultLauncher.execute(DefaultLauncher.java:128)
	at org.apache.maven.surefire.junitplatform.JUnitPlatformProvider.invokeAllTests(JUnitPlatformProvider.java:150)
	at org.apache.maven.surefire.junitplatform.JUnitPlatformProvider.invoke(JUnitPlatformProvider.java:124)
	at org.apache.maven.surefire.booter.ForkedBooter.invokeProviderInSameClassLoader(ForkedBooter.java:384)
	at org.apache.maven.surefire.booter.ForkedBooter.runSuitesInProcess(ForkedBooter.java:345)
	at org.apache.maven.surefire.booter.ForkedBooter.execute(ForkedBooter.java:126)
	at org.apache.maven.surefire.booter.ForkedBooter.main(ForkedBooter.java:418)
08:04:55.177 ERROR repro.Bootstrap - onStartup() threw an exception
java.util.concurrent.TimeoutException: Command to entity [passivation-race-entity] id [7f4668f7-2747-4249-8128-2ed68a39fa8c] timed out.
	at kalix.runtime.eventsourcedentity.EventSourcedSupport$$anonfun$$nestedInanonfun$handleCommand$1$1.applyOrElse(EventSourcedEntitySupportFactory.scala:191)
	at kalix.runtime.eventsourcedentity.EventSourcedSupport$$anonfun$$nestedInanonfun$handleCommand$1$1.applyOrElse(EventSourcedEntitySupportFactory.scala:189)
	at scala.concurrent.impl.Promise$Transformation.run(Promise.scala:523)
	at akka.dispatch.BatchingExecutor$AbstractBatch.processBatch(BatchingExecutor.scala:64)
	at akka.dispatch.BatchingExecutor$BlockableBatch.$anonfun$run$1(BatchingExecutor.scala:101)
	at scala.runtime.java8.JFunction0$mcV$sp.apply(JFunction0$mcV$sp.scala:18)
	at scala.concurrent.BlockContext$.withBlockContext(BlockContext.scala:94)
	at akka.dispatch.BatchingExecutor$BlockableBatch.run(BatchingExecutor.scala:101)
	at akka.dispatch.TaskInvocation.run(AbstractDispatcher.scala:48)
	at akka.dispatch.ForkJoinExecutorConfigurator$AkkaForkJoinTask.exec(ForkJoinExecutorConfigurator.scala:60)
	at java.base/java.util.concurrent.ForkJoinTask.doExec(ForkJoinTask.java:507)
	at java.base/java.util.concurrent.ForkJoinPool$WorkQueue.topLevelExec(ForkJoinPool.java:1450)
	at java.base/java.util.concurrent.ForkJoinPool.runWorker(ForkJoinPool.java:2019)
	at java.base/java.util.concurrent.ForkJoinWorkerThread.run(ForkJoinWorkerThread.java:187)
08:04:55.190 INFO  a.c.s.ClusterSingletonManager - Singleton manager stopping singleton actor [akka://akka-runtime/system/singletonManagerschemaSingleton/schemaSingleton]
08:04:55.191 INFO  a.c.s.ClusterSingletonManager - Singleton manager stopping singleton actor [akka://akka-runtime/system/sharding/_timerCoordinator/singleton]
08:04:55.191 INFO  a.c.s.ClusterSingletonManager - Singleton manager stopping singleton actor [akka://akka-runtime/system/singletonManagerShardedDaemonProcessCoordinator-eventSourcedProjection-passivation-race-entity-passivation-race-consumer-b/ShardedDaemonProcessCoordinator-eventSourcedProjection-passivation-race-entity-passivation-race-consumer-b]
08:04:55.191 INFO  a.c.s.ClusterSingletonManager - Singleton manager stopping singleton actor [akka://akka-runtime/system/sharding/sharded-daemon-process-eventSourcedProjection-passivation-race-entity-passivation-race-consumer-aCoordinator/singleton]
08:04:55.191 INFO  a.c.s.ClusterSingletonManager - Singleton manager stopping singleton actor [akka://akka-runtime/system/sharding/sharded-daemon-process-eventSourcedProjection-passivation-race-entity-passivation-race-viewCoordinator/singleton]
08:04:55.191 INFO  a.c.s.ClusterSingletonManager - Singleton manager stopping singleton actor [akka://akka-runtime/system/sharding/sharded-daemon-process-eventSourcedProjection-passivation-race-entity-passivation-race-consumer-bCoordinator/singleton]
08:04:55.191 INFO  a.c.s.ClusterSingletonManager - Singleton manager stopping singleton actor [akka://akka-runtime/system/singletonManagerShardedDaemonProcessCoordinator-eventSourcedProjection-passivation-race-entity-passivation-race-view/ShardedDaemonProcessCoordinator-eventSourcedProjection-passivation-race-entity-passivation-race-view]
08:04:55.191 INFO  a.c.s.ClusterSingletonManager - Singleton manager stopping singleton actor [akka://akka-runtime/system/sharding/passivation-race-entityCoordinator/singleton]
08:04:55.191 INFO  a.c.s.ClusterSingletonManager - Singleton manager stopping singleton actor [akka://akka-runtime/system/singletonManagerShardedDaemonProcessCoordinator-eventSourcedProjection-passivation-race-entity-passivation-race-consumer-a/ShardedDaemonProcessCoordinator-eventSourcedProjection-passivation-race-entity-passivation-race-consumer-a]
08:04:55.191 INFO  a.c.s.ClusterSingletonManager - ClusterSingletonManager state change [WasOldest -> Stopping]
08:04:55.191 INFO  a.c.s.ClusterSingletonManager - ClusterSingletonManager state change [WasOldest -> Stopping]
08:04:55.191 INFO  a.c.s.ClusterSingletonManager - ClusterSingletonManager state change [WasOldest -> Stopping]
08:04:55.191 INFO  a.c.s.ClusterSingletonManager - ClusterSingletonManager state change [WasOldest -> Stopping]
08:04:55.191 INFO  a.c.s.ClusterSingletonManager - ClusterSingletonManager state change [WasOldest -> Stopping]
08:04:55.191 INFO  a.c.s.ClusterSingletonManager - ClusterSingletonManager state change [WasOldest -> Stopping]
08:04:55.191 INFO  a.c.s.ClusterSingletonManager - ClusterSingletonManager state change [WasOldest -> Stopping]
08:04:55.191 INFO  a.c.s.ClusterSingletonManager - ClusterSingletonManager state change [WasOldest -> Stopping]
08:04:55.191 INFO  a.c.s.ClusterSingletonManager - Singleton actor [akka://akka-runtime/system/singletonManagerShardedDaemonProcessCoordinator-eventSourcedProjection-passivation-race-entity-passivation-race-consumer-b/ShardedDaemonProcessCoordinator-eventSourcedProjection-passivation-race-entity-passivation-race-consumer-b] was terminated
08:04:55.191 INFO  a.c.s.ClusterSingletonManager - Singleton actor [akka://akka-runtime/system/singletonManagerschemaSingleton/schemaSingleton] was terminated
08:04:55.191 INFO  a.c.s.ClusterSingletonManager - ClusterSingletonManager state change [WasOldest -> Stopping]
08:04:55.191 INFO  a.c.s.ClusterSingletonManager - Singleton actor [akka://akka-runtime/system/singletonManagerShardedDaemonProcessCoordinator-eventSourcedProjection-passivation-race-entity-passivation-race-view/ShardedDaemonProcessCoordinator-eventSourcedProjection-passivation-race-entity-passivation-race-view] was terminated
08:04:55.191 INFO  a.c.s.ClusterSingletonManager - Singleton actor [akka://akka-runtime/system/singletonManagerShardedDaemonProcessCoordinator-eventSourcedProjection-passivation-race-entity-passivation-race-consumer-a/ShardedDaemonProcessCoordinator-eventSourcedProjection-passivation-race-entity-passivation-race-consumer-a] was terminated
08:04:55.192 DEBUG a.c.sharding.DDataShardCoordinator - sharded-daemon-process-eventSourcedProjection-passivation-race-entity-passivation-race-consumer-b: Received termination message.
08:04:55.192 DEBUG a.c.sharding.DDataShardCoordinator - passivation-race-entity: Received termination message.
08:04:55.192 DEBUG a.c.sharding.DDataShardCoordinator - _timer: Received termination message.
08:04:55.192 DEBUG a.c.sharding.DDataShardCoordinator - sharded-daemon-process-eventSourcedProjection-passivation-race-entity-passivation-race-view: Received termination message.
08:04:55.192 DEBUG a.c.sharding.DDataShardCoordinator - sharded-daemon-process-eventSourcedProjection-passivation-race-entity-passivation-race-consumer-a: Received termination message.
08:04:55.192 INFO  a.c.s.ClusterSingletonManager - Singleton actor [akka://akka-runtime/system/sharding/sharded-daemon-process-eventSourcedProjection-passivation-race-entity-passivation-race-viewCoordinator/singleton] was terminated
08:04:55.193 INFO  a.c.s.ClusterSingletonManager - Singleton actor [akka://akka-runtime/system/sharding/sharded-daemon-process-eventSourcedProjection-passivation-race-entity-passivation-race-consumer-aCoordinator/singleton] was terminated
08:04:55.193 INFO  a.c.s.ClusterSingletonManager - Singleton actor [akka://akka-runtime/system/sharding/_timerCoordinator/singleton] was terminated
08:04:55.193 INFO  a.c.s.ClusterSingletonManager - Singleton actor [akka://akka-runtime/system/sharding/passivation-race-entityCoordinator/singleton] was terminated
08:04:55.193 INFO  a.c.s.ClusterSingletonManager - Singleton actor [akka://akka-runtime/system/sharding/sharded-daemon-process-eventSourcedProjection-passivation-race-entity-passivation-race-consumer-bCoordinator/singleton] was terminated
08:04:55.194 DEBUG akka.actor.CoordinatedShutdown - Performing phase [cluster-exiting-done] with [1] tasks.
08:04:55.194 DEBUG akka.actor.CoordinatedShutdown - Performing task [exiting-completed] in CoordinatedShutdown phase [cluster-exiting-done]
08:04:55.196 DEBUG akka.actor.CoordinatedShutdown - Performing phase [cluster-shutdown] with [1] tasks.
08:04:55.196 DEBUG akka.actor.CoordinatedShutdown - Performing task [wait-shutdown] in CoordinatedShutdown phase [cluster-shutdown]
08:04:55.197 DEBUG akka.actor.CoordinatedShutdown - Performing phase [before-actor-system-terminate] with [2] tasks.
08:04:55.197 DEBUG akka.actor.CoordinatedShutdown - Performing task [close connection pools] in CoordinatedShutdown phase [before-actor-system-terminate]
08:04:55.201 DEBUG akka.actor.CoordinatedShutdown - Performing task [close-grpc-channels] in CoordinatedShutdown phase [before-actor-system-terminate]
08:04:55.203 DEBUG akka.actor.CoordinatedShutdown - Performing phase [actor-system-terminate] with [1] tasks.
08:04:55.204 DEBUG akka.actor.CoordinatedShutdown - Performing task [terminate-system] in CoordinatedShutdown phase [actor-system-terminate]
08:04:55.262 INFO  akka.runtime.AkkaRuntimeMain - Starting Akka Runtime version [1.6.15]
08:04:55.279 INFO  akka.javasdk.impl.ComponentLocator$ - Looking for component descriptors matching pattern [META-INF/akka-javasdk-components_*.conf]
08:04:55.291 INFO  akka.javasdk.testkit.TestKit - Eventing TestKit booting up on port: 62924
08:04:55.294 DEBUG a.c.singleton.ClusterSingletonProxy - Singleton not available, buffering message type [kalix.runtime.SchemaSingleton$ExecDdl]
08:04:55.294 DEBUG a.c.singleton.ClusterSingletonProxy - Creating singleton identification timer...
08:04:55.295 DEBUG a.c.singleton.ClusterSingletonProxy - Trying to identify singleton at [akka://akka-runtime@127.0.0.1:62925/system/singletonManagerschemaSingleton/schemaSingleton]
08:04:55.295 INFO  akka.javasdk.testkit.TestKit - Checking runtime status
08:04:55.295 INFO  a.c.s.ClusterSingletonManager - Singleton manager starting singleton actor [akka://akka-runtime/system/singletonManagerschemaSingleton/schemaSingleton]
08:04:55.295 INFO  a.c.s.ClusterSingletonManager - ClusterSingletonManager state change [Start -> Oldest]
08:04:55.354 DEBUG a.c.singleton.ClusterSingletonProxy - Trying to identify singleton at [akka://akka-runtime@127.0.0.1:62925/system/singletonManagerschemaSingleton/schemaSingleton]
08:04:55.354 INFO  a.c.singleton.ClusterSingletonProxy - Singleton identified at [akka://akka-runtime/system/singletonManagerschemaSingleton/schemaSingleton]
08:04:55.354 DEBUG a.c.singleton.ClusterSingletonProxy - Sending buffered messages to current singleton instance
08:04:55.357 INFO  a.c.s.typed.scaladsl.ClusterSharding - Starting Shard Region [passivation-race-entity]...
08:04:55.358 INFO  akka.cluster.sharding.ShardRegion - passivation-race-entity: Automatic entity passivation: composite strategy with limit of [10000] active entities, admission window (least recently used entities) with proportions [initial = 0.01, min = 0.01, max = 1.0] adapting with hill-climbing optimizer [adjust multiplier = 10.0, initial step = 0.0625, restart threshold = 0.05, step decay = 0.98], admit using frequency sketch [width multiplier = 4, reset multiplier = 10.0, depth = 4, counter bits = 4], main (least recently used entities (segmented with [2] levels with proportions of [0.20, 0.80]))
08:04:55.359 INFO  a.c.s.ClusterSingletonManager - Singleton manager starting singleton actor [akka://akka-runtime/system/sharding/passivation-race-entityCoordinator/singleton]
08:04:55.359 INFO  a.c.s.ClusterSingletonManager - ClusterSingletonManager state change [Start -> Oldest]
08:04:55.359 DEBUG a.c.sharding.DDataShardCoordinator - passivation-race-entity: Initial coordinator is empty.
08:04:55.359 INFO  a.c.sharding.DDataShardCoordinator - passivation-race-entity: ShardCoordinator was moved to the active state with [0] shards
08:04:55.361 DEBUG a.c.singleton.ClusterSingletonProxy - Forwarding message of type [SchemaSingleton$ExecDdl] to current singleton instance at [akka://akka-runtime/system/singletonManagerschemaSingleton/schemaSingleton]
08:04:55.363 INFO  akka.runtime.DiscoveryManager - Service components: EventSourcedEntity: [1], Consumer: [2], View: [1]
08:04:55.364 INFO  a.c.s.typed.scaladsl.ClusterSharding - Starting Shard Region [_timer]...
08:04:55.366 INFO  a.c.s.typed.scaladsl.ClusterSharding - Starting Shard Region [sharded-daemon-process-eventSourcedProjection-passivation-race-entity-passivation-race-consumer-a]...
08:04:55.366 INFO  akka.cluster.sharding.ShardRegion - sharded-daemon-process-eventSourcedProjection-passivation-race-entity-passivation-race-consumer-a: Automatic entity passivation: disabled
08:04:55.366 INFO  a.c.s.ClusterSingletonManager - Singleton manager starting singleton actor [akka://akka-runtime/system/sharding/_timerCoordinator/singleton]
08:04:55.366 INFO  a.c.s.ClusterSingletonManager - ClusterSingletonManager state change [Start -> Oldest]
08:04:55.368 DEBUG a.c.sharding.DDataShardCoordinator - _timer: Starting remember entities store from provider akka.cluster.sharding.internal.DDataRememberEntitiesProvider@39dd0c81
08:04:55.368 INFO  a.c.s.ClusterSingletonManager - Singleton manager starting singleton actor [akka://akka-runtime/system/sharding/sharded-daemon-process-eventSourcedProjection-passivation-race-entity-passivation-race-consumer-aCoordinator/singleton]
08:04:55.368 INFO  a.c.s.ClusterSingletonManager - ClusterSingletonManager state change [Start -> Oldest]
08:04:55.368 DEBUG a.c.sharding.DDataShardCoordinator - _timer: Initial coordinator is empty.
08:04:55.368 INFO  a.c.sharding.DDataShardCoordinator - _timer: ShardCoordinator was moved to the active state with [0] shards
08:04:55.368 DEBUG a.c.sharding.DDataShardCoordinator - _timer: Received [0] remembered shard ids (after state initialized)
08:04:55.368 DEBUG a.c.sharding.DDataShardCoordinator - sharded-daemon-process-eventSourcedProjection-passivation-race-entity-passivation-race-consumer-a: Initial coordinator is empty.
08:04:55.368 INFO  a.c.sharding.DDataShardCoordinator - sharded-daemon-process-eventSourcedProjection-passivation-race-entity-passivation-race-consumer-a: ShardCoordinator was moved to the active state with [0] shards
08:04:55.370 INFO  a.c.s.typed.scaladsl.ClusterSharding - Starting Shard Region [sharded-daemon-process-eventSourcedProjection-passivation-race-entity-passivation-race-consumer-b]...
08:04:55.370 DEBUG a.c.singleton.ClusterSingletonProxy - Creating singleton identification timer...
08:04:55.371 DEBUG a.c.singleton.ClusterSingletonProxy - Trying to identify singleton at [akka://akka-runtime@127.0.0.1:62925/system/singletonManagerShardedDaemonProcessCoordinator-eventSourcedProjection-passivation-race-entity-passivation-race-consumer-a/ShardedDaemonProcessCoordinator-eventSourcedProjection-passivation-race-entity-passivation-race-consumer-a]
08:04:55.371 INFO  akka.cluster.sharding.ShardRegion - sharded-daemon-process-eventSourcedProjection-passivation-race-entity-passivation-race-consumer-b: Automatic entity passivation: disabled
08:04:55.372 INFO  a.c.s.ClusterSingletonManager - Singleton manager starting singleton actor [akka://akka-runtime/system/singletonManagerShardedDaemonProcessCoordinator-eventSourcedProjection-passivation-race-entity-passivation-race-consumer-a/ShardedDaemonProcessCoordinator-eventSourcedProjection-passivation-race-entity-passivation-race-consumer-a]
08:04:55.372 INFO  a.c.s.typed.scaladsl.ClusterSharding - Starting Shard Region [sharded-daemon-process-eventSourcedProjection-passivation-race-entity-passivation-race-view]...
08:04:55.372 INFO  a.c.s.ClusterSingletonManager - ClusterSingletonManager state change [Start -> Oldest]
08:04:55.372 INFO  a.c.s.ClusterSingletonManager - Singleton manager starting singleton actor [akka://akka-runtime/system/sharding/sharded-daemon-process-eventSourcedProjection-passivation-race-entity-passivation-race-consumer-bCoordinator/singleton]
08:04:55.372 INFO  a.c.s.ClusterSingletonManager - ClusterSingletonManager state change [Start -> Oldest]
08:04:55.372 DEBUG a.c.singleton.ClusterSingletonProxy - Creating singleton identification timer...
08:04:55.372 DEBUG a.c.singleton.ClusterSingletonProxy - Trying to identify singleton at [akka://akka-runtime@127.0.0.1:62925/system/singletonManagerShardedDaemonProcessCoordinator-eventSourcedProjection-passivation-race-entity-passivation-race-consumer-b/ShardedDaemonProcessCoordinator-eventSourcedProjection-passivation-race-entity-passivation-race-consumer-b]
08:04:55.372 DEBUG a.c.s.t.i.ShardedDaemonProcessCoordinator$ - ShardedDaemonProcessCoordinator for [eventSourcedProjection-passivation-race-entity-passivation-race-consumer-a] starting
08:04:55.372 INFO  akka.cluster.sharding.ShardRegion - sharded-daemon-process-eventSourcedProjection-passivation-race-entity-passivation-race-view: Automatic entity passivation: disabled
08:04:55.372 DEBUG a.c.sharding.DDataShardCoordinator - sharded-daemon-process-eventSourcedProjection-passivation-race-entity-passivation-race-consumer-b: Initial coordinator is empty.
08:04:55.372 INFO  a.c.sharding.DDataShardCoordinator - sharded-daemon-process-eventSourcedProjection-passivation-race-entity-passivation-race-consumer-b: ShardCoordinator was moved to the active state with [0] shards
08:04:55.372 DEBUG a.c.s.t.i.ShardedDaemonProcessCoordinator$ - eventSourcedProjection-passivation-race-entity-passivation-race-consumer-a: No previous state stored for Sharded Daemon Process
08:04:55.372 DEBUG a.c.s.t.i.ShardedDaemonProcessCoordinator$ - Sending periodic keep alive for Sharded Daemon Process [eventSourcedProjection-passivation-race-entity-passivation-race-consumer-a] to [1] processes (revision [0]).
08:04:55.373 INFO  a.c.s.ClusterSingletonManager - Singleton manager starting singleton actor [akka://akka-runtime/system/sharding/sharded-daemon-process-eventSourcedProjection-passivation-race-entity-passivation-race-viewCoordinator/singleton]
08:04:55.373 DEBUG a.c.s.t.i.ShardedDaemonProcessCoordinator$ - ShardedDaemonProcessCoordinator for [eventSourcedProjection-passivation-race-entity-passivation-race-consumer-b] starting
08:04:55.373 DEBUG a.c.s.t.i.ShardedDaemonProcessCoordinator$ - eventSourcedProjection-passivation-race-entity-passivation-race-consumer-b: No previous state stored for Sharded Daemon Process
08:04:55.373 INFO  a.c.s.ClusterSingletonManager - ClusterSingletonManager state change [Start -> Oldest]
08:04:55.373 INFO  a.c.s.ClusterSingletonManager - Singleton manager starting singleton actor [akka://akka-runtime/system/singletonManagerShardedDaemonProcessCoordinator-eventSourcedProjection-passivation-race-entity-passivation-race-consumer-b/ShardedDaemonProcessCoordinator-eventSourcedProjection-passivation-race-entity-passivation-race-consumer-b]
08:04:55.373 INFO  a.c.s.ClusterSingletonManager - ClusterSingletonManager state change [Start -> Oldest]
08:04:55.373 DEBUG a.c.sharding.DDataShardCoordinator - sharded-daemon-process-eventSourcedProjection-passivation-race-entity-passivation-race-view: Initial coordinator is empty.
08:04:55.373 INFO  a.c.sharding.DDataShardCoordinator - sharded-daemon-process-eventSourcedProjection-passivation-race-entity-passivation-race-view: ShardCoordinator was moved to the active state with [0] shards
08:04:55.373 DEBUG a.c.s.t.i.ShardedDaemonProcessCoordinator$ - Sending periodic keep alive for Sharded Daemon Process [eventSourcedProjection-passivation-race-entity-passivation-race-consumer-b] to [1] processes (revision [0]).
08:04:55.374 INFO  akka.runtime.DiscoveryManager - Akka Runtime started at 127.0.0.1:62923
08:04:55.374 DEBUG a.c.singleton.ClusterSingletonProxy - Creating singleton identification timer...
08:04:55.374 INFO  repro.Bootstrap - onStartup burst of 8 starting
08:04:55.374 DEBUG a.c.singleton.ClusterSingletonProxy - Trying to identify singleton at [akka://akka-runtime@127.0.0.1:62925/system/singletonManagerShardedDaemonProcessCoordinator-eventSourcedProjection-passivation-race-entity-passivation-race-view/ShardedDaemonProcessCoordinator-eventSourcedProjection-passivation-race-entity-passivation-race-view]
08:04:55.375 INFO  a.c.s.ClusterSingletonManager - Singleton manager starting singleton actor [akka://akka-runtime/system/singletonManagerShardedDaemonProcessCoordinator-eventSourcedProjection-passivation-race-entity-passivation-race-view/ShardedDaemonProcessCoordinator-eventSourcedProjection-passivation-race-entity-passivation-race-view]
08:04:55.375 INFO  a.c.s.ClusterSingletonManager - ClusterSingletonManager state change [Start -> Oldest]
08:04:55.375 DEBUG a.c.s.t.i.ShardedDaemonProcessCoordinator$ - ShardedDaemonProcessCoordinator for [eventSourcedProjection-passivation-race-entity-passivation-race-view] starting
08:04:55.375 DEBUG a.c.s.t.i.ShardedDaemonProcessCoordinator$ - eventSourcedProjection-passivation-race-entity-passivation-race-view: No previous state stored for Sharded Daemon Process
08:04:55.375 DEBUG a.c.s.t.i.ShardedDaemonProcessCoordinator$ - Sending periodic keep alive for Sharded Daemon Process [eventSourcedProjection-passivation-race-entity-passivation-race-view] to [1] processes (revision [0]).
08:04:55.417 INFO  akka.javasdk.testkit.TestKit - Runtime started
08:04:55.418 INFO  akka.actor.CoordinatedShutdown - Running CoordinatedShutdown with reason [ActorSystemTerminateReason]
08:04:55.418 DEBUG akka.actor.CoordinatedShutdown - Performing phase [before-service-unbind] with [0] tasks
08:04:55.418 DEBUG akka.actor.CoordinatedShutdown - Performing phase [service-unbind] with [1] tasks.
08:04:55.418 DEBUG akka.actor.CoordinatedShutdown - Performing task [http-unbind-/127.0.0.1:62923] in CoordinatedShutdown phase [service-unbind]
08:04:55.418 DEBUG akka.actor.CoordinatedShutdown - Performing phase [service-requests-done] with [1] tasks.
08:04:55.418 DEBUG akka.actor.CoordinatedShutdown - Performing task [http-terminate-/127.0.0.1:62923] in CoordinatedShutdown phase [service-requests-done]
08:04:55.418 DEBUG akka.actor.CoordinatedShutdown - Performing phase [service-stop] with [1] tasks.
08:04:55.418 DEBUG akka.actor.CoordinatedShutdown - Performing task [stop-grpc-clients] in CoordinatedShutdown phase [service-stop]
08:04:55.418 DEBUG akka.actor.CoordinatedShutdown - Performing phase [before-cluster-shutdown] with [0] tasks
08:04:55.418 DEBUG akka.actor.CoordinatedShutdown - Performing phase [cluster-sharding-shutdown-region] with [5] tasks.
08:04:55.418 DEBUG akka.actor.CoordinatedShutdown - Performing task [region-shutdown] in CoordinatedShutdown phase [cluster-sharding-shutdown-region]
08:04:55.418 DEBUG akka.actor.CoordinatedShutdown - Performing task [region-shutdown] in CoordinatedShutdown phase [cluster-sharding-shutdown-region]
08:04:55.418 DEBUG akka.actor.CoordinatedShutdown - Performing task [region-shutdown] in CoordinatedShutdown phase [cluster-sharding-shutdown-region]
08:04:55.418 DEBUG akka.actor.CoordinatedShutdown - Performing task [region-shutdown] in CoordinatedShutdown phase [cluster-sharding-shutdown-region]
08:04:55.418 DEBUG akka.actor.CoordinatedShutdown - Performing task [region-shutdown] in CoordinatedShutdown phase [cluster-sharding-shutdown-region]
08:04:55.419 DEBUG a.c.sharding.DDataShardCoordinator - sharded-daemon-process-eventSourcedProjection-passivation-race-entity-passivation-race-consumer-b: Unknown region requested graceful shutdown [Actor[akka://akka-runtime/system/sharding/sharded-daemon-process-eventSourcedProjection-passivation-race-entity-passivation-race-consumer-b#-1397539308]]
08:04:55.419 DEBUG a.c.sharding.DDataShardCoordinator - passivation-race-entity: Unknown region requested graceful shutdown [Actor[akka://akka-runtime/system/sharding/passivation-race-entity#-1025096460]]
08:04:55.419 DEBUG a.c.sharding.DDataShardCoordinator - _timer: Unknown region requested graceful shutdown [Actor[akka://akka-runtime/system/sharding/_timer#-67540410]]
08:04:55.419 DEBUG a.c.sharding.DDataShardCoordinator - sharded-daemon-process-eventSourcedProjection-passivation-race-entity-passivation-race-view: Unknown region requested graceful shutdown [Actor[akka://akka-runtime/system/sharding/sharded-daemon-process-eventSourcedProjection-passivation-race-entity-passivation-race-view#-2069467075]]
08:04:55.419 DEBUG a.c.sharding.DDataShardCoordinator - sharded-daemon-process-eventSourcedProjection-passivation-race-entity-passivation-race-consumer-a: Unknown region requested graceful shutdown [Actor[akka://akka-runtime/system/sharding/sharded-daemon-process-eventSourcedProjection-passivation-race-entity-passivation-race-consumer-a#128691567]]
08:04:55.433 DEBUG a.c.singleton.ClusterSingletonProxy - Trying to identify singleton at [akka://akka-runtime@127.0.0.1:62925/system/singletonManagerShardedDaemonProcessCoordinator-eventSourcedProjection-passivation-race-entity-passivation-race-consumer-b/ShardedDaemonProcessCoordinator-eventSourcedProjection-passivation-race-entity-passivation-race-consumer-b]
08:04:55.434 DEBUG a.c.singleton.ClusterSingletonProxy - Trying to identify singleton at [akka://akka-runtime@127.0.0.1:62925/system/singletonManagerShardedDaemonProcessCoordinator-eventSourcedProjection-passivation-race-entity-passivation-race-consumer-a/ShardedDaemonProcessCoordinator-eventSourcedProjection-passivation-race-entity-passivation-race-consumer-a]
08:04:55.434 INFO  a.c.singleton.ClusterSingletonProxy - Singleton identified at [akka://akka-runtime/system/singletonManagerShardedDaemonProcessCoordinator-eventSourcedProjection-passivation-race-entity-passivation-race-consumer-b/ShardedDaemonProcessCoordinator-eventSourcedProjection-passivation-race-entity-passivation-race-consumer-b]
08:04:55.434 INFO  a.c.singleton.ClusterSingletonProxy - Singleton identified at [akka://akka-runtime/system/singletonManagerShardedDaemonProcessCoordinator-eventSourcedProjection-passivation-race-entity-passivation-race-consumer-a/ShardedDaemonProcessCoordinator-eventSourcedProjection-passivation-race-entity-passivation-race-consumer-a]
08:04:55.434 DEBUG a.c.singleton.ClusterSingletonProxy - Sending buffered messages to current singleton instance
08:04:55.434 DEBUG a.c.singleton.ClusterSingletonProxy - Sending buffered messages to current singleton instance
08:04:55.445 DEBUG a.c.singleton.ClusterSingletonProxy - Trying to identify singleton at [akka://akka-runtime@127.0.0.1:62925/system/singletonManagerShardedDaemonProcessCoordinator-eventSourcedProjection-passivation-race-entity-passivation-race-view/ShardedDaemonProcessCoordinator-eventSourcedProjection-passivation-race-entity-passivation-race-view]
08:04:55.445 INFO  a.c.singleton.ClusterSingletonProxy - Singleton identified at [akka://akka-runtime/system/singletonManagerShardedDaemonProcessCoordinator-eventSourcedProjection-passivation-race-entity-passivation-race-view/ShardedDaemonProcessCoordinator-eventSourcedProjection-passivation-race-entity-passivation-race-view]
08:04:55.445 DEBUG a.c.singleton.ClusterSingletonProxy - Sending buffered messages to current singleton instance
08:04:55.624 DEBUG a.c.sharding.DDataShardCoordinator - passivation-race-entity: ShardRegion registered: [Actor[akka://akka-runtime/system/sharding/passivation-race-entity#-1025096460]]
08:04:55.625 DEBUG a.c.sharding.DDataShardCoordinator - passivation-race-entity: The coordinator state was successfully updated with ShardRegionRegistered(Actor[akka://akka-runtime/system/sharding/passivation-race-entity#-1025096460])
08:04:55.625 DEBUG a.c.sharding.DDataShardCoordinator - passivation-race-entity: The coordinator state was successfully updated with ShardHomeAllocated(830,Actor[akka://akka-runtime/system/sharding/passivation-race-entity#-1025096460])
08:04:55.625 DEBUG a.c.sharding.DDataShardCoordinator - passivation-race-entity: Shard [830] allocated at [Actor[akka://akka-runtime/system/sharding/passivation-race-entity#-1025096460]]
08:04:55.626 DEBUG a.c.sharding.DDataShardCoordinator - passivation-race-entity: Graceful shutdown of region [Actor[akka://akka-runtime/system/sharding/passivation-race-entity#-1025096460]] with [1] shards
08:04:55.626 INFO  a.c.sharding.DDataShardCoordinator - passivation-race-entity: Starting shutting down shards [830] due to region shutting down or explicit stopping of shards.
08:04:55.626 DEBUG a.c.s.ShardCoordinator$RebalanceWorker - passivation-race-entity: Shutting down shard [830] from region [Actor[akka://akka-runtime/system/sharding/passivation-race-entity#-1025096460]]. Asking [1] region(s) to hand-off shard
08:04:55.626 DEBUG a.c.s.ShardCoordinator$RebalanceWorker - passivation-race-entity: BeginHandOffAck for shard [830] received from [Actor[akka://akka-runtime/system/sharding/passivation-race-entity#-1025096460]].
08:04:55.626 DEBUG a.c.s.ShardCoordinator$RebalanceWorker - passivation-race-entity: All shard regions acked, handing off shard [830].
08:04:55.626 WARN  akka.cluster.sharding.ShardRegion - passivation-race-entity: Dropping [1] buffered messages to shard [830] during hand off to avoid re-ordering
08:04:55.626 DEBUG akka.cluster.sharding.Shard - passivation-race-entity: Shard initialized
08:04:55.626 DEBUG akka.cluster.sharding.Shard - passivation-race-entity: HandOff shard [830]
08:04:55.626 DEBUG akka.cluster.sharding.Shard - passivation-race-entity: Shard [830] shutting down
08:04:55.626 DEBUG a.c.sharding.DDataShardCoordinator - passivation-race-entity: Shard [830] deallocation completed successfully.
08:04:55.627 DEBUG a.c.sharding.DDataShardCoordinator - passivation-race-entity: The coordinator state was successfully updated with ShardHomeDeallocated(830)
08:04:55.627 DEBUG a.c.sharding.DDataShardCoordinator - passivation-race-entity: Shard [830] deallocated after
08:04:55.627 DEBUG a.c.sharding.DDataShardCoordinator - passivation-race-entity: ShardRegion terminated (gracefully): [Actor[akka://akka-runtime/system/sharding/passivation-race-entity#-1025096460]] {}
08:04:55.627 DEBUG a.c.sharding.DDataShardCoordinator - passivation-race-entity: GetShardHome [830] request from [Actor[akka://local/ignore]] stashed, because waiting for initial state or update of state. It will be handled afterwards.
08:04:55.627 DEBUG a.c.sharding.DDataShardCoordinator - passivation-race-entity: The coordinator state was successfully updated with ShardRegionTerminated(Actor[akka://akka-runtime/system/sharding/passivation-race-entity#-1025096460])
08:04:55.627 DEBUG a.c.sharding.DDataShardCoordinator - passivation-race-entity: ShardRegion stopped: [Actor[akka://akka-runtime/system/sharding/passivation-race-entity#-1025096460]]
08:04:55.633 DEBUG a.c.sharding.DDataShardCoordinator - sharded-daemon-process-eventSourcedProjection-passivation-race-entity-passivation-race-consumer-b: ShardRegion registered: [Actor[akka://akka-runtime/system/sharding/sharded-daemon-process-eventSourcedProjection-passivation-race-entity-passivation-race-consumer-b#-1397539308]]
08:04:55.633 DEBUG a.c.sharding.DDataShardCoordinator - sharded-daemon-process-eventSourcedProjection-passivation-race-entity-passivation-race-consumer-a: ShardRegion registered: [Actor[akka://akka-runtime/system/sharding/sharded-daemon-process-eventSourcedProjection-passivation-race-entity-passivation-race-consumer-a#128691567]]
08:04:55.633 DEBUG a.c.sharding.DDataShardCoordinator - sharded-daemon-process-eventSourcedProjection-passivation-race-entity-passivation-race-view: ShardRegion registered: [Actor[akka://akka-runtime/system/sharding/sharded-daemon-process-eventSourcedProjection-passivation-race-entity-passivation-race-view#-2069467075]]
08:04:55.633 DEBUG a.c.sharding.DDataShardCoordinator - sharded-daemon-process-eventSourcedProjection-passivation-race-entity-passivation-race-consumer-b: The coordinator state was successfully updated with ShardRegionRegistered(Actor[akka://akka-runtime/system/sharding/sharded-daemon-process-eventSourcedProjection-passivation-race-entity-passivation-race-consumer-b#-1397539308])
08:04:55.633 DEBUG a.c.sharding.DDataShardCoordinator - sharded-daemon-process-eventSourcedProjection-passivation-race-entity-passivation-race-consumer-a: The coordinator state was successfully updated with ShardRegionRegistered(Actor[akka://akka-runtime/system/sharding/sharded-daemon-process-eventSourcedProjection-passivation-race-entity-passivation-race-consumer-a#128691567])
08:04:55.633 DEBUG a.c.sharding.DDataShardCoordinator - sharded-daemon-process-eventSourcedProjection-passivation-race-entity-passivation-race-consumer-b: The coordinator state was successfully updated with ShardHomeAllocated(0,Actor[akka://akka-runtime/system/sharding/sharded-daemon-process-eventSourcedProjection-passivation-race-entity-passivation-race-consumer-b#-1397539308])
08:04:55.634 DEBUG a.c.sharding.DDataShardCoordinator - sharded-daemon-process-eventSourcedProjection-passivation-race-entity-passivation-race-view: The coordinator state was successfully updated with ShardRegionRegistered(Actor[akka://akka-runtime/system/sharding/sharded-daemon-process-eventSourcedProjection-passivation-race-entity-passivation-race-view#-2069467075])
08:04:55.634 DEBUG a.c.sharding.DDataShardCoordinator - sharded-daemon-process-eventSourcedProjection-passivation-race-entity-passivation-race-consumer-b: Shard [0] allocated at [Actor[akka://akka-runtime/system/sharding/sharded-daemon-process-eventSourcedProjection-passivation-race-entity-passivation-race-consumer-b#-1397539308]]
08:04:55.634 DEBUG a.c.sharding.DDataShardCoordinator - sharded-daemon-process-eventSourcedProjection-passivation-race-entity-passivation-race-consumer-a: The coordinator state was successfully updated with ShardHomeAllocated(0,Actor[akka://akka-runtime/system/sharding/sharded-daemon-process-eventSourcedProjection-passivation-race-entity-passivation-race-consumer-a#128691567])
08:04:55.634 DEBUG a.c.sharding.DDataShardCoordinator - sharded-daemon-process-eventSourcedProjection-passivation-race-entity-passivation-race-consumer-b: Graceful shutdown of region [Actor[akka://akka-runtime/system/sharding/sharded-daemon-process-eventSourcedProjection-passivation-race-entity-passivation-race-consumer-b#-1397539308]] with [1] shards
08:04:55.634 INFO  a.c.sharding.DDataShardCoordinator - sharded-daemon-process-eventSourcedProjection-passivation-race-entity-passivation-race-consumer-b: Starting shutting down shards [0] due to region shutting down or explicit stopping of shards.
08:04:55.634 DEBUG a.c.sharding.DDataShardCoordinator - sharded-daemon-process-eventSourcedProjection-passivation-race-entity-passivation-race-consumer-a: Shard [0] allocated at [Actor[akka://akka-runtime/system/sharding/sharded-daemon-process-eventSourcedProjection-passivation-race-entity-passivation-race-consumer-a#128691567]]
08:04:55.634 DEBUG akka.cluster.sharding.Shard - sharded-daemon-process-eventSourcedProjection-passivation-race-entity-passivation-race-consumer-b: Shard initialized
08:04:55.634 DEBUG a.c.s.ShardCoordinator$RebalanceWorker - sharded-daemon-process-eventSourcedProjection-passivation-race-entity-passivation-race-consumer-b: Shutting down shard [0] from region [Actor[akka://akka-runtime/system/sharding/sharded-daemon-process-eventSourcedProjection-passivation-race-entity-passivation-race-consumer-b#-1397539308]]. Asking [1] region(s) to hand-off shard
08:04:55.634 DEBUG a.c.s.ShardCoordinator$RebalanceWorker - sharded-daemon-process-eventSourcedProjection-passivation-race-entity-passivation-race-consumer-b: BeginHandOffAck for shard [0] received from [Actor[akka://akka-runtime/system/sharding/sharded-daemon-process-eventSourcedProjection-passivation-race-entity-passivation-race-consumer-b#-1397539308]].
08:04:55.634 DEBUG a.c.s.ShardCoordinator$RebalanceWorker - sharded-daemon-process-eventSourcedProjection-passivation-race-entity-passivation-race-consumer-b: All shard regions acked, handing off shard [0].
08:04:55.634 DEBUG akka.cluster.sharding.Shard - sharded-daemon-process-eventSourcedProjection-passivation-race-entity-passivation-race-consumer-b: Request to start entity [0] and ack to [Some(Actor[akka://akka-runtime/deadLetters])]
08:04:55.634 DEBUG a.c.sharding.DDataShardCoordinator - sharded-daemon-process-eventSourcedProjection-passivation-race-entity-passivation-race-view: The coordinator state was successfully updated with ShardHomeAllocated(0,Actor[akka://akka-runtime/system/sharding/sharded-daemon-process-eventSourcedProjection-passivation-race-entity-passivation-race-view#-2069467075])
08:04:55.634 DEBUG a.c.sharding.DDataShardCoordinator - sharded-daemon-process-eventSourcedProjection-passivation-race-entity-passivation-race-consumer-a: Graceful shutdown of region [Actor[akka://akka-runtime/system/sharding/sharded-daemon-process-eventSourcedProjection-passivation-race-entity-passivation-race-consumer-a#128691567]] with [1] shards
08:04:55.634 INFO  a.c.sharding.DDataShardCoordinator - sharded-daemon-process-eventSourcedProjection-passivation-race-entity-passivation-race-consumer-a: Starting shutting down shards [0] due to region shutting down or explicit stopping of shards.
08:04:55.634 DEBUG a.c.sharding.DDataShardCoordinator - sharded-daemon-process-eventSourcedProjection-passivation-race-entity-passivation-race-view: Shard [0] allocated at [Actor[akka://akka-runtime/system/sharding/sharded-daemon-process-eventSourcedProjection-passivation-race-entity-passivation-race-view#-2069467075]]
08:04:55.634 DEBUG akka.cluster.sharding.Shard - sharded-daemon-process-eventSourcedProjection-passivation-race-entity-passivation-race-consumer-b: Started entity [Actor[akka://akka-runtime/system/sharding/sharded-daemon-process-eventSourcedProjection-passivation-race-entity-passivation-race-consumer-b/0/0#868766300]] with entity id [0] in shard [0]
08:04:55.634 DEBUG a.c.s.ShardCoordinator$RebalanceWorker - sharded-daemon-process-eventSourcedProjection-passivation-race-entity-passivation-race-consumer-a: Shutting down shard [0] from region [Actor[akka://akka-runtime/system/sharding/sharded-daemon-process-eventSourcedProjection-passivation-race-entity-passivation-race-consumer-a#128691567]]. Asking [1] region(s) to hand-off shard
08:04:55.634 DEBUG a.c.s.ShardCoordinator$RebalanceWorker - sharded-daemon-process-eventSourcedProjection-passivation-race-entity-passivation-race-consumer-a: BeginHandOffAck for shard [0] received from [Actor[akka://akka-runtime/system/sharding/sharded-daemon-process-eventSourcedProjection-passivation-race-entity-passivation-race-consumer-a#128691567]].
08:04:55.634 DEBUG a.c.s.ShardCoordinator$RebalanceWorker - sharded-daemon-process-eventSourcedProjection-passivation-race-entity-passivation-race-consumer-a: All shard regions acked, handing off shard [0].
08:04:55.634 DEBUG akka.cluster.sharding.Shard - sharded-daemon-process-eventSourcedProjection-passivation-race-entity-passivation-race-consumer-b: HandOff shard [0]
08:04:55.634 WARN  akka.cluster.sharding.ShardRegion - sharded-daemon-process-eventSourcedProjection-passivation-race-entity-passivation-race-consumer-a: Dropping [1] buffered messages to shard [0] during hand off to avoid re-ordering
08:04:55.634 DEBUG akka.cluster.sharding.Shard - sharded-daemon-process-eventSourcedProjection-passivation-race-entity-passivation-race-consumer-b: Starting HandOffStopper for shard [0] to terminate [1] entities.
08:04:55.634 DEBUG a.c.sharding.DDataShardCoordinator - sharded-daemon-process-eventSourcedProjection-passivation-race-entity-passivation-race-view: Graceful shutdown of region [Actor[akka://akka-runtime/system/sharding/sharded-daemon-process-eventSourcedProjection-passivation-race-entity-passivation-race-view#-2069467075]] with [1] shards
08:04:55.634 DEBUG akka.cluster.sharding.Shard - sharded-daemon-process-eventSourcedProjection-passivation-race-entity-passivation-race-consumer-a: Shard initialized
08:04:55.634 INFO  a.c.sharding.DDataShardCoordinator - sharded-daemon-process-eventSourcedProjection-passivation-race-entity-passivation-race-view: Starting shutting down shards [0] due to region shutting down or explicit stopping of shards.
08:04:55.634 DEBUG akka.cluster.sharding.Shard - sharded-daemon-process-eventSourcedProjection-passivation-race-entity-passivation-race-consumer-a: HandOff shard [0]
08:04:55.634 DEBUG akka.cluster.sharding.Shard - sharded-daemon-process-eventSourcedProjection-passivation-race-entity-passivation-race-view: Shard initialized
08:04:55.634 DEBUG akka.cluster.sharding.Shard - sharded-daemon-process-eventSourcedProjection-passivation-race-entity-passivation-race-consumer-a: Shard [0] shutting down
08:04:55.634 DEBUG a.c.s.t.i.ShardedDaemonProcessState$ - eventSourcedProjection-passivation-race-entity-passivation-race-consumer-b: Deferred start of worker to verify its revision [0] is the latest
08:04:55.634 DEBUG akka.cluster.sharding.Shard - sharded-daemon-process-eventSourcedProjection-passivation-race-entity-passivation-race-view: Request to start entity [0] and ack to [Some(Actor[akka://akka-runtime/deadLetters])]
08:04:55.634 DEBUG a.c.sharding.DDataShardCoordinator - sharded-daemon-process-eventSourcedProjection-passivation-race-entity-passivation-race-consumer-a: Shard [0] deallocation completed successfully.
08:04:55.634 DEBUG a.c.s.ShardCoordinator$RebalanceWorker - sharded-daemon-process-eventSourcedProjection-passivation-race-entity-passivation-race-view: Shutting down shard [0] from region [Actor[akka://akka-runtime/system/sharding/sharded-daemon-process-eventSourcedProjection-passivation-race-entity-passivation-race-view#-2069467075]]. Asking [1] region(s) to hand-off shard
08:04:55.634 DEBUG akka.cluster.sharding.Shard - sharded-daemon-process-eventSourcedProjection-passivation-race-entity-passivation-race-view: Started entity [Actor[akka://akka-runtime/system/sharding/sharded-daemon-process-eventSourcedProjection-passivation-race-entity-passivation-race-view/0/0#-72451040]] with entity id [0] in shard [0]
08:04:55.634 DEBUG a.c.s.ShardCoordinator$RebalanceWorker - sharded-daemon-process-eventSourcedProjection-passivation-race-entity-passivation-race-view: BeginHandOffAck for shard [0] received from [Actor[akka://akka-runtime/system/sharding/sharded-daemon-process-eventSourcedProjection-passivation-race-entity-passivation-race-view#-2069467075]].
08:04:55.634 DEBUG a.c.s.t.i.ShardedDaemonProcessState$ - eventSourcedProjection-passivation-race-entity-passivation-race-view: Deferred start of worker to verify its revision [0] is the latest
08:04:55.634 DEBUG a.c.s.ShardCoordinator$RebalanceWorker - sharded-daemon-process-eventSourcedProjection-passivation-race-entity-passivation-race-view: All shard regions acked, handing off shard [0].
08:04:55.634 DEBUG akka.cluster.sharding.Shard - sharded-daemon-process-eventSourcedProjection-passivation-race-entity-passivation-race-view: HandOff shard [0]
08:04:55.634 DEBUG akka.cluster.sharding.Shard - sharded-daemon-process-eventSourcedProjection-passivation-race-entity-passivation-race-view: Starting HandOffStopper for shard [0] to terminate [1] entities.
08:04:55.634 INFO  a.c.s.t.i.ShardedDaemonProcessState$ - eventSourcedProjection-passivation-race-entity-passivation-race-consumer-b: Starting Sharded Daemon Process [0] out of a total [1] (revision [0] and no state found)
08:04:55.634 DEBUG a.c.sharding.DDataShardCoordinator - sharded-daemon-process-eventSourcedProjection-passivation-race-entity-passivation-race-consumer-a: The coordinator state was successfully updated with ShardHomeDeallocated(0)
08:04:55.634 DEBUG a.c.sharding.DDataShardCoordinator - sharded-daemon-process-eventSourcedProjection-passivation-race-entity-passivation-race-consumer-a: Shard [0] deallocated after
08:04:55.634 INFO  a.c.s.t.i.ShardedDaemonProcessState$ - eventSourcedProjection-passivation-race-entity-passivation-race-view: Starting Sharded Daemon Process [0] out of a total [1] (revision [0] and no state found)
08:04:55.635 DEBUG a.c.sharding.DDataShardCoordinator - sharded-daemon-process-eventSourcedProjection-passivation-race-entity-passivation-race-consumer-a: ShardRegion stopped: [Actor[akka://akka-runtime/system/sharding/sharded-daemon-process-eventSourcedProjection-passivation-race-entity-passivation-race-consumer-a#128691567]]
08:04:55.635 DEBUG a.c.sharding.DDataShardCoordinator - sharded-daemon-process-eventSourcedProjection-passivation-race-entity-passivation-race-consumer-a: ShardRegion terminated (gracefully): [Actor[akka://akka-runtime/system/sharding/sharded-daemon-process-eventSourcedProjection-passivation-race-entity-passivation-race-consumer-a#128691567]] {}
08:04:55.635 DEBUG akka.cluster.sharding.Shard - sharded-daemon-process-eventSourcedProjection-passivation-race-entity-passivation-race-view: Shard [0] shutting down
08:04:55.635 DEBUG a.c.sharding.DDataShardCoordinator - sharded-daemon-process-eventSourcedProjection-passivation-race-entity-passivation-race-view: Shard [0] deallocation completed successfully.
08:04:55.635 DEBUG a.c.sharding.DDataShardCoordinator - sharded-daemon-process-eventSourcedProjection-passivation-race-entity-passivation-race-consumer-a: The coordinator state was successfully updated with ShardRegionTerminated(Actor[akka://akka-runtime/system/sharding/sharded-daemon-process-eventSourcedProjection-passivation-race-entity-passivation-race-consumer-a#128691567])
08:04:55.635 DEBUG a.c.sharding.DDataShardCoordinator - sharded-daemon-process-eventSourcedProjection-passivation-race-entity-passivation-race-view: The coordinator state was successfully updated with ShardHomeDeallocated(0)
08:04:55.635 DEBUG a.c.sharding.DDataShardCoordinator - sharded-daemon-process-eventSourcedProjection-passivation-race-entity-passivation-race-view: Shard [0] deallocated after
08:04:55.635 DEBUG a.c.sharding.DDataShardCoordinator - sharded-daemon-process-eventSourcedProjection-passivation-race-entity-passivation-race-view: ShardRegion terminated (gracefully): [Actor[akka://akka-runtime/system/sharding/sharded-daemon-process-eventSourcedProjection-passivation-race-entity-passivation-race-view#-2069467075]] {}
08:04:55.635 DEBUG a.c.sharding.DDataShardCoordinator - sharded-daemon-process-eventSourcedProjection-passivation-race-entity-passivation-race-view: GetShardHome [0] request from [Actor[akka://local/ignore]] stashed, because waiting for initial state or update of state. It will be handled afterwards.
08:04:55.635 DEBUG a.c.sharding.DDataShardCoordinator - sharded-daemon-process-eventSourcedProjection-passivation-race-entity-passivation-race-view: The coordinator state was successfully updated with ShardRegionTerminated(Actor[akka://akka-runtime/system/sharding/sharded-daemon-process-eventSourcedProjection-passivation-race-entity-passivation-race-view#-2069467075])
08:04:55.635 DEBUG a.c.sharding.DDataShardCoordinator - sharded-daemon-process-eventSourcedProjection-passivation-race-entity-passivation-race-view: ShardRegion stopped: [Actor[akka://akka-runtime/system/sharding/sharded-daemon-process-eventSourcedProjection-passivation-race-entity-passivation-race-view#-2069467075]]
08:04:56.403 WARN  a.c.s.ShardRegion$HandOffStopper - sharded-daemon-process-eventSourcedProjection-passivation-race-entity-passivation-race-consumer-b: [1] of the entities in shard [0] not stopped after [750 milliseconds]. Maybe the handOffStopMessage [akka.projection.ProjectionBehavior$Stop$] is not handled? Waiting additional [250 milliseconds] before stopping the remaining entities.
08:04:56.654 WARN  a.c.s.ShardRegion$HandOffStopper - sharded-daemon-process-eventSourcedProjection-passivation-race-entity-passivation-race-consumer-b: HandOffStopMessage [akka.projection.ProjectionBehavior$Stop$] is not handled by some of the entities in shard [0] after [1 second], stopping the remaining [1] entities.
08:04:56.655 DEBUG akka.cluster.sharding.Shard - sharded-daemon-process-eventSourcedProjection-passivation-race-entity-passivation-race-consumer-b: Shard [0] shutting down
08:04:56.655 DEBUG a.c.sharding.DDataShardCoordinator - sharded-daemon-process-eventSourcedProjection-passivation-race-entity-passivation-race-consumer-b: Shard [0] deallocation completed successfully.
08:04:56.657 DEBUG a.c.sharding.DDataShardCoordinator - sharded-daemon-process-eventSourcedProjection-passivation-race-entity-passivation-race-consumer-b: The coordinator state was successfully updated with ShardHomeDeallocated(0)
08:04:56.657 DEBUG a.c.sharding.DDataShardCoordinator - sharded-daemon-process-eventSourcedProjection-passivation-race-entity-passivation-race-consumer-b: Shard [0] deallocated after
08:04:56.657 DEBUG a.c.sharding.DDataShardCoordinator - sharded-daemon-process-eventSourcedProjection-passivation-race-entity-passivation-race-consumer-b: ShardRegion terminated (gracefully): [Actor[akka://akka-runtime/system/sharding/sharded-daemon-process-eventSourcedProjection-passivation-race-entity-passivation-race-consumer-b#-1397539308]] {}
08:04:56.657 DEBUG a.c.sharding.DDataShardCoordinator - sharded-daemon-process-eventSourcedProjection-passivation-race-entity-passivation-race-consumer-b: GetShardHome [0] request from [Actor[akka://local/ignore]] stashed, because waiting for initial state or update of state. It will be handled afterwards.
08:04:56.657 DEBUG a.c.sharding.DDataShardCoordinator - sharded-daemon-process-eventSourcedProjection-passivation-race-entity-passivation-race-consumer-b: The coordinator state was successfully updated with ShardRegionTerminated(Actor[akka://akka-runtime/system/sharding/sharded-daemon-process-eventSourcedProjection-passivation-race-entity-passivation-race-consumer-b#-1397539308])
08:04:56.657 DEBUG a.c.sharding.DDataShardCoordinator - sharded-daemon-process-eventSourcedProjection-passivation-race-entity-passivation-race-consumer-b: ShardRegion stopped: [Actor[akka://akka-runtime/system/sharding/sharded-daemon-process-eventSourcedProjection-passivation-race-entity-passivation-race-consumer-b#-1397539308]]
08:04:56.658 DEBUG akka.actor.CoordinatedShutdown - Performing phase [cluster-leave] with [1] tasks.
08:04:56.658 DEBUG akka.actor.CoordinatedShutdown - Performing task [leave] in CoordinatedShutdown phase [cluster-leave]
08:04:56.661 DEBUG akka.actor.CoordinatedShutdown - Performing phase [cluster-exiting] with [28] tasks.
08:04:56.661 DEBUG akka.actor.CoordinatedShutdown - Performing task [wait-singleton-exiting] in CoordinatedShutdown phase [cluster-exiting]
08:04:56.661 DEBUG akka.actor.CoordinatedShutdown - Performing task [singleton-exiting-2] in CoordinatedShutdown phase [cluster-exiting]
08:04:56.661 DEBUG akka.actor.CoordinatedShutdown - Performing task [wait-singleton-exiting] in CoordinatedShutdown phase [cluster-exiting]
08:04:56.661 DEBUG akka.actor.CoordinatedShutdown - Performing task [singleton-exiting-1] in CoordinatedShutdown phase [cluster-exiting]
08:04:56.661 DEBUG akka.actor.CoordinatedShutdown - Performing task [singleton-exiting-2] in CoordinatedShutdown phase [cluster-exiting]
08:04:56.661 DEBUG akka.actor.CoordinatedShutdown - Performing task [wait-exiting] in CoordinatedShutdown phase [cluster-exiting]
08:04:56.661 DEBUG akka.actor.CoordinatedShutdown - Performing task [wait-singleton-exiting] in CoordinatedShutdown phase [cluster-exiting]
08:04:56.661 DEBUG akka.actor.CoordinatedShutdown - Performing task [wait-singleton-exiting] in CoordinatedShutdown phase [cluster-exiting]
08:04:56.661 DEBUG akka.actor.CoordinatedShutdown - Performing task [singleton-exiting-1] in CoordinatedShutdown phase [cluster-exiting]
08:04:56.661 DEBUG akka.actor.CoordinatedShutdown - Performing task [wait-singleton-exiting] in CoordinatedShutdown phase [cluster-exiting]
08:04:56.661 DEBUG akka.actor.CoordinatedShutdown - Performing task [singleton-exiting-1] in CoordinatedShutdown phase [cluster-exiting]
08:04:56.661 DEBUG akka.actor.CoordinatedShutdown - Performing task [wait-singleton-exiting] in CoordinatedShutdown phase [cluster-exiting]
08:04:56.661 DEBUG akka.actor.CoordinatedShutdown - Performing task [singleton-exiting-2] in CoordinatedShutdown phase [cluster-exiting]
08:04:56.661 DEBUG akka.actor.CoordinatedShutdown - Performing task [singleton-exiting-1] in CoordinatedShutdown phase [cluster-exiting]
08:04:56.661 INFO  a.c.s.ClusterSingletonManager - Exited [akka://akka-runtime@127.0.0.1:62925].
08:04:56.661 DEBUG akka.actor.CoordinatedShutdown - Performing task [singleton-exiting-1] in CoordinatedShutdown phase [cluster-exiting]
08:04:56.661 DEBUG akka.actor.CoordinatedShutdown - Performing task [wait-singleton-exiting] in CoordinatedShutdown phase [cluster-exiting]
08:04:56.661 INFO  a.c.s.ClusterSingletonManager - Oldest observed OldestChanged: [akka://akka-runtime@127.0.0.1:62925 -> None]
08:04:56.661 DEBUG akka.actor.CoordinatedShutdown - Performing task [singleton-exiting-2] in CoordinatedShutdown phase [cluster-exiting]
08:04:56.661 DEBUG akka.actor.CoordinatedShutdown - Performing task [singleton-exiting-2] in CoordinatedShutdown phase [cluster-exiting]
08:04:56.661 INFO  a.c.s.ClusterSingletonManager - Exited [akka://akka-runtime@127.0.0.1:62925].
08:04:56.661 DEBUG akka.actor.CoordinatedShutdown - Performing task [singleton-exiting-1] in CoordinatedShutdown phase [cluster-exiting]
08:04:56.661 DEBUG akka.actor.CoordinatedShutdown - Performing task [singleton-exiting-2] in CoordinatedShutdown phase [cluster-exiting]
08:04:56.661 INFO  a.c.s.ClusterSingletonManager - ClusterSingletonManager state change [Oldest -> WasOldest]
08:04:56.661 DEBUG akka.actor.CoordinatedShutdown - Performing task [singleton-exiting-1] in CoordinatedShutdown phase [cluster-exiting]
08:04:56.661 INFO  a.c.s.ClusterSingletonManager - Oldest observed OldestChanged: [akka://akka-runtime@127.0.0.1:62925 -> None]
08:04:56.661 DEBUG akka.actor.CoordinatedShutdown - Performing task [singleton-exiting-1] in CoordinatedShutdown phase [cluster-exiting]
08:04:56.661 INFO  a.c.s.ClusterSingletonManager - ClusterSingletonManager state change [Oldest -> WasOldest]
08:04:56.661 DEBUG akka.actor.CoordinatedShutdown - Performing task [singleton-exiting-1] in CoordinatedShutdown phase [cluster-exiting]
08:04:56.661 DEBUG akka.actor.CoordinatedShutdown - Performing task [singleton-exiting-2] in CoordinatedShutdown phase [cluster-exiting]
08:04:56.661 DEBUG akka.actor.CoordinatedShutdown - Performing task [wait-singleton-exiting] in CoordinatedShutdown phase [cluster-exiting]
08:04:56.662 DEBUG akka.actor.CoordinatedShutdown - Performing task [wait-singleton-exiting] in CoordinatedShutdown phase [cluster-exiting]
08:04:56.662 DEBUG akka.actor.CoordinatedShutdown - Performing task [singleton-exiting-2] in CoordinatedShutdown phase [cluster-exiting]
08:04:56.662 INFO  a.c.s.ClusterSingletonManager - Oldest observed OldestChanged: [akka://akka-runtime@127.0.0.1:62925 -> None]
08:04:56.662 DEBUG akka.actor.CoordinatedShutdown - Performing task [singleton-exiting-2] in CoordinatedShutdown phase [cluster-exiting]
08:04:56.662 INFO  a.c.s.ClusterSingletonManager - ClusterSingletonManager state change [Oldest -> WasOldest]
08:04:56.662 INFO  a.c.s.ClusterSingletonManager - Exited [akka://akka-runtime@127.0.0.1:62925].
08:04:56.662 INFO  a.c.s.ClusterSingletonManager - Exited [akka://akka-runtime@127.0.0.1:62925].
08:04:56.662 INFO  a.c.s.ClusterSingletonManager - Oldest observed OldestChanged: [akka://akka-runtime@127.0.0.1:62925 -> None]
08:04:56.662 INFO  a.c.s.ClusterSingletonManager - ClusterSingletonManager state change [Oldest -> WasOldest]
08:04:56.662 INFO  a.c.s.ClusterSingletonManager - Exited [akka://akka-runtime@127.0.0.1:62925].
08:04:56.662 INFO  a.c.s.ClusterSingletonManager - Oldest observed OldestChanged: [akka://akka-runtime@127.0.0.1:62925 -> None]
08:04:56.662 INFO  a.c.s.ClusterSingletonManager - Exited [akka://akka-runtime@127.0.0.1:62925].
08:04:56.662 INFO  a.c.s.ClusterSingletonManager - ClusterSingletonManager state change [Oldest -> WasOldest]
08:04:56.662 INFO  a.c.s.ClusterSingletonManager - Oldest observed OldestChanged: [akka://akka-runtime@127.0.0.1:62925 -> None]
08:04:56.662 INFO  a.c.s.ClusterSingletonManager - Oldest observed OldestChanged: [akka://akka-runtime@127.0.0.1:62925 -> None]
08:04:56.662 INFO  a.c.s.ClusterSingletonManager - ClusterSingletonManager state change [Oldest -> WasOldest]
08:04:56.662 INFO  a.c.s.ClusterSingletonManager - Exited [akka://akka-runtime@127.0.0.1:62925].
08:04:56.662 INFO  a.c.s.ClusterSingletonManager - Oldest observed OldestChanged: [akka://akka-runtime@127.0.0.1:62925 -> None]
08:04:56.662 INFO  a.c.s.ClusterSingletonManager - Oldest observed OldestChanged: [akka://akka-runtime@127.0.0.1:62925 -> None]
08:04:56.662 INFO  a.c.s.ClusterSingletonManager - Exited [akka://akka-runtime@127.0.0.1:62925].
08:04:56.662 INFO  a.c.s.ClusterSingletonManager - ClusterSingletonManager state change [Oldest -> WasOldest]
08:04:56.662 INFO  a.c.s.ClusterSingletonManager - ClusterSingletonManager state change [Oldest -> WasOldest]
08:04:56.662 INFO  a.c.s.ClusterSingletonManager - Exited [akka://akka-runtime@127.0.0.1:62925].
08:04:56.662 INFO  a.c.s.ClusterSingletonManager - ClusterSingletonManager state change [Oldest -> WasOldest]
08:04:57.236 DEBUG a.c.singleton.ClusterSingletonProxy - Creating singleton identification timer...
08:04:57.236 DEBUG a.c.singleton.ClusterSingletonProxy - Creating singleton identification timer...
08:04:57.236 DEBUG a.c.singleton.ClusterSingletonProxy - Creating singleton identification timer...
08:04:57.236 DEBUG a.c.singleton.ClusterSingletonProxy - Creating singleton identification timer...
08:04:57.675 INFO  a.c.s.ClusterSingletonManager - Singleton manager stopping singleton actor [akka://akka-runtime/system/singletonManagerShardedDaemonProcessCoordinator-eventSourcedProjection-passivation-race-entity-passivation-race-consumer-b/ShardedDaemonProcessCoordinator-eventSourcedProjection-passivation-race-entity-passivation-race-consumer-b]
08:04:57.675 INFO  a.c.s.ClusterSingletonManager - Singleton manager stopping singleton actor [akka://akka-runtime/system/sharding/sharded-daemon-process-eventSourcedProjection-passivation-race-entity-passivation-race-consumer-bCoordinator/singleton]
08:04:57.675 INFO  a.c.s.ClusterSingletonManager - Singleton manager stopping singleton actor [akka://akka-runtime/system/sharding/sharded-daemon-process-eventSourcedProjection-passivation-race-entity-passivation-race-consumer-aCoordinator/singleton]
08:04:57.676 INFO  a.c.s.ClusterSingletonManager - Singleton manager stopping singleton actor [akka://akka-runtime/system/singletonManagerschemaSingleton/schemaSingleton]
08:04:57.676 INFO  a.c.s.ClusterSingletonManager - Singleton manager stopping singleton actor [akka://akka-runtime/system/singletonManagerShardedDaemonProcessCoordinator-eventSourcedProjection-passivation-race-entity-passivation-race-view/ShardedDaemonProcessCoordinator-eventSourcedProjection-passivation-race-entity-passivation-race-view]
08:04:57.676 INFO  a.c.s.ClusterSingletonManager - Singleton manager stopping singleton actor [akka://akka-runtime/system/sharding/passivation-race-entityCoordinator/singleton]
08:04:57.676 INFO  a.c.s.ClusterSingletonManager - ClusterSingletonManager state change [WasOldest -> Stopping]
08:04:57.676 INFO  a.c.s.ClusterSingletonManager - ClusterSingletonManager state change [WasOldest -> Stopping]
08:04:57.676 INFO  a.c.s.ClusterSingletonManager - ClusterSingletonManager state change [WasOldest -> Stopping]
08:04:57.676 INFO  a.c.s.ClusterSingletonManager - ClusterSingletonManager state change [WasOldest -> Stopping]
08:04:57.676 INFO  a.c.s.ClusterSingletonManager - ClusterSingletonManager state change [WasOldest -> Stopping]
08:04:57.676 INFO  a.c.s.ClusterSingletonManager - ClusterSingletonManager state change [WasOldest -> Stopping]
08:04:57.676 DEBUG a.c.sharding.DDataShardCoordinator - passivation-race-entity: Received termination message.
08:04:57.676 DEBUG a.c.sharding.DDataShardCoordinator - sharded-daemon-process-eventSourcedProjection-passivation-race-entity-passivation-race-consumer-b: Received termination message.
08:04:57.676 DEBUG a.c.sharding.DDataShardCoordinator - sharded-daemon-process-eventSourcedProjection-passivation-race-entity-passivation-race-consumer-a: Received termination message.
08:04:57.677 INFO  a.c.s.ClusterSingletonManager - Singleton actor [akka://akka-runtime/system/singletonManagerShardedDaemonProcessCoordinator-eventSourcedProjection-passivation-race-entity-passivation-race-view/ShardedDaemonProcessCoordinator-eventSourcedProjection-passivation-race-entity-passivation-race-view] was terminated
08:04:57.677 INFO  a.c.s.ClusterSingletonManager - Singleton actor [akka://akka-runtime/system/singletonManagerschemaSingleton/schemaSingleton] was terminated
08:04:57.677 INFO  a.c.s.ClusterSingletonManager - Singleton actor [akka://akka-runtime/system/sharding/sharded-daemon-process-eventSourcedProjection-passivation-race-entity-passivation-race-consumer-aCoordinator/singleton] was terminated
08:04:57.677 INFO  a.c.s.ClusterSingletonManager - Singleton actor [akka://akka-runtime/system/sharding/sharded-daemon-process-eventSourcedProjection-passivation-race-entity-passivation-race-consumer-bCoordinator/singleton] was terminated
08:04:57.677 INFO  a.c.s.ClusterSingletonManager - Singleton actor [akka://akka-runtime/system/singletonManagerShardedDaemonProcessCoordinator-eventSourcedProjection-passivation-race-entity-passivation-race-consumer-b/ShardedDaemonProcessCoordinator-eventSourcedProjection-passivation-race-entity-passivation-race-consumer-b] was terminated
08:04:57.677 INFO  a.c.s.ClusterSingletonManager - Singleton actor [akka://akka-runtime/system/sharding/passivation-race-entityCoordinator/singleton] was terminated
08:04:57.677 INFO  a.c.s.ClusterSingletonManager - Singleton manager stopping singleton actor [akka://akka-runtime/system/sharding/_timerCoordinator/singleton]
08:04:57.677 INFO  a.c.s.ClusterSingletonManager - ClusterSingletonManager state change [WasOldest -> Stopping]
08:04:57.677 DEBUG a.c.sharding.DDataShardCoordinator - _timer: Received termination message.
08:04:57.677 INFO  a.c.s.ClusterSingletonManager - Singleton manager stopping singleton actor [akka://akka-runtime/system/singletonManagerShardedDaemonProcessCoordinator-eventSourcedProjection-passivation-race-entity-passivation-race-consumer-a/ShardedDaemonProcessCoordinator-eventSourcedProjection-passivation-race-entity-passivation-race-consumer-a]
08:04:57.677 INFO  a.c.s.ClusterSingletonManager - ClusterSingletonManager state change [WasOldest -> Stopping]
08:04:57.677 INFO  a.c.s.ClusterSingletonManager - Singleton manager stopping singleton actor [akka://akka-runtime/system/sharding/sharded-daemon-process-eventSourcedProjection-passivation-race-entity-passivation-race-viewCoordinator/singleton]
08:04:57.677 INFO  a.c.s.ClusterSingletonManager - ClusterSingletonManager state change [WasOldest -> Stopping]
08:04:57.677 INFO  a.c.s.ClusterSingletonManager - Singleton actor [akka://akka-runtime/system/singletonManagerShardedDaemonProcessCoordinator-eventSourcedProjection-passivation-race-entity-passivation-race-consumer-a/ShardedDaemonProcessCoordinator-eventSourcedProjection-passivation-race-entity-passivation-race-consumer-a] was terminated
08:04:57.677 DEBUG a.c.sharding.DDataShardCoordinator - sharded-daemon-process-eventSourcedProjection-passivation-race-entity-passivation-race-view: Received termination message.
08:04:57.677 INFO  a.c.s.ClusterSingletonManager - Singleton actor [akka://akka-runtime/system/sharding/sharded-daemon-process-eventSourcedProjection-passivation-race-entity-passivation-race-viewCoordinator/singleton] was terminated
08:04:57.677 INFO  a.c.s.ClusterSingletonManager - Singleton actor [akka://akka-runtime/system/sharding/_timerCoordinator/singleton] was terminated
08:04:57.678 DEBUG akka.actor.CoordinatedShutdown - Performing phase [cluster-exiting-done] with [1] tasks.
08:04:57.678 DEBUG akka.actor.CoordinatedShutdown - Performing task [exiting-completed] in CoordinatedShutdown phase [cluster-exiting-done]
08:04:57.678 DEBUG akka.actor.CoordinatedShutdown - Performing phase [cluster-shutdown] with [1] tasks.
08:04:57.678 DEBUG akka.actor.CoordinatedShutdown - Performing task [wait-shutdown] in CoordinatedShutdown phase [cluster-shutdown]
08:04:57.679 DEBUG akka.actor.CoordinatedShutdown - Performing phase [before-actor-system-terminate] with [2] tasks.
08:04:57.679 DEBUG akka.actor.CoordinatedShutdown - Performing task [close connection pools] in CoordinatedShutdown phase [before-actor-system-terminate]
08:04:57.680 DEBUG akka.actor.CoordinatedShutdown - Performing task [close-grpc-channels] in CoordinatedShutdown phase [before-actor-system-terminate]
08:04:57.681 DEBUG akka.actor.CoordinatedShutdown - Performing phase [actor-system-terminate] with [1] tasks.
08:04:57.681 DEBUG akka.actor.CoordinatedShutdown - Performing task [terminate-system] in CoordinatedShutdown phase [actor-system-terminate]
08:04:57.772 INFO  akka.runtime.AkkaRuntimeMain - Starting Akka Runtime version [1.6.15]
08:04:57.782 INFO  akka.javasdk.impl.ComponentLocator$ - Looking for component descriptors matching pattern [META-INF/akka-javasdk-components_*.conf]
08:04:57.790 INFO  akka.javasdk.testkit.TestKit - Eventing TestKit booting up on port: 62929
08:04:57.792 DEBUG a.c.singleton.ClusterSingletonProxy - Creating singleton identification timer...
08:04:57.793 DEBUG a.c.singleton.ClusterSingletonProxy - Singleton not available, buffering message type [kalix.runtime.SchemaSingleton$ExecDdl]
08:04:57.793 DEBUG a.c.singleton.ClusterSingletonProxy - Trying to identify singleton at [akka://akka-runtime@127.0.0.1:62930/system/singletonManagerschemaSingleton/schemaSingleton]
08:04:57.793 INFO  a.c.s.ClusterSingletonManager - Singleton manager starting singleton actor [akka://akka-runtime/system/singletonManagerschemaSingleton/schemaSingleton]
08:04:57.793 INFO  a.c.s.ClusterSingletonManager - ClusterSingletonManager state change [Start -> Oldest]
08:04:57.794 INFO  akka.javasdk.testkit.TestKit - Checking runtime status
08:04:57.853 DEBUG a.c.singleton.ClusterSingletonProxy - Trying to identify singleton at [akka://akka-runtime@127.0.0.1:62930/system/singletonManagerschemaSingleton/schemaSingleton]
08:04:57.853 INFO  a.c.singleton.ClusterSingletonProxy - Singleton identified at [akka://akka-runtime/system/singletonManagerschemaSingleton/schemaSingleton]
08:04:57.853 DEBUG a.c.singleton.ClusterSingletonProxy - Sending buffered messages to current singleton instance
08:04:57.855 INFO  a.c.s.typed.scaladsl.ClusterSharding - Starting Shard Region [passivation-race-entity]...
08:04:57.856 INFO  akka.cluster.sharding.ShardRegion - passivation-race-entity: Automatic entity passivation: composite strategy with limit of [10000] active entities, admission window (least recently used entities) with proportions [initial = 0.01, min = 0.01, max = 1.0] adapting with hill-climbing optimizer [adjust multiplier = 10.0, initial step = 0.0625, restart threshold = 0.05, step decay = 0.98], admit using frequency sketch [width multiplier = 4, reset multiplier = 10.0, depth = 4, counter bits = 4], main (least recently used entities (segmented with [2] levels with proportions of [0.20, 0.80]))
08:04:57.856 INFO  a.c.s.ClusterSingletonManager - Singleton manager starting singleton actor [akka://akka-runtime/system/sharding/passivation-race-entityCoordinator/singleton]
08:04:57.857 INFO  a.c.s.ClusterSingletonManager - ClusterSingletonManager state change [Start -> Oldest]
08:04:57.857 DEBUG a.c.sharding.DDataShardCoordinator - passivation-race-entity: Initial coordinator is empty.
08:04:57.857 INFO  a.c.sharding.DDataShardCoordinator - passivation-race-entity: ShardCoordinator was moved to the active state with [0] shards
08:04:57.858 DEBUG a.c.singleton.ClusterSingletonProxy - Forwarding message of type [SchemaSingleton$ExecDdl] to current singleton instance at [akka://akka-runtime/system/singletonManagerschemaSingleton/schemaSingleton]
08:04:57.859 INFO  akka.runtime.DiscoveryManager - Service components: EventSourcedEntity: [1], Consumer: [2], View: [1]
08:04:57.860 INFO  a.c.s.typed.scaladsl.ClusterSharding - Starting Shard Region [_timer]...
08:04:57.861 INFO  a.c.s.typed.scaladsl.ClusterSharding - Starting Shard Region [sharded-daemon-process-eventSourcedProjection-passivation-race-entity-passivation-race-consumer-a]...
08:04:57.861 INFO  akka.cluster.sharding.ShardRegion - sharded-daemon-process-eventSourcedProjection-passivation-race-entity-passivation-race-consumer-a: Automatic entity passivation: disabled
08:04:57.861 INFO  a.c.s.typed.scaladsl.ClusterSharding - Starting Shard Region [sharded-daemon-process-eventSourcedProjection-passivation-race-entity-passivation-race-consumer-b]...
08:04:57.861 INFO  akka.cluster.sharding.ShardRegion - sharded-daemon-process-eventSourcedProjection-passivation-race-entity-passivation-race-consumer-b: Automatic entity passivation: disabled
08:04:57.861 INFO  a.c.s.typed.scaladsl.ClusterSharding - Starting Shard Region [sharded-daemon-process-eventSourcedProjection-passivation-race-entity-passivation-race-view]...
08:04:57.861 DEBUG a.c.singleton.ClusterSingletonProxy - Creating singleton identification timer...
08:04:57.862 DEBUG a.c.singleton.ClusterSingletonProxy - Trying to identify singleton at [akka://akka-runtime@127.0.0.1:62930/system/singletonManagerShardedDaemonProcessCoordinator-eventSourcedProjection-passivation-race-entity-passivation-race-consumer-a/ShardedDaemonProcessCoordinator-eventSourcedProjection-passivation-race-entity-passivation-race-consumer-a]
08:04:57.862 INFO  a.c.s.ClusterSingletonManager - Singleton manager starting singleton actor [akka://akka-runtime/system/sharding/_timerCoordinator/singleton]
08:04:57.862 INFO  akka.cluster.sharding.ShardRegion - sharded-daemon-process-eventSourcedProjection-passivation-race-entity-passivation-race-view: Automatic entity passivation: disabled
08:04:57.862 INFO  a.c.s.ClusterSingletonManager - ClusterSingletonManager state change [Start -> Oldest]
08:04:57.862 DEBUG a.c.singleton.ClusterSingletonProxy - Creating singleton identification timer...
08:04:57.862 DEBUG a.c.sharding.DDataShardCoordinator - _timer: Starting remember entities store from provider akka.cluster.sharding.internal.DDataRememberEntitiesProvider@621f62c7
08:04:57.862 DEBUG a.c.singleton.ClusterSingletonProxy - Trying to identify singleton at [akka://akka-runtime@127.0.0.1:62930/system/singletonManagerShardedDaemonProcessCoordinator-eventSourcedProjection-passivation-race-entity-passivation-race-consumer-b/ShardedDaemonProcessCoordinator-eventSourcedProjection-passivation-race-entity-passivation-race-consumer-b]
08:04:57.862 DEBUG a.c.sharding.DDataShardCoordinator - _timer: Initial coordinator is empty.
08:04:57.862 INFO  a.c.sharding.DDataShardCoordinator - _timer: ShardCoordinator was moved to the active state with [0] shards
08:04:57.862 DEBUG a.c.sharding.DDataShardCoordinator - _timer: Received [0] remembered shard ids (after state initialized)
08:04:57.862 INFO  a.c.s.ClusterSingletonManager - Singleton manager starting singleton actor [akka://akka-runtime/system/sharding/sharded-daemon-process-eventSourcedProjection-passivation-race-entity-passivation-race-consumer-aCoordinator/singleton]
08:04:57.863 INFO  a.c.s.ClusterSingletonManager - ClusterSingletonManager state change [Start -> Oldest]
08:04:57.863 DEBUG a.c.sharding.DDataShardCoordinator - sharded-daemon-process-eventSourcedProjection-passivation-race-entity-passivation-race-consumer-a: Initial coordinator is empty.
08:04:57.863 INFO  a.c.sharding.DDataShardCoordinator - sharded-daemon-process-eventSourcedProjection-passivation-race-entity-passivation-race-consumer-a: ShardCoordinator was moved to the active state with [0] shards
08:04:57.863 INFO  a.c.s.ClusterSingletonManager - Singleton manager starting singleton actor [akka://akka-runtime/system/singletonManagerShardedDaemonProcessCoordinator-eventSourcedProjection-passivation-race-entity-passivation-race-consumer-a/ShardedDaemonProcessCoordinator-eventSourcedProjection-passivation-race-entity-passivation-race-consumer-a]
08:04:57.863 INFO  a.c.s.ClusterSingletonManager - ClusterSingletonManager state change [Start -> Oldest]
08:04:57.863 DEBUG a.c.s.t.i.ShardedDaemonProcessCoordinator$ - ShardedDaemonProcessCoordinator for [eventSourcedProjection-passivation-race-entity-passivation-race-consumer-a] starting
08:04:57.864 INFO  a.c.s.ClusterSingletonManager - Singleton manager starting singleton actor [akka://akka-runtime/system/sharding/sharded-daemon-process-eventSourcedProjection-passivation-race-entity-passivation-race-consumer-bCoordinator/singleton]
08:04:57.864 INFO  a.c.s.ClusterSingletonManager - ClusterSingletonManager state change [Start -> Oldest]
08:04:57.864 DEBUG a.c.singleton.ClusterSingletonProxy - Creating singleton identification timer...
08:04:57.864 DEBUG a.c.singleton.ClusterSingletonProxy - Trying to identify singleton at [akka://akka-runtime@127.0.0.1:62930/system/singletonManagerShardedDaemonProcessCoordinator-eventSourcedProjection-passivation-race-entity-passivation-race-view/ShardedDaemonProcessCoordinator-eventSourcedProjection-passivation-race-entity-passivation-race-view]
08:04:57.864 DEBUG a.c.s.t.i.ShardedDaemonProcessCoordinator$ - eventSourcedProjection-passivation-race-entity-passivation-race-consumer-a: No previous state stored for Sharded Daemon Process
08:04:57.864 INFO  a.c.s.ClusterSingletonManager - Singleton manager starting singleton actor [akka://akka-runtime/system/singletonManagerShardedDaemonProcessCoordinator-eventSourcedProjection-passivation-race-entity-passivation-race-consumer-b/ShardedDaemonProcessCoordinator-eventSourcedProjection-passivation-race-entity-passivation-race-consumer-b]
08:04:57.864 DEBUG a.c.s.t.i.ShardedDaemonProcessCoordinator$ - Sending periodic keep alive for Sharded Daemon Process [eventSourcedProjection-passivation-race-entity-passivation-race-consumer-a] to [1] processes (revision [0]).
08:04:57.864 INFO  a.c.s.ClusterSingletonManager - ClusterSingletonManager state change [Start -> Oldest]
08:04:57.864 DEBUG a.c.sharding.DDataShardCoordinator - sharded-daemon-process-eventSourcedProjection-passivation-race-entity-passivation-race-consumer-b: Initial coordinator is empty.
08:04:57.864 INFO  a.c.sharding.DDataShardCoordinator - sharded-daemon-process-eventSourcedProjection-passivation-race-entity-passivation-race-consumer-b: ShardCoordinator was moved to the active state with [0] shards
08:04:57.864 DEBUG a.c.s.t.i.ShardedDaemonProcessCoordinator$ - ShardedDaemonProcessCoordinator for [eventSourcedProjection-passivation-race-entity-passivation-race-consumer-b] starting
08:04:57.864 DEBUG a.c.s.t.i.ShardedDaemonProcessCoordinator$ - eventSourcedProjection-passivation-race-entity-passivation-race-consumer-b: No previous state stored for Sharded Daemon Process
08:04:57.864 DEBUG a.c.s.t.i.ShardedDaemonProcessCoordinator$ - Sending periodic keep alive for Sharded Daemon Process [eventSourcedProjection-passivation-race-entity-passivation-race-consumer-b] to [1] processes (revision [0]).
08:04:57.864 INFO  a.c.s.ClusterSingletonManager - Singleton manager starting singleton actor [akka://akka-runtime/system/sharding/sharded-daemon-process-eventSourcedProjection-passivation-race-entity-passivation-race-viewCoordinator/singleton]
08:04:57.864 INFO  a.c.s.ClusterSingletonManager - ClusterSingletonManager state change [Start -> Oldest]
08:04:57.865 INFO  akka.runtime.DiscoveryManager - Akka Runtime started at 127.0.0.1:62928
08:04:57.865 DEBUG a.c.sharding.DDataShardCoordinator - sharded-daemon-process-eventSourcedProjection-passivation-race-entity-passivation-race-view: Initial coordinator is empty.
08:04:57.865 INFO  a.c.sharding.DDataShardCoordinator - sharded-daemon-process-eventSourcedProjection-passivation-race-entity-passivation-race-view: ShardCoordinator was moved to the active state with [0] shards
08:04:57.865 INFO  a.c.s.ClusterSingletonManager - Singleton manager starting singleton actor [akka://akka-runtime/system/singletonManagerShardedDaemonProcessCoordinator-eventSourcedProjection-passivation-race-entity-passivation-race-view/ShardedDaemonProcessCoordinator-eventSourcedProjection-passivation-race-entity-passivation-race-view]
08:04:57.865 INFO  a.c.s.ClusterSingletonManager - ClusterSingletonManager state change [Start -> Oldest]
08:04:57.865 INFO  repro.Bootstrap - onStartup burst of 8 starting
08:04:57.865 DEBUG a.c.s.t.i.ShardedDaemonProcessCoordinator$ - ShardedDaemonProcessCoordinator for [eventSourcedProjection-passivation-race-entity-passivation-race-view] starting
08:04:57.865 DEBUG a.c.s.t.i.ShardedDaemonProcessCoordinator$ - eventSourcedProjection-passivation-race-entity-passivation-race-view: No previous state stored for Sharded Daemon Process
08:04:57.865 DEBUG a.c.s.t.i.ShardedDaemonProcessCoordinator$ - Sending periodic keep alive for Sharded Daemon Process [eventSourcedProjection-passivation-race-entity-passivation-race-view] to [1] processes (revision [0]).
08:04:57.923 DEBUG a.c.singleton.ClusterSingletonProxy - Trying to identify singleton at [akka://akka-runtime@127.0.0.1:62930/system/singletonManagerShardedDaemonProcessCoordinator-eventSourcedProjection-passivation-race-entity-passivation-race-consumer-b/ShardedDaemonProcessCoordinator-eventSourcedProjection-passivation-race-entity-passivation-race-consumer-b]
08:04:57.923 DEBUG a.c.singleton.ClusterSingletonProxy - Trying to identify singleton at [akka://akka-runtime@127.0.0.1:62930/system/singletonManagerShardedDaemonProcessCoordinator-eventSourcedProjection-passivation-race-entity-passivation-race-consumer-a/ShardedDaemonProcessCoordinator-eventSourcedProjection-passivation-race-entity-passivation-race-consumer-a]
08:04:57.923 INFO  a.c.singleton.ClusterSingletonProxy - Singleton identified at [akka://akka-runtime/system/singletonManagerShardedDaemonProcessCoordinator-eventSourcedProjection-passivation-race-entity-passivation-race-consumer-b/ShardedDaemonProcessCoordinator-eventSourcedProjection-passivation-race-entity-passivation-race-consumer-b]
08:04:57.923 INFO  a.c.singleton.ClusterSingletonProxy - Singleton identified at [akka://akka-runtime/system/singletonManagerShardedDaemonProcessCoordinator-eventSourcedProjection-passivation-race-entity-passivation-race-consumer-a/ShardedDaemonProcessCoordinator-eventSourcedProjection-passivation-race-entity-passivation-race-consumer-a]
08:04:57.923 DEBUG a.c.singleton.ClusterSingletonProxy - Sending buffered messages to current singleton instance
08:04:57.923 DEBUG a.c.singleton.ClusterSingletonProxy - Sending buffered messages to current singleton instance
08:04:57.926 INFO  akka.javasdk.testkit.TestKit - Runtime started
08:04:57.926 INFO  akka.actor.CoordinatedShutdown - Running CoordinatedShutdown with reason [ActorSystemTerminateReason]
08:04:57.927 DEBUG akka.actor.CoordinatedShutdown - Performing phase [before-service-unbind] with [0] tasks
08:04:57.927 DEBUG akka.actor.CoordinatedShutdown - Performing phase [service-unbind] with [1] tasks.
08:04:57.927 DEBUG akka.actor.CoordinatedShutdown - Performing task [http-unbind-/127.0.0.1:62928] in CoordinatedShutdown phase [service-unbind]
08:04:57.927 DEBUG akka.actor.CoordinatedShutdown - Performing phase [service-requests-done] with [1] tasks.
08:04:57.927 DEBUG akka.actor.CoordinatedShutdown - Performing task [http-terminate-/127.0.0.1:62928] in CoordinatedShutdown phase [service-requests-done]
08:04:57.927 DEBUG akka.actor.CoordinatedShutdown - Performing phase [service-stop] with [1] tasks.
08:04:57.927 DEBUG akka.actor.CoordinatedShutdown - Performing task [stop-grpc-clients] in CoordinatedShutdown phase [service-stop]
08:04:57.927 DEBUG akka.actor.CoordinatedShutdown - Performing phase [before-cluster-shutdown] with [0] tasks
08:04:57.927 DEBUG akka.actor.CoordinatedShutdown - Performing phase [cluster-sharding-shutdown-region] with [5] tasks.
08:04:57.927 DEBUG akka.actor.CoordinatedShutdown - Performing task [region-shutdown] in CoordinatedShutdown phase [cluster-sharding-shutdown-region]
08:04:57.927 DEBUG akka.actor.CoordinatedShutdown - Performing task [region-shutdown] in CoordinatedShutdown phase [cluster-sharding-shutdown-region]
08:04:57.927 DEBUG akka.actor.CoordinatedShutdown - Performing task [region-shutdown] in CoordinatedShutdown phase [cluster-sharding-shutdown-region]
08:04:57.927 DEBUG akka.actor.CoordinatedShutdown - Performing task [region-shutdown] in CoordinatedShutdown phase [cluster-sharding-shutdown-region]
08:04:57.927 DEBUG akka.actor.CoordinatedShutdown - Performing task [region-shutdown] in CoordinatedShutdown phase [cluster-sharding-shutdown-region]
08:04:57.927 DEBUG a.c.sharding.DDataShardCoordinator - sharded-daemon-process-eventSourcedProjection-passivation-race-entity-passivation-race-consumer-b: Unknown region requested graceful shutdown [Actor[akka://akka-runtime/system/sharding/sharded-daemon-process-eventSourcedProjection-passivation-race-entity-passivation-race-consumer-b#1880547278]]
08:04:57.927 DEBUG a.c.sharding.DDataShardCoordinator - passivation-race-entity: Unknown region requested graceful shutdown [Actor[akka://akka-runtime/system/sharding/passivation-race-entity#1491168903]]
08:04:57.927 DEBUG a.c.sharding.DDataShardCoordinator - _timer: Unknown region requested graceful shutdown [Actor[akka://akka-runtime/system/sharding/_timer#-1305333555]]
08:04:57.927 DEBUG a.c.sharding.DDataShardCoordinator - sharded-daemon-process-eventSourcedProjection-passivation-race-entity-passivation-race-consumer-a: Unknown region requested graceful shutdown [Actor[akka://akka-runtime/system/sharding/sharded-daemon-process-eventSourcedProjection-passivation-race-entity-passivation-race-consumer-a#-119454996]]
08:04:57.928 DEBUG a.c.sharding.DDataShardCoordinator - sharded-daemon-process-eventSourcedProjection-passivation-race-entity-passivation-race-view: Unknown region requested graceful shutdown [Actor[akka://akka-runtime/system/sharding/sharded-daemon-process-eventSourcedProjection-passivation-race-entity-passivation-race-view#502739366]]
08:04:57.931 DEBUG a.c.singleton.ClusterSingletonProxy - Trying to identify singleton at [akka://akka-runtime@127.0.0.1:62930/system/singletonManagerShardedDaemonProcessCoordinator-eventSourcedProjection-passivation-race-entity-passivation-race-view/ShardedDaemonProcessCoordinator-eventSourcedProjection-passivation-race-entity-passivation-race-view]
08:04:57.931 INFO  a.c.singleton.ClusterSingletonProxy - Singleton identified at [akka://akka-runtime/system/singletonManagerShardedDaemonProcessCoordinator-eventSourcedProjection-passivation-race-entity-passivation-race-view/ShardedDaemonProcessCoordinator-eventSourcedProjection-passivation-race-entity-passivation-race-view]
08:04:57.931 DEBUG a.c.singleton.ClusterSingletonProxy - Sending buffered messages to current singleton instance
08:04:58.123 DEBUG a.c.sharding.DDataShardCoordinator - passivation-race-entity: ShardRegion registered: [Actor[akka://akka-runtime/system/sharding/passivation-race-entity#1491168903]]
08:04:58.123 DEBUG a.c.sharding.DDataShardCoordinator - sharded-daemon-process-eventSourcedProjection-passivation-race-entity-passivation-race-consumer-a: ShardRegion registered: [Actor[akka://akka-runtime/system/sharding/sharded-daemon-process-eventSourcedProjection-passivation-race-entity-passivation-race-consumer-a#-119454996]]
08:04:58.123 DEBUG a.c.sharding.DDataShardCoordinator - sharded-daemon-process-eventSourcedProjection-passivation-race-entity-passivation-race-consumer-b: ShardRegion registered: [Actor[akka://akka-runtime/system/sharding/sharded-daemon-process-eventSourcedProjection-passivation-race-entity-passivation-race-consumer-b#1880547278]]
08:04:58.124 DEBUG a.c.sharding.DDataShardCoordinator - sharded-daemon-process-eventSourcedProjection-passivation-race-entity-passivation-race-consumer-b: The coordinator state was successfully updated with ShardRegionRegistered(Actor[akka://akka-runtime/system/sharding/sharded-daemon-process-eventSourcedProjection-passivation-race-entity-passivation-race-consumer-b#1880547278])
08:04:58.124 DEBUG a.c.sharding.DDataShardCoordinator - sharded-daemon-process-eventSourcedProjection-passivation-race-entity-passivation-race-consumer-a: The coordinator state was successfully updated with ShardRegionRegistered(Actor[akka://akka-runtime/system/sharding/sharded-daemon-process-eventSourcedProjection-passivation-race-entity-passivation-race-consumer-a#-119454996])
08:04:58.124 DEBUG a.c.sharding.DDataShardCoordinator - passivation-race-entity: The coordinator state was successfully updated with ShardRegionRegistered(Actor[akka://akka-runtime/system/sharding/passivation-race-entity#1491168903])
08:04:58.124 DEBUG a.c.sharding.DDataShardCoordinator - sharded-daemon-process-eventSourcedProjection-passivation-race-entity-passivation-race-consumer-b: The coordinator state was successfully updated with ShardHomeAllocated(0,Actor[akka://akka-runtime/system/sharding/sharded-daemon-process-eventSourcedProjection-passivation-race-entity-passivation-race-consumer-b#1880547278])
08:04:58.124 DEBUG a.c.sharding.DDataShardCoordinator - sharded-daemon-process-eventSourcedProjection-passivation-race-entity-passivation-race-consumer-a: The coordinator state was successfully updated with ShardHomeAllocated(0,Actor[akka://akka-runtime/system/sharding/sharded-daemon-process-eventSourcedProjection-passivation-race-entity-passivation-race-consumer-a#-119454996])
08:04:58.124 DEBUG a.c.sharding.DDataShardCoordinator - passivation-race-entity: The coordinator state was successfully updated with ShardHomeAllocated(92,Actor[akka://akka-runtime/system/sharding/passivation-race-entity#1491168903])
08:04:58.124 DEBUG a.c.sharding.DDataShardCoordinator - sharded-daemon-process-eventSourcedProjection-passivation-race-entity-passivation-race-consumer-b: Shard [0] allocated at [Actor[akka://akka-runtime/system/sharding/sharded-daemon-process-eventSourcedProjection-passivation-race-entity-passivation-race-consumer-b#1880547278]]
08:04:58.124 DEBUG a.c.sharding.DDataShardCoordinator - passivation-race-entity: Shard [92] allocated at [Actor[akka://akka-runtime/system/sharding/passivation-race-entity#1491168903]]
08:04:58.124 DEBUG a.c.sharding.DDataShardCoordinator - sharded-daemon-process-eventSourcedProjection-passivation-race-entity-passivation-race-consumer-a: Shard [0] allocated at [Actor[akka://akka-runtime/system/sharding/sharded-daemon-process-eventSourcedProjection-passivation-race-entity-passivation-race-consumer-a#-119454996]]
08:04:58.124 DEBUG a.c.sharding.DDataShardCoordinator - passivation-race-entity: Graceful shutdown of region [Actor[akka://akka-runtime/system/sharding/passivation-race-entity#1491168903]] with [1] shards
08:04:58.124 INFO  a.c.sharding.DDataShardCoordinator - passivation-race-entity: Starting shutting down shards [92] due to region shutting down or explicit stopping of shards.
08:04:58.124 DEBUG a.c.sharding.DDataShardCoordinator - sharded-daemon-process-eventSourcedProjection-passivation-race-entity-passivation-race-consumer-a: Graceful shutdown of region [Actor[akka://akka-runtime/system/sharding/sharded-daemon-process-eventSourcedProjection-passivation-race-entity-passivation-race-consumer-a#-119454996]] with [1] shards
08:04:58.124 DEBUG a.c.sharding.DDataShardCoordinator - sharded-daemon-process-eventSourcedProjection-passivation-race-entity-passivation-race-consumer-b: Graceful shutdown of region [Actor[akka://akka-runtime/system/sharding/sharded-daemon-process-eventSourcedProjection-passivation-race-entity-passivation-race-consumer-b#1880547278]] with [1] shards
08:04:58.124 INFO  a.c.sharding.DDataShardCoordinator - sharded-daemon-process-eventSourcedProjection-passivation-race-entity-passivation-race-consumer-a: Starting shutting down shards [0] due to region shutting down or explicit stopping of shards.
08:04:58.124 INFO  a.c.sharding.DDataShardCoordinator - sharded-daemon-process-eventSourcedProjection-passivation-race-entity-passivation-race-consumer-b: Starting shutting down shards [0] due to region shutting down or explicit stopping of shards.
08:04:58.125 DEBUG a.c.s.ShardCoordinator$RebalanceWorker - sharded-daemon-process-eventSourcedProjection-passivation-race-entity-passivation-race-consumer-a: Shutting down shard [0] from region [Actor[akka://akka-runtime/system/sharding/sharded-daemon-process-eventSourcedProjection-passivation-race-entity-passivation-race-consumer-a#-119454996]]. Asking [1] region(s) to hand-off shard
08:04:58.125 DEBUG a.c.s.ShardCoordinator$RebalanceWorker - sharded-daemon-process-eventSourcedProjection-passivation-race-entity-passivation-race-consumer-b: Shutting down shard [0] from region [Actor[akka://akka-runtime/system/sharding/sharded-daemon-process-eventSourcedProjection-passivation-race-entity-passivation-race-consumer-b#1880547278]]. Asking [1] region(s) to hand-off shard
08:04:58.125 DEBUG akka.cluster.sharding.Shard - sharded-daemon-process-eventSourcedProjection-passivation-race-entity-passivation-race-consumer-a: Shard initialized
08:04:58.125 DEBUG akka.cluster.sharding.Shard - sharded-daemon-process-eventSourcedProjection-passivation-race-entity-passivation-race-consumer-b: Shard initialized
08:04:58.125 DEBUG a.c.s.ShardCoordinator$RebalanceWorker - sharded-daemon-process-eventSourcedProjection-passivation-race-entity-passivation-race-consumer-b: BeginHandOffAck for shard [0] received from [Actor[akka://akka-runtime/system/sharding/sharded-daemon-process-eventSourcedProjection-passivation-race-entity-passivation-race-consumer-b#1880547278]].
08:04:58.125 DEBUG a.c.s.ShardCoordinator$RebalanceWorker - sharded-daemon-process-eventSourcedProjection-passivation-race-entity-passivation-race-consumer-b: All shard regions acked, handing off shard [0].
08:04:58.125 DEBUG a.c.s.ShardCoordinator$RebalanceWorker - passivation-race-entity: Shutting down shard [92] from region [Actor[akka://akka-runtime/system/sharding/passivation-race-entity#1491168903]]. Asking [1] region(s) to hand-off shard
08:04:58.125 DEBUG akka.cluster.sharding.Shard - sharded-daemon-process-eventSourcedProjection-passivation-race-entity-passivation-race-consumer-b: Request to start entity [0] and ack to [Some(Actor[akka://akka-runtime/deadLetters])]
08:04:58.125 DEBUG akka.cluster.sharding.Shard - sharded-daemon-process-eventSourcedProjection-passivation-race-entity-passivation-race-consumer-a: Request to start entity [0] and ack to [Some(Actor[akka://akka-runtime/deadLetters])]
08:04:58.125 DEBUG a.c.s.ShardCoordinator$RebalanceWorker - passivation-race-entity: BeginHandOffAck for shard [92] received from [Actor[akka://akka-runtime/system/sharding/passivation-race-entity#1491168903]].
08:04:58.125 DEBUG a.c.s.ShardCoordinator$RebalanceWorker - passivation-race-entity: All shard regions acked, handing off shard [92].
08:04:58.125 DEBUG akka.cluster.sharding.Shard - passivation-race-entity: Shard initialized
08:04:58.125 DEBUG a.c.s.ShardCoordinator$RebalanceWorker - sharded-daemon-process-eventSourcedProjection-passivation-race-entity-passivation-race-consumer-a: BeginHandOffAck for shard [0] received from [Actor[akka://akka-runtime/system/sharding/sharded-daemon-process-eventSourcedProjection-passivation-race-entity-passivation-race-consumer-a#-119454996]].
08:04:58.125 DEBUG a.c.s.ShardCoordinator$RebalanceWorker - sharded-daemon-process-eventSourcedProjection-passivation-race-entity-passivation-race-consumer-a: All shard regions acked, handing off shard [0].
08:04:58.125 WARN  akka.cluster.sharding.ShardRegion - passivation-race-entity: Dropping [1] buffered messages to shard [92] during hand off to avoid re-ordering
08:04:58.125 DEBUG akka.cluster.sharding.Shard - passivation-race-entity: HandOff shard [92]
08:04:58.125 DEBUG akka.cluster.sharding.Shard - sharded-daemon-process-eventSourcedProjection-passivation-race-entity-passivation-race-consumer-b: Started entity [Actor[akka://akka-runtime/system/sharding/sharded-daemon-process-eventSourcedProjection-passivation-race-entity-passivation-race-consumer-b/0/0#-106634484]] with entity id [0] in shard [0]
08:04:58.125 DEBUG a.c.s.t.i.ShardedDaemonProcessState$ - eventSourcedProjection-passivation-race-entity-passivation-race-consumer-a: Deferred start of worker to verify its revision [0] is the latest
08:04:58.125 DEBUG akka.cluster.sharding.Shard - sharded-daemon-process-eventSourcedProjection-passivation-race-entity-passivation-race-consumer-a: Started entity [Actor[akka://akka-runtime/system/sharding/sharded-daemon-process-eventSourcedProjection-passivation-race-entity-passivation-race-consumer-a/0/0#1780949150]] with entity id [0] in shard [0]
08:04:58.125 DEBUG akka.cluster.sharding.Shard - passivation-race-entity: Shard [92] shutting down
08:04:58.125 DEBUG akka.cluster.sharding.Shard - sharded-daemon-process-eventSourcedProjection-passivation-race-entity-passivation-race-consumer-a: HandOff shard [0]
08:04:58.125 DEBUG akka.cluster.sharding.Shard - sharded-daemon-process-eventSourcedProjection-passivation-race-entity-passivation-race-consumer-b: HandOff shard [0]
08:04:58.125 DEBUG akka.cluster.sharding.Shard - sharded-daemon-process-eventSourcedProjection-passivation-race-entity-passivation-race-consumer-a: Starting HandOffStopper for shard [0] to terminate [1] entities.
08:04:58.125 DEBUG akka.cluster.sharding.Shard - sharded-daemon-process-eventSourcedProjection-passivation-race-entity-passivation-race-consumer-b: Starting HandOffStopper for shard [0] to terminate [1] entities.
08:04:58.125 DEBUG a.c.sharding.DDataShardCoordinator - passivation-race-entity: Shard [92] deallocation completed successfully.
08:04:58.125 DEBUG a.c.s.t.i.ShardedDaemonProcessState$ - eventSourcedProjection-passivation-race-entity-passivation-race-consumer-b: Deferred start of worker to verify its revision [0] is the latest
08:04:58.125 INFO  a.c.s.t.i.ShardedDaemonProcessState$ - eventSourcedProjection-passivation-race-entity-passivation-race-consumer-a: Starting Sharded Daemon Process [0] out of a total [1] (revision [0] and no state found)
08:04:58.125 DEBUG a.c.sharding.DDataShardCoordinator - passivation-race-entity: The coordinator state was successfully updated with ShardHomeDeallocated(92)
08:04:58.125 DEBUG a.c.sharding.DDataShardCoordinator - passivation-race-entity: Shard [92] deallocated after
08:04:58.125 INFO  a.c.s.t.i.ShardedDaemonProcessState$ - eventSourcedProjection-passivation-race-entity-passivation-race-consumer-b: Starting Sharded Daemon Process [0] out of a total [1] (revision [0] and no state found)
08:04:58.125 DEBUG a.c.sharding.DDataShardCoordinator - passivation-race-entity: ShardRegion terminated (gracefully): [Actor[akka://akka-runtime/system/sharding/passivation-race-entity#1491168903]] {}
08:04:58.125 DEBUG a.c.sharding.DDataShardCoordinator - passivation-race-entity: GetShardHome [92] request from [Actor[akka://local/ignore]] stashed, because waiting for initial state or update of state. It will be handled afterwards.
08:04:58.126 DEBUG a.c.sharding.DDataShardCoordinator - sharded-daemon-process-eventSourcedProjection-passivation-race-entity-passivation-race-consumer-a: Shard [0] deallocation completed successfully.
08:04:58.126 DEBUG akka.cluster.sharding.Shard - sharded-daemon-process-eventSourcedProjection-passivation-race-entity-passivation-race-consumer-a: Shard [0] shutting down
08:04:58.126 DEBUG a.c.sharding.DDataShardCoordinator - passivation-race-entity: The coordinator state was successfully updated with ShardRegionTerminated(Actor[akka://akka-runtime/system/sharding/passivation-race-entity#1491168903])
08:04:58.126 DEBUG a.c.sharding.DDataShardCoordinator - passivation-race-entity: ShardRegion stopped: [Actor[akka://akka-runtime/system/sharding/passivation-race-entity#1491168903]]
08:04:58.126 DEBUG a.c.sharding.DDataShardCoordinator - sharded-daemon-process-eventSourcedProjection-passivation-race-entity-passivation-race-consumer-a: The coordinator state was successfully updated with ShardHomeDeallocated(0)
08:04:58.126 DEBUG a.c.sharding.DDataShardCoordinator - sharded-daemon-process-eventSourcedProjection-passivation-race-entity-passivation-race-consumer-a: Shard [0] deallocated after
08:04:58.126 DEBUG a.c.sharding.DDataShardCoordinator - sharded-daemon-process-eventSourcedProjection-passivation-race-entity-passivation-race-consumer-a: ShardRegion terminated (gracefully): [Actor[akka://akka-runtime/system/sharding/sharded-daemon-process-eventSourcedProjection-passivation-race-entity-passivation-race-consumer-a#-119454996]] {}
08:04:58.126 DEBUG a.c.sharding.DDataShardCoordinator - sharded-daemon-process-eventSourcedProjection-passivation-race-entity-passivation-race-consumer-a: GetShardHome [0] request from [Actor[akka://local/ignore]] stashed, because waiting for initial state or update of state. It will be handled afterwards.
08:04:58.126 DEBUG a.c.sharding.DDataShardCoordinator - sharded-daemon-process-eventSourcedProjection-passivation-race-entity-passivation-race-consumer-a: The coordinator state was successfully updated with ShardRegionTerminated(Actor[akka://akka-runtime/system/sharding/sharded-daemon-process-eventSourcedProjection-passivation-race-entity-passivation-race-consumer-a#-119454996])
08:04:58.126 DEBUG a.c.sharding.DDataShardCoordinator - sharded-daemon-process-eventSourcedProjection-passivation-race-entity-passivation-race-consumer-a: ShardRegion stopped: [Actor[akka://akka-runtime/system/sharding/sharded-daemon-process-eventSourcedProjection-passivation-race-entity-passivation-race-consumer-a#-119454996]]
08:04:58.133 DEBUG a.c.sharding.DDataShardCoordinator - sharded-daemon-process-eventSourcedProjection-passivation-race-entity-passivation-race-view: ShardRegion registered: [Actor[akka://akka-runtime/system/sharding/sharded-daemon-process-eventSourcedProjection-passivation-race-entity-passivation-race-view#502739366]]
08:04:58.134 DEBUG a.c.sharding.DDataShardCoordinator - sharded-daemon-process-eventSourcedProjection-passivation-race-entity-passivation-race-view: The coordinator state was successfully updated with ShardRegionRegistered(Actor[akka://akka-runtime/system/sharding/sharded-daemon-process-eventSourcedProjection-passivation-race-entity-passivation-race-view#502739366])
08:04:58.134 DEBUG a.c.sharding.DDataShardCoordinator - sharded-daemon-process-eventSourcedProjection-passivation-race-entity-passivation-race-view: The coordinator state was successfully updated with ShardHomeAllocated(0,Actor[akka://akka-runtime/system/sharding/sharded-daemon-process-eventSourcedProjection-passivation-race-entity-passivation-race-view#502739366])
08:04:58.134 DEBUG a.c.sharding.DDataShardCoordinator - sharded-daemon-process-eventSourcedProjection-passivation-race-entity-passivation-race-view: Shard [0] allocated at [Actor[akka://akka-runtime/system/sharding/sharded-daemon-process-eventSourcedProjection-passivation-race-entity-passivation-race-view#502739366]]
08:04:58.134 DEBUG a.c.sharding.DDataShardCoordinator - sharded-daemon-process-eventSourcedProjection-passivation-race-entity-passivation-race-view: Graceful shutdown of region [Actor[akka://akka-runtime/system/sharding/sharded-daemon-process-eventSourcedProjection-passivation-race-entity-passivation-race-view#502739366]] with [1] shards
08:04:58.134 INFO  a.c.sharding.DDataShardCoordinator - sharded-daemon-process-eventSourcedProjection-passivation-race-entity-passivation-race-view: Starting shutting down shards [0] due to region shutting down or explicit stopping of shards.
08:04:58.134 DEBUG akka.cluster.sharding.Shard - sharded-daemon-process-eventSourcedProjection-passivation-race-entity-passivation-race-view: Shard initialized
08:04:58.135 DEBUG a.c.s.ShardCoordinator$RebalanceWorker - sharded-daemon-process-eventSourcedProjection-passivation-race-entity-passivation-race-view: Shutting down shard [0] from region [Actor[akka://akka-runtime/system/sharding/sharded-daemon-process-eventSourcedProjection-passivation-race-entity-passivation-race-view#502739366]]. Asking [1] region(s) to hand-off shard
08:04:58.135 DEBUG akka.cluster.sharding.Shard - sharded-daemon-process-eventSourcedProjection-passivation-race-entity-passivation-race-view: Request to start entity [0] and ack to [Some(Actor[akka://akka-runtime/deadLetters])]
08:04:58.135 DEBUG a.c.s.ShardCoordinator$RebalanceWorker - sharded-daemon-process-eventSourcedProjection-passivation-race-entity-passivation-race-view: BeginHandOffAck for shard [0] received from [Actor[akka://akka-runtime/system/sharding/sharded-daemon-process-eventSourcedProjection-passivation-race-entity-passivation-race-view#502739366]].
08:04:58.135 DEBUG a.c.s.ShardCoordinator$RebalanceWorker - sharded-daemon-process-eventSourcedProjection-passivation-race-entity-passivation-race-view: All shard regions acked, handing off shard [0].
08:04:58.135 DEBUG akka.cluster.sharding.Shard - sharded-daemon-process-eventSourcedProjection-passivation-race-entity-passivation-race-view: Started entity [Actor[akka://akka-runtime/system/sharding/sharded-daemon-process-eventSourcedProjection-passivation-race-entity-passivation-race-view/0/0#436799675]] with entity id [0] in shard [0]
08:04:58.135 DEBUG akka.cluster.sharding.Shard - sharded-daemon-process-eventSourcedProjection-passivation-race-entity-passivation-race-view: HandOff shard [0]
08:04:58.135 DEBUG akka.cluster.sharding.Shard - sharded-daemon-process-eventSourcedProjection-passivation-race-entity-passivation-race-view: Starting HandOffStopper for shard [0] to terminate [1] entities.
08:04:58.135 DEBUG a.c.s.t.i.ShardedDaemonProcessState$ - eventSourcedProjection-passivation-race-entity-passivation-race-view: Deferred start of worker to verify its revision [0] is the latest
08:04:58.135 INFO  a.c.s.t.i.ShardedDaemonProcessState$ - eventSourcedProjection-passivation-race-entity-passivation-race-view: Starting Sharded Daemon Process [0] out of a total [1] (revision [0] and no state found)
08:04:58.892 WARN  a.c.s.ShardRegion$HandOffStopper - sharded-daemon-process-eventSourcedProjection-passivation-race-entity-passivation-race-consumer-b: [1] of the entities in shard [0] not stopped after [750 milliseconds]. Maybe the handOffStopMessage [akka.projection.ProjectionBehavior$Stop$] is not handled? Waiting additional [250 milliseconds] before stopping the remaining entities.
08:04:58.903 WARN  a.c.s.ShardRegion$HandOffStopper - sharded-daemon-process-eventSourcedProjection-passivation-race-entity-passivation-race-view: [1] of the entities in shard [0] not stopped after [750 milliseconds]. Maybe the handOffStopMessage [akka.projection.ProjectionBehavior$Stop$] is not handled? Waiting additional [250 milliseconds] before stopping the remaining entities.
08:04:59.143 WARN  a.c.s.ShardRegion$HandOffStopper - sharded-daemon-process-eventSourcedProjection-passivation-race-entity-passivation-race-consumer-b: HandOffStopMessage [akka.projection.ProjectionBehavior$Stop$] is not handled by some of the entities in shard [0] after [1 second], stopping the remaining [1] entities.
08:04:59.143 DEBUG a.c.sharding.DDataShardCoordinator - sharded-daemon-process-eventSourcedProjection-passivation-race-entity-passivation-race-consumer-b: Shard [0] deallocation completed successfully.
08:04:59.143 DEBUG akka.cluster.sharding.Shard - sharded-daemon-process-eventSourcedProjection-passivation-race-entity-passivation-race-consumer-b: Shard [0] shutting down
08:04:59.144 DEBUG a.c.sharding.DDataShardCoordinator - sharded-daemon-process-eventSourcedProjection-passivation-race-entity-passivation-race-consumer-b: The coordinator state was successfully updated with ShardHomeDeallocated(0)
08:04:59.144 DEBUG a.c.sharding.DDataShardCoordinator - sharded-daemon-process-eventSourcedProjection-passivation-race-entity-passivation-race-consumer-b: Shard [0] deallocated after
08:04:59.144 DEBUG a.c.sharding.DDataShardCoordinator - sharded-daemon-process-eventSourcedProjection-passivation-race-entity-passivation-race-consumer-b: ShardRegion terminated (gracefully): [Actor[akka://akka-runtime/system/sharding/sharded-daemon-process-eventSourcedProjection-passivation-race-entity-passivation-race-consumer-b#1880547278]] {}
08:04:59.144 DEBUG a.c.sharding.DDataShardCoordinator - sharded-daemon-process-eventSourcedProjection-passivation-race-entity-passivation-race-consumer-b: GetShardHome [0] request from [Actor[akka://local/ignore]] stashed, because waiting for initial state or update of state. It will be handled afterwards.
08:04:59.144 DEBUG a.c.sharding.DDataShardCoordinator - sharded-daemon-process-eventSourcedProjection-passivation-race-entity-passivation-race-consumer-b: The coordinator state was successfully updated with ShardRegionTerminated(Actor[akka://akka-runtime/system/sharding/sharded-daemon-process-eventSourcedProjection-passivation-race-entity-passivation-race-consumer-b#1880547278])
08:04:59.144 DEBUG a.c.sharding.DDataShardCoordinator - sharded-daemon-process-eventSourcedProjection-passivation-race-entity-passivation-race-consumer-b: ShardRegion stopped: [Actor[akka://akka-runtime/system/sharding/sharded-daemon-process-eventSourcedProjection-passivation-race-entity-passivation-race-consumer-b#1880547278]]
08:04:59.154 WARN  a.c.s.ShardRegion$HandOffStopper - sharded-daemon-process-eventSourcedProjection-passivation-race-entity-passivation-race-view: HandOffStopMessage [akka.projection.ProjectionBehavior$Stop$] is not handled by some of the entities in shard [0] after [1 second], stopping the remaining [1] entities.
08:04:59.154 DEBUG a.c.sharding.DDataShardCoordinator - sharded-daemon-process-eventSourcedProjection-passivation-race-entity-passivation-race-view: Shard [0] deallocation completed successfully.
08:04:59.154 DEBUG akka.cluster.sharding.Shard - sharded-daemon-process-eventSourcedProjection-passivation-race-entity-passivation-race-view: Shard [0] shutting down
08:04:59.155 DEBUG akka.actor.CoordinatedShutdown - Performing phase [cluster-leave] with [1] tasks.
08:04:59.155 DEBUG akka.actor.CoordinatedShutdown - Performing task [leave] in CoordinatedShutdown phase [cluster-leave]
08:04:59.155 DEBUG a.c.sharding.DDataShardCoordinator - sharded-daemon-process-eventSourcedProjection-passivation-race-entity-passivation-race-view: The coordinator state was successfully updated with ShardHomeDeallocated(0)
08:04:59.155 DEBUG a.c.sharding.DDataShardCoordinator - sharded-daemon-process-eventSourcedProjection-passivation-race-entity-passivation-race-view: Shard [0] deallocated after
08:04:59.155 DEBUG a.c.sharding.DDataShardCoordinator - sharded-daemon-process-eventSourcedProjection-passivation-race-entity-passivation-race-view: ShardRegion terminated (gracefully): [Actor[akka://akka-runtime/system/sharding/sharded-daemon-process-eventSourcedProjection-passivation-race-entity-passivation-race-view#502739366]] {}
08:04:59.155 DEBUG a.c.sharding.DDataShardCoordinator - sharded-daemon-process-eventSourcedProjection-passivation-race-entity-passivation-race-view: GetShardHome [0] request from [Actor[akka://local/ignore]] stashed, because waiting for initial state or update of state. It will be handled afterwards.
08:04:59.155 DEBUG a.c.sharding.DDataShardCoordinator - sharded-daemon-process-eventSourcedProjection-passivation-race-entity-passivation-race-view: The coordinator state was successfully updated with ShardRegionTerminated(Actor[akka://akka-runtime/system/sharding/sharded-daemon-process-eventSourcedProjection-passivation-race-entity-passivation-race-view#502739366])
08:04:59.155 DEBUG a.c.sharding.DDataShardCoordinator - sharded-daemon-process-eventSourcedProjection-passivation-race-entity-passivation-race-view: ShardRegion stopped: [Actor[akka://akka-runtime/system/sharding/sharded-daemon-process-eventSourcedProjection-passivation-race-entity-passivation-race-view#502739366]]
08:04:59.156 DEBUG akka.actor.CoordinatedShutdown - Performing phase [cluster-exiting] with [28] tasks.
08:04:59.156 DEBUG akka.actor.CoordinatedShutdown - Performing task [singleton-exiting-1] in CoordinatedShutdown phase [cluster-exiting]
08:04:59.156 DEBUG akka.actor.CoordinatedShutdown - Performing task [singleton-exiting-2] in CoordinatedShutdown phase [cluster-exiting]
08:04:59.156 DEBUG akka.actor.CoordinatedShutdown - Performing task [wait-singleton-exiting] in CoordinatedShutdown phase [cluster-exiting]
08:04:59.156 DEBUG akka.actor.CoordinatedShutdown - Performing task [wait-singleton-exiting] in CoordinatedShutdown phase [cluster-exiting]
08:04:59.156 DEBUG akka.actor.CoordinatedShutdown - Performing task [wait-singleton-exiting] in CoordinatedShutdown phase [cluster-exiting]
08:04:59.156 DEBUG akka.actor.CoordinatedShutdown - Performing task [singleton-exiting-1] in CoordinatedShutdown phase [cluster-exiting]
08:04:59.156 DEBUG akka.actor.CoordinatedShutdown - Performing task [singleton-exiting-1] in CoordinatedShutdown phase [cluster-exiting]
08:04:59.156 DEBUG akka.actor.CoordinatedShutdown - Performing task [singleton-exiting-2] in CoordinatedShutdown phase [cluster-exiting]
08:04:59.156 INFO  a.c.s.ClusterSingletonManager - Oldest observed OldestChanged: [akka://akka-runtime@127.0.0.1:62930 -> None]
08:04:59.156 DEBUG akka.actor.CoordinatedShutdown - Performing task [singleton-exiting-2] in CoordinatedShutdown phase [cluster-exiting]
08:04:59.156 DEBUG akka.actor.CoordinatedShutdown - Performing task [singleton-exiting-1] in CoordinatedShutdown phase [cluster-exiting]
08:04:59.156 INFO  a.c.s.ClusterSingletonManager - Exited [akka://akka-runtime@127.0.0.1:62930].
08:04:59.156 DEBUG akka.actor.CoordinatedShutdown - Performing task [singleton-exiting-2] in CoordinatedShutdown phase [cluster-exiting]
08:04:59.156 DEBUG akka.actor.CoordinatedShutdown - Performing task [singleton-exiting-2] in CoordinatedShutdown phase [cluster-exiting]
08:04:59.156 INFO  a.c.s.ClusterSingletonManager - ClusterSingletonManager state change [Oldest -> WasOldest]
08:04:59.156 DEBUG akka.actor.CoordinatedShutdown - Performing task [singleton-exiting-1] in CoordinatedShutdown phase [cluster-exiting]
08:04:59.156 DEBUG akka.actor.CoordinatedShutdown - Performing task [wait-singleton-exiting] in CoordinatedShutdown phase [cluster-exiting]
08:04:59.156 DEBUG akka.actor.CoordinatedShutdown - Performing task [wait-singleton-exiting] in CoordinatedShutdown phase [cluster-exiting]
08:04:59.156 INFO  a.c.s.ClusterSingletonManager - Exited [akka://akka-runtime@127.0.0.1:62930].
08:04:59.156 DEBUG akka.actor.CoordinatedShutdown - Performing task [singleton-exiting-2] in CoordinatedShutdown phase [cluster-exiting]
08:04:59.156 INFO  a.c.s.ClusterSingletonManager - Exited [akka://akka-runtime@127.0.0.1:62930].
08:04:59.156 DEBUG akka.actor.CoordinatedShutdown - Performing task [wait-exiting] in CoordinatedShutdown phase [cluster-exiting]
08:04:59.156 INFO  a.c.s.ClusterSingletonManager - Oldest observed OldestChanged: [akka://akka-runtime@127.0.0.1:62930 -> None]
08:04:59.156 DEBUG akka.actor.CoordinatedShutdown - Performing task [singleton-exiting-2] in CoordinatedShutdown phase [cluster-exiting]
08:04:59.156 INFO  a.c.s.ClusterSingletonManager - Oldest observed OldestChanged: [akka://akka-runtime@127.0.0.1:62930 -> None]
08:04:59.156 DEBUG akka.actor.CoordinatedShutdown - Performing task [singleton-exiting-2] in CoordinatedShutdown phase [cluster-exiting]
08:04:59.156 INFO  a.c.s.ClusterSingletonManager - ClusterSingletonManager state change [Oldest -> WasOldest]
08:04:59.156 INFO  a.c.s.ClusterSingletonManager - ClusterSingletonManager state change [Oldest -> WasOldest]
08:04:59.156 DEBUG akka.actor.CoordinatedShutdown - Performing task [singleton-exiting-1] in CoordinatedShutdown phase [cluster-exiting]
08:04:59.156 DEBUG akka.actor.CoordinatedShutdown - Performing task [wait-singleton-exiting] in CoordinatedShutdown phase [cluster-exiting]
08:04:59.156 INFO  a.c.s.ClusterSingletonManager - Exited [akka://akka-runtime@127.0.0.1:62930].
08:04:59.156 DEBUG akka.actor.CoordinatedShutdown - Performing task [singleton-exiting-1] in CoordinatedShutdown phase [cluster-exiting]
08:04:59.156 INFO  a.c.s.ClusterSingletonManager - Exited [akka://akka-runtime@127.0.0.1:62930].
08:04:59.157 DEBUG akka.actor.CoordinatedShutdown - Performing task [singleton-exiting-1] in CoordinatedShutdown phase [cluster-exiting]
08:04:59.157 INFO  a.c.s.ClusterSingletonManager - Oldest observed OldestChanged: [akka://akka-runtime@127.0.0.1:62930 -> None]
08:04:59.157 DEBUG akka.actor.CoordinatedShutdown - Performing task [wait-singleton-exiting] in CoordinatedShutdown phase [cluster-exiting]
08:04:59.157 INFO  a.c.s.ClusterSingletonManager - Exited [akka://akka-runtime@127.0.0.1:62930].
08:04:59.157 DEBUG akka.actor.CoordinatedShutdown - Performing task [wait-singleton-exiting] in CoordinatedShutdown phase [cluster-exiting]
08:04:59.157 INFO  a.c.s.ClusterSingletonManager - ClusterSingletonManager state change [Oldest -> WasOldest]
08:04:59.157 DEBUG akka.actor.CoordinatedShutdown - Performing task [singleton-exiting-1] in CoordinatedShutdown phase [cluster-exiting]
08:04:59.157 DEBUG akka.actor.CoordinatedShutdown - Performing task [wait-singleton-exiting] in CoordinatedShutdown phase [cluster-exiting]
08:04:59.157 INFO  a.c.s.ClusterSingletonManager - Exited [akka://akka-runtime@127.0.0.1:62930].
08:04:59.157 DEBUG akka.actor.CoordinatedShutdown - Performing task [singleton-exiting-2] in CoordinatedShutdown phase [cluster-exiting]
08:04:59.157 INFO  a.c.s.ClusterSingletonManager - Oldest observed OldestChanged: [akka://akka-runtime@127.0.0.1:62930 -> None]
08:04:59.157 INFO  a.c.s.ClusterSingletonManager - Exited [akka://akka-runtime@127.0.0.1:62930].
08:04:59.157 INFO  a.c.s.ClusterSingletonManager - ClusterSingletonManager state change [Oldest -> WasOldest]
08:04:59.157 INFO  a.c.s.ClusterSingletonManager - Oldest observed OldestChanged: [akka://akka-runtime@127.0.0.1:62930 -> None]
08:04:59.157 INFO  a.c.s.ClusterSingletonManager - Oldest observed OldestChanged: [akka://akka-runtime@127.0.0.1:62930 -> None]
08:04:59.157 INFO  a.c.s.ClusterSingletonManager - ClusterSingletonManager state change [Oldest -> WasOldest]
08:04:59.157 INFO  a.c.s.ClusterSingletonManager - ClusterSingletonManager state change [Oldest -> WasOldest]
08:04:59.157 INFO  a.c.s.ClusterSingletonManager - Oldest observed OldestChanged: [akka://akka-runtime@127.0.0.1:62930 -> None]
08:04:59.157 INFO  a.c.s.ClusterSingletonManager - Exited [akka://akka-runtime@127.0.0.1:62930].
08:04:59.157 INFO  a.c.s.ClusterSingletonManager - Oldest observed OldestChanged: [akka://akka-runtime@127.0.0.1:62930 -> None]
08:04:59.157 INFO  a.c.s.ClusterSingletonManager - ClusterSingletonManager state change [Oldest -> WasOldest]
08:04:59.157 INFO  a.c.s.ClusterSingletonManager - ClusterSingletonManager state change [Oldest -> WasOldest]
08:04:59.764 DEBUG a.c.singleton.ClusterSingletonProxy - Creating singleton identification timer...
08:04:59.764 DEBUG a.c.singleton.ClusterSingletonProxy - Creating singleton identification timer...
08:04:59.764 DEBUG a.c.singleton.ClusterSingletonProxy - Creating singleton identification timer...
08:04:59.764 DEBUG a.c.singleton.ClusterSingletonProxy - Creating singleton identification timer...
08:05:00.174 INFO  a.c.s.ClusterSingletonManager - Singleton manager stopping singleton actor [akka://akka-runtime/system/sharding/sharded-daemon-process-eventSourcedProjection-passivation-race-entity-passivation-race-consumer-bCoordinator/singleton]
08:05:00.174 INFO  a.c.s.ClusterSingletonManager - Singleton manager stopping singleton actor [akka://akka-runtime/system/singletonManagerShardedDaemonProcessCoordinator-eventSourcedProjection-passivation-race-entity-passivation-race-consumer-a/ShardedDaemonProcessCoordinator-eventSourcedProjection-passivation-race-entity-passivation-race-consumer-a]
08:05:00.174 INFO  a.c.s.ClusterSingletonManager - Singleton manager stopping singleton actor [akka://akka-runtime/system/sharding/_timerCoordinator/singleton]
08:05:00.174 INFO  a.c.s.ClusterSingletonManager - Singleton manager stopping singleton actor [akka://akka-runtime/system/sharding/sharded-daemon-process-eventSourcedProjection-passivation-race-entity-passivation-race-viewCoordinator/singleton]
08:05:00.174 INFO  a.c.s.ClusterSingletonManager - Singleton manager stopping singleton actor [akka://akka-runtime/system/singletonManagerShardedDaemonProcessCoordinator-eventSourcedProjection-passivation-race-entity-passivation-race-view/ShardedDaemonProcessCoordinator-eventSourcedProjection-passivation-race-entity-passivation-race-view]
08:05:00.174 INFO  a.c.s.ClusterSingletonManager - ClusterSingletonManager state change [WasOldest -> Stopping]
08:05:00.174 INFO  a.c.s.ClusterSingletonManager - ClusterSingletonManager state change [WasOldest -> Stopping]
08:05:00.174 INFO  a.c.s.ClusterSingletonManager - ClusterSingletonManager state change [WasOldest -> Stopping]
08:05:00.174 INFO  a.c.s.ClusterSingletonManager - ClusterSingletonManager state change [WasOldest -> Stopping]
08:05:00.174 INFO  a.c.s.ClusterSingletonManager - ClusterSingletonManager state change [WasOldest -> Stopping]
08:05:00.174 INFO  a.c.s.ClusterSingletonManager - Singleton manager stopping singleton actor [akka://akka-runtime/system/singletonManagerShardedDaemonProcessCoordinator-eventSourcedProjection-passivation-race-entity-passivation-race-consumer-b/ShardedDaemonProcessCoordinator-eventSourcedProjection-passivation-race-entity-passivation-race-consumer-b]
08:05:00.174 INFO  a.c.s.ClusterSingletonManager - ClusterSingletonManager state change [WasOldest -> Stopping]
08:05:00.174 DEBUG a.c.sharding.DDataShardCoordinator - _timer: Received termination message.
08:05:00.174 DEBUG a.c.sharding.DDataShardCoordinator - sharded-daemon-process-eventSourcedProjection-passivation-race-entity-passivation-race-consumer-b: Received termination message.
08:05:00.174 DEBUG a.c.sharding.DDataShardCoordinator - sharded-daemon-process-eventSourcedProjection-passivation-race-entity-passivation-race-view: Received termination message.
08:05:00.174 INFO  a.c.s.ClusterSingletonManager - Singleton manager stopping singleton actor [akka://akka-runtime/system/singletonManagerschemaSingleton/schemaSingleton]
08:05:00.174 INFO  a.c.s.ClusterSingletonManager - Singleton manager stopping singleton actor [akka://akka-runtime/system/sharding/passivation-race-entityCoordinator/singleton]
08:05:00.174 INFO  a.c.s.ClusterSingletonManager - Singleton manager stopping singleton actor [akka://akka-runtime/system/sharding/sharded-daemon-process-eventSourcedProjection-passivation-race-entity-passivation-race-consumer-aCoordinator/singleton]
08:05:00.174 INFO  a.c.s.ClusterSingletonManager - ClusterSingletonManager state change [WasOldest -> Stopping]
08:05:00.174 INFO  a.c.s.ClusterSingletonManager - ClusterSingletonManager state change [WasOldest -> Stopping]
08:05:00.174 INFO  a.c.s.ClusterSingletonManager - ClusterSingletonManager state change [WasOldest -> Stopping]
08:05:00.174 DEBUG a.c.sharding.DDataShardCoordinator - passivation-race-entity: Received termination message.
08:05:00.174 DEBUG a.c.sharding.DDataShardCoordinator - sharded-daemon-process-eventSourcedProjection-passivation-race-entity-passivation-race-consumer-a: Received termination message.
08:05:00.174 INFO  a.c.s.ClusterSingletonManager - Singleton actor [akka://akka-runtime/system/singletonManagerShardedDaemonProcessCoordinator-eventSourcedProjection-passivation-race-entity-passivation-race-consumer-b/ShardedDaemonProcessCoordinator-eventSourcedProjection-passivation-race-entity-passivation-race-consumer-b] was terminated
08:05:00.175 INFO  a.c.s.ClusterSingletonManager - Singleton actor [akka://akka-runtime/system/singletonManagerschemaSingleton/schemaSingleton] was terminated
08:05:00.175 INFO  a.c.s.ClusterSingletonManager - Singleton actor [akka://akka-runtime/system/sharding/passivation-race-entityCoordinator/singleton] was terminated
08:05:00.175 INFO  a.c.s.ClusterSingletonManager - Singleton actor [akka://akka-runtime/system/sharding/_timerCoordinator/singleton] was terminated
08:05:00.175 INFO  a.c.s.ClusterSingletonManager - Singleton actor [akka://akka-runtime/system/sharding/sharded-daemon-process-eventSourcedProjection-passivation-race-entity-passivation-race-viewCoordinator/singleton] was terminated
08:05:00.175 INFO  a.c.s.ClusterSingletonManager - Singleton actor [akka://akka-runtime/system/sharding/sharded-daemon-process-eventSourcedProjection-passivation-race-entity-passivation-race-consumer-aCoordinator/singleton] was terminated
08:05:00.175 INFO  a.c.s.ClusterSingletonManager - Singleton actor [akka://akka-runtime/system/singletonManagerShardedDaemonProcessCoordinator-eventSourcedProjection-passivation-race-entity-passivation-race-consumer-a/ShardedDaemonProcessCoordinator-eventSourcedProjection-passivation-race-entity-passivation-race-consumer-a] was terminated
08:05:00.175 INFO  a.c.s.ClusterSingletonManager - Singleton actor [akka://akka-runtime/system/sharding/sharded-daemon-process-eventSourcedProjection-passivation-race-entity-passivation-race-consumer-bCoordinator/singleton] was terminated
08:05:00.175 INFO  a.c.s.ClusterSingletonManager - Singleton actor [akka://akka-runtime/system/singletonManagerShardedDaemonProcessCoordinator-eventSourcedProjection-passivation-race-entity-passivation-race-view/ShardedDaemonProcessCoordinator-eventSourcedProjection-passivation-race-entity-passivation-race-view] was terminated
08:05:00.176 DEBUG akka.actor.CoordinatedShutdown - Performing phase [cluster-exiting-done] with [1] tasks.
08:05:00.176 DEBUG akka.actor.CoordinatedShutdown - Performing task [exiting-completed] in CoordinatedShutdown phase [cluster-exiting-done]
08:05:00.176 DEBUG akka.actor.CoordinatedShutdown - Performing phase [cluster-shutdown] with [1] tasks.
08:05:00.176 DEBUG akka.actor.CoordinatedShutdown - Performing task [wait-shutdown] in CoordinatedShutdown phase [cluster-shutdown]
08:05:00.177 DEBUG akka.actor.CoordinatedShutdown - Performing phase [before-actor-system-terminate] with [2] tasks.
08:05:00.177 DEBUG akka.actor.CoordinatedShutdown - Performing task [close connection pools] in CoordinatedShutdown phase [before-actor-system-terminate]
08:05:00.178 DEBUG akka.actor.CoordinatedShutdown - Performing task [close-grpc-channels] in CoordinatedShutdown phase [before-actor-system-terminate]
08:05:00.178 DEBUG akka.actor.CoordinatedShutdown - Performing phase [actor-system-terminate] with [1] tasks.
08:05:00.178 DEBUG akka.actor.CoordinatedShutdown - Performing task [terminate-system] in CoordinatedShutdown phase [actor-system-terminate]
08:05:00.254 INFO  akka.runtime.AkkaRuntimeMain - Starting Akka Runtime version [1.6.15]
08:05:00.263 INFO  akka.javasdk.impl.ComponentLocator$ - Looking for component descriptors matching pattern [META-INF/akka-javasdk-components_*.conf]
08:05:00.269 INFO  akka.javasdk.testkit.TestKit - Eventing TestKit booting up on port: 62934
08:05:00.272 DEBUG a.c.singleton.ClusterSingletonProxy - Creating singleton identification timer...
08:05:00.272 DEBUG a.c.singleton.ClusterSingletonProxy - Singleton not available, buffering message type [kalix.runtime.SchemaSingleton$ExecDdl]
08:05:00.272 DEBUG a.c.singleton.ClusterSingletonProxy - Trying to identify singleton at [akka://akka-runtime@127.0.0.1:62935/system/singletonManagerschemaSingleton/schemaSingleton]
08:05:00.272 INFO  akka.javasdk.testkit.TestKit - Checking runtime status
08:05:00.272 INFO  a.c.s.ClusterSingletonManager - Singleton manager starting singleton actor [akka://akka-runtime/system/singletonManagerschemaSingleton/schemaSingleton]
08:05:00.272 INFO  a.c.s.ClusterSingletonManager - ClusterSingletonManager state change [Start -> Oldest]
08:05:00.334 DEBUG a.c.singleton.ClusterSingletonProxy - Trying to identify singleton at [akka://akka-runtime@127.0.0.1:62935/system/singletonManagerschemaSingleton/schemaSingleton]
08:05:00.334 INFO  a.c.singleton.ClusterSingletonProxy - Singleton identified at [akka://akka-runtime/system/singletonManagerschemaSingleton/schemaSingleton]
08:05:00.334 DEBUG a.c.singleton.ClusterSingletonProxy - Sending buffered messages to current singleton instance
08:05:00.336 INFO  a.c.s.typed.scaladsl.ClusterSharding - Starting Shard Region [passivation-race-entity]...
08:05:00.336 INFO  akka.cluster.sharding.ShardRegion - passivation-race-entity: Automatic entity passivation: composite strategy with limit of [10000] active entities, admission window (least recently used entities) with proportions [initial = 0.01, min = 0.01, max = 1.0] adapting with hill-climbing optimizer [adjust multiplier = 10.0, initial step = 0.0625, restart threshold = 0.05, step decay = 0.98], admit using frequency sketch [width multiplier = 4, reset multiplier = 10.0, depth = 4, counter bits = 4], main (least recently used entities (segmented with [2] levels with proportions of [0.20, 0.80]))
08:05:00.337 INFO  a.c.s.ClusterSingletonManager - Singleton manager starting singleton actor [akka://akka-runtime/system/sharding/passivation-race-entityCoordinator/singleton]
08:05:00.337 INFO  a.c.s.ClusterSingletonManager - ClusterSingletonManager state change [Start -> Oldest]
08:05:00.337 DEBUG a.c.sharding.DDataShardCoordinator - passivation-race-entity: Initial coordinator is empty.
08:05:00.337 INFO  a.c.sharding.DDataShardCoordinator - passivation-race-entity: ShardCoordinator was moved to the active state with [0] shards
08:05:00.338 DEBUG a.c.singleton.ClusterSingletonProxy - Forwarding message of type [SchemaSingleton$ExecDdl] to current singleton instance at [akka://akka-runtime/system/singletonManagerschemaSingleton/schemaSingleton]
08:05:00.339 INFO  akka.runtime.DiscoveryManager - Service components: EventSourcedEntity: [1], Consumer: [2], View: [1]
08:05:00.339 INFO  a.c.s.typed.scaladsl.ClusterSharding - Starting Shard Region [_timer]...
08:05:00.340 INFO  a.c.s.typed.scaladsl.ClusterSharding - Starting Shard Region [sharded-daemon-process-eventSourcedProjection-passivation-race-entity-passivation-race-consumer-a]...
08:05:00.340 INFO  akka.cluster.sharding.ShardRegion - sharded-daemon-process-eventSourcedProjection-passivation-race-entity-passivation-race-consumer-a: Automatic entity passivation: disabled
08:05:00.340 INFO  a.c.s.ClusterSingletonManager - Singleton manager starting singleton actor [akka://akka-runtime/system/sharding/_timerCoordinator/singleton]
08:05:00.340 INFO  a.c.s.ClusterSingletonManager - ClusterSingletonManager state change [Start -> Oldest]
08:05:00.340 INFO  a.c.s.typed.scaladsl.ClusterSharding - Starting Shard Region [sharded-daemon-process-eventSourcedProjection-passivation-race-entity-passivation-race-consumer-b]...
08:05:00.340 DEBUG a.c.sharding.DDataShardCoordinator - _timer: Starting remember entities store from provider akka.cluster.sharding.internal.DDataRememberEntitiesProvider@3d77f163
08:05:00.341 DEBUG a.c.sharding.DDataShardCoordinator - _timer: Initial coordinator is empty.
08:05:00.341 INFO  a.c.sharding.DDataShardCoordinator - _timer: ShardCoordinator was moved to the active state with [0] shards
08:05:00.341 DEBUG a.c.sharding.DDataShardCoordinator - _timer: Received [0] remembered shard ids (after state initialized)
08:05:00.341 INFO  akka.cluster.sharding.ShardRegion - sharded-daemon-process-eventSourcedProjection-passivation-race-entity-passivation-race-consumer-b: Automatic entity passivation: disabled
08:05:00.342 INFO  a.c.s.ClusterSingletonManager - Singleton manager starting singleton actor [akka://akka-runtime/system/singletonManagerShardedDaemonProcessCoordinator-eventSourcedProjection-passivation-race-entity-passivation-race-consumer-a/ShardedDaemonProcessCoordinator-eventSourcedProjection-passivation-race-entity-passivation-race-consumer-a]
08:05:00.342 INFO  a.c.s.ClusterSingletonManager - Singleton manager starting singleton actor [akka://akka-runtime/system/sharding/sharded-daemon-process-eventSourcedProjection-passivation-race-entity-passivation-race-consumer-aCoordinator/singleton]
08:05:00.342 INFO  a.c.s.ClusterSingletonManager - ClusterSingletonManager state change [Start -> Oldest]
08:05:00.342 INFO  a.c.s.ClusterSingletonManager - ClusterSingletonManager state change [Start -> Oldest]
08:05:00.342 INFO  a.c.s.ClusterSingletonManager - Singleton manager starting singleton actor [akka://akka-runtime/system/sharding/sharded-daemon-process-eventSourcedProjection-passivation-race-entity-passivation-race-consumer-bCoordinator/singleton]
08:05:00.342 INFO  a.c.s.ClusterSingletonManager - ClusterSingletonManager state change [Start -> Oldest]
08:05:00.342 DEBUG a.c.s.t.i.ShardedDaemonProcessCoordinator$ - ShardedDaemonProcessCoordinator for [eventSourcedProjection-passivation-race-entity-passivation-race-consumer-a] starting
08:05:00.342 DEBUG a.c.sharding.DDataShardCoordinator - sharded-daemon-process-eventSourcedProjection-passivation-race-entity-passivation-race-consumer-a: Initial coordinator is empty.
08:05:00.342 INFO  a.c.sharding.DDataShardCoordinator - sharded-daemon-process-eventSourcedProjection-passivation-race-entity-passivation-race-consumer-a: ShardCoordinator was moved to the active state with [0] shards
08:05:00.342 DEBUG a.c.sharding.DDataShardCoordinator - sharded-daemon-process-eventSourcedProjection-passivation-race-entity-passivation-race-consumer-b: Initial coordinator is empty.
08:05:00.342 INFO  a.c.sharding.DDataShardCoordinator - sharded-daemon-process-eventSourcedProjection-passivation-race-entity-passivation-race-consumer-b: ShardCoordinator was moved to the active state with [0] shards
08:05:00.342 DEBUG a.c.s.t.i.ShardedDaemonProcessCoordinator$ - eventSourcedProjection-passivation-race-entity-passivation-race-consumer-a: No previous state stored for Sharded Daemon Process
08:05:00.342 DEBUG a.c.s.t.i.ShardedDaemonProcessCoordinator$ - Sending periodic keep alive for Sharded Daemon Process [eventSourcedProjection-passivation-race-entity-passivation-race-consumer-a] to [1] processes (revision [0]).
08:05:00.342 INFO  a.c.s.typed.scaladsl.ClusterSharding - Starting Shard Region [sharded-daemon-process-eventSourcedProjection-passivation-race-entity-passivation-race-view]...
08:05:00.343 DEBUG a.c.singleton.ClusterSingletonProxy - Creating singleton identification timer...
08:05:00.343 INFO  akka.cluster.sharding.ShardRegion - sharded-daemon-process-eventSourcedProjection-passivation-race-entity-passivation-race-view: Automatic entity passivation: disabled
08:05:00.343 DEBUG a.c.singleton.ClusterSingletonProxy - Trying to identify singleton at [akka://akka-runtime@127.0.0.1:62935/system/singletonManagerShardedDaemonProcessCoordinator-eventSourcedProjection-passivation-race-entity-passivation-race-consumer-a/ShardedDaemonProcessCoordinator-eventSourcedProjection-passivation-race-entity-passivation-race-consumer-a]
08:05:00.343 INFO  a.c.singleton.ClusterSingletonProxy - Singleton identified at [akka://akka-runtime/system/singletonManagerShardedDaemonProcessCoordinator-eventSourcedProjection-passivation-race-entity-passivation-race-consumer-a/ShardedDaemonProcessCoordinator-eventSourcedProjection-passivation-race-entity-passivation-race-consumer-a]
08:05:00.343 DEBUG a.c.singleton.ClusterSingletonProxy - Sending buffered messages to current singleton instance
08:05:00.343 DEBUG a.c.singleton.ClusterSingletonProxy - Creating singleton identification timer...
08:05:00.343 DEBUG a.c.singleton.ClusterSingletonProxy - Trying to identify singleton at [akka://akka-runtime@127.0.0.1:62935/system/singletonManagerShardedDaemonProcessCoordinator-eventSourcedProjection-passivation-race-entity-passivation-race-consumer-b/ShardedDaemonProcessCoordinator-eventSourcedProjection-passivation-race-entity-passivation-race-consumer-b]
08:05:00.344 INFO  a.c.s.ClusterSingletonManager - Singleton manager starting singleton actor [akka://akka-runtime/system/singletonManagerShardedDaemonProcessCoordinator-eventSourcedProjection-passivation-race-entity-passivation-race-consumer-b/ShardedDaemonProcessCoordinator-eventSourcedProjection-passivation-race-entity-passivation-race-consumer-b]
08:05:00.344 INFO  a.c.s.ClusterSingletonManager - ClusterSingletonManager state change [Start -> Oldest]
08:05:00.344 INFO  a.c.s.ClusterSingletonManager - Singleton manager starting singleton actor [akka://akka-runtime/system/sharding/sharded-daemon-process-eventSourcedProjection-passivation-race-entity-passivation-race-viewCoordinator/singleton]
08:05:00.344 INFO  a.c.s.ClusterSingletonManager - ClusterSingletonManager state change [Start -> Oldest]
08:05:00.344 DEBUG a.c.s.t.i.ShardedDaemonProcessCoordinator$ - ShardedDaemonProcessCoordinator for [eventSourcedProjection-passivation-race-entity-passivation-race-consumer-b] starting
08:05:00.344 DEBUG a.c.s.t.i.ShardedDaemonProcessCoordinator$ - eventSourcedProjection-passivation-race-entity-passivation-race-consumer-b: No previous state stored for Sharded Daemon Process
08:05:00.344 DEBUG a.c.s.t.i.ShardedDaemonProcessCoordinator$ - Sending periodic keep alive for Sharded Daemon Process [eventSourcedProjection-passivation-race-entity-passivation-race-consumer-b] to [1] processes (revision [0]).
08:05:00.344 DEBUG a.c.sharding.DDataShardCoordinator - sharded-daemon-process-eventSourcedProjection-passivation-race-entity-passivation-race-view: Initial coordinator is empty.
08:05:00.344 INFO  a.c.sharding.DDataShardCoordinator - sharded-daemon-process-eventSourcedProjection-passivation-race-entity-passivation-race-view: ShardCoordinator was moved to the active state with [0] shards
08:05:00.344 DEBUG a.c.singleton.ClusterSingletonProxy - Creating singleton identification timer...
08:05:00.344 DEBUG a.c.singleton.ClusterSingletonProxy - Trying to identify singleton at [akka://akka-runtime@127.0.0.1:62935/system/singletonManagerShardedDaemonProcessCoordinator-eventSourcedProjection-passivation-race-entity-passivation-race-view/ShardedDaemonProcessCoordinator-eventSourcedProjection-passivation-race-entity-passivation-race-view]
08:05:00.344 INFO  a.c.s.ClusterSingletonManager - Singleton manager starting singleton actor [akka://akka-runtime/system/singletonManagerShardedDaemonProcessCoordinator-eventSourcedProjection-passivation-race-entity-passivation-race-view/ShardedDaemonProcessCoordinator-eventSourcedProjection-passivation-race-entity-passivation-race-view]
08:05:00.344 DEBUG a.c.s.t.i.ShardedDaemonProcessCoordinator$ - ShardedDaemonProcessCoordinator for [eventSourcedProjection-passivation-race-entity-passivation-race-view] starting
08:05:00.345 INFO  a.c.s.ClusterSingletonManager - ClusterSingletonManager state change [Start -> Oldest]
08:05:00.345 DEBUG a.c.s.t.i.ShardedDaemonProcessCoordinator$ - eventSourcedProjection-passivation-race-entity-passivation-race-view: No previous state stored for Sharded Daemon Process
08:05:00.345 DEBUG a.c.s.t.i.ShardedDaemonProcessCoordinator$ - Sending periodic keep alive for Sharded Daemon Process [eventSourcedProjection-passivation-race-entity-passivation-race-view] to [1] processes (revision [0]).
08:05:00.356 INFO  akka.runtime.DiscoveryManager - Akka Runtime started at 127.0.0.1:62933
08:05:00.360 INFO  repro.Bootstrap - onStartup burst of 8 starting
08:05:00.398 INFO  akka.javasdk.testkit.TestKit - Runtime started
08:05:00.398 INFO  akka.actor.CoordinatedShutdown - Running CoordinatedShutdown with reason [ActorSystemTerminateReason]
08:05:00.398 DEBUG akka.actor.CoordinatedShutdown - Performing phase [before-service-unbind] with [0] tasks
08:05:00.398 DEBUG akka.actor.CoordinatedShutdown - Performing phase [service-unbind] with [1] tasks.
08:05:00.398 DEBUG akka.actor.CoordinatedShutdown - Performing task [http-unbind-/127.0.0.1:62933] in CoordinatedShutdown phase [service-unbind]
08:05:00.398 DEBUG akka.actor.CoordinatedShutdown - Performing phase [service-requests-done] with [1] tasks.
08:05:00.398 DEBUG akka.actor.CoordinatedShutdown - Performing task [http-terminate-/127.0.0.1:62933] in CoordinatedShutdown phase [service-requests-done]
08:05:00.399 DEBUG akka.actor.CoordinatedShutdown - Performing phase [service-stop] with [1] tasks.
08:05:00.399 DEBUG akka.actor.CoordinatedShutdown - Performing task [stop-grpc-clients] in CoordinatedShutdown phase [service-stop]
08:05:00.399 DEBUG akka.actor.CoordinatedShutdown - Performing phase [before-cluster-shutdown] with [0] tasks
08:05:00.399 DEBUG akka.actor.CoordinatedShutdown - Performing phase [cluster-sharding-shutdown-region] with [5] tasks.
08:05:00.399 DEBUG akka.actor.CoordinatedShutdown - Performing task [region-shutdown] in CoordinatedShutdown phase [cluster-sharding-shutdown-region]
08:05:00.399 DEBUG akka.actor.CoordinatedShutdown - Performing task [region-shutdown] in CoordinatedShutdown phase [cluster-sharding-shutdown-region]
08:05:00.399 DEBUG akka.actor.CoordinatedShutdown - Performing task [region-shutdown] in CoordinatedShutdown phase [cluster-sharding-shutdown-region]
08:05:00.399 DEBUG akka.actor.CoordinatedShutdown - Performing task [region-shutdown] in CoordinatedShutdown phase [cluster-sharding-shutdown-region]
08:05:00.399 DEBUG akka.actor.CoordinatedShutdown - Performing task [region-shutdown] in CoordinatedShutdown phase [cluster-sharding-shutdown-region]
08:05:00.399 DEBUG a.c.sharding.DDataShardCoordinator - passivation-race-entity: Unknown region requested graceful shutdown [Actor[akka://akka-runtime/system/sharding/passivation-race-entity#-1628955863]]
08:05:00.399 DEBUG a.c.sharding.DDataShardCoordinator - sharded-daemon-process-eventSourcedProjection-passivation-race-entity-passivation-race-consumer-a: Unknown region requested graceful shutdown [Actor[akka://akka-runtime/system/sharding/sharded-daemon-process-eventSourcedProjection-passivation-race-entity-passivation-race-consumer-a#273464147]]
08:05:00.399 DEBUG a.c.sharding.DDataShardCoordinator - sharded-daemon-process-eventSourcedProjection-passivation-race-entity-passivation-race-consumer-b: Unknown region requested graceful shutdown [Actor[akka://akka-runtime/system/sharding/sharded-daemon-process-eventSourcedProjection-passivation-race-entity-passivation-race-consumer-b#-385543848]]
08:05:00.399 DEBUG a.c.sharding.DDataShardCoordinator - sharded-daemon-process-eventSourcedProjection-passivation-race-entity-passivation-race-view: Unknown region requested graceful shutdown [Actor[akka://akka-runtime/system/sharding/sharded-daemon-process-eventSourcedProjection-passivation-race-entity-passivation-race-view#-1346052019]]
08:05:00.399 DEBUG a.c.sharding.DDataShardCoordinator - _timer: Unknown region requested graceful shutdown [Actor[akka://akka-runtime/system/sharding/_timer#1319168972]]
08:05:00.402 DEBUG a.c.singleton.ClusterSingletonProxy - Trying to identify singleton at [akka://akka-runtime@127.0.0.1:62935/system/singletonManagerShardedDaemonProcessCoordinator-eventSourcedProjection-passivation-race-entity-passivation-race-consumer-b/ShardedDaemonProcessCoordinator-eventSourcedProjection-passivation-race-entity-passivation-race-consumer-b]
08:05:00.402 INFO  a.c.singleton.ClusterSingletonProxy - Singleton identified at [akka://akka-runtime/system/singletonManagerShardedDaemonProcessCoordinator-eventSourcedProjection-passivation-race-entity-passivation-race-consumer-b/ShardedDaemonProcessCoordinator-eventSourcedProjection-passivation-race-entity-passivation-race-consumer-b]
08:05:00.402 DEBUG a.c.singleton.ClusterSingletonProxy - Sending buffered messages to current singleton instance
08:05:00.414 DEBUG a.c.singleton.ClusterSingletonProxy - Trying to identify singleton at [akka://akka-runtime@127.0.0.1:62935/system/singletonManagerShardedDaemonProcessCoordinator-eventSourcedProjection-passivation-race-entity-passivation-race-view/ShardedDaemonProcessCoordinator-eventSourcedProjection-passivation-race-entity-passivation-race-view]
08:05:00.414 INFO  a.c.singleton.ClusterSingletonProxy - Singleton identified at [akka://akka-runtime/system/singletonManagerShardedDaemonProcessCoordinator-eventSourcedProjection-passivation-race-entity-passivation-race-view/ShardedDaemonProcessCoordinator-eventSourcedProjection-passivation-race-entity-passivation-race-view]
08:05:00.414 DEBUG a.c.singleton.ClusterSingletonProxy - Sending buffered messages to current singleton instance
08:05:00.603 DEBUG a.c.sharding.DDataShardCoordinator - sharded-daemon-process-eventSourcedProjection-passivation-race-entity-passivation-race-consumer-a: ShardRegion registered: [Actor[akka://akka-runtime/system/sharding/sharded-daemon-process-eventSourcedProjection-passivation-race-entity-passivation-race-consumer-a#273464147]]
08:05:00.603 DEBUG a.c.sharding.DDataShardCoordinator - passivation-race-entity: ShardRegion registered: [Actor[akka://akka-runtime/system/sharding/passivation-race-entity#-1628955863]]
08:05:00.603 DEBUG a.c.sharding.DDataShardCoordinator - sharded-daemon-process-eventSourcedProjection-passivation-race-entity-passivation-race-consumer-b: ShardRegion registered: [Actor[akka://akka-runtime/system/sharding/sharded-daemon-process-eventSourcedProjection-passivation-race-entity-passivation-race-consumer-b#-385543848]]
08:05:00.603 DEBUG a.c.sharding.DDataShardCoordinator - sharded-daemon-process-eventSourcedProjection-passivation-race-entity-passivation-race-view: ShardRegion registered: [Actor[akka://akka-runtime/system/sharding/sharded-daemon-process-eventSourcedProjection-passivation-race-entity-passivation-race-view#-1346052019]]
08:05:00.603 DEBUG a.c.sharding.DDataShardCoordinator - sharded-daemon-process-eventSourcedProjection-passivation-race-entity-passivation-race-consumer-a: The coordinator state was successfully updated with ShardRegionRegistered(Actor[akka://akka-runtime/system/sharding/sharded-daemon-process-eventSourcedProjection-passivation-race-entity-passivation-race-consumer-a#273464147])
08:05:00.603 DEBUG a.c.sharding.DDataShardCoordinator - passivation-race-entity: The coordinator state was successfully updated with ShardRegionRegistered(Actor[akka://akka-runtime/system/sharding/passivation-race-entity#-1628955863])
08:05:00.604 DEBUG a.c.sharding.DDataShardCoordinator - sharded-daemon-process-eventSourcedProjection-passivation-race-entity-passivation-race-consumer-b: The coordinator state was successfully updated with ShardRegionRegistered(Actor[akka://akka-runtime/system/sharding/sharded-daemon-process-eventSourcedProjection-passivation-race-entity-passivation-race-consumer-b#-385543848])
08:05:00.604 DEBUG a.c.sharding.DDataShardCoordinator - sharded-daemon-process-eventSourcedProjection-passivation-race-entity-passivation-race-view: The coordinator state was successfully updated with ShardRegionRegistered(Actor[akka://akka-runtime/system/sharding/sharded-daemon-process-eventSourcedProjection-passivation-race-entity-passivation-race-view#-1346052019])
08:05:00.604 DEBUG a.c.sharding.DDataShardCoordinator - passivation-race-entity: The coordinator state was successfully updated with ShardHomeAllocated(525,Actor[akka://akka-runtime/system/sharding/passivation-race-entity#-1628955863])
08:05:00.604 DEBUG a.c.sharding.DDataShardCoordinator - sharded-daemon-process-eventSourcedProjection-passivation-race-entity-passivation-race-consumer-a: The coordinator state was successfully updated with ShardHomeAllocated(0,Actor[akka://akka-runtime/system/sharding/sharded-daemon-process-eventSourcedProjection-passivation-race-entity-passivation-race-consumer-a#273464147])
08:05:00.604 DEBUG a.c.sharding.DDataShardCoordinator - passivation-race-entity: Shard [525] allocated at [Actor[akka://akka-runtime/system/sharding/passivation-race-entity#-1628955863]]
08:05:00.604 DEBUG a.c.sharding.DDataShardCoordinator - sharded-daemon-process-eventSourcedProjection-passivation-race-entity-passivation-race-view: The coordinator state was successfully updated with ShardHomeAllocated(0,Actor[akka://akka-runtime/system/sharding/sharded-daemon-process-eventSourcedProjection-passivation-race-entity-passivation-race-view#-1346052019])
08:05:00.604 DEBUG a.c.sharding.DDataShardCoordinator - sharded-daemon-process-eventSourcedProjection-passivation-race-entity-passivation-race-view: Shard [0] allocated at [Actor[akka://akka-runtime/system/sharding/sharded-daemon-process-eventSourcedProjection-passivation-race-entity-passivation-race-view#-1346052019]]
08:05:00.605 DEBUG a.c.sharding.DDataShardCoordinator - passivation-race-entity: Graceful shutdown of region [Actor[akka://akka-runtime/system/sharding/passivation-race-entity#-1628955863]] with [1] shards
08:05:00.605 DEBUG a.c.sharding.DDataShardCoordinator - sharded-daemon-process-eventSourcedProjection-passivation-race-entity-passivation-race-view: Graceful shutdown of region [Actor[akka://akka-runtime/system/sharding/sharded-daemon-process-eventSourcedProjection-passivation-race-entity-passivation-race-view#-1346052019]] with [1] shards
08:05:00.605 INFO  a.c.sharding.DDataShardCoordinator - sharded-daemon-process-eventSourcedProjection-passivation-race-entity-passivation-race-view: Starting shutting down shards [0] due to region shutting down or explicit stopping of shards.
08:05:00.605 INFO  a.c.sharding.DDataShardCoordinator - passivation-race-entity: Starting shutting down shards [525] due to region shutting down or explicit stopping of shards.
08:05:00.605 DEBUG a.c.s.ShardCoordinator$RebalanceWorker - passivation-race-entity: Shutting down shard [525] from region [Actor[akka://akka-runtime/system/sharding/passivation-race-entity#-1628955863]]. Asking [1] region(s) to hand-off shard
08:05:00.605 DEBUG akka.cluster.sharding.Shard - sharded-daemon-process-eventSourcedProjection-passivation-race-entity-passivation-race-view: Shard initialized
08:05:00.605 DEBUG a.c.s.ShardCoordinator$RebalanceWorker - sharded-daemon-process-eventSourcedProjection-passivation-race-entity-passivation-race-view: Shutting down shard [0] from region [Actor[akka://akka-runtime/system/sharding/sharded-daemon-process-eventSourcedProjection-passivation-race-entity-passivation-race-view#-1346052019]]. Asking [1] region(s) to hand-off shard
08:05:00.606 DEBUG akka.cluster.sharding.Shard - sharded-daemon-process-eventSourcedProjection-passivation-race-entity-passivation-race-view: Request to start entity [0] and ack to [Some(Actor[akka://akka-runtime/deadLetters])]
08:05:00.606 DEBUG akka.cluster.sharding.Shard - sharded-daemon-process-eventSourcedProjection-passivation-race-entity-passivation-race-view: Started entity [Actor[akka://akka-runtime/system/sharding/sharded-daemon-process-eventSourcedProjection-passivation-race-entity-passivation-race-view/0/0#-708991745]] with entity id [0] in shard [0]
08:05:00.606 DEBUG a.c.s.t.i.ShardedDaemonProcessState$ - eventSourcedProjection-passivation-race-entity-passivation-race-view: Deferred start of worker to verify its revision [0] is the latest
08:05:00.606 DEBUG a.c.s.ShardCoordinator$RebalanceWorker - sharded-daemon-process-eventSourcedProjection-passivation-race-entity-passivation-race-view: BeginHandOffAck for shard [0] received from [Actor[akka://akka-runtime/system/sharding/sharded-daemon-process-eventSourcedProjection-passivation-race-entity-passivation-race-view#-1346052019]].
08:05:00.606 DEBUG a.c.s.ShardCoordinator$RebalanceWorker - sharded-daemon-process-eventSourcedProjection-passivation-race-entity-passivation-race-view: All shard regions acked, handing off shard [0].
08:05:00.606 DEBUG akka.cluster.sharding.Shard - sharded-daemon-process-eventSourcedProjection-passivation-race-entity-passivation-race-view: HandOff shard [0]
08:05:00.606 DEBUG akka.cluster.sharding.Shard - sharded-daemon-process-eventSourcedProjection-passivation-race-entity-passivation-race-view: Starting HandOffStopper for shard [0] to terminate [1] entities.
08:05:00.606 DEBUG akka.cluster.sharding.Shard - passivation-race-entity: Shard initialized
08:05:00.606 DEBUG a.c.s.ShardCoordinator$RebalanceWorker - passivation-race-entity: BeginHandOffAck for shard [525] received from [Actor[akka://akka-runtime/system/sharding/passivation-race-entity#-1628955863]].
08:05:00.606 DEBUG a.c.s.ShardCoordinator$RebalanceWorker - passivation-race-entity: All shard regions acked, handing off shard [525].
08:05:00.606 INFO  a.c.s.t.i.ShardedDaemonProcessState$ - eventSourcedProjection-passivation-race-entity-passivation-race-view: Starting Sharded Daemon Process [0] out of a total [1] (revision [0] and no state found)
08:05:00.606 DEBUG akka.cluster.sharding.Shard - passivation-race-entity: Started entity [Actor[akka://akka-runtime/system/sharding/passivation-race-entity/525/c034bca8-f20a-46ce-bf13-31ab032a6be6#1656362840]] with entity id [c034bca8-f20a-46ce-bf13-31ab032a6be6] in shard [525]
08:05:00.606 DEBUG akka.cluster.sharding.Shard - passivation-race-entity: HandOff shard [525]
08:05:00.606 DEBUG akka.cluster.sharding.Shard - passivation-race-entity: Starting HandOffStopper for shard [525] to terminate [1] entities.
08:05:00.610 DEBUG a.c.sharding.DDataShardCoordinator - sharded-daemon-process-eventSourcedProjection-passivation-race-entity-passivation-race-consumer-a: Shard [0] allocated at [Actor[akka://akka-runtime/system/sharding/sharded-daemon-process-eventSourcedProjection-passivation-race-entity-passivation-race-consumer-a#273464147]]
08:05:00.611 DEBUG a.c.sharding.DDataShardCoordinator - sharded-daemon-process-eventSourcedProjection-passivation-race-entity-passivation-race-consumer-b: The coordinator state was successfully updated with ShardHomeAllocated(0,Actor[akka://akka-runtime/system/sharding/sharded-daemon-process-eventSourcedProjection-passivation-race-entity-passivation-race-consumer-b#-385543848])
08:05:00.611 DEBUG a.c.sharding.DDataShardCoordinator - sharded-daemon-process-eventSourcedProjection-passivation-race-entity-passivation-race-consumer-b: Shard [0] allocated at [Actor[akka://akka-runtime/system/sharding/sharded-daemon-process-eventSourcedProjection-passivation-race-entity-passivation-race-consumer-b#-385543848]]
08:05:00.611 DEBUG a.c.sharding.DDataShardCoordinator - sharded-daemon-process-eventSourcedProjection-passivation-race-entity-passivation-race-consumer-a: Graceful shutdown of region [Actor[akka://akka-runtime/system/sharding/sharded-daemon-process-eventSourcedProjection-passivation-race-entity-passivation-race-consumer-a#273464147]] with [1] shards
08:05:00.611 DEBUG a.c.sharding.DDataShardCoordinator - sharded-daemon-process-eventSourcedProjection-passivation-race-entity-passivation-race-consumer-b: Graceful shutdown of region [Actor[akka://akka-runtime/system/sharding/sharded-daemon-process-eventSourcedProjection-passivation-race-entity-passivation-race-consumer-b#-385543848]] with [1] shards
08:05:00.612 INFO  a.c.sharding.DDataShardCoordinator - sharded-daemon-process-eventSourcedProjection-passivation-race-entity-passivation-race-consumer-b: Starting shutting down shards [0] due to region shutting down or explicit stopping of shards.
08:05:00.612 INFO  a.c.sharding.DDataShardCoordinator - sharded-daemon-process-eventSourcedProjection-passivation-race-entity-passivation-race-consumer-a: Starting shutting down shards [0] due to region shutting down or explicit stopping of shards.
08:05:00.612 DEBUG akka.cluster.sharding.Shard - sharded-daemon-process-eventSourcedProjection-passivation-race-entity-passivation-race-consumer-b: Shard initialized
08:05:00.612 DEBUG akka.cluster.sharding.Shard - sharded-daemon-process-eventSourcedProjection-passivation-race-entity-passivation-race-consumer-b: Request to start entity [0] and ack to [Some(Actor[akka://akka-runtime/deadLetters])]
08:05:00.612 DEBUG akka.cluster.sharding.Shard - sharded-daemon-process-eventSourcedProjection-passivation-race-entity-passivation-race-consumer-b: Started entity [Actor[akka://akka-runtime/system/sharding/sharded-daemon-process-eventSourcedProjection-passivation-race-entity-passivation-race-consumer-b/0/0#1621621313]] with entity id [0] in shard [0]
08:05:00.612 DEBUG a.c.s.ShardCoordinator$RebalanceWorker - sharded-daemon-process-eventSourcedProjection-passivation-race-entity-passivation-race-consumer-a: Shutting down shard [0] from region [Actor[akka://akka-runtime/system/sharding/sharded-daemon-process-eventSourcedProjection-passivation-race-entity-passivation-race-consumer-a#273464147]]. Asking [1] region(s) to hand-off shard
08:05:00.612 DEBUG a.c.s.ShardCoordinator$RebalanceWorker - sharded-daemon-process-eventSourcedProjection-passivation-race-entity-passivation-race-consumer-a: BeginHandOffAck for shard [0] received from [Actor[akka://akka-runtime/system/sharding/sharded-daemon-process-eventSourcedProjection-passivation-race-entity-passivation-race-consumer-a#273464147]].
08:05:00.612 DEBUG a.c.s.ShardCoordinator$RebalanceWorker - sharded-daemon-process-eventSourcedProjection-passivation-race-entity-passivation-race-consumer-a: All shard regions acked, handing off shard [0].
08:05:00.612 WARN  akka.cluster.sharding.ShardRegion - sharded-daemon-process-eventSourcedProjection-passivation-race-entity-passivation-race-consumer-a: Dropping [1] buffered messages to shard [0] during hand off to avoid re-ordering
08:05:00.612 DEBUG a.c.s.t.i.ShardedDaemonProcessState$ - eventSourcedProjection-passivation-race-entity-passivation-race-consumer-b: Deferred start of worker to verify its revision [0] is the latest
08:05:00.612 INFO  a.c.s.t.i.ShardedDaemonProcessState$ - eventSourcedProjection-passivation-race-entity-passivation-race-consumer-b: Starting Sharded Daemon Process [0] out of a total [1] (revision [0] and no state found)
08:05:00.613 DEBUG a.c.s.ShardCoordinator$RebalanceWorker - sharded-daemon-process-eventSourcedProjection-passivation-race-entity-passivation-race-consumer-b: Shutting down shard [0] from region [Actor[akka://akka-runtime/system/sharding/sharded-daemon-process-eventSourcedProjection-passivation-race-entity-passivation-race-consumer-b#-385543848]]. Asking [1] region(s) to hand-off shard
08:05:00.613 DEBUG a.c.s.ShardCoordinator$RebalanceWorker - sharded-daemon-process-eventSourcedProjection-passivation-race-entity-passivation-race-consumer-b: BeginHandOffAck for shard [0] received from [Actor[akka://akka-runtime/system/sharding/sharded-daemon-process-eventSourcedProjection-passivation-race-entity-passivation-race-consumer-b#-385543848]].
08:05:00.613 DEBUG a.c.s.ShardCoordinator$RebalanceWorker - sharded-daemon-process-eventSourcedProjection-passivation-race-entity-passivation-race-consumer-b: All shard regions acked, handing off shard [0].
08:05:00.613 DEBUG akka.cluster.sharding.Shard - sharded-daemon-process-eventSourcedProjection-passivation-race-entity-passivation-race-consumer-a: Shard initialized
08:05:00.613 DEBUG akka.cluster.sharding.Shard - sharded-daemon-process-eventSourcedProjection-passivation-race-entity-passivation-race-consumer-a: HandOff shard [0]
08:05:00.613 DEBUG akka.cluster.sharding.Shard - sharded-daemon-process-eventSourcedProjection-passivation-race-entity-passivation-race-consumer-a: Shard [0] shutting down
08:05:00.613 DEBUG a.c.sharding.DDataShardCoordinator - sharded-daemon-process-eventSourcedProjection-passivation-race-entity-passivation-race-consumer-a: Shard [0] deallocation completed successfully.
08:05:00.613 DEBUG akka.cluster.sharding.Shard - sharded-daemon-process-eventSourcedProjection-passivation-race-entity-passivation-race-consumer-b: HandOff shard [0]
08:05:00.613 DEBUG akka.cluster.sharding.Shard - sharded-daemon-process-eventSourcedProjection-passivation-race-entity-passivation-race-consumer-b: Starting HandOffStopper for shard [0] to terminate [1] entities.
08:05:00.613 DEBUG a.c.sharding.DDataShardCoordinator - sharded-daemon-process-eventSourcedProjection-passivation-race-entity-passivation-race-consumer-a: The coordinator state was successfully updated with ShardHomeDeallocated(0)
08:05:00.613 DEBUG a.c.sharding.DDataShardCoordinator - sharded-daemon-process-eventSourcedProjection-passivation-race-entity-passivation-race-consumer-a: Shard [0] deallocated after
08:05:00.613 DEBUG a.c.sharding.DDataShardCoordinator - sharded-daemon-process-eventSourcedProjection-passivation-race-entity-passivation-race-consumer-a: ShardRegion terminated (gracefully): [Actor[akka://akka-runtime/system/sharding/sharded-daemon-process-eventSourcedProjection-passivation-race-entity-passivation-race-consumer-a#273464147]] {}
08:05:00.613 DEBUG a.c.sharding.DDataShardCoordinator - sharded-daemon-process-eventSourcedProjection-passivation-race-entity-passivation-race-consumer-a: GetShardHome [0] request from [Actor[akka://local/ignore]] stashed, because waiting for initial state or update of state. It will be handled afterwards.
08:05:00.613 DEBUG a.c.sharding.DDataShardCoordinator - sharded-daemon-process-eventSourcedProjection-passivation-race-entity-passivation-race-consumer-a: The coordinator state was successfully updated with ShardRegionTerminated(Actor[akka://akka-runtime/system/sharding/sharded-daemon-process-eventSourcedProjection-passivation-race-entity-passivation-race-consumer-a#273464147])
08:05:00.613 DEBUG a.c.sharding.DDataShardCoordinator - sharded-daemon-process-eventSourcedProjection-passivation-race-entity-passivation-race-consumer-a: ShardRegion stopped: [Actor[akka://akka-runtime/system/sharding/sharded-daemon-process-eventSourcedProjection-passivation-race-entity-passivation-race-consumer-a#273464147]]
08:05:00.614 DEBUG a.c.sharding.DDataShardCoordinator - sharded-daemon-process-eventSourcedProjection-passivation-race-entity-passivation-race-view: Shard [0] deallocation completed successfully.
08:05:00.614 DEBUG akka.cluster.sharding.Shard - sharded-daemon-process-eventSourcedProjection-passivation-race-entity-passivation-race-view: Shard [0] shutting down
08:05:00.617 DEBUG a.c.sharding.DDataShardCoordinator - sharded-daemon-process-eventSourcedProjection-passivation-race-entity-passivation-race-view: The coordinator state was successfully updated with ShardHomeDeallocated(0)
08:05:00.617 DEBUG a.c.sharding.DDataShardCoordinator - sharded-daemon-process-eventSourcedProjection-passivation-race-entity-passivation-race-view: Shard [0] deallocated after
08:05:00.617 DEBUG a.c.sharding.DDataShardCoordinator - sharded-daemon-process-eventSourcedProjection-passivation-race-entity-passivation-race-view: ShardRegion terminated (gracefully): [Actor[akka://akka-runtime/system/sharding/sharded-daemon-process-eventSourcedProjection-passivation-race-entity-passivation-race-view#-1346052019]] {}
08:05:00.617 DEBUG a.c.sharding.DDataShardCoordinator - sharded-daemon-process-eventSourcedProjection-passivation-race-entity-passivation-race-view: GetShardHome [0] request from [Actor[akka://local/ignore]] stashed, because waiting for initial state or update of state. It will be handled afterwards.
08:05:00.617 DEBUG akka.cluster.sharding.Shard - sharded-daemon-process-eventSourcedProjection-passivation-race-entity-passivation-race-consumer-b: Shard [0] shutting down
08:05:00.617 DEBUG a.c.sharding.DDataShardCoordinator - sharded-daemon-process-eventSourcedProjection-passivation-race-entity-passivation-race-view: The coordinator state was successfully updated with ShardRegionTerminated(Actor[akka://akka-runtime/system/sharding/sharded-daemon-process-eventSourcedProjection-passivation-race-entity-passivation-race-view#-1346052019])
08:05:00.617 DEBUG a.c.sharding.DDataShardCoordinator - sharded-daemon-process-eventSourcedProjection-passivation-race-entity-passivation-race-view: ShardRegion stopped: [Actor[akka://akka-runtime/system/sharding/sharded-daemon-process-eventSourcedProjection-passivation-race-entity-passivation-race-view#-1346052019]]
08:05:00.617 DEBUG a.c.sharding.DDataShardCoordinator - sharded-daemon-process-eventSourcedProjection-passivation-race-entity-passivation-race-consumer-b: Shard [0] deallocation completed successfully.
08:05:00.617 DEBUG a.c.sharding.DDataShardCoordinator - sharded-daemon-process-eventSourcedProjection-passivation-race-entity-passivation-race-consumer-b: The coordinator state was successfully updated with ShardHomeDeallocated(0)
08:05:00.617 DEBUG a.c.sharding.DDataShardCoordinator - sharded-daemon-process-eventSourcedProjection-passivation-race-entity-passivation-race-consumer-b: Shard [0] deallocated after
08:05:00.617 DEBUG a.c.sharding.DDataShardCoordinator - sharded-daemon-process-eventSourcedProjection-passivation-race-entity-passivation-race-consumer-b: ShardRegion terminated (gracefully): [Actor[akka://akka-runtime/system/sharding/sharded-daemon-process-eventSourcedProjection-passivation-race-entity-passivation-race-consumer-b#-385543848]] {}
08:05:00.617 DEBUG a.c.sharding.DDataShardCoordinator - sharded-daemon-process-eventSourcedProjection-passivation-race-entity-passivation-race-consumer-b: GetShardHome [0] request from [Actor[akka://local/ignore]] stashed, because waiting for initial state or update of state. It will be handled afterwards.
08:05:00.618 DEBUG a.c.sharding.DDataShardCoordinator - sharded-daemon-process-eventSourcedProjection-passivation-race-entity-passivation-race-consumer-b: The coordinator state was successfully updated with ShardRegionTerminated(Actor[akka://akka-runtime/system/sharding/sharded-daemon-process-eventSourcedProjection-passivation-race-entity-passivation-race-consumer-b#-385543848])
08:05:00.618 DEBUG a.c.sharding.DDataShardCoordinator - sharded-daemon-process-eventSourcedProjection-passivation-race-entity-passivation-race-consumer-b: ShardRegion stopped: [Actor[akka://akka-runtime/system/sharding/sharded-daemon-process-eventSourcedProjection-passivation-race-entity-passivation-race-consumer-b#-385543848]]
08:05:00.639 DEBUG akka.cluster.sharding.Shard - passivation-race-entity: Shard [525] shutting down
08:05:00.639 DEBUG a.c.sharding.DDataShardCoordinator - passivation-race-entity: Shard [525] deallocation completed successfully.
08:05:00.640 DEBUG akka.actor.CoordinatedShutdown - Performing phase [cluster-leave] with [1] tasks.
08:05:00.640 DEBUG akka.actor.CoordinatedShutdown - Performing task [leave] in CoordinatedShutdown phase [cluster-leave]
08:05:00.641 DEBUG a.c.sharding.DDataShardCoordinator - passivation-race-entity: The coordinator state was successfully updated with ShardHomeDeallocated(525)
08:05:00.641 DEBUG a.c.sharding.DDataShardCoordinator - passivation-race-entity: Shard [525] deallocated after
08:05:00.641 DEBUG a.c.sharding.DDataShardCoordinator - passivation-race-entity: ShardRegion terminated (gracefully): [Actor[akka://akka-runtime/system/sharding/passivation-race-entity#-1628955863]] {}
08:05:00.641 DEBUG a.c.sharding.DDataShardCoordinator - passivation-race-entity: GetShardHome [525] request from [Actor[akka://local/ignore]] stashed, because waiting for initial state or update of state. It will be handled afterwards.
08:05:00.641 DEBUG a.c.sharding.DDataShardCoordinator - passivation-race-entity: The coordinator state was successfully updated with ShardRegionTerminated(Actor[akka://akka-runtime/system/sharding/passivation-race-entity#-1628955863])
08:05:00.641 DEBUG a.c.sharding.DDataShardCoordinator - passivation-race-entity: ShardRegion stopped: [Actor[akka://akka-runtime/system/sharding/passivation-race-entity#-1628955863]]
08:05:00.643 DEBUG akka.actor.CoordinatedShutdown - Performing phase [cluster-exiting] with [28] tasks.
08:05:00.643 DEBUG akka.actor.CoordinatedShutdown - Performing task [singleton-exiting-2] in CoordinatedShutdown phase [cluster-exiting]
08:05:00.643 DEBUG akka.actor.CoordinatedShutdown - Performing task [singleton-exiting-1] in CoordinatedShutdown phase [cluster-exiting]
08:05:00.643 DEBUG akka.actor.CoordinatedShutdown - Performing task [singleton-exiting-2] in CoordinatedShutdown phase [cluster-exiting]
08:05:00.643 DEBUG akka.actor.CoordinatedShutdown - Performing task [singleton-exiting-1] in CoordinatedShutdown phase [cluster-exiting]
08:05:00.643 DEBUG akka.actor.CoordinatedShutdown - Performing task [singleton-exiting-2] in CoordinatedShutdown phase [cluster-exiting]
08:05:00.643 DEBUG akka.actor.CoordinatedShutdown - Performing task [wait-singleton-exiting] in CoordinatedShutdown phase [cluster-exiting]
08:05:00.643 DEBUG akka.actor.CoordinatedShutdown - Performing task [wait-singleton-exiting] in CoordinatedShutdown phase [cluster-exiting]
08:05:00.643 DEBUG akka.actor.CoordinatedShutdown - Performing task [wait-singleton-exiting] in CoordinatedShutdown phase [cluster-exiting]
08:05:00.643 DEBUG akka.actor.CoordinatedShutdown - Performing task [singleton-exiting-2] in CoordinatedShutdown phase [cluster-exiting]
08:05:00.643 DEBUG akka.actor.CoordinatedShutdown - Performing task [singleton-exiting-2] in CoordinatedShutdown phase [cluster-exiting]
08:05:00.643 INFO  a.c.s.ClusterSingletonManager - Exited [akka://akka-runtime@127.0.0.1:62935].
08:05:00.643 DEBUG akka.actor.CoordinatedShutdown - Performing task [wait-exiting] in CoordinatedShutdown phase [cluster-exiting]
08:05:00.643 DEBUG akka.actor.CoordinatedShutdown - Performing task [singleton-exiting-1] in CoordinatedShutdown phase [cluster-exiting]
08:05:00.643 DEBUG akka.actor.CoordinatedShutdown - Performing task [singleton-exiting-2] in CoordinatedShutdown phase [cluster-exiting]
08:05:00.643 DEBUG akka.actor.CoordinatedShutdown - Performing task [wait-singleton-exiting] in CoordinatedShutdown phase [cluster-exiting]
08:05:00.643 DEBUG akka.actor.CoordinatedShutdown - Performing task [singleton-exiting-1] in CoordinatedShutdown phase [cluster-exiting]
08:05:00.643 DEBUG akka.actor.CoordinatedShutdown - Performing task [wait-singleton-exiting] in CoordinatedShutdown phase [cluster-exiting]
08:05:00.643 DEBUG akka.actor.CoordinatedShutdown - Performing task [singleton-exiting-1] in CoordinatedShutdown phase [cluster-exiting]
08:05:00.643 DEBUG akka.actor.CoordinatedShutdown - Performing task [singleton-exiting-1] in CoordinatedShutdown phase [cluster-exiting]
08:05:00.643 DEBUG akka.actor.CoordinatedShutdown - Performing task [wait-singleton-exiting] in CoordinatedShutdown phase [cluster-exiting]
08:05:00.643 DEBUG akka.actor.CoordinatedShutdown - Performing task [singleton-exiting-2] in CoordinatedShutdown phase [cluster-exiting]
08:05:00.643 DEBUG akka.actor.CoordinatedShutdown - Performing task [singleton-exiting-1] in CoordinatedShutdown phase [cluster-exiting]
08:05:00.643 DEBUG akka.actor.CoordinatedShutdown - Performing task [singleton-exiting-1] in CoordinatedShutdown phase [cluster-exiting]
08:05:00.643 DEBUG akka.actor.CoordinatedShutdown - Performing task [wait-singleton-exiting] in CoordinatedShutdown phase [cluster-exiting]
08:05:00.643 DEBUG akka.actor.CoordinatedShutdown - Performing task [singleton-exiting-1] in CoordinatedShutdown phase [cluster-exiting]
08:05:00.643 INFO  a.c.s.ClusterSingletonManager - Exited [akka://akka-runtime@127.0.0.1:62935].
08:05:00.643 DEBUG akka.actor.CoordinatedShutdown - Performing task [wait-singleton-exiting] in CoordinatedShutdown phase [cluster-exiting]
08:05:00.643 DEBUG akka.actor.CoordinatedShutdown - Performing task [singleton-exiting-2] in CoordinatedShutdown phase [cluster-exiting]
08:05:00.643 DEBUG akka.actor.CoordinatedShutdown - Performing task [singleton-exiting-2] in CoordinatedShutdown phase [cluster-exiting]
08:05:00.643 DEBUG akka.actor.CoordinatedShutdown - Performing task [wait-singleton-exiting] in CoordinatedShutdown phase [cluster-exiting]
08:05:00.643 INFO  a.c.s.ClusterSingletonManager - Oldest observed OldestChanged: [akka://akka-runtime@127.0.0.1:62935 -> None]
08:05:00.643 INFO  a.c.s.ClusterSingletonManager - ClusterSingletonManager state change [Oldest -> WasOldest]
08:05:00.643 INFO  a.c.s.ClusterSingletonManager - Exited [akka://akka-runtime@127.0.0.1:62935].
08:05:00.643 INFO  a.c.s.ClusterSingletonManager - Oldest observed OldestChanged: [akka://akka-runtime@127.0.0.1:62935 -> None]
08:05:00.643 INFO  a.c.s.ClusterSingletonManager - Exited [akka://akka-runtime@127.0.0.1:62935].
08:05:00.643 INFO  a.c.s.ClusterSingletonManager - ClusterSingletonManager state change [Oldest -> WasOldest]
08:05:00.643 INFO  a.c.s.ClusterSingletonManager - Exited [akka://akka-runtime@127.0.0.1:62935].
08:05:00.643 INFO  a.c.s.ClusterSingletonManager - Exited [akka://akka-runtime@127.0.0.1:62935].
08:05:00.643 INFO  a.c.s.ClusterSingletonManager - Exited [akka://akka-runtime@127.0.0.1:62935].
08:05:00.643 INFO  a.c.s.ClusterSingletonManager - Oldest observed OldestChanged: [akka://akka-runtime@127.0.0.1:62935 -> None]
08:05:00.643 INFO  a.c.s.ClusterSingletonManager - Exited [akka://akka-runtime@127.0.0.1:62935].
08:05:00.643 INFO  a.c.s.ClusterSingletonManager - Oldest observed OldestChanged: [akka://akka-runtime@127.0.0.1:62935 -> None]
08:05:00.643 INFO  a.c.s.ClusterSingletonManager - ClusterSingletonManager state change [Oldest -> WasOldest]
08:05:00.643 INFO  a.c.s.ClusterSingletonManager - Oldest observed OldestChanged: [akka://akka-runtime@127.0.0.1:62935 -> None]
08:05:00.643 INFO  a.c.s.ClusterSingletonManager - ClusterSingletonManager state change [Oldest -> WasOldest]
08:05:00.643 INFO  a.c.s.ClusterSingletonManager - Oldest observed OldestChanged: [akka://akka-runtime@127.0.0.1:62935 -> None]
08:05:00.643 INFO  a.c.s.ClusterSingletonManager - ClusterSingletonManager state change [Oldest -> WasOldest]
08:05:00.643 INFO  a.c.s.ClusterSingletonManager - Exited [akka://akka-runtime@127.0.0.1:62935].
08:05:00.643 INFO  a.c.s.ClusterSingletonManager - ClusterSingletonManager state change [Oldest -> WasOldest]
08:05:00.643 INFO  a.c.s.ClusterSingletonManager - Oldest observed OldestChanged: [akka://akka-runtime@127.0.0.1:62935 -> None]
08:05:00.643 INFO  a.c.s.ClusterSingletonManager - Oldest observed OldestChanged: [akka://akka-runtime@127.0.0.1:62935 -> None]
08:05:00.643 INFO  a.c.s.ClusterSingletonManager - ClusterSingletonManager state change [Oldest -> WasOldest]
08:05:00.643 INFO  a.c.s.ClusterSingletonManager - ClusterSingletonManager state change [Oldest -> WasOldest]
08:05:00.643 INFO  a.c.s.ClusterSingletonManager - Oldest observed OldestChanged: [akka://akka-runtime@127.0.0.1:62935 -> None]
08:05:00.643 INFO  a.c.s.ClusterSingletonManager - ClusterSingletonManager state change [Oldest -> WasOldest]
08:05:00.647 ERROR repro.Bootstrap - onStartup() threw an exception
java.util.concurrent.TimeoutException: Command to entity [passivation-race-entity] id [357e24f4-5b4c-423a-877a-cf79f9b52b9a] timed out.
	at kalix.runtime.eventsourcedentity.EventSourcedSupport$$anonfun$$nestedInanonfun$handleCommand$1$1.applyOrElse(EventSourcedEntitySupportFactory.scala:191)
	at kalix.runtime.eventsourcedentity.EventSourcedSupport$$anonfun$$nestedInanonfun$handleCommand$1$1.applyOrElse(EventSourcedEntitySupportFactory.scala:189)
	at scala.concurrent.impl.Promise$Transformation.run(Promise.scala:523)
	at akka.dispatch.BatchingExecutor$AbstractBatch.processBatch(BatchingExecutor.scala:64)
	at akka.dispatch.BatchingExecutor$BlockableBatch.$anonfun$run$1(BatchingExecutor.scala:101)
	at scala.runtime.java8.JFunction0$mcV$sp.apply(JFunction0$mcV$sp.scala:18)
	at scala.concurrent.BlockContext$.withBlockContext(BlockContext.scala:94)
	at akka.dispatch.BatchingExecutor$BlockableBatch.run(BatchingExecutor.scala:101)
	at akka.dispatch.TaskInvocation.run(AbstractDispatcher.scala:48)
	at akka.dispatch.ForkJoinExecutorConfigurator$AkkaForkJoinTask.exec(ForkJoinExecutorConfigurator.scala:60)
	at java.base/java.util.concurrent.ForkJoinTask.doExec(ForkJoinTask.java:507)
	at java.base/java.util.concurrent.ForkJoinPool$WorkQueue.topLevelExec(ForkJoinPool.java:1450)
	at java.base/java.util.concurrent.ForkJoinPool.runWorker(ForkJoinPool.java:2019)
	at java.base/java.util.concurrent.ForkJoinWorkerThread.run(ForkJoinWorkerThread.java:187)
08:05:01.232 DEBUG a.c.singleton.ClusterSingletonProxy - Creating singleton identification timer...
08:05:01.232 DEBUG a.c.singleton.ClusterSingletonProxy - Creating singleton identification timer...
08:05:01.232 DEBUG a.c.singleton.ClusterSingletonProxy - Creating singleton identification timer...
08:05:01.232 DEBUG a.c.singleton.ClusterSingletonProxy - Creating singleton identification timer...
08:05:01.662 INFO  a.c.s.ClusterSingletonManager - Singleton manager stopping singleton actor [akka://akka-runtime/system/singletonManagerShardedDaemonProcessCoordinator-eventSourcedProjection-passivation-race-entity-passivation-race-consumer-b/ShardedDaemonProcessCoordinator-eventSourcedProjection-passivation-race-entity-passivation-race-consumer-b]
08:05:01.664 INFO  a.c.s.ClusterSingletonManager - Singleton manager stopping singleton actor [akka://akka-runtime/system/sharding/sharded-daemon-process-eventSourcedProjection-passivation-race-entity-passivation-race-consumer-aCoordinator/singleton]
08:05:01.664 INFO  a.c.s.ClusterSingletonManager - Singleton manager stopping singleton actor [akka://akka-runtime/system/sharding/sharded-daemon-process-eventSourcedProjection-passivation-race-entity-passivation-race-viewCoordinator/singleton]
08:05:01.664 INFO  a.c.s.ClusterSingletonManager - Singleton manager stopping singleton actor [akka://akka-runtime/system/singletonManagerShardedDaemonProcessCoordinator-eventSourcedProjection-passivation-race-entity-passivation-race-view/ShardedDaemonProcessCoordinator-eventSourcedProjection-passivation-race-entity-passivation-race-view]
08:05:01.664 INFO  a.c.s.ClusterSingletonManager - Singleton manager stopping singleton actor [akka://akka-runtime/system/singletonManagerschemaSingleton/schemaSingleton]
08:05:01.664 INFO  a.c.s.ClusterSingletonManager - ClusterSingletonManager state change [WasOldest -> Stopping]
08:05:01.664 INFO  a.c.s.ClusterSingletonManager - ClusterSingletonManager state change [WasOldest -> Stopping]
08:05:01.664 INFO  a.c.s.ClusterSingletonManager - ClusterSingletonManager state change [WasOldest -> Stopping]
08:05:01.664 INFO  a.c.s.ClusterSingletonManager - ClusterSingletonManager state change [WasOldest -> Stopping]
08:05:01.664 INFO  a.c.s.ClusterSingletonManager - ClusterSingletonManager state change [WasOldest -> Stopping]
08:05:01.664 INFO  a.c.s.ClusterSingletonManager - Singleton manager stopping singleton actor [akka://akka-runtime/system/singletonManagerShardedDaemonProcessCoordinator-eventSourcedProjection-passivation-race-entity-passivation-race-consumer-a/ShardedDaemonProcessCoordinator-eventSourcedProjection-passivation-race-entity-passivation-race-consumer-a]
08:05:01.664 INFO  a.c.s.ClusterSingletonManager - ClusterSingletonManager state change [WasOldest -> Stopping]
08:05:01.664 DEBUG a.c.sharding.DDataShardCoordinator - sharded-daemon-process-eventSourcedProjection-passivation-race-entity-passivation-race-view: Received termination message.
08:05:01.664 DEBUG a.c.sharding.DDataShardCoordinator - sharded-daemon-process-eventSourcedProjection-passivation-race-entity-passivation-race-consumer-a: Received termination message.
08:05:01.664 INFO  a.c.s.ClusterSingletonManager - Singleton actor [akka://akka-runtime/system/singletonManagerShardedDaemonProcessCoordinator-eventSourcedProjection-passivation-race-entity-passivation-race-consumer-a/ShardedDaemonProcessCoordinator-eventSourcedProjection-passivation-race-entity-passivation-race-consumer-a] was terminated
08:05:01.664 INFO  a.c.s.ClusterSingletonManager - Singleton actor [akka://akka-runtime/system/singletonManagerShardedDaemonProcessCoordinator-eventSourcedProjection-passivation-race-entity-passivation-race-view/ShardedDaemonProcessCoordinator-eventSourcedProjection-passivation-race-entity-passivation-race-view] was terminated
08:05:01.664 INFO  a.c.s.ClusterSingletonManager - Singleton actor [akka://akka-runtime/system/singletonManagerShardedDaemonProcessCoordinator-eventSourcedProjection-passivation-race-entity-passivation-race-consumer-b/ShardedDaemonProcessCoordinator-eventSourcedProjection-passivation-race-entity-passivation-race-consumer-b] was terminated
08:05:01.664 INFO  a.c.s.ClusterSingletonManager - Singleton actor [akka://akka-runtime/system/singletonManagerschemaSingleton/schemaSingleton] was terminated
08:05:01.664 INFO  a.c.s.ClusterSingletonManager - Singleton manager stopping singleton actor [akka://akka-runtime/system/sharding/sharded-daemon-process-eventSourcedProjection-passivation-race-entity-passivation-race-consumer-bCoordinator/singleton]
08:05:01.664 INFO  a.c.s.ClusterSingletonManager - ClusterSingletonManager state change [WasOldest -> Stopping]
08:05:01.664 DEBUG a.c.sharding.DDataShardCoordinator - sharded-daemon-process-eventSourcedProjection-passivation-race-entity-passivation-race-consumer-b: Received termination message.
08:05:01.664 INFO  a.c.s.ClusterSingletonManager - Singleton manager stopping singleton actor [akka://akka-runtime/system/sharding/passivation-race-entityCoordinator/singleton]
08:05:01.664 INFO  a.c.s.ClusterSingletonManager - ClusterSingletonManager state change [WasOldest -> Stopping]
08:05:01.664 DEBUG a.c.sharding.DDataShardCoordinator - passivation-race-entity: Received termination message.
08:05:01.664 INFO  a.c.s.ClusterSingletonManager - Singleton manager stopping singleton actor [akka://akka-runtime/system/sharding/_timerCoordinator/singleton]
08:05:01.664 INFO  a.c.s.ClusterSingletonManager - ClusterSingletonManager state change [WasOldest -> Stopping]
08:05:01.665 DEBUG a.c.sharding.DDataShardCoordinator - _timer: Received termination message.
08:05:01.665 INFO  a.c.s.ClusterSingletonManager - Singleton actor [akka://akka-runtime/system/sharding/sharded-daemon-process-eventSourcedProjection-passivation-race-entity-passivation-race-viewCoordinator/singleton] was terminated
08:05:01.665 INFO  a.c.s.ClusterSingletonManager - Singleton actor [akka://akka-runtime/system/sharding/sharded-daemon-process-eventSourcedProjection-passivation-race-entity-passivation-race-consumer-bCoordinator/singleton] was terminated
08:05:01.665 INFO  a.c.s.ClusterSingletonManager - Singleton actor [akka://akka-runtime/system/sharding/passivation-race-entityCoordinator/singleton] was terminated
08:05:01.665 INFO  a.c.s.ClusterSingletonManager - Singleton actor [akka://akka-runtime/system/sharding/_timerCoordinator/singleton] was terminated
08:05:01.665 INFO  a.c.s.ClusterSingletonManager - Singleton actor [akka://akka-runtime/system/sharding/sharded-daemon-process-eventSourcedProjection-passivation-race-entity-passivation-race-consumer-aCoordinator/singleton] was terminated
08:05:01.665 DEBUG akka.actor.CoordinatedShutdown - Performing phase [cluster-exiting-done] with [1] tasks.
08:05:01.665 DEBUG akka.actor.CoordinatedShutdown - Performing task [exiting-completed] in CoordinatedShutdown phase [cluster-exiting-done]
08:05:01.665 DEBUG akka.actor.CoordinatedShutdown - Performing phase [cluster-shutdown] with [1] tasks.
08:05:01.665 DEBUG akka.actor.CoordinatedShutdown - Performing task [wait-shutdown] in CoordinatedShutdown phase [cluster-shutdown]
08:05:01.666 DEBUG akka.actor.CoordinatedShutdown - Performing phase [before-actor-system-terminate] with [2] tasks.
08:05:01.666 DEBUG akka.actor.CoordinatedShutdown - Performing task [close connection pools] in CoordinatedShutdown phase [before-actor-system-terminate]
08:05:01.667 DEBUG akka.actor.CoordinatedShutdown - Performing task [close-grpc-channels] in CoordinatedShutdown phase [before-actor-system-terminate]
08:05:01.668 DEBUG akka.actor.CoordinatedShutdown - Performing phase [actor-system-terminate] with [1] tasks.
08:05:01.668 DEBUG akka.actor.CoordinatedShutdown - Performing task [terminate-system] in CoordinatedShutdown phase [actor-system-terminate]
08:05:01.748 INFO  akka.runtime.AkkaRuntimeMain - Starting Akka Runtime version [1.6.15]
08:05:01.757 INFO  akka.javasdk.impl.ComponentLocator$ - Looking for component descriptors matching pattern [META-INF/akka-javasdk-components_*.conf]
08:05:01.765 INFO  akka.javasdk.testkit.TestKit - Eventing TestKit booting up on port: 62939
08:05:01.766 DEBUG a.c.singleton.ClusterSingletonProxy - Creating singleton identification timer...
08:05:01.766 DEBUG a.c.singleton.ClusterSingletonProxy - Trying to identify singleton at [akka://akka-runtime@127.0.0.1:62940/system/singletonManagerschemaSingleton/schemaSingleton]
08:05:01.766 DEBUG a.c.singleton.ClusterSingletonProxy - Singleton not available, buffering message type [kalix.runtime.SchemaSingleton$ExecDdl]
08:05:01.767 INFO  a.c.s.ClusterSingletonManager - Singleton manager starting singleton actor [akka://akka-runtime/system/singletonManagerschemaSingleton/schemaSingleton]
08:05:01.767 INFO  a.c.s.ClusterSingletonManager - ClusterSingletonManager state change [Start -> Oldest]
08:05:01.767 INFO  akka.javasdk.testkit.TestKit - Checking runtime status
08:05:01.828 DEBUG a.c.singleton.ClusterSingletonProxy - Trying to identify singleton at [akka://akka-runtime@127.0.0.1:62940/system/singletonManagerschemaSingleton/schemaSingleton]
08:05:01.828 INFO  a.c.singleton.ClusterSingletonProxy - Singleton identified at [akka://akka-runtime/system/singletonManagerschemaSingleton/schemaSingleton]
08:05:01.828 DEBUG a.c.singleton.ClusterSingletonProxy - Sending buffered messages to current singleton instance
08:05:01.830 INFO  a.c.s.typed.scaladsl.ClusterSharding - Starting Shard Region [passivation-race-entity]...
08:05:01.831 INFO  akka.cluster.sharding.ShardRegion - passivation-race-entity: Automatic entity passivation: composite strategy with limit of [10000] active entities, admission window (least recently used entities) with proportions [initial = 0.01, min = 0.01, max = 1.0] adapting with hill-climbing optimizer [adjust multiplier = 10.0, initial step = 0.0625, restart threshold = 0.05, step decay = 0.98], admit using frequency sketch [width multiplier = 4, reset multiplier = 10.0, depth = 4, counter bits = 4], main (least recently used entities (segmented with [2] levels with proportions of [0.20, 0.80]))
08:05:01.831 INFO  a.c.s.ClusterSingletonManager - Singleton manager starting singleton actor [akka://akka-runtime/system/sharding/passivation-race-entityCoordinator/singleton]
08:05:01.831 INFO  a.c.s.ClusterSingletonManager - ClusterSingletonManager state change [Start -> Oldest]
08:05:01.832 DEBUG a.c.sharding.DDataShardCoordinator - passivation-race-entity: Initial coordinator is empty.
08:05:01.832 INFO  a.c.sharding.DDataShardCoordinator - passivation-race-entity: ShardCoordinator was moved to the active state with [0] shards
08:05:01.833 DEBUG a.c.singleton.ClusterSingletonProxy - Forwarding message of type [SchemaSingleton$ExecDdl] to current singleton instance at [akka://akka-runtime/system/singletonManagerschemaSingleton/schemaSingleton]
08:05:01.834 INFO  akka.runtime.DiscoveryManager - Service components: EventSourcedEntity: [1], Consumer: [2], View: [1]
08:05:01.835 INFO  a.c.s.typed.scaladsl.ClusterSharding - Starting Shard Region [_timer]...
08:05:01.836 INFO  a.c.s.typed.scaladsl.ClusterSharding - Starting Shard Region [sharded-daemon-process-eventSourcedProjection-passivation-race-entity-passivation-race-consumer-a]...
08:05:01.836 INFO  a.c.s.ClusterSingletonManager - Singleton manager starting singleton actor [akka://akka-runtime/system/sharding/_timerCoordinator/singleton]
08:05:01.836 INFO  akka.cluster.sharding.ShardRegion - sharded-daemon-process-eventSourcedProjection-passivation-race-entity-passivation-race-consumer-a: Automatic entity passivation: disabled
08:05:01.836 INFO  a.c.s.ClusterSingletonManager - ClusterSingletonManager state change [Start -> Oldest]
08:05:01.836 DEBUG a.c.sharding.DDataShardCoordinator - _timer: Starting remember entities store from provider akka.cluster.sharding.internal.DDataRememberEntitiesProvider@4697060
08:05:01.836 INFO  a.c.s.typed.scaladsl.ClusterSharding - Starting Shard Region [sharded-daemon-process-eventSourcedProjection-passivation-race-entity-passivation-race-consumer-b]...
08:05:01.836 DEBUG a.c.sharding.DDataShardCoordinator - _timer: Initial coordinator is empty.
08:05:01.836 INFO  a.c.sharding.DDataShardCoordinator - _timer: ShardCoordinator was moved to the active state with [0] shards
08:05:01.836 DEBUG a.c.sharding.DDataShardCoordinator - _timer: Received [0] remembered shard ids (after state initialized)
08:05:01.836 INFO  akka.cluster.sharding.ShardRegion - sharded-daemon-process-eventSourcedProjection-passivation-race-entity-passivation-race-consumer-b: Automatic entity passivation: disabled
08:05:01.837 DEBUG a.c.singleton.ClusterSingletonProxy - Creating singleton identification timer...
08:05:01.837 DEBUG a.c.singleton.ClusterSingletonProxy - Trying to identify singleton at [akka://akka-runtime@127.0.0.1:62940/system/singletonManagerShardedDaemonProcessCoordinator-eventSourcedProjection-passivation-race-entity-passivation-race-consumer-a/ShardedDaemonProcessCoordinator-eventSourcedProjection-passivation-race-entity-passivation-race-consumer-a]
08:05:01.837 INFO  a.c.s.typed.scaladsl.ClusterSharding - Starting Shard Region [sharded-daemon-process-eventSourcedProjection-passivation-race-entity-passivation-race-view]...
08:05:01.837 INFO  akka.cluster.sharding.ShardRegion - sharded-daemon-process-eventSourcedProjection-passivation-race-entity-passivation-race-view: Automatic entity passivation: disabled
08:05:01.837 INFO  a.c.s.ClusterSingletonManager - Singleton manager starting singleton actor [akka://akka-runtime/system/sharding/sharded-daemon-process-eventSourcedProjection-passivation-race-entity-passivation-race-consumer-aCoordinator/singleton]
08:05:01.838 INFO  a.c.s.ClusterSingletonManager - ClusterSingletonManager state change [Start -> Oldest]
08:05:01.838 DEBUG a.c.singleton.ClusterSingletonProxy - Creating singleton identification timer...
08:05:01.838 DEBUG a.c.singleton.ClusterSingletonProxy - Trying to identify singleton at [akka://akka-runtime@127.0.0.1:62940/system/singletonManagerShardedDaemonProcessCoordinator-eventSourcedProjection-passivation-race-entity-passivation-race-consumer-b/ShardedDaemonProcessCoordinator-eventSourcedProjection-passivation-race-entity-passivation-race-consumer-b]
08:05:01.838 DEBUG a.c.sharding.DDataShardCoordinator - sharded-daemon-process-eventSourcedProjection-passivation-race-entity-passivation-race-consumer-a: Initial coordinator is empty.
08:05:01.838 INFO  a.c.sharding.DDataShardCoordinator - sharded-daemon-process-eventSourcedProjection-passivation-race-entity-passivation-race-consumer-a: ShardCoordinator was moved to the active state with [0] shards
08:05:01.838 INFO  a.c.s.ClusterSingletonManager - Singleton manager starting singleton actor [akka://akka-runtime/system/singletonManagerShardedDaemonProcessCoordinator-eventSourcedProjection-passivation-race-entity-passivation-race-consumer-a/ShardedDaemonProcessCoordinator-eventSourcedProjection-passivation-race-entity-passivation-race-consumer-a]
08:05:01.838 INFO  a.c.s.ClusterSingletonManager - ClusterSingletonManager state change [Start -> Oldest]
08:05:01.838 DEBUG a.c.singleton.ClusterSingletonProxy - Creating singleton identification timer...
08:05:01.838 DEBUG a.c.s.t.i.ShardedDaemonProcessCoordinator$ - ShardedDaemonProcessCoordinator for [eventSourcedProjection-passivation-race-entity-passivation-race-consumer-a] starting
08:05:01.838 DEBUG a.c.singleton.ClusterSingletonProxy - Trying to identify singleton at [akka://akka-runtime@127.0.0.1:62940/system/singletonManagerShardedDaemonProcessCoordinator-eventSourcedProjection-passivation-race-entity-passivation-race-view/ShardedDaemonProcessCoordinator-eventSourcedProjection-passivation-race-entity-passivation-race-view]
08:05:01.838 INFO  a.c.s.ClusterSingletonManager - Singleton manager starting singleton actor [akka://akka-runtime/system/sharding/sharded-daemon-process-eventSourcedProjection-passivation-race-entity-passivation-race-consumer-bCoordinator/singleton]
08:05:01.838 INFO  a.c.s.ClusterSingletonManager - ClusterSingletonManager state change [Start -> Oldest]
08:05:01.838 DEBUG a.c.s.t.i.ShardedDaemonProcessCoordinator$ - eventSourcedProjection-passivation-race-entity-passivation-race-consumer-a: No previous state stored for Sharded Daemon Process
08:05:01.838 INFO  a.c.s.ClusterSingletonManager - Singleton manager starting singleton actor [akka://akka-runtime/system/singletonManagerShardedDaemonProcessCoordinator-eventSourcedProjection-passivation-race-entity-passivation-race-consumer-b/ShardedDaemonProcessCoordinator-eventSourcedProjection-passivation-race-entity-passivation-race-consumer-b]
08:05:01.838 INFO  a.c.s.ClusterSingletonManager - ClusterSingletonManager state change [Start -> Oldest]
08:05:01.838 DEBUG a.c.s.t.i.ShardedDaemonProcessCoordinator$ - Sending periodic keep alive for Sharded Daemon Process [eventSourcedProjection-passivation-race-entity-passivation-race-consumer-a] to [1] processes (revision [0]).
08:05:01.838 DEBUG a.c.sharding.DDataShardCoordinator - sharded-daemon-process-eventSourcedProjection-passivation-race-entity-passivation-race-consumer-b: Initial coordinator is empty.
08:05:01.838 INFO  a.c.sharding.DDataShardCoordinator - sharded-daemon-process-eventSourcedProjection-passivation-race-entity-passivation-race-consumer-b: ShardCoordinator was moved to the active state with [0] shards
08:05:01.838 DEBUG a.c.s.t.i.ShardedDaemonProcessCoordinator$ - ShardedDaemonProcessCoordinator for [eventSourcedProjection-passivation-race-entity-passivation-race-consumer-b] starting
08:05:01.839 INFO  a.c.s.ClusterSingletonManager - Singleton manager starting singleton actor [akka://akka-runtime/system/singletonManagerShardedDaemonProcessCoordinator-eventSourcedProjection-passivation-race-entity-passivation-race-view/ShardedDaemonProcessCoordinator-eventSourcedProjection-passivation-race-entity-passivation-race-view]
08:05:01.839 INFO  a.c.s.ClusterSingletonManager - ClusterSingletonManager state change [Start -> Oldest]
08:05:01.839 INFO  a.c.s.ClusterSingletonManager - Singleton manager starting singleton actor [akka://akka-runtime/system/sharding/sharded-daemon-process-eventSourcedProjection-passivation-race-entity-passivation-race-viewCoordinator/singleton]
08:05:01.839 DEBUG a.c.s.t.i.ShardedDaemonProcessCoordinator$ - ShardedDaemonProcessCoordinator for [eventSourcedProjection-passivation-race-entity-passivation-race-view] starting
08:05:01.839 DEBUG a.c.s.t.i.ShardedDaemonProcessCoordinator$ - eventSourcedProjection-passivation-race-entity-passivation-race-consumer-b: No previous state stored for Sharded Daemon Process
08:05:01.839 INFO  a.c.s.ClusterSingletonManager - ClusterSingletonManager state change [Start -> Oldest]
08:05:01.839 DEBUG a.c.s.t.i.ShardedDaemonProcessCoordinator$ - Sending periodic keep alive for Sharded Daemon Process [eventSourcedProjection-passivation-race-entity-passivation-race-consumer-b] to [1] processes (revision [0]).
08:05:01.839 INFO  akka.runtime.DiscoveryManager - Akka Runtime started at 127.0.0.1:62938
08:05:01.839 DEBUG a.c.s.t.i.ShardedDaemonProcessCoordinator$ - eventSourcedProjection-passivation-race-entity-passivation-race-view: No previous state stored for Sharded Daemon Process
08:05:01.839 DEBUG a.c.s.t.i.ShardedDaemonProcessCoordinator$ - Sending periodic keep alive for Sharded Daemon Process [eventSourcedProjection-passivation-race-entity-passivation-race-view] to [1] processes (revision [0]).
08:05:01.839 INFO  repro.Bootstrap - onStartup burst of 8 starting
08:05:01.839 DEBUG a.c.sharding.DDataShardCoordinator - sharded-daemon-process-eventSourcedProjection-passivation-race-entity-passivation-race-view: Initial coordinator is empty.
08:05:01.839 INFO  a.c.sharding.DDataShardCoordinator - sharded-daemon-process-eventSourcedProjection-passivation-race-entity-passivation-race-view: ShardCoordinator was moved to the active state with [0] shards
08:05:01.891 INFO  akka.javasdk.testkit.TestKit - Runtime started
08:05:01.891 INFO  akka.actor.CoordinatedShutdown - Running CoordinatedShutdown with reason [ActorSystemTerminateReason]
08:05:01.891 DEBUG akka.actor.CoordinatedShutdown - Performing phase [before-service-unbind] with [0] tasks
08:05:01.891 DEBUG akka.actor.CoordinatedShutdown - Performing phase [service-unbind] with [1] tasks.
08:05:01.891 DEBUG akka.actor.CoordinatedShutdown - Performing task [http-unbind-/127.0.0.1:62938] in CoordinatedShutdown phase [service-unbind]
08:05:01.891 DEBUG akka.actor.CoordinatedShutdown - Performing phase [service-requests-done] with [1] tasks.
08:05:01.891 DEBUG akka.actor.CoordinatedShutdown - Performing task [http-terminate-/127.0.0.1:62938] in CoordinatedShutdown phase [service-requests-done]
08:05:01.892 DEBUG akka.actor.CoordinatedShutdown - Performing phase [service-stop] with [1] tasks.
08:05:01.892 DEBUG akka.actor.CoordinatedShutdown - Performing task [stop-grpc-clients] in CoordinatedShutdown phase [service-stop]
08:05:01.892 DEBUG akka.actor.CoordinatedShutdown - Performing phase [before-cluster-shutdown] with [0] tasks
08:05:01.892 DEBUG akka.actor.CoordinatedShutdown - Performing phase [cluster-sharding-shutdown-region] with [5] tasks.
08:05:01.892 DEBUG akka.actor.CoordinatedShutdown - Performing task [region-shutdown] in CoordinatedShutdown phase [cluster-sharding-shutdown-region]
08:05:01.892 DEBUG akka.actor.CoordinatedShutdown - Performing task [region-shutdown] in CoordinatedShutdown phase [cluster-sharding-shutdown-region]
08:05:01.892 DEBUG akka.actor.CoordinatedShutdown - Performing task [region-shutdown] in CoordinatedShutdown phase [cluster-sharding-shutdown-region]
08:05:01.892 DEBUG akka.actor.CoordinatedShutdown - Performing task [region-shutdown] in CoordinatedShutdown phase [cluster-sharding-shutdown-region]
08:05:01.892 DEBUG akka.actor.CoordinatedShutdown - Performing task [region-shutdown] in CoordinatedShutdown phase [cluster-sharding-shutdown-region]
08:05:01.892 DEBUG a.c.sharding.DDataShardCoordinator - passivation-race-entity: Unknown region requested graceful shutdown [Actor[akka://akka-runtime/system/sharding/passivation-race-entity#890918933]]
08:05:01.892 DEBUG a.c.sharding.DDataShardCoordinator - _timer: Unknown region requested graceful shutdown [Actor[akka://akka-runtime/system/sharding/_timer#-1279119424]]
08:05:01.892 DEBUG a.c.sharding.DDataShardCoordinator - sharded-daemon-process-eventSourcedProjection-passivation-race-entity-passivation-race-view: Unknown region requested graceful shutdown [Actor[akka://akka-runtime/system/sharding/sharded-daemon-process-eventSourcedProjection-passivation-race-entity-passivation-race-view#-197071670]]
08:05:01.892 DEBUG a.c.sharding.DDataShardCoordinator - sharded-daemon-process-eventSourcedProjection-passivation-race-entity-passivation-race-consumer-b: Unknown region requested graceful shutdown [Actor[akka://akka-runtime/system/sharding/sharded-daemon-process-eventSourcedProjection-passivation-race-entity-passivation-race-consumer-b#-688862579]]
08:05:01.892 DEBUG a.c.sharding.DDataShardCoordinator - sharded-daemon-process-eventSourcedProjection-passivation-race-entity-passivation-race-consumer-a: Unknown region requested graceful shutdown [Actor[akka://akka-runtime/system/sharding/sharded-daemon-process-eventSourcedProjection-passivation-race-entity-passivation-race-consumer-a#377857581]]
08:05:01.897 DEBUG a.c.singleton.ClusterSingletonProxy - Trying to identify singleton at [akka://akka-runtime@127.0.0.1:62940/system/singletonManagerShardedDaemonProcessCoordinator-eventSourcedProjection-passivation-race-entity-passivation-race-consumer-a/ShardedDaemonProcessCoordinator-eventSourcedProjection-passivation-race-entity-passivation-race-consumer-a]
08:05:01.897 DEBUG a.c.singleton.ClusterSingletonProxy - Trying to identify singleton at [akka://akka-runtime@127.0.0.1:62940/system/singletonManagerShardedDaemonProcessCoordinator-eventSourcedProjection-passivation-race-entity-passivation-race-consumer-b/ShardedDaemonProcessCoordinator-eventSourcedProjection-passivation-race-entity-passivation-race-consumer-b]
08:05:01.897 INFO  a.c.singleton.ClusterSingletonProxy - Singleton identified at [akka://akka-runtime/system/singletonManagerShardedDaemonProcessCoordinator-eventSourcedProjection-passivation-race-entity-passivation-race-consumer-a/ShardedDaemonProcessCoordinator-eventSourcedProjection-passivation-race-entity-passivation-race-consumer-a]
08:05:01.897 DEBUG a.c.singleton.ClusterSingletonProxy - Sending buffered messages to current singleton instance
08:05:01.897 INFO  a.c.singleton.ClusterSingletonProxy - Singleton identified at [akka://akka-runtime/system/singletonManagerShardedDaemonProcessCoordinator-eventSourcedProjection-passivation-race-entity-passivation-race-consumer-b/ShardedDaemonProcessCoordinator-eventSourcedProjection-passivation-race-entity-passivation-race-consumer-b]
08:05:01.897 DEBUG a.c.singleton.ClusterSingletonProxy - Sending buffered messages to current singleton instance
08:05:01.908 DEBUG a.c.singleton.ClusterSingletonProxy - Trying to identify singleton at [akka://akka-runtime@127.0.0.1:62940/system/singletonManagerShardedDaemonProcessCoordinator-eventSourcedProjection-passivation-race-entity-passivation-race-view/ShardedDaemonProcessCoordinator-eventSourcedProjection-passivation-race-entity-passivation-race-view]
08:05:01.908 INFO  a.c.singleton.ClusterSingletonProxy - Singleton identified at [akka://akka-runtime/system/singletonManagerShardedDaemonProcessCoordinator-eventSourcedProjection-passivation-race-entity-passivation-race-view/ShardedDaemonProcessCoordinator-eventSourcedProjection-passivation-race-entity-passivation-race-view]
08:05:01.908 DEBUG a.c.singleton.ClusterSingletonProxy - Sending buffered messages to current singleton instance
08:05:02.097 DEBUG a.c.sharding.DDataShardCoordinator - sharded-daemon-process-eventSourcedProjection-passivation-race-entity-passivation-race-consumer-b: ShardRegion registered: [Actor[akka://akka-runtime/system/sharding/sharded-daemon-process-eventSourcedProjection-passivation-race-entity-passivation-race-consumer-b#-688862579]]
08:05:02.097 DEBUG a.c.sharding.DDataShardCoordinator - sharded-daemon-process-eventSourcedProjection-passivation-race-entity-passivation-race-consumer-a: ShardRegion registered: [Actor[akka://akka-runtime/system/sharding/sharded-daemon-process-eventSourcedProjection-passivation-race-entity-passivation-race-consumer-a#377857581]]
08:05:02.097 DEBUG a.c.sharding.DDataShardCoordinator - passivation-race-entity: ShardRegion registered: [Actor[akka://akka-runtime/system/sharding/passivation-race-entity#890918933]]
08:05:02.097 DEBUG a.c.sharding.DDataShardCoordinator - passivation-race-entity: The coordinator state was successfully updated with ShardRegionRegistered(Actor[akka://akka-runtime/system/sharding/passivation-race-entity#890918933])
08:05:02.097 DEBUG a.c.sharding.DDataShardCoordinator - sharded-daemon-process-eventSourcedProjection-passivation-race-entity-passivation-race-consumer-a: The coordinator state was successfully updated with ShardRegionRegistered(Actor[akka://akka-runtime/system/sharding/sharded-daemon-process-eventSourcedProjection-passivation-race-entity-passivation-race-consumer-a#377857581])
08:05:02.097 DEBUG a.c.sharding.DDataShardCoordinator - sharded-daemon-process-eventSourcedProjection-passivation-race-entity-passivation-race-consumer-b: The coordinator state was successfully updated with ShardRegionRegistered(Actor[akka://akka-runtime/system/sharding/sharded-daemon-process-eventSourcedProjection-passivation-race-entity-passivation-race-consumer-b#-688862579])
08:05:02.098 DEBUG a.c.sharding.DDataShardCoordinator - sharded-daemon-process-eventSourcedProjection-passivation-race-entity-passivation-race-consumer-a: The coordinator state was successfully updated with ShardHomeAllocated(0,Actor[akka://akka-runtime/system/sharding/sharded-daemon-process-eventSourcedProjection-passivation-race-entity-passivation-race-consumer-a#377857581])
08:05:02.098 DEBUG a.c.sharding.DDataShardCoordinator - passivation-race-entity: The coordinator state was successfully updated with ShardHomeAllocated(351,Actor[akka://akka-runtime/system/sharding/passivation-race-entity#890918933])
08:05:02.098 DEBUG a.c.sharding.DDataShardCoordinator - sharded-daemon-process-eventSourcedProjection-passivation-race-entity-passivation-race-consumer-b: The coordinator state was successfully updated with ShardHomeAllocated(0,Actor[akka://akka-runtime/system/sharding/sharded-daemon-process-eventSourcedProjection-passivation-race-entity-passivation-race-consumer-b#-688862579])
08:05:02.098 DEBUG a.c.sharding.DDataShardCoordinator - passivation-race-entity: Shard [351] allocated at [Actor[akka://akka-runtime/system/sharding/passivation-race-entity#890918933]]
08:05:02.098 DEBUG a.c.sharding.DDataShardCoordinator - sharded-daemon-process-eventSourcedProjection-passivation-race-entity-passivation-race-consumer-a: Shard [0] allocated at [Actor[akka://akka-runtime/system/sharding/sharded-daemon-process-eventSourcedProjection-passivation-race-entity-passivation-race-consumer-a#377857581]]
08:05:02.100 DEBUG a.c.sharding.DDataShardCoordinator - passivation-race-entity: Graceful shutdown of region [Actor[akka://akka-runtime/system/sharding/passivation-race-entity#890918933]] with [1] shards
08:05:02.100 DEBUG a.c.sharding.DDataShardCoordinator - sharded-daemon-process-eventSourcedProjection-passivation-race-entity-passivation-race-consumer-a: Graceful shutdown of region [Actor[akka://akka-runtime/system/sharding/sharded-daemon-process-eventSourcedProjection-passivation-race-entity-passivation-race-consumer-a#377857581]] with [1] shards
08:05:02.100 INFO  a.c.sharding.DDataShardCoordinator - sharded-daemon-process-eventSourcedProjection-passivation-race-entity-passivation-race-consumer-a: Starting shutting down shards [0] due to region shutting down or explicit stopping of shards.
08:05:02.100 INFO  a.c.sharding.DDataShardCoordinator - passivation-race-entity: Starting shutting down shards [351] due to region shutting down or explicit stopping of shards.
08:05:02.100 DEBUG a.c.sharding.DDataShardCoordinator - sharded-daemon-process-eventSourcedProjection-passivation-race-entity-passivation-race-consumer-b: Shard [0] allocated at [Actor[akka://akka-runtime/system/sharding/sharded-daemon-process-eventSourcedProjection-passivation-race-entity-passivation-race-consumer-b#-688862579]]
08:05:02.100 DEBUG a.c.s.t.i.ShardedDaemonProcessState$ - eventSourcedProjection-passivation-race-entity-passivation-race-consumer-b: Deferred start of worker to verify its revision [0] is the latest
08:05:02.100 DEBUG akka.cluster.sharding.Shard - sharded-daemon-process-eventSourcedProjection-passivation-race-entity-passivation-race-consumer-a: Shard initialized
08:05:02.100 DEBUG a.c.s.ShardCoordinator$RebalanceWorker - sharded-daemon-process-eventSourcedProjection-passivation-race-entity-passivation-race-consumer-a: Shutting down shard [0] from region [Actor[akka://akka-runtime/system/sharding/sharded-daemon-process-eventSourcedProjection-passivation-race-entity-passivation-race-consumer-a#377857581]]. Asking [1] region(s) to hand-off shard
08:05:02.100 DEBUG a.c.sharding.DDataShardCoordinator - sharded-daemon-process-eventSourcedProjection-passivation-race-entity-passivation-race-consumer-b: Graceful shutdown of region [Actor[akka://akka-runtime/system/sharding/sharded-daemon-process-eventSourcedProjection-passivation-race-entity-passivation-race-consumer-b#-688862579]] with [1] shards
08:05:02.100 INFO  a.c.sharding.DDataShardCoordinator - sharded-daemon-process-eventSourcedProjection-passivation-race-entity-passivation-race-consumer-b: Starting shutting down shards [0] due to region shutting down or explicit stopping of shards.
08:05:02.100 DEBUG akka.cluster.sharding.Shard - sharded-daemon-process-eventSourcedProjection-passivation-race-entity-passivation-race-consumer-b: Shard initialized
08:05:02.100 DEBUG a.c.s.ShardCoordinator$RebalanceWorker - sharded-daemon-process-eventSourcedProjection-passivation-race-entity-passivation-race-consumer-b: Shutting down shard [0] from region [Actor[akka://akka-runtime/system/sharding/sharded-daemon-process-eventSourcedProjection-passivation-race-entity-passivation-race-consumer-b#-688862579]]. Asking [1] region(s) to hand-off shard
08:05:02.100 DEBUG akka.cluster.sharding.Shard - sharded-daemon-process-eventSourcedProjection-passivation-race-entity-passivation-race-consumer-b: Request to start entity [0] and ack to [Some(Actor[akka://akka-runtime/deadLetters])]
08:05:02.100 DEBUG akka.cluster.sharding.Shard - sharded-daemon-process-eventSourcedProjection-passivation-race-entity-passivation-race-consumer-b: Started entity [Actor[akka://akka-runtime/system/sharding/sharded-daemon-process-eventSourcedProjection-passivation-race-entity-passivation-race-consumer-b/0/0#628864318]] with entity id [0] in shard [0]
08:05:02.100 DEBUG a.c.s.ShardCoordinator$RebalanceWorker - sharded-daemon-process-eventSourcedProjection-passivation-race-entity-passivation-race-consumer-b: BeginHandOffAck for shard [0] received from [Actor[akka://akka-runtime/system/sharding/sharded-daemon-process-eventSourcedProjection-passivation-race-entity-passivation-race-consumer-b#-688862579]].
08:05:02.100 DEBUG a.c.s.ShardCoordinator$RebalanceWorker - sharded-daemon-process-eventSourcedProjection-passivation-race-entity-passivation-race-consumer-b: All shard regions acked, handing off shard [0].
08:05:02.101 DEBUG akka.cluster.sharding.Shard - sharded-daemon-process-eventSourcedProjection-passivation-race-entity-passivation-race-consumer-b: HandOff shard [0]
08:05:02.101 DEBUG akka.cluster.sharding.Shard - sharded-daemon-process-eventSourcedProjection-passivation-race-entity-passivation-race-consumer-b: Starting HandOffStopper for shard [0] to terminate [1] entities.
08:05:02.101 DEBUG akka.cluster.sharding.Shard - sharded-daemon-process-eventSourcedProjection-passivation-race-entity-passivation-race-consumer-a: Request to start entity [0] and ack to [Some(Actor[akka://akka-runtime/deadLetters])]
08:05:02.101 DEBUG akka.cluster.sharding.Shard - sharded-daemon-process-eventSourcedProjection-passivation-race-entity-passivation-race-consumer-a: Started entity [Actor[akka://akka-runtime/system/sharding/sharded-daemon-process-eventSourcedProjection-passivation-race-entity-passivation-race-consumer-a/0/0#-189705110]] with entity id [0] in shard [0]
08:05:02.101 DEBUG a.c.s.ShardCoordinator$RebalanceWorker - sharded-daemon-process-eventSourcedProjection-passivation-race-entity-passivation-race-consumer-a: BeginHandOffAck for shard [0] received from [Actor[akka://akka-runtime/system/sharding/sharded-daemon-process-eventSourcedProjection-passivation-race-entity-passivation-race-consumer-a#377857581]].
08:05:02.101 DEBUG a.c.s.ShardCoordinator$RebalanceWorker - sharded-daemon-process-eventSourcedProjection-passivation-race-entity-passivation-race-consumer-a: All shard regions acked, handing off shard [0].
08:05:02.101 DEBUG akka.cluster.sharding.Shard - passivation-race-entity: Shard initialized
08:05:02.101 DEBUG a.c.s.t.i.ShardedDaemonProcessState$ - eventSourcedProjection-passivation-race-entity-passivation-race-consumer-a: Deferred start of worker to verify its revision [0] is the latest
08:05:02.101 DEBUG akka.cluster.sharding.Shard - sharded-daemon-process-eventSourcedProjection-passivation-race-entity-passivation-race-consumer-a: HandOff shard [0]
08:05:02.101 DEBUG akka.cluster.sharding.Shard - sharded-daemon-process-eventSourcedProjection-passivation-race-entity-passivation-race-consumer-a: Starting HandOffStopper for shard [0] to terminate [1] entities.
08:05:02.101 INFO  a.c.s.t.i.ShardedDaemonProcessState$ - eventSourcedProjection-passivation-race-entity-passivation-race-consumer-b: Starting Sharded Daemon Process [0] out of a total [1] (revision [0] and no state found)
08:05:02.101 INFO  a.c.s.t.i.ShardedDaemonProcessState$ - eventSourcedProjection-passivation-race-entity-passivation-race-consumer-a: Starting Sharded Daemon Process [0] out of a total [1] (revision [0] and no state found)
08:05:02.102 DEBUG akka.cluster.sharding.Shard - passivation-race-entity: Started entity [Actor[akka://akka-runtime/system/sharding/passivation-race-entity/351/de8c8b47-70a9-48c3-9157-04d6b601499f#-942547208]] with entity id [de8c8b47-70a9-48c3-9157-04d6b601499f] in shard [351]
08:05:02.103 DEBUG a.c.s.ShardCoordinator$RebalanceWorker - passivation-race-entity: Shutting down shard [351] from region [Actor[akka://akka-runtime/system/sharding/passivation-race-entity#890918933]]. Asking [1] region(s) to hand-off shard
08:05:02.103 DEBUG akka.cluster.sharding.Shard - sharded-daemon-process-eventSourcedProjection-passivation-race-entity-passivation-race-consumer-a: Shard [0] shutting down
08:05:02.103 DEBUG a.c.s.ShardCoordinator$RebalanceWorker - passivation-race-entity: BeginHandOffAck for shard [351] received from [Actor[akka://akka-runtime/system/sharding/passivation-race-entity#890918933]].
08:05:02.103 DEBUG a.c.s.ShardCoordinator$RebalanceWorker - passivation-race-entity: All shard regions acked, handing off shard [351].
08:05:02.103 DEBUG akka.cluster.sharding.Shard - passivation-race-entity: HandOff shard [351]
08:05:02.103 DEBUG a.c.sharding.DDataShardCoordinator - sharded-daemon-process-eventSourcedProjection-passivation-race-entity-passivation-race-consumer-a: Shard [0] deallocation completed successfully.
08:05:02.103 DEBUG akka.cluster.sharding.Shard - passivation-race-entity: Starting HandOffStopper for shard [351] to terminate [1] entities.
08:05:02.103 DEBUG a.c.sharding.DDataShardCoordinator - sharded-daemon-process-eventSourcedProjection-passivation-race-entity-passivation-race-consumer-a: The coordinator state was successfully updated with ShardHomeDeallocated(0)
08:05:02.103 DEBUG a.c.sharding.DDataShardCoordinator - sharded-daemon-process-eventSourcedProjection-passivation-race-entity-passivation-race-consumer-a: Shard [0] deallocated after
08:05:02.103 DEBUG a.c.sharding.DDataShardCoordinator - sharded-daemon-process-eventSourcedProjection-passivation-race-entity-passivation-race-consumer-a: ShardRegion terminated (gracefully): [Actor[akka://akka-runtime/system/sharding/sharded-daemon-process-eventSourcedProjection-passivation-race-entity-passivation-race-consumer-a#377857581]] {}
08:05:02.103 DEBUG a.c.sharding.DDataShardCoordinator - sharded-daemon-process-eventSourcedProjection-passivation-race-entity-passivation-race-consumer-a: GetShardHome [0] request from [Actor[akka://local/ignore]] stashed, because waiting for initial state or update of state. It will be handled afterwards.
08:05:02.103 DEBUG a.c.sharding.DDataShardCoordinator - sharded-daemon-process-eventSourcedProjection-passivation-race-entity-passivation-race-consumer-a: The coordinator state was successfully updated with ShardRegionTerminated(Actor[akka://akka-runtime/system/sharding/sharded-daemon-process-eventSourcedProjection-passivation-race-entity-passivation-race-consumer-a#377857581])
08:05:02.103 DEBUG a.c.sharding.DDataShardCoordinator - sharded-daemon-process-eventSourcedProjection-passivation-race-entity-passivation-race-consumer-a: ShardRegion stopped: [Actor[akka://akka-runtime/system/sharding/sharded-daemon-process-eventSourcedProjection-passivation-race-entity-passivation-race-consumer-a#377857581]]
08:05:02.107 DEBUG akka.cluster.sharding.Shard - sharded-daemon-process-eventSourcedProjection-passivation-race-entity-passivation-race-consumer-b: Shard [0] shutting down
08:05:02.107 DEBUG a.c.sharding.DDataShardCoordinator - sharded-daemon-process-eventSourcedProjection-passivation-race-entity-passivation-race-consumer-b: Shard [0] deallocation completed successfully.
08:05:02.108 DEBUG a.c.sharding.DDataShardCoordinator - sharded-daemon-process-eventSourcedProjection-passivation-race-entity-passivation-race-consumer-b: The coordinator state was successfully updated with ShardHomeDeallocated(0)
08:05:02.108 DEBUG a.c.sharding.DDataShardCoordinator - sharded-daemon-process-eventSourcedProjection-passivation-race-entity-passivation-race-consumer-b: Shard [0] deallocated after
08:05:02.108 DEBUG a.c.sharding.DDataShardCoordinator - sharded-daemon-process-eventSourcedProjection-passivation-race-entity-passivation-race-consumer-b: ShardRegion terminated (gracefully): [Actor[akka://akka-runtime/system/sharding/sharded-daemon-process-eventSourcedProjection-passivation-race-entity-passivation-race-consumer-b#-688862579]] {}
08:05:02.108 DEBUG a.c.sharding.DDataShardCoordinator - sharded-daemon-process-eventSourcedProjection-passivation-race-entity-passivation-race-consumer-b: GetShardHome [0] request from [Actor[akka://local/ignore]] stashed, because waiting for initial state or update of state. It will be handled afterwards.
08:05:02.108 DEBUG a.c.sharding.DDataShardCoordinator - sharded-daemon-process-eventSourcedProjection-passivation-race-entity-passivation-race-consumer-b: The coordinator state was successfully updated with ShardRegionTerminated(Actor[akka://akka-runtime/system/sharding/sharded-daemon-process-eventSourcedProjection-passivation-race-entity-passivation-race-consumer-b#-688862579])
08:05:02.108 DEBUG a.c.sharding.DDataShardCoordinator - sharded-daemon-process-eventSourcedProjection-passivation-race-entity-passivation-race-consumer-b: ShardRegion stopped: [Actor[akka://akka-runtime/system/sharding/sharded-daemon-process-eventSourcedProjection-passivation-race-entity-passivation-race-consumer-b#-688862579]]
08:05:02.109 DEBUG a.c.sharding.DDataShardCoordinator - sharded-daemon-process-eventSourcedProjection-passivation-race-entity-passivation-race-view: ShardRegion registered: [Actor[akka://akka-runtime/system/sharding/sharded-daemon-process-eventSourcedProjection-passivation-race-entity-passivation-race-view#-197071670]]
08:05:02.110 DEBUG a.c.sharding.DDataShardCoordinator - sharded-daemon-process-eventSourcedProjection-passivation-race-entity-passivation-race-view: The coordinator state was successfully updated with ShardRegionRegistered(Actor[akka://akka-runtime/system/sharding/sharded-daemon-process-eventSourcedProjection-passivation-race-entity-passivation-race-view#-197071670])
08:05:02.110 DEBUG a.c.sharding.DDataShardCoordinator - sharded-daemon-process-eventSourcedProjection-passivation-race-entity-passivation-race-view: The coordinator state was successfully updated with ShardHomeAllocated(0,Actor[akka://akka-runtime/system/sharding/sharded-daemon-process-eventSourcedProjection-passivation-race-entity-passivation-race-view#-197071670])
08:05:02.110 DEBUG a.c.sharding.DDataShardCoordinator - sharded-daemon-process-eventSourcedProjection-passivation-race-entity-passivation-race-view: Shard [0] allocated at [Actor[akka://akka-runtime/system/sharding/sharded-daemon-process-eventSourcedProjection-passivation-race-entity-passivation-race-view#-197071670]]
08:05:02.110 DEBUG a.c.sharding.DDataShardCoordinator - sharded-daemon-process-eventSourcedProjection-passivation-race-entity-passivation-race-view: Graceful shutdown of region [Actor[akka://akka-runtime/system/sharding/sharded-daemon-process-eventSourcedProjection-passivation-race-entity-passivation-race-view#-197071670]] with [1] shards
08:05:02.110 INFO  a.c.sharding.DDataShardCoordinator - sharded-daemon-process-eventSourcedProjection-passivation-race-entity-passivation-race-view: Starting shutting down shards [0] due to region shutting down or explicit stopping of shards.
08:05:02.111 DEBUG a.c.s.ShardCoordinator$RebalanceWorker - sharded-daemon-process-eventSourcedProjection-passivation-race-entity-passivation-race-view: Shutting down shard [0] from region [Actor[akka://akka-runtime/system/sharding/sharded-daemon-process-eventSourcedProjection-passivation-race-entity-passivation-race-view#-197071670]]. Asking [1] region(s) to hand-off shard
08:05:02.111 DEBUG akka.cluster.sharding.Shard - sharded-daemon-process-eventSourcedProjection-passivation-race-entity-passivation-race-view: Shard initialized
08:05:02.111 DEBUG a.c.s.ShardCoordinator$RebalanceWorker - sharded-daemon-process-eventSourcedProjection-passivation-race-entity-passivation-race-view: BeginHandOffAck for shard [0] received from [Actor[akka://akka-runtime/system/sharding/sharded-daemon-process-eventSourcedProjection-passivation-race-entity-passivation-race-view#-197071670]].
08:05:02.111 DEBUG a.c.s.ShardCoordinator$RebalanceWorker - sharded-daemon-process-eventSourcedProjection-passivation-race-entity-passivation-race-view: All shard regions acked, handing off shard [0].
08:05:02.111 DEBUG akka.cluster.sharding.Shard - sharded-daemon-process-eventSourcedProjection-passivation-race-entity-passivation-race-view: Request to start entity [0] and ack to [Some(Actor[akka://akka-runtime/deadLetters])]
08:05:02.111 DEBUG akka.cluster.sharding.Shard - sharded-daemon-process-eventSourcedProjection-passivation-race-entity-passivation-race-view: Started entity [Actor[akka://akka-runtime/system/sharding/sharded-daemon-process-eventSourcedProjection-passivation-race-entity-passivation-race-view/0/0#182996718]] with entity id [0] in shard [0]
08:05:02.111 DEBUG a.c.s.t.i.ShardedDaemonProcessState$ - eventSourcedProjection-passivation-race-entity-passivation-race-view: Deferred start of worker to verify its revision [0] is the latest
08:05:02.112 DEBUG akka.cluster.sharding.Shard - sharded-daemon-process-eventSourcedProjection-passivation-race-entity-passivation-race-view: HandOff shard [0]
08:05:02.112 DEBUG akka.cluster.sharding.Shard - sharded-daemon-process-eventSourcedProjection-passivation-race-entity-passivation-race-view: Starting HandOffStopper for shard [0] to terminate [1] entities.
08:05:02.116 INFO  a.c.s.t.i.ShardedDaemonProcessState$ - eventSourcedProjection-passivation-race-entity-passivation-race-view: Starting Sharded Daemon Process [0] out of a total [1] (revision [0] and no state found)
08:05:02.134 DEBUG a.c.sharding.DDataShardCoordinator - passivation-race-entity: Shard [351] deallocation completed successfully.
08:05:02.134 DEBUG akka.cluster.sharding.Shard - passivation-race-entity: Shard [351] shutting down
08:05:02.135 DEBUG a.c.sharding.DDataShardCoordinator - passivation-race-entity: The coordinator state was successfully updated with ShardHomeDeallocated(351)
08:05:02.135 DEBUG a.c.sharding.DDataShardCoordinator - passivation-race-entity: Shard [351] deallocated after
08:05:02.135 DEBUG a.c.sharding.DDataShardCoordinator - passivation-race-entity: ShardRegion terminated (gracefully): [Actor[akka://akka-runtime/system/sharding/passivation-race-entity#890918933]] {}
08:05:02.135 DEBUG a.c.sharding.DDataShardCoordinator - passivation-race-entity: GetShardHome [351] request from [Actor[akka://local/ignore]] stashed, because waiting for initial state or update of state. It will be handled afterwards.
08:05:02.135 DEBUG a.c.sharding.DDataShardCoordinator - passivation-race-entity: The coordinator state was successfully updated with ShardRegionTerminated(Actor[akka://akka-runtime/system/sharding/passivation-race-entity#890918933])
08:05:02.135 DEBUG a.c.sharding.DDataShardCoordinator - passivation-race-entity: ShardRegion stopped: [Actor[akka://akka-runtime/system/sharding/passivation-race-entity#890918933]]
08:05:02.138 ERROR repro.Bootstrap - onStartup() threw an exception
java.util.concurrent.TimeoutException: Command to entity [passivation-race-entity] id [2cecaba7-cfaf-4d9c-bc45-c82beb4ccca3] timed out.
	at kalix.runtime.eventsourcedentity.EventSourcedSupport$$anonfun$$nestedInanonfun$handleCommand$1$1.applyOrElse(EventSourcedEntitySupportFactory.scala:191)
	at kalix.runtime.eventsourcedentity.EventSourcedSupport$$anonfun$$nestedInanonfun$handleCommand$1$1.applyOrElse(EventSourcedEntitySupportFactory.scala:189)
	at scala.concurrent.impl.Promise$Transformation.run(Promise.scala:523)
	at akka.dispatch.BatchingExecutor$AbstractBatch.processBatch(BatchingExecutor.scala:64)
	at akka.dispatch.BatchingExecutor$BlockableBatch.$anonfun$run$1(BatchingExecutor.scala:101)
	at scala.runtime.java8.JFunction0$mcV$sp.apply(JFunction0$mcV$sp.scala:18)
	at scala.concurrent.BlockContext$.withBlockContext(BlockContext.scala:94)
	at akka.dispatch.BatchingExecutor$BlockableBatch.run(BatchingExecutor.scala:101)
	at akka.dispatch.TaskInvocation.run(AbstractDispatcher.scala:48)
	at akka.dispatch.ForkJoinExecutorConfigurator$AkkaForkJoinTask.exec(ForkJoinExecutorConfigurator.scala:60)
	at java.base/java.util.concurrent.ForkJoinTask.doExec(ForkJoinTask.java:507)
	at java.base/java.util.concurrent.ForkJoinPool$WorkQueue.topLevelExec(ForkJoinPool.java:1450)
	at java.base/java.util.concurrent.ForkJoinPool.runWorker(ForkJoinPool.java:2019)
	at java.base/java.util.concurrent.ForkJoinWorkerThread.run(ForkJoinWorkerThread.java:187)
08:05:02.877 WARN  a.c.s.ShardRegion$HandOffStopper - sharded-daemon-process-eventSourcedProjection-passivation-race-entity-passivation-race-view: [1] of the entities in shard [0] not stopped after [750 milliseconds]. Maybe the handOffStopMessage [akka.projection.ProjectionBehavior$Stop$] is not handled? Waiting additional [250 milliseconds] before stopping the remaining entities.
08:05:03.126 WARN  a.c.s.ShardRegion$HandOffStopper - sharded-daemon-process-eventSourcedProjection-passivation-race-entity-passivation-race-view: HandOffStopMessage [akka.projection.ProjectionBehavior$Stop$] is not handled by some of the entities in shard [0] after [1 second], stopping the remaining [1] entities.
08:05:03.127 DEBUG akka.cluster.sharding.Shard - sharded-daemon-process-eventSourcedProjection-passivation-race-entity-passivation-race-view: Shard [0] shutting down
08:05:03.127 DEBUG a.c.sharding.DDataShardCoordinator - sharded-daemon-process-eventSourcedProjection-passivation-race-entity-passivation-race-view: Shard [0] deallocation completed successfully.
08:05:03.127 WARN  a.s.s.RestartWithBackoffSource - Restarting stream due to failure [1]: akka.projection.r2dbc.internal.R2dbcOffsetStore$AttemptToUseStoppedOffsetStore: eventSourcedProjection-passivation-race-entity-passivation-race-view [0-1023], correlation [43c70244-3b82-4867-b933-353a259079cc]: R2dbcOffsetStore was stopped
08:05:03.127 DEBUG akka.actor.CoordinatedShutdown - Performing phase [cluster-leave] with [1] tasks.
08:05:03.127 DEBUG a.c.sharding.DDataShardCoordinator - sharded-daemon-process-eventSourcedProjection-passivation-race-entity-passivation-race-view: The coordinator state was successfully updated with ShardHomeDeallocated(0)
08:05:03.127 DEBUG akka.actor.CoordinatedShutdown - Performing task [leave] in CoordinatedShutdown phase [cluster-leave]
08:05:03.127 DEBUG a.c.sharding.DDataShardCoordinator - sharded-daemon-process-eventSourcedProjection-passivation-race-entity-passivation-race-view: Shard [0] deallocated after
08:05:03.127 DEBUG a.c.sharding.DDataShardCoordinator - sharded-daemon-process-eventSourcedProjection-passivation-race-entity-passivation-race-view: ShardRegion terminated (gracefully): [Actor[akka://akka-runtime/system/sharding/sharded-daemon-process-eventSourcedProjection-passivation-race-entity-passivation-race-view#-197071670]] {}
08:05:03.127 DEBUG a.c.sharding.DDataShardCoordinator - sharded-daemon-process-eventSourcedProjection-passivation-race-entity-passivation-race-view: GetShardHome [0] request from [Actor[akka://local/ignore]] stashed, because waiting for initial state or update of state. It will be handled afterwards.
08:05:03.128 DEBUG a.c.sharding.DDataShardCoordinator - sharded-daemon-process-eventSourcedProjection-passivation-race-entity-passivation-race-view: The coordinator state was successfully updated with ShardRegionTerminated(Actor[akka://akka-runtime/system/sharding/sharded-daemon-process-eventSourcedProjection-passivation-race-entity-passivation-race-view#-197071670])
08:05:03.128 DEBUG a.c.sharding.DDataShardCoordinator - sharded-daemon-process-eventSourcedProjection-passivation-race-entity-passivation-race-view: ShardRegion stopped: [Actor[akka://akka-runtime/system/sharding/sharded-daemon-process-eventSourcedProjection-passivation-race-entity-passivation-race-view#-197071670]]
08:05:03.129 DEBUG akka.actor.CoordinatedShutdown - Performing phase [cluster-exiting] with [28] tasks.
08:05:03.129 DEBUG akka.actor.CoordinatedShutdown - Performing task [singleton-exiting-1] in CoordinatedShutdown phase [cluster-exiting]
08:05:03.129 DEBUG akka.actor.CoordinatedShutdown - Performing task [singleton-exiting-2] in CoordinatedShutdown phase [cluster-exiting]
08:05:03.129 DEBUG akka.actor.CoordinatedShutdown - Performing task [singleton-exiting-2] in CoordinatedShutdown phase [cluster-exiting]
08:05:03.129 INFO  a.c.s.ClusterSingletonManager - Exited [akka://akka-runtime@127.0.0.1:62940].
08:05:03.129 INFO  a.c.s.ClusterSingletonManager - Oldest observed OldestChanged: [akka://akka-runtime@127.0.0.1:62940 -> None]
08:05:03.129 DEBUG akka.actor.CoordinatedShutdown - Performing task [singleton-exiting-2] in CoordinatedShutdown phase [cluster-exiting]
08:05:03.129 INFO  a.c.s.ClusterSingletonManager - Exited [akka://akka-runtime@127.0.0.1:62940].
08:05:03.129 DEBUG akka.actor.CoordinatedShutdown - Performing task [singleton-exiting-1] in CoordinatedShutdown phase [cluster-exiting]
08:05:03.129 INFO  a.c.s.ClusterSingletonManager - ClusterSingletonManager state change [Oldest -> WasOldest]
08:05:03.129 INFO  a.c.s.ClusterSingletonManager - Exited [akka://akka-runtime@127.0.0.1:62940].
08:05:03.129 DEBUG akka.actor.CoordinatedShutdown - Performing task [singleton-exiting-1] in CoordinatedShutdown phase [cluster-exiting]
08:05:03.129 DEBUG akka.actor.CoordinatedShutdown - Performing task [singleton-exiting-1] in CoordinatedShutdown phase [cluster-exiting]
08:05:03.129 DEBUG akka.actor.CoordinatedShutdown - Performing task [wait-singleton-exiting] in CoordinatedShutdown phase [cluster-exiting]
08:05:03.129 INFO  a.c.s.ClusterSingletonManager - Oldest observed OldestChanged: [akka://akka-runtime@127.0.0.1:62940 -> None]
08:05:03.129 DEBUG akka.actor.CoordinatedShutdown - Performing task [singleton-exiting-2] in CoordinatedShutdown phase [cluster-exiting]
08:05:03.129 INFO  a.c.s.ClusterSingletonManager - Oldest observed OldestChanged: [akka://akka-runtime@127.0.0.1:62940 -> None]
08:05:03.129 DEBUG akka.actor.CoordinatedShutdown - Performing task [singleton-exiting-2] in CoordinatedShutdown phase [cluster-exiting]
08:05:03.129 INFO  a.c.s.ClusterSingletonManager - ClusterSingletonManager state change [Oldest -> WasOldest]
08:05:03.129 INFO  a.c.s.ClusterSingletonManager - ClusterSingletonManager state change [Oldest -> WasOldest]
08:05:03.129 INFO  a.c.s.ClusterSingletonManager - Exited [akka://akka-runtime@127.0.0.1:62940].
08:05:03.129 DEBUG akka.actor.CoordinatedShutdown - Performing task [singleton-exiting-1] in CoordinatedShutdown phase [cluster-exiting]
08:05:03.129 DEBUG akka.actor.CoordinatedShutdown - Performing task [singleton-exiting-2] in CoordinatedShutdown phase [cluster-exiting]
08:05:03.129 INFO  a.c.s.ClusterSingletonManager - Exited [akka://akka-runtime@127.0.0.1:62940].
08:05:03.129 DEBUG akka.actor.CoordinatedShutdown - Performing task [wait-singleton-exiting] in CoordinatedShutdown phase [cluster-exiting]
08:05:03.129 DEBUG akka.actor.CoordinatedShutdown - Performing task [singleton-exiting-1] in CoordinatedShutdown phase [cluster-exiting]
08:05:03.129 INFO  a.c.s.ClusterSingletonManager - Oldest observed OldestChanged: [akka://akka-runtime@127.0.0.1:62940 -> None]
08:05:03.129 DEBUG akka.actor.CoordinatedShutdown - Performing task [singleton-exiting-1] in CoordinatedShutdown phase [cluster-exiting]
08:05:03.129 INFO  a.c.s.ClusterSingletonManager - ClusterSingletonManager state change [Oldest -> WasOldest]
08:05:03.129 INFO  a.c.s.ClusterSingletonManager - Oldest observed OldestChanged: [akka://akka-runtime@127.0.0.1:62940 -> None]
08:05:03.129 INFO  a.c.s.ClusterSingletonManager - Exited [akka://akka-runtime@127.0.0.1:62940].
08:05:03.129 INFO  a.c.s.ClusterSingletonManager - ClusterSingletonManager state change [Oldest -> WasOldest]
08:05:03.129 INFO  a.c.s.ClusterSingletonManager - Oldest observed OldestChanged: [akka://akka-runtime@127.0.0.1:62940 -> None]
08:05:03.129 INFO  a.c.s.ClusterSingletonManager - Oldest observed OldestChanged: [akka://akka-runtime@127.0.0.1:62940 -> None]
08:05:03.129 INFO  a.c.s.ClusterSingletonManager - ClusterSingletonManager state change [Oldest -> WasOldest]
08:05:03.129 INFO  a.c.s.ClusterSingletonManager - ClusterSingletonManager state change [Oldest -> WasOldest]
08:05:03.130 DEBUG akka.actor.CoordinatedShutdown - Performing task [wait-singleton-exiting] in CoordinatedShutdown phase [cluster-exiting]
08:05:03.130 DEBUG akka.actor.CoordinatedShutdown - Performing task [singleton-exiting-1] in CoordinatedShutdown phase [cluster-exiting]
08:05:03.130 DEBUG akka.actor.CoordinatedShutdown - Performing task [singleton-exiting-2] in CoordinatedShutdown phase [cluster-exiting]
08:05:03.130 DEBUG akka.actor.CoordinatedShutdown - Performing task [wait-singleton-exiting] in CoordinatedShutdown phase [cluster-exiting]
08:05:03.130 DEBUG akka.actor.CoordinatedShutdown - Performing task [wait-singleton-exiting] in CoordinatedShutdown phase [cluster-exiting]
08:05:03.130 DEBUG akka.actor.CoordinatedShutdown - Performing task [wait-singleton-exiting] in CoordinatedShutdown phase [cluster-exiting]
08:05:03.130 DEBUG akka.actor.CoordinatedShutdown - Performing task [singleton-exiting-1] in CoordinatedShutdown phase [cluster-exiting]
08:05:03.130 INFO  a.c.s.ClusterSingletonManager - Oldest observed OldestChanged: [akka://akka-runtime@127.0.0.1:62940 -> None]
08:05:03.130 DEBUG akka.actor.CoordinatedShutdown - Performing task [singleton-exiting-2] in CoordinatedShutdown phase [cluster-exiting]
08:05:03.130 INFO  a.c.s.ClusterSingletonManager - ClusterSingletonManager state change [Oldest -> WasOldest]
08:05:03.130 DEBUG akka.actor.CoordinatedShutdown - Performing task [wait-singleton-exiting] in CoordinatedShutdown phase [cluster-exiting]
08:05:03.130 DEBUG akka.actor.CoordinatedShutdown - Performing task [wait-singleton-exiting] in CoordinatedShutdown phase [cluster-exiting]
08:05:03.130 DEBUG akka.actor.CoordinatedShutdown - Performing task [wait-exiting] in CoordinatedShutdown phase [cluster-exiting]
08:05:03.130 INFO  a.c.s.ClusterSingletonManager - Exited [akka://akka-runtime@127.0.0.1:62940].
08:05:03.130 DEBUG akka.actor.CoordinatedShutdown - Performing task [wait-singleton-exiting] in CoordinatedShutdown phase [cluster-exiting]
08:05:03.130 DEBUG akka.actor.CoordinatedShutdown - Performing task [singleton-exiting-2] in CoordinatedShutdown phase [cluster-exiting]
08:05:03.130 INFO  a.c.s.ClusterSingletonManager - Oldest observed OldestChanged: [akka://akka-runtime@127.0.0.1:62940 -> None]
08:05:03.130 INFO  a.c.s.ClusterSingletonManager - Exited [akka://akka-runtime@127.0.0.1:62940].
08:05:03.130 INFO  a.c.s.ClusterSingletonManager - ClusterSingletonManager state change [Oldest -> WasOldest]
08:05:03.130 INFO  a.c.s.ClusterSingletonManager - Exited [akka://akka-runtime@127.0.0.1:62940].
08:05:03.749 DEBUG a.c.singleton.ClusterSingletonProxy - Creating singleton identification timer...
08:05:03.749 DEBUG a.c.singleton.ClusterSingletonProxy - Creating singleton identification timer...
08:05:03.749 DEBUG a.c.singleton.ClusterSingletonProxy - Creating singleton identification timer...
08:05:03.749 DEBUG a.c.singleton.ClusterSingletonProxy - Creating singleton identification timer...
08:05:04.146 INFO  a.c.s.ClusterSingletonManager - Singleton manager stopping singleton actor [akka://akka-runtime/system/sharding/sharded-daemon-process-eventSourcedProjection-passivation-race-entity-passivation-race-viewCoordinator/singleton]
08:05:04.146 INFO  a.c.s.ClusterSingletonManager - Singleton manager stopping singleton actor [akka://akka-runtime/system/sharding/_timerCoordinator/singleton]
08:05:04.146 INFO  a.c.s.ClusterSingletonManager - Singleton manager stopping singleton actor [akka://akka-runtime/system/singletonManagerShardedDaemonProcessCoordinator-eventSourcedProjection-passivation-race-entity-passivation-race-view/ShardedDaemonProcessCoordinator-eventSourcedProjection-passivation-race-entity-passivation-race-view]
08:05:04.146 INFO  a.c.s.ClusterSingletonManager - Singleton manager stopping singleton actor [akka://akka-runtime/system/singletonManagerschemaSingleton/schemaSingleton]
08:05:04.146 INFO  a.c.s.ClusterSingletonManager - ClusterSingletonManager state change [WasOldest -> Stopping]
08:05:04.147 INFO  a.c.s.ClusterSingletonManager - ClusterSingletonManager state change [WasOldest -> Stopping]
08:05:04.147 INFO  a.c.s.ClusterSingletonManager - ClusterSingletonManager state change [WasOldest -> Stopping]
08:05:04.147 INFO  a.c.s.ClusterSingletonManager - ClusterSingletonManager state change [WasOldest -> Stopping]
08:05:04.147 DEBUG a.c.sharding.DDataShardCoordinator - _timer: Received termination message.
08:05:04.147 INFO  a.c.s.ClusterSingletonManager - Singleton actor [akka://akka-runtime/system/singletonManagerschemaSingleton/schemaSingleton] was terminated
08:05:04.147 INFO  a.c.s.ClusterSingletonManager - Singleton actor [akka://akka-runtime/system/singletonManagerShardedDaemonProcessCoordinator-eventSourcedProjection-passivation-race-entity-passivation-race-view/ShardedDaemonProcessCoordinator-eventSourcedProjection-passivation-race-entity-passivation-race-view] was terminated
08:05:04.148 DEBUG a.c.sharding.DDataShardCoordinator - sharded-daemon-process-eventSourcedProjection-passivation-race-entity-passivation-race-view: Received termination message.
08:05:04.148 INFO  a.c.s.ClusterSingletonManager - Singleton manager stopping singleton actor [akka://akka-runtime/system/sharding/sharded-daemon-process-eventSourcedProjection-passivation-race-entity-passivation-race-consumer-aCoordinator/singleton]
08:05:04.148 INFO  a.c.s.ClusterSingletonManager - ClusterSingletonManager state change [WasOldest -> Stopping]
08:05:04.148 DEBUG a.c.sharding.DDataShardCoordinator - sharded-daemon-process-eventSourcedProjection-passivation-race-entity-passivation-race-consumer-a: Received termination message.
08:05:04.148 INFO  a.c.s.ClusterSingletonManager - Singleton actor [akka://akka-runtime/system/sharding/_timerCoordinator/singleton] was terminated
08:05:04.148 INFO  a.c.s.ClusterSingletonManager - Singleton manager stopping singleton actor [akka://akka-runtime/system/sharding/sharded-daemon-process-eventSourcedProjection-passivation-race-entity-passivation-race-consumer-bCoordinator/singleton]
08:05:04.148 INFO  a.c.s.ClusterSingletonManager - Singleton manager stopping singleton actor [akka://akka-runtime/system/sharding/passivation-race-entityCoordinator/singleton]
08:05:04.148 INFO  a.c.s.ClusterSingletonManager - ClusterSingletonManager state change [WasOldest -> Stopping]
08:05:04.148 INFO  a.c.s.ClusterSingletonManager - ClusterSingletonManager state change [WasOldest -> Stopping]
08:05:04.148 DEBUG a.c.sharding.DDataShardCoordinator - passivation-race-entity: Received termination message.
08:05:04.148 DEBUG a.c.sharding.DDataShardCoordinator - sharded-daemon-process-eventSourcedProjection-passivation-race-entity-passivation-race-consumer-b: Received termination message.
08:05:04.148 INFO  a.c.s.ClusterSingletonManager - Singleton actor [akka://akka-runtime/system/sharding/sharded-daemon-process-eventSourcedProjection-passivation-race-entity-passivation-race-viewCoordinator/singleton] was terminated
08:05:04.148 INFO  a.c.s.ClusterSingletonManager - Singleton actor [akka://akka-runtime/system/sharding/sharded-daemon-process-eventSourcedProjection-passivation-race-entity-passivation-race-consumer-bCoordinator/singleton] was terminated
08:05:04.148 INFO  a.c.s.ClusterSingletonManager - Singleton actor [akka://akka-runtime/system/sharding/passivation-race-entityCoordinator/singleton] was terminated
08:05:04.148 INFO  a.c.s.ClusterSingletonManager - Singleton actor [akka://akka-runtime/system/sharding/sharded-daemon-process-eventSourcedProjection-passivation-race-entity-passivation-race-consumer-aCoordinator/singleton] was terminated
08:05:04.148 INFO  a.c.s.ClusterSingletonManager - Singleton manager stopping singleton actor [akka://akka-runtime/system/singletonManagerShardedDaemonProcessCoordinator-eventSourcedProjection-passivation-race-entity-passivation-race-consumer-a/ShardedDaemonProcessCoordinator-eventSourcedProjection-passivation-race-entity-passivation-race-consumer-a]
08:05:04.148 INFO  a.c.s.ClusterSingletonManager - ClusterSingletonManager state change [WasOldest -> Stopping]
08:05:04.148 INFO  a.c.s.ClusterSingletonManager - Singleton actor [akka://akka-runtime/system/singletonManagerShardedDaemonProcessCoordinator-eventSourcedProjection-passivation-race-entity-passivation-race-consumer-a/ShardedDaemonProcessCoordinator-eventSourcedProjection-passivation-race-entity-passivation-race-consumer-a] was terminated
08:05:04.148 INFO  a.c.s.ClusterSingletonManager - Singleton manager stopping singleton actor [akka://akka-runtime/system/singletonManagerShardedDaemonProcessCoordinator-eventSourcedProjection-passivation-race-entity-passivation-race-consumer-b/ShardedDaemonProcessCoordinator-eventSourcedProjection-passivation-race-entity-passivation-race-consumer-b]
08:05:04.148 INFO  a.c.s.ClusterSingletonManager - ClusterSingletonManager state change [WasOldest -> Stopping]
08:05:04.148 INFO  a.c.s.ClusterSingletonManager - Singleton actor [akka://akka-runtime/system/singletonManagerShardedDaemonProcessCoordinator-eventSourcedProjection-passivation-race-entity-passivation-race-consumer-b/ShardedDaemonProcessCoordinator-eventSourcedProjection-passivation-race-entity-passivation-race-consumer-b] was terminated
08:05:04.148 DEBUG akka.actor.CoordinatedShutdown - Performing phase [cluster-exiting-done] with [1] tasks.
08:05:04.148 DEBUG akka.actor.CoordinatedShutdown - Performing task [exiting-completed] in CoordinatedShutdown phase [cluster-exiting-done]
08:05:04.149 DEBUG akka.actor.CoordinatedShutdown - Performing phase [cluster-shutdown] with [1] tasks.
08:05:04.149 DEBUG akka.actor.CoordinatedShutdown - Performing task [wait-shutdown] in CoordinatedShutdown phase [cluster-shutdown]
08:05:04.149 DEBUG akka.actor.CoordinatedShutdown - Performing phase [before-actor-system-terminate] with [2] tasks.
08:05:04.149 DEBUG akka.actor.CoordinatedShutdown - Performing task [close connection pools] in CoordinatedShutdown phase [before-actor-system-terminate]
08:05:04.150 DEBUG akka.actor.CoordinatedShutdown - Performing task [close-grpc-channels] in CoordinatedShutdown phase [before-actor-system-terminate]
08:05:04.152 DEBUG akka.actor.CoordinatedShutdown - Performing phase [actor-system-terminate] with [1] tasks.
08:05:04.152 DEBUG akka.actor.CoordinatedShutdown - Performing task [terminate-system] in CoordinatedShutdown phase [actor-system-terminate]
08:05:04.234 INFO  akka.runtime.AkkaRuntimeMain - Starting Akka Runtime version [1.6.15]
08:05:04.242 INFO  akka.javasdk.impl.ComponentLocator$ - Looking for component descriptors matching pattern [META-INF/akka-javasdk-components_*.conf]
08:05:04.252 INFO  akka.javasdk.testkit.TestKit - Eventing TestKit booting up on port: 62944
08:05:04.255 DEBUG a.c.singleton.ClusterSingletonProxy - Singleton not available, buffering message type [kalix.runtime.SchemaSingleton$ExecDdl]
08:05:04.255 DEBUG a.c.singleton.ClusterSingletonProxy - Creating singleton identification timer...
08:05:04.255 DEBUG a.c.singleton.ClusterSingletonProxy - Trying to identify singleton at [akka://akka-runtime@127.0.0.1:62945/system/singletonManagerschemaSingleton/schemaSingleton]
08:05:04.256 INFO  a.c.s.ClusterSingletonManager - Singleton manager starting singleton actor [akka://akka-runtime/system/singletonManagerschemaSingleton/schemaSingleton]
08:05:04.256 INFO  a.c.s.ClusterSingletonManager - ClusterSingletonManager state change [Start -> Oldest]
08:05:04.257 INFO  akka.javasdk.testkit.TestKit - Checking runtime status
08:05:04.319 DEBUG a.c.singleton.ClusterSingletonProxy - Trying to identify singleton at [akka://akka-runtime@127.0.0.1:62945/system/singletonManagerschemaSingleton/schemaSingleton]
08:05:04.319 INFO  a.c.singleton.ClusterSingletonProxy - Singleton identified at [akka://akka-runtime/system/singletonManagerschemaSingleton/schemaSingleton]
08:05:04.319 DEBUG a.c.singleton.ClusterSingletonProxy - Sending buffered messages to current singleton instance
08:05:04.321 INFO  a.c.s.typed.scaladsl.ClusterSharding - Starting Shard Region [passivation-race-entity]...
08:05:04.321 INFO  akka.cluster.sharding.ShardRegion - passivation-race-entity: Automatic entity passivation: composite strategy with limit of [10000] active entities, admission window (least recently used entities) with proportions [initial = 0.01, min = 0.01, max = 1.0] adapting with hill-climbing optimizer [adjust multiplier = 10.0, initial step = 0.0625, restart threshold = 0.05, step decay = 0.98], admit using frequency sketch [width multiplier = 4, reset multiplier = 10.0, depth = 4, counter bits = 4], main (least recently used entities (segmented with [2] levels with proportions of [0.20, 0.80]))
08:05:04.322 INFO  a.c.s.ClusterSingletonManager - Singleton manager starting singleton actor [akka://akka-runtime/system/sharding/passivation-race-entityCoordinator/singleton]
08:05:04.322 INFO  a.c.s.ClusterSingletonManager - ClusterSingletonManager state change [Start -> Oldest]
08:05:04.322 DEBUG a.c.sharding.DDataShardCoordinator - passivation-race-entity: Initial coordinator is empty.
08:05:04.322 INFO  a.c.sharding.DDataShardCoordinator - passivation-race-entity: ShardCoordinator was moved to the active state with [0] shards
08:05:04.324 DEBUG a.c.singleton.ClusterSingletonProxy - Forwarding message of type [SchemaSingleton$ExecDdl] to current singleton instance at [akka://akka-runtime/system/singletonManagerschemaSingleton/schemaSingleton]
08:05:04.324 INFO  akka.runtime.DiscoveryManager - Service components: EventSourcedEntity: [1], Consumer: [2], View: [1]
08:05:04.325 INFO  a.c.s.typed.scaladsl.ClusterSharding - Starting Shard Region [_timer]...
08:05:04.326 INFO  a.c.s.typed.scaladsl.ClusterSharding - Starting Shard Region [sharded-daemon-process-eventSourcedProjection-passivation-race-entity-passivation-race-consumer-a]...
08:05:04.326 INFO  akka.cluster.sharding.ShardRegion - sharded-daemon-process-eventSourcedProjection-passivation-race-entity-passivation-race-consumer-a: Automatic entity passivation: disabled
08:05:04.327 INFO  a.c.s.ClusterSingletonManager - Singleton manager starting singleton actor [akka://akka-runtime/system/sharding/_timerCoordinator/singleton]
08:05:04.327 INFO  a.c.s.ClusterSingletonManager - ClusterSingletonManager state change [Start -> Oldest]
08:05:04.327 DEBUG a.c.sharding.DDataShardCoordinator - _timer: Starting remember entities store from provider akka.cluster.sharding.internal.DDataRememberEntitiesProvider@2f1ff4d
08:05:04.327 INFO  a.c.s.typed.scaladsl.ClusterSharding - Starting Shard Region [sharded-daemon-process-eventSourcedProjection-passivation-race-entity-passivation-race-consumer-b]...
08:05:04.327 DEBUG a.c.sharding.DDataShardCoordinator - _timer: Initial coordinator is empty.
08:05:04.327 INFO  a.c.sharding.DDataShardCoordinator - _timer: ShardCoordinator was moved to the active state with [0] shards
08:05:04.327 DEBUG a.c.sharding.DDataShardCoordinator - _timer: Received [0] remembered shard ids (after state initialized)
08:05:04.327 INFO  akka.cluster.sharding.ShardRegion - sharded-daemon-process-eventSourcedProjection-passivation-race-entity-passivation-race-consumer-b: Automatic entity passivation: disabled
08:05:04.327 DEBUG a.c.singleton.ClusterSingletonProxy - Creating singleton identification timer...
08:05:04.328 INFO  a.c.s.ClusterSingletonManager - Singleton manager starting singleton actor [akka://akka-runtime/system/sharding/sharded-daemon-process-eventSourcedProjection-passivation-race-entity-passivation-race-consumer-aCoordinator/singleton]
08:05:04.328 INFO  a.c.s.ClusterSingletonManager - ClusterSingletonManager state change [Start -> Oldest]
08:05:04.328 DEBUG a.c.singleton.ClusterSingletonProxy - Trying to identify singleton at [akka://akka-runtime@127.0.0.1:62945/system/singletonManagerShardedDaemonProcessCoordinator-eventSourcedProjection-passivation-race-entity-passivation-race-consumer-a/ShardedDaemonProcessCoordinator-eventSourcedProjection-passivation-race-entity-passivation-race-consumer-a]
08:05:04.328 INFO  a.c.s.typed.scaladsl.ClusterSharding - Starting Shard Region [sharded-daemon-process-eventSourcedProjection-passivation-race-entity-passivation-race-view]...
08:05:04.328 DEBUG a.c.sharding.DDataShardCoordinator - sharded-daemon-process-eventSourcedProjection-passivation-race-entity-passivation-race-consumer-a: Initial coordinator is empty.
08:05:04.328 INFO  a.c.sharding.DDataShardCoordinator - sharded-daemon-process-eventSourcedProjection-passivation-race-entity-passivation-race-consumer-a: ShardCoordinator was moved to the active state with [0] shards
08:05:04.328 INFO  a.c.s.ClusterSingletonManager - Singleton manager starting singleton actor [akka://akka-runtime/system/singletonManagerShardedDaemonProcessCoordinator-eventSourcedProjection-passivation-race-entity-passivation-race-consumer-a/ShardedDaemonProcessCoordinator-eventSourcedProjection-passivation-race-entity-passivation-race-consumer-a]
08:05:04.328 INFO  akka.cluster.sharding.ShardRegion - sharded-daemon-process-eventSourcedProjection-passivation-race-entity-passivation-race-view: Automatic entity passivation: disabled
08:05:04.328 INFO  a.c.s.ClusterSingletonManager - ClusterSingletonManager state change [Start -> Oldest]
08:05:04.328 INFO  a.c.s.ClusterSingletonManager - Singleton manager starting singleton actor [akka://akka-runtime/system/sharding/sharded-daemon-process-eventSourcedProjection-passivation-race-entity-passivation-race-consumer-bCoordinator/singleton]
08:05:04.328 INFO  a.c.s.ClusterSingletonManager - ClusterSingletonManager state change [Start -> Oldest]
08:05:04.328 DEBUG a.c.singleton.ClusterSingletonProxy - Creating singleton identification timer...
08:05:04.328 DEBUG a.c.singleton.ClusterSingletonProxy - Trying to identify singleton at [akka://akka-runtime@127.0.0.1:62945/system/singletonManagerShardedDaemonProcessCoordinator-eventSourcedProjection-passivation-race-entity-passivation-race-consumer-b/ShardedDaemonProcessCoordinator-eventSourcedProjection-passivation-race-entity-passivation-race-consumer-b]
08:05:04.329 DEBUG a.c.s.t.i.ShardedDaemonProcessCoordinator$ - ShardedDaemonProcessCoordinator for [eventSourcedProjection-passivation-race-entity-passivation-race-consumer-a] starting
08:05:04.329 DEBUG a.c.sharding.DDataShardCoordinator - sharded-daemon-process-eventSourcedProjection-passivation-race-entity-passivation-race-consumer-b: Initial coordinator is empty.
08:05:04.329 INFO  a.c.sharding.DDataShardCoordinator - sharded-daemon-process-eventSourcedProjection-passivation-race-entity-passivation-race-consumer-b: ShardCoordinator was moved to the active state with [0] shards
08:05:04.329 DEBUG a.c.s.t.i.ShardedDaemonProcessCoordinator$ - eventSourcedProjection-passivation-race-entity-passivation-race-consumer-a: No previous state stored for Sharded Daemon Process
08:05:04.329 DEBUG a.c.s.t.i.ShardedDaemonProcessCoordinator$ - Sending periodic keep alive for Sharded Daemon Process [eventSourcedProjection-passivation-race-entity-passivation-race-consumer-a] to [1] processes (revision [0]).
08:05:04.329 INFO  akka.runtime.DiscoveryManager - Akka Runtime started at 127.0.0.1:62943
08:05:04.329 INFO  a.c.s.ClusterSingletonManager - Singleton manager starting singleton actor [akka://akka-runtime/system/singletonManagerShardedDaemonProcessCoordinator-eventSourcedProjection-passivation-race-entity-passivation-race-consumer-b/ShardedDaemonProcessCoordinator-eventSourcedProjection-passivation-race-entity-passivation-race-consumer-b]
08:05:04.329 INFO  a.c.s.ClusterSingletonManager - ClusterSingletonManager state change [Start -> Oldest]
08:05:04.329 INFO  repro.Bootstrap - onStartup burst of 8 starting
08:05:04.330 DEBUG a.c.s.t.i.ShardedDaemonProcessCoordinator$ - ShardedDaemonProcessCoordinator for [eventSourcedProjection-passivation-race-entity-passivation-race-consumer-b] starting
08:05:04.330 DEBUG a.c.singleton.ClusterSingletonProxy - Creating singleton identification timer...
08:05:04.330 DEBUG a.c.singleton.ClusterSingletonProxy - Trying to identify singleton at [akka://akka-runtime@127.0.0.1:62945/system/singletonManagerShardedDaemonProcessCoordinator-eventSourcedProjection-passivation-race-entity-passivation-race-view/ShardedDaemonProcessCoordinator-eventSourcedProjection-passivation-race-entity-passivation-race-view]
08:05:04.330 DEBUG a.c.s.t.i.ShardedDaemonProcessCoordinator$ - eventSourcedProjection-passivation-race-entity-passivation-race-consumer-b: No previous state stored for Sharded Daemon Process
08:05:04.330 INFO  a.c.s.ClusterSingletonManager - Singleton manager starting singleton actor [akka://akka-runtime/system/sharding/sharded-daemon-process-eventSourcedProjection-passivation-race-entity-passivation-race-viewCoordinator/singleton]
08:05:04.330 INFO  a.c.s.ClusterSingletonManager - ClusterSingletonManager state change [Start -> Oldest]
08:05:04.330 DEBUG a.c.s.t.i.ShardedDaemonProcessCoordinator$ - Sending periodic keep alive for Sharded Daemon Process [eventSourcedProjection-passivation-race-entity-passivation-race-consumer-b] to [1] processes (revision [0]).
08:05:04.330 DEBUG a.c.sharding.DDataShardCoordinator - sharded-daemon-process-eventSourcedProjection-passivation-race-entity-passivation-race-view: Initial coordinator is empty.
08:05:04.330 INFO  a.c.sharding.DDataShardCoordinator - sharded-daemon-process-eventSourcedProjection-passivation-race-entity-passivation-race-view: ShardCoordinator was moved to the active state with [0] shards
08:05:04.330 INFO  a.c.s.ClusterSingletonManager - Singleton manager starting singleton actor [akka://akka-runtime/system/singletonManagerShardedDaemonProcessCoordinator-eventSourcedProjection-passivation-race-entity-passivation-race-view/ShardedDaemonProcessCoordinator-eventSourcedProjection-passivation-race-entity-passivation-race-view]
08:05:04.330 INFO  a.c.s.ClusterSingletonManager - ClusterSingletonManager state change [Start -> Oldest]
08:05:04.330 DEBUG a.c.s.t.i.ShardedDaemonProcessCoordinator$ - ShardedDaemonProcessCoordinator for [eventSourcedProjection-passivation-race-entity-passivation-race-view] starting
08:05:04.331 DEBUG a.c.s.t.i.ShardedDaemonProcessCoordinator$ - eventSourcedProjection-passivation-race-entity-passivation-race-view: No previous state stored for Sharded Daemon Process
08:05:04.331 DEBUG a.c.s.t.i.ShardedDaemonProcessCoordinator$ - Sending periodic keep alive for Sharded Daemon Process [eventSourcedProjection-passivation-race-entity-passivation-race-view] to [1] processes (revision [0]).
08:05:04.382 INFO  akka.javasdk.testkit.TestKit - Runtime started
08:05:04.383 INFO  akka.actor.CoordinatedShutdown - Running CoordinatedShutdown with reason [ActorSystemTerminateReason]
08:05:04.383 DEBUG akka.actor.CoordinatedShutdown - Performing phase [before-service-unbind] with [0] tasks
08:05:04.383 DEBUG akka.actor.CoordinatedShutdown - Performing phase [service-unbind] with [1] tasks.
08:05:04.383 DEBUG akka.actor.CoordinatedShutdown - Performing task [http-unbind-/127.0.0.1:62943] in CoordinatedShutdown phase [service-unbind]
08:05:04.383 DEBUG akka.actor.CoordinatedShutdown - Performing phase [service-requests-done] with [1] tasks.
08:05:04.383 DEBUG akka.actor.CoordinatedShutdown - Performing task [http-terminate-/127.0.0.1:62943] in CoordinatedShutdown phase [service-requests-done]
08:05:04.383 DEBUG akka.actor.CoordinatedShutdown - Performing phase [service-stop] with [1] tasks.
08:05:04.383 DEBUG akka.actor.CoordinatedShutdown - Performing task [stop-grpc-clients] in CoordinatedShutdown phase [service-stop]
08:05:04.383 DEBUG akka.actor.CoordinatedShutdown - Performing phase [before-cluster-shutdown] with [0] tasks
08:05:04.383 DEBUG akka.actor.CoordinatedShutdown - Performing phase [cluster-sharding-shutdown-region] with [5] tasks.
08:05:04.383 DEBUG akka.actor.CoordinatedShutdown - Performing task [region-shutdown] in CoordinatedShutdown phase [cluster-sharding-shutdown-region]
08:05:04.383 DEBUG akka.actor.CoordinatedShutdown - Performing task [region-shutdown] in CoordinatedShutdown phase [cluster-sharding-shutdown-region]
08:05:04.383 DEBUG akka.actor.CoordinatedShutdown - Performing task [region-shutdown] in CoordinatedShutdown phase [cluster-sharding-shutdown-region]
08:05:04.383 DEBUG akka.actor.CoordinatedShutdown - Performing task [region-shutdown] in CoordinatedShutdown phase [cluster-sharding-shutdown-region]
08:05:04.383 DEBUG akka.actor.CoordinatedShutdown - Performing task [region-shutdown] in CoordinatedShutdown phase [cluster-sharding-shutdown-region]
08:05:04.383 DEBUG a.c.sharding.DDataShardCoordinator - sharded-daemon-process-eventSourcedProjection-passivation-race-entity-passivation-race-consumer-a: Unknown region requested graceful shutdown [Actor[akka://akka-runtime/system/sharding/sharded-daemon-process-eventSourcedProjection-passivation-race-entity-passivation-race-consumer-a#1144141529]]
08:05:04.383 DEBUG a.c.sharding.DDataShardCoordinator - _timer: Unknown region requested graceful shutdown [Actor[akka://akka-runtime/system/sharding/_timer#1964878650]]
08:05:04.383 DEBUG a.c.sharding.DDataShardCoordinator - passivation-race-entity: Unknown region requested graceful shutdown [Actor[akka://akka-runtime/system/sharding/passivation-race-entity#-1340112421]]
08:05:04.383 DEBUG a.c.sharding.DDataShardCoordinator - sharded-daemon-process-eventSourcedProjection-passivation-race-entity-passivation-race-consumer-b: Unknown region requested graceful shutdown [Actor[akka://akka-runtime/system/sharding/sharded-daemon-process-eventSourcedProjection-passivation-race-entity-passivation-race-consumer-b#1718278711]]
08:05:04.383 DEBUG a.c.sharding.DDataShardCoordinator - sharded-daemon-process-eventSourcedProjection-passivation-race-entity-passivation-race-view: Unknown region requested graceful shutdown [Actor[akka://akka-runtime/system/sharding/sharded-daemon-process-eventSourcedProjection-passivation-race-entity-passivation-race-view#-604640164]]
08:05:04.390 DEBUG a.c.singleton.ClusterSingletonProxy - Trying to identify singleton at [akka://akka-runtime@127.0.0.1:62945/system/singletonManagerShardedDaemonProcessCoordinator-eventSourcedProjection-passivation-race-entity-passivation-race-consumer-a/ShardedDaemonProcessCoordinator-eventSourcedProjection-passivation-race-entity-passivation-race-consumer-a]
08:05:04.390 DEBUG a.c.singleton.ClusterSingletonProxy - Trying to identify singleton at [akka://akka-runtime@127.0.0.1:62945/system/singletonManagerShardedDaemonProcessCoordinator-eventSourcedProjection-passivation-race-entity-passivation-race-consumer-b/ShardedDaemonProcessCoordinator-eventSourcedProjection-passivation-race-entity-passivation-race-consumer-b]
08:05:04.390 DEBUG a.c.singleton.ClusterSingletonProxy - Trying to identify singleton at [akka://akka-runtime@127.0.0.1:62945/system/singletonManagerShardedDaemonProcessCoordinator-eventSourcedProjection-passivation-race-entity-passivation-race-view/ShardedDaemonProcessCoordinator-eventSourcedProjection-passivation-race-entity-passivation-race-view]
08:05:04.390 INFO  a.c.singleton.ClusterSingletonProxy - Singleton identified at [akka://akka-runtime/system/singletonManagerShardedDaemonProcessCoordinator-eventSourcedProjection-passivation-race-entity-passivation-race-view/ShardedDaemonProcessCoordinator-eventSourcedProjection-passivation-race-entity-passivation-race-view]
08:05:04.390 INFO  a.c.singleton.ClusterSingletonProxy - Singleton identified at [akka://akka-runtime/system/singletonManagerShardedDaemonProcessCoordinator-eventSourcedProjection-passivation-race-entity-passivation-race-consumer-a/ShardedDaemonProcessCoordinator-eventSourcedProjection-passivation-race-entity-passivation-race-consumer-a]
08:05:04.390 INFO  a.c.singleton.ClusterSingletonProxy - Singleton identified at [akka://akka-runtime/system/singletonManagerShardedDaemonProcessCoordinator-eventSourcedProjection-passivation-race-entity-passivation-race-consumer-b/ShardedDaemonProcessCoordinator-eventSourcedProjection-passivation-race-entity-passivation-race-consumer-b]
08:05:04.390 DEBUG a.c.singleton.ClusterSingletonProxy - Sending buffered messages to current singleton instance
08:05:04.390 DEBUG a.c.singleton.ClusterSingletonProxy - Sending buffered messages to current singleton instance
08:05:04.390 DEBUG a.c.singleton.ClusterSingletonProxy - Sending buffered messages to current singleton instance
08:05:04.589 DEBUG a.c.sharding.DDataShardCoordinator - sharded-daemon-process-eventSourcedProjection-passivation-race-entity-passivation-race-consumer-b: ShardRegion registered: [Actor[akka://akka-runtime/system/sharding/sharded-daemon-process-eventSourcedProjection-passivation-race-entity-passivation-race-consumer-b#1718278711]]
08:05:04.589 DEBUG a.c.sharding.DDataShardCoordinator - sharded-daemon-process-eventSourcedProjection-passivation-race-entity-passivation-race-consumer-a: ShardRegion registered: [Actor[akka://akka-runtime/system/sharding/sharded-daemon-process-eventSourcedProjection-passivation-race-entity-passivation-race-consumer-a#1144141529]]
08:05:04.589 DEBUG a.c.sharding.DDataShardCoordinator - sharded-daemon-process-eventSourcedProjection-passivation-race-entity-passivation-race-view: ShardRegion registered: [Actor[akka://akka-runtime/system/sharding/sharded-daemon-process-eventSourcedProjection-passivation-race-entity-passivation-race-view#-604640164]]
08:05:04.589 DEBUG a.c.sharding.DDataShardCoordinator - passivation-race-entity: ShardRegion registered: [Actor[akka://akka-runtime/system/sharding/passivation-race-entity#-1340112421]]
08:05:04.589 DEBUG a.c.sharding.DDataShardCoordinator - sharded-daemon-process-eventSourcedProjection-passivation-race-entity-passivation-race-view: The coordinator state was successfully updated with ShardRegionRegistered(Actor[akka://akka-runtime/system/sharding/sharded-daemon-process-eventSourcedProjection-passivation-race-entity-passivation-race-view#-604640164])
08:05:04.590 DEBUG a.c.sharding.DDataShardCoordinator - sharded-daemon-process-eventSourcedProjection-passivation-race-entity-passivation-race-consumer-a: The coordinator state was successfully updated with ShardRegionRegistered(Actor[akka://akka-runtime/system/sharding/sharded-daemon-process-eventSourcedProjection-passivation-race-entity-passivation-race-consumer-a#1144141529])
08:05:04.590 DEBUG a.c.sharding.DDataShardCoordinator - sharded-daemon-process-eventSourcedProjection-passivation-race-entity-passivation-race-consumer-b: The coordinator state was successfully updated with ShardRegionRegistered(Actor[akka://akka-runtime/system/sharding/sharded-daemon-process-eventSourcedProjection-passivation-race-entity-passivation-race-consumer-b#1718278711])
08:05:04.590 DEBUG a.c.sharding.DDataShardCoordinator - passivation-race-entity: The coordinator state was successfully updated with ShardRegionRegistered(Actor[akka://akka-runtime/system/sharding/passivation-race-entity#-1340112421])
08:05:04.590 DEBUG a.c.sharding.DDataShardCoordinator - sharded-daemon-process-eventSourcedProjection-passivation-race-entity-passivation-race-view: The coordinator state was successfully updated with ShardHomeAllocated(0,Actor[akka://akka-runtime/system/sharding/sharded-daemon-process-eventSourcedProjection-passivation-race-entity-passivation-race-view#-604640164])
08:05:04.590 DEBUG a.c.sharding.DDataShardCoordinator - sharded-daemon-process-eventSourcedProjection-passivation-race-entity-passivation-race-consumer-a: The coordinator state was successfully updated with ShardHomeAllocated(0,Actor[akka://akka-runtime/system/sharding/sharded-daemon-process-eventSourcedProjection-passivation-race-entity-passivation-race-consumer-a#1144141529])
08:05:04.590 DEBUG a.c.sharding.DDataShardCoordinator - sharded-daemon-process-eventSourcedProjection-passivation-race-entity-passivation-race-consumer-b: The coordinator state was successfully updated with ShardHomeAllocated(0,Actor[akka://akka-runtime/system/sharding/sharded-daemon-process-eventSourcedProjection-passivation-race-entity-passivation-race-consumer-b#1718278711])
08:05:04.590 DEBUG a.c.sharding.DDataShardCoordinator - passivation-race-entity: The coordinator state was successfully updated with ShardHomeAllocated(408,Actor[akka://akka-runtime/system/sharding/passivation-race-entity#-1340112421])
08:05:04.590 DEBUG a.c.sharding.DDataShardCoordinator - sharded-daemon-process-eventSourcedProjection-passivation-race-entity-passivation-race-view: Shard [0] allocated at [Actor[akka://akka-runtime/system/sharding/sharded-daemon-process-eventSourcedProjection-passivation-race-entity-passivation-race-view#-604640164]]
08:05:04.590 DEBUG a.c.sharding.DDataShardCoordinator - passivation-race-entity: Shard [408] allocated at [Actor[akka://akka-runtime/system/sharding/passivation-race-entity#-1340112421]]
08:05:04.590 DEBUG a.c.sharding.DDataShardCoordinator - sharded-daemon-process-eventSourcedProjection-passivation-race-entity-passivation-race-consumer-a: Shard [0] allocated at [Actor[akka://akka-runtime/system/sharding/sharded-daemon-process-eventSourcedProjection-passivation-race-entity-passivation-race-consumer-a#1144141529]]
08:05:04.590 DEBUG a.c.sharding.DDataShardCoordinator - sharded-daemon-process-eventSourcedProjection-passivation-race-entity-passivation-race-consumer-b: Shard [0] allocated at [Actor[akka://akka-runtime/system/sharding/sharded-daemon-process-eventSourcedProjection-passivation-race-entity-passivation-race-consumer-b#1718278711]]
08:05:04.590 DEBUG a.c.sharding.DDataShardCoordinator - sharded-daemon-process-eventSourcedProjection-passivation-race-entity-passivation-race-view: Graceful shutdown of region [Actor[akka://akka-runtime/system/sharding/sharded-daemon-process-eventSourcedProjection-passivation-race-entity-passivation-race-view#-604640164]] with [1] shards
08:05:04.590 DEBUG a.c.sharding.DDataShardCoordinator - sharded-daemon-process-eventSourcedProjection-passivation-race-entity-passivation-race-consumer-a: Graceful shutdown of region [Actor[akka://akka-runtime/system/sharding/sharded-daemon-process-eventSourcedProjection-passivation-race-entity-passivation-race-consumer-a#1144141529]] with [1] shards
08:05:04.590 INFO  a.c.sharding.DDataShardCoordinator - sharded-daemon-process-eventSourcedProjection-passivation-race-entity-passivation-race-view: Starting shutting down shards [0] due to region shutting down or explicit stopping of shards.
08:05:04.590 INFO  a.c.sharding.DDataShardCoordinator - sharded-daemon-process-eventSourcedProjection-passivation-race-entity-passivation-race-consumer-a: Starting shutting down shards [0] due to region shutting down or explicit stopping of shards.
08:05:04.590 DEBUG a.c.s.ShardCoordinator$RebalanceWorker - sharded-daemon-process-eventSourcedProjection-passivation-race-entity-passivation-race-view: Shutting down shard [0] from region [Actor[akka://akka-runtime/system/sharding/sharded-daemon-process-eventSourcedProjection-passivation-race-entity-passivation-race-view#-604640164]]. Asking [1] region(s) to hand-off shard
08:05:04.590 DEBUG a.c.s.ShardCoordinator$RebalanceWorker - sharded-daemon-process-eventSourcedProjection-passivation-race-entity-passivation-race-consumer-a: Shutting down shard [0] from region [Actor[akka://akka-runtime/system/sharding/sharded-daemon-process-eventSourcedProjection-passivation-race-entity-passivation-race-consumer-a#1144141529]]. Asking [1] region(s) to hand-off shard
08:05:04.590 DEBUG a.c.s.ShardCoordinator$RebalanceWorker - sharded-daemon-process-eventSourcedProjection-passivation-race-entity-passivation-race-consumer-a: BeginHandOffAck for shard [0] received from [Actor[akka://akka-runtime/system/sharding/sharded-daemon-process-eventSourcedProjection-passivation-race-entity-passivation-race-consumer-a#1144141529]].
08:05:04.590 DEBUG a.c.s.ShardCoordinator$RebalanceWorker - sharded-daemon-process-eventSourcedProjection-passivation-race-entity-passivation-race-consumer-a: All shard regions acked, handing off shard [0].
08:05:04.590 DEBUG a.c.sharding.DDataShardCoordinator - sharded-daemon-process-eventSourcedProjection-passivation-race-entity-passivation-race-consumer-b: Graceful shutdown of region [Actor[akka://akka-runtime/system/sharding/sharded-daemon-process-eventSourcedProjection-passivation-race-entity-passivation-race-consumer-b#1718278711]] with [1] shards
08:05:04.590 DEBUG akka.cluster.sharding.Shard - sharded-daemon-process-eventSourcedProjection-passivation-race-entity-passivation-race-consumer-a: Shard initialized
08:05:04.590 INFO  a.c.sharding.DDataShardCoordinator - sharded-daemon-process-eventSourcedProjection-passivation-race-entity-passivation-race-consumer-b: Starting shutting down shards [0] due to region shutting down or explicit stopping of shards.
08:05:04.590 DEBUG akka.cluster.sharding.Shard - sharded-daemon-process-eventSourcedProjection-passivation-race-entity-passivation-race-consumer-b: Shard initialized
08:05:04.590 WARN  akka.cluster.sharding.ShardRegion - sharded-daemon-process-eventSourcedProjection-passivation-race-entity-passivation-race-consumer-a: Dropping [1] buffered messages to shard [0] during hand off to avoid re-ordering
08:05:04.591 DEBUG akka.cluster.sharding.Shard - sharded-daemon-process-eventSourcedProjection-passivation-race-entity-passivation-race-consumer-b: Request to start entity [0] and ack to [Some(Actor[akka://akka-runtime/deadLetters])]
08:05:04.591 DEBUG a.c.s.ShardCoordinator$RebalanceWorker - sharded-daemon-process-eventSourcedProjection-passivation-race-entity-passivation-race-consumer-b: Shutting down shard [0] from region [Actor[akka://akka-runtime/system/sharding/sharded-daemon-process-eventSourcedProjection-passivation-race-entity-passivation-race-consumer-b#1718278711]]. Asking [1] region(s) to hand-off shard
08:05:04.591 DEBUG akka.cluster.sharding.Shard - sharded-daemon-process-eventSourcedProjection-passivation-race-entity-passivation-race-consumer-a: HandOff shard [0]
08:05:04.591 DEBUG a.c.s.ShardCoordinator$RebalanceWorker - sharded-daemon-process-eventSourcedProjection-passivation-race-entity-passivation-race-consumer-b: BeginHandOffAck for shard [0] received from [Actor[akka://akka-runtime/system/sharding/sharded-daemon-process-eventSourcedProjection-passivation-race-entity-passivation-race-consumer-b#1718278711]].
08:05:04.591 DEBUG a.c.s.ShardCoordinator$RebalanceWorker - sharded-daemon-process-eventSourcedProjection-passivation-race-entity-passivation-race-consumer-b: All shard regions acked, handing off shard [0].
08:05:04.591 DEBUG akka.cluster.sharding.Shard - sharded-daemon-process-eventSourcedProjection-passivation-race-entity-passivation-race-consumer-a: Shard [0] shutting down
08:05:04.591 DEBUG a.c.sharding.DDataShardCoordinator - sharded-daemon-process-eventSourcedProjection-passivation-race-entity-passivation-race-consumer-a: Shard [0] deallocation completed successfully.
08:05:04.591 DEBUG akka.cluster.sharding.Shard - sharded-daemon-process-eventSourcedProjection-passivation-race-entity-passivation-race-consumer-b: Started entity [Actor[akka://akka-runtime/system/sharding/sharded-daemon-process-eventSourcedProjection-passivation-race-entity-passivation-race-consumer-b/0/0#-1464133331]] with entity id [0] in shard [0]
08:05:04.591 DEBUG akka.cluster.sharding.Shard - sharded-daemon-process-eventSourcedProjection-passivation-race-entity-passivation-race-consumer-b: HandOff shard [0]
08:05:04.591 DEBUG akka.cluster.sharding.Shard - sharded-daemon-process-eventSourcedProjection-passivation-race-entity-passivation-race-consumer-b: Starting HandOffStopper for shard [0] to terminate [1] entities.
08:05:04.591 DEBUG a.c.sharding.DDataShardCoordinator - sharded-daemon-process-eventSourcedProjection-passivation-race-entity-passivation-race-consumer-a: The coordinator state was successfully updated with ShardHomeDeallocated(0)
08:05:04.591 DEBUG a.c.sharding.DDataShardCoordinator - sharded-daemon-process-eventSourcedProjection-passivation-race-entity-passivation-race-consumer-a: Shard [0] deallocated after
08:05:04.591 DEBUG a.c.sharding.DDataShardCoordinator - sharded-daemon-process-eventSourcedProjection-passivation-race-entity-passivation-race-consumer-a: ShardRegion terminated (gracefully): [Actor[akka://akka-runtime/system/sharding/sharded-daemon-process-eventSourcedProjection-passivation-race-entity-passivation-race-consumer-a#1144141529]] {}
08:05:04.591 DEBUG a.c.sharding.DDataShardCoordinator - passivation-race-entity: Graceful shutdown of region [Actor[akka://akka-runtime/system/sharding/passivation-race-entity#-1340112421]] with [1] shards
08:05:04.591 DEBUG a.c.s.t.i.ShardedDaemonProcessState$ - eventSourcedProjection-passivation-race-entity-passivation-race-consumer-b: Deferred start of worker to verify its revision [0] is the latest
08:05:04.591 INFO  a.c.sharding.DDataShardCoordinator - passivation-race-entity: Starting shutting down shards [408] due to region shutting down or explicit stopping of shards.
08:05:04.591 DEBUG a.c.s.ShardCoordinator$RebalanceWorker - passivation-race-entity: Shutting down shard [408] from region [Actor[akka://akka-runtime/system/sharding/passivation-race-entity#-1340112421]]. Asking [1] region(s) to hand-off shard
08:05:04.591 DEBUG a.c.sharding.DDataShardCoordinator - sharded-daemon-process-eventSourcedProjection-passivation-race-entity-passivation-race-consumer-a: GetShardHome [0] request from [Actor[akka://local/ignore]] stashed, because waiting for initial state or update of state. It will be handled afterwards.
08:05:04.591 INFO  a.c.s.t.i.ShardedDaemonProcessState$ - eventSourcedProjection-passivation-race-entity-passivation-race-consumer-b: Starting Sharded Daemon Process [0] out of a total [1] (revision [0] and no state found)
08:05:04.591 DEBUG a.c.sharding.DDataShardCoordinator - sharded-daemon-process-eventSourcedProjection-passivation-race-entity-passivation-race-consumer-a: The coordinator state was successfully updated with ShardRegionTerminated(Actor[akka://akka-runtime/system/sharding/sharded-daemon-process-eventSourcedProjection-passivation-race-entity-passivation-race-consumer-a#1144141529])
08:05:04.591 DEBUG a.c.sharding.DDataShardCoordinator - sharded-daemon-process-eventSourcedProjection-passivation-race-entity-passivation-race-consumer-a: ShardRegion stopped: [Actor[akka://akka-runtime/system/sharding/sharded-daemon-process-eventSourcedProjection-passivation-race-entity-passivation-race-consumer-a#1144141529]]
08:05:04.591 DEBUG akka.cluster.sharding.Shard - sharded-daemon-process-eventSourcedProjection-passivation-race-entity-passivation-race-view: Shard initialized
08:05:04.591 DEBUG a.c.s.ShardCoordinator$RebalanceWorker - sharded-daemon-process-eventSourcedProjection-passivation-race-entity-passivation-race-view: BeginHandOffAck for shard [0] received from [Actor[akka://akka-runtime/system/sharding/sharded-daemon-process-eventSourcedProjection-passivation-race-entity-passivation-race-view#-604640164]].
08:05:04.591 DEBUG a.c.s.ShardCoordinator$RebalanceWorker - sharded-daemon-process-eventSourcedProjection-passivation-race-entity-passivation-race-view: All shard regions acked, handing off shard [0].
08:05:04.591 DEBUG akka.cluster.sharding.Shard - sharded-daemon-process-eventSourcedProjection-passivation-race-entity-passivation-race-view: Request to start entity [0] and ack to [Some(Actor[akka://akka-runtime/deadLetters])]
08:05:04.591 DEBUG akka.cluster.sharding.Shard - sharded-daemon-process-eventSourcedProjection-passivation-race-entity-passivation-race-view: Started entity [Actor[akka://akka-runtime/system/sharding/sharded-daemon-process-eventSourcedProjection-passivation-race-entity-passivation-race-view/0/0#1309986411]] with entity id [0] in shard [0]
08:05:04.591 DEBUG akka.cluster.sharding.Shard - sharded-daemon-process-eventSourcedProjection-passivation-race-entity-passivation-race-view: HandOff shard [0]
08:05:04.591 DEBUG akka.cluster.sharding.Shard - sharded-daemon-process-eventSourcedProjection-passivation-race-entity-passivation-race-view: Starting HandOffStopper for shard [0] to terminate [1] entities.
08:05:04.591 DEBUG a.c.s.t.i.ShardedDaemonProcessState$ - eventSourcedProjection-passivation-race-entity-passivation-race-view: Deferred start of worker to verify its revision [0] is the latest
08:05:04.592 INFO  a.c.s.t.i.ShardedDaemonProcessState$ - eventSourcedProjection-passivation-race-entity-passivation-race-view: Starting Sharded Daemon Process [0] out of a total [1] (revision [0] and no state found)
08:05:04.592 DEBUG akka.cluster.sharding.Shard - passivation-race-entity: Shard initialized
08:05:04.592 DEBUG a.c.s.ShardCoordinator$RebalanceWorker - passivation-race-entity: BeginHandOffAck for shard [408] received from [Actor[akka://akka-runtime/system/sharding/passivation-race-entity#-1340112421]].
08:05:04.592 DEBUG a.c.s.ShardCoordinator$RebalanceWorker - passivation-race-entity: All shard regions acked, handing off shard [408].
08:05:04.593 DEBUG akka.cluster.sharding.Shard - passivation-race-entity: Started entity [Actor[akka://akka-runtime/system/sharding/passivation-race-entity/408/a34460ed-b8e9-4936-a925-6affb476381b#-1861451269]] with entity id [a34460ed-b8e9-4936-a925-6affb476381b] in shard [408]
08:05:04.593 DEBUG akka.cluster.sharding.Shard - passivation-race-entity: HandOff shard [408]
08:05:04.593 DEBUG akka.cluster.sharding.Shard - passivation-race-entity: Starting HandOffStopper for shard [408] to terminate [1] entities.
08:05:04.594 DEBUG akka.cluster.sharding.Shard - sharded-daemon-process-eventSourcedProjection-passivation-race-entity-passivation-race-consumer-b: Shard [0] shutting down
08:05:04.594 DEBUG a.c.sharding.DDataShardCoordinator - sharded-daemon-process-eventSourcedProjection-passivation-race-entity-passivation-race-consumer-b: Shard [0] deallocation completed successfully.
08:05:04.595 DEBUG a.c.sharding.DDataShardCoordinator - sharded-daemon-process-eventSourcedProjection-passivation-race-entity-passivation-race-consumer-b: The coordinator state was successfully updated with ShardHomeDeallocated(0)
08:05:04.595 DEBUG a.c.sharding.DDataShardCoordinator - sharded-daemon-process-eventSourcedProjection-passivation-race-entity-passivation-race-consumer-b: Shard [0] deallocated after
08:05:04.595 DEBUG a.c.sharding.DDataShardCoordinator - sharded-daemon-process-eventSourcedProjection-passivation-race-entity-passivation-race-consumer-b: ShardRegion terminated (gracefully): [Actor[akka://akka-runtime/system/sharding/sharded-daemon-process-eventSourcedProjection-passivation-race-entity-passivation-race-consumer-b#1718278711]] {}
08:05:04.595 DEBUG a.c.sharding.DDataShardCoordinator - sharded-daemon-process-eventSourcedProjection-passivation-race-entity-passivation-race-consumer-b: GetShardHome [0] request from [Actor[akka://local/ignore]] stashed, because waiting for initial state or update of state. It will be handled afterwards.
08:05:04.595 DEBUG a.c.sharding.DDataShardCoordinator - sharded-daemon-process-eventSourcedProjection-passivation-race-entity-passivation-race-consumer-b: The coordinator state was successfully updated with ShardRegionTerminated(Actor[akka://akka-runtime/system/sharding/sharded-daemon-process-eventSourcedProjection-passivation-race-entity-passivation-race-consumer-b#1718278711])
08:05:04.595 DEBUG a.c.sharding.DDataShardCoordinator - sharded-daemon-process-eventSourcedProjection-passivation-race-entity-passivation-race-consumer-b: ShardRegion stopped: [Actor[akka://akka-runtime/system/sharding/sharded-daemon-process-eventSourcedProjection-passivation-race-entity-passivation-race-consumer-b#1718278711]]
08:05:04.608 DEBUG a.c.sharding.DDataShardCoordinator - passivation-race-entity: Shard [408] deallocation completed successfully.
08:05:04.608 DEBUG akka.cluster.sharding.Shard - passivation-race-entity: Shard [408] shutting down
08:05:04.608 DEBUG a.c.sharding.DDataShardCoordinator - passivation-race-entity: The coordinator state was successfully updated with ShardHomeDeallocated(408)
08:05:04.608 DEBUG a.c.sharding.DDataShardCoordinator - passivation-race-entity: Shard [408] deallocated after
08:05:04.608 DEBUG a.c.sharding.DDataShardCoordinator - passivation-race-entity: ShardRegion terminated (gracefully): [Actor[akka://akka-runtime/system/sharding/passivation-race-entity#-1340112421]] {}
08:05:04.608 DEBUG a.c.sharding.DDataShardCoordinator - passivation-race-entity: GetShardHome [408] request from [Actor[akka://local/ignore]] stashed, because waiting for initial state or update of state. It will be handled afterwards.
08:05:04.608 DEBUG a.c.sharding.DDataShardCoordinator - passivation-race-entity: The coordinator state was successfully updated with ShardRegionTerminated(Actor[akka://akka-runtime/system/sharding/passivation-race-entity#-1340112421])
08:05:04.609 DEBUG a.c.sharding.DDataShardCoordinator - passivation-race-entity: ShardRegion stopped: [Actor[akka://akka-runtime/system/sharding/passivation-race-entity#-1340112421]]
08:05:04.610 ERROR repro.Bootstrap - onStartup() threw an exception
java.util.concurrent.TimeoutException: Command to entity [passivation-race-entity] id [fee6bfe3-2ab6-4b49-98ff-036f4bf8eb3b] timed out.
	at kalix.runtime.eventsourcedentity.EventSourcedSupport$$anonfun$$nestedInanonfun$handleCommand$1$1.applyOrElse(EventSourcedEntitySupportFactory.scala:191)
	at kalix.runtime.eventsourcedentity.EventSourcedSupport$$anonfun$$nestedInanonfun$handleCommand$1$1.applyOrElse(EventSourcedEntitySupportFactory.scala:189)
	at scala.concurrent.impl.Promise$Transformation.run(Promise.scala:523)
	at akka.dispatch.BatchingExecutor$AbstractBatch.processBatch(BatchingExecutor.scala:64)
	at akka.dispatch.BatchingExecutor$BlockableBatch.$anonfun$run$1(BatchingExecutor.scala:101)
	at scala.runtime.java8.JFunction0$mcV$sp.apply(JFunction0$mcV$sp.scala:18)
	at scala.concurrent.BlockContext$.withBlockContext(BlockContext.scala:94)
	at akka.dispatch.BatchingExecutor$BlockableBatch.run(BatchingExecutor.scala:101)
	at akka.dispatch.TaskInvocation.run(AbstractDispatcher.scala:48)
	at akka.dispatch.ForkJoinExecutorConfigurator$AkkaForkJoinTask.exec(ForkJoinExecutorConfigurator.scala:60)
	at java.base/java.util.concurrent.ForkJoinTask.doExec(ForkJoinTask.java:507)
	at java.base/java.util.concurrent.ForkJoinPool$WorkQueue.topLevelExec(ForkJoinPool.java:1450)
	at java.base/java.util.concurrent.ForkJoinPool.runWorker(ForkJoinPool.java:2019)
	at java.base/java.util.concurrent.ForkJoinWorkerThread.run(ForkJoinWorkerThread.java:187)
08:05:05.360 WARN  a.c.s.ShardRegion$HandOffStopper - sharded-daemon-process-eventSourcedProjection-passivation-race-entity-passivation-race-view: [1] of the entities in shard [0] not stopped after [750 milliseconds]. Maybe the handOffStopMessage [akka.projection.ProjectionBehavior$Stop$] is not handled? Waiting additional [250 milliseconds] before stopping the remaining entities.
08:05:05.610 WARN  a.c.s.ShardRegion$HandOffStopper - sharded-daemon-process-eventSourcedProjection-passivation-race-entity-passivation-race-view: HandOffStopMessage [akka.projection.ProjectionBehavior$Stop$] is not handled by some of the entities in shard [0] after [1 second], stopping the remaining [1] entities.
08:05:05.611 DEBUG a.c.sharding.DDataShardCoordinator - sharded-daemon-process-eventSourcedProjection-passivation-race-entity-passivation-race-view: Shard [0] deallocation completed successfully.
08:05:05.611 DEBUG akka.cluster.sharding.Shard - sharded-daemon-process-eventSourcedProjection-passivation-race-entity-passivation-race-view: Shard [0] shutting down
08:05:05.611 DEBUG akka.actor.CoordinatedShutdown - Performing phase [cluster-leave] with [1] tasks.
08:05:05.611 DEBUG akka.actor.CoordinatedShutdown - Performing task [leave] in CoordinatedShutdown phase [cluster-leave]
08:05:05.611 DEBUG a.c.sharding.DDataShardCoordinator - sharded-daemon-process-eventSourcedProjection-passivation-race-entity-passivation-race-view: The coordinator state was successfully updated with ShardHomeDeallocated(0)
08:05:05.611 DEBUG a.c.sharding.DDataShardCoordinator - sharded-daemon-process-eventSourcedProjection-passivation-race-entity-passivation-race-view: Shard [0] deallocated after
08:05:05.611 DEBUG a.c.sharding.DDataShardCoordinator - sharded-daemon-process-eventSourcedProjection-passivation-race-entity-passivation-race-view: ShardRegion terminated (gracefully): [Actor[akka://akka-runtime/system/sharding/sharded-daemon-process-eventSourcedProjection-passivation-race-entity-passivation-race-view#-604640164]] {}
08:05:05.611 DEBUG a.c.sharding.DDataShardCoordinator - sharded-daemon-process-eventSourcedProjection-passivation-race-entity-passivation-race-view: GetShardHome [0] request from [Actor[akka://local/ignore]] stashed, because waiting for initial state or update of state. It will be handled afterwards.
08:05:05.611 DEBUG a.c.sharding.DDataShardCoordinator - sharded-daemon-process-eventSourcedProjection-passivation-race-entity-passivation-race-view: The coordinator state was successfully updated with ShardRegionTerminated(Actor[akka://akka-runtime/system/sharding/sharded-daemon-process-eventSourcedProjection-passivation-race-entity-passivation-race-view#-604640164])
08:05:05.611 DEBUG a.c.sharding.DDataShardCoordinator - sharded-daemon-process-eventSourcedProjection-passivation-race-entity-passivation-race-view: ShardRegion stopped: [Actor[akka://akka-runtime/system/sharding/sharded-daemon-process-eventSourcedProjection-passivation-race-entity-passivation-race-view#-604640164]]
08:05:05.612 DEBUG akka.actor.CoordinatedShutdown - Performing phase [cluster-exiting] with [28] tasks.
08:05:05.612 DEBUG akka.actor.CoordinatedShutdown - Performing task [singleton-exiting-2] in CoordinatedShutdown phase [cluster-exiting]
08:05:05.612 DEBUG akka.actor.CoordinatedShutdown - Performing task [wait-singleton-exiting] in CoordinatedShutdown phase [cluster-exiting]
08:05:05.612 DEBUG akka.actor.CoordinatedShutdown - Performing task [singleton-exiting-1] in CoordinatedShutdown phase [cluster-exiting]
08:05:05.612 DEBUG akka.actor.CoordinatedShutdown - Performing task [singleton-exiting-2] in CoordinatedShutdown phase [cluster-exiting]
08:05:05.612 INFO  a.c.s.ClusterSingletonManager - Exited [akka://akka-runtime@127.0.0.1:62945].
08:05:05.612 WARN  a.s.s.RestartWithBackoffSource - Restarting stream due to failure [1]: akka.projection.r2dbc.internal.R2dbcOffsetStore$AttemptToUseStoppedOffsetStore: eventSourcedProjection-passivation-race-entity-passivation-race-view [0-1023], correlation [75e8e93a-32b7-4b66-9dee-ba13082126e1]: R2dbcOffsetStore was stopped
08:05:05.612 DEBUG akka.actor.CoordinatedShutdown - Performing task [singleton-exiting-1] in CoordinatedShutdown phase [cluster-exiting]
08:05:05.612 DEBUG akka.actor.CoordinatedShutdown - Performing task [singleton-exiting-2] in CoordinatedShutdown phase [cluster-exiting]
08:05:05.612 DEBUG akka.actor.CoordinatedShutdown - Performing task [wait-singleton-exiting] in CoordinatedShutdown phase [cluster-exiting]
08:05:05.612 DEBUG akka.actor.CoordinatedShutdown - Performing task [singleton-exiting-2] in CoordinatedShutdown phase [cluster-exiting]
08:05:05.612 INFO  a.c.s.ClusterSingletonManager - Exited [akka://akka-runtime@127.0.0.1:62945].
08:05:05.612 DEBUG akka.actor.CoordinatedShutdown - Performing task [singleton-exiting-2] in CoordinatedShutdown phase [cluster-exiting]
08:05:05.612 DEBUG akka.actor.CoordinatedShutdown - Performing task [wait-singleton-exiting] in CoordinatedShutdown phase [cluster-exiting]
08:05:05.612 DEBUG akka.actor.CoordinatedShutdown - Performing task [wait-singleton-exiting] in CoordinatedShutdown phase [cluster-exiting]
08:05:05.612 DEBUG akka.actor.CoordinatedShutdown - Performing task [singleton-exiting-1] in CoordinatedShutdown phase [cluster-exiting]
08:05:05.612 INFO  a.c.s.ClusterSingletonManager - Oldest observed OldestChanged: [akka://akka-runtime@127.0.0.1:62945 -> None]
08:05:05.612 INFO  a.c.s.ClusterSingletonManager - Oldest observed OldestChanged: [akka://akka-runtime@127.0.0.1:62945 -> None]
08:05:05.612 DEBUG akka.actor.CoordinatedShutdown - Performing task [wait-singleton-exiting] in CoordinatedShutdown phase [cluster-exiting]
08:05:05.612 DEBUG akka.actor.CoordinatedShutdown - Performing task [wait-exiting] in CoordinatedShutdown phase [cluster-exiting]
08:05:05.612 DEBUG akka.actor.CoordinatedShutdown - Performing task [singleton-exiting-1] in CoordinatedShutdown phase [cluster-exiting]
08:05:05.612 DEBUG akka.actor.CoordinatedShutdown - Performing task [singleton-exiting-1] in CoordinatedShutdown phase [cluster-exiting]
08:05:05.612 INFO  a.c.s.ClusterSingletonManager - ClusterSingletonManager state change [Oldest -> WasOldest]
08:05:05.612 INFO  a.c.s.ClusterSingletonManager - ClusterSingletonManager state change [Oldest -> WasOldest]
08:05:05.612 DEBUG akka.actor.CoordinatedShutdown - Performing task [singleton-exiting-1] in CoordinatedShutdown phase [cluster-exiting]
08:05:05.612 DEBUG akka.actor.CoordinatedShutdown - Performing task [wait-singleton-exiting] in CoordinatedShutdown phase [cluster-exiting]
08:05:05.612 DEBUG akka.actor.CoordinatedShutdown - Performing task [singleton-exiting-2] in CoordinatedShutdown phase [cluster-exiting]
08:05:05.612 DEBUG akka.actor.CoordinatedShutdown - Performing task [singleton-exiting-1] in CoordinatedShutdown phase [cluster-exiting]
08:05:05.612 INFO  a.c.s.ClusterSingletonManager - Exited [akka://akka-runtime@127.0.0.1:62945].
08:05:05.612 INFO  a.c.s.ClusterSingletonManager - Exited [akka://akka-runtime@127.0.0.1:62945].
08:05:05.612 DEBUG akka.actor.CoordinatedShutdown - Performing task [wait-singleton-exiting] in CoordinatedShutdown phase [cluster-exiting]
08:05:05.612 INFO  a.c.s.ClusterSingletonManager - Exited [akka://akka-runtime@127.0.0.1:62945].
08:05:05.612 DEBUG akka.actor.CoordinatedShutdown - Performing task [singleton-exiting-2] in CoordinatedShutdown phase [cluster-exiting]
08:05:05.612 DEBUG akka.actor.CoordinatedShutdown - Performing task [singleton-exiting-1] in CoordinatedShutdown phase [cluster-exiting]
08:05:05.612 INFO  a.c.s.ClusterSingletonManager - Oldest observed OldestChanged: [akka://akka-runtime@127.0.0.1:62945 -> None]
08:05:05.612 DEBUG akka.actor.CoordinatedShutdown - Performing task [singleton-exiting-2] in CoordinatedShutdown phase [cluster-exiting]
08:05:05.612 INFO  a.c.s.ClusterSingletonManager - ClusterSingletonManager state change [Oldest -> WasOldest]
08:05:05.612 INFO  a.c.s.ClusterSingletonManager - Oldest observed OldestChanged: [akka://akka-runtime@127.0.0.1:62945 -> None]
08:05:05.612 DEBUG akka.actor.CoordinatedShutdown - Performing task [singleton-exiting-1] in CoordinatedShutdown phase [cluster-exiting]
08:05:05.612 DEBUG akka.actor.CoordinatedShutdown - Performing task [wait-singleton-exiting] in CoordinatedShutdown phase [cluster-exiting]
08:05:05.612 INFO  a.c.s.ClusterSingletonManager - ClusterSingletonManager state change [Oldest -> WasOldest]
08:05:05.612 DEBUG akka.actor.CoordinatedShutdown - Performing task [wait-singleton-exiting] in CoordinatedShutdown phase [cluster-exiting]
08:05:05.612 DEBUG akka.actor.CoordinatedShutdown - Performing task [singleton-exiting-2] in CoordinatedShutdown phase [cluster-exiting]
08:05:05.612 INFO  a.c.s.ClusterSingletonManager - Oldest observed OldestChanged: [akka://akka-runtime@127.0.0.1:62945 -> None]
08:05:05.612 INFO  a.c.s.ClusterSingletonManager - Exited [akka://akka-runtime@127.0.0.1:62945].
08:05:05.612 INFO  a.c.s.ClusterSingletonManager - ClusterSingletonManager state change [Oldest -> WasOldest]
08:05:05.612 INFO  a.c.s.ClusterSingletonManager - Exited [akka://akka-runtime@127.0.0.1:62945].
08:05:05.612 INFO  a.c.s.ClusterSingletonManager - Exited [akka://akka-runtime@127.0.0.1:62945].
08:05:05.612 INFO  a.c.s.ClusterSingletonManager - Oldest observed OldestChanged: [akka://akka-runtime@127.0.0.1:62945 -> None]
08:05:05.612 INFO  a.c.s.ClusterSingletonManager - Oldest observed OldestChanged: [akka://akka-runtime@127.0.0.1:62945 -> None]
08:05:05.612 INFO  a.c.s.ClusterSingletonManager - ClusterSingletonManager state change [Oldest -> WasOldest]
08:05:05.612 INFO  a.c.s.ClusterSingletonManager - ClusterSingletonManager state change [Oldest -> WasOldest]
08:05:05.612 INFO  a.c.s.ClusterSingletonManager - Exited [akka://akka-runtime@127.0.0.1:62945].
08:05:05.612 INFO  a.c.s.ClusterSingletonManager - Oldest observed OldestChanged: [akka://akka-runtime@127.0.0.1:62945 -> None]
08:05:05.612 INFO  a.c.s.ClusterSingletonManager - ClusterSingletonManager state change [Oldest -> WasOldest]
08:05:05.612 INFO  a.c.s.ClusterSingletonManager - Oldest observed OldestChanged: [akka://akka-runtime@127.0.0.1:62945 -> None]
08:05:05.612 INFO  a.c.s.ClusterSingletonManager - ClusterSingletonManager state change [Oldest -> WasOldest]
08:05:06.230 DEBUG a.c.singleton.ClusterSingletonProxy - Creating singleton identification timer...
08:05:06.230 DEBUG a.c.singleton.ClusterSingletonProxy - Creating singleton identification timer...
08:05:06.230 DEBUG a.c.singleton.ClusterSingletonProxy - Creating singleton identification timer...
08:05:06.230 DEBUG a.c.singleton.ClusterSingletonProxy - Creating singleton identification timer...
08:05:06.629 INFO  a.c.s.ClusterSingletonManager - Singleton manager stopping singleton actor [akka://akka-runtime/system/singletonManagerShardedDaemonProcessCoordinator-eventSourcedProjection-passivation-race-entity-passivation-race-view/ShardedDaemonProcessCoordinator-eventSourcedProjection-passivation-race-entity-passivation-race-view]
08:05:06.629 INFO  a.c.s.ClusterSingletonManager - Singleton manager stopping singleton actor [akka://akka-runtime/system/singletonManagerschemaSingleton/schemaSingleton]
08:05:06.629 INFO  a.c.s.ClusterSingletonManager - Singleton manager stopping singleton actor [akka://akka-runtime/system/sharding/passivation-race-entityCoordinator/singleton]
08:05:06.629 INFO  a.c.s.ClusterSingletonManager - Singleton manager stopping singleton actor [akka://akka-runtime/system/sharding/sharded-daemon-process-eventSourcedProjection-passivation-race-entity-passivation-race-consumer-bCoordinator/singleton]
08:05:06.629 INFO  a.c.s.ClusterSingletonManager - Singleton manager stopping singleton actor [akka://akka-runtime/system/sharding/sharded-daemon-process-eventSourcedProjection-passivation-race-entity-passivation-race-viewCoordinator/singleton]
08:05:06.630 INFO  a.c.s.ClusterSingletonManager - ClusterSingletonManager state change [WasOldest -> Stopping]
08:05:06.630 INFO  a.c.s.ClusterSingletonManager - ClusterSingletonManager state change [WasOldest -> Stopping]
08:05:06.630 INFO  a.c.s.ClusterSingletonManager - ClusterSingletonManager state change [WasOldest -> Stopping]
08:05:06.630 INFO  a.c.s.ClusterSingletonManager - ClusterSingletonManager state change [WasOldest -> Stopping]
08:05:06.630 INFO  a.c.s.ClusterSingletonManager - ClusterSingletonManager state change [WasOldest -> Stopping]
08:05:06.630 INFO  a.c.s.ClusterSingletonManager - Singleton manager stopping singleton actor [akka://akka-runtime/system/sharding/_timerCoordinator/singleton]
08:05:06.630 INFO  a.c.s.ClusterSingletonManager - ClusterSingletonManager state change [WasOldest -> Stopping]
08:05:06.630 INFO  a.c.s.ClusterSingletonManager - Singleton manager stopping singleton actor [akka://akka-runtime/system/singletonManagerShardedDaemonProcessCoordinator-eventSourcedProjection-passivation-race-entity-passivation-race-consumer-b/ShardedDaemonProcessCoordinator-eventSourcedProjection-passivation-race-entity-passivation-race-consumer-b]
08:05:06.630 DEBUG a.c.sharding.DDataShardCoordinator - sharded-daemon-process-eventSourcedProjection-passivation-race-entity-passivation-race-view: Received termination message.
08:05:06.630 DEBUG a.c.sharding.DDataShardCoordinator - _timer: Received termination message.
08:05:06.630 INFO  a.c.s.ClusterSingletonManager - ClusterSingletonManager state change [WasOldest -> Stopping]
08:05:06.630 INFO  a.c.s.ClusterSingletonManager - Singleton actor [akka://akka-runtime/system/singletonManagerschemaSingleton/schemaSingleton] was terminated
08:05:06.630 INFO  a.c.s.ClusterSingletonManager - Singleton actor [akka://akka-runtime/system/singletonManagerShardedDaemonProcessCoordinator-eventSourcedProjection-passivation-race-entity-passivation-race-consumer-b/ShardedDaemonProcessCoordinator-eventSourcedProjection-passivation-race-entity-passivation-race-consumer-b] was terminated
08:05:06.630 INFO  a.c.s.ClusterSingletonManager - Singleton actor [akka://akka-runtime/system/singletonManagerShardedDaemonProcessCoordinator-eventSourcedProjection-passivation-race-entity-passivation-race-view/ShardedDaemonProcessCoordinator-eventSourcedProjection-passivation-race-entity-passivation-race-view] was terminated
08:05:06.630 INFO  a.c.s.ClusterSingletonManager - Singleton actor [akka://akka-runtime/system/sharding/_timerCoordinator/singleton] was terminated
08:05:06.630 INFO  a.c.s.ClusterSingletonManager - Singleton manager stopping singleton actor [akka://akka-runtime/system/singletonManagerShardedDaemonProcessCoordinator-eventSourcedProjection-passivation-race-entity-passivation-race-consumer-a/ShardedDaemonProcessCoordinator-eventSourcedProjection-passivation-race-entity-passivation-race-consumer-a]
08:05:06.630 INFO  a.c.s.ClusterSingletonManager - ClusterSingletonManager state change [WasOldest -> Stopping]
08:05:06.630 INFO  a.c.s.ClusterSingletonManager - Singleton manager stopping singleton actor [akka://akka-runtime/system/sharding/sharded-daemon-process-eventSourcedProjection-passivation-race-entity-passivation-race-consumer-aCoordinator/singleton]
08:05:06.630 INFO  a.c.s.ClusterSingletonManager - ClusterSingletonManager state change [WasOldest -> Stopping]
08:05:06.630 DEBUG a.c.sharding.DDataShardCoordinator - sharded-daemon-process-eventSourcedProjection-passivation-race-entity-passivation-race-consumer-a: Received termination message.
08:05:06.630 INFO  a.c.s.ClusterSingletonManager - Singleton actor [akka://akka-runtime/system/singletonManagerShardedDaemonProcessCoordinator-eventSourcedProjection-passivation-race-entity-passivation-race-consumer-a/ShardedDaemonProcessCoordinator-eventSourcedProjection-passivation-race-entity-passivation-race-consumer-a] was terminated
08:05:06.630 INFO  a.c.s.ClusterSingletonManager - Singleton actor [akka://akka-runtime/system/sharding/sharded-daemon-process-eventSourcedProjection-passivation-race-entity-passivation-race-consumer-aCoordinator/singleton] was terminated
08:05:06.631 INFO  a.c.s.ClusterSingletonManager - Singleton actor [akka://akka-runtime/system/sharding/sharded-daemon-process-eventSourcedProjection-passivation-race-entity-passivation-race-viewCoordinator/singleton] was terminated
08:05:06.631 DEBUG a.c.sharding.DDataShardCoordinator - passivation-race-entity: Received termination message.
08:05:06.631 INFO  a.c.s.ClusterSingletonManager - Singleton actor [akka://akka-runtime/system/sharding/passivation-race-entityCoordinator/singleton] was terminated
08:05:06.632 DEBUG a.c.sharding.DDataShardCoordinator - sharded-daemon-process-eventSourcedProjection-passivation-race-entity-passivation-race-consumer-b: Received termination message.
08:05:06.632 INFO  a.c.s.ClusterSingletonManager - Singleton actor [akka://akka-runtime/system/sharding/sharded-daemon-process-eventSourcedProjection-passivation-race-entity-passivation-race-consumer-bCoordinator/singleton] was terminated
08:05:06.632 DEBUG akka.actor.CoordinatedShutdown - Performing phase [cluster-exiting-done] with [1] tasks.
08:05:06.632 DEBUG akka.actor.CoordinatedShutdown - Performing task [exiting-completed] in CoordinatedShutdown phase [cluster-exiting-done]
08:05:06.634 DEBUG akka.actor.CoordinatedShutdown - Performing phase [cluster-shutdown] with [1] tasks.
08:05:06.634 DEBUG akka.actor.CoordinatedShutdown - Performing task [wait-shutdown] in CoordinatedShutdown phase [cluster-shutdown]
08:05:06.634 DEBUG akka.actor.CoordinatedShutdown - Performing phase [before-actor-system-terminate] with [2] tasks.
08:05:06.634 DEBUG akka.actor.CoordinatedShutdown - Performing task [close connection pools] in CoordinatedShutdown phase [before-actor-system-terminate]
08:05:06.635 DEBUG akka.actor.CoordinatedShutdown - Performing task [close-grpc-channels] in CoordinatedShutdown phase [before-actor-system-terminate]
08:05:06.635 DEBUG akka.actor.CoordinatedShutdown - Performing phase [actor-system-terminate] with [1] tasks.
08:05:06.635 DEBUG akka.actor.CoordinatedShutdown - Performing task [terminate-system] in CoordinatedShutdown phase [actor-system-terminate]
08:05:06.708 INFO  akka.runtime.AkkaRuntimeMain - Starting Akka Runtime version [1.6.15]
08:05:06.721 INFO  akka.javasdk.impl.ComponentLocator$ - Looking for component descriptors matching pattern [META-INF/akka-javasdk-components_*.conf]
08:05:06.728 INFO  akka.javasdk.testkit.TestKit - Eventing TestKit booting up on port: 62949
08:05:06.730 DEBUG a.c.singleton.ClusterSingletonProxy - Creating singleton identification timer...
08:05:06.730 DEBUG a.c.singleton.ClusterSingletonProxy - Singleton not available, buffering message type [kalix.runtime.SchemaSingleton$ExecDdl]
08:05:06.730 DEBUG a.c.singleton.ClusterSingletonProxy - Trying to identify singleton at [akka://akka-runtime@127.0.0.1:62950/system/singletonManagerschemaSingleton/schemaSingleton]
08:05:06.731 INFO  a.c.s.ClusterSingletonManager - Singleton manager starting singleton actor [akka://akka-runtime/system/singletonManagerschemaSingleton/schemaSingleton]
08:05:06.731 INFO  a.c.s.ClusterSingletonManager - ClusterSingletonManager state change [Start -> Oldest]
08:05:06.733 INFO  akka.javasdk.testkit.TestKit - Checking runtime status
08:05:06.797 DEBUG a.c.singleton.ClusterSingletonProxy - Trying to identify singleton at [akka://akka-runtime@127.0.0.1:62950/system/singletonManagerschemaSingleton/schemaSingleton]
08:05:06.797 INFO  a.c.singleton.ClusterSingletonProxy - Singleton identified at [akka://akka-runtime/system/singletonManagerschemaSingleton/schemaSingleton]
08:05:06.797 DEBUG a.c.singleton.ClusterSingletonProxy - Sending buffered messages to current singleton instance
08:05:06.799 INFO  a.c.s.typed.scaladsl.ClusterSharding - Starting Shard Region [passivation-race-entity]...
08:05:06.799 INFO  akka.cluster.sharding.ShardRegion - passivation-race-entity: Automatic entity passivation: composite strategy with limit of [10000] active entities, admission window (least recently used entities) with proportions [initial = 0.01, min = 0.01, max = 1.0] adapting with hill-climbing optimizer [adjust multiplier = 10.0, initial step = 0.0625, restart threshold = 0.05, step decay = 0.98], admit using frequency sketch [width multiplier = 4, reset multiplier = 10.0, depth = 4, counter bits = 4], main (least recently used entities (segmented with [2] levels with proportions of [0.20, 0.80]))
08:05:06.800 INFO  a.c.s.ClusterSingletonManager - Singleton manager starting singleton actor [akka://akka-runtime/system/sharding/passivation-race-entityCoordinator/singleton]
08:05:06.800 INFO  a.c.s.ClusterSingletonManager - ClusterSingletonManager state change [Start -> Oldest]
08:05:06.801 DEBUG a.c.sharding.DDataShardCoordinator - passivation-race-entity: Initial coordinator is empty.
08:05:06.801 INFO  a.c.sharding.DDataShardCoordinator - passivation-race-entity: ShardCoordinator was moved to the active state with [0] shards
08:05:06.802 DEBUG a.c.singleton.ClusterSingletonProxy - Forwarding message of type [SchemaSingleton$ExecDdl] to current singleton instance at [akka://akka-runtime/system/singletonManagerschemaSingleton/schemaSingleton]
08:05:06.802 INFO  akka.runtime.DiscoveryManager - Service components: EventSourcedEntity: [1], Consumer: [2], View: [1]
08:05:06.803 INFO  a.c.s.typed.scaladsl.ClusterSharding - Starting Shard Region [_timer]...
08:05:06.804 INFO  a.c.s.ClusterSingletonManager - Singleton manager starting singleton actor [akka://akka-runtime/system/sharding/_timerCoordinator/singleton]
08:05:06.804 INFO  a.c.s.typed.scaladsl.ClusterSharding - Starting Shard Region [sharded-daemon-process-eventSourcedProjection-passivation-race-entity-passivation-race-consumer-a]...
08:05:06.804 INFO  a.c.s.ClusterSingletonManager - ClusterSingletonManager state change [Start -> Oldest]
08:05:06.804 DEBUG a.c.sharding.DDataShardCoordinator - _timer: Starting remember entities store from provider akka.cluster.sharding.internal.DDataRememberEntitiesProvider@3c06b7a1
08:05:06.804 INFO  akka.cluster.sharding.ShardRegion - sharded-daemon-process-eventSourcedProjection-passivation-race-entity-passivation-race-consumer-a: Automatic entity passivation: disabled
08:05:06.804 DEBUG a.c.sharding.DDataShardCoordinator - _timer: Initial coordinator is empty.
08:05:06.805 INFO  a.c.sharding.DDataShardCoordinator - _timer: ShardCoordinator was moved to the active state with [0] shards
08:05:06.805 DEBUG a.c.sharding.DDataShardCoordinator - _timer: Received [0] remembered shard ids (after state initialized)
08:05:06.805 INFO  a.c.s.typed.scaladsl.ClusterSharding - Starting Shard Region [sharded-daemon-process-eventSourcedProjection-passivation-race-entity-passivation-race-consumer-b]...
08:05:06.805 DEBUG a.c.singleton.ClusterSingletonProxy - Creating singleton identification timer...
08:05:06.805 DEBUG a.c.singleton.ClusterSingletonProxy - Trying to identify singleton at [akka://akka-runtime@127.0.0.1:62950/system/singletonManagerShardedDaemonProcessCoordinator-eventSourcedProjection-passivation-race-entity-passivation-race-consumer-a/ShardedDaemonProcessCoordinator-eventSourcedProjection-passivation-race-entity-passivation-race-consumer-a]
08:05:06.805 INFO  akka.cluster.sharding.ShardRegion - sharded-daemon-process-eventSourcedProjection-passivation-race-entity-passivation-race-consumer-b: Automatic entity passivation: disabled
08:05:06.806 INFO  a.c.s.typed.scaladsl.ClusterSharding - Starting Shard Region [sharded-daemon-process-eventSourcedProjection-passivation-race-entity-passivation-race-view]...
08:05:06.806 INFO  a.c.s.ClusterSingletonManager - Singleton manager starting singleton actor [akka://akka-runtime/system/singletonManagerShardedDaemonProcessCoordinator-eventSourcedProjection-passivation-race-entity-passivation-race-consumer-a/ShardedDaemonProcessCoordinator-eventSourcedProjection-passivation-race-entity-passivation-race-consumer-a]
08:05:06.806 DEBUG a.c.s.t.i.ShardedDaemonProcessCoordinator$ - ShardedDaemonProcessCoordinator for [eventSourcedProjection-passivation-race-entity-passivation-race-consumer-a] starting
08:05:06.806 INFO  a.c.s.ClusterSingletonManager - Singleton manager starting singleton actor [akka://akka-runtime/system/sharding/sharded-daemon-process-eventSourcedProjection-passivation-race-entity-passivation-race-consumer-aCoordinator/singleton]
08:05:06.807 INFO  a.c.s.ClusterSingletonManager - ClusterSingletonManager state change [Start -> Oldest]
08:05:06.807 INFO  a.c.s.ClusterSingletonManager - ClusterSingletonManager state change [Start -> Oldest]
08:05:06.807 DEBUG a.c.singleton.ClusterSingletonProxy - Creating singleton identification timer...
08:05:06.807 DEBUG a.c.singleton.ClusterSingletonProxy - Trying to identify singleton at [akka://akka-runtime@127.0.0.1:62950/system/singletonManagerShardedDaemonProcessCoordinator-eventSourcedProjection-passivation-race-entity-passivation-race-consumer-b/ShardedDaemonProcessCoordinator-eventSourcedProjection-passivation-race-entity-passivation-race-consumer-b]
08:05:06.807 INFO  a.c.s.ClusterSingletonManager - Singleton manager starting singleton actor [akka://akka-runtime/system/sharding/sharded-daemon-process-eventSourcedProjection-passivation-race-entity-passivation-race-consumer-bCoordinator/singleton]
08:05:06.807 INFO  a.c.s.ClusterSingletonManager - ClusterSingletonManager state change [Start -> Oldest]
08:05:06.807 DEBUG a.c.sharding.DDataShardCoordinator - sharded-daemon-process-eventSourcedProjection-passivation-race-entity-passivation-race-consumer-a: Initial coordinator is empty.
08:05:06.807 INFO  a.c.sharding.DDataShardCoordinator - sharded-daemon-process-eventSourcedProjection-passivation-race-entity-passivation-race-consumer-a: ShardCoordinator was moved to the active state with [0] shards
08:05:06.807 DEBUG a.c.s.t.i.ShardedDaemonProcessCoordinator$ - eventSourcedProjection-passivation-race-entity-passivation-race-consumer-a: No previous state stored for Sharded Daemon Process
08:05:06.807 DEBUG a.c.s.t.i.ShardedDaemonProcessCoordinator$ - Sending periodic keep alive for Sharded Daemon Process [eventSourcedProjection-passivation-race-entity-passivation-race-consumer-a] to [1] processes (revision [0]).
08:05:06.807 INFO  a.c.s.ClusterSingletonManager - Singleton manager starting singleton actor [akka://akka-runtime/system/singletonManagerShardedDaemonProcessCoordinator-eventSourcedProjection-passivation-race-entity-passivation-race-consumer-b/ShardedDaemonProcessCoordinator-eventSourcedProjection-passivation-race-entity-passivation-race-consumer-b]
08:05:06.807 INFO  a.c.s.ClusterSingletonManager - ClusterSingletonManager state change [Start -> Oldest]
08:05:06.807 DEBUG a.c.sharding.DDataShardCoordinator - sharded-daemon-process-eventSourcedProjection-passivation-race-entity-passivation-race-consumer-b: Initial coordinator is empty.
08:05:06.807 INFO  a.c.sharding.DDataShardCoordinator - sharded-daemon-process-eventSourcedProjection-passivation-race-entity-passivation-race-consumer-b: ShardCoordinator was moved to the active state with [0] shards
08:05:06.807 INFO  akka.cluster.sharding.ShardRegion - sharded-daemon-process-eventSourcedProjection-passivation-race-entity-passivation-race-view: Automatic entity passivation: disabled
08:05:06.807 DEBUG a.c.s.t.i.ShardedDaemonProcessCoordinator$ - ShardedDaemonProcessCoordinator for [eventSourcedProjection-passivation-race-entity-passivation-race-consumer-b] starting
08:05:06.808 DEBUG a.c.s.t.i.ShardedDaemonProcessCoordinator$ - eventSourcedProjection-passivation-race-entity-passivation-race-consumer-b: No previous state stored for Sharded Daemon Process
08:05:06.808 DEBUG a.c.s.t.i.ShardedDaemonProcessCoordinator$ - Sending periodic keep alive for Sharded Daemon Process [eventSourcedProjection-passivation-race-entity-passivation-race-consumer-b] to [1] processes (revision [0]).
08:05:06.808 INFO  akka.runtime.DiscoveryManager - Akka Runtime started at 127.0.0.1:62948
08:05:06.808 DEBUG a.c.singleton.ClusterSingletonProxy - Creating singleton identification timer...
08:05:06.808 DEBUG a.c.singleton.ClusterSingletonProxy - Trying to identify singleton at [akka://akka-runtime@127.0.0.1:62950/system/singletonManagerShardedDaemonProcessCoordinator-eventSourcedProjection-passivation-race-entity-passivation-race-view/ShardedDaemonProcessCoordinator-eventSourcedProjection-passivation-race-entity-passivation-race-view]
08:05:06.808 INFO  repro.Bootstrap - onStartup burst of 8 starting
08:05:06.808 DEBUG a.c.s.t.i.ShardedDaemonProcessCoordinator$ - ShardedDaemonProcessCoordinator for [eventSourcedProjection-passivation-race-entity-passivation-race-view] starting
08:05:06.808 INFO  a.c.s.ClusterSingletonManager - Singleton manager starting singleton actor [akka://akka-runtime/system/singletonManagerShardedDaemonProcessCoordinator-eventSourcedProjection-passivation-race-entity-passivation-race-view/ShardedDaemonProcessCoordinator-eventSourcedProjection-passivation-race-entity-passivation-race-view]
08:05:06.809 INFO  a.c.s.ClusterSingletonManager - ClusterSingletonManager state change [Start -> Oldest]
08:05:06.809 INFO  a.c.s.ClusterSingletonManager - Singleton manager starting singleton actor [akka://akka-runtime/system/sharding/sharded-daemon-process-eventSourcedProjection-passivation-race-entity-passivation-race-viewCoordinator/singleton]
08:05:06.809 INFO  a.c.s.ClusterSingletonManager - ClusterSingletonManager state change [Start -> Oldest]
08:05:06.809 DEBUG a.c.s.t.i.ShardedDaemonProcessCoordinator$ - eventSourcedProjection-passivation-race-entity-passivation-race-view: No previous state stored for Sharded Daemon Process
08:05:06.809 DEBUG a.c.s.t.i.ShardedDaemonProcessCoordinator$ - Sending periodic keep alive for Sharded Daemon Process [eventSourcedProjection-passivation-race-entity-passivation-race-view] to [1] processes (revision [0]).
08:05:06.809 DEBUG a.c.sharding.DDataShardCoordinator - sharded-daemon-process-eventSourcedProjection-passivation-race-entity-passivation-race-view: Initial coordinator is empty.
08:05:06.809 INFO  a.c.sharding.DDataShardCoordinator - sharded-daemon-process-eventSourcedProjection-passivation-race-entity-passivation-race-view: ShardCoordinator was moved to the active state with [0] shards
08:05:06.859 INFO  akka.javasdk.testkit.TestKit - Runtime started
08:05:06.860 INFO  akka.actor.CoordinatedShutdown - Running CoordinatedShutdown with reason [ActorSystemTerminateReason]
08:05:06.860 DEBUG akka.actor.CoordinatedShutdown - Performing phase [before-service-unbind] with [0] tasks
08:05:06.860 DEBUG akka.actor.CoordinatedShutdown - Performing phase [service-unbind] with [1] tasks.
08:05:06.860 DEBUG akka.actor.CoordinatedShutdown - Performing task [http-unbind-/127.0.0.1:62948] in CoordinatedShutdown phase [service-unbind]
08:05:06.860 DEBUG akka.actor.CoordinatedShutdown - Performing phase [service-requests-done] with [1] tasks.
08:05:06.860 DEBUG akka.actor.CoordinatedShutdown - Performing task [http-terminate-/127.0.0.1:62948] in CoordinatedShutdown phase [service-requests-done]
08:05:06.860 DEBUG akka.actor.CoordinatedShutdown - Performing phase [service-stop] with [1] tasks.
08:05:06.860 DEBUG akka.actor.CoordinatedShutdown - Performing task [stop-grpc-clients] in CoordinatedShutdown phase [service-stop]
08:05:06.860 DEBUG akka.actor.CoordinatedShutdown - Performing phase [before-cluster-shutdown] with [0] tasks
08:05:06.860 DEBUG akka.actor.CoordinatedShutdown - Performing phase [cluster-sharding-shutdown-region] with [5] tasks.
08:05:06.860 DEBUG akka.actor.CoordinatedShutdown - Performing task [region-shutdown] in CoordinatedShutdown phase [cluster-sharding-shutdown-region]
08:05:06.860 DEBUG akka.actor.CoordinatedShutdown - Performing task [region-shutdown] in CoordinatedShutdown phase [cluster-sharding-shutdown-region]
08:05:06.860 DEBUG akka.actor.CoordinatedShutdown - Performing task [region-shutdown] in CoordinatedShutdown phase [cluster-sharding-shutdown-region]
08:05:06.860 DEBUG akka.actor.CoordinatedShutdown - Performing task [region-shutdown] in CoordinatedShutdown phase [cluster-sharding-shutdown-region]
08:05:06.860 DEBUG akka.actor.CoordinatedShutdown - Performing task [region-shutdown] in CoordinatedShutdown phase [cluster-sharding-shutdown-region]
08:05:06.861 DEBUG a.c.sharding.DDataShardCoordinator - sharded-daemon-process-eventSourcedProjection-passivation-race-entity-passivation-race-view: Unknown region requested graceful shutdown [Actor[akka://akka-runtime/system/sharding/sharded-daemon-process-eventSourcedProjection-passivation-race-entity-passivation-race-view#1474611045]]
08:05:06.861 DEBUG a.c.sharding.DDataShardCoordinator - sharded-daemon-process-eventSourcedProjection-passivation-race-entity-passivation-race-consumer-a: Unknown region requested graceful shutdown [Actor[akka://akka-runtime/system/sharding/sharded-daemon-process-eventSourcedProjection-passivation-race-entity-passivation-race-consumer-a#-1220860637]]
08:05:06.861 DEBUG a.c.sharding.DDataShardCoordinator - _timer: Unknown region requested graceful shutdown [Actor[akka://akka-runtime/system/sharding/_timer#-572010743]]
08:05:06.861 DEBUG a.c.sharding.DDataShardCoordinator - sharded-daemon-process-eventSourcedProjection-passivation-race-entity-passivation-race-consumer-b: Unknown region requested graceful shutdown [Actor[akka://akka-runtime/system/sharding/sharded-daemon-process-eventSourcedProjection-passivation-race-entity-passivation-race-consumer-b#487185653]]
08:05:06.861 DEBUG a.c.sharding.DDataShardCoordinator - passivation-race-entity: Unknown region requested graceful shutdown [Actor[akka://akka-runtime/system/sharding/passivation-race-entity#1020126311]]
08:05:06.866 DEBUG a.c.singleton.ClusterSingletonProxy - Trying to identify singleton at [akka://akka-runtime@127.0.0.1:62950/system/singletonManagerShardedDaemonProcessCoordinator-eventSourcedProjection-passivation-race-entity-passivation-race-consumer-a/ShardedDaemonProcessCoordinator-eventSourcedProjection-passivation-race-entity-passivation-race-consumer-a]
08:05:06.867 DEBUG a.c.singleton.ClusterSingletonProxy - Trying to identify singleton at [akka://akka-runtime@127.0.0.1:62950/system/singletonManagerShardedDaemonProcessCoordinator-eventSourcedProjection-passivation-race-entity-passivation-race-consumer-b/ShardedDaemonProcessCoordinator-eventSourcedProjection-passivation-race-entity-passivation-race-consumer-b]
08:05:06.867 INFO  a.c.singleton.ClusterSingletonProxy - Singleton identified at [akka://akka-runtime/system/singletonManagerShardedDaemonProcessCoordinator-eventSourcedProjection-passivation-race-entity-passivation-race-consumer-a/ShardedDaemonProcessCoordinator-eventSourcedProjection-passivation-race-entity-passivation-race-consumer-a]
08:05:06.867 DEBUG a.c.singleton.ClusterSingletonProxy - Sending buffered messages to current singleton instance
08:05:06.867 INFO  a.c.singleton.ClusterSingletonProxy - Singleton identified at [akka://akka-runtime/system/singletonManagerShardedDaemonProcessCoordinator-eventSourcedProjection-passivation-race-entity-passivation-race-consumer-b/ShardedDaemonProcessCoordinator-eventSourcedProjection-passivation-race-entity-passivation-race-consumer-b]
08:05:06.867 DEBUG a.c.singleton.ClusterSingletonProxy - Sending buffered messages to current singleton instance
08:05:06.876 DEBUG a.c.singleton.ClusterSingletonProxy - Trying to identify singleton at [akka://akka-runtime@127.0.0.1:62950/system/singletonManagerShardedDaemonProcessCoordinator-eventSourcedProjection-passivation-race-entity-passivation-race-view/ShardedDaemonProcessCoordinator-eventSourcedProjection-passivation-race-entity-passivation-race-view]
08:05:06.876 INFO  a.c.singleton.ClusterSingletonProxy - Singleton identified at [akka://akka-runtime/system/singletonManagerShardedDaemonProcessCoordinator-eventSourcedProjection-passivation-race-entity-passivation-race-view/ShardedDaemonProcessCoordinator-eventSourcedProjection-passivation-race-entity-passivation-race-view]
08:05:06.876 DEBUG a.c.singleton.ClusterSingletonProxy - Sending buffered messages to current singleton instance
08:05:07.066 DEBUG a.c.sharding.DDataShardCoordinator - passivation-race-entity: ShardRegion registered: [Actor[akka://akka-runtime/system/sharding/passivation-race-entity#1020126311]]
08:05:07.066 DEBUG a.c.sharding.DDataShardCoordinator - sharded-daemon-process-eventSourcedProjection-passivation-race-entity-passivation-race-consumer-b: ShardRegion registered: [Actor[akka://akka-runtime/system/sharding/sharded-daemon-process-eventSourcedProjection-passivation-race-entity-passivation-race-consumer-b#487185653]]
08:05:07.066 DEBUG a.c.sharding.DDataShardCoordinator - sharded-daemon-process-eventSourcedProjection-passivation-race-entity-passivation-race-consumer-a: ShardRegion registered: [Actor[akka://akka-runtime/system/sharding/sharded-daemon-process-eventSourcedProjection-passivation-race-entity-passivation-race-consumer-a#-1220860637]]
08:05:07.067 DEBUG a.c.sharding.DDataShardCoordinator - sharded-daemon-process-eventSourcedProjection-passivation-race-entity-passivation-race-consumer-b: The coordinator state was successfully updated with ShardRegionRegistered(Actor[akka://akka-runtime/system/sharding/sharded-daemon-process-eventSourcedProjection-passivation-race-entity-passivation-race-consumer-b#487185653])
08:05:07.067 DEBUG a.c.sharding.DDataShardCoordinator - passivation-race-entity: The coordinator state was successfully updated with ShardRegionRegistered(Actor[akka://akka-runtime/system/sharding/passivation-race-entity#1020126311])
08:05:07.067 DEBUG a.c.sharding.DDataShardCoordinator - sharded-daemon-process-eventSourcedProjection-passivation-race-entity-passivation-race-consumer-a: The coordinator state was successfully updated with ShardRegionRegistered(Actor[akka://akka-runtime/system/sharding/sharded-daemon-process-eventSourcedProjection-passivation-race-entity-passivation-race-consumer-a#-1220860637])
08:05:07.069 DEBUG a.c.sharding.DDataShardCoordinator - sharded-daemon-process-eventSourcedProjection-passivation-race-entity-passivation-race-consumer-a: The coordinator state was successfully updated with ShardHomeAllocated(0,Actor[akka://akka-runtime/system/sharding/sharded-daemon-process-eventSourcedProjection-passivation-race-entity-passivation-race-consumer-a#-1220860637])
08:05:07.069 DEBUG a.c.sharding.DDataShardCoordinator - passivation-race-entity: The coordinator state was successfully updated with ShardHomeAllocated(936,Actor[akka://akka-runtime/system/sharding/passivation-race-entity#1020126311])
08:05:07.069 DEBUG a.c.sharding.DDataShardCoordinator - sharded-daemon-process-eventSourcedProjection-passivation-race-entity-passivation-race-consumer-b: The coordinator state was successfully updated with ShardHomeAllocated(0,Actor[akka://akka-runtime/system/sharding/sharded-daemon-process-eventSourcedProjection-passivation-race-entity-passivation-race-consumer-b#487185653])
08:05:07.069 DEBUG a.c.sharding.DDataShardCoordinator - passivation-race-entity: Shard [936] allocated at [Actor[akka://akka-runtime/system/sharding/passivation-race-entity#1020126311]]
08:05:07.069 DEBUG a.c.sharding.DDataShardCoordinator - sharded-daemon-process-eventSourcedProjection-passivation-race-entity-passivation-race-consumer-b: Shard [0] allocated at [Actor[akka://akka-runtime/system/sharding/sharded-daemon-process-eventSourcedProjection-passivation-race-entity-passivation-race-consumer-b#487185653]]
08:05:07.069 DEBUG a.c.sharding.DDataShardCoordinator - sharded-daemon-process-eventSourcedProjection-passivation-race-entity-passivation-race-consumer-a: Shard [0] allocated at [Actor[akka://akka-runtime/system/sharding/sharded-daemon-process-eventSourcedProjection-passivation-race-entity-passivation-race-consumer-a#-1220860637]]
08:05:07.070 DEBUG a.c.sharding.DDataShardCoordinator - sharded-daemon-process-eventSourcedProjection-passivation-race-entity-passivation-race-consumer-a: Graceful shutdown of region [Actor[akka://akka-runtime/system/sharding/sharded-daemon-process-eventSourcedProjection-passivation-race-entity-passivation-race-consumer-a#-1220860637]] with [1] shards
08:05:07.070 DEBUG a.c.sharding.DDataShardCoordinator - passivation-race-entity: Graceful shutdown of region [Actor[akka://akka-runtime/system/sharding/passivation-race-entity#1020126311]] with [1] shards
08:05:07.070 DEBUG a.c.sharding.DDataShardCoordinator - sharded-daemon-process-eventSourcedProjection-passivation-race-entity-passivation-race-consumer-b: Graceful shutdown of region [Actor[akka://akka-runtime/system/sharding/sharded-daemon-process-eventSourcedProjection-passivation-race-entity-passivation-race-consumer-b#487185653]] with [1] shards
08:05:07.070 INFO  a.c.sharding.DDataShardCoordinator - sharded-daemon-process-eventSourcedProjection-passivation-race-entity-passivation-race-consumer-a: Starting shutting down shards [0] due to region shutting down or explicit stopping of shards.
08:05:07.070 INFO  a.c.sharding.DDataShardCoordinator - passivation-race-entity: Starting shutting down shards [936] due to region shutting down or explicit stopping of shards.
08:05:07.070 INFO  a.c.sharding.DDataShardCoordinator - sharded-daemon-process-eventSourcedProjection-passivation-race-entity-passivation-race-consumer-b: Starting shutting down shards [0] due to region shutting down or explicit stopping of shards.
08:05:07.070 DEBUG akka.cluster.sharding.Shard - sharded-daemon-process-eventSourcedProjection-passivation-race-entity-passivation-race-consumer-b: Shard initialized
08:05:07.070 DEBUG a.c.s.ShardCoordinator$RebalanceWorker - passivation-race-entity: Shutting down shard [936] from region [Actor[akka://akka-runtime/system/sharding/passivation-race-entity#1020126311]]. Asking [1] region(s) to hand-off shard
08:05:07.070 DEBUG a.c.s.ShardCoordinator$RebalanceWorker - sharded-daemon-process-eventSourcedProjection-passivation-race-entity-passivation-race-consumer-a: Shutting down shard [0] from region [Actor[akka://akka-runtime/system/sharding/sharded-daemon-process-eventSourcedProjection-passivation-race-entity-passivation-race-consumer-a#-1220860637]]. Asking [1] region(s) to hand-off shard
08:05:07.070 DEBUG a.c.s.ShardCoordinator$RebalanceWorker - sharded-daemon-process-eventSourcedProjection-passivation-race-entity-passivation-race-consumer-b: Shutting down shard [0] from region [Actor[akka://akka-runtime/system/sharding/sharded-daemon-process-eventSourcedProjection-passivation-race-entity-passivation-race-consumer-b#487185653]]. Asking [1] region(s) to hand-off shard
08:05:07.070 DEBUG a.c.s.ShardCoordinator$RebalanceWorker - sharded-daemon-process-eventSourcedProjection-passivation-race-entity-passivation-race-consumer-b: BeginHandOffAck for shard [0] received from [Actor[akka://akka-runtime/system/sharding/sharded-daemon-process-eventSourcedProjection-passivation-race-entity-passivation-race-consumer-b#487185653]].
08:05:07.070 DEBUG a.c.s.ShardCoordinator$RebalanceWorker - sharded-daemon-process-eventSourcedProjection-passivation-race-entity-passivation-race-consumer-a: BeginHandOffAck for shard [0] received from [Actor[akka://akka-runtime/system/sharding/sharded-daemon-process-eventSourcedProjection-passivation-race-entity-passivation-race-consumer-a#-1220860637]].
08:05:07.070 DEBUG a.c.s.ShardCoordinator$RebalanceWorker - sharded-daemon-process-eventSourcedProjection-passivation-race-entity-passivation-race-consumer-b: All shard regions acked, handing off shard [0].
08:05:07.070 DEBUG a.c.s.ShardCoordinator$RebalanceWorker - sharded-daemon-process-eventSourcedProjection-passivation-race-entity-passivation-race-consumer-a: All shard regions acked, handing off shard [0].
08:05:07.070 DEBUG a.c.s.ShardCoordinator$RebalanceWorker - passivation-race-entity: BeginHandOffAck for shard [936] received from [Actor[akka://akka-runtime/system/sharding/passivation-race-entity#1020126311]].
08:05:07.070 DEBUG a.c.s.ShardCoordinator$RebalanceWorker - passivation-race-entity: All shard regions acked, handing off shard [936].
08:05:07.070 DEBUG akka.cluster.sharding.Shard - sharded-daemon-process-eventSourcedProjection-passivation-race-entity-passivation-race-consumer-b: Request to start entity [0] and ack to [Some(Actor[akka://akka-runtime/deadLetters])]
08:05:07.070 WARN  akka.cluster.sharding.ShardRegion - sharded-daemon-process-eventSourcedProjection-passivation-race-entity-passivation-race-consumer-a: Dropping [1] buffered messages to shard [0] during hand off to avoid re-ordering
08:05:07.070 DEBUG akka.cluster.sharding.Shard - sharded-daemon-process-eventSourcedProjection-passivation-race-entity-passivation-race-consumer-a: Shard initialized
08:05:07.070 DEBUG akka.cluster.sharding.Shard - passivation-race-entity: Shard initialized
08:05:07.070 DEBUG akka.cluster.sharding.Shard - sharded-daemon-process-eventSourcedProjection-passivation-race-entity-passivation-race-consumer-b: Started entity [Actor[akka://akka-runtime/system/sharding/sharded-daemon-process-eventSourcedProjection-passivation-race-entity-passivation-race-consumer-b/0/0#549465256]] with entity id [0] in shard [0]
08:05:07.070 DEBUG akka.cluster.sharding.Shard - sharded-daemon-process-eventSourcedProjection-passivation-race-entity-passivation-race-consumer-a: HandOff shard [0]
08:05:07.071 DEBUG akka.cluster.sharding.Shard - sharded-daemon-process-eventSourcedProjection-passivation-race-entity-passivation-race-consumer-b: HandOff shard [0]
08:05:07.071 DEBUG akka.cluster.sharding.Shard - sharded-daemon-process-eventSourcedProjection-passivation-race-entity-passivation-race-consumer-a: Shard [0] shutting down
08:05:07.071 DEBUG akka.cluster.sharding.Shard - sharded-daemon-process-eventSourcedProjection-passivation-race-entity-passivation-race-consumer-b: Starting HandOffStopper for shard [0] to terminate [1] entities.
08:05:07.071 DEBUG a.c.sharding.DDataShardCoordinator - sharded-daemon-process-eventSourcedProjection-passivation-race-entity-passivation-race-consumer-a: Shard [0] deallocation completed successfully.
08:05:07.071 DEBUG a.c.s.t.i.ShardedDaemonProcessState$ - eventSourcedProjection-passivation-race-entity-passivation-race-consumer-b: Deferred start of worker to verify its revision [0] is the latest
08:05:07.071 WARN  akka.cluster.sharding.ShardRegion - passivation-race-entity: Dropping [1] buffered messages to shard [936] during hand off to avoid re-ordering
08:05:07.071 INFO  a.c.s.t.i.ShardedDaemonProcessState$ - eventSourcedProjection-passivation-race-entity-passivation-race-consumer-b: Starting Sharded Daemon Process [0] out of a total [1] (revision [0] and no state found)
08:05:07.071 DEBUG akka.cluster.sharding.Shard - passivation-race-entity: HandOff shard [936]
08:05:07.071 DEBUG akka.cluster.sharding.Shard - passivation-race-entity: Shard [936] shutting down
08:05:07.071 DEBUG a.c.sharding.DDataShardCoordinator - sharded-daemon-process-eventSourcedProjection-passivation-race-entity-passivation-race-consumer-a: The coordinator state was successfully updated with ShardHomeDeallocated(0)
08:05:07.071 DEBUG a.c.sharding.DDataShardCoordinator - sharded-daemon-process-eventSourcedProjection-passivation-race-entity-passivation-race-consumer-a: Shard [0] deallocated after
08:05:07.072 DEBUG a.c.sharding.DDataShardCoordinator - sharded-daemon-process-eventSourcedProjection-passivation-race-entity-passivation-race-consumer-a: ShardRegion terminated (gracefully): [Actor[akka://akka-runtime/system/sharding/sharded-daemon-process-eventSourcedProjection-passivation-race-entity-passivation-race-consumer-a#-1220860637]] {}
08:05:07.072 DEBUG a.c.sharding.DDataShardCoordinator - sharded-daemon-process-eventSourcedProjection-passivation-race-entity-passivation-race-consumer-a: GetShardHome [0] request from [Actor[akka://local/ignore]] stashed, because waiting for initial state or update of state. It will be handled afterwards.
08:05:07.072 DEBUG a.c.sharding.DDataShardCoordinator - passivation-race-entity: Shard [936] deallocation completed successfully.
08:05:07.072 DEBUG a.c.sharding.DDataShardCoordinator - sharded-daemon-process-eventSourcedProjection-passivation-race-entity-passivation-race-consumer-a: The coordinator state was successfully updated with ShardRegionTerminated(Actor[akka://akka-runtime/system/sharding/sharded-daemon-process-eventSourcedProjection-passivation-race-entity-passivation-race-consumer-a#-1220860637])
08:05:07.072 DEBUG a.c.sharding.DDataShardCoordinator - sharded-daemon-process-eventSourcedProjection-passivation-race-entity-passivation-race-consumer-a: ShardRegion stopped: [Actor[akka://akka-runtime/system/sharding/sharded-daemon-process-eventSourcedProjection-passivation-race-entity-passivation-race-consumer-a#-1220860637]]
08:05:07.072 DEBUG a.c.sharding.DDataShardCoordinator - passivation-race-entity: The coordinator state was successfully updated with ShardHomeDeallocated(936)
08:05:07.072 DEBUG a.c.sharding.DDataShardCoordinator - passivation-race-entity: Shard [936] deallocated after
08:05:07.072 DEBUG a.c.sharding.DDataShardCoordinator - passivation-race-entity: ShardRegion terminated (gracefully): [Actor[akka://akka-runtime/system/sharding/passivation-race-entity#1020126311]] {}
08:05:07.072 DEBUG a.c.sharding.DDataShardCoordinator - passivation-race-entity: GetShardHome [936] request from [Actor[akka://local/ignore]] stashed, because waiting for initial state or update of state. It will be handled afterwards.
08:05:07.072 DEBUG a.c.sharding.DDataShardCoordinator - passivation-race-entity: The coordinator state was successfully updated with ShardRegionTerminated(Actor[akka://akka-runtime/system/sharding/passivation-race-entity#1020126311])
08:05:07.072 DEBUG a.c.sharding.DDataShardCoordinator - passivation-race-entity: ShardRegion stopped: [Actor[akka://akka-runtime/system/sharding/passivation-race-entity#1020126311]]
08:05:07.076 DEBUG a.c.sharding.DDataShardCoordinator - sharded-daemon-process-eventSourcedProjection-passivation-race-entity-passivation-race-view: ShardRegion registered: [Actor[akka://akka-runtime/system/sharding/sharded-daemon-process-eventSourcedProjection-passivation-race-entity-passivation-race-view#1474611045]]
08:05:07.076 DEBUG a.c.sharding.DDataShardCoordinator - sharded-daemon-process-eventSourcedProjection-passivation-race-entity-passivation-race-view: The coordinator state was successfully updated with ShardRegionRegistered(Actor[akka://akka-runtime/system/sharding/sharded-daemon-process-eventSourcedProjection-passivation-race-entity-passivation-race-view#1474611045])
08:05:07.077 DEBUG a.c.sharding.DDataShardCoordinator - sharded-daemon-process-eventSourcedProjection-passivation-race-entity-passivation-race-view: The coordinator state was successfully updated with ShardHomeAllocated(0,Actor[akka://akka-runtime/system/sharding/sharded-daemon-process-eventSourcedProjection-passivation-race-entity-passivation-race-view#1474611045])
08:05:07.077 DEBUG a.c.sharding.DDataShardCoordinator - sharded-daemon-process-eventSourcedProjection-passivation-race-entity-passivation-race-view: Shard [0] allocated at [Actor[akka://akka-runtime/system/sharding/sharded-daemon-process-eventSourcedProjection-passivation-race-entity-passivation-race-view#1474611045]]
08:05:07.077 DEBUG a.c.sharding.DDataShardCoordinator - sharded-daemon-process-eventSourcedProjection-passivation-race-entity-passivation-race-view: Graceful shutdown of region [Actor[akka://akka-runtime/system/sharding/sharded-daemon-process-eventSourcedProjection-passivation-race-entity-passivation-race-view#1474611045]] with [1] shards
08:05:07.077 INFO  a.c.sharding.DDataShardCoordinator - sharded-daemon-process-eventSourcedProjection-passivation-race-entity-passivation-race-view: Starting shutting down shards [0] due to region shutting down or explicit stopping of shards.
08:05:07.077 DEBUG a.c.s.ShardCoordinator$RebalanceWorker - sharded-daemon-process-eventSourcedProjection-passivation-race-entity-passivation-race-view: Shutting down shard [0] from region [Actor[akka://akka-runtime/system/sharding/sharded-daemon-process-eventSourcedProjection-passivation-race-entity-passivation-race-view#1474611045]]. Asking [1] region(s) to hand-off shard
08:05:07.077 DEBUG akka.cluster.sharding.Shard - sharded-daemon-process-eventSourcedProjection-passivation-race-entity-passivation-race-view: Shard initialized
08:05:07.078 DEBUG akka.cluster.sharding.Shard - sharded-daemon-process-eventSourcedProjection-passivation-race-entity-passivation-race-view: Request to start entity [0] and ack to [Some(Actor[akka://akka-runtime/deadLetters])]
08:05:07.078 DEBUG a.c.s.ShardCoordinator$RebalanceWorker - sharded-daemon-process-eventSourcedProjection-passivation-race-entity-passivation-race-view: BeginHandOffAck for shard [0] received from [Actor[akka://akka-runtime/system/sharding/sharded-daemon-process-eventSourcedProjection-passivation-race-entity-passivation-race-view#1474611045]].
08:05:07.078 DEBUG a.c.s.ShardCoordinator$RebalanceWorker - sharded-daemon-process-eventSourcedProjection-passivation-race-entity-passivation-race-view: All shard regions acked, handing off shard [0].
08:05:07.078 DEBUG akka.cluster.sharding.Shard - sharded-daemon-process-eventSourcedProjection-passivation-race-entity-passivation-race-view: Started entity [Actor[akka://akka-runtime/system/sharding/sharded-daemon-process-eventSourcedProjection-passivation-race-entity-passivation-race-view/0/0#2051078112]] with entity id [0] in shard [0]
08:05:07.078 DEBUG akka.cluster.sharding.Shard - sharded-daemon-process-eventSourcedProjection-passivation-race-entity-passivation-race-view: HandOff shard [0]
08:05:07.078 DEBUG akka.cluster.sharding.Shard - sharded-daemon-process-eventSourcedProjection-passivation-race-entity-passivation-race-view: Starting HandOffStopper for shard [0] to terminate [1] entities.
08:05:07.078 DEBUG a.c.s.t.i.ShardedDaemonProcessState$ - eventSourcedProjection-passivation-race-entity-passivation-race-view: Deferred start of worker to verify its revision [0] is the latest
08:05:07.079 INFO  a.c.s.t.i.ShardedDaemonProcessState$ - eventSourcedProjection-passivation-race-entity-passivation-race-view: Starting Sharded Daemon Process [0] out of a total [1] (revision [0] and no state found)
08:05:07.836 WARN  a.c.s.ShardRegion$HandOffStopper - sharded-daemon-process-eventSourcedProjection-passivation-race-entity-passivation-race-consumer-b: [1] of the entities in shard [0] not stopped after [750 milliseconds]. Maybe the handOffStopMessage [akka.projection.ProjectionBehavior$Stop$] is not handled? Waiting additional [250 milliseconds] before stopping the remaining entities.
08:05:07.847 WARN  a.c.s.ShardRegion$HandOffStopper - sharded-daemon-process-eventSourcedProjection-passivation-race-entity-passivation-race-view: [1] of the entities in shard [0] not stopped after [750 milliseconds]. Maybe the handOffStopMessage [akka.projection.ProjectionBehavior$Stop$] is not handled? Waiting additional [250 milliseconds] before stopping the remaining entities.
08:05:08.087 WARN  a.c.s.ShardRegion$HandOffStopper - sharded-daemon-process-eventSourcedProjection-passivation-race-entity-passivation-race-consumer-b: HandOffStopMessage [akka.projection.ProjectionBehavior$Stop$] is not handled by some of the entities in shard [0] after [1 second], stopping the remaining [1] entities.
08:05:08.088 DEBUG a.c.sharding.DDataShardCoordinator - sharded-daemon-process-eventSourcedProjection-passivation-race-entity-passivation-race-consumer-b: Shard [0] deallocation completed successfully.
08:05:08.088 DEBUG akka.cluster.sharding.Shard - sharded-daemon-process-eventSourcedProjection-passivation-race-entity-passivation-race-consumer-b: Shard [0] shutting down
08:05:08.088 DEBUG a.c.sharding.DDataShardCoordinator - sharded-daemon-process-eventSourcedProjection-passivation-race-entity-passivation-race-consumer-b: The coordinator state was successfully updated with ShardHomeDeallocated(0)
08:05:08.089 DEBUG a.c.sharding.DDataShardCoordinator - sharded-daemon-process-eventSourcedProjection-passivation-race-entity-passivation-race-consumer-b: Shard [0] deallocated after
08:05:08.089 DEBUG a.c.sharding.DDataShardCoordinator - sharded-daemon-process-eventSourcedProjection-passivation-race-entity-passivation-race-consumer-b: ShardRegion terminated (gracefully): [Actor[akka://akka-runtime/system/sharding/sharded-daemon-process-eventSourcedProjection-passivation-race-entity-passivation-race-consumer-b#487185653]] {}
08:05:08.089 DEBUG a.c.sharding.DDataShardCoordinator - sharded-daemon-process-eventSourcedProjection-passivation-race-entity-passivation-race-consumer-b: GetShardHome [0] request from [Actor[akka://local/ignore]] stashed, because waiting for initial state or update of state. It will be handled afterwards.
08:05:08.089 DEBUG a.c.sharding.DDataShardCoordinator - sharded-daemon-process-eventSourcedProjection-passivation-race-entity-passivation-race-consumer-b: The coordinator state was successfully updated with ShardRegionTerminated(Actor[akka://akka-runtime/system/sharding/sharded-daemon-process-eventSourcedProjection-passivation-race-entity-passivation-race-consumer-b#487185653])
08:05:08.089 DEBUG a.c.sharding.DDataShardCoordinator - sharded-daemon-process-eventSourcedProjection-passivation-race-entity-passivation-race-consumer-b: ShardRegion stopped: [Actor[akka://akka-runtime/system/sharding/sharded-daemon-process-eventSourcedProjection-passivation-race-entity-passivation-race-consumer-b#487185653]]
08:05:08.096 WARN  a.c.s.ShardRegion$HandOffStopper - sharded-daemon-process-eventSourcedProjection-passivation-race-entity-passivation-race-view: HandOffStopMessage [akka.projection.ProjectionBehavior$Stop$] is not handled by some of the entities in shard [0] after [1 second], stopping the remaining [1] entities.
08:05:08.096 DEBUG a.c.sharding.DDataShardCoordinator - sharded-daemon-process-eventSourcedProjection-passivation-race-entity-passivation-race-view: Shard [0] deallocation completed successfully.
08:05:08.096 DEBUG akka.cluster.sharding.Shard - sharded-daemon-process-eventSourcedProjection-passivation-race-entity-passivation-race-view: Shard [0] shutting down
08:05:08.097 DEBUG akka.actor.CoordinatedShutdown - Performing phase [cluster-leave] with [1] tasks.
08:05:08.097 DEBUG a.c.sharding.DDataShardCoordinator - sharded-daemon-process-eventSourcedProjection-passivation-race-entity-passivation-race-view: The coordinator state was successfully updated with ShardHomeDeallocated(0)
08:05:08.097 DEBUG a.c.sharding.DDataShardCoordinator - sharded-daemon-process-eventSourcedProjection-passivation-race-entity-passivation-race-view: Shard [0] deallocated after
08:05:08.097 DEBUG akka.actor.CoordinatedShutdown - Performing task [leave] in CoordinatedShutdown phase [cluster-leave]
08:05:08.097 DEBUG a.c.sharding.DDataShardCoordinator - sharded-daemon-process-eventSourcedProjection-passivation-race-entity-passivation-race-view: ShardRegion terminated (gracefully): [Actor[akka://akka-runtime/system/sharding/sharded-daemon-process-eventSourcedProjection-passivation-race-entity-passivation-race-view#1474611045]] {}
08:05:08.097 DEBUG a.c.sharding.DDataShardCoordinator - sharded-daemon-process-eventSourcedProjection-passivation-race-entity-passivation-race-view: GetShardHome [0] request from [Actor[akka://local/ignore]] stashed, because waiting for initial state or update of state. It will be handled afterwards.
08:05:08.097 DEBUG a.c.sharding.DDataShardCoordinator - sharded-daemon-process-eventSourcedProjection-passivation-race-entity-passivation-race-view: The coordinator state was successfully updated with ShardRegionTerminated(Actor[akka://akka-runtime/system/sharding/sharded-daemon-process-eventSourcedProjection-passivation-race-entity-passivation-race-view#1474611045])
08:05:08.097 DEBUG a.c.sharding.DDataShardCoordinator - sharded-daemon-process-eventSourcedProjection-passivation-race-entity-passivation-race-view: ShardRegion stopped: [Actor[akka://akka-runtime/system/sharding/sharded-daemon-process-eventSourcedProjection-passivation-race-entity-passivation-race-view#1474611045]]
08:05:08.098 DEBUG akka.actor.CoordinatedShutdown - Performing phase [cluster-exiting] with [28] tasks.
08:05:08.098 DEBUG akka.actor.CoordinatedShutdown - Performing task [wait-singleton-exiting] in CoordinatedShutdown phase [cluster-exiting]
08:05:08.098 DEBUG akka.actor.CoordinatedShutdown - Performing task [wait-singleton-exiting] in CoordinatedShutdown phase [cluster-exiting]
08:05:08.098 DEBUG akka.actor.CoordinatedShutdown - Performing task [singleton-exiting-1] in CoordinatedShutdown phase [cluster-exiting]
08:05:08.098 DEBUG akka.actor.CoordinatedShutdown - Performing task [wait-singleton-exiting] in CoordinatedShutdown phase [cluster-exiting]
08:05:08.098 DEBUG akka.actor.CoordinatedShutdown - Performing task [wait-exiting] in CoordinatedShutdown phase [cluster-exiting]
08:05:08.098 DEBUG akka.actor.CoordinatedShutdown - Performing task [wait-singleton-exiting] in CoordinatedShutdown phase [cluster-exiting]
08:05:08.098 DEBUG akka.actor.CoordinatedShutdown - Performing task [singleton-exiting-1] in CoordinatedShutdown phase [cluster-exiting]
08:05:08.098 DEBUG akka.actor.CoordinatedShutdown - Performing task [singleton-exiting-1] in CoordinatedShutdown phase [cluster-exiting]
08:05:08.098 DEBUG akka.actor.CoordinatedShutdown - Performing task [singleton-exiting-1] in CoordinatedShutdown phase [cluster-exiting]
08:05:08.098 DEBUG akka.actor.CoordinatedShutdown - Performing task [singleton-exiting-2] in CoordinatedShutdown phase [cluster-exiting]
08:05:08.098 DEBUG akka.actor.CoordinatedShutdown - Performing task [wait-singleton-exiting] in CoordinatedShutdown phase [cluster-exiting]
08:05:08.098 DEBUG akka.actor.CoordinatedShutdown - Performing task [singleton-exiting-2] in CoordinatedShutdown phase [cluster-exiting]
08:05:08.098 DEBUG akka.actor.CoordinatedShutdown - Performing task [singleton-exiting-1] in CoordinatedShutdown phase [cluster-exiting]
08:05:08.098 DEBUG akka.actor.CoordinatedShutdown - Performing task [singleton-exiting-1] in CoordinatedShutdown phase [cluster-exiting]
08:05:08.098 DEBUG akka.actor.CoordinatedShutdown - Performing task [singleton-exiting-1] in CoordinatedShutdown phase [cluster-exiting]
08:05:08.098 DEBUG akka.actor.CoordinatedShutdown - Performing task [singleton-exiting-2] in CoordinatedShutdown phase [cluster-exiting]
08:05:08.098 DEBUG akka.actor.CoordinatedShutdown - Performing task [singleton-exiting-1] in CoordinatedShutdown phase [cluster-exiting]
08:05:08.098 DEBUG akka.actor.CoordinatedShutdown - Performing task [singleton-exiting-1] in CoordinatedShutdown phase [cluster-exiting]
08:05:08.098 DEBUG akka.actor.CoordinatedShutdown - Performing task [singleton-exiting-2] in CoordinatedShutdown phase [cluster-exiting]
08:05:08.098 INFO  a.c.s.ClusterSingletonManager - Oldest observed OldestChanged: [akka://akka-runtime@127.0.0.1:62950 -> None]
08:05:08.098 DEBUG akka.actor.CoordinatedShutdown - Performing task [singleton-exiting-2] in CoordinatedShutdown phase [cluster-exiting]
08:05:08.098 DEBUG akka.actor.CoordinatedShutdown - Performing task [singleton-exiting-2] in CoordinatedShutdown phase [cluster-exiting]
08:05:08.098 DEBUG akka.actor.CoordinatedShutdown - Performing task [singleton-exiting-2] in CoordinatedShutdown phase [cluster-exiting]
08:05:08.098 DEBUG akka.actor.CoordinatedShutdown - Performing task [wait-singleton-exiting] in CoordinatedShutdown phase [cluster-exiting]
08:05:08.098 DEBUG akka.actor.CoordinatedShutdown - Performing task [singleton-exiting-2] in CoordinatedShutdown phase [cluster-exiting]
08:05:08.098 DEBUG akka.actor.CoordinatedShutdown - Performing task [wait-singleton-exiting] in CoordinatedShutdown phase [cluster-exiting]
08:05:08.098 DEBUG akka.actor.CoordinatedShutdown - Performing task [wait-singleton-exiting] in CoordinatedShutdown phase [cluster-exiting]
08:05:08.098 DEBUG akka.actor.CoordinatedShutdown - Performing task [wait-singleton-exiting] in CoordinatedShutdown phase [cluster-exiting]
08:05:08.098 DEBUG akka.actor.CoordinatedShutdown - Performing task [singleton-exiting-2] in CoordinatedShutdown phase [cluster-exiting]
08:05:08.098 INFO  a.c.s.ClusterSingletonManager - ClusterSingletonManager state change [Oldest -> WasOldest]
08:05:08.098 INFO  a.c.s.ClusterSingletonManager - Exited [akka://akka-runtime@127.0.0.1:62950].
08:05:08.098 INFO  a.c.s.ClusterSingletonManager - Exited [akka://akka-runtime@127.0.0.1:62950].
08:05:08.098 INFO  a.c.s.ClusterSingletonManager - Exited [akka://akka-runtime@127.0.0.1:62950].
08:05:08.098 INFO  a.c.s.ClusterSingletonManager - Oldest observed OldestChanged: [akka://akka-runtime@127.0.0.1:62950 -> None]
08:05:08.098 INFO  a.c.s.ClusterSingletonManager - Exited [akka://akka-runtime@127.0.0.1:62950].
08:05:08.098 INFO  a.c.s.ClusterSingletonManager - Oldest observed OldestChanged: [akka://akka-runtime@127.0.0.1:62950 -> None]
08:05:08.098 INFO  a.c.s.ClusterSingletonManager - ClusterSingletonManager state change [Oldest -> WasOldest]
08:05:08.098 INFO  a.c.s.ClusterSingletonManager - ClusterSingletonManager state change [Oldest -> WasOldest]
08:05:08.098 INFO  a.c.s.ClusterSingletonManager - Exited [akka://akka-runtime@127.0.0.1:62950].
08:05:08.098 INFO  a.c.s.ClusterSingletonManager - Oldest observed OldestChanged: [akka://akka-runtime@127.0.0.1:62950 -> None]
08:05:08.098 INFO  a.c.s.ClusterSingletonManager - Oldest observed OldestChanged: [akka://akka-runtime@127.0.0.1:62950 -> None]
08:05:08.098 INFO  a.c.s.ClusterSingletonManager - ClusterSingletonManager state change [Oldest -> WasOldest]
08:05:08.098 INFO  a.c.s.ClusterSingletonManager - ClusterSingletonManager state change [Oldest -> WasOldest]
08:05:08.098 INFO  a.c.s.ClusterSingletonManager - Exited [akka://akka-runtime@127.0.0.1:62950].
08:05:08.098 INFO  a.c.s.ClusterSingletonManager - Exited [akka://akka-runtime@127.0.0.1:62950].
08:05:08.098 INFO  a.c.s.ClusterSingletonManager - Oldest observed OldestChanged: [akka://akka-runtime@127.0.0.1:62950 -> None]
08:05:08.098 INFO  a.c.s.ClusterSingletonManager - ClusterSingletonManager state change [Oldest -> WasOldest]
08:05:08.098 INFO  a.c.s.ClusterSingletonManager - Exited [akka://akka-runtime@127.0.0.1:62950].
08:05:08.098 INFO  a.c.s.ClusterSingletonManager - Oldest observed OldestChanged: [akka://akka-runtime@127.0.0.1:62950 -> None]
08:05:08.098 INFO  a.c.s.ClusterSingletonManager - Oldest observed OldestChanged: [akka://akka-runtime@127.0.0.1:62950 -> None]
08:05:08.098 INFO  a.c.s.ClusterSingletonManager - ClusterSingletonManager state change [Oldest -> WasOldest]
08:05:08.098 INFO  a.c.s.ClusterSingletonManager - ClusterSingletonManager state change [Oldest -> WasOldest]
08:05:08.098 INFO  a.c.s.ClusterSingletonManager - Exited [akka://akka-runtime@127.0.0.1:62950].
08:05:08.098 INFO  a.c.s.ClusterSingletonManager - Oldest observed OldestChanged: [akka://akka-runtime@127.0.0.1:62950 -> None]
08:05:08.098 INFO  a.c.s.ClusterSingletonManager - ClusterSingletonManager state change [Oldest -> WasOldest]
08:05:08.708 DEBUG a.c.singleton.ClusterSingletonProxy - Creating singleton identification timer...
08:05:08.708 DEBUG a.c.singleton.ClusterSingletonProxy - Creating singleton identification timer...
08:05:08.708 DEBUG a.c.singleton.ClusterSingletonProxy - Creating singleton identification timer...
08:05:08.708 DEBUG a.c.singleton.ClusterSingletonProxy - Creating singleton identification timer...
08:05:09.118 INFO  a.c.s.ClusterSingletonManager - Singleton manager stopping singleton actor [akka://akka-runtime/system/singletonManagerschemaSingleton/schemaSingleton]
08:05:09.118 INFO  a.c.s.ClusterSingletonManager - Singleton manager stopping singleton actor [akka://akka-runtime/system/sharding/sharded-daemon-process-eventSourcedProjection-passivation-race-entity-passivation-race-consumer-bCoordinator/singleton]
08:05:09.118 INFO  a.c.s.ClusterSingletonManager - Singleton manager stopping singleton actor [akka://akka-runtime/system/sharding/sharded-daemon-process-eventSourcedProjection-passivation-race-entity-passivation-race-consumer-aCoordinator/singleton]
08:05:09.118 INFO  a.c.s.ClusterSingletonManager - Singleton manager stopping singleton actor [akka://akka-runtime/system/sharding/sharded-daemon-process-eventSourcedProjection-passivation-race-entity-passivation-race-viewCoordinator/singleton]
08:05:09.118 INFO  a.c.s.ClusterSingletonManager - ClusterSingletonManager state change [WasOldest -> Stopping]
08:05:09.118 INFO  a.c.s.ClusterSingletonManager - ClusterSingletonManager state change [WasOldest -> Stopping]
08:05:09.118 INFO  a.c.s.ClusterSingletonManager - ClusterSingletonManager state change [WasOldest -> Stopping]
08:05:09.118 INFO  a.c.s.ClusterSingletonManager - ClusterSingletonManager state change [WasOldest -> Stopping]
08:05:09.118 DEBUG a.c.sharding.DDataShardCoordinator - sharded-daemon-process-eventSourcedProjection-passivation-race-entity-passivation-race-consumer-a: Received termination message.
08:05:09.118 DEBUG a.c.sharding.DDataShardCoordinator - sharded-daemon-process-eventSourcedProjection-passivation-race-entity-passivation-race-consumer-b: Received termination message.
08:05:09.118 DEBUG a.c.sharding.DDataShardCoordinator - sharded-daemon-process-eventSourcedProjection-passivation-race-entity-passivation-race-view: Received termination message.
08:05:09.118 INFO  a.c.s.ClusterSingletonManager - Singleton actor [akka://akka-runtime/system/sharding/sharded-daemon-process-eventSourcedProjection-passivation-race-entity-passivation-race-viewCoordinator/singleton] was terminated
08:05:09.118 INFO  a.c.s.ClusterSingletonManager - Singleton actor [akka://akka-runtime/system/singletonManagerschemaSingleton/schemaSingleton] was terminated
08:05:09.118 INFO  a.c.s.ClusterSingletonManager - Singleton actor [akka://akka-runtime/system/sharding/sharded-daemon-process-eventSourcedProjection-passivation-race-entity-passivation-race-consumer-bCoordinator/singleton] was terminated
08:05:09.118 INFO  a.c.s.ClusterSingletonManager - Singleton actor [akka://akka-runtime/system/sharding/sharded-daemon-process-eventSourcedProjection-passivation-race-entity-passivation-race-consumer-aCoordinator/singleton] was terminated
08:05:09.118 INFO  a.c.s.ClusterSingletonManager - Singleton manager stopping singleton actor [akka://akka-runtime/system/sharding/passivation-race-entityCoordinator/singleton]
08:05:09.118 INFO  a.c.s.ClusterSingletonManager - Singleton manager stopping singleton actor [akka://akka-runtime/system/singletonManagerShardedDaemonProcessCoordinator-eventSourcedProjection-passivation-race-entity-passivation-race-view/ShardedDaemonProcessCoordinator-eventSourcedProjection-passivation-race-entity-passivation-race-view]
08:05:09.118 INFO  a.c.s.ClusterSingletonManager - ClusterSingletonManager state change [WasOldest -> Stopping]
08:05:09.118 INFO  a.c.s.ClusterSingletonManager - ClusterSingletonManager state change [WasOldest -> Stopping]
08:05:09.118 DEBUG a.c.sharding.DDataShardCoordinator - passivation-race-entity: Received termination message.
08:05:09.118 INFO  a.c.s.ClusterSingletonManager - Singleton manager stopping singleton actor [akka://akka-runtime/system/sharding/_timerCoordinator/singleton]
08:05:09.118 INFO  a.c.s.ClusterSingletonManager - ClusterSingletonManager state change [WasOldest -> Stopping]
08:05:09.118 DEBUG a.c.sharding.DDataShardCoordinator - _timer: Received termination message.
08:05:09.118 INFO  a.c.s.ClusterSingletonManager - Singleton actor [akka://akka-runtime/system/singletonManagerShardedDaemonProcessCoordinator-eventSourcedProjection-passivation-race-entity-passivation-race-view/ShardedDaemonProcessCoordinator-eventSourcedProjection-passivation-race-entity-passivation-race-view] was terminated
08:05:09.118 INFO  a.c.s.ClusterSingletonManager - Singleton actor [akka://akka-runtime/system/sharding/passivation-race-entityCoordinator/singleton] was terminated
08:05:09.118 INFO  a.c.s.ClusterSingletonManager - Singleton manager stopping singleton actor [akka://akka-runtime/system/singletonManagerShardedDaemonProcessCoordinator-eventSourcedProjection-passivation-race-entity-passivation-race-consumer-a/ShardedDaemonProcessCoordinator-eventSourcedProjection-passivation-race-entity-passivation-race-consumer-a]
08:05:09.118 INFO  a.c.s.ClusterSingletonManager - ClusterSingletonManager state change [WasOldest -> Stopping]
08:05:09.118 INFO  a.c.s.ClusterSingletonManager - Singleton actor [akka://akka-runtime/system/sharding/_timerCoordinator/singleton] was terminated
08:05:09.118 INFO  a.c.s.ClusterSingletonManager - Singleton actor [akka://akka-runtime/system/singletonManagerShardedDaemonProcessCoordinator-eventSourcedProjection-passivation-race-entity-passivation-race-consumer-a/ShardedDaemonProcessCoordinator-eventSourcedProjection-passivation-race-entity-passivation-race-consumer-a] was terminated
08:05:09.118 INFO  a.c.s.ClusterSingletonManager - Singleton manager stopping singleton actor [akka://akka-runtime/system/singletonManagerShardedDaemonProcessCoordinator-eventSourcedProjection-passivation-race-entity-passivation-race-consumer-b/ShardedDaemonProcessCoordinator-eventSourcedProjection-passivation-race-entity-passivation-race-consumer-b]
08:05:09.119 INFO  a.c.s.ClusterSingletonManager - ClusterSingletonManager state change [WasOldest -> Stopping]
08:05:09.119 INFO  a.c.s.ClusterSingletonManager - Singleton actor [akka://akka-runtime/system/singletonManagerShardedDaemonProcessCoordinator-eventSourcedProjection-passivation-race-entity-passivation-race-consumer-b/ShardedDaemonProcessCoordinator-eventSourcedProjection-passivation-race-entity-passivation-race-consumer-b] was terminated
08:05:09.119 DEBUG akka.actor.CoordinatedShutdown - Performing phase [cluster-exiting-done] with [1] tasks.
08:05:09.119 DEBUG akka.actor.CoordinatedShutdown - Performing task [exiting-completed] in CoordinatedShutdown phase [cluster-exiting-done]
08:05:09.119 DEBUG akka.actor.CoordinatedShutdown - Performing phase [cluster-shutdown] with [1] tasks.
08:05:09.119 DEBUG akka.actor.CoordinatedShutdown - Performing task [wait-shutdown] in CoordinatedShutdown phase [cluster-shutdown]
08:05:09.120 DEBUG akka.actor.CoordinatedShutdown - Performing phase [before-actor-system-terminate] with [2] tasks.
08:05:09.120 DEBUG akka.actor.CoordinatedShutdown - Performing task [close connection pools] in CoordinatedShutdown phase [before-actor-system-terminate]
08:05:09.120 DEBUG akka.actor.CoordinatedShutdown - Performing task [close-grpc-channels] in CoordinatedShutdown phase [before-actor-system-terminate]
08:05:09.121 DEBUG akka.actor.CoordinatedShutdown - Performing phase [actor-system-terminate] with [1] tasks.
08:05:09.121 DEBUG akka.actor.CoordinatedShutdown - Performing task [terminate-system] in CoordinatedShutdown phase [actor-system-terminate]
08:05:09.176 INFO  akka.runtime.AkkaRuntimeMain - Starting Akka Runtime version [1.6.15]
08:05:09.184 INFO  akka.javasdk.impl.ComponentLocator$ - Looking for component descriptors matching pattern [META-INF/akka-javasdk-components_*.conf]
08:05:09.195 INFO  akka.javasdk.testkit.TestKit - Eventing TestKit booting up on port: 62954
08:05:09.196 DEBUG a.c.singleton.ClusterSingletonProxy - Singleton not available, buffering message type [kalix.runtime.SchemaSingleton$ExecDdl]
08:05:09.196 DEBUG a.c.singleton.ClusterSingletonProxy - Creating singleton identification timer...
08:05:09.197 DEBUG a.c.singleton.ClusterSingletonProxy - Trying to identify singleton at [akka://akka-runtime@127.0.0.1:62955/system/singletonManagerschemaSingleton/schemaSingleton]
08:05:09.197 INFO  a.c.s.ClusterSingletonManager - Singleton manager starting singleton actor [akka://akka-runtime/system/singletonManagerschemaSingleton/schemaSingleton]
08:05:09.197 INFO  a.c.s.ClusterSingletonManager - ClusterSingletonManager state change [Start -> Oldest]
08:05:09.198 INFO  akka.javasdk.testkit.TestKit - Checking runtime status
08:05:09.264 DEBUG a.c.singleton.ClusterSingletonProxy - Trying to identify singleton at [akka://akka-runtime@127.0.0.1:62955/system/singletonManagerschemaSingleton/schemaSingleton]
08:05:09.264 INFO  a.c.singleton.ClusterSingletonProxy - Singleton identified at [akka://akka-runtime/system/singletonManagerschemaSingleton/schemaSingleton]
08:05:09.264 DEBUG a.c.singleton.ClusterSingletonProxy - Sending buffered messages to current singleton instance
08:05:09.265 INFO  a.c.s.typed.scaladsl.ClusterSharding - Starting Shard Region [passivation-race-entity]...
08:05:09.266 INFO  akka.cluster.sharding.ShardRegion - passivation-race-entity: Automatic entity passivation: composite strategy with limit of [10000] active entities, admission window (least recently used entities) with proportions [initial = 0.01, min = 0.01, max = 1.0] adapting with hill-climbing optimizer [adjust multiplier = 10.0, initial step = 0.0625, restart threshold = 0.05, step decay = 0.98], admit using frequency sketch [width multiplier = 4, reset multiplier = 10.0, depth = 4, counter bits = 4], main (least recently used entities (segmented with [2] levels with proportions of [0.20, 0.80]))
08:05:09.266 INFO  a.c.s.ClusterSingletonManager - Singleton manager starting singleton actor [akka://akka-runtime/system/sharding/passivation-race-entityCoordinator/singleton]
08:05:09.266 INFO  a.c.s.ClusterSingletonManager - ClusterSingletonManager state change [Start -> Oldest]
08:05:09.266 DEBUG a.c.sharding.DDataShardCoordinator - passivation-race-entity: Initial coordinator is empty.
08:05:09.266 INFO  a.c.sharding.DDataShardCoordinator - passivation-race-entity: ShardCoordinator was moved to the active state with [0] shards
08:05:09.268 DEBUG a.c.singleton.ClusterSingletonProxy - Forwarding message of type [SchemaSingleton$ExecDdl] to current singleton instance at [akka://akka-runtime/system/singletonManagerschemaSingleton/schemaSingleton]
08:05:09.269 INFO  akka.runtime.DiscoveryManager - Service components: EventSourcedEntity: [1], Consumer: [2], View: [1]
08:05:09.271 INFO  a.c.s.typed.scaladsl.ClusterSharding - Starting Shard Region [_timer]...
08:05:09.272 INFO  a.c.s.typed.scaladsl.ClusterSharding - Starting Shard Region [sharded-daemon-process-eventSourcedProjection-passivation-race-entity-passivation-race-consumer-a]...
08:05:09.272 INFO  a.c.s.ClusterSingletonManager - Singleton manager starting singleton actor [akka://akka-runtime/system/sharding/_timerCoordinator/singleton]
08:05:09.272 INFO  a.c.s.ClusterSingletonManager - ClusterSingletonManager state change [Start -> Oldest]
08:05:09.272 INFO  akka.cluster.sharding.ShardRegion - sharded-daemon-process-eventSourcedProjection-passivation-race-entity-passivation-race-consumer-a: Automatic entity passivation: disabled
08:05:09.273 DEBUG a.c.sharding.DDataShardCoordinator - _timer: Starting remember entities store from provider akka.cluster.sharding.internal.DDataRememberEntitiesProvider@279e5883
08:05:09.273 DEBUG a.c.sharding.DDataShardCoordinator - _timer: Initial coordinator is empty.
08:05:09.273 INFO  a.c.sharding.DDataShardCoordinator - _timer: ShardCoordinator was moved to the active state with [0] shards
08:05:09.273 DEBUG a.c.sharding.DDataShardCoordinator - _timer: Received [0] remembered shard ids (after state initialized)
08:05:09.273 INFO  a.c.s.ClusterSingletonManager - Singleton manager starting singleton actor [akka://akka-runtime/system/sharding/sharded-daemon-process-eventSourcedProjection-passivation-race-entity-passivation-race-consumer-aCoordinator/singleton]
08:05:09.273 INFO  a.c.s.ClusterSingletonManager - ClusterSingletonManager state change [Start -> Oldest]
08:05:09.273 INFO  a.c.s.typed.scaladsl.ClusterSharding - Starting Shard Region [sharded-daemon-process-eventSourcedProjection-passivation-race-entity-passivation-race-consumer-b]...
08:05:09.273 DEBUG a.c.singleton.ClusterSingletonProxy - Creating singleton identification timer...
08:05:09.273 DEBUG a.c.singleton.ClusterSingletonProxy - Trying to identify singleton at [akka://akka-runtime@127.0.0.1:62955/system/singletonManagerShardedDaemonProcessCoordinator-eventSourcedProjection-passivation-race-entity-passivation-race-consumer-a/ShardedDaemonProcessCoordinator-eventSourcedProjection-passivation-race-entity-passivation-race-consumer-a]
08:05:09.274 DEBUG a.c.sharding.DDataShardCoordinator - sharded-daemon-process-eventSourcedProjection-passivation-race-entity-passivation-race-consumer-a: Initial coordinator is empty.
08:05:09.274 INFO  a.c.sharding.DDataShardCoordinator - sharded-daemon-process-eventSourcedProjection-passivation-race-entity-passivation-race-consumer-a: ShardCoordinator was moved to the active state with [0] shards
08:05:09.274 INFO  akka.cluster.sharding.ShardRegion - sharded-daemon-process-eventSourcedProjection-passivation-race-entity-passivation-race-consumer-b: Automatic entity passivation: disabled
08:05:09.274 INFO  a.c.s.typed.scaladsl.ClusterSharding - Starting Shard Region [sharded-daemon-process-eventSourcedProjection-passivation-race-entity-passivation-race-view]...
08:05:09.274 INFO  akka.cluster.sharding.ShardRegion - sharded-daemon-process-eventSourcedProjection-passivation-race-entity-passivation-race-view: Automatic entity passivation: disabled
08:05:09.274 DEBUG a.c.singleton.ClusterSingletonProxy - Creating singleton identification timer...
08:05:09.274 DEBUG a.c.singleton.ClusterSingletonProxy - Trying to identify singleton at [akka://akka-runtime@127.0.0.1:62955/system/singletonManagerShardedDaemonProcessCoordinator-eventSourcedProjection-passivation-race-entity-passivation-race-consumer-b/ShardedDaemonProcessCoordinator-eventSourcedProjection-passivation-race-entity-passivation-race-consumer-b]
08:05:09.274 INFO  a.c.s.ClusterSingletonManager - Singleton manager starting singleton actor [akka://akka-runtime/system/singletonManagerShardedDaemonProcessCoordinator-eventSourcedProjection-passivation-race-entity-passivation-race-consumer-a/ShardedDaemonProcessCoordinator-eventSourcedProjection-passivation-race-entity-passivation-race-consumer-a]
08:05:09.274 INFO  a.c.s.ClusterSingletonManager - Singleton manager starting singleton actor [akka://akka-runtime/system/sharding/sharded-daemon-process-eventSourcedProjection-passivation-race-entity-passivation-race-consumer-bCoordinator/singleton]
08:05:09.274 INFO  a.c.s.ClusterSingletonManager - ClusterSingletonManager state change [Start -> Oldest]
08:05:09.274 INFO  a.c.s.ClusterSingletonManager - ClusterSingletonManager state change [Start -> Oldest]
08:05:09.274 DEBUG a.c.singleton.ClusterSingletonProxy - Creating singleton identification timer...
08:05:09.274 DEBUG a.c.s.t.i.ShardedDaemonProcessCoordinator$ - ShardedDaemonProcessCoordinator for [eventSourcedProjection-passivation-race-entity-passivation-race-consumer-a] starting
08:05:09.274 DEBUG a.c.singleton.ClusterSingletonProxy - Trying to identify singleton at [akka://akka-runtime@127.0.0.1:62955/system/singletonManagerShardedDaemonProcessCoordinator-eventSourcedProjection-passivation-race-entity-passivation-race-view/ShardedDaemonProcessCoordinator-eventSourcedProjection-passivation-race-entity-passivation-race-view]
08:05:09.274 INFO  a.c.s.ClusterSingletonManager - Singleton manager starting singleton actor [akka://akka-runtime/system/singletonManagerShardedDaemonProcessCoordinator-eventSourcedProjection-passivation-race-entity-passivation-race-consumer-b/ShardedDaemonProcessCoordinator-eventSourcedProjection-passivation-race-entity-passivation-race-consumer-b]
08:05:09.275 INFO  a.c.s.ClusterSingletonManager - ClusterSingletonManager state change [Start -> Oldest]
08:05:09.275 DEBUG a.c.s.t.i.ShardedDaemonProcessCoordinator$ - eventSourcedProjection-passivation-race-entity-passivation-race-consumer-a: No previous state stored for Sharded Daemon Process
08:05:09.275 DEBUG a.c.sharding.DDataShardCoordinator - sharded-daemon-process-eventSourcedProjection-passivation-race-entity-passivation-race-consumer-b: Initial coordinator is empty.
08:05:09.275 INFO  a.c.sharding.DDataShardCoordinator - sharded-daemon-process-eventSourcedProjection-passivation-race-entity-passivation-race-consumer-b: ShardCoordinator was moved to the active state with [0] shards
08:05:09.275 DEBUG a.c.s.t.i.ShardedDaemonProcessCoordinator$ - Sending periodic keep alive for Sharded Daemon Process [eventSourcedProjection-passivation-race-entity-passivation-race-consumer-a] to [1] processes (revision [0]).
08:05:09.274 DEBUG a.c.s.t.i.ShardedDaemonProcessCoordinator$ - ShardedDaemonProcessCoordinator for [eventSourcedProjection-passivation-race-entity-passivation-race-consumer-b] starting
08:05:09.275 DEBUG a.c.s.t.i.ShardedDaemonProcessCoordinator$ - eventSourcedProjection-passivation-race-entity-passivation-race-consumer-b: No previous state stored for Sharded Daemon Process
08:05:09.275 DEBUG a.c.s.t.i.ShardedDaemonProcessCoordinator$ - Sending periodic keep alive for Sharded Daemon Process [eventSourcedProjection-passivation-race-entity-passivation-race-consumer-b] to [1] processes (revision [0]).
08:05:09.275 INFO  a.c.s.ClusterSingletonManager - Singleton manager starting singleton actor [akka://akka-runtime/system/sharding/sharded-daemon-process-eventSourcedProjection-passivation-race-entity-passivation-race-viewCoordinator/singleton]
08:05:09.275 INFO  a.c.s.ClusterSingletonManager - ClusterSingletonManager state change [Start -> Oldest]
08:05:09.275 INFO  a.c.s.ClusterSingletonManager - Singleton manager starting singleton actor [akka://akka-runtime/system/singletonManagerShardedDaemonProcessCoordinator-eventSourcedProjection-passivation-race-entity-passivation-race-view/ShardedDaemonProcessCoordinator-eventSourcedProjection-passivation-race-entity-passivation-race-view]
08:05:09.275 INFO  a.c.s.ClusterSingletonManager - ClusterSingletonManager state change [Start -> Oldest]
08:05:09.275 DEBUG a.c.sharding.DDataShardCoordinator - sharded-daemon-process-eventSourcedProjection-passivation-race-entity-passivation-race-view: Initial coordinator is empty.
08:05:09.275 INFO  a.c.sharding.DDataShardCoordinator - sharded-daemon-process-eventSourcedProjection-passivation-race-entity-passivation-race-view: ShardCoordinator was moved to the active state with [0] shards
08:05:09.275 DEBUG a.c.s.t.i.ShardedDaemonProcessCoordinator$ - ShardedDaemonProcessCoordinator for [eventSourcedProjection-passivation-race-entity-passivation-race-view] starting
08:05:09.275 DEBUG a.c.s.t.i.ShardedDaemonProcessCoordinator$ - eventSourcedProjection-passivation-race-entity-passivation-race-view: No previous state stored for Sharded Daemon Process
08:05:09.275 DEBUG a.c.s.t.i.ShardedDaemonProcessCoordinator$ - Sending periodic keep alive for Sharded Daemon Process [eventSourcedProjection-passivation-race-entity-passivation-race-view] to [1] processes (revision [0]).
08:05:09.275 INFO  akka.runtime.DiscoveryManager - Akka Runtime started at 127.0.0.1:62953
08:05:09.275 INFO  repro.Bootstrap - onStartup burst of 8 starting
08:05:09.318 INFO  akka.javasdk.testkit.TestKit - Runtime started
08:05:09.318 INFO  akka.actor.CoordinatedShutdown - Running CoordinatedShutdown with reason [ActorSystemTerminateReason]
08:05:09.318 DEBUG akka.actor.CoordinatedShutdown - Performing phase [before-service-unbind] with [0] tasks
08:05:09.318 DEBUG akka.actor.CoordinatedShutdown - Performing phase [service-unbind] with [1] tasks.
08:05:09.318 DEBUG akka.actor.CoordinatedShutdown - Performing task [http-unbind-/127.0.0.1:62953] in CoordinatedShutdown phase [service-unbind]
08:05:09.319 DEBUG akka.actor.CoordinatedShutdown - Performing phase [service-requests-done] with [1] tasks.
08:05:09.319 DEBUG akka.actor.CoordinatedShutdown - Performing task [http-terminate-/127.0.0.1:62953] in CoordinatedShutdown phase [service-requests-done]
08:05:09.319 DEBUG akka.actor.CoordinatedShutdown - Performing phase [service-stop] with [1] tasks.
08:05:09.319 DEBUG akka.actor.CoordinatedShutdown - Performing task [stop-grpc-clients] in CoordinatedShutdown phase [service-stop]
08:05:09.319 DEBUG akka.actor.CoordinatedShutdown - Performing phase [before-cluster-shutdown] with [0] tasks
08:05:09.319 DEBUG akka.actor.CoordinatedShutdown - Performing phase [cluster-sharding-shutdown-region] with [5] tasks.
08:05:09.319 DEBUG akka.actor.CoordinatedShutdown - Performing task [region-shutdown] in CoordinatedShutdown phase [cluster-sharding-shutdown-region]
08:05:09.319 DEBUG akka.actor.CoordinatedShutdown - Performing task [region-shutdown] in CoordinatedShutdown phase [cluster-sharding-shutdown-region]
08:05:09.319 DEBUG akka.actor.CoordinatedShutdown - Performing task [region-shutdown] in CoordinatedShutdown phase [cluster-sharding-shutdown-region]
08:05:09.319 DEBUG akka.actor.CoordinatedShutdown - Performing task [region-shutdown] in CoordinatedShutdown phase [cluster-sharding-shutdown-region]
08:05:09.319 DEBUG akka.actor.CoordinatedShutdown - Performing task [region-shutdown] in CoordinatedShutdown phase [cluster-sharding-shutdown-region]
08:05:09.319 DEBUG a.c.sharding.DDataShardCoordinator - sharded-daemon-process-eventSourcedProjection-passivation-race-entity-passivation-race-view: Unknown region requested graceful shutdown [Actor[akka://akka-runtime/system/sharding/sharded-daemon-process-eventSourcedProjection-passivation-race-entity-passivation-race-view#840307860]]
08:05:09.319 DEBUG a.c.sharding.DDataShardCoordinator - sharded-daemon-process-eventSourcedProjection-passivation-race-entity-passivation-race-consumer-b: Unknown region requested graceful shutdown [Actor[akka://akka-runtime/system/sharding/sharded-daemon-process-eventSourcedProjection-passivation-race-entity-passivation-race-consumer-b#-780199181]]
08:05:09.319 DEBUG a.c.sharding.DDataShardCoordinator - _timer: Unknown region requested graceful shutdown [Actor[akka://akka-runtime/system/sharding/_timer#1055653480]]
08:05:09.319 DEBUG a.c.sharding.DDataShardCoordinator - passivation-race-entity: Unknown region requested graceful shutdown [Actor[akka://akka-runtime/system/sharding/passivation-race-entity#-2140631876]]
08:05:09.319 DEBUG a.c.sharding.DDataShardCoordinator - sharded-daemon-process-eventSourcedProjection-passivation-race-entity-passivation-race-consumer-a: Unknown region requested graceful shutdown [Actor[akka://akka-runtime/system/sharding/sharded-daemon-process-eventSourcedProjection-passivation-race-entity-passivation-race-consumer-a#1026430177]]
08:05:09.334 DEBUG a.c.singleton.ClusterSingletonProxy - Trying to identify singleton at [akka://akka-runtime@127.0.0.1:62955/system/singletonManagerShardedDaemonProcessCoordinator-eventSourcedProjection-passivation-race-entity-passivation-race-consumer-a/ShardedDaemonProcessCoordinator-eventSourcedProjection-passivation-race-entity-passivation-race-consumer-a]
08:05:09.334 DEBUG a.c.singleton.ClusterSingletonProxy - Trying to identify singleton at [akka://akka-runtime@127.0.0.1:62955/system/singletonManagerShardedDaemonProcessCoordinator-eventSourcedProjection-passivation-race-entity-passivation-race-view/ShardedDaemonProcessCoordinator-eventSourcedProjection-passivation-race-entity-passivation-race-view]
08:05:09.334 DEBUG a.c.singleton.ClusterSingletonProxy - Trying to identify singleton at [akka://akka-runtime@127.0.0.1:62955/system/singletonManagerShardedDaemonProcessCoordinator-eventSourcedProjection-passivation-race-entity-passivation-race-consumer-b/ShardedDaemonProcessCoordinator-eventSourcedProjection-passivation-race-entity-passivation-race-consumer-b]
08:05:09.334 INFO  a.c.singleton.ClusterSingletonProxy - Singleton identified at [akka://akka-runtime/system/singletonManagerShardedDaemonProcessCoordinator-eventSourcedProjection-passivation-race-entity-passivation-race-view/ShardedDaemonProcessCoordinator-eventSourcedProjection-passivation-race-entity-passivation-race-view]
08:05:09.334 INFO  a.c.singleton.ClusterSingletonProxy - Singleton identified at [akka://akka-runtime/system/singletonManagerShardedDaemonProcessCoordinator-eventSourcedProjection-passivation-race-entity-passivation-race-consumer-a/ShardedDaemonProcessCoordinator-eventSourcedProjection-passivation-race-entity-passivation-race-consumer-a]
08:05:09.334 DEBUG a.c.singleton.ClusterSingletonProxy - Sending buffered messages to current singleton instance
08:05:09.334 DEBUG a.c.singleton.ClusterSingletonProxy - Sending buffered messages to current singleton instance
08:05:09.334 INFO  a.c.singleton.ClusterSingletonProxy - Singleton identified at [akka://akka-runtime/system/singletonManagerShardedDaemonProcessCoordinator-eventSourcedProjection-passivation-race-entity-passivation-race-consumer-b/ShardedDaemonProcessCoordinator-eventSourcedProjection-passivation-race-entity-passivation-race-consumer-b]
08:05:09.334 DEBUG a.c.singleton.ClusterSingletonProxy - Sending buffered messages to current singleton instance
08:05:09.535 DEBUG a.c.sharding.DDataShardCoordinator - passivation-race-entity: ShardRegion registered: [Actor[akka://akka-runtime/system/sharding/passivation-race-entity#-2140631876]]
08:05:09.536 DEBUG a.c.sharding.DDataShardCoordinator - sharded-daemon-process-eventSourcedProjection-passivation-race-entity-passivation-race-consumer-a: ShardRegion registered: [Actor[akka://akka-runtime/system/sharding/sharded-daemon-process-eventSourcedProjection-passivation-race-entity-passivation-race-consumer-a#1026430177]]
08:05:09.536 DEBUG a.c.sharding.DDataShardCoordinator - sharded-daemon-process-eventSourcedProjection-passivation-race-entity-passivation-race-consumer-b: ShardRegion registered: [Actor[akka://akka-runtime/system/sharding/sharded-daemon-process-eventSourcedProjection-passivation-race-entity-passivation-race-consumer-b#-780199181]]
08:05:09.536 DEBUG a.c.sharding.DDataShardCoordinator - sharded-daemon-process-eventSourcedProjection-passivation-race-entity-passivation-race-view: ShardRegion registered: [Actor[akka://akka-runtime/system/sharding/sharded-daemon-process-eventSourcedProjection-passivation-race-entity-passivation-race-view#840307860]]
08:05:09.536 DEBUG a.c.sharding.DDataShardCoordinator - sharded-daemon-process-eventSourcedProjection-passivation-race-entity-passivation-race-consumer-b: The coordinator state was successfully updated with ShardRegionRegistered(Actor[akka://akka-runtime/system/sharding/sharded-daemon-process-eventSourcedProjection-passivation-race-entity-passivation-race-consumer-b#-780199181])
08:05:09.536 DEBUG a.c.sharding.DDataShardCoordinator - sharded-daemon-process-eventSourcedProjection-passivation-race-entity-passivation-race-view: The coordinator state was successfully updated with ShardRegionRegistered(Actor[akka://akka-runtime/system/sharding/sharded-daemon-process-eventSourcedProjection-passivation-race-entity-passivation-race-view#840307860])
08:05:09.536 DEBUG a.c.sharding.DDataShardCoordinator - sharded-daemon-process-eventSourcedProjection-passivation-race-entity-passivation-race-consumer-a: The coordinator state was successfully updated with ShardRegionRegistered(Actor[akka://akka-runtime/system/sharding/sharded-daemon-process-eventSourcedProjection-passivation-race-entity-passivation-race-consumer-a#1026430177])
08:05:09.536 DEBUG a.c.sharding.DDataShardCoordinator - passivation-race-entity: The coordinator state was successfully updated with ShardRegionRegistered(Actor[akka://akka-runtime/system/sharding/passivation-race-entity#-2140631876])
08:05:09.537 DEBUG a.c.sharding.DDataShardCoordinator - sharded-daemon-process-eventSourcedProjection-passivation-race-entity-passivation-race-consumer-a: The coordinator state was successfully updated with ShardHomeAllocated(0,Actor[akka://akka-runtime/system/sharding/sharded-daemon-process-eventSourcedProjection-passivation-race-entity-passivation-race-consumer-a#1026430177])
08:05:09.537 DEBUG a.c.sharding.DDataShardCoordinator - sharded-daemon-process-eventSourcedProjection-passivation-race-entity-passivation-race-view: The coordinator state was successfully updated with ShardHomeAllocated(0,Actor[akka://akka-runtime/system/sharding/sharded-daemon-process-eventSourcedProjection-passivation-race-entity-passivation-race-view#840307860])
08:05:09.537 DEBUG a.c.sharding.DDataShardCoordinator - sharded-daemon-process-eventSourcedProjection-passivation-race-entity-passivation-race-consumer-b: The coordinator state was successfully updated with ShardHomeAllocated(0,Actor[akka://akka-runtime/system/sharding/sharded-daemon-process-eventSourcedProjection-passivation-race-entity-passivation-race-consumer-b#-780199181])
08:05:09.537 DEBUG a.c.sharding.DDataShardCoordinator - passivation-race-entity: The coordinator state was successfully updated with ShardHomeAllocated(139,Actor[akka://akka-runtime/system/sharding/passivation-race-entity#-2140631876])
08:05:09.537 DEBUG a.c.sharding.DDataShardCoordinator - sharded-daemon-process-eventSourcedProjection-passivation-race-entity-passivation-race-consumer-a: Shard [0] allocated at [Actor[akka://akka-runtime/system/sharding/sharded-daemon-process-eventSourcedProjection-passivation-race-entity-passivation-race-consumer-a#1026430177]]
08:05:09.537 DEBUG a.c.sharding.DDataShardCoordinator - sharded-daemon-process-eventSourcedProjection-passivation-race-entity-passivation-race-consumer-b: Shard [0] allocated at [Actor[akka://akka-runtime/system/sharding/sharded-daemon-process-eventSourcedProjection-passivation-race-entity-passivation-race-consumer-b#-780199181]]
08:05:09.537 DEBUG a.c.sharding.DDataShardCoordinator - passivation-race-entity: Shard [139] allocated at [Actor[akka://akka-runtime/system/sharding/passivation-race-entity#-2140631876]]
08:05:09.537 DEBUG a.c.sharding.DDataShardCoordinator - sharded-daemon-process-eventSourcedProjection-passivation-race-entity-passivation-race-consumer-a: Graceful shutdown of region [Actor[akka://akka-runtime/system/sharding/sharded-daemon-process-eventSourcedProjection-passivation-race-entity-passivation-race-consumer-a#1026430177]] with [1] shards
08:05:09.537 INFO  a.c.sharding.DDataShardCoordinator - sharded-daemon-process-eventSourcedProjection-passivation-race-entity-passivation-race-consumer-a: Starting shutting down shards [0] due to region shutting down or explicit stopping of shards.
08:05:09.537 DEBUG a.c.sharding.DDataShardCoordinator - sharded-daemon-process-eventSourcedProjection-passivation-race-entity-passivation-race-view: Shard [0] allocated at [Actor[akka://akka-runtime/system/sharding/sharded-daemon-process-eventSourcedProjection-passivation-race-entity-passivation-race-view#840307860]]
08:05:09.537 DEBUG a.c.sharding.DDataShardCoordinator - sharded-daemon-process-eventSourcedProjection-passivation-race-entity-passivation-race-consumer-b: Graceful shutdown of region [Actor[akka://akka-runtime/system/sharding/sharded-daemon-process-eventSourcedProjection-passivation-race-entity-passivation-race-consumer-b#-780199181]] with [1] shards
08:05:09.537 INFO  a.c.sharding.DDataShardCoordinator - sharded-daemon-process-eventSourcedProjection-passivation-race-entity-passivation-race-consumer-b: Starting shutting down shards [0] due to region shutting down or explicit stopping of shards.
08:05:09.538 DEBUG a.c.s.ShardCoordinator$RebalanceWorker - sharded-daemon-process-eventSourcedProjection-passivation-race-entity-passivation-race-consumer-b: Shutting down shard [0] from region [Actor[akka://akka-runtime/system/sharding/sharded-daemon-process-eventSourcedProjection-passivation-race-entity-passivation-race-consumer-b#-780199181]]. Asking [1] region(s) to hand-off shard
08:05:09.538 DEBUG a.c.s.ShardCoordinator$RebalanceWorker - sharded-daemon-process-eventSourcedProjection-passivation-race-entity-passivation-race-consumer-a: Shutting down shard [0] from region [Actor[akka://akka-runtime/system/sharding/sharded-daemon-process-eventSourcedProjection-passivation-race-entity-passivation-race-consumer-a#1026430177]]. Asking [1] region(s) to hand-off shard
08:05:09.538 DEBUG a.c.sharding.DDataShardCoordinator - sharded-daemon-process-eventSourcedProjection-passivation-race-entity-passivation-race-view: Graceful shutdown of region [Actor[akka://akka-runtime/system/sharding/sharded-daemon-process-eventSourcedProjection-passivation-race-entity-passivation-race-view#840307860]] with [1] shards
08:05:09.538 INFO  a.c.sharding.DDataShardCoordinator - sharded-daemon-process-eventSourcedProjection-passivation-race-entity-passivation-race-view: Starting shutting down shards [0] due to region shutting down or explicit stopping of shards.
08:05:09.538 DEBUG a.c.s.ShardCoordinator$RebalanceWorker - sharded-daemon-process-eventSourcedProjection-passivation-race-entity-passivation-race-consumer-a: BeginHandOffAck for shard [0] received from [Actor[akka://akka-runtime/system/sharding/sharded-daemon-process-eventSourcedProjection-passivation-race-entity-passivation-race-consumer-a#1026430177]].
08:05:09.538 DEBUG akka.cluster.sharding.Shard - sharded-daemon-process-eventSourcedProjection-passivation-race-entity-passivation-race-consumer-a: Shard initialized
08:05:09.538 DEBUG a.c.s.ShardCoordinator$RebalanceWorker - sharded-daemon-process-eventSourcedProjection-passivation-race-entity-passivation-race-consumer-a: All shard regions acked, handing off shard [0].
08:05:09.538 DEBUG akka.cluster.sharding.Shard - sharded-daemon-process-eventSourcedProjection-passivation-race-entity-passivation-race-consumer-b: Shard initialized
08:05:09.538 DEBUG a.c.s.ShardCoordinator$RebalanceWorker - sharded-daemon-process-eventSourcedProjection-passivation-race-entity-passivation-race-consumer-b: BeginHandOffAck for shard [0] received from [Actor[akka://akka-runtime/system/sharding/sharded-daemon-process-eventSourcedProjection-passivation-race-entity-passivation-race-consumer-b#-780199181]].
08:05:09.538 DEBUG akka.cluster.sharding.Shard - sharded-daemon-process-eventSourcedProjection-passivation-race-entity-passivation-race-view: Shard initialized
08:05:09.538 DEBUG a.c.s.ShardCoordinator$RebalanceWorker - sharded-daemon-process-eventSourcedProjection-passivation-race-entity-passivation-race-consumer-b: All shard regions acked, handing off shard [0].
08:05:09.538 DEBUG a.c.sharding.DDataShardCoordinator - passivation-race-entity: Graceful shutdown of region [Actor[akka://akka-runtime/system/sharding/passivation-race-entity#-2140631876]] with [1] shards
08:05:09.538 INFO  a.c.sharding.DDataShardCoordinator - passivation-race-entity: Starting shutting down shards [139] due to region shutting down or explicit stopping of shards.
08:05:09.538 DEBUG a.c.s.ShardCoordinator$RebalanceWorker - sharded-daemon-process-eventSourcedProjection-passivation-race-entity-passivation-race-view: Shutting down shard [0] from region [Actor[akka://akka-runtime/system/sharding/sharded-daemon-process-eventSourcedProjection-passivation-race-entity-passivation-race-view#840307860]]. Asking [1] region(s) to hand-off shard
08:05:09.538 DEBUG akka.cluster.sharding.Shard - sharded-daemon-process-eventSourcedProjection-passivation-race-entity-passivation-race-consumer-a: Request to start entity [0] and ack to [Some(Actor[akka://akka-runtime/deadLetters])]
08:05:09.538 DEBUG a.c.s.ShardCoordinator$RebalanceWorker - passivation-race-entity: Shutting down shard [139] from region [Actor[akka://akka-runtime/system/sharding/passivation-race-entity#-2140631876]]. Asking [1] region(s) to hand-off shard
08:05:09.538 DEBUG akka.cluster.sharding.Shard - sharded-daemon-process-eventSourcedProjection-passivation-race-entity-passivation-race-view: Request to start entity [0] and ack to [Some(Actor[akka://akka-runtime/deadLetters])]
08:05:09.538 DEBUG akka.cluster.sharding.Shard - sharded-daemon-process-eventSourcedProjection-passivation-race-entity-passivation-race-consumer-b: Request to start entity [0] and ack to [Some(Actor[akka://akka-runtime/deadLetters])]
08:05:09.538 DEBUG a.c.s.ShardCoordinator$RebalanceWorker - sharded-daemon-process-eventSourcedProjection-passivation-race-entity-passivation-race-view: BeginHandOffAck for shard [0] received from [Actor[akka://akka-runtime/system/sharding/sharded-daemon-process-eventSourcedProjection-passivation-race-entity-passivation-race-view#840307860]].
08:05:09.538 DEBUG a.c.s.ShardCoordinator$RebalanceWorker - sharded-daemon-process-eventSourcedProjection-passivation-race-entity-passivation-race-view: All shard regions acked, handing off shard [0].
08:05:09.538 DEBUG akka.cluster.sharding.Shard - sharded-daemon-process-eventSourcedProjection-passivation-race-entity-passivation-race-view: Started entity [Actor[akka://akka-runtime/system/sharding/sharded-daemon-process-eventSourcedProjection-passivation-race-entity-passivation-race-view/0/0#1534041254]] with entity id [0] in shard [0]
08:05:09.538 DEBUG akka.cluster.sharding.Shard - sharded-daemon-process-eventSourcedProjection-passivation-race-entity-passivation-race-consumer-b: Started entity [Actor[akka://akka-runtime/system/sharding/sharded-daemon-process-eventSourcedProjection-passivation-race-entity-passivation-race-consumer-b/0/0#1014561217]] with entity id [0] in shard [0]
08:05:09.538 DEBUG akka.cluster.sharding.Shard - sharded-daemon-process-eventSourcedProjection-passivation-race-entity-passivation-race-consumer-a: Started entity [Actor[akka://akka-runtime/system/sharding/sharded-daemon-process-eventSourcedProjection-passivation-race-entity-passivation-race-consumer-a/0/0#-2133717222]] with entity id [0] in shard [0]
08:05:09.538 DEBUG akka.cluster.sharding.Shard - sharded-daemon-process-eventSourcedProjection-passivation-race-entity-passivation-race-consumer-b: HandOff shard [0]
08:05:09.538 DEBUG akka.cluster.sharding.Shard - sharded-daemon-process-eventSourcedProjection-passivation-race-entity-passivation-race-view: HandOff shard [0]
08:05:09.538 DEBUG akka.cluster.sharding.Shard - sharded-daemon-process-eventSourcedProjection-passivation-race-entity-passivation-race-consumer-a: HandOff shard [0]
08:05:09.538 DEBUG a.c.s.t.i.ShardedDaemonProcessState$ - eventSourcedProjection-passivation-race-entity-passivation-race-view: Deferred start of worker to verify its revision [0] is the latest
08:05:09.538 DEBUG a.c.s.t.i.ShardedDaemonProcessState$ - eventSourcedProjection-passivation-race-entity-passivation-race-consumer-b: Deferred start of worker to verify its revision [0] is the latest
08:05:09.538 INFO  a.c.s.t.i.ShardedDaemonProcessState$ - eventSourcedProjection-passivation-race-entity-passivation-race-consumer-b: Starting Sharded Daemon Process [0] out of a total [1] (revision [0] and no state found)
08:05:09.538 DEBUG akka.cluster.sharding.Shard - sharded-daemon-process-eventSourcedProjection-passivation-race-entity-passivation-race-consumer-b: Starting HandOffStopper for shard [0] to terminate [1] entities.
08:05:09.538 DEBUG akka.cluster.sharding.Shard - sharded-daemon-process-eventSourcedProjection-passivation-race-entity-passivation-race-view: Starting HandOffStopper for shard [0] to terminate [1] entities.
08:05:09.538 DEBUG akka.cluster.sharding.Shard - sharded-daemon-process-eventSourcedProjection-passivation-race-entity-passivation-race-consumer-a: Starting HandOffStopper for shard [0] to terminate [1] entities.
08:05:09.538 DEBUG a.c.s.ShardCoordinator$RebalanceWorker - passivation-race-entity: BeginHandOffAck for shard [139] received from [Actor[akka://akka-runtime/system/sharding/passivation-race-entity#-2140631876]].
08:05:09.538 DEBUG a.c.s.ShardCoordinator$RebalanceWorker - passivation-race-entity: All shard regions acked, handing off shard [139].
08:05:09.538 WARN  akka.cluster.sharding.ShardRegion - passivation-race-entity: Dropping [1] buffered messages to shard [139] during hand off to avoid re-ordering
08:05:09.539 DEBUG akka.cluster.sharding.Shard - passivation-race-entity: Shard initialized
08:05:09.539 DEBUG akka.cluster.sharding.Shard - passivation-race-entity: HandOff shard [139]
08:05:09.539 DEBUG akka.cluster.sharding.Shard - passivation-race-entity: Shard [139] shutting down
08:05:09.538 DEBUG a.c.s.t.i.ShardedDaemonProcessState$ - eventSourcedProjection-passivation-race-entity-passivation-race-consumer-a: Deferred start of worker to verify its revision [0] is the latest
08:05:09.540 INFO  a.c.s.t.i.ShardedDaemonProcessState$ - eventSourcedProjection-passivation-race-entity-passivation-race-consumer-a: Starting Sharded Daemon Process [0] out of a total [1] (revision [0] and no state found)
08:05:09.541 DEBUG a.c.sharding.DDataShardCoordinator - passivation-race-entity: ShardRegion stopped: [Actor[akka://akka-runtime/system/sharding/passivation-race-entity#-2140631876]]
08:05:09.541 DEBUG a.c.sharding.DDataShardCoordinator - passivation-race-entity: ShardRegion terminated (gracefully): [Actor[akka://akka-runtime/system/sharding/passivation-race-entity#-2140631876]] {}
08:05:09.541 DEBUG a.c.sharding.DDataShardCoordinator - passivation-race-entity: GetShardHome [139] request from [Actor[akka://local/ignore]] deferred, because rebalance is in progress for this shard. It will be handled when rebalance is done.
08:05:09.541 DEBUG a.c.sharding.DDataShardCoordinator - passivation-race-entity: The coordinator state was successfully updated with ShardRegionTerminated(Actor[akka://akka-runtime/system/sharding/passivation-race-entity#-2140631876])
08:05:09.541 DEBUG a.c.sharding.DDataShardCoordinator - passivation-race-entity: Shard [139] deallocation completed successfully.
08:05:09.538 INFO  a.c.s.t.i.ShardedDaemonProcessState$ - eventSourcedProjection-passivation-race-entity-passivation-race-view: Starting Sharded Daemon Process [0] out of a total [1] (revision [0] and no state found)
08:05:10.305 WARN  a.c.s.ShardRegion$HandOffStopper - sharded-daemon-process-eventSourcedProjection-passivation-race-entity-passivation-race-view: [1] of the entities in shard [0] not stopped after [750 milliseconds]. Maybe the handOffStopMessage [akka.projection.ProjectionBehavior$Stop$] is not handled? Waiting additional [250 milliseconds] before stopping the remaining entities.
08:05:10.306 WARN  a.c.s.ShardRegion$HandOffStopper - sharded-daemon-process-eventSourcedProjection-passivation-race-entity-passivation-race-consumer-b: [1] of the entities in shard [0] not stopped after [750 milliseconds]. Maybe the handOffStopMessage [akka.projection.ProjectionBehavior$Stop$] is not handled? Waiting additional [250 milliseconds] before stopping the remaining entities.
08:05:10.306 WARN  a.c.s.ShardRegion$HandOffStopper - sharded-daemon-process-eventSourcedProjection-passivation-race-entity-passivation-race-consumer-a: [1] of the entities in shard [0] not stopped after [750 milliseconds]. Maybe the handOffStopMessage [akka.projection.ProjectionBehavior$Stop$] is not handled? Waiting additional [250 milliseconds] before stopping the remaining entities.
08:05:10.556 WARN  a.c.s.ShardRegion$HandOffStopper - sharded-daemon-process-eventSourcedProjection-passivation-race-entity-passivation-race-view: HandOffStopMessage [akka.projection.ProjectionBehavior$Stop$] is not handled by some of the entities in shard [0] after [1 second], stopping the remaining [1] entities.
08:05:10.556 WARN  a.c.s.ShardRegion$HandOffStopper - sharded-daemon-process-eventSourcedProjection-passivation-race-entity-passivation-race-consumer-a: HandOffStopMessage [akka.projection.ProjectionBehavior$Stop$] is not handled by some of the entities in shard [0] after [1 second], stopping the remaining [1] entities.
08:05:10.556 WARN  a.c.s.ShardRegion$HandOffStopper - sharded-daemon-process-eventSourcedProjection-passivation-race-entity-passivation-race-consumer-b: HandOffStopMessage [akka.projection.ProjectionBehavior$Stop$] is not handled by some of the entities in shard [0] after [1 second], stopping the remaining [1] entities.
08:05:10.556 DEBUG akka.cluster.sharding.Shard - sharded-daemon-process-eventSourcedProjection-passivation-race-entity-passivation-race-consumer-b: Shard [0] shutting down
08:05:10.556 DEBUG akka.cluster.sharding.Shard - sharded-daemon-process-eventSourcedProjection-passivation-race-entity-passivation-race-consumer-a: Shard [0] shutting down
08:05:10.556 DEBUG akka.cluster.sharding.Shard - sharded-daemon-process-eventSourcedProjection-passivation-race-entity-passivation-race-view: Shard [0] shutting down
08:05:10.556 DEBUG a.c.sharding.DDataShardCoordinator - sharded-daemon-process-eventSourcedProjection-passivation-race-entity-passivation-race-view: Shard [0] deallocation completed successfully.
08:05:10.557 DEBUG a.c.sharding.DDataShardCoordinator - sharded-daemon-process-eventSourcedProjection-passivation-race-entity-passivation-race-consumer-a: Shard [0] deallocation completed successfully.
08:05:10.557 DEBUG a.c.sharding.DDataShardCoordinator - sharded-daemon-process-eventSourcedProjection-passivation-race-entity-passivation-race-consumer-b: Shard [0] deallocation completed successfully.
08:05:10.557 DEBUG akka.actor.CoordinatedShutdown - Performing phase [cluster-leave] with [1] tasks.
08:05:10.557 DEBUG akka.actor.CoordinatedShutdown - Performing task [leave] in CoordinatedShutdown phase [cluster-leave]
08:05:10.558 DEBUG a.c.sharding.DDataShardCoordinator - sharded-daemon-process-eventSourcedProjection-passivation-race-entity-passivation-race-consumer-b: The coordinator state was successfully updated with ShardHomeDeallocated(0)
08:05:10.558 DEBUG a.c.sharding.DDataShardCoordinator - sharded-daemon-process-eventSourcedProjection-passivation-race-entity-passivation-race-consumer-b: Shard [0] deallocated after
08:05:10.558 DEBUG a.c.sharding.DDataShardCoordinator - sharded-daemon-process-eventSourcedProjection-passivation-race-entity-passivation-race-consumer-b: ShardRegion terminated (gracefully): [Actor[akka://akka-runtime/system/sharding/sharded-daemon-process-eventSourcedProjection-passivation-race-entity-passivation-race-consumer-b#-780199181]] {}
08:05:10.559 DEBUG a.c.sharding.DDataShardCoordinator - sharded-daemon-process-eventSourcedProjection-passivation-race-entity-passivation-race-consumer-a: The coordinator state was successfully updated with ShardHomeDeallocated(0)
08:05:10.559 DEBUG a.c.sharding.DDataShardCoordinator - sharded-daemon-process-eventSourcedProjection-passivation-race-entity-passivation-race-consumer-a: Shard [0] deallocated after
08:05:10.559 DEBUG a.c.sharding.DDataShardCoordinator - sharded-daemon-process-eventSourcedProjection-passivation-race-entity-passivation-race-consumer-a: ShardRegion terminated (gracefully): [Actor[akka://akka-runtime/system/sharding/sharded-daemon-process-eventSourcedProjection-passivation-race-entity-passivation-race-consumer-a#1026430177]] {}
08:05:10.559 DEBUG a.c.sharding.DDataShardCoordinator - sharded-daemon-process-eventSourcedProjection-passivation-race-entity-passivation-race-consumer-b: GetShardHome [0] request from [Actor[akka://local/ignore]] stashed, because waiting for initial state or update of state. It will be handled afterwards.
08:05:10.559 DEBUG a.c.sharding.DDataShardCoordinator - sharded-daemon-process-eventSourcedProjection-passivation-race-entity-passivation-race-consumer-b: The coordinator state was successfully updated with ShardRegionTerminated(Actor[akka://akka-runtime/system/sharding/sharded-daemon-process-eventSourcedProjection-passivation-race-entity-passivation-race-consumer-b#-780199181])
08:05:10.559 DEBUG a.c.sharding.DDataShardCoordinator - sharded-daemon-process-eventSourcedProjection-passivation-race-entity-passivation-race-consumer-b: ShardRegion stopped: [Actor[akka://akka-runtime/system/sharding/sharded-daemon-process-eventSourcedProjection-passivation-race-entity-passivation-race-consumer-b#-780199181]]
08:05:10.559 DEBUG a.c.sharding.DDataShardCoordinator - sharded-daemon-process-eventSourcedProjection-passivation-race-entity-passivation-race-view: The coordinator state was successfully updated with ShardHomeDeallocated(0)
08:05:10.559 DEBUG a.c.sharding.DDataShardCoordinator - sharded-daemon-process-eventSourcedProjection-passivation-race-entity-passivation-race-view: Shard [0] deallocated after
08:05:10.559 DEBUG a.c.sharding.DDataShardCoordinator - sharded-daemon-process-eventSourcedProjection-passivation-race-entity-passivation-race-view: ShardRegion terminated (gracefully): [Actor[akka://akka-runtime/system/sharding/sharded-daemon-process-eventSourcedProjection-passivation-race-entity-passivation-race-view#840307860]] {}
08:05:10.559 DEBUG a.c.sharding.DDataShardCoordinator - sharded-daemon-process-eventSourcedProjection-passivation-race-entity-passivation-race-consumer-a: GetShardHome [0] request from [Actor[akka://local/ignore]] stashed, because waiting for initial state or update of state. It will be handled afterwards.
08:05:10.559 DEBUG a.c.sharding.DDataShardCoordinator - sharded-daemon-process-eventSourcedProjection-passivation-race-entity-passivation-race-consumer-a: The coordinator state was successfully updated with ShardRegionTerminated(Actor[akka://akka-runtime/system/sharding/sharded-daemon-process-eventSourcedProjection-passivation-race-entity-passivation-race-consumer-a#1026430177])
08:05:10.559 DEBUG a.c.sharding.DDataShardCoordinator - sharded-daemon-process-eventSourcedProjection-passivation-race-entity-passivation-race-consumer-a: ShardRegion stopped: [Actor[akka://akka-runtime/system/sharding/sharded-daemon-process-eventSourcedProjection-passivation-race-entity-passivation-race-consumer-a#1026430177]]
08:05:10.559 DEBUG a.c.sharding.DDataShardCoordinator - sharded-daemon-process-eventSourcedProjection-passivation-race-entity-passivation-race-view: GetShardHome [0] request from [Actor[akka://local/ignore]] stashed, because waiting for initial state or update of state. It will be handled afterwards.
08:05:10.559 DEBUG a.c.sharding.DDataShardCoordinator - sharded-daemon-process-eventSourcedProjection-passivation-race-entity-passivation-race-view: The coordinator state was successfully updated with ShardRegionTerminated(Actor[akka://akka-runtime/system/sharding/sharded-daemon-process-eventSourcedProjection-passivation-race-entity-passivation-race-view#840307860])
08:05:10.560 DEBUG a.c.sharding.DDataShardCoordinator - sharded-daemon-process-eventSourcedProjection-passivation-race-entity-passivation-race-view: ShardRegion stopped: [Actor[akka://akka-runtime/system/sharding/sharded-daemon-process-eventSourcedProjection-passivation-race-entity-passivation-race-view#840307860]]
08:05:10.560 DEBUG akka.actor.CoordinatedShutdown - Performing phase [cluster-exiting] with [28] tasks.
08:05:10.560 DEBUG akka.actor.CoordinatedShutdown - Performing task [wait-singleton-exiting] in CoordinatedShutdown phase [cluster-exiting]
08:05:10.560 DEBUG akka.actor.CoordinatedShutdown - Performing task [singleton-exiting-2] in CoordinatedShutdown phase [cluster-exiting]
08:05:10.560 DEBUG akka.actor.CoordinatedShutdown - Performing task [wait-singleton-exiting] in CoordinatedShutdown phase [cluster-exiting]
08:05:10.560 DEBUG akka.actor.CoordinatedShutdown - Performing task [singleton-exiting-1] in CoordinatedShutdown phase [cluster-exiting]
08:05:10.560 INFO  a.c.s.ClusterSingletonManager - Exited [akka://akka-runtime@127.0.0.1:62955].
08:05:10.560 DEBUG akka.actor.CoordinatedShutdown - Performing task [singleton-exiting-1] in CoordinatedShutdown phase [cluster-exiting]
08:05:10.560 DEBUG akka.actor.CoordinatedShutdown - Performing task [singleton-exiting-1] in CoordinatedShutdown phase [cluster-exiting]
08:05:10.561 DEBUG akka.actor.CoordinatedShutdown - Performing task [singleton-exiting-1] in CoordinatedShutdown phase [cluster-exiting]
08:05:10.561 DEBUG akka.actor.CoordinatedShutdown - Performing task [wait-singleton-exiting] in CoordinatedShutdown phase [cluster-exiting]
08:05:10.561 DEBUG akka.actor.CoordinatedShutdown - Performing task [singleton-exiting-1] in CoordinatedShutdown phase [cluster-exiting]
08:05:10.561 DEBUG akka.actor.CoordinatedShutdown - Performing task [singleton-exiting-1] in CoordinatedShutdown phase [cluster-exiting]
08:05:10.561 INFO  a.c.s.ClusterSingletonManager - Oldest observed OldestChanged: [akka://akka-runtime@127.0.0.1:62955 -> None]
08:05:10.561 INFO  a.c.s.ClusterSingletonManager - Oldest observed OldestChanged: [akka://akka-runtime@127.0.0.1:62955 -> None]
08:05:10.561 DEBUG akka.actor.CoordinatedShutdown - Performing task [wait-singleton-exiting] in CoordinatedShutdown phase [cluster-exiting]
08:05:10.561 DEBUG akka.actor.CoordinatedShutdown - Performing task [wait-singleton-exiting] in CoordinatedShutdown phase [cluster-exiting]
08:05:10.561 DEBUG akka.actor.CoordinatedShutdown - Performing task [wait-singleton-exiting] in CoordinatedShutdown phase [cluster-exiting]
08:05:10.561 DEBUG akka.actor.CoordinatedShutdown - Performing task [singleton-exiting-1] in CoordinatedShutdown phase [cluster-exiting]
08:05:10.561 DEBUG akka.actor.CoordinatedShutdown - Performing task [singleton-exiting-2] in CoordinatedShutdown phase [cluster-exiting]
08:05:10.561 INFO  a.c.s.ClusterSingletonManager - ClusterSingletonManager state change [Oldest -> WasOldest]
08:05:10.561 INFO  a.c.s.ClusterSingletonManager - ClusterSingletonManager state change [Oldest -> WasOldest]
08:05:10.561 DEBUG akka.actor.CoordinatedShutdown - Performing task [singleton-exiting-1] in CoordinatedShutdown phase [cluster-exiting]
08:05:10.561 DEBUG akka.actor.CoordinatedShutdown - Performing task [singleton-exiting-2] in CoordinatedShutdown phase [cluster-exiting]
08:05:10.561 DEBUG akka.actor.CoordinatedShutdown - Performing task [wait-singleton-exiting] in CoordinatedShutdown phase [cluster-exiting]
08:05:10.561 DEBUG akka.actor.CoordinatedShutdown - Performing task [singleton-exiting-2] in CoordinatedShutdown phase [cluster-exiting]
08:05:10.561 DEBUG akka.actor.CoordinatedShutdown - Performing task [wait-exiting] in CoordinatedShutdown phase [cluster-exiting]
08:05:10.561 DEBUG akka.actor.CoordinatedShutdown - Performing task [singleton-exiting-2] in CoordinatedShutdown phase [cluster-exiting]
08:05:10.561 INFO  a.c.s.ClusterSingletonManager - Oldest observed OldestChanged: [akka://akka-runtime@127.0.0.1:62955 -> None]
08:05:10.561 DEBUG akka.actor.CoordinatedShutdown - Performing task [singleton-exiting-1] in CoordinatedShutdown phase [cluster-exiting]
08:05:10.561 INFO  a.c.s.ClusterSingletonManager - ClusterSingletonManager state change [Oldest -> WasOldest]
08:05:10.561 DEBUG akka.actor.CoordinatedShutdown - Performing task [singleton-exiting-2] in CoordinatedShutdown phase [cluster-exiting]
08:05:10.561 DEBUG akka.actor.CoordinatedShutdown - Performing task [singleton-exiting-2] in CoordinatedShutdown phase [cluster-exiting]
08:05:10.561 INFO  a.c.s.ClusterSingletonManager - Exited [akka://akka-runtime@127.0.0.1:62955].
08:05:10.561 DEBUG akka.actor.CoordinatedShutdown - Performing task [singleton-exiting-2] in CoordinatedShutdown phase [cluster-exiting]
08:05:10.561 INFO  a.c.s.ClusterSingletonManager - Oldest observed OldestChanged: [akka://akka-runtime@127.0.0.1:62955 -> None]
08:05:10.561 DEBUG akka.actor.CoordinatedShutdown - Performing task [wait-singleton-exiting] in CoordinatedShutdown phase [cluster-exiting]
08:05:10.561 INFO  a.c.s.ClusterSingletonManager - ClusterSingletonManager state change [Oldest -> WasOldest]
08:05:10.561 DEBUG akka.actor.CoordinatedShutdown - Performing task [wait-singleton-exiting] in CoordinatedShutdown phase [cluster-exiting]
08:05:10.561 DEBUG akka.actor.CoordinatedShutdown - Performing task [singleton-exiting-2] in CoordinatedShutdown phase [cluster-exiting]
08:05:10.561 INFO  a.c.s.ClusterSingletonManager - Exited [akka://akka-runtime@127.0.0.1:62955].
08:05:10.561 INFO  a.c.s.ClusterSingletonManager - Exited [akka://akka-runtime@127.0.0.1:62955].
08:05:10.561 INFO  a.c.s.ClusterSingletonManager - Oldest observed OldestChanged: [akka://akka-runtime@127.0.0.1:62955 -> None]
08:05:10.561 INFO  a.c.s.ClusterSingletonManager - Oldest observed OldestChanged: [akka://akka-runtime@127.0.0.1:62955 -> None]
08:05:10.561 INFO  a.c.s.ClusterSingletonManager - ClusterSingletonManager state change [Oldest -> WasOldest]
08:05:10.561 INFO  a.c.s.ClusterSingletonManager - ClusterSingletonManager state change [Oldest -> WasOldest]
08:05:10.561 INFO  a.c.s.ClusterSingletonManager - Exited [akka://akka-runtime@127.0.0.1:62955].
08:05:10.561 INFO  a.c.s.ClusterSingletonManager - Exited [akka://akka-runtime@127.0.0.1:62955].
08:05:10.561 INFO  a.c.s.ClusterSingletonManager - Oldest observed OldestChanged: [akka://akka-runtime@127.0.0.1:62955 -> None]
08:05:10.561 INFO  a.c.s.ClusterSingletonManager - Oldest observed OldestChanged: [akka://akka-runtime@127.0.0.1:62955 -> None]
08:05:10.561 INFO  a.c.s.ClusterSingletonManager - ClusterSingletonManager state change [Oldest -> WasOldest]
08:05:10.561 INFO  a.c.s.ClusterSingletonManager - Exited [akka://akka-runtime@127.0.0.1:62955].
08:05:10.561 INFO  a.c.s.ClusterSingletonManager - ClusterSingletonManager state change [Oldest -> WasOldest]
08:05:10.561 INFO  a.c.s.ClusterSingletonManager - Exited [akka://akka-runtime@127.0.0.1:62955].
08:05:10.561 INFO  a.c.s.ClusterSingletonManager - Exited [akka://akka-runtime@127.0.0.1:62955].
08:05:10.561 INFO  a.c.s.ClusterSingletonManager - Oldest observed OldestChanged: [akka://akka-runtime@127.0.0.1:62955 -> None]
08:05:10.561 INFO  a.c.s.ClusterSingletonManager - ClusterSingletonManager state change [Oldest -> WasOldest]
08:05:11.184 DEBUG a.c.singleton.ClusterSingletonProxy - Creating singleton identification timer...
08:05:11.184 DEBUG a.c.singleton.ClusterSingletonProxy - Creating singleton identification timer...
08:05:11.184 DEBUG a.c.singleton.ClusterSingletonProxy - Creating singleton identification timer...
08:05:11.184 DEBUG a.c.singleton.ClusterSingletonProxy - Creating singleton identification timer...
08:05:11.576 INFO  a.c.s.ClusterSingletonManager - Singleton manager stopping singleton actor [akka://akka-runtime/system/sharding/sharded-daemon-process-eventSourcedProjection-passivation-race-entity-passivation-race-consumer-bCoordinator/singleton]
08:05:11.576 INFO  a.c.s.ClusterSingletonManager - Singleton manager stopping singleton actor [akka://akka-runtime/system/singletonManagerShardedDaemonProcessCoordinator-eventSourcedProjection-passivation-race-entity-passivation-race-consumer-a/ShardedDaemonProcessCoordinator-eventSourcedProjection-passivation-race-entity-passivation-race-consumer-a]
08:05:11.576 INFO  a.c.s.ClusterSingletonManager - Singleton manager stopping singleton actor [akka://akka-runtime/system/singletonManagerShardedDaemonProcessCoordinator-eventSourcedProjection-passivation-race-entity-passivation-race-consumer-b/ShardedDaemonProcessCoordinator-eventSourcedProjection-passivation-race-entity-passivation-race-consumer-b]
08:05:11.576 INFO  a.c.s.ClusterSingletonManager - Singleton manager stopping singleton actor [akka://akka-runtime/system/singletonManagerschemaSingleton/schemaSingleton]
08:05:11.576 INFO  a.c.s.ClusterSingletonManager - ClusterSingletonManager state change [WasOldest -> Stopping]
08:05:11.576 INFO  a.c.s.ClusterSingletonManager - ClusterSingletonManager state change [WasOldest -> Stopping]
08:05:11.576 INFO  a.c.s.ClusterSingletonManager - ClusterSingletonManager state change [WasOldest -> Stopping]
08:05:11.576 INFO  a.c.s.ClusterSingletonManager - ClusterSingletonManager state change [WasOldest -> Stopping]
08:05:11.576 INFO  a.c.s.ClusterSingletonManager - Singleton manager stopping singleton actor [akka://akka-runtime/system/sharding/sharded-daemon-process-eventSourcedProjection-passivation-race-entity-passivation-race-viewCoordinator/singleton]
08:05:11.576 INFO  a.c.s.ClusterSingletonManager - ClusterSingletonManager state change [WasOldest -> Stopping]
08:05:11.576 DEBUG a.c.sharding.DDataShardCoordinator - sharded-daemon-process-eventSourcedProjection-passivation-race-entity-passivation-race-view: Received termination message.
08:05:11.576 DEBUG a.c.sharding.DDataShardCoordinator - sharded-daemon-process-eventSourcedProjection-passivation-race-entity-passivation-race-consumer-b: Received termination message.
08:05:11.576 INFO  a.c.s.ClusterSingletonManager - Singleton actor [akka://akka-runtime/system/singletonManagerschemaSingleton/schemaSingleton] was terminated
08:05:11.576 INFO  a.c.s.ClusterSingletonManager - Singleton actor [akka://akka-runtime/system/singletonManagerShardedDaemonProcessCoordinator-eventSourcedProjection-passivation-race-entity-passivation-race-consumer-b/ShardedDaemonProcessCoordinator-eventSourcedProjection-passivation-race-entity-passivation-race-consumer-b] was terminated
08:05:11.576 INFO  a.c.s.ClusterSingletonManager - Singleton actor [akka://akka-runtime/system/singletonManagerShardedDaemonProcessCoordinator-eventSourcedProjection-passivation-race-entity-passivation-race-consumer-a/ShardedDaemonProcessCoordinator-eventSourcedProjection-passivation-race-entity-passivation-race-consumer-a] was terminated
08:05:11.576 INFO  a.c.s.ClusterSingletonManager - Singleton manager stopping singleton actor [akka://akka-runtime/system/sharding/_timerCoordinator/singleton]
08:05:11.576 INFO  a.c.s.ClusterSingletonManager - ClusterSingletonManager state change [WasOldest -> Stopping]
08:05:11.576 DEBUG a.c.sharding.DDataShardCoordinator - _timer: Received termination message.
08:05:11.576 INFO  a.c.s.ClusterSingletonManager - Singleton actor [akka://akka-runtime/system/sharding/sharded-daemon-process-eventSourcedProjection-passivation-race-entity-passivation-race-consumer-bCoordinator/singleton] was terminated
08:05:11.576 INFO  a.c.s.ClusterSingletonManager - Singleton actor [akka://akka-runtime/system/sharding/sharded-daemon-process-eventSourcedProjection-passivation-race-entity-passivation-race-viewCoordinator/singleton] was terminated
08:05:11.576 INFO  a.c.s.ClusterSingletonManager - Singleton manager stopping singleton actor [akka://akka-runtime/system/sharding/sharded-daemon-process-eventSourcedProjection-passivation-race-entity-passivation-race-consumer-aCoordinator/singleton]
08:05:11.576 INFO  a.c.s.ClusterSingletonManager - ClusterSingletonManager state change [WasOldest -> Stopping]
08:05:11.576 DEBUG a.c.sharding.DDataShardCoordinator - sharded-daemon-process-eventSourcedProjection-passivation-race-entity-passivation-race-consumer-a: Received termination message.
08:05:11.576 INFO  a.c.s.ClusterSingletonManager - Singleton actor [akka://akka-runtime/system/sharding/_timerCoordinator/singleton] was terminated
08:05:11.577 INFO  a.c.s.ClusterSingletonManager - Singleton manager stopping singleton actor [akka://akka-runtime/system/sharding/passivation-race-entityCoordinator/singleton]
08:05:11.577 INFO  a.c.s.ClusterSingletonManager - Singleton actor [akka://akka-runtime/system/sharding/sharded-daemon-process-eventSourcedProjection-passivation-race-entity-passivation-race-consumer-aCoordinator/singleton] was terminated
08:05:11.577 INFO  a.c.s.ClusterSingletonManager - ClusterSingletonManager state change [WasOldest -> Stopping]
08:05:11.577 INFO  a.c.s.ClusterSingletonManager - Singleton manager stopping singleton actor [akka://akka-runtime/system/singletonManagerShardedDaemonProcessCoordinator-eventSourcedProjection-passivation-race-entity-passivation-race-view/ShardedDaemonProcessCoordinator-eventSourcedProjection-passivation-race-entity-passivation-race-view]
08:05:11.577 INFO  a.c.s.ClusterSingletonManager - ClusterSingletonManager state change [WasOldest -> Stopping]
08:05:11.577 DEBUG a.c.sharding.DDataShardCoordinator - passivation-race-entity: Received termination message.
08:05:11.577 INFO  a.c.s.ClusterSingletonManager - Singleton actor [akka://akka-runtime/system/singletonManagerShardedDaemonProcessCoordinator-eventSourcedProjection-passivation-race-entity-passivation-race-view/ShardedDaemonProcessCoordinator-eventSourcedProjection-passivation-race-entity-passivation-race-view] was terminated
08:05:11.577 INFO  a.c.s.ClusterSingletonManager - Singleton actor [akka://akka-runtime/system/sharding/passivation-race-entityCoordinator/singleton] was terminated
08:05:11.577 DEBUG akka.actor.CoordinatedShutdown - Performing phase [cluster-exiting-done] with [1] tasks.
08:05:11.577 DEBUG akka.actor.CoordinatedShutdown - Performing task [exiting-completed] in CoordinatedShutdown phase [cluster-exiting-done]
08:05:11.577 DEBUG akka.actor.CoordinatedShutdown - Performing phase [cluster-shutdown] with [1] tasks.
08:05:11.577 DEBUG akka.actor.CoordinatedShutdown - Performing task [wait-shutdown] in CoordinatedShutdown phase [cluster-shutdown]
08:05:11.578 DEBUG akka.actor.CoordinatedShutdown - Performing phase [before-actor-system-terminate] with [2] tasks.
08:05:11.578 DEBUG akka.actor.CoordinatedShutdown - Performing task [close connection pools] in CoordinatedShutdown phase [before-actor-system-terminate]
08:05:11.578 DEBUG akka.actor.CoordinatedShutdown - Performing task [close-grpc-channels] in CoordinatedShutdown phase [before-actor-system-terminate]
08:05:11.579 DEBUG akka.actor.CoordinatedShutdown - Performing phase [actor-system-terminate] with [1] tasks.
08:05:11.579 DEBUG akka.actor.CoordinatedShutdown - Performing task [terminate-system] in CoordinatedShutdown phase [actor-system-terminate]
08:05:11.630 INFO  akka.runtime.AkkaRuntimeMain - Starting Akka Runtime version [1.6.15]
08:05:11.637 INFO  akka.javasdk.impl.ComponentLocator$ - Looking for component descriptors matching pattern [META-INF/akka-javasdk-components_*.conf]
08:05:11.642 INFO  akka.javasdk.testkit.TestKit - Eventing TestKit booting up on port: 62959
08:05:11.644 DEBUG a.c.singleton.ClusterSingletonProxy - Creating singleton identification timer...
08:05:11.644 DEBUG a.c.singleton.ClusterSingletonProxy - Trying to identify singleton at [akka://akka-runtime@127.0.0.1:62960/system/singletonManagerschemaSingleton/schemaSingleton]
08:05:11.644 DEBUG a.c.singleton.ClusterSingletonProxy - Singleton not available, buffering message type [kalix.runtime.SchemaSingleton$ExecDdl]
08:05:11.644 INFO  a.c.s.ClusterSingletonManager - Singleton manager starting singleton actor [akka://akka-runtime/system/singletonManagerschemaSingleton/schemaSingleton]
08:05:11.644 INFO  a.c.s.ClusterSingletonManager - ClusterSingletonManager state change [Start -> Oldest]
08:05:11.645 INFO  akka.javasdk.testkit.TestKit - Checking runtime status
08:05:11.711 DEBUG a.c.singleton.ClusterSingletonProxy - Trying to identify singleton at [akka://akka-runtime@127.0.0.1:62960/system/singletonManagerschemaSingleton/schemaSingleton]
08:05:11.711 INFO  a.c.singleton.ClusterSingletonProxy - Singleton identified at [akka://akka-runtime/system/singletonManagerschemaSingleton/schemaSingleton]
08:05:11.711 DEBUG a.c.singleton.ClusterSingletonProxy - Sending buffered messages to current singleton instance
08:05:11.712 INFO  a.c.s.typed.scaladsl.ClusterSharding - Starting Shard Region [passivation-race-entity]...
08:05:11.713 INFO  akka.cluster.sharding.ShardRegion - passivation-race-entity: Automatic entity passivation: composite strategy with limit of [10000] active entities, admission window (least recently used entities) with proportions [initial = 0.01, min = 0.01, max = 1.0] adapting with hill-climbing optimizer [adjust multiplier = 10.0, initial step = 0.0625, restart threshold = 0.05, step decay = 0.98], admit using frequency sketch [width multiplier = 4, reset multiplier = 10.0, depth = 4, counter bits = 4], main (least recently used entities (segmented with [2] levels with proportions of [0.20, 0.80]))
08:05:11.713 INFO  a.c.s.ClusterSingletonManager - Singleton manager starting singleton actor [akka://akka-runtime/system/sharding/passivation-race-entityCoordinator/singleton]
08:05:11.713 INFO  a.c.s.ClusterSingletonManager - ClusterSingletonManager state change [Start -> Oldest]
08:05:11.713 DEBUG a.c.sharding.DDataShardCoordinator - passivation-race-entity: Initial coordinator is empty.
08:05:11.713 INFO  a.c.sharding.DDataShardCoordinator - passivation-race-entity: ShardCoordinator was moved to the active state with [0] shards
08:05:11.714 DEBUG a.c.singleton.ClusterSingletonProxy - Forwarding message of type [SchemaSingleton$ExecDdl] to current singleton instance at [akka://akka-runtime/system/singletonManagerschemaSingleton/schemaSingleton]
08:05:11.715 INFO  akka.runtime.DiscoveryManager - Service components: EventSourcedEntity: [1], Consumer: [2], View: [1]
08:05:11.716 INFO  a.c.s.typed.scaladsl.ClusterSharding - Starting Shard Region [_timer]...
08:05:11.716 INFO  a.c.s.typed.scaladsl.ClusterSharding - Starting Shard Region [sharded-daemon-process-eventSourcedProjection-passivation-race-entity-passivation-race-consumer-a]...
08:05:11.716 INFO  a.c.s.ClusterSingletonManager - Singleton manager starting singleton actor [akka://akka-runtime/system/sharding/_timerCoordinator/singleton]
08:05:11.716 INFO  a.c.s.ClusterSingletonManager - ClusterSingletonManager state change [Start -> Oldest]
08:05:11.716 DEBUG a.c.sharding.DDataShardCoordinator - _timer: Starting remember entities store from provider akka.cluster.sharding.internal.DDataRememberEntitiesProvider@1c0e39ee
08:05:11.716 INFO  akka.cluster.sharding.ShardRegion - sharded-daemon-process-eventSourcedProjection-passivation-race-entity-passivation-race-consumer-a: Automatic entity passivation: disabled
08:05:11.717 DEBUG a.c.sharding.DDataShardCoordinator - _timer: Initial coordinator is empty.
08:05:11.717 INFO  a.c.sharding.DDataShardCoordinator - _timer: ShardCoordinator was moved to the active state with [0] shards
08:05:11.717 DEBUG a.c.sharding.DDataShardCoordinator - _timer: Received [0] remembered shard ids (after state initialized)
08:05:11.717 INFO  a.c.s.typed.scaladsl.ClusterSharding - Starting Shard Region [sharded-daemon-process-eventSourcedProjection-passivation-race-entity-passivation-race-consumer-b]...
08:05:11.717 DEBUG a.c.singleton.ClusterSingletonProxy - Creating singleton identification timer...
08:05:11.717 INFO  akka.cluster.sharding.ShardRegion - sharded-daemon-process-eventSourcedProjection-passivation-race-entity-passivation-race-consumer-b: Automatic entity passivation: disabled
08:05:11.717 DEBUG a.c.singleton.ClusterSingletonProxy - Trying to identify singleton at [akka://akka-runtime@127.0.0.1:62960/system/singletonManagerShardedDaemonProcessCoordinator-eventSourcedProjection-passivation-race-entity-passivation-race-consumer-a/ShardedDaemonProcessCoordinator-eventSourcedProjection-passivation-race-entity-passivation-race-consumer-a]
08:05:11.717 INFO  a.c.s.ClusterSingletonManager - Singleton manager starting singleton actor [akka://akka-runtime/system/sharding/sharded-daemon-process-eventSourcedProjection-passivation-race-entity-passivation-race-consumer-aCoordinator/singleton]
08:05:11.717 INFO  a.c.s.ClusterSingletonManager - ClusterSingletonManager state change [Start -> Oldest]
08:05:11.718 INFO  a.c.s.ClusterSingletonManager - Singleton manager starting singleton actor [akka://akka-runtime/system/singletonManagerShardedDaemonProcessCoordinator-eventSourcedProjection-passivation-race-entity-passivation-race-consumer-a/ShardedDaemonProcessCoordinator-eventSourcedProjection-passivation-race-entity-passivation-race-consumer-a]
08:05:11.718 DEBUG a.c.sharding.DDataShardCoordinator - sharded-daemon-process-eventSourcedProjection-passivation-race-entity-passivation-race-consumer-a: Initial coordinator is empty.
08:05:11.718 INFO  a.c.sharding.DDataShardCoordinator - sharded-daemon-process-eventSourcedProjection-passivation-race-entity-passivation-race-consumer-a: ShardCoordinator was moved to the active state with [0] shards
08:05:11.718 INFO  a.c.s.ClusterSingletonManager - ClusterSingletonManager state change [Start -> Oldest]
08:05:11.718 DEBUG a.c.s.t.i.ShardedDaemonProcessCoordinator$ - ShardedDaemonProcessCoordinator for [eventSourcedProjection-passivation-race-entity-passivation-race-consumer-a] starting
08:05:11.718 INFO  a.c.s.ClusterSingletonManager - Singleton manager starting singleton actor [akka://akka-runtime/system/sharding/sharded-daemon-process-eventSourcedProjection-passivation-race-entity-passivation-race-consumer-bCoordinator/singleton]
08:05:11.718 INFO  a.c.s.ClusterSingletonManager - ClusterSingletonManager state change [Start -> Oldest]
08:05:11.718 INFO  a.c.s.typed.scaladsl.ClusterSharding - Starting Shard Region [sharded-daemon-process-eventSourcedProjection-passivation-race-entity-passivation-race-view]...
08:05:11.718 DEBUG a.c.s.t.i.ShardedDaemonProcessCoordinator$ - eventSourcedProjection-passivation-race-entity-passivation-race-consumer-a: No previous state stored for Sharded Daemon Process
08:05:11.718 DEBUG a.c.s.t.i.ShardedDaemonProcessCoordinator$ - Sending periodic keep alive for Sharded Daemon Process [eventSourcedProjection-passivation-race-entity-passivation-race-consumer-a] to [1] processes (revision [0]).
08:05:11.718 DEBUG a.c.sharding.DDataShardCoordinator - sharded-daemon-process-eventSourcedProjection-passivation-race-entity-passivation-race-consumer-b: Initial coordinator is empty.
08:05:11.718 INFO  a.c.sharding.DDataShardCoordinator - sharded-daemon-process-eventSourcedProjection-passivation-race-entity-passivation-race-consumer-b: ShardCoordinator was moved to the active state with [0] shards
08:05:11.718 DEBUG a.c.singleton.ClusterSingletonProxy - Creating singleton identification timer...
08:05:11.718 DEBUG a.c.singleton.ClusterSingletonProxy - Trying to identify singleton at [akka://akka-runtime@127.0.0.1:62960/system/singletonManagerShardedDaemonProcessCoordinator-eventSourcedProjection-passivation-race-entity-passivation-race-consumer-b/ShardedDaemonProcessCoordinator-eventSourcedProjection-passivation-race-entity-passivation-race-consumer-b]
08:05:11.718 INFO  a.c.s.ClusterSingletonManager - Singleton manager starting singleton actor [akka://akka-runtime/system/singletonManagerShardedDaemonProcessCoordinator-eventSourcedProjection-passivation-race-entity-passivation-race-consumer-b/ShardedDaemonProcessCoordinator-eventSourcedProjection-passivation-race-entity-passivation-race-consumer-b]
08:05:11.718 INFO  a.c.s.ClusterSingletonManager - ClusterSingletonManager state change [Start -> Oldest]
08:05:11.718 INFO  akka.cluster.sharding.ShardRegion - sharded-daemon-process-eventSourcedProjection-passivation-race-entity-passivation-race-view: Automatic entity passivation: disabled
08:05:11.718 DEBUG a.c.s.t.i.ShardedDaemonProcessCoordinator$ - ShardedDaemonProcessCoordinator for [eventSourcedProjection-passivation-race-entity-passivation-race-consumer-b] starting
08:05:11.719 DEBUG a.c.s.t.i.ShardedDaemonProcessCoordinator$ - eventSourcedProjection-passivation-race-entity-passivation-race-consumer-b: No previous state stored for Sharded Daemon Process
08:05:11.719 DEBUG a.c.s.t.i.ShardedDaemonProcessCoordinator$ - Sending periodic keep alive for Sharded Daemon Process [eventSourcedProjection-passivation-race-entity-passivation-race-consumer-b] to [1] processes (revision [0]).
08:05:11.719 DEBUG a.c.singleton.ClusterSingletonProxy - Creating singleton identification timer...
08:05:11.719 DEBUG a.c.singleton.ClusterSingletonProxy - Trying to identify singleton at [akka://akka-runtime@127.0.0.1:62960/system/singletonManagerShardedDaemonProcessCoordinator-eventSourcedProjection-passivation-race-entity-passivation-race-view/ShardedDaemonProcessCoordinator-eventSourcedProjection-passivation-race-entity-passivation-race-view]
08:05:11.719 INFO  a.c.s.ClusterSingletonManager - Singleton manager starting singleton actor [akka://akka-runtime/system/sharding/sharded-daemon-process-eventSourcedProjection-passivation-race-entity-passivation-race-viewCoordinator/singleton]
08:05:11.719 INFO  a.c.s.ClusterSingletonManager - ClusterSingletonManager state change [Start -> Oldest]
08:05:11.719 INFO  akka.runtime.DiscoveryManager - Akka Runtime started at 127.0.0.1:62958
08:05:11.719 INFO  a.c.s.ClusterSingletonManager - Singleton manager starting singleton actor [akka://akka-runtime/system/singletonManagerShardedDaemonProcessCoordinator-eventSourcedProjection-passivation-race-entity-passivation-race-view/ShardedDaemonProcessCoordinator-eventSourcedProjection-passivation-race-entity-passivation-race-view]
08:05:11.719 INFO  a.c.s.ClusterSingletonManager - ClusterSingletonManager state change [Start -> Oldest]
08:05:11.719 DEBUG a.c.sharding.DDataShardCoordinator - sharded-daemon-process-eventSourcedProjection-passivation-race-entity-passivation-race-view: Initial coordinator is empty.
08:05:11.719 INFO  a.c.sharding.DDataShardCoordinator - sharded-daemon-process-eventSourcedProjection-passivation-race-entity-passivation-race-view: ShardCoordinator was moved to the active state with [0] shards
08:05:11.719 INFO  repro.Bootstrap - onStartup burst of 8 starting
08:05:11.719 DEBUG a.c.s.t.i.ShardedDaemonProcessCoordinator$ - ShardedDaemonProcessCoordinator for [eventSourcedProjection-passivation-race-entity-passivation-race-view] starting
08:05:11.719 DEBUG a.c.s.t.i.ShardedDaemonProcessCoordinator$ - eventSourcedProjection-passivation-race-entity-passivation-race-view: No previous state stored for Sharded Daemon Process
08:05:11.719 DEBUG a.c.s.t.i.ShardedDaemonProcessCoordinator$ - Sending periodic keep alive for Sharded Daemon Process [eventSourcedProjection-passivation-race-entity-passivation-race-view] to [1] processes (revision [0]).
08:05:11.773 INFO  akka.javasdk.testkit.TestKit - Runtime started
08:05:11.773 INFO  akka.actor.CoordinatedShutdown - Running CoordinatedShutdown with reason [ActorSystemTerminateReason]
08:05:11.773 DEBUG akka.actor.CoordinatedShutdown - Performing phase [before-service-unbind] with [0] tasks
08:05:11.773 DEBUG akka.actor.CoordinatedShutdown - Performing phase [service-unbind] with [1] tasks.
08:05:11.773 DEBUG akka.actor.CoordinatedShutdown - Performing task [http-unbind-/127.0.0.1:62958] in CoordinatedShutdown phase [service-unbind]
08:05:11.773 DEBUG akka.actor.CoordinatedShutdown - Performing phase [service-requests-done] with [1] tasks.
08:05:11.773 DEBUG akka.actor.CoordinatedShutdown - Performing task [http-terminate-/127.0.0.1:62958] in CoordinatedShutdown phase [service-requests-done]
08:05:11.773 DEBUG akka.actor.CoordinatedShutdown - Performing phase [service-stop] with [1] tasks.
08:05:11.773 DEBUG akka.actor.CoordinatedShutdown - Performing task [stop-grpc-clients] in CoordinatedShutdown phase [service-stop]
08:05:11.773 DEBUG akka.actor.CoordinatedShutdown - Performing phase [before-cluster-shutdown] with [0] tasks
08:05:11.774 DEBUG akka.actor.CoordinatedShutdown - Performing phase [cluster-sharding-shutdown-region] with [5] tasks.
08:05:11.774 DEBUG akka.actor.CoordinatedShutdown - Performing task [region-shutdown] in CoordinatedShutdown phase [cluster-sharding-shutdown-region]
08:05:11.774 DEBUG akka.actor.CoordinatedShutdown - Performing task [region-shutdown] in CoordinatedShutdown phase [cluster-sharding-shutdown-region]
08:05:11.774 DEBUG akka.actor.CoordinatedShutdown - Performing task [region-shutdown] in CoordinatedShutdown phase [cluster-sharding-shutdown-region]
08:05:11.774 DEBUG akka.actor.CoordinatedShutdown - Performing task [region-shutdown] in CoordinatedShutdown phase [cluster-sharding-shutdown-region]
08:05:11.774 DEBUG akka.actor.CoordinatedShutdown - Performing task [region-shutdown] in CoordinatedShutdown phase [cluster-sharding-shutdown-region]
08:05:11.774 DEBUG a.c.sharding.DDataShardCoordinator - passivation-race-entity: Unknown region requested graceful shutdown [Actor[akka://akka-runtime/system/sharding/passivation-race-entity#-1968067279]]
08:05:11.774 DEBUG a.c.sharding.DDataShardCoordinator - sharded-daemon-process-eventSourcedProjection-passivation-race-entity-passivation-race-consumer-b: Unknown region requested graceful shutdown [Actor[akka://akka-runtime/system/sharding/sharded-daemon-process-eventSourcedProjection-passivation-race-entity-passivation-race-consumer-b#-770647202]]
08:05:11.774 DEBUG a.c.sharding.DDataShardCoordinator - sharded-daemon-process-eventSourcedProjection-passivation-race-entity-passivation-race-view: Unknown region requested graceful shutdown [Actor[akka://akka-runtime/system/sharding/sharded-daemon-process-eventSourcedProjection-passivation-race-entity-passivation-race-view#1841790933]]
08:05:11.774 DEBUG a.c.sharding.DDataShardCoordinator - sharded-daemon-process-eventSourcedProjection-passivation-race-entity-passivation-race-consumer-a: Unknown region requested graceful shutdown [Actor[akka://akka-runtime/system/sharding/sharded-daemon-process-eventSourcedProjection-passivation-race-entity-passivation-race-consumer-a#1567961939]]
08:05:11.774 DEBUG a.c.sharding.DDataShardCoordinator - _timer: Unknown region requested graceful shutdown [Actor[akka://akka-runtime/system/sharding/_timer#-1611383950]]
08:05:11.781 DEBUG a.c.singleton.ClusterSingletonProxy - Trying to identify singleton at [akka://akka-runtime@127.0.0.1:62960/system/singletonManagerShardedDaemonProcessCoordinator-eventSourcedProjection-passivation-race-entity-passivation-race-consumer-a/ShardedDaemonProcessCoordinator-eventSourcedProjection-passivation-race-entity-passivation-race-consumer-a]
08:05:11.781 DEBUG a.c.singleton.ClusterSingletonProxy - Trying to identify singleton at [akka://akka-runtime@127.0.0.1:62960/system/singletonManagerShardedDaemonProcessCoordinator-eventSourcedProjection-passivation-race-entity-passivation-race-consumer-b/ShardedDaemonProcessCoordinator-eventSourcedProjection-passivation-race-entity-passivation-race-consumer-b]
08:05:11.781 DEBUG a.c.singleton.ClusterSingletonProxy - Trying to identify singleton at [akka://akka-runtime@127.0.0.1:62960/system/singletonManagerShardedDaemonProcessCoordinator-eventSourcedProjection-passivation-race-entity-passivation-race-view/ShardedDaemonProcessCoordinator-eventSourcedProjection-passivation-race-entity-passivation-race-view]
08:05:11.781 INFO  a.c.singleton.ClusterSingletonProxy - Singleton identified at [akka://akka-runtime/system/singletonManagerShardedDaemonProcessCoordinator-eventSourcedProjection-passivation-race-entity-passivation-race-consumer-b/ShardedDaemonProcessCoordinator-eventSourcedProjection-passivation-race-entity-passivation-race-consumer-b]
08:05:11.781 INFO  a.c.singleton.ClusterSingletonProxy - Singleton identified at [akka://akka-runtime/system/singletonManagerShardedDaemonProcessCoordinator-eventSourcedProjection-passivation-race-entity-passivation-race-view/ShardedDaemonProcessCoordinator-eventSourcedProjection-passivation-race-entity-passivation-race-view]
08:05:11.781 DEBUG a.c.singleton.ClusterSingletonProxy - Sending buffered messages to current singleton instance
08:05:11.781 DEBUG a.c.singleton.ClusterSingletonProxy - Sending buffered messages to current singleton instance
08:05:11.781 INFO  a.c.singleton.ClusterSingletonProxy - Singleton identified at [akka://akka-runtime/system/singletonManagerShardedDaemonProcessCoordinator-eventSourcedProjection-passivation-race-entity-passivation-race-consumer-a/ShardedDaemonProcessCoordinator-eventSourcedProjection-passivation-race-entity-passivation-race-consumer-a]
08:05:11.781 DEBUG a.c.singleton.ClusterSingletonProxy - Sending buffered messages to current singleton instance
08:05:11.979 DEBUG a.c.sharding.DDataShardCoordinator - sharded-daemon-process-eventSourcedProjection-passivation-race-entity-passivation-race-consumer-b: ShardRegion registered: [Actor[akka://akka-runtime/system/sharding/sharded-daemon-process-eventSourcedProjection-passivation-race-entity-passivation-race-consumer-b#-770647202]]
08:05:11.979 DEBUG a.c.sharding.DDataShardCoordinator - sharded-daemon-process-eventSourcedProjection-passivation-race-entity-passivation-race-view: ShardRegion registered: [Actor[akka://akka-runtime/system/sharding/sharded-daemon-process-eventSourcedProjection-passivation-race-entity-passivation-race-view#1841790933]]
08:05:11.979 DEBUG a.c.sharding.DDataShardCoordinator - sharded-daemon-process-eventSourcedProjection-passivation-race-entity-passivation-race-consumer-a: ShardRegion registered: [Actor[akka://akka-runtime/system/sharding/sharded-daemon-process-eventSourcedProjection-passivation-race-entity-passivation-race-consumer-a#1567961939]]
08:05:11.979 DEBUG a.c.sharding.DDataShardCoordinator - passivation-race-entity: ShardRegion registered: [Actor[akka://akka-runtime/system/sharding/passivation-race-entity#-1968067279]]
08:05:11.979 DEBUG a.c.sharding.DDataShardCoordinator - sharded-daemon-process-eventSourcedProjection-passivation-race-entity-passivation-race-consumer-b: The coordinator state was successfully updated with ShardRegionRegistered(Actor[akka://akka-runtime/system/sharding/sharded-daemon-process-eventSourcedProjection-passivation-race-entity-passivation-race-consumer-b#-770647202])
08:05:11.979 DEBUG a.c.sharding.DDataShardCoordinator - sharded-daemon-process-eventSourcedProjection-passivation-race-entity-passivation-race-view: The coordinator state was successfully updated with ShardRegionRegistered(Actor[akka://akka-runtime/system/sharding/sharded-daemon-process-eventSourcedProjection-passivation-race-entity-passivation-race-view#1841790933])
08:05:11.979 DEBUG a.c.sharding.DDataShardCoordinator - passivation-race-entity: The coordinator state was successfully updated with ShardRegionRegistered(Actor[akka://akka-runtime/system/sharding/passivation-race-entity#-1968067279])
08:05:11.979 DEBUG a.c.sharding.DDataShardCoordinator - sharded-daemon-process-eventSourcedProjection-passivation-race-entity-passivation-race-consumer-a: The coordinator state was successfully updated with ShardRegionRegistered(Actor[akka://akka-runtime/system/sharding/sharded-daemon-process-eventSourcedProjection-passivation-race-entity-passivation-race-consumer-a#1567961939])
08:05:11.980 DEBUG a.c.sharding.DDataShardCoordinator - sharded-daemon-process-eventSourcedProjection-passivation-race-entity-passivation-race-consumer-b: The coordinator state was successfully updated with ShardHomeAllocated(0,Actor[akka://akka-runtime/system/sharding/sharded-daemon-process-eventSourcedProjection-passivation-race-entity-passivation-race-consumer-b#-770647202])
08:05:11.980 DEBUG a.c.sharding.DDataShardCoordinator - passivation-race-entity: The coordinator state was successfully updated with ShardHomeAllocated(14,Actor[akka://akka-runtime/system/sharding/passivation-race-entity#-1968067279])
08:05:11.980 DEBUG a.c.sharding.DDataShardCoordinator - sharded-daemon-process-eventSourcedProjection-passivation-race-entity-passivation-race-consumer-b: Shard [0] allocated at [Actor[akka://akka-runtime/system/sharding/sharded-daemon-process-eventSourcedProjection-passivation-race-entity-passivation-race-consumer-b#-770647202]]
08:05:11.980 DEBUG a.c.sharding.DDataShardCoordinator - passivation-race-entity: Shard [14] allocated at [Actor[akka://akka-runtime/system/sharding/passivation-race-entity#-1968067279]]
08:05:11.980 DEBUG a.c.sharding.DDataShardCoordinator - sharded-daemon-process-eventSourcedProjection-passivation-race-entity-passivation-race-view: The coordinator state was successfully updated with ShardHomeAllocated(0,Actor[akka://akka-runtime/system/sharding/sharded-daemon-process-eventSourcedProjection-passivation-race-entity-passivation-race-view#1841790933])
08:05:11.980 DEBUG a.c.sharding.DDataShardCoordinator - sharded-daemon-process-eventSourcedProjection-passivation-race-entity-passivation-race-consumer-a: The coordinator state was successfully updated with ShardHomeAllocated(0,Actor[akka://akka-runtime/system/sharding/sharded-daemon-process-eventSourcedProjection-passivation-race-entity-passivation-race-consumer-a#1567961939])
08:05:11.980 DEBUG a.c.sharding.DDataShardCoordinator - sharded-daemon-process-eventSourcedProjection-passivation-race-entity-passivation-race-view: Shard [0] allocated at [Actor[akka://akka-runtime/system/sharding/sharded-daemon-process-eventSourcedProjection-passivation-race-entity-passivation-race-view#1841790933]]
08:05:11.980 DEBUG a.c.sharding.DDataShardCoordinator - sharded-daemon-process-eventSourcedProjection-passivation-race-entity-passivation-race-consumer-a: Shard [0] allocated at [Actor[akka://akka-runtime/system/sharding/sharded-daemon-process-eventSourcedProjection-passivation-race-entity-passivation-race-consumer-a#1567961939]]
08:05:11.980 DEBUG a.c.sharding.DDataShardCoordinator - sharded-daemon-process-eventSourcedProjection-passivation-race-entity-passivation-race-consumer-b: Graceful shutdown of region [Actor[akka://akka-runtime/system/sharding/sharded-daemon-process-eventSourcedProjection-passivation-race-entity-passivation-race-consumer-b#-770647202]] with [1] shards
08:05:11.981 INFO  a.c.sharding.DDataShardCoordinator - sharded-daemon-process-eventSourcedProjection-passivation-race-entity-passivation-race-consumer-b: Starting shutting down shards [0] due to region shutting down or explicit stopping of shards.
08:05:11.981 DEBUG a.c.sharding.DDataShardCoordinator - sharded-daemon-process-eventSourcedProjection-passivation-race-entity-passivation-race-consumer-a: Graceful shutdown of region [Actor[akka://akka-runtime/system/sharding/sharded-daemon-process-eventSourcedProjection-passivation-race-entity-passivation-race-consumer-a#1567961939]] with [1] shards
08:05:11.981 INFO  a.c.sharding.DDataShardCoordinator - sharded-daemon-process-eventSourcedProjection-passivation-race-entity-passivation-race-consumer-a: Starting shutting down shards [0] due to region shutting down or explicit stopping of shards.
08:05:11.981 DEBUG a.c.s.ShardCoordinator$RebalanceWorker - sharded-daemon-process-eventSourcedProjection-passivation-race-entity-passivation-race-consumer-a: Shutting down shard [0] from region [Actor[akka://akka-runtime/system/sharding/sharded-daemon-process-eventSourcedProjection-passivation-race-entity-passivation-race-consumer-a#1567961939]]. Asking [1] region(s) to hand-off shard
08:05:11.981 DEBUG akka.cluster.sharding.Shard - sharded-daemon-process-eventSourcedProjection-passivation-race-entity-passivation-race-consumer-b: Shard initialized
08:05:11.981 DEBUG akka.cluster.sharding.Shard - sharded-daemon-process-eventSourcedProjection-passivation-race-entity-passivation-race-consumer-a: Shard initialized
08:05:11.981 DEBUG a.c.s.ShardCoordinator$RebalanceWorker - sharded-daemon-process-eventSourcedProjection-passivation-race-entity-passivation-race-consumer-a: BeginHandOffAck for shard [0] received from [Actor[akka://akka-runtime/system/sharding/sharded-daemon-process-eventSourcedProjection-passivation-race-entity-passivation-race-consumer-a#1567961939]].
08:05:11.981 DEBUG a.c.s.ShardCoordinator$RebalanceWorker - sharded-daemon-process-eventSourcedProjection-passivation-race-entity-passivation-race-consumer-a: All shard regions acked, handing off shard [0].
08:05:11.981 DEBUG a.c.sharding.DDataShardCoordinator - passivation-race-entity: Graceful shutdown of region [Actor[akka://akka-runtime/system/sharding/passivation-race-entity#-1968067279]] with [1] shards
08:05:11.981 INFO  a.c.sharding.DDataShardCoordinator - passivation-race-entity: Starting shutting down shards [14] due to region shutting down or explicit stopping of shards.
08:05:11.981 DEBUG akka.cluster.sharding.Shard - sharded-daemon-process-eventSourcedProjection-passivation-race-entity-passivation-race-consumer-b: Request to start entity [0] and ack to [Some(Actor[akka://akka-runtime/deadLetters])]
08:05:11.981 DEBUG a.c.s.ShardCoordinator$RebalanceWorker - passivation-race-entity: Shutting down shard [14] from region [Actor[akka://akka-runtime/system/sharding/passivation-race-entity#-1968067279]]. Asking [1] region(s) to hand-off shard
08:05:11.981 DEBUG a.c.s.ShardCoordinator$RebalanceWorker - passivation-race-entity: BeginHandOffAck for shard [14] received from [Actor[akka://akka-runtime/system/sharding/passivation-race-entity#-1968067279]].
08:05:11.981 DEBUG a.c.s.t.i.ShardedDaemonProcessState$ - eventSourcedProjection-passivation-race-entity-passivation-race-consumer-b: Deferred start of worker to verify its revision [0] is the latest
08:05:11.981 DEBUG a.c.s.ShardCoordinator$RebalanceWorker - passivation-race-entity: All shard regions acked, handing off shard [14].
08:05:11.981 DEBUG akka.cluster.sharding.Shard - sharded-daemon-process-eventSourcedProjection-passivation-race-entity-passivation-race-consumer-b: Started entity [Actor[akka://akka-runtime/system/sharding/sharded-daemon-process-eventSourcedProjection-passivation-race-entity-passivation-race-consumer-b/0/0#-1263343543]] with entity id [0] in shard [0]
08:05:11.981 WARN  akka.cluster.sharding.ShardRegion - passivation-race-entity: Dropping [1] buffered messages to shard [14] during hand off to avoid re-ordering
08:05:11.981 DEBUG akka.cluster.sharding.Shard - passivation-race-entity: Shard initialized
08:05:11.981 DEBUG akka.cluster.sharding.Shard - passivation-race-entity: HandOff shard [14]
08:05:11.981 DEBUG a.c.sharding.DDataShardCoordinator - sharded-daemon-process-eventSourcedProjection-passivation-race-entity-passivation-race-view: Graceful shutdown of region [Actor[akka://akka-runtime/system/sharding/sharded-daemon-process-eventSourcedProjection-passivation-race-entity-passivation-race-view#1841790933]] with [1] shards
08:05:11.981 DEBUG akka.cluster.sharding.Shard - passivation-race-entity: Shard [14] shutting down
08:05:11.981 INFO  a.c.sharding.DDataShardCoordinator - sharded-daemon-process-eventSourcedProjection-passivation-race-entity-passivation-race-view: Starting shutting down shards [0] due to region shutting down or explicit stopping of shards.
08:05:11.981 DEBUG akka.cluster.sharding.Shard - sharded-daemon-process-eventSourcedProjection-passivation-race-entity-passivation-race-view: Shard initialized
08:05:11.981 DEBUG a.c.s.ShardCoordinator$RebalanceWorker - sharded-daemon-process-eventSourcedProjection-passivation-race-entity-passivation-race-view: Shutting down shard [0] from region [Actor[akka://akka-runtime/system/sharding/sharded-daemon-process-eventSourcedProjection-passivation-race-entity-passivation-race-view#1841790933]]. Asking [1] region(s) to hand-off shard
08:05:11.981 INFO  a.c.s.t.i.ShardedDaemonProcessState$ - eventSourcedProjection-passivation-race-entity-passivation-race-consumer-b: Starting Sharded Daemon Process [0] out of a total [1] (revision [0] and no state found)
08:05:11.981 DEBUG a.c.sharding.DDataShardCoordinator - passivation-race-entity: Shard [14] deallocation completed successfully.
08:05:11.981 DEBUG akka.cluster.sharding.Shard - sharded-daemon-process-eventSourcedProjection-passivation-race-entity-passivation-race-view: Request to start entity [0] and ack to [Some(Actor[akka://akka-runtime/deadLetters])]
08:05:11.981 DEBUG a.c.s.ShardCoordinator$RebalanceWorker - sharded-daemon-process-eventSourcedProjection-passivation-race-entity-passivation-race-view: BeginHandOffAck for shard [0] received from [Actor[akka://akka-runtime/system/sharding/sharded-daemon-process-eventSourcedProjection-passivation-race-entity-passivation-race-view#1841790933]].
08:05:11.981 DEBUG a.c.s.ShardCoordinator$RebalanceWorker - sharded-daemon-process-eventSourcedProjection-passivation-race-entity-passivation-race-view: All shard regions acked, handing off shard [0].
08:05:11.981 DEBUG akka.cluster.sharding.Shard - sharded-daemon-process-eventSourcedProjection-passivation-race-entity-passivation-race-view: Started entity [Actor[akka://akka-runtime/system/sharding/sharded-daemon-process-eventSourcedProjection-passivation-race-entity-passivation-race-view/0/0#-2036031668]] with entity id [0] in shard [0]
08:05:11.981 DEBUG akka.cluster.sharding.Shard - sharded-daemon-process-eventSourcedProjection-passivation-race-entity-passivation-race-view: HandOff shard [0]
08:05:11.981 DEBUG akka.cluster.sharding.Shard - sharded-daemon-process-eventSourcedProjection-passivation-race-entity-passivation-race-view: Starting HandOffStopper for shard [0] to terminate [1] entities.
08:05:11.981 DEBUG a.c.s.t.i.ShardedDaemonProcessState$ - eventSourcedProjection-passivation-race-entity-passivation-race-view: Deferred start of worker to verify its revision [0] is the latest
08:05:11.981 DEBUG a.c.sharding.DDataShardCoordinator - passivation-race-entity: The coordinator state was successfully updated with ShardHomeDeallocated(14)
08:05:11.981 DEBUG a.c.sharding.DDataShardCoordinator - passivation-race-entity: Shard [14] deallocated after
08:05:11.981 DEBUG a.c.s.ShardCoordinator$RebalanceWorker - sharded-daemon-process-eventSourcedProjection-passivation-race-entity-passivation-race-consumer-b: Shutting down shard [0] from region [Actor[akka://akka-runtime/system/sharding/sharded-daemon-process-eventSourcedProjection-passivation-race-entity-passivation-race-consumer-b#-770647202]]. Asking [1] region(s) to hand-off shard
08:05:11.981 DEBUG a.c.sharding.DDataShardCoordinator - passivation-race-entity: ShardRegion terminated (gracefully): [Actor[akka://akka-runtime/system/sharding/passivation-race-entity#-1968067279]] {}
08:05:11.981 DEBUG a.c.s.ShardCoordinator$RebalanceWorker - sharded-daemon-process-eventSourcedProjection-passivation-race-entity-passivation-race-consumer-b: BeginHandOffAck for shard [0] received from [Actor[akka://akka-runtime/system/sharding/sharded-daemon-process-eventSourcedProjection-passivation-race-entity-passivation-race-consumer-b#-770647202]].
08:05:11.982 DEBUG a.c.s.ShardCoordinator$RebalanceWorker - sharded-daemon-process-eventSourcedProjection-passivation-race-entity-passivation-race-consumer-b: All shard regions acked, handing off shard [0].
08:05:11.982 DEBUG a.c.sharding.DDataShardCoordinator - passivation-race-entity: GetShardHome [14] request from [Actor[akka://local/ignore]] stashed, because waiting for initial state or update of state. It will be handled afterwards.
08:05:11.982 INFO  a.c.s.t.i.ShardedDaemonProcessState$ - eventSourcedProjection-passivation-race-entity-passivation-race-view: Starting Sharded Daemon Process [0] out of a total [1] (revision [0] and no state found)
08:05:11.982 DEBUG akka.cluster.sharding.Shard - sharded-daemon-process-eventSourcedProjection-passivation-race-entity-passivation-race-consumer-b: HandOff shard [0]
08:05:11.982 DEBUG akka.cluster.sharding.Shard - sharded-daemon-process-eventSourcedProjection-passivation-race-entity-passivation-race-consumer-b: Starting HandOffStopper for shard [0] to terminate [1] entities.
08:05:11.982 DEBUG a.c.sharding.DDataShardCoordinator - passivation-race-entity: The coordinator state was successfully updated with ShardRegionTerminated(Actor[akka://akka-runtime/system/sharding/passivation-race-entity#-1968067279])
08:05:11.982 DEBUG akka.cluster.sharding.Shard - sharded-daemon-process-eventSourcedProjection-passivation-race-entity-passivation-race-consumer-a: Request to start entity [0] and ack to [Some(Actor[akka://akka-runtime/deadLetters])]
08:05:11.982 DEBUG a.c.sharding.DDataShardCoordinator - passivation-race-entity: ShardRegion stopped: [Actor[akka://akka-runtime/system/sharding/passivation-race-entity#-1968067279]]
08:05:11.982 DEBUG a.c.s.t.i.ShardedDaemonProcessState$ - eventSourcedProjection-passivation-race-entity-passivation-race-consumer-a: Deferred start of worker to verify its revision [0] is the latest
08:05:11.982 DEBUG akka.cluster.sharding.Shard - sharded-daemon-process-eventSourcedProjection-passivation-race-entity-passivation-race-consumer-a: Started entity [Actor[akka://akka-runtime/system/sharding/sharded-daemon-process-eventSourcedProjection-passivation-race-entity-passivation-race-consumer-a/0/0#-1469610046]] with entity id [0] in shard [0]
08:05:11.982 DEBUG akka.cluster.sharding.Shard - sharded-daemon-process-eventSourcedProjection-passivation-race-entity-passivation-race-consumer-a: HandOff shard [0]
08:05:11.982 DEBUG akka.cluster.sharding.Shard - sharded-daemon-process-eventSourcedProjection-passivation-race-entity-passivation-race-consumer-a: Starting HandOffStopper for shard [0] to terminate [1] entities.
08:05:11.982 INFO  a.c.s.t.i.ShardedDaemonProcessState$ - eventSourcedProjection-passivation-race-entity-passivation-race-consumer-a: Starting Sharded Daemon Process [0] out of a total [1] (revision [0] and no state found)
08:05:11.984 DEBUG akka.cluster.sharding.Shard - sharded-daemon-process-eventSourcedProjection-passivation-race-entity-passivation-race-consumer-b: Shard [0] shutting down
08:05:11.984 DEBUG a.c.sharding.DDataShardCoordinator - sharded-daemon-process-eventSourcedProjection-passivation-race-entity-passivation-race-consumer-b: Shard [0] deallocation completed successfully.
08:05:11.985 DEBUG a.c.sharding.DDataShardCoordinator - sharded-daemon-process-eventSourcedProjection-passivation-race-entity-passivation-race-consumer-b: The coordinator state was successfully updated with ShardHomeDeallocated(0)
08:05:11.985 DEBUG a.c.sharding.DDataShardCoordinator - sharded-daemon-process-eventSourcedProjection-passivation-race-entity-passivation-race-consumer-b: Shard [0] deallocated after
08:05:11.985 DEBUG a.c.sharding.DDataShardCoordinator - sharded-daemon-process-eventSourcedProjection-passivation-race-entity-passivation-race-consumer-b: ShardRegion terminated (gracefully): [Actor[akka://akka-runtime/system/sharding/sharded-daemon-process-eventSourcedProjection-passivation-race-entity-passivation-race-consumer-b#-770647202]] {}
08:05:11.985 DEBUG a.c.sharding.DDataShardCoordinator - sharded-daemon-process-eventSourcedProjection-passivation-race-entity-passivation-race-consumer-b: GetShardHome [0] request from [Actor[akka://local/ignore]] stashed, because waiting for initial state or update of state. It will be handled afterwards.
08:05:11.985 DEBUG a.c.sharding.DDataShardCoordinator - sharded-daemon-process-eventSourcedProjection-passivation-race-entity-passivation-race-consumer-b: The coordinator state was successfully updated with ShardRegionTerminated(Actor[akka://akka-runtime/system/sharding/sharded-daemon-process-eventSourcedProjection-passivation-race-entity-passivation-race-consumer-b#-770647202])
08:05:11.985 DEBUG a.c.sharding.DDataShardCoordinator - sharded-daemon-process-eventSourcedProjection-passivation-race-entity-passivation-race-consumer-b: ShardRegion stopped: [Actor[akka://akka-runtime/system/sharding/sharded-daemon-process-eventSourcedProjection-passivation-race-entity-passivation-race-consumer-b#-770647202]]
08:05:12.752 WARN  a.c.s.ShardRegion$HandOffStopper - sharded-daemon-process-eventSourcedProjection-passivation-race-entity-passivation-race-consumer-a: [1] of the entities in shard [0] not stopped after [750 milliseconds]. Maybe the handOffStopMessage [akka.projection.ProjectionBehavior$Stop$] is not handled? Waiting additional [250 milliseconds] before stopping the remaining entities.
08:05:12.752 WARN  a.c.s.ShardRegion$HandOffStopper - sharded-daemon-process-eventSourcedProjection-passivation-race-entity-passivation-race-view: [1] of the entities in shard [0] not stopped after [750 milliseconds]. Maybe the handOffStopMessage [akka.projection.ProjectionBehavior$Stop$] is not handled? Waiting additional [250 milliseconds] before stopping the remaining entities.
08:05:13.002 WARN  a.c.s.ShardRegion$HandOffStopper - sharded-daemon-process-eventSourcedProjection-passivation-race-entity-passivation-race-consumer-a: HandOffStopMessage [akka.projection.ProjectionBehavior$Stop$] is not handled by some of the entities in shard [0] after [1 second], stopping the remaining [1] entities.
08:05:13.002 WARN  a.c.s.ShardRegion$HandOffStopper - sharded-daemon-process-eventSourcedProjection-passivation-race-entity-passivation-race-view: HandOffStopMessage [akka.projection.ProjectionBehavior$Stop$] is not handled by some of the entities in shard [0] after [1 second], stopping the remaining [1] entities.
08:05:13.003 DEBUG akka.cluster.sharding.Shard - sharded-daemon-process-eventSourcedProjection-passivation-race-entity-passivation-race-view: Shard [0] shutting down
08:05:13.003 DEBUG akka.cluster.sharding.Shard - sharded-daemon-process-eventSourcedProjection-passivation-race-entity-passivation-race-consumer-a: Shard [0] shutting down
08:05:13.003 DEBUG a.c.sharding.DDataShardCoordinator - sharded-daemon-process-eventSourcedProjection-passivation-race-entity-passivation-race-view: Shard [0] deallocation completed successfully.
08:05:13.003 DEBUG a.c.sharding.DDataShardCoordinator - sharded-daemon-process-eventSourcedProjection-passivation-race-entity-passivation-race-consumer-a: Shard [0] deallocation completed successfully.
08:05:13.003 DEBUG akka.actor.CoordinatedShutdown - Performing phase [cluster-leave] with [1] tasks.
08:05:13.003 DEBUG akka.actor.CoordinatedShutdown - Performing task [leave] in CoordinatedShutdown phase [cluster-leave]
08:05:13.004 DEBUG a.c.sharding.DDataShardCoordinator - sharded-daemon-process-eventSourcedProjection-passivation-race-entity-passivation-race-view: The coordinator state was successfully updated with ShardHomeDeallocated(0)
08:05:13.004 DEBUG a.c.sharding.DDataShardCoordinator - sharded-daemon-process-eventSourcedProjection-passivation-race-entity-passivation-race-view: Shard [0] deallocated after
08:05:13.004 DEBUG a.c.sharding.DDataShardCoordinator - sharded-daemon-process-eventSourcedProjection-passivation-race-entity-passivation-race-view: ShardRegion terminated (gracefully): [Actor[akka://akka-runtime/system/sharding/sharded-daemon-process-eventSourcedProjection-passivation-race-entity-passivation-race-view#1841790933]] {}
08:05:13.004 DEBUG a.c.sharding.DDataShardCoordinator - sharded-daemon-process-eventSourcedProjection-passivation-race-entity-passivation-race-consumer-a: The coordinator state was successfully updated with ShardHomeDeallocated(0)
08:05:13.004 DEBUG a.c.sharding.DDataShardCoordinator - sharded-daemon-process-eventSourcedProjection-passivation-race-entity-passivation-race-consumer-a: Shard [0] deallocated after
08:05:13.004 DEBUG a.c.sharding.DDataShardCoordinator - sharded-daemon-process-eventSourcedProjection-passivation-race-entity-passivation-race-view: GetShardHome [0] request from [Actor[akka://local/ignore]] stashed, because waiting for initial state or update of state. It will be handled afterwards.
08:05:13.004 DEBUG a.c.sharding.DDataShardCoordinator - sharded-daemon-process-eventSourcedProjection-passivation-race-entity-passivation-race-consumer-a: ShardRegion terminated (gracefully): [Actor[akka://akka-runtime/system/sharding/sharded-daemon-process-eventSourcedProjection-passivation-race-entity-passivation-race-consumer-a#1567961939]] {}
08:05:13.004 DEBUG a.c.sharding.DDataShardCoordinator - sharded-daemon-process-eventSourcedProjection-passivation-race-entity-passivation-race-consumer-a: GetShardHome [0] request from [Actor[akka://local/ignore]] stashed, because waiting for initial state or update of state. It will be handled afterwards.
08:05:13.004 DEBUG a.c.sharding.DDataShardCoordinator - sharded-daemon-process-eventSourcedProjection-passivation-race-entity-passivation-race-view: The coordinator state was successfully updated with ShardRegionTerminated(Actor[akka://akka-runtime/system/sharding/sharded-daemon-process-eventSourcedProjection-passivation-race-entity-passivation-race-view#1841790933])
08:05:13.004 DEBUG a.c.sharding.DDataShardCoordinator - sharded-daemon-process-eventSourcedProjection-passivation-race-entity-passivation-race-consumer-a: The coordinator state was successfully updated with ShardRegionTerminated(Actor[akka://akka-runtime/system/sharding/sharded-daemon-process-eventSourcedProjection-passivation-race-entity-passivation-race-consumer-a#1567961939])
08:05:13.004 DEBUG a.c.sharding.DDataShardCoordinator - sharded-daemon-process-eventSourcedProjection-passivation-race-entity-passivation-race-view: ShardRegion stopped: [Actor[akka://akka-runtime/system/sharding/sharded-daemon-process-eventSourcedProjection-passivation-race-entity-passivation-race-view#1841790933]]
08:05:13.004 DEBUG a.c.sharding.DDataShardCoordinator - sharded-daemon-process-eventSourcedProjection-passivation-race-entity-passivation-race-consumer-a: ShardRegion stopped: [Actor[akka://akka-runtime/system/sharding/sharded-daemon-process-eventSourcedProjection-passivation-race-entity-passivation-race-consumer-a#1567961939]]
08:05:13.006 DEBUG akka.actor.CoordinatedShutdown - Performing phase [cluster-exiting] with [28] tasks.
08:05:13.006 DEBUG akka.actor.CoordinatedShutdown - Performing task [wait-singleton-exiting] in CoordinatedShutdown phase [cluster-exiting]
08:05:13.006 DEBUG akka.actor.CoordinatedShutdown - Performing task [singleton-exiting-1] in CoordinatedShutdown phase [cluster-exiting]
08:05:13.006 DEBUG akka.actor.CoordinatedShutdown - Performing task [wait-singleton-exiting] in CoordinatedShutdown phase [cluster-exiting]
08:05:13.006 DEBUG akka.actor.CoordinatedShutdown - Performing task [singleton-exiting-1] in CoordinatedShutdown phase [cluster-exiting]
08:05:13.006 DEBUG akka.actor.CoordinatedShutdown - Performing task [singleton-exiting-2] in CoordinatedShutdown phase [cluster-exiting]
08:05:13.006 DEBUG akka.actor.CoordinatedShutdown - Performing task [singleton-exiting-2] in CoordinatedShutdown phase [cluster-exiting]
08:05:13.006 DEBUG akka.actor.CoordinatedShutdown - Performing task [singleton-exiting-2] in CoordinatedShutdown phase [cluster-exiting]
08:05:13.006 DEBUG akka.actor.CoordinatedShutdown - Performing task [singleton-exiting-1] in CoordinatedShutdown phase [cluster-exiting]
08:05:13.006 DEBUG akka.actor.CoordinatedShutdown - Performing task [wait-singleton-exiting] in CoordinatedShutdown phase [cluster-exiting]
08:05:13.006 DEBUG akka.actor.CoordinatedShutdown - Performing task [wait-singleton-exiting] in CoordinatedShutdown phase [cluster-exiting]
08:05:13.006 DEBUG akka.actor.CoordinatedShutdown - Performing task [singleton-exiting-1] in CoordinatedShutdown phase [cluster-exiting]
08:05:13.006 DEBUG akka.actor.CoordinatedShutdown - Performing task [wait-singleton-exiting] in CoordinatedShutdown phase [cluster-exiting]
08:05:13.006 DEBUG akka.actor.CoordinatedShutdown - Performing task [singleton-exiting-2] in CoordinatedShutdown phase [cluster-exiting]
08:05:13.006 DEBUG akka.actor.CoordinatedShutdown - Performing task [wait-singleton-exiting] in CoordinatedShutdown phase [cluster-exiting]
08:05:13.006 DEBUG akka.actor.CoordinatedShutdown - Performing task [singleton-exiting-1] in CoordinatedShutdown phase [cluster-exiting]
08:05:13.006 DEBUG akka.actor.CoordinatedShutdown - Performing task [singleton-exiting-1] in CoordinatedShutdown phase [cluster-exiting]
08:05:13.006 DEBUG akka.actor.CoordinatedShutdown - Performing task [singleton-exiting-2] in CoordinatedShutdown phase [cluster-exiting]
08:05:13.006 DEBUG akka.actor.CoordinatedShutdown - Performing task [wait-exiting] in CoordinatedShutdown phase [cluster-exiting]
08:05:13.006 DEBUG akka.actor.CoordinatedShutdown - Performing task [singleton-exiting-1] in CoordinatedShutdown phase [cluster-exiting]
08:05:13.006 DEBUG akka.actor.CoordinatedShutdown - Performing task [wait-singleton-exiting] in CoordinatedShutdown phase [cluster-exiting]
08:05:13.006 DEBUG akka.actor.CoordinatedShutdown - Performing task [singleton-exiting-2] in CoordinatedShutdown phase [cluster-exiting]
08:05:13.006 DEBUG akka.actor.CoordinatedShutdown - Performing task [wait-singleton-exiting] in CoordinatedShutdown phase [cluster-exiting]
08:05:13.006 DEBUG akka.actor.CoordinatedShutdown - Performing task [singleton-exiting-1] in CoordinatedShutdown phase [cluster-exiting]
08:05:13.006 DEBUG akka.actor.CoordinatedShutdown - Performing task [wait-singleton-exiting] in CoordinatedShutdown phase [cluster-exiting]
08:05:13.006 DEBUG akka.actor.CoordinatedShutdown - Performing task [singleton-exiting-2] in CoordinatedShutdown phase [cluster-exiting]
08:05:13.006 DEBUG akka.actor.CoordinatedShutdown - Performing task [singleton-exiting-1] in CoordinatedShutdown phase [cluster-exiting]
08:05:13.006 DEBUG akka.actor.CoordinatedShutdown - Performing task [singleton-exiting-2] in CoordinatedShutdown phase [cluster-exiting]
08:05:13.006 DEBUG akka.actor.CoordinatedShutdown - Performing task [singleton-exiting-2] in CoordinatedShutdown phase [cluster-exiting]
08:05:13.006 INFO  a.c.s.ClusterSingletonManager - Exited [akka://akka-runtime@127.0.0.1:62960].
08:05:13.006 INFO  a.c.s.ClusterSingletonManager - Exited [akka://akka-runtime@127.0.0.1:62960].
08:05:13.006 INFO  a.c.s.ClusterSingletonManager - Oldest observed OldestChanged: [akka://akka-runtime@127.0.0.1:62960 -> None]
08:05:13.006 INFO  a.c.s.ClusterSingletonManager - Oldest observed OldestChanged: [akka://akka-runtime@127.0.0.1:62960 -> None]
08:05:13.006 INFO  a.c.s.ClusterSingletonManager - ClusterSingletonManager state change [Oldest -> WasOldest]
08:05:13.006 INFO  a.c.s.ClusterSingletonManager - ClusterSingletonManager state change [Oldest -> WasOldest]
08:05:13.006 INFO  a.c.s.ClusterSingletonManager - Exited [akka://akka-runtime@127.0.0.1:62960].
08:05:13.006 INFO  a.c.s.ClusterSingletonManager - Exited [akka://akka-runtime@127.0.0.1:62960].
08:05:13.006 INFO  a.c.s.ClusterSingletonManager - Oldest observed OldestChanged: [akka://akka-runtime@127.0.0.1:62960 -> None]
08:05:13.006 INFO  a.c.s.ClusterSingletonManager - Exited [akka://akka-runtime@127.0.0.1:62960].
08:05:13.007 INFO  a.c.s.ClusterSingletonManager - ClusterSingletonManager state change [Oldest -> WasOldest]
08:05:13.007 INFO  a.c.s.ClusterSingletonManager - Oldest observed OldestChanged: [akka://akka-runtime@127.0.0.1:62960 -> None]
08:05:13.007 INFO  a.c.s.ClusterSingletonManager - Exited [akka://akka-runtime@127.0.0.1:62960].
08:05:13.007 INFO  a.c.s.ClusterSingletonManager - ClusterSingletonManager state change [Oldest -> WasOldest]
08:05:13.007 INFO  a.c.s.ClusterSingletonManager - Oldest observed OldestChanged: [akka://akka-runtime@127.0.0.1:62960 -> None]
08:05:13.007 INFO  a.c.s.ClusterSingletonManager - ClusterSingletonManager state change [Oldest -> WasOldest]
08:05:13.007 INFO  a.c.s.ClusterSingletonManager - Exited [akka://akka-runtime@127.0.0.1:62960].
08:05:13.007 INFO  a.c.s.ClusterSingletonManager - Exited [akka://akka-runtime@127.0.0.1:62960].
08:05:13.007 INFO  a.c.s.ClusterSingletonManager - Exited [akka://akka-runtime@127.0.0.1:62960].
08:05:13.007 INFO  a.c.s.ClusterSingletonManager - Oldest observed OldestChanged: [akka://akka-runtime@127.0.0.1:62960 -> None]
08:05:13.007 INFO  a.c.s.ClusterSingletonManager - Oldest observed OldestChanged: [akka://akka-runtime@127.0.0.1:62960 -> None]
08:05:13.007 INFO  a.c.s.ClusterSingletonManager - ClusterSingletonManager state change [Oldest -> WasOldest]
08:05:13.007 INFO  a.c.s.ClusterSingletonManager - Oldest observed OldestChanged: [akka://akka-runtime@127.0.0.1:62960 -> None]
08:05:13.007 INFO  a.c.s.ClusterSingletonManager - ClusterSingletonManager state change [Oldest -> WasOldest]
08:05:13.007 INFO  a.c.s.ClusterSingletonManager - Oldest observed OldestChanged: [akka://akka-runtime@127.0.0.1:62960 -> None]
08:05:13.007 INFO  a.c.s.ClusterSingletonManager - ClusterSingletonManager state change [Oldest -> WasOldest]
08:05:13.007 INFO  a.c.s.ClusterSingletonManager - ClusterSingletonManager state change [Oldest -> WasOldest]
08:05:13.640 DEBUG a.c.singleton.ClusterSingletonProxy - Creating singleton identification timer...
08:05:13.640 DEBUG a.c.singleton.ClusterSingletonProxy - Creating singleton identification timer...
08:05:13.640 DEBUG a.c.singleton.ClusterSingletonProxy - Creating singleton identification timer...
08:05:13.640 DEBUG a.c.singleton.ClusterSingletonProxy - Creating singleton identification timer...
08:05:14.021 INFO  a.c.s.ClusterSingletonManager - Singleton manager stopping singleton actor [akka://akka-runtime/system/sharding/sharded-daemon-process-eventSourcedProjection-passivation-race-entity-passivation-race-viewCoordinator/singleton]
08:05:14.022 INFO  a.c.s.ClusterSingletonManager - Singleton manager stopping singleton actor [akka://akka-runtime/system/sharding/_timerCoordinator/singleton]
08:05:14.022 INFO  a.c.s.ClusterSingletonManager - Singleton manager stopping singleton actor [akka://akka-runtime/system/sharding/sharded-daemon-process-eventSourcedProjection-passivation-race-entity-passivation-race-consumer-aCoordinator/singleton]
08:05:14.022 INFO  a.c.s.ClusterSingletonManager - Singleton manager stopping singleton actor [akka://akka-runtime/system/singletonManagerShardedDaemonProcessCoordinator-eventSourcedProjection-passivation-race-entity-passivation-race-consumer-a/ShardedDaemonProcessCoordinator-eventSourcedProjection-passivation-race-entity-passivation-race-consumer-a]
08:05:14.022 INFO  a.c.s.ClusterSingletonManager - Singleton manager stopping singleton actor [akka://akka-runtime/system/singletonManagerschemaSingleton/schemaSingleton]
08:05:14.022 INFO  a.c.s.ClusterSingletonManager - Singleton manager stopping singleton actor [akka://akka-runtime/system/singletonManagerShardedDaemonProcessCoordinator-eventSourcedProjection-passivation-race-entity-passivation-race-consumer-b/ShardedDaemonProcessCoordinator-eventSourcedProjection-passivation-race-entity-passivation-race-consumer-b]
08:05:14.022 INFO  a.c.s.ClusterSingletonManager - ClusterSingletonManager state change [WasOldest -> Stopping]
08:05:14.022 INFO  a.c.s.ClusterSingletonManager - ClusterSingletonManager state change [WasOldest -> Stopping]
08:05:14.022 INFO  a.c.s.ClusterSingletonManager - ClusterSingletonManager state change [WasOldest -> Stopping]
08:05:14.022 INFO  a.c.s.ClusterSingletonManager - ClusterSingletonManager state change [WasOldest -> Stopping]
08:05:14.022 INFO  a.c.s.ClusterSingletonManager - ClusterSingletonManager state change [WasOldest -> Stopping]
08:05:14.022 INFO  a.c.s.ClusterSingletonManager - ClusterSingletonManager state change [WasOldest -> Stopping]
08:05:14.022 DEBUG a.c.sharding.DDataShardCoordinator - sharded-daemon-process-eventSourcedProjection-passivation-race-entity-passivation-race-consumer-a: Received termination message.
08:05:14.022 DEBUG a.c.sharding.DDataShardCoordinator - _timer: Received termination message.
08:05:14.022 INFO  a.c.s.ClusterSingletonManager - Singleton actor [akka://akka-runtime/system/singletonManagerschemaSingleton/schemaSingleton] was terminated
08:05:14.022 INFO  a.c.s.ClusterSingletonManager - Singleton actor [akka://akka-runtime/system/singletonManagerShardedDaemonProcessCoordinator-eventSourcedProjection-passivation-race-entity-passivation-race-consumer-b/ShardedDaemonProcessCoordinator-eventSourcedProjection-passivation-race-entity-passivation-race-consumer-b] was terminated
08:05:14.022 INFO  a.c.s.ClusterSingletonManager - Singleton actor [akka://akka-runtime/system/singletonManagerShardedDaemonProcessCoordinator-eventSourcedProjection-passivation-race-entity-passivation-race-consumer-a/ShardedDaemonProcessCoordinator-eventSourcedProjection-passivation-race-entity-passivation-race-consumer-a] was terminated
08:05:14.022 DEBUG a.c.sharding.DDataShardCoordinator - sharded-daemon-process-eventSourcedProjection-passivation-race-entity-passivation-race-view: Received termination message.
08:05:14.022 INFO  a.c.s.ClusterSingletonManager - Singleton actor [akka://akka-runtime/system/sharding/_timerCoordinator/singleton] was terminated
08:05:14.022 INFO  a.c.s.ClusterSingletonManager - Singleton manager stopping singleton actor [akka://akka-runtime/system/sharding/passivation-race-entityCoordinator/singleton]
08:05:14.022 INFO  a.c.s.ClusterSingletonManager - Singleton manager stopping singleton actor [akka://akka-runtime/system/singletonManagerShardedDaemonProcessCoordinator-eventSourcedProjection-passivation-race-entity-passivation-race-view/ShardedDaemonProcessCoordinator-eventSourcedProjection-passivation-race-entity-passivation-race-view]
08:05:14.022 INFO  a.c.s.ClusterSingletonManager - ClusterSingletonManager state change [WasOldest -> Stopping]
08:05:14.022 INFO  a.c.s.ClusterSingletonManager - ClusterSingletonManager state change [WasOldest -> Stopping]
08:05:14.022 INFO  a.c.s.ClusterSingletonManager - Singleton manager stopping singleton actor [akka://akka-runtime/system/sharding/sharded-daemon-process-eventSourcedProjection-passivation-race-entity-passivation-race-consumer-bCoordinator/singleton]
08:05:14.022 INFO  a.c.s.ClusterSingletonManager - ClusterSingletonManager state change [WasOldest -> Stopping]
08:05:14.022 DEBUG a.c.sharding.DDataShardCoordinator - passivation-race-entity: Received termination message.
08:05:14.023 INFO  a.c.s.ClusterSingletonManager - Singleton actor [akka://akka-runtime/system/sharding/sharded-daemon-process-eventSourcedProjection-passivation-race-entity-passivation-race-viewCoordinator/singleton] was terminated
08:05:14.023 DEBUG a.c.sharding.DDataShardCoordinator - sharded-daemon-process-eventSourcedProjection-passivation-race-entity-passivation-race-consumer-b: Received termination message.
08:05:14.023 INFO  a.c.s.ClusterSingletonManager - Singleton actor [akka://akka-runtime/system/singletonManagerShardedDaemonProcessCoordinator-eventSourcedProjection-passivation-race-entity-passivation-race-view/ShardedDaemonProcessCoordinator-eventSourcedProjection-passivation-race-entity-passivation-race-view] was terminated
08:05:14.023 INFO  a.c.s.ClusterSingletonManager - Singleton actor [akka://akka-runtime/system/sharding/passivation-race-entityCoordinator/singleton] was terminated
08:05:14.023 INFO  a.c.s.ClusterSingletonManager - Singleton actor [akka://akka-runtime/system/sharding/sharded-daemon-process-eventSourcedProjection-passivation-race-entity-passivation-race-consumer-bCoordinator/singleton] was terminated
08:05:14.023 INFO  a.c.s.ClusterSingletonManager - Singleton actor [akka://akka-runtime/system/sharding/sharded-daemon-process-eventSourcedProjection-passivation-race-entity-passivation-race-consumer-aCoordinator/singleton] was terminated
08:05:14.023 DEBUG akka.actor.CoordinatedShutdown - Performing phase [cluster-exiting-done] with [1] tasks.
08:05:14.023 DEBUG akka.actor.CoordinatedShutdown - Performing task [exiting-completed] in CoordinatedShutdown phase [cluster-exiting-done]
08:05:14.023 DEBUG akka.actor.CoordinatedShutdown - Performing phase [cluster-shutdown] with [1] tasks.
08:05:14.023 DEBUG akka.actor.CoordinatedShutdown - Performing task [wait-shutdown] in CoordinatedShutdown phase [cluster-shutdown]
08:05:14.024 DEBUG akka.actor.CoordinatedShutdown - Performing phase [before-actor-system-terminate] with [2] tasks.
08:05:14.025 DEBUG akka.actor.CoordinatedShutdown - Performing task [close connection pools] in CoordinatedShutdown phase [before-actor-system-terminate]
08:05:14.025 DEBUG akka.actor.CoordinatedShutdown - Performing task [close-grpc-channels] in CoordinatedShutdown phase [before-actor-system-terminate]
08:05:14.025 DEBUG akka.actor.CoordinatedShutdown - Performing phase [actor-system-terminate] with [1] tasks.
08:05:14.025 DEBUG akka.actor.CoordinatedShutdown - Performing task [terminate-system] in CoordinatedShutdown phase [actor-system-terminate]
08:05:14.092 INFO  akka.runtime.AkkaRuntimeMain - Starting Akka Runtime version [1.6.15]
08:05:14.097 INFO  akka.javasdk.impl.ComponentLocator$ - Looking for component descriptors matching pattern [META-INF/akka-javasdk-components_*.conf]
08:05:14.103 INFO  akka.javasdk.testkit.TestKit - Eventing TestKit booting up on port: 62964
08:05:14.104 DEBUG a.c.singleton.ClusterSingletonProxy - Creating singleton identification timer...
08:05:14.104 DEBUG a.c.singleton.ClusterSingletonProxy - Trying to identify singleton at [akka://akka-runtime@127.0.0.1:62965/system/singletonManagerschemaSingleton/schemaSingleton]
08:05:14.104 DEBUG a.c.singleton.ClusterSingletonProxy - Singleton not available, buffering message type [kalix.runtime.SchemaSingleton$ExecDdl]
08:05:14.104 INFO  a.c.s.ClusterSingletonManager - Singleton manager starting singleton actor [akka://akka-runtime/system/singletonManagerschemaSingleton/schemaSingleton]
08:05:14.104 INFO  a.c.s.ClusterSingletonManager - ClusterSingletonManager state change [Start -> Oldest]
08:05:14.105 INFO  akka.javasdk.testkit.TestKit - Checking runtime status
08:05:14.166 DEBUG a.c.singleton.ClusterSingletonProxy - Trying to identify singleton at [akka://akka-runtime@127.0.0.1:62965/system/singletonManagerschemaSingleton/schemaSingleton]
08:05:14.166 INFO  a.c.singleton.ClusterSingletonProxy - Singleton identified at [akka://akka-runtime/system/singletonManagerschemaSingleton/schemaSingleton]
08:05:14.166 DEBUG a.c.singleton.ClusterSingletonProxy - Sending buffered messages to current singleton instance
08:05:14.168 INFO  a.c.s.typed.scaladsl.ClusterSharding - Starting Shard Region [passivation-race-entity]...
08:05:14.168 INFO  akka.cluster.sharding.ShardRegion - passivation-race-entity: Automatic entity passivation: composite strategy with limit of [10000] active entities, admission window (least recently used entities) with proportions [initial = 0.01, min = 0.01, max = 1.0] adapting with hill-climbing optimizer [adjust multiplier = 10.0, initial step = 0.0625, restart threshold = 0.05, step decay = 0.98], admit using frequency sketch [width multiplier = 4, reset multiplier = 10.0, depth = 4, counter bits = 4], main (least recently used entities (segmented with [2] levels with proportions of [0.20, 0.80]))
08:05:14.168 INFO  a.c.s.ClusterSingletonManager - Singleton manager starting singleton actor [akka://akka-runtime/system/sharding/passivation-race-entityCoordinator/singleton]
08:05:14.168 INFO  a.c.s.ClusterSingletonManager - ClusterSingletonManager state change [Start -> Oldest]
08:05:14.169 DEBUG a.c.sharding.DDataShardCoordinator - passivation-race-entity: Initial coordinator is empty.
08:05:14.169 INFO  a.c.sharding.DDataShardCoordinator - passivation-race-entity: ShardCoordinator was moved to the active state with [0] shards
08:05:14.170 DEBUG a.c.singleton.ClusterSingletonProxy - Forwarding message of type [SchemaSingleton$ExecDdl] to current singleton instance at [akka://akka-runtime/system/singletonManagerschemaSingleton/schemaSingleton]
08:05:14.171 INFO  akka.runtime.DiscoveryManager - Service components: EventSourcedEntity: [1], Consumer: [2], View: [1]
08:05:14.172 INFO  a.c.s.typed.scaladsl.ClusterSharding - Starting Shard Region [_timer]...
08:05:14.172 INFO  a.c.s.typed.scaladsl.ClusterSharding - Starting Shard Region [sharded-daemon-process-eventSourcedProjection-passivation-race-entity-passivation-race-consumer-a]...
08:05:14.172 INFO  a.c.s.ClusterSingletonManager - Singleton manager starting singleton actor [akka://akka-runtime/system/sharding/_timerCoordinator/singleton]
08:05:14.172 INFO  a.c.s.ClusterSingletonManager - ClusterSingletonManager state change [Start -> Oldest]
08:05:14.172 INFO  akka.cluster.sharding.ShardRegion - sharded-daemon-process-eventSourcedProjection-passivation-race-entity-passivation-race-consumer-a: Automatic entity passivation: disabled
08:05:14.172 DEBUG a.c.sharding.DDataShardCoordinator - _timer: Starting remember entities store from provider akka.cluster.sharding.internal.DDataRememberEntitiesProvider@5001f0a7
08:05:14.173 DEBUG a.c.sharding.DDataShardCoordinator - _timer: Initial coordinator is empty.
08:05:14.173 INFO  a.c.sharding.DDataShardCoordinator - _timer: ShardCoordinator was moved to the active state with [0] shards
08:05:14.173 DEBUG a.c.sharding.DDataShardCoordinator - _timer: Received [0] remembered shard ids (after state initialized)
08:05:14.173 INFO  a.c.s.typed.scaladsl.ClusterSharding - Starting Shard Region [sharded-daemon-process-eventSourcedProjection-passivation-race-entity-passivation-race-consumer-b]...
08:05:14.173 DEBUG a.c.singleton.ClusterSingletonProxy - Creating singleton identification timer...
08:05:14.173 DEBUG a.c.singleton.ClusterSingletonProxy - Trying to identify singleton at [akka://akka-runtime@127.0.0.1:62965/system/singletonManagerShardedDaemonProcessCoordinator-eventSourcedProjection-passivation-race-entity-passivation-race-consumer-a/ShardedDaemonProcessCoordinator-eventSourcedProjection-passivation-race-entity-passivation-race-consumer-a]
08:05:14.173 INFO  akka.cluster.sharding.ShardRegion - sharded-daemon-process-eventSourcedProjection-passivation-race-entity-passivation-race-consumer-b: Automatic entity passivation: disabled
08:05:14.173 INFO  a.c.s.ClusterSingletonManager - Singleton manager starting singleton actor [akka://akka-runtime/system/sharding/sharded-daemon-process-eventSourcedProjection-passivation-race-entity-passivation-race-consumer-aCoordinator/singleton]
08:05:14.173 INFO  a.c.s.ClusterSingletonManager - ClusterSingletonManager state change [Start -> Oldest]
08:05:14.173 INFO  a.c.s.ClusterSingletonManager - Singleton manager starting singleton actor [akka://akka-runtime/system/singletonManagerShardedDaemonProcessCoordinator-eventSourcedProjection-passivation-race-entity-passivation-race-consumer-a/ShardedDaemonProcessCoordinator-eventSourcedProjection-passivation-race-entity-passivation-race-consumer-a]
08:05:14.173 INFO  a.c.s.ClusterSingletonManager - ClusterSingletonManager state change [Start -> Oldest]
08:05:14.173 DEBUG a.c.sharding.DDataShardCoordinator - sharded-daemon-process-eventSourcedProjection-passivation-race-entity-passivation-race-consumer-a: Initial coordinator is empty.
08:05:14.173 DEBUG a.c.s.t.i.ShardedDaemonProcessCoordinator$ - ShardedDaemonProcessCoordinator for [eventSourcedProjection-passivation-race-entity-passivation-race-consumer-a] starting
08:05:14.173 INFO  a.c.sharding.DDataShardCoordinator - sharded-daemon-process-eventSourcedProjection-passivation-race-entity-passivation-race-consumer-a: ShardCoordinator was moved to the active state with [0] shards
08:05:14.173 DEBUG a.c.singleton.ClusterSingletonProxy - Creating singleton identification timer...
08:05:14.173 DEBUG a.c.singleton.ClusterSingletonProxy - Trying to identify singleton at [akka://akka-runtime@127.0.0.1:62965/system/singletonManagerShardedDaemonProcessCoordinator-eventSourcedProjection-passivation-race-entity-passivation-race-consumer-b/ShardedDaemonProcessCoordinator-eventSourcedProjection-passivation-race-entity-passivation-race-consumer-b]
08:05:14.173 INFO  a.c.s.typed.scaladsl.ClusterSharding - Starting Shard Region [sharded-daemon-process-eventSourcedProjection-passivation-race-entity-passivation-race-view]...
08:05:14.173 DEBUG a.c.s.t.i.ShardedDaemonProcessCoordinator$ - eventSourcedProjection-passivation-race-entity-passivation-race-consumer-a: No previous state stored for Sharded Daemon Process
08:05:14.173 INFO  a.c.s.ClusterSingletonManager - Singleton manager starting singleton actor [akka://akka-runtime/system/sharding/sharded-daemon-process-eventSourcedProjection-passivation-race-entity-passivation-race-consumer-bCoordinator/singleton]
08:05:14.173 INFO  a.c.s.ClusterSingletonManager - ClusterSingletonManager state change [Start -> Oldest]
08:05:14.173 DEBUG a.c.s.t.i.ShardedDaemonProcessCoordinator$ - Sending periodic keep alive for Sharded Daemon Process [eventSourcedProjection-passivation-race-entity-passivation-race-consumer-a] to [1] processes (revision [0]).
08:05:14.174 INFO  akka.cluster.sharding.ShardRegion - sharded-daemon-process-eventSourcedProjection-passivation-race-entity-passivation-race-view: Automatic entity passivation: disabled
08:05:14.174 INFO  a.c.s.ClusterSingletonManager - Singleton manager starting singleton actor [akka://akka-runtime/system/singletonManagerShardedDaemonProcessCoordinator-eventSourcedProjection-passivation-race-entity-passivation-race-consumer-b/ShardedDaemonProcessCoordinator-eventSourcedProjection-passivation-race-entity-passivation-race-consumer-b]
08:05:14.174 INFO  a.c.s.ClusterSingletonManager - ClusterSingletonManager state change [Start -> Oldest]
08:05:14.174 DEBUG a.c.sharding.DDataShardCoordinator - sharded-daemon-process-eventSourcedProjection-passivation-race-entity-passivation-race-consumer-b: Initial coordinator is empty.
08:05:14.174 INFO  a.c.sharding.DDataShardCoordinator - sharded-daemon-process-eventSourcedProjection-passivation-race-entity-passivation-race-consumer-b: ShardCoordinator was moved to the active state with [0] shards
08:05:14.174 DEBUG a.c.s.t.i.ShardedDaemonProcessCoordinator$ - ShardedDaemonProcessCoordinator for [eventSourcedProjection-passivation-race-entity-passivation-race-consumer-b] starting
08:05:14.174 DEBUG a.c.s.t.i.ShardedDaemonProcessCoordinator$ - eventSourcedProjection-passivation-race-entity-passivation-race-consumer-b: No previous state stored for Sharded Daemon Process
08:05:14.174 DEBUG a.c.s.t.i.ShardedDaemonProcessCoordinator$ - Sending periodic keep alive for Sharded Daemon Process [eventSourcedProjection-passivation-race-entity-passivation-race-consumer-b] to [1] processes (revision [0]).
08:05:14.174 DEBUG a.c.singleton.ClusterSingletonProxy - Creating singleton identification timer...
08:05:14.174 DEBUG a.c.singleton.ClusterSingletonProxy - Trying to identify singleton at [akka://akka-runtime@127.0.0.1:62965/system/singletonManagerShardedDaemonProcessCoordinator-eventSourcedProjection-passivation-race-entity-passivation-race-view/ShardedDaemonProcessCoordinator-eventSourcedProjection-passivation-race-entity-passivation-race-view]
08:05:14.174 INFO  a.c.s.ClusterSingletonManager - Singleton manager starting singleton actor [akka://akka-runtime/system/sharding/sharded-daemon-process-eventSourcedProjection-passivation-race-entity-passivation-race-viewCoordinator/singleton]
08:05:14.174 INFO  a.c.s.ClusterSingletonManager - ClusterSingletonManager state change [Start -> Oldest]
08:05:14.174 INFO  a.c.s.ClusterSingletonManager - Singleton manager starting singleton actor [akka://akka-runtime/system/singletonManagerShardedDaemonProcessCoordinator-eventSourcedProjection-passivation-race-entity-passivation-race-view/ShardedDaemonProcessCoordinator-eventSourcedProjection-passivation-race-entity-passivation-race-view]
08:05:14.174 INFO  a.c.s.ClusterSingletonManager - ClusterSingletonManager state change [Start -> Oldest]
08:05:14.174 DEBUG a.c.s.t.i.ShardedDaemonProcessCoordinator$ - ShardedDaemonProcessCoordinator for [eventSourcedProjection-passivation-race-entity-passivation-race-view] starting
08:05:14.174 INFO  akka.runtime.DiscoveryManager - Akka Runtime started at 127.0.0.1:62963
08:05:14.174 DEBUG a.c.s.t.i.ShardedDaemonProcessCoordinator$ - eventSourcedProjection-passivation-race-entity-passivation-race-view: No previous state stored for Sharded Daemon Process
08:05:14.174 DEBUG a.c.sharding.DDataShardCoordinator - sharded-daemon-process-eventSourcedProjection-passivation-race-entity-passivation-race-view: Initial coordinator is empty.
08:05:14.174 DEBUG a.c.s.t.i.ShardedDaemonProcessCoordinator$ - Sending periodic keep alive for Sharded Daemon Process [eventSourcedProjection-passivation-race-entity-passivation-race-view] to [1] processes (revision [0]).
08:05:14.174 INFO  a.c.sharding.DDataShardCoordinator - sharded-daemon-process-eventSourcedProjection-passivation-race-entity-passivation-race-view: ShardCoordinator was moved to the active state with [0] shards
08:05:14.174 INFO  repro.Bootstrap - onStartup burst of 8 starting
08:05:14.229 INFO  akka.javasdk.testkit.TestKit - Runtime started
08:05:14.229 INFO  akka.actor.CoordinatedShutdown - Running CoordinatedShutdown with reason [ActorSystemTerminateReason]
08:05:14.229 DEBUG akka.actor.CoordinatedShutdown - Performing phase [before-service-unbind] with [0] tasks
08:05:14.229 DEBUG akka.actor.CoordinatedShutdown - Performing phase [service-unbind] with [1] tasks.
08:05:14.229 DEBUG akka.actor.CoordinatedShutdown - Performing task [http-unbind-/127.0.0.1:62963] in CoordinatedShutdown phase [service-unbind]
08:05:14.229 DEBUG akka.actor.CoordinatedShutdown - Performing phase [service-requests-done] with [1] tasks.
08:05:14.229 DEBUG akka.actor.CoordinatedShutdown - Performing task [http-terminate-/127.0.0.1:62963] in CoordinatedShutdown phase [service-requests-done]
08:05:14.229 DEBUG akka.actor.CoordinatedShutdown - Performing phase [service-stop] with [1] tasks.
08:05:14.229 DEBUG akka.actor.CoordinatedShutdown - Performing task [stop-grpc-clients] in CoordinatedShutdown phase [service-stop]
08:05:14.229 DEBUG akka.actor.CoordinatedShutdown - Performing phase [before-cluster-shutdown] with [0] tasks
08:05:14.229 DEBUG akka.actor.CoordinatedShutdown - Performing phase [cluster-sharding-shutdown-region] with [5] tasks.
08:05:14.229 DEBUG akka.actor.CoordinatedShutdown - Performing task [region-shutdown] in CoordinatedShutdown phase [cluster-sharding-shutdown-region]
08:05:14.230 DEBUG akka.actor.CoordinatedShutdown - Performing task [region-shutdown] in CoordinatedShutdown phase [cluster-sharding-shutdown-region]
08:05:14.230 DEBUG akka.actor.CoordinatedShutdown - Performing task [region-shutdown] in CoordinatedShutdown phase [cluster-sharding-shutdown-region]
08:05:14.230 DEBUG akka.actor.CoordinatedShutdown - Performing task [region-shutdown] in CoordinatedShutdown phase [cluster-sharding-shutdown-region]
08:05:14.230 DEBUG akka.actor.CoordinatedShutdown - Performing task [region-shutdown] in CoordinatedShutdown phase [cluster-sharding-shutdown-region]
08:05:14.230 DEBUG a.c.sharding.DDataShardCoordinator - sharded-daemon-process-eventSourcedProjection-passivation-race-entity-passivation-race-consumer-b: Unknown region requested graceful shutdown [Actor[akka://akka-runtime/system/sharding/sharded-daemon-process-eventSourcedProjection-passivation-race-entity-passivation-race-consumer-b#776309259]]
08:05:14.230 DEBUG a.c.sharding.DDataShardCoordinator - sharded-daemon-process-eventSourcedProjection-passivation-race-entity-passivation-race-view: Unknown region requested graceful shutdown [Actor[akka://akka-runtime/system/sharding/sharded-daemon-process-eventSourcedProjection-passivation-race-entity-passivation-race-view#1244400082]]
08:05:14.230 DEBUG a.c.sharding.DDataShardCoordinator - _timer: Unknown region requested graceful shutdown [Actor[akka://akka-runtime/system/sharding/_timer#803574476]]
08:05:14.230 DEBUG a.c.sharding.DDataShardCoordinator - sharded-daemon-process-eventSourcedProjection-passivation-race-entity-passivation-race-consumer-a: Unknown region requested graceful shutdown [Actor[akka://akka-runtime/system/sharding/sharded-daemon-process-eventSourcedProjection-passivation-race-entity-passivation-race-consumer-a#-1589695897]]
08:05:14.230 DEBUG a.c.sharding.DDataShardCoordinator - passivation-race-entity: Unknown region requested graceful shutdown [Actor[akka://akka-runtime/system/sharding/passivation-race-entity#-60519727]]
08:05:14.236 DEBUG a.c.singleton.ClusterSingletonProxy - Trying to identify singleton at [akka://akka-runtime@127.0.0.1:62965/system/singletonManagerShardedDaemonProcessCoordinator-eventSourcedProjection-passivation-race-entity-passivation-race-consumer-a/ShardedDaemonProcessCoordinator-eventSourcedProjection-passivation-race-entity-passivation-race-consumer-a]
08:05:14.236 DEBUG a.c.singleton.ClusterSingletonProxy - Trying to identify singleton at [akka://akka-runtime@127.0.0.1:62965/system/singletonManagerShardedDaemonProcessCoordinator-eventSourcedProjection-passivation-race-entity-passivation-race-view/ShardedDaemonProcessCoordinator-eventSourcedProjection-passivation-race-entity-passivation-race-view]
08:05:14.236 INFO  a.c.singleton.ClusterSingletonProxy - Singleton identified at [akka://akka-runtime/system/singletonManagerShardedDaemonProcessCoordinator-eventSourcedProjection-passivation-race-entity-passivation-race-consumer-a/ShardedDaemonProcessCoordinator-eventSourcedProjection-passivation-race-entity-passivation-race-consumer-a]
08:05:14.236 INFO  a.c.singleton.ClusterSingletonProxy - Singleton identified at [akka://akka-runtime/system/singletonManagerShardedDaemonProcessCoordinator-eventSourcedProjection-passivation-race-entity-passivation-race-view/ShardedDaemonProcessCoordinator-eventSourcedProjection-passivation-race-entity-passivation-race-view]
08:05:14.236 DEBUG a.c.singleton.ClusterSingletonProxy - Sending buffered messages to current singleton instance
08:05:14.236 DEBUG a.c.singleton.ClusterSingletonProxy - Sending buffered messages to current singleton instance
08:05:14.236 DEBUG a.c.singleton.ClusterSingletonProxy - Trying to identify singleton at [akka://akka-runtime@127.0.0.1:62965/system/singletonManagerShardedDaemonProcessCoordinator-eventSourcedProjection-passivation-race-entity-passivation-race-consumer-b/ShardedDaemonProcessCoordinator-eventSourcedProjection-passivation-race-entity-passivation-race-consumer-b]
08:05:14.236 INFO  a.c.singleton.ClusterSingletonProxy - Singleton identified at [akka://akka-runtime/system/singletonManagerShardedDaemonProcessCoordinator-eventSourcedProjection-passivation-race-entity-passivation-race-consumer-b/ShardedDaemonProcessCoordinator-eventSourcedProjection-passivation-race-entity-passivation-race-consumer-b]
08:05:14.236 DEBUG a.c.singleton.ClusterSingletonProxy - Sending buffered messages to current singleton instance
08:05:14.437 DEBUG a.c.sharding.DDataShardCoordinator - sharded-daemon-process-eventSourcedProjection-passivation-race-entity-passivation-race-consumer-a: ShardRegion registered: [Actor[akka://akka-runtime/system/sharding/sharded-daemon-process-eventSourcedProjection-passivation-race-entity-passivation-race-consumer-a#-1589695897]]
08:05:14.438 DEBUG a.c.sharding.DDataShardCoordinator - sharded-daemon-process-eventSourcedProjection-passivation-race-entity-passivation-race-consumer-b: ShardRegion registered: [Actor[akka://akka-runtime/system/sharding/sharded-daemon-process-eventSourcedProjection-passivation-race-entity-passivation-race-consumer-b#776309259]]
08:05:14.438 DEBUG a.c.sharding.DDataShardCoordinator - passivation-race-entity: ShardRegion registered: [Actor[akka://akka-runtime/system/sharding/passivation-race-entity#-60519727]]
08:05:14.438 DEBUG a.c.sharding.DDataShardCoordinator - sharded-daemon-process-eventSourcedProjection-passivation-race-entity-passivation-race-view: ShardRegion registered: [Actor[akka://akka-runtime/system/sharding/sharded-daemon-process-eventSourcedProjection-passivation-race-entity-passivation-race-view#1244400082]]
08:05:14.438 DEBUG a.c.sharding.DDataShardCoordinator - passivation-race-entity: The coordinator state was successfully updated with ShardRegionRegistered(Actor[akka://akka-runtime/system/sharding/passivation-race-entity#-60519727])
08:05:14.438 DEBUG a.c.sharding.DDataShardCoordinator - sharded-daemon-process-eventSourcedProjection-passivation-race-entity-passivation-race-view: The coordinator state was successfully updated with ShardRegionRegistered(Actor[akka://akka-runtime/system/sharding/sharded-daemon-process-eventSourcedProjection-passivation-race-entity-passivation-race-view#1244400082])
08:05:14.438 DEBUG a.c.sharding.DDataShardCoordinator - sharded-daemon-process-eventSourcedProjection-passivation-race-entity-passivation-race-consumer-a: The coordinator state was successfully updated with ShardRegionRegistered(Actor[akka://akka-runtime/system/sharding/sharded-daemon-process-eventSourcedProjection-passivation-race-entity-passivation-race-consumer-a#-1589695897])
08:05:14.438 DEBUG a.c.sharding.DDataShardCoordinator - sharded-daemon-process-eventSourcedProjection-passivation-race-entity-passivation-race-consumer-b: The coordinator state was successfully updated with ShardRegionRegistered(Actor[akka://akka-runtime/system/sharding/sharded-daemon-process-eventSourcedProjection-passivation-race-entity-passivation-race-consumer-b#776309259])
08:05:14.439 DEBUG a.c.sharding.DDataShardCoordinator - sharded-daemon-process-eventSourcedProjection-passivation-race-entity-passivation-race-view: The coordinator state was successfully updated with ShardHomeAllocated(0,Actor[akka://akka-runtime/system/sharding/sharded-daemon-process-eventSourcedProjection-passivation-race-entity-passivation-race-view#1244400082])
08:05:14.439 DEBUG a.c.sharding.DDataShardCoordinator - passivation-race-entity: The coordinator state was successfully updated with ShardHomeAllocated(196,Actor[akka://akka-runtime/system/sharding/passivation-race-entity#-60519727])
08:05:14.439 DEBUG a.c.sharding.DDataShardCoordinator - sharded-daemon-process-eventSourcedProjection-passivation-race-entity-passivation-race-consumer-b: The coordinator state was successfully updated with ShardHomeAllocated(0,Actor[akka://akka-runtime/system/sharding/sharded-daemon-process-eventSourcedProjection-passivation-race-entity-passivation-race-consumer-b#776309259])
08:05:14.439 DEBUG a.c.sharding.DDataShardCoordinator - sharded-daemon-process-eventSourcedProjection-passivation-race-entity-passivation-race-consumer-a: The coordinator state was successfully updated with ShardHomeAllocated(0,Actor[akka://akka-runtime/system/sharding/sharded-daemon-process-eventSourcedProjection-passivation-race-entity-passivation-race-consumer-a#-1589695897])
08:05:14.439 DEBUG a.c.sharding.DDataShardCoordinator - sharded-daemon-process-eventSourcedProjection-passivation-race-entity-passivation-race-view: Shard [0] allocated at [Actor[akka://akka-runtime/system/sharding/sharded-daemon-process-eventSourcedProjection-passivation-race-entity-passivation-race-view#1244400082]]
08:05:14.439 DEBUG a.c.sharding.DDataShardCoordinator - sharded-daemon-process-eventSourcedProjection-passivation-race-entity-passivation-race-consumer-b: Shard [0] allocated at [Actor[akka://akka-runtime/system/sharding/sharded-daemon-process-eventSourcedProjection-passivation-race-entity-passivation-race-consumer-b#776309259]]
08:05:14.439 DEBUG a.c.sharding.DDataShardCoordinator - sharded-daemon-process-eventSourcedProjection-passivation-race-entity-passivation-race-consumer-a: Shard [0] allocated at [Actor[akka://akka-runtime/system/sharding/sharded-daemon-process-eventSourcedProjection-passivation-race-entity-passivation-race-consumer-a#-1589695897]]
08:05:14.439 DEBUG a.c.sharding.DDataShardCoordinator - passivation-race-entity: Shard [196] allocated at [Actor[akka://akka-runtime/system/sharding/passivation-race-entity#-60519727]]
08:05:14.439 DEBUG a.c.sharding.DDataShardCoordinator - passivation-race-entity: Graceful shutdown of region [Actor[akka://akka-runtime/system/sharding/passivation-race-entity#-60519727]] with [1] shards
08:05:14.439 INFO  a.c.sharding.DDataShardCoordinator - passivation-race-entity: Starting shutting down shards [196] due to region shutting down or explicit stopping of shards.
08:05:14.440 DEBUG a.c.sharding.DDataShardCoordinator - sharded-daemon-process-eventSourcedProjection-passivation-race-entity-passivation-race-consumer-a: Graceful shutdown of region [Actor[akka://akka-runtime/system/sharding/sharded-daemon-process-eventSourcedProjection-passivation-race-entity-passivation-race-consumer-a#-1589695897]] with [1] shards
08:05:14.440 DEBUG a.c.sharding.DDataShardCoordinator - sharded-daemon-process-eventSourcedProjection-passivation-race-entity-passivation-race-consumer-b: Graceful shutdown of region [Actor[akka://akka-runtime/system/sharding/sharded-daemon-process-eventSourcedProjection-passivation-race-entity-passivation-race-consumer-b#776309259]] with [1] shards
08:05:14.440 DEBUG a.c.sharding.DDataShardCoordinator - sharded-daemon-process-eventSourcedProjection-passivation-race-entity-passivation-race-view: Graceful shutdown of region [Actor[akka://akka-runtime/system/sharding/sharded-daemon-process-eventSourcedProjection-passivation-race-entity-passivation-race-view#1244400082]] with [1] shards
08:05:14.440 INFO  a.c.sharding.DDataShardCoordinator - sharded-daemon-process-eventSourcedProjection-passivation-race-entity-passivation-race-consumer-a: Starting shutting down shards [0] due to region shutting down or explicit stopping of shards.
08:05:14.440 INFO  a.c.sharding.DDataShardCoordinator - sharded-daemon-process-eventSourcedProjection-passivation-race-entity-passivation-race-view: Starting shutting down shards [0] due to region shutting down or explicit stopping of shards.
08:05:14.440 INFO  a.c.sharding.DDataShardCoordinator - sharded-daemon-process-eventSourcedProjection-passivation-race-entity-passivation-race-consumer-b: Starting shutting down shards [0] due to region shutting down or explicit stopping of shards.
08:05:14.440 DEBUG a.c.s.ShardCoordinator$RebalanceWorker - passivation-race-entity: Shutting down shard [196] from region [Actor[akka://akka-runtime/system/sharding/passivation-race-entity#-60519727]]. Asking [1] region(s) to hand-off shard
08:05:14.440 DEBUG a.c.s.ShardCoordinator$RebalanceWorker - passivation-race-entity: BeginHandOffAck for shard [196] received from [Actor[akka://akka-runtime/system/sharding/passivation-race-entity#-60519727]].
08:05:14.440 DEBUG a.c.s.ShardCoordinator$RebalanceWorker - passivation-race-entity: All shard regions acked, handing off shard [196].
08:05:14.440 DEBUG akka.cluster.sharding.Shard - sharded-daemon-process-eventSourcedProjection-passivation-race-entity-passivation-race-consumer-a: Shard initialized
08:05:14.440 DEBUG akka.cluster.sharding.Shard - sharded-daemon-process-eventSourcedProjection-passivation-race-entity-passivation-race-consumer-b: Shard initialized
08:05:14.440 DEBUG akka.cluster.sharding.Shard - sharded-daemon-process-eventSourcedProjection-passivation-race-entity-passivation-race-view: Shard initialized
08:05:14.440 DEBUG a.c.s.ShardCoordinator$RebalanceWorker - sharded-daemon-process-eventSourcedProjection-passivation-race-entity-passivation-race-view: Shutting down shard [0] from region [Actor[akka://akka-runtime/system/sharding/sharded-daemon-process-eventSourcedProjection-passivation-race-entity-passivation-race-view#1244400082]]. Asking [1] region(s) to hand-off shard
08:05:14.440 DEBUG a.c.s.ShardCoordinator$RebalanceWorker - sharded-daemon-process-eventSourcedProjection-passivation-race-entity-passivation-race-consumer-b: Shutting down shard [0] from region [Actor[akka://akka-runtime/system/sharding/sharded-daemon-process-eventSourcedProjection-passivation-race-entity-passivation-race-consumer-b#776309259]]. Asking [1] region(s) to hand-off shard
08:05:14.440 WARN  akka.cluster.sharding.ShardRegion - passivation-race-entity: Dropping [1] buffered messages to shard [196] during hand off to avoid re-ordering
08:05:14.440 DEBUG a.c.s.t.i.ShardedDaemonProcessState$ - eventSourcedProjection-passivation-race-entity-passivation-race-view: Deferred start of worker to verify its revision [0] is the latest
08:05:14.440 DEBUG akka.cluster.sharding.Shard - sharded-daemon-process-eventSourcedProjection-passivation-race-entity-passivation-race-consumer-b: Request to start entity [0] and ack to [Some(Actor[akka://akka-runtime/deadLetters])]
08:05:14.440 DEBUG a.c.s.ShardCoordinator$RebalanceWorker - sharded-daemon-process-eventSourcedProjection-passivation-race-entity-passivation-race-consumer-a: Shutting down shard [0] from region [Actor[akka://akka-runtime/system/sharding/sharded-daemon-process-eventSourcedProjection-passivation-race-entity-passivation-race-consumer-a#-1589695897]]. Asking [1] region(s) to hand-off shard
08:05:14.440 DEBUG akka.cluster.sharding.Shard - sharded-daemon-process-eventSourcedProjection-passivation-race-entity-passivation-race-view: Request to start entity [0] and ack to [Some(Actor[akka://akka-runtime/deadLetters])]
08:05:14.440 DEBUG akka.cluster.sharding.Shard - sharded-daemon-process-eventSourcedProjection-passivation-race-entity-passivation-race-consumer-a: Request to start entity [0] and ack to [Some(Actor[akka://akka-runtime/deadLetters])]
08:05:14.440 DEBUG akka.cluster.sharding.Shard - passivation-race-entity: Shard initialized
08:05:14.440 DEBUG akka.cluster.sharding.Shard - sharded-daemon-process-eventSourcedProjection-passivation-race-entity-passivation-race-view: Started entity [Actor[akka://akka-runtime/system/sharding/sharded-daemon-process-eventSourcedProjection-passivation-race-entity-passivation-race-view/0/0#1990244239]] with entity id [0] in shard [0]
08:05:14.440 DEBUG akka.cluster.sharding.Shard - sharded-daemon-process-eventSourcedProjection-passivation-race-entity-passivation-race-consumer-a: Started entity [Actor[akka://akka-runtime/system/sharding/sharded-daemon-process-eventSourcedProjection-passivation-race-entity-passivation-race-consumer-a/0/0#1599232871]] with entity id [0] in shard [0]
08:05:14.440 DEBUG akka.cluster.sharding.Shard - sharded-daemon-process-eventSourcedProjection-passivation-race-entity-passivation-race-consumer-b: Started entity [Actor[akka://akka-runtime/system/sharding/sharded-daemon-process-eventSourcedProjection-passivation-race-entity-passivation-race-consumer-b/0/0#986684009]] with entity id [0] in shard [0]
08:05:14.440 DEBUG akka.cluster.sharding.Shard - passivation-race-entity: HandOff shard [196]
08:05:14.440 DEBUG a.c.s.ShardCoordinator$RebalanceWorker - sharded-daemon-process-eventSourcedProjection-passivation-race-entity-passivation-race-consumer-b: BeginHandOffAck for shard [0] received from [Actor[akka://akka-runtime/system/sharding/sharded-daemon-process-eventSourcedProjection-passivation-race-entity-passivation-race-consumer-b#776309259]].
08:05:14.440 DEBUG a.c.s.ShardCoordinator$RebalanceWorker - sharded-daemon-process-eventSourcedProjection-passivation-race-entity-passivation-race-consumer-a: BeginHandOffAck for shard [0] received from [Actor[akka://akka-runtime/system/sharding/sharded-daemon-process-eventSourcedProjection-passivation-race-entity-passivation-race-consumer-a#-1589695897]].
08:05:14.440 DEBUG a.c.s.ShardCoordinator$RebalanceWorker - sharded-daemon-process-eventSourcedProjection-passivation-race-entity-passivation-race-consumer-b: All shard regions acked, handing off shard [0].
08:05:14.440 DEBUG a.c.s.ShardCoordinator$RebalanceWorker - sharded-daemon-process-eventSourcedProjection-passivation-race-entity-passivation-race-consumer-a: All shard regions acked, handing off shard [0].
08:05:14.440 DEBUG akka.cluster.sharding.Shard - passivation-race-entity: Shard [196] shutting down
08:05:14.440 DEBUG akka.cluster.sharding.Shard - sharded-daemon-process-eventSourcedProjection-passivation-race-entity-passivation-race-consumer-a: HandOff shard [0]
08:05:14.440 DEBUG akka.cluster.sharding.Shard - sharded-daemon-process-eventSourcedProjection-passivation-race-entity-passivation-race-consumer-a: Starting HandOffStopper for shard [0] to terminate [1] entities.
08:05:14.440 DEBUG a.c.sharding.DDataShardCoordinator - passivation-race-entity: ShardRegion stopped: [Actor[akka://akka-runtime/system/sharding/passivation-race-entity#-60519727]]
08:05:14.441 DEBUG a.c.sharding.DDataShardCoordinator - passivation-race-entity: ShardRegion terminated (gracefully): [Actor[akka://akka-runtime/system/sharding/passivation-race-entity#-60519727]] {}
08:05:14.441 DEBUG a.c.sharding.DDataShardCoordinator - passivation-race-entity: GetShardHome [196] request from [Actor[akka://local/ignore]] deferred, because rebalance is in progress for this shard. It will be handled when rebalance is done.
08:05:14.441 DEBUG a.c.s.ShardCoordinator$RebalanceWorker - sharded-daemon-process-eventSourcedProjection-passivation-race-entity-passivation-race-view: BeginHandOffAck for shard [0] received from [Actor[akka://akka-runtime/system/sharding/sharded-daemon-process-eventSourcedProjection-passivation-race-entity-passivation-race-view#1244400082]].
08:05:14.441 DEBUG a.c.s.ShardCoordinator$RebalanceWorker - sharded-daemon-process-eventSourcedProjection-passivation-race-entity-passivation-race-view: All shard regions acked, handing off shard [0].
08:05:14.441 DEBUG akka.cluster.sharding.Shard - sharded-daemon-process-eventSourcedProjection-passivation-race-entity-passivation-race-view: HandOff shard [0]
08:05:14.441 DEBUG akka.cluster.sharding.Shard - sharded-daemon-process-eventSourcedProjection-passivation-race-entity-passivation-race-view: Starting HandOffStopper for shard [0] to terminate [1] entities.
08:05:14.441 DEBUG akka.cluster.sharding.Shard - sharded-daemon-process-eventSourcedProjection-passivation-race-entity-passivation-race-consumer-b: HandOff shard [0]
08:05:14.441 DEBUG a.c.sharding.DDataShardCoordinator - passivation-race-entity: The coordinator state was successfully updated with ShardRegionTerminated(Actor[akka://akka-runtime/system/sharding/passivation-race-entity#-60519727])
08:05:14.441 DEBUG akka.cluster.sharding.Shard - sharded-daemon-process-eventSourcedProjection-passivation-race-entity-passivation-race-consumer-b: Starting HandOffStopper for shard [0] to terminate [1] entities.
08:05:14.441 INFO  a.c.s.t.i.ShardedDaemonProcessState$ - eventSourcedProjection-passivation-race-entity-passivation-race-view: Starting Sharded Daemon Process [0] out of a total [1] (revision [0] and no state found)
08:05:14.441 DEBUG a.c.sharding.DDataShardCoordinator - passivation-race-entity: Shard [196] deallocation completed successfully.
08:05:14.440 DEBUG a.c.s.t.i.ShardedDaemonProcessState$ - eventSourcedProjection-passivation-race-entity-passivation-race-consumer-b: Deferred start of worker to verify its revision [0] is the latest
08:05:14.441 DEBUG a.c.s.t.i.ShardedDaemonProcessState$ - eventSourcedProjection-passivation-race-entity-passivation-race-consumer-a: Deferred start of worker to verify its revision [0] is the latest
08:05:14.441 INFO  a.c.s.t.i.ShardedDaemonProcessState$ - eventSourcedProjection-passivation-race-entity-passivation-race-consumer-a: Starting Sharded Daemon Process [0] out of a total [1] (revision [0] and no state found)
08:05:14.441 INFO  a.c.s.t.i.ShardedDaemonProcessState$ - eventSourcedProjection-passivation-race-entity-passivation-race-consumer-b: Starting Sharded Daemon Process [0] out of a total [1] (revision [0] and no state found)
08:05:14.441 DEBUG akka.cluster.sharding.Shard - sharded-daemon-process-eventSourcedProjection-passivation-race-entity-passivation-race-view: Shard [0] shutting down
08:05:14.441 DEBUG a.c.sharding.DDataShardCoordinator - sharded-daemon-process-eventSourcedProjection-passivation-race-entity-passivation-race-view: Shard [0] deallocation completed successfully.
08:05:14.441 DEBUG a.c.sharding.DDataShardCoordinator - sharded-daemon-process-eventSourcedProjection-passivation-race-entity-passivation-race-view: The coordinator state was successfully updated with ShardHomeDeallocated(0)
08:05:14.441 DEBUG a.c.sharding.DDataShardCoordinator - sharded-daemon-process-eventSourcedProjection-passivation-race-entity-passivation-race-view: Shard [0] deallocated after
08:05:14.442 DEBUG a.c.sharding.DDataShardCoordinator - sharded-daemon-process-eventSourcedProjection-passivation-race-entity-passivation-race-view: ShardRegion terminated (gracefully): [Actor[akka://akka-runtime/system/sharding/sharded-daemon-process-eventSourcedProjection-passivation-race-entity-passivation-race-view#1244400082]] {}
08:05:14.442 DEBUG a.c.sharding.DDataShardCoordinator - sharded-daemon-process-eventSourcedProjection-passivation-race-entity-passivation-race-view: GetShardHome [0] request from [Actor[akka://local/ignore]] stashed, because waiting for initial state or update of state. It will be handled afterwards.
08:05:14.442 DEBUG a.c.sharding.DDataShardCoordinator - sharded-daemon-process-eventSourcedProjection-passivation-race-entity-passivation-race-view: The coordinator state was successfully updated with ShardRegionTerminated(Actor[akka://akka-runtime/system/sharding/sharded-daemon-process-eventSourcedProjection-passivation-race-entity-passivation-race-view#1244400082])
08:05:14.442 DEBUG a.c.sharding.DDataShardCoordinator - sharded-daemon-process-eventSourcedProjection-passivation-race-entity-passivation-race-view: ShardRegion stopped: [Actor[akka://akka-runtime/system/sharding/sharded-daemon-process-eventSourcedProjection-passivation-race-entity-passivation-race-view#1244400082]]
08:05:15.207 WARN  a.c.s.ShardRegion$HandOffStopper - sharded-daemon-process-eventSourcedProjection-passivation-race-entity-passivation-race-consumer-b: [1] of the entities in shard [0] not stopped after [750 milliseconds]. Maybe the handOffStopMessage [akka.projection.ProjectionBehavior$Stop$] is not handled? Waiting additional [250 milliseconds] before stopping the remaining entities.
08:05:15.208 WARN  a.c.s.ShardRegion$HandOffStopper - sharded-daemon-process-eventSourcedProjection-passivation-race-entity-passivation-race-consumer-a: [1] of the entities in shard [0] not stopped after [750 milliseconds]. Maybe the handOffStopMessage [akka.projection.ProjectionBehavior$Stop$] is not handled? Waiting additional [250 milliseconds] before stopping the remaining entities.
08:05:15.456 WARN  a.c.s.ShardRegion$HandOffStopper - sharded-daemon-process-eventSourcedProjection-passivation-race-entity-passivation-race-consumer-b: HandOffStopMessage [akka.projection.ProjectionBehavior$Stop$] is not handled by some of the entities in shard [0] after [1 second], stopping the remaining [1] entities.
08:05:15.456 WARN  a.c.s.ShardRegion$HandOffStopper - sharded-daemon-process-eventSourcedProjection-passivation-race-entity-passivation-race-consumer-a: HandOffStopMessage [akka.projection.ProjectionBehavior$Stop$] is not handled by some of the entities in shard [0] after [1 second], stopping the remaining [1] entities.
08:05:15.457 DEBUG akka.cluster.sharding.Shard - sharded-daemon-process-eventSourcedProjection-passivation-race-entity-passivation-race-consumer-a: Shard [0] shutting down
08:05:15.457 DEBUG akka.cluster.sharding.Shard - sharded-daemon-process-eventSourcedProjection-passivation-race-entity-passivation-race-consumer-b: Shard [0] shutting down
08:05:15.457 DEBUG a.c.sharding.DDataShardCoordinator - sharded-daemon-process-eventSourcedProjection-passivation-race-entity-passivation-race-consumer-b: Shard [0] deallocation completed successfully.
08:05:15.457 DEBUG a.c.sharding.DDataShardCoordinator - sharded-daemon-process-eventSourcedProjection-passivation-race-entity-passivation-race-consumer-a: Shard [0] deallocation completed successfully.
08:05:15.457 DEBUG akka.actor.CoordinatedShutdown - Performing phase [cluster-leave] with [1] tasks.
08:05:15.457 DEBUG akka.actor.CoordinatedShutdown - Performing task [leave] in CoordinatedShutdown phase [cluster-leave]
08:05:15.457 DEBUG a.c.sharding.DDataShardCoordinator - sharded-daemon-process-eventSourcedProjection-passivation-race-entity-passivation-race-consumer-b: The coordinator state was successfully updated with ShardHomeDeallocated(0)
08:05:15.457 DEBUG a.c.sharding.DDataShardCoordinator - sharded-daemon-process-eventSourcedProjection-passivation-race-entity-passivation-race-consumer-b: Shard [0] deallocated after
08:05:15.457 DEBUG a.c.sharding.DDataShardCoordinator - sharded-daemon-process-eventSourcedProjection-passivation-race-entity-passivation-race-consumer-a: The coordinator state was successfully updated with ShardHomeDeallocated(0)
08:05:15.457 DEBUG a.c.sharding.DDataShardCoordinator - sharded-daemon-process-eventSourcedProjection-passivation-race-entity-passivation-race-consumer-a: Shard [0] deallocated after
08:05:15.457 DEBUG a.c.sharding.DDataShardCoordinator - sharded-daemon-process-eventSourcedProjection-passivation-race-entity-passivation-race-consumer-b: ShardRegion terminated (gracefully): [Actor[akka://akka-runtime/system/sharding/sharded-daemon-process-eventSourcedProjection-passivation-race-entity-passivation-race-consumer-b#776309259]] {}
08:05:15.458 DEBUG a.c.sharding.DDataShardCoordinator - sharded-daemon-process-eventSourcedProjection-passivation-race-entity-passivation-race-consumer-a: ShardRegion terminated (gracefully): [Actor[akka://akka-runtime/system/sharding/sharded-daemon-process-eventSourcedProjection-passivation-race-entity-passivation-race-consumer-a#-1589695897]] {}
08:05:15.458 DEBUG a.c.sharding.DDataShardCoordinator - sharded-daemon-process-eventSourcedProjection-passivation-race-entity-passivation-race-consumer-b: GetShardHome [0] request from [Actor[akka://local/ignore]] stashed, because waiting for initial state or update of state. It will be handled afterwards.
08:05:15.458 DEBUG a.c.sharding.DDataShardCoordinator - sharded-daemon-process-eventSourcedProjection-passivation-race-entity-passivation-race-consumer-a: GetShardHome [0] request from [Actor[akka://local/ignore]] stashed, because waiting for initial state or update of state. It will be handled afterwards.
08:05:15.458 DEBUG a.c.sharding.DDataShardCoordinator - sharded-daemon-process-eventSourcedProjection-passivation-race-entity-passivation-race-consumer-b: The coordinator state was successfully updated with ShardRegionTerminated(Actor[akka://akka-runtime/system/sharding/sharded-daemon-process-eventSourcedProjection-passivation-race-entity-passivation-race-consumer-b#776309259])
08:05:15.458 DEBUG a.c.sharding.DDataShardCoordinator - sharded-daemon-process-eventSourcedProjection-passivation-race-entity-passivation-race-consumer-b: ShardRegion stopped: [Actor[akka://akka-runtime/system/sharding/sharded-daemon-process-eventSourcedProjection-passivation-race-entity-passivation-race-consumer-b#776309259]]
08:05:15.458 DEBUG a.c.sharding.DDataShardCoordinator - sharded-daemon-process-eventSourcedProjection-passivation-race-entity-passivation-race-consumer-a: The coordinator state was successfully updated with ShardRegionTerminated(Actor[akka://akka-runtime/system/sharding/sharded-daemon-process-eventSourcedProjection-passivation-race-entity-passivation-race-consumer-a#-1589695897])
08:05:15.458 DEBUG a.c.sharding.DDataShardCoordinator - sharded-daemon-process-eventSourcedProjection-passivation-race-entity-passivation-race-consumer-a: ShardRegion stopped: [Actor[akka://akka-runtime/system/sharding/sharded-daemon-process-eventSourcedProjection-passivation-race-entity-passivation-race-consumer-a#-1589695897]]
08:05:15.458 DEBUG akka.actor.CoordinatedShutdown - Performing phase [cluster-exiting] with [28] tasks.
08:05:15.459 DEBUG akka.actor.CoordinatedShutdown - Performing task [singleton-exiting-2] in CoordinatedShutdown phase [cluster-exiting]
08:05:15.459 DEBUG akka.actor.CoordinatedShutdown - Performing task [singleton-exiting-2] in CoordinatedShutdown phase [cluster-exiting]
08:05:15.459 DEBUG akka.actor.CoordinatedShutdown - Performing task [wait-singleton-exiting] in CoordinatedShutdown phase [cluster-exiting]
08:05:15.459 DEBUG akka.actor.CoordinatedShutdown - Performing task [wait-singleton-exiting] in CoordinatedShutdown phase [cluster-exiting]
08:05:15.459 DEBUG akka.actor.CoordinatedShutdown - Performing task [singleton-exiting-2] in CoordinatedShutdown phase [cluster-exiting]
08:05:15.459 INFO  a.c.s.ClusterSingletonManager - Exited [akka://akka-runtime@127.0.0.1:62965].
08:05:15.459 DEBUG akka.actor.CoordinatedShutdown - Performing task [singleton-exiting-1] in CoordinatedShutdown phase [cluster-exiting]
08:05:15.459 INFO  a.c.s.ClusterSingletonManager - Exited [akka://akka-runtime@127.0.0.1:62965].
08:05:15.459 INFO  a.c.s.ClusterSingletonManager - Exited [akka://akka-runtime@127.0.0.1:62965].
08:05:15.459 DEBUG akka.actor.CoordinatedShutdown - Performing task [singleton-exiting-1] in CoordinatedShutdown phase [cluster-exiting]
08:05:15.459 DEBUG akka.actor.CoordinatedShutdown - Performing task [singleton-exiting-2] in CoordinatedShutdown phase [cluster-exiting]
08:05:15.459 DEBUG akka.actor.CoordinatedShutdown - Performing task [singleton-exiting-2] in CoordinatedShutdown phase [cluster-exiting]
08:05:15.459 DEBUG akka.actor.CoordinatedShutdown - Performing task [singleton-exiting-2] in CoordinatedShutdown phase [cluster-exiting]
08:05:15.459 DEBUG akka.actor.CoordinatedShutdown - Performing task [singleton-exiting-2] in CoordinatedShutdown phase [cluster-exiting]
08:05:15.459 INFO  a.c.s.ClusterSingletonManager - Exited [akka://akka-runtime@127.0.0.1:62965].
08:05:15.459 DEBUG akka.actor.CoordinatedShutdown - Performing task [wait-singleton-exiting] in CoordinatedShutdown phase [cluster-exiting]
08:05:15.459 DEBUG akka.actor.CoordinatedShutdown - Performing task [wait-singleton-exiting] in CoordinatedShutdown phase [cluster-exiting]
08:05:15.459 DEBUG akka.actor.CoordinatedShutdown - Performing task [wait-singleton-exiting] in CoordinatedShutdown phase [cluster-exiting]
08:05:15.459 DEBUG akka.actor.CoordinatedShutdown - Performing task [singleton-exiting-1] in CoordinatedShutdown phase [cluster-exiting]
08:05:15.459 INFO  a.c.s.ClusterSingletonManager - Oldest observed OldestChanged: [akka://akka-runtime@127.0.0.1:62965 -> None]
08:05:15.459 DEBUG akka.actor.CoordinatedShutdown - Performing task [singleton-exiting-2] in CoordinatedShutdown phase [cluster-exiting]
08:05:15.459 DEBUG akka.actor.CoordinatedShutdown - Performing task [singleton-exiting-1] in CoordinatedShutdown phase [cluster-exiting]
08:05:15.459 DEBUG akka.actor.CoordinatedShutdown - Performing task [wait-singleton-exiting] in CoordinatedShutdown phase [cluster-exiting]
08:05:15.459 DEBUG akka.actor.CoordinatedShutdown - Performing task [singleton-exiting-1] in CoordinatedShutdown phase [cluster-exiting]
08:05:15.459 INFO  a.c.s.ClusterSingletonManager - Exited [akka://akka-runtime@127.0.0.1:62965].
08:05:15.459 INFO  a.c.s.ClusterSingletonManager - ClusterSingletonManager state change [Oldest -> WasOldest]
08:05:15.459 DEBUG akka.actor.CoordinatedShutdown - Performing task [wait-singleton-exiting] in CoordinatedShutdown phase [cluster-exiting]
08:05:15.459 DEBUG akka.actor.CoordinatedShutdown - Performing task [singleton-exiting-1] in CoordinatedShutdown phase [cluster-exiting]
08:05:15.459 INFO  a.c.s.ClusterSingletonManager - Oldest observed OldestChanged: [akka://akka-runtime@127.0.0.1:62965 -> None]
08:05:15.459 DEBUG akka.actor.CoordinatedShutdown - Performing task [singleton-exiting-1] in CoordinatedShutdown phase [cluster-exiting]
08:05:15.459 INFO  a.c.s.ClusterSingletonManager - Exited [akka://akka-runtime@127.0.0.1:62965].
08:05:15.459 DEBUG akka.actor.CoordinatedShutdown - Performing task [singleton-exiting-1] in CoordinatedShutdown phase [cluster-exiting]
08:05:15.459 INFO  a.c.s.ClusterSingletonManager - ClusterSingletonManager state change [Oldest -> WasOldest]
08:05:15.459 DEBUG akka.actor.CoordinatedShutdown - Performing task [singleton-exiting-2] in CoordinatedShutdown phase [cluster-exiting]
08:05:15.459 INFO  a.c.s.ClusterSingletonManager - Exited [akka://akka-runtime@127.0.0.1:62965].
08:05:15.459 DEBUG akka.actor.CoordinatedShutdown - Performing task [singleton-exiting-1] in CoordinatedShutdown phase [cluster-exiting]
08:05:15.459 INFO  a.c.s.ClusterSingletonManager - Exited [akka://akka-runtime@127.0.0.1:62965].
08:05:15.459 DEBUG akka.actor.CoordinatedShutdown - Performing task [wait-singleton-exiting] in CoordinatedShutdown phase [cluster-exiting]
08:05:15.459 INFO  a.c.s.ClusterSingletonManager - Oldest observed OldestChanged: [akka://akka-runtime@127.0.0.1:62965 -> None]
08:05:15.459 DEBUG akka.actor.CoordinatedShutdown - Performing task [wait-singleton-exiting] in CoordinatedShutdown phase [cluster-exiting]
08:05:15.459 DEBUG akka.actor.CoordinatedShutdown - Performing task [wait-exiting] in CoordinatedShutdown phase [cluster-exiting]
08:05:15.459 INFO  a.c.s.ClusterSingletonManager - ClusterSingletonManager state change [Oldest -> WasOldest]
08:05:15.459 INFO  a.c.s.ClusterSingletonManager - Oldest observed OldestChanged: [akka://akka-runtime@127.0.0.1:62965 -> None]
08:05:15.459 INFO  a.c.s.ClusterSingletonManager - ClusterSingletonManager state change [Oldest -> WasOldest]
08:05:15.459 INFO  a.c.s.ClusterSingletonManager - Oldest observed OldestChanged: [akka://akka-runtime@127.0.0.1:62965 -> None]
08:05:15.459 INFO  a.c.s.ClusterSingletonManager - ClusterSingletonManager state change [Oldest -> WasOldest]
08:05:15.459 INFO  a.c.s.ClusterSingletonManager - Oldest observed OldestChanged: [akka://akka-runtime@127.0.0.1:62965 -> None]
08:05:15.459 INFO  a.c.s.ClusterSingletonManager - Exited [akka://akka-runtime@127.0.0.1:62965].
08:05:15.459 INFO  a.c.s.ClusterSingletonManager - ClusterSingletonManager state change [Oldest -> WasOldest]
08:05:15.459 INFO  a.c.s.ClusterSingletonManager - Oldest observed OldestChanged: [akka://akka-runtime@127.0.0.1:62965 -> None]
08:05:15.459 INFO  a.c.s.ClusterSingletonManager - Oldest observed OldestChanged: [akka://akka-runtime@127.0.0.1:62965 -> None]
08:05:15.459 INFO  a.c.s.ClusterSingletonManager - ClusterSingletonManager state change [Oldest -> WasOldest]
08:05:15.459 INFO  a.c.s.ClusterSingletonManager - ClusterSingletonManager state change [Oldest -> WasOldest]
08:05:15.459 INFO  a.c.s.ClusterSingletonManager - Oldest observed OldestChanged: [akka://akka-runtime@127.0.0.1:62965 -> None]
08:05:15.459 INFO  a.c.s.ClusterSingletonManager - ClusterSingletonManager state change [Oldest -> WasOldest]
08:05:16.098 DEBUG a.c.singleton.ClusterSingletonProxy - Creating singleton identification timer...
08:05:16.098 DEBUG a.c.singleton.ClusterSingletonProxy - Creating singleton identification timer...
08:05:16.098 DEBUG a.c.singleton.ClusterSingletonProxy - Creating singleton identification timer...
08:05:16.098 DEBUG a.c.singleton.ClusterSingletonProxy - Creating singleton identification timer...
08:05:16.476 INFO  a.c.s.ClusterSingletonManager - Singleton manager stopping singleton actor [akka://akka-runtime/system/sharding/passivation-race-entityCoordinator/singleton]
08:05:16.476 INFO  a.c.s.ClusterSingletonManager - Singleton manager stopping singleton actor [akka://akka-runtime/system/sharding/sharded-daemon-process-eventSourcedProjection-passivation-race-entity-passivation-race-consumer-bCoordinator/singleton]
08:05:16.476 INFO  a.c.s.ClusterSingletonManager - ClusterSingletonManager state change [WasOldest -> Stopping]
08:05:16.476 DEBUG a.c.sharding.DDataShardCoordinator - passivation-race-entity: Received termination message.
08:05:16.476 INFO  a.c.s.ClusterSingletonManager - Singleton manager stopping singleton actor [akka://akka-runtime/system/sharding/sharded-daemon-process-eventSourcedProjection-passivation-race-entity-passivation-race-consumer-aCoordinator/singleton]
08:05:16.476 INFO  a.c.s.ClusterSingletonManager - ClusterSingletonManager state change [WasOldest -> Stopping]
08:05:16.477 DEBUG a.c.sharding.DDataShardCoordinator - sharded-daemon-process-eventSourcedProjection-passivation-race-entity-passivation-race-consumer-a: Received termination message.
08:05:16.477 INFO  a.c.s.ClusterSingletonManager - Singleton actor [akka://akka-runtime/system/sharding/sharded-daemon-process-eventSourcedProjection-passivation-race-entity-passivation-race-consumer-aCoordinator/singleton] was terminated
08:05:16.478 INFO  a.c.s.ClusterSingletonManager - Singleton actor [akka://akka-runtime/system/sharding/passivation-race-entityCoordinator/singleton] was terminated
08:05:16.478 INFO  a.c.s.ClusterSingletonManager - Singleton manager stopping singleton actor [akka://akka-runtime/system/sharding/sharded-daemon-process-eventSourcedProjection-passivation-race-entity-passivation-race-viewCoordinator/singleton]
08:05:16.478 INFO  a.c.s.ClusterSingletonManager - ClusterSingletonManager state change [WasOldest -> Stopping]
08:05:16.478 DEBUG a.c.sharding.DDataShardCoordinator - sharded-daemon-process-eventSourcedProjection-passivation-race-entity-passivation-race-view: Received termination message.
08:05:16.478 INFO  a.c.s.ClusterSingletonManager - Singleton manager stopping singleton actor [akka://akka-runtime/system/singletonManagerShardedDaemonProcessCoordinator-eventSourcedProjection-passivation-race-entity-passivation-race-consumer-b/ShardedDaemonProcessCoordinator-eventSourcedProjection-passivation-race-entity-passivation-race-consumer-b]
08:05:16.478 INFO  a.c.s.ClusterSingletonManager - ClusterSingletonManager state change [WasOldest -> Stopping]
08:05:16.478 INFO  a.c.s.ClusterSingletonManager - Singleton actor [akka://akka-runtime/system/sharding/sharded-daemon-process-eventSourcedProjection-passivation-race-entity-passivation-race-viewCoordinator/singleton] was terminated
08:05:16.478 INFO  a.c.s.ClusterSingletonManager - Singleton actor [akka://akka-runtime/system/singletonManagerShardedDaemonProcessCoordinator-eventSourcedProjection-passivation-race-entity-passivation-race-consumer-b/ShardedDaemonProcessCoordinator-eventSourcedProjection-passivation-race-entity-passivation-race-consumer-b] was terminated
08:05:16.478 INFO  a.c.s.ClusterSingletonManager - Singleton manager stopping singleton actor [akka://akka-runtime/system/sharding/_timerCoordinator/singleton]
08:05:16.478 INFO  a.c.s.ClusterSingletonManager - ClusterSingletonManager state change [WasOldest -> Stopping]
08:05:16.478 INFO  a.c.s.ClusterSingletonManager - Singleton manager stopping singleton actor [akka://akka-runtime/system/singletonManagerShardedDaemonProcessCoordinator-eventSourcedProjection-passivation-race-entity-passivation-race-view/ShardedDaemonProcessCoordinator-eventSourcedProjection-passivation-race-entity-passivation-race-view]
08:05:16.478 INFO  a.c.s.ClusterSingletonManager - ClusterSingletonManager state change [WasOldest -> Stopping]
08:05:16.478 DEBUG a.c.sharding.DDataShardCoordinator - _timer: Received termination message.
08:05:16.478 INFO  a.c.s.ClusterSingletonManager - Singleton actor [akka://akka-runtime/system/singletonManagerShardedDaemonProcessCoordinator-eventSourcedProjection-passivation-race-entity-passivation-race-view/ShardedDaemonProcessCoordinator-eventSourcedProjection-passivation-race-entity-passivation-race-view] was terminated
08:05:16.478 INFO  a.c.s.ClusterSingletonManager - Singleton manager stopping singleton actor [akka://akka-runtime/system/singletonManagerShardedDaemonProcessCoordinator-eventSourcedProjection-passivation-race-entity-passivation-race-consumer-a/ShardedDaemonProcessCoordinator-eventSourcedProjection-passivation-race-entity-passivation-race-consumer-a]
08:05:16.478 INFO  a.c.s.ClusterSingletonManager - ClusterSingletonManager state change [WasOldest -> Stopping]
08:05:16.478 INFO  a.c.s.ClusterSingletonManager - Singleton actor [akka://akka-runtime/system/sharding/_timerCoordinator/singleton] was terminated
08:05:16.478 INFO  a.c.s.ClusterSingletonManager - Singleton actor [akka://akka-runtime/system/singletonManagerShardedDaemonProcessCoordinator-eventSourcedProjection-passivation-race-entity-passivation-race-consumer-a/ShardedDaemonProcessCoordinator-eventSourcedProjection-passivation-race-entity-passivation-race-consumer-a] was terminated
08:05:16.478 INFO  a.c.s.ClusterSingletonManager - Singleton manager stopping singleton actor [akka://akka-runtime/system/singletonManagerschemaSingleton/schemaSingleton]
08:05:16.478 INFO  a.c.s.ClusterSingletonManager - ClusterSingletonManager state change [WasOldest -> Stopping]
08:05:16.478 INFO  a.c.s.ClusterSingletonManager - Singleton actor [akka://akka-runtime/system/singletonManagerschemaSingleton/schemaSingleton] was terminated
08:05:16.478 DEBUG a.c.sharding.DDataShardCoordinator - sharded-daemon-process-eventSourcedProjection-passivation-race-entity-passivation-race-consumer-b: Received termination message.
08:05:16.478 INFO  a.c.s.ClusterSingletonManager - ClusterSingletonManager state change [WasOldest -> Stopping]
08:05:16.478 INFO  a.c.s.ClusterSingletonManager - Singleton actor [akka://akka-runtime/system/sharding/sharded-daemon-process-eventSourcedProjection-passivation-race-entity-passivation-race-consumer-bCoordinator/singleton] was terminated
08:05:16.478 DEBUG akka.actor.CoordinatedShutdown - Performing phase [cluster-exiting-done] with [1] tasks.
08:05:16.478 DEBUG akka.actor.CoordinatedShutdown - Performing task [exiting-completed] in CoordinatedShutdown phase [cluster-exiting-done]
08:05:16.479 DEBUG akka.actor.CoordinatedShutdown - Performing phase [cluster-shutdown] with [1] tasks.
08:05:16.479 DEBUG akka.actor.CoordinatedShutdown - Performing task [wait-shutdown] in CoordinatedShutdown phase [cluster-shutdown]
08:05:16.479 DEBUG akka.actor.CoordinatedShutdown - Performing phase [before-actor-system-terminate] with [2] tasks.
08:05:16.479 DEBUG akka.actor.CoordinatedShutdown - Performing task [close connection pools] in CoordinatedShutdown phase [before-actor-system-terminate]
08:05:16.480 DEBUG akka.actor.CoordinatedShutdown - Performing task [close-grpc-channels] in CoordinatedShutdown phase [before-actor-system-terminate]
08:05:16.480 DEBUG akka.actor.CoordinatedShutdown - Performing phase [actor-system-terminate] with [1] tasks.
08:05:16.480 DEBUG akka.actor.CoordinatedShutdown - Performing task [terminate-system] in CoordinatedShutdown phase [actor-system-terminate]
08:05:16.547 INFO  akka.runtime.AkkaRuntimeMain - Starting Akka Runtime version [1.6.15]
08:05:16.553 INFO  akka.javasdk.impl.ComponentLocator$ - Looking for component descriptors matching pattern [META-INF/akka-javasdk-components_*.conf]
08:05:16.558 INFO  akka.javasdk.testkit.TestKit - Eventing TestKit booting up on port: 62969
08:05:16.559 DEBUG a.c.singleton.ClusterSingletonProxy - Creating singleton identification timer...
08:05:16.559 DEBUG a.c.singleton.ClusterSingletonProxy - Trying to identify singleton at [akka://akka-runtime@127.0.0.1:62970/system/singletonManagerschemaSingleton/schemaSingleton]
08:05:16.560 DEBUG a.c.singleton.ClusterSingletonProxy - Singleton not available, buffering message type [kalix.runtime.SchemaSingleton$ExecDdl]
08:05:16.560 INFO  a.c.s.ClusterSingletonManager - Singleton manager starting singleton actor [akka://akka-runtime/system/singletonManagerschemaSingleton/schemaSingleton]
08:05:16.560 INFO  a.c.s.ClusterSingletonManager - ClusterSingletonManager state change [Start -> Oldest]
08:05:16.560 INFO  akka.javasdk.testkit.TestKit - Checking runtime status
08:05:16.621 DEBUG a.c.singleton.ClusterSingletonProxy - Trying to identify singleton at [akka://akka-runtime@127.0.0.1:62970/system/singletonManagerschemaSingleton/schemaSingleton]
08:05:16.621 INFO  a.c.singleton.ClusterSingletonProxy - Singleton identified at [akka://akka-runtime/system/singletonManagerschemaSingleton/schemaSingleton]
08:05:16.621 DEBUG a.c.singleton.ClusterSingletonProxy - Sending buffered messages to current singleton instance
08:05:16.622 INFO  a.c.s.typed.scaladsl.ClusterSharding - Starting Shard Region [passivation-race-entity]...
08:05:16.622 INFO  akka.cluster.sharding.ShardRegion - passivation-race-entity: Automatic entity passivation: composite strategy with limit of [10000] active entities, admission window (least recently used entities) with proportions [initial = 0.01, min = 0.01, max = 1.0] adapting with hill-climbing optimizer [adjust multiplier = 10.0, initial step = 0.0625, restart threshold = 0.05, step decay = 0.98], admit using frequency sketch [width multiplier = 4, reset multiplier = 10.0, depth = 4, counter bits = 4], main (least recently used entities (segmented with [2] levels with proportions of [0.20, 0.80]))
08:05:16.623 INFO  a.c.s.ClusterSingletonManager - Singleton manager starting singleton actor [akka://akka-runtime/system/sharding/passivation-race-entityCoordinator/singleton]
08:05:16.623 INFO  a.c.s.ClusterSingletonManager - ClusterSingletonManager state change [Start -> Oldest]
08:05:16.623 DEBUG a.c.sharding.DDataShardCoordinator - passivation-race-entity: Initial coordinator is empty.
08:05:16.623 INFO  a.c.sharding.DDataShardCoordinator - passivation-race-entity: ShardCoordinator was moved to the active state with [0] shards
08:05:16.624 DEBUG a.c.singleton.ClusterSingletonProxy - Forwarding message of type [SchemaSingleton$ExecDdl] to current singleton instance at [akka://akka-runtime/system/singletonManagerschemaSingleton/schemaSingleton]
08:05:16.624 INFO  akka.runtime.DiscoveryManager - Service components: EventSourcedEntity: [1], Consumer: [2], View: [1]
08:05:16.625 INFO  a.c.s.typed.scaladsl.ClusterSharding - Starting Shard Region [_timer]...
08:05:16.625 INFO  a.c.s.typed.scaladsl.ClusterSharding - Starting Shard Region [sharded-daemon-process-eventSourcedProjection-passivation-race-entity-passivation-race-consumer-a]...
08:05:16.625 INFO  akka.cluster.sharding.ShardRegion - sharded-daemon-process-eventSourcedProjection-passivation-race-entity-passivation-race-consumer-a: Automatic entity passivation: disabled
08:05:16.626 INFO  a.c.s.ClusterSingletonManager - Singleton manager starting singleton actor [akka://akka-runtime/system/sharding/_timerCoordinator/singleton]
08:05:16.626 INFO  a.c.s.ClusterSingletonManager - ClusterSingletonManager state change [Start -> Oldest]
08:05:16.626 DEBUG a.c.singleton.ClusterSingletonProxy - Creating singleton identification timer...
08:05:16.626 DEBUG a.c.sharding.DDataShardCoordinator - _timer: Starting remember entities store from provider akka.cluster.sharding.internal.DDataRememberEntitiesProvider@2522f168
08:05:16.626 DEBUG a.c.singleton.ClusterSingletonProxy - Trying to identify singleton at [akka://akka-runtime@127.0.0.1:62970/system/singletonManagerShardedDaemonProcessCoordinator-eventSourcedProjection-passivation-race-entity-passivation-race-consumer-a/ShardedDaemonProcessCoordinator-eventSourcedProjection-passivation-race-entity-passivation-race-consumer-a]
08:05:16.626 INFO  a.c.s.typed.scaladsl.ClusterSharding - Starting Shard Region [sharded-daemon-process-eventSourcedProjection-passivation-race-entity-passivation-race-consumer-b]...
08:05:16.626 INFO  a.c.s.ClusterSingletonManager - Singleton manager starting singleton actor [akka://akka-runtime/system/sharding/sharded-daemon-process-eventSourcedProjection-passivation-race-entity-passivation-race-consumer-aCoordinator/singleton]
08:05:16.626 DEBUG a.c.sharding.DDataShardCoordinator - _timer: Received [0] remembered shard ids (when waitingForInitialState)
08:05:16.626 INFO  a.c.s.ClusterSingletonManager - ClusterSingletonManager state change [Start -> Oldest]
08:05:16.626 DEBUG a.c.sharding.DDataShardCoordinator - _timer: Initial coordinator is empty.
08:05:16.626 INFO  a.c.sharding.DDataShardCoordinator - _timer: ShardCoordinator was moved to the active state with [0] shards
08:05:16.626 INFO  akka.cluster.sharding.ShardRegion - sharded-daemon-process-eventSourcedProjection-passivation-race-entity-passivation-race-consumer-b: Automatic entity passivation: disabled
08:05:16.626 DEBUG a.c.sharding.DDataShardCoordinator - sharded-daemon-process-eventSourcedProjection-passivation-race-entity-passivation-race-consumer-a: Initial coordinator is empty.
08:05:16.626 INFO  a.c.sharding.DDataShardCoordinator - sharded-daemon-process-eventSourcedProjection-passivation-race-entity-passivation-race-consumer-a: ShardCoordinator was moved to the active state with [0] shards
08:05:16.626 INFO  a.c.s.ClusterSingletonManager - Singleton manager starting singleton actor [akka://akka-runtime/system/singletonManagerShardedDaemonProcessCoordinator-eventSourcedProjection-passivation-race-entity-passivation-race-consumer-a/ShardedDaemonProcessCoordinator-eventSourcedProjection-passivation-race-entity-passivation-race-consumer-a]
08:05:16.626 INFO  a.c.s.ClusterSingletonManager - ClusterSingletonManager state change [Start -> Oldest]
08:05:16.626 INFO  a.c.s.typed.scaladsl.ClusterSharding - Starting Shard Region [sharded-daemon-process-eventSourcedProjection-passivation-race-entity-passivation-race-view]...
08:05:16.626 DEBUG a.c.s.t.i.ShardedDaemonProcessCoordinator$ - ShardedDaemonProcessCoordinator for [eventSourcedProjection-passivation-race-entity-passivation-race-consumer-a] starting
08:05:16.626 DEBUG a.c.singleton.ClusterSingletonProxy - Creating singleton identification timer...
08:05:16.626 DEBUG a.c.singleton.ClusterSingletonProxy - Trying to identify singleton at [akka://akka-runtime@127.0.0.1:62970/system/singletonManagerShardedDaemonProcessCoordinator-eventSourcedProjection-passivation-race-entity-passivation-race-consumer-b/ShardedDaemonProcessCoordinator-eventSourcedProjection-passivation-race-entity-passivation-race-consumer-b]
08:05:16.626 INFO  akka.cluster.sharding.ShardRegion - sharded-daemon-process-eventSourcedProjection-passivation-race-entity-passivation-race-view: Automatic entity passivation: disabled
08:05:16.627 DEBUG a.c.s.t.i.ShardedDaemonProcessCoordinator$ - eventSourcedProjection-passivation-race-entity-passivation-race-consumer-a: No previous state stored for Sharded Daemon Process
08:05:16.627 DEBUG a.c.s.t.i.ShardedDaemonProcessCoordinator$ - Sending periodic keep alive for Sharded Daemon Process [eventSourcedProjection-passivation-race-entity-passivation-race-consumer-a] to [1] processes (revision [0]).
08:05:16.627 DEBUG a.c.singleton.ClusterSingletonProxy - Creating singleton identification timer...
08:05:16.627 DEBUG a.c.singleton.ClusterSingletonProxy - Trying to identify singleton at [akka://akka-runtime@127.0.0.1:62970/system/singletonManagerShardedDaemonProcessCoordinator-eventSourcedProjection-passivation-race-entity-passivation-race-view/ShardedDaemonProcessCoordinator-eventSourcedProjection-passivation-race-entity-passivation-race-view]
08:05:16.627 INFO  a.c.s.ClusterSingletonManager - Singleton manager starting singleton actor [akka://akka-runtime/system/singletonManagerShardedDaemonProcessCoordinator-eventSourcedProjection-passivation-race-entity-passivation-race-consumer-b/ShardedDaemonProcessCoordinator-eventSourcedProjection-passivation-race-entity-passivation-race-consumer-b]
08:05:16.627 INFO  a.c.s.ClusterSingletonManager - Singleton manager starting singleton actor [akka://akka-runtime/system/sharding/sharded-daemon-process-eventSourcedProjection-passivation-race-entity-passivation-race-consumer-bCoordinator/singleton]
08:05:16.627 INFO  a.c.s.ClusterSingletonManager - Singleton manager starting singleton actor [akka://akka-runtime/system/sharding/sharded-daemon-process-eventSourcedProjection-passivation-race-entity-passivation-race-viewCoordinator/singleton]
08:05:16.627 INFO  a.c.s.ClusterSingletonManager - ClusterSingletonManager state change [Start -> Oldest]
08:05:16.627 INFO  a.c.s.ClusterSingletonManager - ClusterSingletonManager state change [Start -> Oldest]
08:05:16.627 INFO  a.c.s.ClusterSingletonManager - ClusterSingletonManager state change [Start -> Oldest]
08:05:16.627 INFO  a.c.s.ClusterSingletonManager - Singleton manager starting singleton actor [akka://akka-runtime/system/singletonManagerShardedDaemonProcessCoordinator-eventSourcedProjection-passivation-race-entity-passivation-race-view/ShardedDaemonProcessCoordinator-eventSourcedProjection-passivation-race-entity-passivation-race-view]
08:05:16.627 INFO  a.c.s.ClusterSingletonManager - ClusterSingletonManager state change [Start -> Oldest]
08:05:16.627 DEBUG a.c.s.t.i.ShardedDaemonProcessCoordinator$ - ShardedDaemonProcessCoordinator for [eventSourcedProjection-passivation-race-entity-passivation-race-consumer-b] starting
08:05:16.627 DEBUG a.c.s.t.i.ShardedDaemonProcessCoordinator$ - ShardedDaemonProcessCoordinator for [eventSourcedProjection-passivation-race-entity-passivation-race-view] starting
08:05:16.627 DEBUG a.c.s.t.i.ShardedDaemonProcessCoordinator$ - eventSourcedProjection-passivation-race-entity-passivation-race-consumer-b: No previous state stored for Sharded Daemon Process
08:05:16.627 DEBUG a.c.sharding.DDataShardCoordinator - sharded-daemon-process-eventSourcedProjection-passivation-race-entity-passivation-race-view: Initial coordinator is empty.
08:05:16.627 INFO  a.c.sharding.DDataShardCoordinator - sharded-daemon-process-eventSourcedProjection-passivation-race-entity-passivation-race-view: ShardCoordinator was moved to the active state with [0] shards
08:05:16.627 DEBUG a.c.s.t.i.ShardedDaemonProcessCoordinator$ - Sending periodic keep alive for Sharded Daemon Process [eventSourcedProjection-passivation-race-entity-passivation-race-consumer-b] to [1] processes (revision [0]).
08:05:16.627 DEBUG a.c.sharding.DDataShardCoordinator - sharded-daemon-process-eventSourcedProjection-passivation-race-entity-passivation-race-consumer-b: Initial coordinator is empty.
08:05:16.627 INFO  a.c.sharding.DDataShardCoordinator - sharded-daemon-process-eventSourcedProjection-passivation-race-entity-passivation-race-consumer-b: ShardCoordinator was moved to the active state with [0] shards
08:05:16.627 DEBUG a.c.s.t.i.ShardedDaemonProcessCoordinator$ - eventSourcedProjection-passivation-race-entity-passivation-race-view: No previous state stored for Sharded Daemon Process
08:05:16.627 INFO  akka.runtime.DiscoveryManager - Akka Runtime started at 127.0.0.1:62968
08:05:16.627 DEBUG a.c.s.t.i.ShardedDaemonProcessCoordinator$ - Sending periodic keep alive for Sharded Daemon Process [eventSourcedProjection-passivation-race-entity-passivation-race-view] to [1] processes (revision [0]).
08:05:16.627 INFO  repro.Bootstrap - onStartup burst of 8 starting
08:05:16.681 INFO  akka.javasdk.testkit.TestKit - Runtime started
08:05:16.682 INFO  akka.actor.CoordinatedShutdown - Running CoordinatedShutdown with reason [ActorSystemTerminateReason]
08:05:16.682 DEBUG akka.actor.CoordinatedShutdown - Performing phase [before-service-unbind] with [0] tasks
08:05:16.682 DEBUG akka.actor.CoordinatedShutdown - Performing phase [service-unbind] with [1] tasks.
08:05:16.682 DEBUG akka.actor.CoordinatedShutdown - Performing task [http-unbind-/127.0.0.1:62968] in CoordinatedShutdown phase [service-unbind]
08:05:16.682 DEBUG akka.actor.CoordinatedShutdown - Performing phase [service-requests-done] with [1] tasks.
08:05:16.682 DEBUG akka.actor.CoordinatedShutdown - Performing task [http-terminate-/127.0.0.1:62968] in CoordinatedShutdown phase [service-requests-done]
08:05:16.682 DEBUG akka.actor.CoordinatedShutdown - Performing phase [service-stop] with [1] tasks.
08:05:16.682 DEBUG akka.actor.CoordinatedShutdown - Performing task [stop-grpc-clients] in CoordinatedShutdown phase [service-stop]
08:05:16.682 DEBUG akka.actor.CoordinatedShutdown - Performing phase [before-cluster-shutdown] with [0] tasks
08:05:16.682 DEBUG akka.actor.CoordinatedShutdown - Performing phase [cluster-sharding-shutdown-region] with [5] tasks.
08:05:16.682 DEBUG akka.actor.CoordinatedShutdown - Performing task [region-shutdown] in CoordinatedShutdown phase [cluster-sharding-shutdown-region]
08:05:16.682 DEBUG akka.actor.CoordinatedShutdown - Performing task [region-shutdown] in CoordinatedShutdown phase [cluster-sharding-shutdown-region]
08:05:16.682 DEBUG akka.actor.CoordinatedShutdown - Performing task [region-shutdown] in CoordinatedShutdown phase [cluster-sharding-shutdown-region]
08:05:16.682 DEBUG akka.actor.CoordinatedShutdown - Performing task [region-shutdown] in CoordinatedShutdown phase [cluster-sharding-shutdown-region]
08:05:16.682 DEBUG akka.actor.CoordinatedShutdown - Performing task [region-shutdown] in CoordinatedShutdown phase [cluster-sharding-shutdown-region]
08:05:16.682 DEBUG a.c.sharding.DDataShardCoordinator - sharded-daemon-process-eventSourcedProjection-passivation-race-entity-passivation-race-consumer-b: Unknown region requested graceful shutdown [Actor[akka://akka-runtime/system/sharding/sharded-daemon-process-eventSourcedProjection-passivation-race-entity-passivation-race-consumer-b#-272894961]]
08:05:16.682 DEBUG a.c.sharding.DDataShardCoordinator - _timer: Unknown region requested graceful shutdown [Actor[akka://akka-runtime/system/sharding/_timer#-1929187872]]
08:05:16.682 DEBUG a.c.sharding.DDataShardCoordinator - passivation-race-entity: Unknown region requested graceful shutdown [Actor[akka://akka-runtime/system/sharding/passivation-race-entity#697619555]]
08:05:16.682 DEBUG a.c.sharding.DDataShardCoordinator - sharded-daemon-process-eventSourcedProjection-passivation-race-entity-passivation-race-consumer-a: Unknown region requested graceful shutdown [Actor[akka://akka-runtime/system/sharding/sharded-daemon-process-eventSourcedProjection-passivation-race-entity-passivation-race-consumer-a#-1269483017]]
08:05:16.682 DEBUG a.c.sharding.DDataShardCoordinator - sharded-daemon-process-eventSourcedProjection-passivation-race-entity-passivation-race-view: Unknown region requested graceful shutdown [Actor[akka://akka-runtime/system/sharding/sharded-daemon-process-eventSourcedProjection-passivation-race-entity-passivation-race-view#1676590647]]
08:05:16.689 DEBUG a.c.singleton.ClusterSingletonProxy - Trying to identify singleton at [akka://akka-runtime@127.0.0.1:62970/system/singletonManagerShardedDaemonProcessCoordinator-eventSourcedProjection-passivation-race-entity-passivation-race-consumer-b/ShardedDaemonProcessCoordinator-eventSourcedProjection-passivation-race-entity-passivation-race-consumer-b]
08:05:16.689 DEBUG a.c.singleton.ClusterSingletonProxy - Trying to identify singleton at [akka://akka-runtime@127.0.0.1:62970/system/singletonManagerShardedDaemonProcessCoordinator-eventSourcedProjection-passivation-race-entity-passivation-race-consumer-a/ShardedDaemonProcessCoordinator-eventSourcedProjection-passivation-race-entity-passivation-race-consumer-a]
08:05:16.690 DEBUG a.c.singleton.ClusterSingletonProxy - Trying to identify singleton at [akka://akka-runtime@127.0.0.1:62970/system/singletonManagerShardedDaemonProcessCoordinator-eventSourcedProjection-passivation-race-entity-passivation-race-view/ShardedDaemonProcessCoordinator-eventSourcedProjection-passivation-race-entity-passivation-race-view]
08:05:16.690 INFO  a.c.singleton.ClusterSingletonProxy - Singleton identified at [akka://akka-runtime/system/singletonManagerShardedDaemonProcessCoordinator-eventSourcedProjection-passivation-race-entity-passivation-race-consumer-a/ShardedDaemonProcessCoordinator-eventSourcedProjection-passivation-race-entity-passivation-race-consumer-a]
08:05:16.690 INFO  a.c.singleton.ClusterSingletonProxy - Singleton identified at [akka://akka-runtime/system/singletonManagerShardedDaemonProcessCoordinator-eventSourcedProjection-passivation-race-entity-passivation-race-view/ShardedDaemonProcessCoordinator-eventSourcedProjection-passivation-race-entity-passivation-race-view]
08:05:16.690 INFO  a.c.singleton.ClusterSingletonProxy - Singleton identified at [akka://akka-runtime/system/singletonManagerShardedDaemonProcessCoordinator-eventSourcedProjection-passivation-race-entity-passivation-race-consumer-b/ShardedDaemonProcessCoordinator-eventSourcedProjection-passivation-race-entity-passivation-race-consumer-b]
08:05:16.690 DEBUG a.c.singleton.ClusterSingletonProxy - Sending buffered messages to current singleton instance
08:05:16.690 DEBUG a.c.singleton.ClusterSingletonProxy - Sending buffered messages to current singleton instance
08:05:16.690 DEBUG a.c.singleton.ClusterSingletonProxy - Sending buffered messages to current singleton instance
08:05:16.890 DEBUG a.c.sharding.DDataShardCoordinator - sharded-daemon-process-eventSourcedProjection-passivation-race-entity-passivation-race-consumer-a: ShardRegion registered: [Actor[akka://akka-runtime/system/sharding/sharded-daemon-process-eventSourcedProjection-passivation-race-entity-passivation-race-consumer-a#-1269483017]]
08:05:16.890 DEBUG a.c.sharding.DDataShardCoordinator - passivation-race-entity: ShardRegion registered: [Actor[akka://akka-runtime/system/sharding/passivation-race-entity#697619555]]
08:05:16.890 DEBUG a.c.sharding.DDataShardCoordinator - sharded-daemon-process-eventSourcedProjection-passivation-race-entity-passivation-race-consumer-b: ShardRegion registered: [Actor[akka://akka-runtime/system/sharding/sharded-daemon-process-eventSourcedProjection-passivation-race-entity-passivation-race-consumer-b#-272894961]]
08:05:16.890 DEBUG a.c.sharding.DDataShardCoordinator - sharded-daemon-process-eventSourcedProjection-passivation-race-entity-passivation-race-view: ShardRegion registered: [Actor[akka://akka-runtime/system/sharding/sharded-daemon-process-eventSourcedProjection-passivation-race-entity-passivation-race-view#1676590647]]
08:05:16.890 DEBUG a.c.sharding.DDataShardCoordinator - sharded-daemon-process-eventSourcedProjection-passivation-race-entity-passivation-race-view: The coordinator state was successfully updated with ShardRegionRegistered(Actor[akka://akka-runtime/system/sharding/sharded-daemon-process-eventSourcedProjection-passivation-race-entity-passivation-race-view#1676590647])
08:05:16.890 DEBUG a.c.sharding.DDataShardCoordinator - sharded-daemon-process-eventSourcedProjection-passivation-race-entity-passivation-race-consumer-a: The coordinator state was successfully updated with ShardRegionRegistered(Actor[akka://akka-runtime/system/sharding/sharded-daemon-process-eventSourcedProjection-passivation-race-entity-passivation-race-consumer-a#-1269483017])
08:05:16.890 DEBUG a.c.sharding.DDataShardCoordinator - passivation-race-entity: The coordinator state was successfully updated with ShardRegionRegistered(Actor[akka://akka-runtime/system/sharding/passivation-race-entity#697619555])
08:05:16.890 DEBUG a.c.sharding.DDataShardCoordinator - sharded-daemon-process-eventSourcedProjection-passivation-race-entity-passivation-race-consumer-b: The coordinator state was successfully updated with ShardRegionRegistered(Actor[akka://akka-runtime/system/sharding/sharded-daemon-process-eventSourcedProjection-passivation-race-entity-passivation-race-consumer-b#-272894961])
08:05:16.891 DEBUG a.c.sharding.DDataShardCoordinator - sharded-daemon-process-eventSourcedProjection-passivation-race-entity-passivation-race-consumer-a: The coordinator state was successfully updated with ShardHomeAllocated(0,Actor[akka://akka-runtime/system/sharding/sharded-daemon-process-eventSourcedProjection-passivation-race-entity-passivation-race-consumer-a#-1269483017])
08:05:16.891 DEBUG a.c.sharding.DDataShardCoordinator - sharded-daemon-process-eventSourcedProjection-passivation-race-entity-passivation-race-consumer-b: The coordinator state was successfully updated with ShardHomeAllocated(0,Actor[akka://akka-runtime/system/sharding/sharded-daemon-process-eventSourcedProjection-passivation-race-entity-passivation-race-consumer-b#-272894961])
08:05:16.891 DEBUG a.c.sharding.DDataShardCoordinator - passivation-race-entity: The coordinator state was successfully updated with ShardHomeAllocated(96,Actor[akka://akka-runtime/system/sharding/passivation-race-entity#697619555])
08:05:16.891 DEBUG a.c.sharding.DDataShardCoordinator - sharded-daemon-process-eventSourcedProjection-passivation-race-entity-passivation-race-view: The coordinator state was successfully updated with ShardHomeAllocated(0,Actor[akka://akka-runtime/system/sharding/sharded-daemon-process-eventSourcedProjection-passivation-race-entity-passivation-race-view#1676590647])
08:05:16.891 DEBUG a.c.sharding.DDataShardCoordinator - sharded-daemon-process-eventSourcedProjection-passivation-race-entity-passivation-race-consumer-a: Shard [0] allocated at [Actor[akka://akka-runtime/system/sharding/sharded-daemon-process-eventSourcedProjection-passivation-race-entity-passivation-race-consumer-a#-1269483017]]
08:05:16.891 DEBUG a.c.sharding.DDataShardCoordinator - sharded-daemon-process-eventSourcedProjection-passivation-race-entity-passivation-race-consumer-b: Shard [0] allocated at [Actor[akka://akka-runtime/system/sharding/sharded-daemon-process-eventSourcedProjection-passivation-race-entity-passivation-race-consumer-b#-272894961]]
08:05:16.891 DEBUG a.c.sharding.DDataShardCoordinator - passivation-race-entity: Shard [96] allocated at [Actor[akka://akka-runtime/system/sharding/passivation-race-entity#697619555]]
08:05:16.892 DEBUG a.c.sharding.DDataShardCoordinator - sharded-daemon-process-eventSourcedProjection-passivation-race-entity-passivation-race-consumer-b: Graceful shutdown of region [Actor[akka://akka-runtime/system/sharding/sharded-daemon-process-eventSourcedProjection-passivation-race-entity-passivation-race-consumer-b#-272894961]] with [1] shards
08:05:16.892 INFO  a.c.sharding.DDataShardCoordinator - sharded-daemon-process-eventSourcedProjection-passivation-race-entity-passivation-race-consumer-b: Starting shutting down shards [0] due to region shutting down or explicit stopping of shards.
08:05:16.892 DEBUG a.c.sharding.DDataShardCoordinator - sharded-daemon-process-eventSourcedProjection-passivation-race-entity-passivation-race-consumer-a: Graceful shutdown of region [Actor[akka://akka-runtime/system/sharding/sharded-daemon-process-eventSourcedProjection-passivation-race-entity-passivation-race-consumer-a#-1269483017]] with [1] shards
08:05:16.892 INFO  a.c.sharding.DDataShardCoordinator - sharded-daemon-process-eventSourcedProjection-passivation-race-entity-passivation-race-consumer-a: Starting shutting down shards [0] due to region shutting down or explicit stopping of shards.
08:05:16.892 DEBUG a.c.s.ShardCoordinator$RebalanceWorker - sharded-daemon-process-eventSourcedProjection-passivation-race-entity-passivation-race-consumer-b: Shutting down shard [0] from region [Actor[akka://akka-runtime/system/sharding/sharded-daemon-process-eventSourcedProjection-passivation-race-entity-passivation-race-consumer-b#-272894961]]. Asking [1] region(s) to hand-off shard
08:05:16.892 DEBUG akka.cluster.sharding.Shard - sharded-daemon-process-eventSourcedProjection-passivation-race-entity-passivation-race-consumer-b: Shard initialized
08:05:16.892 DEBUG akka.cluster.sharding.Shard - sharded-daemon-process-eventSourcedProjection-passivation-race-entity-passivation-race-consumer-a: Shard initialized
08:05:16.892 DEBUG a.c.s.ShardCoordinator$RebalanceWorker - sharded-daemon-process-eventSourcedProjection-passivation-race-entity-passivation-race-consumer-b: BeginHandOffAck for shard [0] received from [Actor[akka://akka-runtime/system/sharding/sharded-daemon-process-eventSourcedProjection-passivation-race-entity-passivation-race-consumer-b#-272894961]].
08:05:16.892 DEBUG a.c.s.ShardCoordinator$RebalanceWorker - sharded-daemon-process-eventSourcedProjection-passivation-race-entity-passivation-race-consumer-b: All shard regions acked, handing off shard [0].
08:05:16.892 DEBUG akka.cluster.sharding.Shard - sharded-daemon-process-eventSourcedProjection-passivation-race-entity-passivation-race-consumer-b: Request to start entity [0] and ack to [Some(Actor[akka://akka-runtime/deadLetters])]
08:05:16.892 DEBUG a.c.s.ShardCoordinator$RebalanceWorker - sharded-daemon-process-eventSourcedProjection-passivation-race-entity-passivation-race-consumer-a: Shutting down shard [0] from region [Actor[akka://akka-runtime/system/sharding/sharded-daemon-process-eventSourcedProjection-passivation-race-entity-passivation-race-consumer-a#-1269483017]]. Asking [1] region(s) to hand-off shard
08:05:16.892 DEBUG akka.cluster.sharding.Shard - sharded-daemon-process-eventSourcedProjection-passivation-race-entity-passivation-race-consumer-a: Request to start entity [0] and ack to [Some(Actor[akka://akka-runtime/deadLetters])]
08:05:16.892 DEBUG akka.cluster.sharding.Shard - sharded-daemon-process-eventSourcedProjection-passivation-race-entity-passivation-race-consumer-b: Started entity [Actor[akka://akka-runtime/system/sharding/sharded-daemon-process-eventSourcedProjection-passivation-race-entity-passivation-race-consumer-b/0/0#1123643189]] with entity id [0] in shard [0]
08:05:16.892 DEBUG akka.cluster.sharding.Shard - sharded-daemon-process-eventSourcedProjection-passivation-race-entity-passivation-race-consumer-a: Started entity [Actor[akka://akka-runtime/system/sharding/sharded-daemon-process-eventSourcedProjection-passivation-race-entity-passivation-race-consumer-a/0/0#-2101568709]] with entity id [0] in shard [0]
08:05:16.892 DEBUG a.c.sharding.DDataShardCoordinator - passivation-race-entity: Graceful shutdown of region [Actor[akka://akka-runtime/system/sharding/passivation-race-entity#697619555]] with [1] shards
08:05:16.892 INFO  a.c.sharding.DDataShardCoordinator - passivation-race-entity: Starting shutting down shards [96] due to region shutting down or explicit stopping of shards.
08:05:16.892 DEBUG a.c.s.t.i.ShardedDaemonProcessState$ - eventSourcedProjection-passivation-race-entity-passivation-race-consumer-a: Deferred start of worker to verify its revision [0] is the latest
08:05:16.892 DEBUG a.c.s.t.i.ShardedDaemonProcessState$ - eventSourcedProjection-passivation-race-entity-passivation-race-consumer-b: Deferred start of worker to verify its revision [0] is the latest
08:05:16.892 DEBUG a.c.s.ShardCoordinator$RebalanceWorker - sharded-daemon-process-eventSourcedProjection-passivation-race-entity-passivation-race-consumer-a: BeginHandOffAck for shard [0] received from [Actor[akka://akka-runtime/system/sharding/sharded-daemon-process-eventSourcedProjection-passivation-race-entity-passivation-race-consumer-a#-1269483017]].
08:05:16.892 DEBUG a.c.s.ShardCoordinator$RebalanceWorker - sharded-daemon-process-eventSourcedProjection-passivation-race-entity-passivation-race-consumer-a: All shard regions acked, handing off shard [0].
08:05:16.892 DEBUG akka.cluster.sharding.Shard - sharded-daemon-process-eventSourcedProjection-passivation-race-entity-passivation-race-consumer-b: HandOff shard [0]
08:05:16.892 DEBUG akka.cluster.sharding.Shard - sharded-daemon-process-eventSourcedProjection-passivation-race-entity-passivation-race-consumer-b: Starting HandOffStopper for shard [0] to terminate [1] entities.
08:05:16.892 DEBUG akka.cluster.sharding.Shard - passivation-race-entity: Shard initialized
08:05:16.892 DEBUG akka.cluster.sharding.Shard - sharded-daemon-process-eventSourcedProjection-passivation-race-entity-passivation-race-consumer-a: HandOff shard [0]
08:05:16.892 DEBUG akka.cluster.sharding.Shard - sharded-daemon-process-eventSourcedProjection-passivation-race-entity-passivation-race-consumer-a: Starting HandOffStopper for shard [0] to terminate [1] entities.
08:05:16.893 DEBUG a.c.s.ShardCoordinator$RebalanceWorker - passivation-race-entity: Shutting down shard [96] from region [Actor[akka://akka-runtime/system/sharding/passivation-race-entity#697619555]]. Asking [1] region(s) to hand-off shard
08:05:16.893 INFO  a.c.s.t.i.ShardedDaemonProcessState$ - eventSourcedProjection-passivation-race-entity-passivation-race-consumer-b: Starting Sharded Daemon Process [0] out of a total [1] (revision [0] and no state found)
08:05:16.893 DEBUG a.c.s.ShardCoordinator$RebalanceWorker - passivation-race-entity: BeginHandOffAck for shard [96] received from [Actor[akka://akka-runtime/system/sharding/passivation-race-entity#697619555]].
08:05:16.893 DEBUG a.c.s.ShardCoordinator$RebalanceWorker - passivation-race-entity: All shard regions acked, handing off shard [96].
08:05:16.893 DEBUG akka.cluster.sharding.Shard - passivation-race-entity: Started entity [Actor[akka://akka-runtime/system/sharding/passivation-race-entity/96/009dc654-9abe-40ed-a291-1551f268ccca#2024186297]] with entity id [009dc654-9abe-40ed-a291-1551f268ccca] in shard [96]
08:05:16.893 DEBUG akka.cluster.sharding.Shard - passivation-race-entity: HandOff shard [96]
08:05:16.893 DEBUG akka.cluster.sharding.Shard - passivation-race-entity: Starting HandOffStopper for shard [96] to terminate [1] entities.
08:05:16.893 INFO  a.c.s.t.i.ShardedDaemonProcessState$ - eventSourcedProjection-passivation-race-entity-passivation-race-consumer-a: Starting Sharded Daemon Process [0] out of a total [1] (revision [0] and no state found)
08:05:16.893 DEBUG a.c.sharding.DDataShardCoordinator - sharded-daemon-process-eventSourcedProjection-passivation-race-entity-passivation-race-view: Shard [0] allocated at [Actor[akka://akka-runtime/system/sharding/sharded-daemon-process-eventSourcedProjection-passivation-race-entity-passivation-race-view#1676590647]]
08:05:16.894 DEBUG a.c.sharding.DDataShardCoordinator - sharded-daemon-process-eventSourcedProjection-passivation-race-entity-passivation-race-view: Graceful shutdown of region [Actor[akka://akka-runtime/system/sharding/sharded-daemon-process-eventSourcedProjection-passivation-race-entity-passivation-race-view#1676590647]] with [1] shards
08:05:16.894 INFO  a.c.sharding.DDataShardCoordinator - sharded-daemon-process-eventSourcedProjection-passivation-race-entity-passivation-race-view: Starting shutting down shards [0] due to region shutting down or explicit stopping of shards.
08:05:16.894 DEBUG akka.cluster.sharding.Shard - sharded-daemon-process-eventSourcedProjection-passivation-race-entity-passivation-race-view: Shard initialized
08:05:16.894 DEBUG a.c.s.ShardCoordinator$RebalanceWorker - sharded-daemon-process-eventSourcedProjection-passivation-race-entity-passivation-race-view: Shutting down shard [0] from region [Actor[akka://akka-runtime/system/sharding/sharded-daemon-process-eventSourcedProjection-passivation-race-entity-passivation-race-view#1676590647]]. Asking [1] region(s) to hand-off shard
08:05:16.894 DEBUG a.c.s.ShardCoordinator$RebalanceWorker - sharded-daemon-process-eventSourcedProjection-passivation-race-entity-passivation-race-view: BeginHandOffAck for shard [0] received from [Actor[akka://akka-runtime/system/sharding/sharded-daemon-process-eventSourcedProjection-passivation-race-entity-passivation-race-view#1676590647]].
08:05:16.894 DEBUG a.c.s.ShardCoordinator$RebalanceWorker - sharded-daemon-process-eventSourcedProjection-passivation-race-entity-passivation-race-view: All shard regions acked, handing off shard [0].
08:05:16.894 DEBUG akka.cluster.sharding.Shard - sharded-daemon-process-eventSourcedProjection-passivation-race-entity-passivation-race-view: Request to start entity [0] and ack to [Some(Actor[akka://akka-runtime/deadLetters])]
08:05:16.894 DEBUG akka.cluster.sharding.Shard - sharded-daemon-process-eventSourcedProjection-passivation-race-entity-passivation-race-view: Started entity [Actor[akka://akka-runtime/system/sharding/sharded-daemon-process-eventSourcedProjection-passivation-race-entity-passivation-race-view/0/0#941741701]] with entity id [0] in shard [0]
08:05:16.894 DEBUG akka.cluster.sharding.Shard - sharded-daemon-process-eventSourcedProjection-passivation-race-entity-passivation-race-view: HandOff shard [0]
08:05:16.894 DEBUG akka.cluster.sharding.Shard - sharded-daemon-process-eventSourcedProjection-passivation-race-entity-passivation-race-view: Starting HandOffStopper for shard [0] to terminate [1] entities.
08:05:16.894 DEBUG a.c.s.t.i.ShardedDaemonProcessState$ - eventSourcedProjection-passivation-race-entity-passivation-race-view: Deferred start of worker to verify its revision [0] is the latest
08:05:16.894 INFO  a.c.s.t.i.ShardedDaemonProcessState$ - eventSourcedProjection-passivation-race-entity-passivation-race-view: Starting Sharded Daemon Process [0] out of a total [1] (revision [0] and no state found)
08:05:16.900 DEBUG akka.cluster.sharding.Shard - sharded-daemon-process-eventSourcedProjection-passivation-race-entity-passivation-race-consumer-b: Shard [0] shutting down
08:05:16.900 DEBUG a.c.sharding.DDataShardCoordinator - sharded-daemon-process-eventSourcedProjection-passivation-race-entity-passivation-race-consumer-b: Shard [0] deallocation completed successfully.
08:05:16.901 DEBUG a.c.sharding.DDataShardCoordinator - sharded-daemon-process-eventSourcedProjection-passivation-race-entity-passivation-race-consumer-b: The coordinator state was successfully updated with ShardHomeDeallocated(0)
08:05:16.901 DEBUG a.c.sharding.DDataShardCoordinator - sharded-daemon-process-eventSourcedProjection-passivation-race-entity-passivation-race-consumer-b: Shard [0] deallocated after
08:05:16.901 DEBUG a.c.sharding.DDataShardCoordinator - sharded-daemon-process-eventSourcedProjection-passivation-race-entity-passivation-race-consumer-b: ShardRegion terminated (gracefully): [Actor[akka://akka-runtime/system/sharding/sharded-daemon-process-eventSourcedProjection-passivation-race-entity-passivation-race-consumer-b#-272894961]] {}
08:05:16.901 DEBUG a.c.sharding.DDataShardCoordinator - sharded-daemon-process-eventSourcedProjection-passivation-race-entity-passivation-race-consumer-b: GetShardHome [0] request from [Actor[akka://local/ignore]] stashed, because waiting for initial state or update of state. It will be handled afterwards.
08:05:16.901 DEBUG a.c.sharding.DDataShardCoordinator - sharded-daemon-process-eventSourcedProjection-passivation-race-entity-passivation-race-consumer-b: The coordinator state was successfully updated with ShardRegionTerminated(Actor[akka://akka-runtime/system/sharding/sharded-daemon-process-eventSourcedProjection-passivation-race-entity-passivation-race-consumer-b#-272894961])
08:05:16.901 DEBUG a.c.sharding.DDataShardCoordinator - sharded-daemon-process-eventSourcedProjection-passivation-race-entity-passivation-race-consumer-b: ShardRegion stopped: [Actor[akka://akka-runtime/system/sharding/sharded-daemon-process-eventSourcedProjection-passivation-race-entity-passivation-race-consumer-b#-272894961]]
08:05:16.901 DEBUG akka.cluster.sharding.Shard - sharded-daemon-process-eventSourcedProjection-passivation-race-entity-passivation-race-consumer-a: Shard [0] shutting down
08:05:16.901 DEBUG a.c.sharding.DDataShardCoordinator - sharded-daemon-process-eventSourcedProjection-passivation-race-entity-passivation-race-consumer-a: Shard [0] deallocation completed successfully.
08:05:16.902 DEBUG a.c.sharding.DDataShardCoordinator - sharded-daemon-process-eventSourcedProjection-passivation-race-entity-passivation-race-consumer-a: The coordinator state was successfully updated with ShardHomeDeallocated(0)
08:05:16.902 DEBUG a.c.sharding.DDataShardCoordinator - sharded-daemon-process-eventSourcedProjection-passivation-race-entity-passivation-race-consumer-a: Shard [0] deallocated after
08:05:16.902 DEBUG a.c.sharding.DDataShardCoordinator - sharded-daemon-process-eventSourcedProjection-passivation-race-entity-passivation-race-consumer-a: ShardRegion terminated (gracefully): [Actor[akka://akka-runtime/system/sharding/sharded-daemon-process-eventSourcedProjection-passivation-race-entity-passivation-race-consumer-a#-1269483017]] {}
08:05:16.902 DEBUG a.c.sharding.DDataShardCoordinator - sharded-daemon-process-eventSourcedProjection-passivation-race-entity-passivation-race-consumer-a: GetShardHome [0] request from [Actor[akka://local/ignore]] stashed, because waiting for initial state or update of state. It will be handled afterwards.
08:05:16.902 DEBUG a.c.sharding.DDataShardCoordinator - sharded-daemon-process-eventSourcedProjection-passivation-race-entity-passivation-race-consumer-a: The coordinator state was successfully updated with ShardRegionTerminated(Actor[akka://akka-runtime/system/sharding/sharded-daemon-process-eventSourcedProjection-passivation-race-entity-passivation-race-consumer-a#-1269483017])
08:05:16.902 DEBUG a.c.sharding.DDataShardCoordinator - sharded-daemon-process-eventSourcedProjection-passivation-race-entity-passivation-race-consumer-a: ShardRegion stopped: [Actor[akka://akka-runtime/system/sharding/sharded-daemon-process-eventSourcedProjection-passivation-race-entity-passivation-race-consumer-a#-1269483017]]
08:05:16.909 DEBUG a.c.sharding.DDataShardCoordinator - passivation-race-entity: Shard [96] deallocation completed successfully.
08:05:16.909 DEBUG akka.cluster.sharding.Shard - passivation-race-entity: Shard [96] shutting down
08:05:16.909 DEBUG a.c.sharding.DDataShardCoordinator - passivation-race-entity: The coordinator state was successfully updated with ShardHomeDeallocated(96)
08:05:16.909 DEBUG a.c.sharding.DDataShardCoordinator - passivation-race-entity: Shard [96] deallocated after
08:05:16.909 DEBUG a.c.sharding.DDataShardCoordinator - passivation-race-entity: ShardRegion terminated (gracefully): [Actor[akka://akka-runtime/system/sharding/passivation-race-entity#697619555]] {}
08:05:16.909 DEBUG a.c.sharding.DDataShardCoordinator - passivation-race-entity: GetShardHome [96] request from [Actor[akka://local/ignore]] stashed, because waiting for initial state or update of state. It will be handled afterwards.
08:05:16.909 DEBUG a.c.sharding.DDataShardCoordinator - passivation-race-entity: The coordinator state was successfully updated with ShardRegionTerminated(Actor[akka://akka-runtime/system/sharding/passivation-race-entity#697619555])
08:05:16.909 DEBUG a.c.sharding.DDataShardCoordinator - passivation-race-entity: ShardRegion stopped: [Actor[akka://akka-runtime/system/sharding/passivation-race-entity#697619555]]
08:05:16.910 ERROR repro.Bootstrap - onStartup() threw an exception
java.util.concurrent.TimeoutException: Command to entity [passivation-race-entity] id [78ae04ff-59eb-4f5d-8ac1-127ace307bbf] timed out.
	at kalix.runtime.eventsourcedentity.EventSourcedSupport$$anonfun$$nestedInanonfun$handleCommand$1$1.applyOrElse(EventSourcedEntitySupportFactory.scala:191)
	at kalix.runtime.eventsourcedentity.EventSourcedSupport$$anonfun$$nestedInanonfun$handleCommand$1$1.applyOrElse(EventSourcedEntitySupportFactory.scala:189)
	at scala.concurrent.impl.Promise$Transformation.run(Promise.scala:523)
	at akka.dispatch.BatchingExecutor$AbstractBatch.processBatch(BatchingExecutor.scala:64)
	at akka.dispatch.BatchingExecutor$BlockableBatch.$anonfun$run$1(BatchingExecutor.scala:101)
	at scala.runtime.java8.JFunction0$mcV$sp.apply(JFunction0$mcV$sp.scala:18)
	at scala.concurrent.BlockContext$.withBlockContext(BlockContext.scala:94)
	at akka.dispatch.BatchingExecutor$BlockableBatch.run(BatchingExecutor.scala:101)
	at akka.dispatch.TaskInvocation.run(AbstractDispatcher.scala:48)
	at akka.dispatch.ForkJoinExecutorConfigurator$AkkaForkJoinTask.exec(ForkJoinExecutorConfigurator.scala:60)
	at java.base/java.util.concurrent.ForkJoinTask.doExec(ForkJoinTask.java:507)
	at java.base/java.util.concurrent.ForkJoinPool$WorkQueue.topLevelExec(ForkJoinPool.java:1450)
	at java.base/java.util.concurrent.ForkJoinPool.runWorker(ForkJoinPool.java:2019)
	at java.base/java.util.concurrent.ForkJoinWorkerThread.run(ForkJoinWorkerThread.java:187)
08:05:17.660 WARN  a.c.s.ShardRegion$HandOffStopper - sharded-daemon-process-eventSourcedProjection-passivation-race-entity-passivation-race-view: [1] of the entities in shard [0] not stopped after [750 milliseconds]. Maybe the handOffStopMessage [akka.projection.ProjectionBehavior$Stop$] is not handled? Waiting additional [250 milliseconds] before stopping the remaining entities.
08:05:17.911 WARN  a.c.s.ShardRegion$HandOffStopper - sharded-daemon-process-eventSourcedProjection-passivation-race-entity-passivation-race-view: HandOffStopMessage [akka.projection.ProjectionBehavior$Stop$] is not handled by some of the entities in shard [0] after [1 second], stopping the remaining [1] entities.
08:05:17.912 DEBUG akka.cluster.sharding.Shard - sharded-daemon-process-eventSourcedProjection-passivation-race-entity-passivation-race-view: Shard [0] shutting down
08:05:17.912 DEBUG a.c.sharding.DDataShardCoordinator - sharded-daemon-process-eventSourcedProjection-passivation-race-entity-passivation-race-view: Shard [0] deallocation completed successfully.
08:05:17.914 DEBUG a.c.sharding.DDataShardCoordinator - sharded-daemon-process-eventSourcedProjection-passivation-race-entity-passivation-race-view: The coordinator state was successfully updated with ShardHomeDeallocated(0)
08:05:17.914 DEBUG a.c.sharding.DDataShardCoordinator - sharded-daemon-process-eventSourcedProjection-passivation-race-entity-passivation-race-view: Shard [0] deallocated after
08:05:17.914 DEBUG akka.actor.CoordinatedShutdown - Performing phase [cluster-leave] with [1] tasks.
08:05:17.914 DEBUG a.c.sharding.DDataShardCoordinator - sharded-daemon-process-eventSourcedProjection-passivation-race-entity-passivation-race-view: ShardRegion terminated (gracefully): [Actor[akka://akka-runtime/system/sharding/sharded-daemon-process-eventSourcedProjection-passivation-race-entity-passivation-race-view#1676590647]] {}
08:05:17.914 DEBUG akka.actor.CoordinatedShutdown - Performing task [leave] in CoordinatedShutdown phase [cluster-leave]
08:05:17.914 DEBUG a.c.sharding.DDataShardCoordinator - sharded-daemon-process-eventSourcedProjection-passivation-race-entity-passivation-race-view: GetShardHome [0] request from [Actor[akka://local/ignore]] stashed, because waiting for initial state or update of state. It will be handled afterwards.
08:05:17.915 DEBUG a.c.sharding.DDataShardCoordinator - sharded-daemon-process-eventSourcedProjection-passivation-race-entity-passivation-race-view: The coordinator state was successfully updated with ShardRegionTerminated(Actor[akka://akka-runtime/system/sharding/sharded-daemon-process-eventSourcedProjection-passivation-race-entity-passivation-race-view#1676590647])
08:05:17.915 DEBUG a.c.sharding.DDataShardCoordinator - sharded-daemon-process-eventSourcedProjection-passivation-race-entity-passivation-race-view: ShardRegion stopped: [Actor[akka://akka-runtime/system/sharding/sharded-daemon-process-eventSourcedProjection-passivation-race-entity-passivation-race-view#1676590647]]
08:05:17.915 DEBUG akka.actor.CoordinatedShutdown - Performing phase [cluster-exiting] with [28] tasks.
08:05:17.915 DEBUG akka.actor.CoordinatedShutdown - Performing task [singleton-exiting-2] in CoordinatedShutdown phase [cluster-exiting]
08:05:17.916 DEBUG akka.actor.CoordinatedShutdown - Performing task [singleton-exiting-1] in CoordinatedShutdown phase [cluster-exiting]
08:05:17.916 DEBUG akka.actor.CoordinatedShutdown - Performing task [singleton-exiting-2] in CoordinatedShutdown phase [cluster-exiting]
08:05:17.916 DEBUG akka.actor.CoordinatedShutdown - Performing task [wait-singleton-exiting] in CoordinatedShutdown phase [cluster-exiting]
08:05:17.916 DEBUG akka.actor.CoordinatedShutdown - Performing task [wait-singleton-exiting] in CoordinatedShutdown phase [cluster-exiting]
08:05:17.916 DEBUG akka.actor.CoordinatedShutdown - Performing task [wait-singleton-exiting] in CoordinatedShutdown phase [cluster-exiting]
08:05:17.916 DEBUG akka.actor.CoordinatedShutdown - Performing task [singleton-exiting-2] in CoordinatedShutdown phase [cluster-exiting]
08:05:17.916 DEBUG akka.actor.CoordinatedShutdown - Performing task [singleton-exiting-1] in CoordinatedShutdown phase [cluster-exiting]
08:05:17.916 DEBUG akka.actor.CoordinatedShutdown - Performing task [wait-singleton-exiting] in CoordinatedShutdown phase [cluster-exiting]
08:05:17.916 DEBUG akka.actor.CoordinatedShutdown - Performing task [singleton-exiting-2] in CoordinatedShutdown phase [cluster-exiting]
08:05:17.916 DEBUG akka.actor.CoordinatedShutdown - Performing task [wait-singleton-exiting] in CoordinatedShutdown phase [cluster-exiting]
08:05:17.916 DEBUG akka.actor.CoordinatedShutdown - Performing task [singleton-exiting-1] in CoordinatedShutdown phase [cluster-exiting]
08:05:17.916 DEBUG akka.actor.CoordinatedShutdown - Performing task [singleton-exiting-2] in CoordinatedShutdown phase [cluster-exiting]
08:05:17.916 DEBUG akka.actor.CoordinatedShutdown - Performing task [singleton-exiting-1] in CoordinatedShutdown phase [cluster-exiting]
08:05:17.916 DEBUG akka.actor.CoordinatedShutdown - Performing task [singleton-exiting-2] in CoordinatedShutdown phase [cluster-exiting]
08:05:17.916 DEBUG akka.actor.CoordinatedShutdown - Performing task [singleton-exiting-1] in CoordinatedShutdown phase [cluster-exiting]
08:05:17.916 DEBUG akka.actor.CoordinatedShutdown - Performing task [wait-exiting] in CoordinatedShutdown phase [cluster-exiting]
08:05:17.916 DEBUG akka.actor.CoordinatedShutdown - Performing task [singleton-exiting-2] in CoordinatedShutdown phase [cluster-exiting]
08:05:17.916 DEBUG akka.actor.CoordinatedShutdown - Performing task [wait-singleton-exiting] in CoordinatedShutdown phase [cluster-exiting]
08:05:17.916 DEBUG akka.actor.CoordinatedShutdown - Performing task [singleton-exiting-1] in CoordinatedShutdown phase [cluster-exiting]
08:05:17.916 DEBUG akka.actor.CoordinatedShutdown - Performing task [singleton-exiting-1] in CoordinatedShutdown phase [cluster-exiting]
08:05:17.916 DEBUG akka.actor.CoordinatedShutdown - Performing task [singleton-exiting-1] in CoordinatedShutdown phase [cluster-exiting]
08:05:17.916 DEBUG akka.actor.CoordinatedShutdown - Performing task [wait-singleton-exiting] in CoordinatedShutdown phase [cluster-exiting]
08:05:17.916 DEBUG akka.actor.CoordinatedShutdown - Performing task [singleton-exiting-1] in CoordinatedShutdown phase [cluster-exiting]
08:05:17.916 DEBUG akka.actor.CoordinatedShutdown - Performing task [singleton-exiting-2] in CoordinatedShutdown phase [cluster-exiting]
08:05:17.916 DEBUG akka.actor.CoordinatedShutdown - Performing task [wait-singleton-exiting] in CoordinatedShutdown phase [cluster-exiting]
08:05:17.916 DEBUG akka.actor.CoordinatedShutdown - Performing task [singleton-exiting-2] in CoordinatedShutdown phase [cluster-exiting]
08:05:17.916 DEBUG akka.actor.CoordinatedShutdown - Performing task [wait-singleton-exiting] in CoordinatedShutdown phase [cluster-exiting]
08:05:17.916 INFO  a.c.s.ClusterSingletonManager - Exited [akka://akka-runtime@127.0.0.1:62970].
08:05:17.916 INFO  a.c.s.ClusterSingletonManager - Exited [akka://akka-runtime@127.0.0.1:62970].
08:05:17.916 INFO  a.c.s.ClusterSingletonManager - Exited [akka://akka-runtime@127.0.0.1:62970].
08:05:17.916 INFO  a.c.s.ClusterSingletonManager - Exited [akka://akka-runtime@127.0.0.1:62970].
08:05:17.916 INFO  a.c.s.ClusterSingletonManager - Oldest observed OldestChanged: [akka://akka-runtime@127.0.0.1:62970 -> None]
08:05:17.916 INFO  a.c.s.ClusterSingletonManager - Oldest observed OldestChanged: [akka://akka-runtime@127.0.0.1:62970 -> None]
08:05:17.916 INFO  a.c.s.ClusterSingletonManager - ClusterSingletonManager state change [Oldest -> WasOldest]
08:05:17.917 INFO  a.c.s.ClusterSingletonManager - ClusterSingletonManager state change [Oldest -> WasOldest]
08:05:17.917 INFO  a.c.s.ClusterSingletonManager - Exited [akka://akka-runtime@127.0.0.1:62970].
08:05:17.917 INFO  a.c.s.ClusterSingletonManager - Exited [akka://akka-runtime@127.0.0.1:62970].
08:05:17.917 INFO  a.c.s.ClusterSingletonManager - Oldest observed OldestChanged: [akka://akka-runtime@127.0.0.1:62970 -> None]
08:05:17.917 INFO  a.c.s.ClusterSingletonManager - ClusterSingletonManager state change [Oldest -> WasOldest]
08:05:17.917 INFO  a.c.s.ClusterSingletonManager - Exited [akka://akka-runtime@127.0.0.1:62970].
08:05:17.917 INFO  a.c.s.ClusterSingletonManager - Oldest observed OldestChanged: [akka://akka-runtime@127.0.0.1:62970 -> None]
08:05:17.917 INFO  a.c.s.ClusterSingletonManager - ClusterSingletonManager state change [Oldest -> WasOldest]
08:05:17.917 INFO  a.c.s.ClusterSingletonManager - Oldest observed OldestChanged: [akka://akka-runtime@127.0.0.1:62970 -> None]
08:05:17.917 INFO  a.c.s.ClusterSingletonManager - Exited [akka://akka-runtime@127.0.0.1:62970].
08:05:17.917 INFO  a.c.s.ClusterSingletonManager - ClusterSingletonManager state change [Oldest -> WasOldest]
08:05:17.917 INFO  a.c.s.ClusterSingletonManager - Oldest observed OldestChanged: [akka://akka-runtime@127.0.0.1:62970 -> None]
08:05:17.917 INFO  a.c.s.ClusterSingletonManager - ClusterSingletonManager state change [Oldest -> WasOldest]
08:05:17.917 INFO  a.c.s.ClusterSingletonManager - Exited [akka://akka-runtime@127.0.0.1:62970].
08:05:17.917 INFO  a.c.s.ClusterSingletonManager - Oldest observed OldestChanged: [akka://akka-runtime@127.0.0.1:62970 -> None]
08:05:17.917 INFO  a.c.s.ClusterSingletonManager - ClusterSingletonManager state change [Oldest -> WasOldest]
08:05:17.917 INFO  a.c.s.ClusterSingletonManager - Oldest observed OldestChanged: [akka://akka-runtime@127.0.0.1:62970 -> None]
08:05:17.917 INFO  a.c.s.ClusterSingletonManager - ClusterSingletonManager state change [Oldest -> WasOldest]
08:05:17.917 INFO  a.c.s.ClusterSingletonManager - Oldest observed OldestChanged: [akka://akka-runtime@127.0.0.1:62970 -> None]
08:05:17.917 INFO  a.c.s.ClusterSingletonManager - ClusterSingletonManager state change [Oldest -> WasOldest]
08:05:17.918 WARN  a.s.s.RestartWithBackoffSource - Restarting stream due to failure [1]: akka.projection.r2dbc.internal.R2dbcOffsetStore$AttemptToUseStoppedOffsetStore: eventSourcedProjection-passivation-race-entity-passivation-race-view [0-1023], correlation [37e83287-13ca-4603-8ec2-f1e11ee0d789]: R2dbcOffsetStore was stopped
08:05:18.551 DEBUG a.c.singleton.ClusterSingletonProxy - Creating singleton identification timer...
08:05:18.552 DEBUG a.c.singleton.ClusterSingletonProxy - Creating singleton identification timer...
08:05:18.552 DEBUG a.c.singleton.ClusterSingletonProxy - Creating singleton identification timer...
08:05:18.552 DEBUG a.c.singleton.ClusterSingletonProxy - Creating singleton identification timer...
08:05:18.930 INFO  a.c.s.ClusterSingletonManager - Singleton manager stopping singleton actor [akka://akka-runtime/system/sharding/sharded-daemon-process-eventSourcedProjection-passivation-race-entity-passivation-race-consumer-aCoordinator/singleton]
08:05:18.931 INFO  a.c.s.ClusterSingletonManager - Singleton manager stopping singleton actor [akka://akka-runtime/system/sharding/sharded-daemon-process-eventSourcedProjection-passivation-race-entity-passivation-race-consumer-bCoordinator/singleton]
08:05:18.931 INFO  a.c.s.ClusterSingletonManager - Singleton manager stopping singleton actor [akka://akka-runtime/system/sharding/sharded-daemon-process-eventSourcedProjection-passivation-race-entity-passivation-race-viewCoordinator/singleton]
08:05:18.931 INFO  a.c.s.ClusterSingletonManager - ClusterSingletonManager state change [WasOldest -> Stopping]
08:05:18.931 INFO  a.c.s.ClusterSingletonManager - ClusterSingletonManager state change [WasOldest -> Stopping]
08:05:18.931 INFO  a.c.s.ClusterSingletonManager - ClusterSingletonManager state change [WasOldest -> Stopping]
08:05:18.931 DEBUG a.c.sharding.DDataShardCoordinator - sharded-daemon-process-eventSourcedProjection-passivation-race-entity-passivation-race-view: Received termination message.
08:05:18.931 DEBUG a.c.sharding.DDataShardCoordinator - sharded-daemon-process-eventSourcedProjection-passivation-race-entity-passivation-race-consumer-b: Received termination message.
08:05:18.931 INFO  a.c.s.ClusterSingletonManager - Singleton actor [akka://akka-runtime/system/sharding/sharded-daemon-process-eventSourcedProjection-passivation-race-entity-passivation-race-consumer-bCoordinator/singleton] was terminated
08:05:18.931 DEBUG a.c.sharding.DDataShardCoordinator - sharded-daemon-process-eventSourcedProjection-passivation-race-entity-passivation-race-consumer-a: Received termination message.
08:05:18.931 INFO  a.c.s.ClusterSingletonManager - Singleton actor [akka://akka-runtime/system/sharding/sharded-daemon-process-eventSourcedProjection-passivation-race-entity-passivation-race-viewCoordinator/singleton] was terminated
08:05:18.931 INFO  a.c.s.ClusterSingletonManager - Singleton actor [akka://akka-runtime/system/sharding/sharded-daemon-process-eventSourcedProjection-passivation-race-entity-passivation-race-consumer-aCoordinator/singleton] was terminated
08:05:18.931 INFO  a.c.s.ClusterSingletonManager - Singleton manager stopping singleton actor [akka://akka-runtime/system/sharding/_timerCoordinator/singleton]
08:05:18.931 INFO  a.c.s.ClusterSingletonManager - Singleton manager stopping singleton actor [akka://akka-runtime/system/singletonManagerShardedDaemonProcessCoordinator-eventSourcedProjection-passivation-race-entity-passivation-race-view/ShardedDaemonProcessCoordinator-eventSourcedProjection-passivation-race-entity-passivation-race-view]
08:05:18.931 INFO  a.c.s.ClusterSingletonManager - ClusterSingletonManager state change [WasOldest -> Stopping]
08:05:18.931 INFO  a.c.s.ClusterSingletonManager - Singleton manager stopping singleton actor [akka://akka-runtime/system/singletonManagerShardedDaemonProcessCoordinator-eventSourcedProjection-passivation-race-entity-passivation-race-consumer-a/ShardedDaemonProcessCoordinator-eventSourcedProjection-passivation-race-entity-passivation-race-consumer-a]
08:05:18.931 INFO  a.c.s.ClusterSingletonManager - ClusterSingletonManager state change [WasOldest -> Stopping]
08:05:18.931 INFO  a.c.s.ClusterSingletonManager - ClusterSingletonManager state change [WasOldest -> Stopping]
08:05:18.931 INFO  a.c.s.ClusterSingletonManager - Singleton manager stopping singleton actor [akka://akka-runtime/system/singletonManagerShardedDaemonProcessCoordinator-eventSourcedProjection-passivation-race-entity-passivation-race-consumer-b/ShardedDaemonProcessCoordinator-eventSourcedProjection-passivation-race-entity-passivation-race-consumer-b]
08:05:18.931 INFO  a.c.s.ClusterSingletonManager - ClusterSingletonManager state change [WasOldest -> Stopping]
08:05:18.931 DEBUG a.c.sharding.DDataShardCoordinator - _timer: Received termination message.
08:05:18.931 INFO  a.c.s.ClusterSingletonManager - Singleton manager stopping singleton actor [akka://akka-runtime/system/singletonManagerschemaSingleton/schemaSingleton]
08:05:18.931 INFO  a.c.s.ClusterSingletonManager - ClusterSingletonManager state change [WasOldest -> Stopping]
08:05:18.931 INFO  a.c.s.ClusterSingletonManager - Singleton manager stopping singleton actor [akka://akka-runtime/system/sharding/passivation-race-entityCoordinator/singleton]
08:05:18.931 INFO  a.c.s.ClusterSingletonManager - ClusterSingletonManager state change [WasOldest -> Stopping]
08:05:18.931 DEBUG a.c.sharding.DDataShardCoordinator - passivation-race-entity: Received termination message.
08:05:18.931 INFO  a.c.s.ClusterSingletonManager - Singleton actor [akka://akka-runtime/system/singletonManagerschemaSingleton/schemaSingleton] was terminated
08:05:18.931 INFO  a.c.s.ClusterSingletonManager - Singleton actor [akka://akka-runtime/system/sharding/_timerCoordinator/singleton] was terminated
08:05:18.931 INFO  a.c.s.ClusterSingletonManager - Singleton actor [akka://akka-runtime/system/sharding/passivation-race-entityCoordinator/singleton] was terminated
08:05:18.932 INFO  a.c.s.ClusterSingletonManager - Singleton actor [akka://akka-runtime/system/singletonManagerShardedDaemonProcessCoordinator-eventSourcedProjection-passivation-race-entity-passivation-race-consumer-a/ShardedDaemonProcessCoordinator-eventSourcedProjection-passivation-race-entity-passivation-race-consumer-a] was terminated
08:05:18.932 INFO  a.c.s.ClusterSingletonManager - Singleton actor [akka://akka-runtime/system/singletonManagerShardedDaemonProcessCoordinator-eventSourcedProjection-passivation-race-entity-passivation-race-consumer-b/ShardedDaemonProcessCoordinator-eventSourcedProjection-passivation-race-entity-passivation-race-consumer-b] was terminated
08:05:18.932 INFO  a.c.s.ClusterSingletonManager - Singleton actor [akka://akka-runtime/system/singletonManagerShardedDaemonProcessCoordinator-eventSourcedProjection-passivation-race-entity-passivation-race-view/ShardedDaemonProcessCoordinator-eventSourcedProjection-passivation-race-entity-passivation-race-view] was terminated
08:05:18.933 DEBUG akka.actor.CoordinatedShutdown - Performing phase [cluster-exiting-done] with [1] tasks.
08:05:18.933 DEBUG akka.actor.CoordinatedShutdown - Performing task [exiting-completed] in CoordinatedShutdown phase [cluster-exiting-done]
08:05:18.934 DEBUG akka.actor.CoordinatedShutdown - Performing phase [cluster-shutdown] with [1] tasks.
08:05:18.934 DEBUG akka.actor.CoordinatedShutdown - Performing task [wait-shutdown] in CoordinatedShutdown phase [cluster-shutdown]
08:05:18.934 DEBUG akka.actor.CoordinatedShutdown - Performing phase [before-actor-system-terminate] with [2] tasks.
08:05:18.934 DEBUG akka.actor.CoordinatedShutdown - Performing task [close connection pools] in CoordinatedShutdown phase [before-actor-system-terminate]
08:05:18.935 DEBUG akka.actor.CoordinatedShutdown - Performing task [close-grpc-channels] in CoordinatedShutdown phase [before-actor-system-terminate]
08:05:18.935 DEBUG akka.actor.CoordinatedShutdown - Performing phase [actor-system-terminate] with [1] tasks.
08:05:18.935 DEBUG akka.actor.CoordinatedShutdown - Performing task [terminate-system] in CoordinatedShutdown phase [actor-system-terminate]
08:05:19.000 INFO  akka.runtime.AkkaRuntimeMain - Starting Akka Runtime version [1.6.15]
08:05:19.005 INFO  akka.javasdk.impl.ComponentLocator$ - Looking for component descriptors matching pattern [META-INF/akka-javasdk-components_*.conf]
08:05:19.009 INFO  akka.javasdk.testkit.TestKit - Eventing TestKit booting up on port: 62974
08:05:19.011 DEBUG a.c.singleton.ClusterSingletonProxy - Singleton not available, buffering message type [kalix.runtime.SchemaSingleton$ExecDdl]
08:05:19.011 DEBUG a.c.singleton.ClusterSingletonProxy - Creating singleton identification timer...
08:05:19.011 DEBUG a.c.singleton.ClusterSingletonProxy - Trying to identify singleton at [akka://akka-runtime@127.0.0.1:62975/system/singletonManagerschemaSingleton/schemaSingleton]
08:05:19.011 INFO  a.c.s.ClusterSingletonManager - Singleton manager starting singleton actor [akka://akka-runtime/system/singletonManagerschemaSingleton/schemaSingleton]
08:05:19.011 INFO  a.c.s.ClusterSingletonManager - ClusterSingletonManager state change [Start -> Oldest]
08:05:19.011 INFO  akka.javasdk.testkit.TestKit - Checking runtime status
08:05:19.075 DEBUG a.c.singleton.ClusterSingletonProxy - Trying to identify singleton at [akka://akka-runtime@127.0.0.1:62975/system/singletonManagerschemaSingleton/schemaSingleton]
08:05:19.075 INFO  a.c.singleton.ClusterSingletonProxy - Singleton identified at [akka://akka-runtime/system/singletonManagerschemaSingleton/schemaSingleton]
08:05:19.075 DEBUG a.c.singleton.ClusterSingletonProxy - Sending buffered messages to current singleton instance
08:05:19.076 INFO  a.c.s.typed.scaladsl.ClusterSharding - Starting Shard Region [passivation-race-entity]...
08:05:19.077 INFO  akka.cluster.sharding.ShardRegion - passivation-race-entity: Automatic entity passivation: composite strategy with limit of [10000] active entities, admission window (least recently used entities) with proportions [initial = 0.01, min = 0.01, max = 1.0] adapting with hill-climbing optimizer [adjust multiplier = 10.0, initial step = 0.0625, restart threshold = 0.05, step decay = 0.98], admit using frequency sketch [width multiplier = 4, reset multiplier = 10.0, depth = 4, counter bits = 4], main (least recently used entities (segmented with [2] levels with proportions of [0.20, 0.80]))
08:05:19.077 INFO  a.c.s.ClusterSingletonManager - Singleton manager starting singleton actor [akka://akka-runtime/system/sharding/passivation-race-entityCoordinator/singleton]
08:05:19.077 INFO  a.c.s.ClusterSingletonManager - ClusterSingletonManager state change [Start -> Oldest]
08:05:19.077 DEBUG a.c.sharding.DDataShardCoordinator - passivation-race-entity: Initial coordinator is empty.
08:05:19.077 INFO  a.c.sharding.DDataShardCoordinator - passivation-race-entity: ShardCoordinator was moved to the active state with [0] shards
08:05:19.078 DEBUG a.c.singleton.ClusterSingletonProxy - Forwarding message of type [SchemaSingleton$ExecDdl] to current singleton instance at [akka://akka-runtime/system/singletonManagerschemaSingleton/schemaSingleton]
08:05:19.079 INFO  akka.runtime.DiscoveryManager - Service components: EventSourcedEntity: [1], Consumer: [2], View: [1]
08:05:19.079 INFO  a.c.s.typed.scaladsl.ClusterSharding - Starting Shard Region [_timer]...
08:05:19.080 INFO  a.c.s.typed.scaladsl.ClusterSharding - Starting Shard Region [sharded-daemon-process-eventSourcedProjection-passivation-race-entity-passivation-race-consumer-a]...
08:05:19.080 INFO  akka.cluster.sharding.ShardRegion - sharded-daemon-process-eventSourcedProjection-passivation-race-entity-passivation-race-consumer-a: Automatic entity passivation: disabled
08:05:19.080 INFO  a.c.s.ClusterSingletonManager - Singleton manager starting singleton actor [akka://akka-runtime/system/sharding/_timerCoordinator/singleton]
08:05:19.080 INFO  a.c.s.ClusterSingletonManager - Singleton manager starting singleton actor [akka://akka-runtime/system/sharding/sharded-daemon-process-eventSourcedProjection-passivation-race-entity-passivation-race-consumer-aCoordinator/singleton]
08:05:19.080 INFO  a.c.s.ClusterSingletonManager - ClusterSingletonManager state change [Start -> Oldest]
08:05:19.080 INFO  a.c.s.ClusterSingletonManager - ClusterSingletonManager state change [Start -> Oldest]
08:05:19.081 DEBUG a.c.singleton.ClusterSingletonProxy - Creating singleton identification timer...
08:05:19.081 DEBUG a.c.sharding.DDataShardCoordinator - _timer: Starting remember entities store from provider akka.cluster.sharding.internal.DDataRememberEntitiesProvider@19008e5c
08:05:19.081 INFO  a.c.s.typed.scaladsl.ClusterSharding - Starting Shard Region [sharded-daemon-process-eventSourcedProjection-passivation-race-entity-passivation-race-consumer-b]...
08:05:19.081 DEBUG a.c.singleton.ClusterSingletonProxy - Trying to identify singleton at [akka://akka-runtime@127.0.0.1:62975/system/singletonManagerShardedDaemonProcessCoordinator-eventSourcedProjection-passivation-race-entity-passivation-race-consumer-a/ShardedDaemonProcessCoordinator-eventSourcedProjection-passivation-race-entity-passivation-race-consumer-a]
08:05:19.081 DEBUG a.c.sharding.DDataShardCoordinator - sharded-daemon-process-eventSourcedProjection-passivation-race-entity-passivation-race-consumer-a: Initial coordinator is empty.
08:05:19.081 INFO  a.c.sharding.DDataShardCoordinator - sharded-daemon-process-eventSourcedProjection-passivation-race-entity-passivation-race-consumer-a: ShardCoordinator was moved to the active state with [0] shards
08:05:19.081 DEBUG a.c.sharding.DDataShardCoordinator - _timer: Received [0] remembered shard ids (when waitingForInitialState)
08:05:19.081 DEBUG a.c.sharding.DDataShardCoordinator - _timer: Initial coordinator is empty.
08:05:19.081 INFO  a.c.sharding.DDataShardCoordinator - _timer: ShardCoordinator was moved to the active state with [0] shards
08:05:19.081 INFO  akka.cluster.sharding.ShardRegion - sharded-daemon-process-eventSourcedProjection-passivation-race-entity-passivation-race-consumer-b: Automatic entity passivation: disabled
08:05:19.081 INFO  a.c.s.typed.scaladsl.ClusterSharding - Starting Shard Region [sharded-daemon-process-eventSourcedProjection-passivation-race-entity-passivation-race-view]...
08:05:19.081 DEBUG a.c.singleton.ClusterSingletonProxy - Creating singleton identification timer...
08:05:19.081 DEBUG a.c.singleton.ClusterSingletonProxy - Trying to identify singleton at [akka://akka-runtime@127.0.0.1:62975/system/singletonManagerShardedDaemonProcessCoordinator-eventSourcedProjection-passivation-race-entity-passivation-race-consumer-b/ShardedDaemonProcessCoordinator-eventSourcedProjection-passivation-race-entity-passivation-race-consumer-b]
08:05:19.081 INFO  a.c.s.ClusterSingletonManager - Singleton manager starting singleton actor [akka://akka-runtime/system/singletonManagerShardedDaemonProcessCoordinator-eventSourcedProjection-passivation-race-entity-passivation-race-consumer-a/ShardedDaemonProcessCoordinator-eventSourcedProjection-passivation-race-entity-passivation-race-consumer-a]
08:05:19.081 INFO  a.c.s.ClusterSingletonManager - Singleton manager starting singleton actor [akka://akka-runtime/system/sharding/sharded-daemon-process-eventSourcedProjection-passivation-race-entity-passivation-race-consumer-bCoordinator/singleton]
08:05:19.081 INFO  a.c.s.ClusterSingletonManager - ClusterSingletonManager state change [Start -> Oldest]
08:05:19.081 INFO  a.c.s.ClusterSingletonManager - ClusterSingletonManager state change [Start -> Oldest]
08:05:19.081 INFO  a.c.s.ClusterSingletonManager - Singleton manager starting singleton actor [akka://akka-runtime/system/singletonManagerShardedDaemonProcessCoordinator-eventSourcedProjection-passivation-race-entity-passivation-race-consumer-b/ShardedDaemonProcessCoordinator-eventSourcedProjection-passivation-race-entity-passivation-race-consumer-b]
08:05:19.081 DEBUG a.c.s.t.i.ShardedDaemonProcessCoordinator$ - ShardedDaemonProcessCoordinator for [eventSourcedProjection-passivation-race-entity-passivation-race-consumer-a] starting
08:05:19.081 DEBUG a.c.s.t.i.ShardedDaemonProcessCoordinator$ - ShardedDaemonProcessCoordinator for [eventSourcedProjection-passivation-race-entity-passivation-race-consumer-b] starting
08:05:19.081 INFO  a.c.s.ClusterSingletonManager - ClusterSingletonManager state change [Start -> Oldest]
08:05:19.081 INFO  akka.cluster.sharding.ShardRegion - sharded-daemon-process-eventSourcedProjection-passivation-race-entity-passivation-race-view: Automatic entity passivation: disabled
08:05:19.082 DEBUG a.c.s.t.i.ShardedDaemonProcessCoordinator$ - eventSourcedProjection-passivation-race-entity-passivation-race-consumer-a: No previous state stored for Sharded Daemon Process
08:05:19.082 DEBUG a.c.sharding.DDataShardCoordinator - sharded-daemon-process-eventSourcedProjection-passivation-race-entity-passivation-race-consumer-b: Initial coordinator is empty.
08:05:19.082 INFO  a.c.sharding.DDataShardCoordinator - sharded-daemon-process-eventSourcedProjection-passivation-race-entity-passivation-race-consumer-b: ShardCoordinator was moved to the active state with [0] shards
08:05:19.082 DEBUG a.c.s.t.i.ShardedDaemonProcessCoordinator$ - eventSourcedProjection-passivation-race-entity-passivation-race-consumer-b: No previous state stored for Sharded Daemon Process
08:05:19.082 DEBUG a.c.s.t.i.ShardedDaemonProcessCoordinator$ - Sending periodic keep alive for Sharded Daemon Process [eventSourcedProjection-passivation-race-entity-passivation-race-consumer-a] to [1] processes (revision [0]).
08:05:19.082 DEBUG a.c.s.t.i.ShardedDaemonProcessCoordinator$ - Sending periodic keep alive for Sharded Daemon Process [eventSourcedProjection-passivation-race-entity-passivation-race-consumer-b] to [1] processes (revision [0]).
08:05:19.082 DEBUG a.c.singleton.ClusterSingletonProxy - Creating singleton identification timer...
08:05:19.082 INFO  a.c.s.ClusterSingletonManager - Singleton manager starting singleton actor [akka://akka-runtime/system/sharding/sharded-daemon-process-eventSourcedProjection-passivation-race-entity-passivation-race-viewCoordinator/singleton]
08:05:19.082 DEBUG a.c.singleton.ClusterSingletonProxy - Trying to identify singleton at [akka://akka-runtime@127.0.0.1:62975/system/singletonManagerShardedDaemonProcessCoordinator-eventSourcedProjection-passivation-race-entity-passivation-race-view/ShardedDaemonProcessCoordinator-eventSourcedProjection-passivation-race-entity-passivation-race-view]
08:05:19.082 INFO  a.c.s.ClusterSingletonManager - Singleton manager starting singleton actor [akka://akka-runtime/system/singletonManagerShardedDaemonProcessCoordinator-eventSourcedProjection-passivation-race-entity-passivation-race-view/ShardedDaemonProcessCoordinator-eventSourcedProjection-passivation-race-entity-passivation-race-view]
08:05:19.082 INFO  a.c.s.ClusterSingletonManager - ClusterSingletonManager state change [Start -> Oldest]
08:05:19.082 INFO  a.c.s.ClusterSingletonManager - ClusterSingletonManager state change [Start -> Oldest]
08:05:19.082 DEBUG a.c.s.t.i.ShardedDaemonProcessCoordinator$ - ShardedDaemonProcessCoordinator for [eventSourcedProjection-passivation-race-entity-passivation-race-view] starting
08:05:19.082 DEBUG a.c.sharding.DDataShardCoordinator - sharded-daemon-process-eventSourcedProjection-passivation-race-entity-passivation-race-view: Initial coordinator is empty.
08:05:19.082 INFO  a.c.sharding.DDataShardCoordinator - sharded-daemon-process-eventSourcedProjection-passivation-race-entity-passivation-race-view: ShardCoordinator was moved to the active state with [0] shards
08:05:19.082 INFO  a.c.singleton.ClusterSingletonProxy - Singleton identified at [akka://akka-runtime/system/singletonManagerShardedDaemonProcessCoordinator-eventSourcedProjection-passivation-race-entity-passivation-race-view/ShardedDaemonProcessCoordinator-eventSourcedProjection-passivation-race-entity-passivation-race-view]
08:05:19.082 DEBUG a.c.singleton.ClusterSingletonProxy - Sending buffered messages to current singleton instance
08:05:19.082 DEBUG a.c.s.t.i.ShardedDaemonProcessCoordinator$ - eventSourcedProjection-passivation-race-entity-passivation-race-view: No previous state stored for Sharded Daemon Process
08:05:19.082 DEBUG a.c.s.t.i.ShardedDaemonProcessCoordinator$ - Sending periodic keep alive for Sharded Daemon Process [eventSourcedProjection-passivation-race-entity-passivation-race-view] to [1] processes (revision [0]).
08:05:19.082 INFO  akka.runtime.DiscoveryManager - Akka Runtime started at 127.0.0.1:62973
08:05:19.083 INFO  repro.Bootstrap - onStartup burst of 8 starting
08:05:19.129 INFO  akka.javasdk.testkit.TestKit - Runtime started
08:05:19.129 INFO  akka.actor.CoordinatedShutdown - Running CoordinatedShutdown with reason [ActorSystemTerminateReason]
08:05:19.129 DEBUG akka.actor.CoordinatedShutdown - Performing phase [before-service-unbind] with [0] tasks
08:05:19.129 DEBUG akka.actor.CoordinatedShutdown - Performing phase [service-unbind] with [1] tasks.
08:05:19.129 DEBUG akka.actor.CoordinatedShutdown - Performing task [http-unbind-/127.0.0.1:62973] in CoordinatedShutdown phase [service-unbind]
08:05:19.129 DEBUG akka.actor.CoordinatedShutdown - Performing phase [service-requests-done] with [1] tasks.
08:05:19.129 DEBUG akka.actor.CoordinatedShutdown - Performing task [http-terminate-/127.0.0.1:62973] in CoordinatedShutdown phase [service-requests-done]
08:05:19.129 DEBUG akka.actor.CoordinatedShutdown - Performing phase [service-stop] with [1] tasks.
08:05:19.129 DEBUG akka.actor.CoordinatedShutdown - Performing task [stop-grpc-clients] in CoordinatedShutdown phase [service-stop]
08:05:19.129 DEBUG akka.actor.CoordinatedShutdown - Performing phase [before-cluster-shutdown] with [0] tasks
08:05:19.129 DEBUG akka.actor.CoordinatedShutdown - Performing phase [cluster-sharding-shutdown-region] with [5] tasks.
08:05:19.129 DEBUG akka.actor.CoordinatedShutdown - Performing task [region-shutdown] in CoordinatedShutdown phase [cluster-sharding-shutdown-region]
08:05:19.129 DEBUG akka.actor.CoordinatedShutdown - Performing task [region-shutdown] in CoordinatedShutdown phase [cluster-sharding-shutdown-region]
08:05:19.129 DEBUG akka.actor.CoordinatedShutdown - Performing task [region-shutdown] in CoordinatedShutdown phase [cluster-sharding-shutdown-region]
08:05:19.129 DEBUG akka.actor.CoordinatedShutdown - Performing task [region-shutdown] in CoordinatedShutdown phase [cluster-sharding-shutdown-region]
08:05:19.129 DEBUG akka.actor.CoordinatedShutdown - Performing task [region-shutdown] in CoordinatedShutdown phase [cluster-sharding-shutdown-region]
08:05:19.129 DEBUG a.c.sharding.DDataShardCoordinator - _timer: Unknown region requested graceful shutdown [Actor[akka://akka-runtime/system/sharding/_timer#1146722092]]
08:05:19.129 DEBUG a.c.sharding.DDataShardCoordinator - sharded-daemon-process-eventSourcedProjection-passivation-race-entity-passivation-race-consumer-b: Unknown region requested graceful shutdown [Actor[akka://akka-runtime/system/sharding/sharded-daemon-process-eventSourcedProjection-passivation-race-entity-passivation-race-consumer-b#-1008069741]]
08:05:19.129 DEBUG a.c.sharding.DDataShardCoordinator - passivation-race-entity: Unknown region requested graceful shutdown [Actor[akka://akka-runtime/system/sharding/passivation-race-entity#-917237103]]
08:05:19.129 DEBUG a.c.sharding.DDataShardCoordinator - sharded-daemon-process-eventSourcedProjection-passivation-race-entity-passivation-race-consumer-a: Unknown region requested graceful shutdown [Actor[akka://akka-runtime/system/sharding/sharded-daemon-process-eventSourcedProjection-passivation-race-entity-passivation-race-consumer-a#1544518745]]
08:05:19.129 DEBUG a.c.sharding.DDataShardCoordinator - sharded-daemon-process-eventSourcedProjection-passivation-race-entity-passivation-race-view: Unknown region requested graceful shutdown [Actor[akka://akka-runtime/system/sharding/sharded-daemon-process-eventSourcedProjection-passivation-race-entity-passivation-race-view#633874699]]
08:05:19.145 DEBUG a.c.singleton.ClusterSingletonProxy - Trying to identify singleton at [akka://akka-runtime@127.0.0.1:62975/system/singletonManagerShardedDaemonProcessCoordinator-eventSourcedProjection-passivation-race-entity-passivation-race-consumer-b/ShardedDaemonProcessCoordinator-eventSourcedProjection-passivation-race-entity-passivation-race-consumer-b]
08:05:19.145 DEBUG a.c.singleton.ClusterSingletonProxy - Trying to identify singleton at [akka://akka-runtime@127.0.0.1:62975/system/singletonManagerShardedDaemonProcessCoordinator-eventSourcedProjection-passivation-race-entity-passivation-race-consumer-a/ShardedDaemonProcessCoordinator-eventSourcedProjection-passivation-race-entity-passivation-race-consumer-a]
08:05:19.145 INFO  a.c.singleton.ClusterSingletonProxy - Singleton identified at [akka://akka-runtime/system/singletonManagerShardedDaemonProcessCoordinator-eventSourcedProjection-passivation-race-entity-passivation-race-consumer-b/ShardedDaemonProcessCoordinator-eventSourcedProjection-passivation-race-entity-passivation-race-consumer-b]
08:05:19.145 INFO  a.c.singleton.ClusterSingletonProxy - Singleton identified at [akka://akka-runtime/system/singletonManagerShardedDaemonProcessCoordinator-eventSourcedProjection-passivation-race-entity-passivation-race-consumer-a/ShardedDaemonProcessCoordinator-eventSourcedProjection-passivation-race-entity-passivation-race-consumer-a]
08:05:19.145 DEBUG a.c.singleton.ClusterSingletonProxy - Sending buffered messages to current singleton instance
08:05:19.145 DEBUG a.c.singleton.ClusterSingletonProxy - Sending buffered messages to current singleton instance
08:05:19.345 DEBUG a.c.sharding.DDataShardCoordinator - sharded-daemon-process-eventSourcedProjection-passivation-race-entity-passivation-race-view: ShardRegion registered: [Actor[akka://akka-runtime/system/sharding/sharded-daemon-process-eventSourcedProjection-passivation-race-entity-passivation-race-view#633874699]]
08:05:19.345 DEBUG a.c.sharding.DDataShardCoordinator - passivation-race-entity: ShardRegion registered: [Actor[akka://akka-runtime/system/sharding/passivation-race-entity#-917237103]]
08:05:19.345 DEBUG a.c.sharding.DDataShardCoordinator - sharded-daemon-process-eventSourcedProjection-passivation-race-entity-passivation-race-consumer-b: ShardRegion registered: [Actor[akka://akka-runtime/system/sharding/sharded-daemon-process-eventSourcedProjection-passivation-race-entity-passivation-race-consumer-b#-1008069741]]
08:05:19.345 DEBUG a.c.sharding.DDataShardCoordinator - sharded-daemon-process-eventSourcedProjection-passivation-race-entity-passivation-race-consumer-a: ShardRegion registered: [Actor[akka://akka-runtime/system/sharding/sharded-daemon-process-eventSourcedProjection-passivation-race-entity-passivation-race-consumer-a#1544518745]]
08:05:19.345 DEBUG a.c.sharding.DDataShardCoordinator - sharded-daemon-process-eventSourcedProjection-passivation-race-entity-passivation-race-view: The coordinator state was successfully updated with ShardRegionRegistered(Actor[akka://akka-runtime/system/sharding/sharded-daemon-process-eventSourcedProjection-passivation-race-entity-passivation-race-view#633874699])
08:05:19.345 DEBUG a.c.sharding.DDataShardCoordinator - passivation-race-entity: The coordinator state was successfully updated with ShardRegionRegistered(Actor[akka://akka-runtime/system/sharding/passivation-race-entity#-917237103])
08:05:19.345 DEBUG a.c.sharding.DDataShardCoordinator - sharded-daemon-process-eventSourcedProjection-passivation-race-entity-passivation-race-consumer-b: The coordinator state was successfully updated with ShardRegionRegistered(Actor[akka://akka-runtime/system/sharding/sharded-daemon-process-eventSourcedProjection-passivation-race-entity-passivation-race-consumer-b#-1008069741])
08:05:19.345 DEBUG a.c.sharding.DDataShardCoordinator - sharded-daemon-process-eventSourcedProjection-passivation-race-entity-passivation-race-consumer-a: The coordinator state was successfully updated with ShardRegionRegistered(Actor[akka://akka-runtime/system/sharding/sharded-daemon-process-eventSourcedProjection-passivation-race-entity-passivation-race-consumer-a#1544518745])
08:05:19.346 DEBUG a.c.sharding.DDataShardCoordinator - sharded-daemon-process-eventSourcedProjection-passivation-race-entity-passivation-race-view: The coordinator state was successfully updated with ShardHomeAllocated(0,Actor[akka://akka-runtime/system/sharding/sharded-daemon-process-eventSourcedProjection-passivation-race-entity-passivation-race-view#633874699])
08:05:19.346 DEBUG a.c.sharding.DDataShardCoordinator - sharded-daemon-process-eventSourcedProjection-passivation-race-entity-passivation-race-consumer-a: The coordinator state was successfully updated with ShardHomeAllocated(0,Actor[akka://akka-runtime/system/sharding/sharded-daemon-process-eventSourcedProjection-passivation-race-entity-passivation-race-consumer-a#1544518745])
08:05:19.346 DEBUG a.c.sharding.DDataShardCoordinator - sharded-daemon-process-eventSourcedProjection-passivation-race-entity-passivation-race-consumer-b: The coordinator state was successfully updated with ShardHomeAllocated(0,Actor[akka://akka-runtime/system/sharding/sharded-daemon-process-eventSourcedProjection-passivation-race-entity-passivation-race-consumer-b#-1008069741])
08:05:19.346 DEBUG a.c.sharding.DDataShardCoordinator - passivation-race-entity: The coordinator state was successfully updated with ShardHomeAllocated(607,Actor[akka://akka-runtime/system/sharding/passivation-race-entity#-917237103])
08:05:19.346 DEBUG a.c.sharding.DDataShardCoordinator - sharded-daemon-process-eventSourcedProjection-passivation-race-entity-passivation-race-view: Shard [0] allocated at [Actor[akka://akka-runtime/system/sharding/sharded-daemon-process-eventSourcedProjection-passivation-race-entity-passivation-race-view#633874699]]
08:05:19.346 DEBUG a.c.sharding.DDataShardCoordinator - sharded-daemon-process-eventSourcedProjection-passivation-race-entity-passivation-race-consumer-a: Shard [0] allocated at [Actor[akka://akka-runtime/system/sharding/sharded-daemon-process-eventSourcedProjection-passivation-race-entity-passivation-race-consumer-a#1544518745]]
08:05:19.346 DEBUG a.c.sharding.DDataShardCoordinator - passivation-race-entity: Shard [607] allocated at [Actor[akka://akka-runtime/system/sharding/passivation-race-entity#-917237103]]
08:05:19.346 DEBUG a.c.sharding.DDataShardCoordinator - sharded-daemon-process-eventSourcedProjection-passivation-race-entity-passivation-race-consumer-b: Shard [0] allocated at [Actor[akka://akka-runtime/system/sharding/sharded-daemon-process-eventSourcedProjection-passivation-race-entity-passivation-race-consumer-b#-1008069741]]
08:05:19.347 DEBUG a.c.sharding.DDataShardCoordinator - passivation-race-entity: Graceful shutdown of region [Actor[akka://akka-runtime/system/sharding/passivation-race-entity#-917237103]] with [1] shards
08:05:19.347 DEBUG a.c.sharding.DDataShardCoordinator - sharded-daemon-process-eventSourcedProjection-passivation-race-entity-passivation-race-view: Graceful shutdown of region [Actor[akka://akka-runtime/system/sharding/sharded-daemon-process-eventSourcedProjection-passivation-race-entity-passivation-race-view#633874699]] with [1] shards
08:05:19.347 DEBUG a.c.sharding.DDataShardCoordinator - sharded-daemon-process-eventSourcedProjection-passivation-race-entity-passivation-race-consumer-a: Graceful shutdown of region [Actor[akka://akka-runtime/system/sharding/sharded-daemon-process-eventSourcedProjection-passivation-race-entity-passivation-race-consumer-a#1544518745]] with [1] shards
08:05:19.347 INFO  a.c.sharding.DDataShardCoordinator - passivation-race-entity: Starting shutting down shards [607] due to region shutting down or explicit stopping of shards.
08:05:19.347 INFO  a.c.sharding.DDataShardCoordinator - sharded-daemon-process-eventSourcedProjection-passivation-race-entity-passivation-race-view: Starting shutting down shards [0] due to region shutting down or explicit stopping of shards.
08:05:19.347 DEBUG a.c.sharding.DDataShardCoordinator - sharded-daemon-process-eventSourcedProjection-passivation-race-entity-passivation-race-consumer-b: Graceful shutdown of region [Actor[akka://akka-runtime/system/sharding/sharded-daemon-process-eventSourcedProjection-passivation-race-entity-passivation-race-consumer-b#-1008069741]] with [1] shards
08:05:19.347 INFO  a.c.sharding.DDataShardCoordinator - sharded-daemon-process-eventSourcedProjection-passivation-race-entity-passivation-race-consumer-b: Starting shutting down shards [0] due to region shutting down or explicit stopping of shards.
08:05:19.347 INFO  a.c.sharding.DDataShardCoordinator - sharded-daemon-process-eventSourcedProjection-passivation-race-entity-passivation-race-consumer-a: Starting shutting down shards [0] due to region shutting down or explicit stopping of shards.
08:05:19.347 DEBUG a.c.s.ShardCoordinator$RebalanceWorker - sharded-daemon-process-eventSourcedProjection-passivation-race-entity-passivation-race-view: Shutting down shard [0] from region [Actor[akka://akka-runtime/system/sharding/sharded-daemon-process-eventSourcedProjection-passivation-race-entity-passivation-race-view#633874699]]. Asking [1] region(s) to hand-off shard
08:05:19.347 DEBUG akka.cluster.sharding.Shard - sharded-daemon-process-eventSourcedProjection-passivation-race-entity-passivation-race-view: Shard initialized
08:05:19.347 DEBUG akka.cluster.sharding.Shard - sharded-daemon-process-eventSourcedProjection-passivation-race-entity-passivation-race-consumer-b: Shard initialized
08:05:19.347 DEBUG akka.cluster.sharding.Shard - sharded-daemon-process-eventSourcedProjection-passivation-race-entity-passivation-race-consumer-a: Shard initialized
08:05:19.347 DEBUG a.c.s.ShardCoordinator$RebalanceWorker - sharded-daemon-process-eventSourcedProjection-passivation-race-entity-passivation-race-consumer-b: Shutting down shard [0] from region [Actor[akka://akka-runtime/system/sharding/sharded-daemon-process-eventSourcedProjection-passivation-race-entity-passivation-race-consumer-b#-1008069741]]. Asking [1] region(s) to hand-off shard
08:05:19.347 DEBUG a.c.s.ShardCoordinator$RebalanceWorker - sharded-daemon-process-eventSourcedProjection-passivation-race-entity-passivation-race-consumer-a: Shutting down shard [0] from region [Actor[akka://akka-runtime/system/sharding/sharded-daemon-process-eventSourcedProjection-passivation-race-entity-passivation-race-consumer-a#1544518745]]. Asking [1] region(s) to hand-off shard
08:05:19.347 DEBUG a.c.s.ShardCoordinator$RebalanceWorker - sharded-daemon-process-eventSourcedProjection-passivation-race-entity-passivation-race-view: BeginHandOffAck for shard [0] received from [Actor[akka://akka-runtime/system/sharding/sharded-daemon-process-eventSourcedProjection-passivation-race-entity-passivation-race-view#633874699]].
08:05:19.347 DEBUG a.c.s.ShardCoordinator$RebalanceWorker - sharded-daemon-process-eventSourcedProjection-passivation-race-entity-passivation-race-view: All shard regions acked, handing off shard [0].
08:05:19.347 DEBUG a.c.s.ShardCoordinator$RebalanceWorker - passivation-race-entity: Shutting down shard [607] from region [Actor[akka://akka-runtime/system/sharding/passivation-race-entity#-917237103]]. Asking [1] region(s) to hand-off shard
08:05:19.347 DEBUG a.c.s.ShardCoordinator$RebalanceWorker - passivation-race-entity: BeginHandOffAck for shard [607] received from [Actor[akka://akka-runtime/system/sharding/passivation-race-entity#-917237103]].
08:05:19.347 DEBUG a.c.s.ShardCoordinator$RebalanceWorker - passivation-race-entity: All shard regions acked, handing off shard [607].
08:05:19.347 DEBUG akka.cluster.sharding.Shard - sharded-daemon-process-eventSourcedProjection-passivation-race-entity-passivation-race-view: Request to start entity [0] and ack to [Some(Actor[akka://akka-runtime/deadLetters])]
08:05:19.347 DEBUG akka.cluster.sharding.Shard - passivation-race-entity: Shard initialized
08:05:19.347 WARN  akka.cluster.sharding.ShardRegion - passivation-race-entity: Dropping [1] buffered messages to shard [607] during hand off to avoid re-ordering
08:05:19.347 DEBUG akka.cluster.sharding.Shard - passivation-race-entity: HandOff shard [607]
08:05:19.347 DEBUG akka.cluster.sharding.Shard - passivation-race-entity: Shard [607] shutting down
08:05:19.347 DEBUG akka.cluster.sharding.Shard - sharded-daemon-process-eventSourcedProjection-passivation-race-entity-passivation-race-view: Started entity [Actor[akka://akka-runtime/system/sharding/sharded-daemon-process-eventSourcedProjection-passivation-race-entity-passivation-race-view/0/0#-2771653]] with entity id [0] in shard [0]
08:05:19.347 DEBUG a.c.sharding.DDataShardCoordinator - passivation-race-entity: Shard [607] deallocation completed successfully.
08:05:19.347 DEBUG akka.cluster.sharding.Shard - sharded-daemon-process-eventSourcedProjection-passivation-race-entity-passivation-race-view: HandOff shard [0]
08:05:19.347 DEBUG akka.cluster.sharding.Shard - sharded-daemon-process-eventSourcedProjection-passivation-race-entity-passivation-race-view: Starting HandOffStopper for shard [0] to terminate [1] entities.
08:05:19.347 DEBUG a.c.sharding.DDataShardCoordinator - passivation-race-entity: The coordinator state was successfully updated with ShardHomeDeallocated(607)
08:05:19.347 DEBUG a.c.sharding.DDataShardCoordinator - passivation-race-entity: Shard [607] deallocated after
08:05:19.347 DEBUG a.c.s.t.i.ShardedDaemonProcessState$ - eventSourcedProjection-passivation-race-entity-passivation-race-view: Deferred start of worker to verify its revision [0] is the latest
08:05:19.347 DEBUG a.c.s.t.i.ShardedDaemonProcessState$ - eventSourcedProjection-passivation-race-entity-passivation-race-consumer-b: Deferred start of worker to verify its revision [0] is the latest
08:05:19.347 DEBUG a.c.s.t.i.ShardedDaemonProcessState$ - eventSourcedProjection-passivation-race-entity-passivation-race-consumer-a: Deferred start of worker to verify its revision [0] is the latest
08:05:19.347 INFO  a.c.s.t.i.ShardedDaemonProcessState$ - eventSourcedProjection-passivation-race-entity-passivation-race-consumer-b: Starting Sharded Daemon Process [0] out of a total [1] (revision [0] and no state found)
08:05:19.347 DEBUG a.c.sharding.DDataShardCoordinator - passivation-race-entity: ShardRegion terminated (gracefully): [Actor[akka://akka-runtime/system/sharding/passivation-race-entity#-917237103]] {}
08:05:19.348 INFO  a.c.s.t.i.ShardedDaemonProcessState$ - eventSourcedProjection-passivation-race-entity-passivation-race-consumer-a: Starting Sharded Daemon Process [0] out of a total [1] (revision [0] and no state found)
08:05:19.348 DEBUG akka.cluster.sharding.Shard - sharded-daemon-process-eventSourcedProjection-passivation-race-entity-passivation-race-consumer-b: Request to start entity [0] and ack to [Some(Actor[akka://akka-runtime/deadLetters])]
08:05:19.348 DEBUG a.c.sharding.DDataShardCoordinator - passivation-race-entity: GetShardHome [607] request from [Actor[akka://local/ignore]] stashed, because waiting for initial state or update of state. It will be handled afterwards.
08:05:19.348 DEBUG akka.cluster.sharding.Shard - sharded-daemon-process-eventSourcedProjection-passivation-race-entity-passivation-race-consumer-b: Started entity [Actor[akka://akka-runtime/system/sharding/sharded-daemon-process-eventSourcedProjection-passivation-race-entity-passivation-race-consumer-b/0/0#567202909]] with entity id [0] in shard [0]
08:05:19.348 DEBUG akka.cluster.sharding.Shard - sharded-daemon-process-eventSourcedProjection-passivation-race-entity-passivation-race-consumer-a: Request to start entity [0] and ack to [Some(Actor[akka://akka-runtime/deadLetters])]
08:05:19.348 DEBUG a.c.s.ShardCoordinator$RebalanceWorker - sharded-daemon-process-eventSourcedProjection-passivation-race-entity-passivation-race-consumer-b: BeginHandOffAck for shard [0] received from [Actor[akka://akka-runtime/system/sharding/sharded-daemon-process-eventSourcedProjection-passivation-race-entity-passivation-race-consumer-b#-1008069741]].
08:05:19.348 DEBUG a.c.s.ShardCoordinator$RebalanceWorker - sharded-daemon-process-eventSourcedProjection-passivation-race-entity-passivation-race-consumer-b: All shard regions acked, handing off shard [0].
08:05:19.348 DEBUG akka.cluster.sharding.Shard - sharded-daemon-process-eventSourcedProjection-passivation-race-entity-passivation-race-consumer-a: Started entity [Actor[akka://akka-runtime/system/sharding/sharded-daemon-process-eventSourcedProjection-passivation-race-entity-passivation-race-consumer-a/0/0#-1691241691]] with entity id [0] in shard [0]
08:05:19.348 DEBUG a.c.s.ShardCoordinator$RebalanceWorker - sharded-daemon-process-eventSourcedProjection-passivation-race-entity-passivation-race-consumer-a: BeginHandOffAck for shard [0] received from [Actor[akka://akka-runtime/system/sharding/sharded-daemon-process-eventSourcedProjection-passivation-race-entity-passivation-race-consumer-a#1544518745]].
08:05:19.348 DEBUG a.c.s.ShardCoordinator$RebalanceWorker - sharded-daemon-process-eventSourcedProjection-passivation-race-entity-passivation-race-consumer-a: All shard regions acked, handing off shard [0].
08:05:19.348 DEBUG akka.cluster.sharding.Shard - sharded-daemon-process-eventSourcedProjection-passivation-race-entity-passivation-race-consumer-b: HandOff shard [0]
08:05:19.348 DEBUG akka.cluster.sharding.Shard - sharded-daemon-process-eventSourcedProjection-passivation-race-entity-passivation-race-consumer-a: HandOff shard [0]
08:05:19.348 DEBUG akka.cluster.sharding.Shard - sharded-daemon-process-eventSourcedProjection-passivation-race-entity-passivation-race-consumer-b: Starting HandOffStopper for shard [0] to terminate [1] entities.
08:05:19.348 DEBUG akka.cluster.sharding.Shard - sharded-daemon-process-eventSourcedProjection-passivation-race-entity-passivation-race-consumer-a: Starting HandOffStopper for shard [0] to terminate [1] entities.
08:05:19.348 DEBUG a.c.sharding.DDataShardCoordinator - passivation-race-entity: The coordinator state was successfully updated with ShardRegionTerminated(Actor[akka://akka-runtime/system/sharding/passivation-race-entity#-917237103])
08:05:19.348 DEBUG a.c.sharding.DDataShardCoordinator - passivation-race-entity: ShardRegion stopped: [Actor[akka://akka-runtime/system/sharding/passivation-race-entity#-917237103]]
08:05:19.348 DEBUG a.c.sharding.DDataShardCoordinator - sharded-daemon-process-eventSourcedProjection-passivation-race-entity-passivation-race-consumer-a: Shard [0] deallocation completed successfully.
08:05:19.348 DEBUG akka.cluster.sharding.Shard - sharded-daemon-process-eventSourcedProjection-passivation-race-entity-passivation-race-consumer-a: Shard [0] shutting down
08:05:19.348 DEBUG akka.cluster.sharding.Shard - sharded-daemon-process-eventSourcedProjection-passivation-race-entity-passivation-race-consumer-b: Shard [0] shutting down
08:05:19.348 DEBUG a.c.sharding.DDataShardCoordinator - sharded-daemon-process-eventSourcedProjection-passivation-race-entity-passivation-race-consumer-b: Shard [0] deallocation completed successfully.
08:05:19.348 DEBUG a.c.sharding.DDataShardCoordinator - sharded-daemon-process-eventSourcedProjection-passivation-race-entity-passivation-race-consumer-a: The coordinator state was successfully updated with ShardHomeDeallocated(0)
08:05:19.348 DEBUG a.c.sharding.DDataShardCoordinator - sharded-daemon-process-eventSourcedProjection-passivation-race-entity-passivation-race-consumer-a: Shard [0] deallocated after
08:05:19.348 DEBUG a.c.sharding.DDataShardCoordinator - sharded-daemon-process-eventSourcedProjection-passivation-race-entity-passivation-race-consumer-b: The coordinator state was successfully updated with ShardHomeDeallocated(0)
08:05:19.348 DEBUG a.c.sharding.DDataShardCoordinator - sharded-daemon-process-eventSourcedProjection-passivation-race-entity-passivation-race-consumer-b: Shard [0] deallocated after
08:05:19.348 DEBUG a.c.sharding.DDataShardCoordinator - sharded-daemon-process-eventSourcedProjection-passivation-race-entity-passivation-race-consumer-a: ShardRegion terminated (gracefully): [Actor[akka://akka-runtime/system/sharding/sharded-daemon-process-eventSourcedProjection-passivation-race-entity-passivation-race-consumer-a#1544518745]] {}
08:05:19.348 DEBUG a.c.sharding.DDataShardCoordinator - sharded-daemon-process-eventSourcedProjection-passivation-race-entity-passivation-race-consumer-b: ShardRegion terminated (gracefully): [Actor[akka://akka-runtime/system/sharding/sharded-daemon-process-eventSourcedProjection-passivation-race-entity-passivation-race-consumer-b#-1008069741]] {}
08:05:19.348 DEBUG a.c.sharding.DDataShardCoordinator - sharded-daemon-process-eventSourcedProjection-passivation-race-entity-passivation-race-consumer-a: GetShardHome [0] request from [Actor[akka://local/ignore]] stashed, because waiting for initial state or update of state. It will be handled afterwards.
08:05:19.348 DEBUG a.c.sharding.DDataShardCoordinator - sharded-daemon-process-eventSourcedProjection-passivation-race-entity-passivation-race-consumer-b: GetShardHome [0] request from [Actor[akka://local/ignore]] stashed, because waiting for initial state or update of state. It will be handled afterwards.
08:05:19.347 INFO  a.c.s.t.i.ShardedDaemonProcessState$ - eventSourcedProjection-passivation-race-entity-passivation-race-view: Starting Sharded Daemon Process [0] out of a total [1] (revision [0] and no state found)
08:05:19.348 DEBUG a.c.sharding.DDataShardCoordinator - sharded-daemon-process-eventSourcedProjection-passivation-race-entity-passivation-race-consumer-b: The coordinator state was successfully updated with ShardRegionTerminated(Actor[akka://akka-runtime/system/sharding/sharded-daemon-process-eventSourcedProjection-passivation-race-entity-passivation-race-consumer-b#-1008069741])
08:05:19.348 DEBUG a.c.sharding.DDataShardCoordinator - sharded-daemon-process-eventSourcedProjection-passivation-race-entity-passivation-race-consumer-a: The coordinator state was successfully updated with ShardRegionTerminated(Actor[akka://akka-runtime/system/sharding/sharded-daemon-process-eventSourcedProjection-passivation-race-entity-passivation-race-consumer-a#1544518745])
08:05:19.348 DEBUG a.c.sharding.DDataShardCoordinator - sharded-daemon-process-eventSourcedProjection-passivation-race-entity-passivation-race-consumer-b: ShardRegion stopped: [Actor[akka://akka-runtime/system/sharding/sharded-daemon-process-eventSourcedProjection-passivation-race-entity-passivation-race-consumer-b#-1008069741]]
08:05:19.348 DEBUG a.c.sharding.DDataShardCoordinator - sharded-daemon-process-eventSourcedProjection-passivation-race-entity-passivation-race-consumer-a: ShardRegion stopped: [Actor[akka://akka-runtime/system/sharding/sharded-daemon-process-eventSourcedProjection-passivation-race-entity-passivation-race-consumer-a#1544518745]]
08:05:20.115 WARN  a.c.s.ShardRegion$HandOffStopper - sharded-daemon-process-eventSourcedProjection-passivation-race-entity-passivation-race-view: [1] of the entities in shard [0] not stopped after [750 milliseconds]. Maybe the handOffStopMessage [akka.projection.ProjectionBehavior$Stop$] is not handled? Waiting additional [250 milliseconds] before stopping the remaining entities.
08:05:20.365 WARN  a.c.s.ShardRegion$HandOffStopper - sharded-daemon-process-eventSourcedProjection-passivation-race-entity-passivation-race-view: HandOffStopMessage [akka.projection.ProjectionBehavior$Stop$] is not handled by some of the entities in shard [0] after [1 second], stopping the remaining [1] entities.
08:05:20.366 DEBUG akka.cluster.sharding.Shard - sharded-daemon-process-eventSourcedProjection-passivation-race-entity-passivation-race-view: Shard [0] shutting down
08:05:20.366 DEBUG a.c.sharding.DDataShardCoordinator - sharded-daemon-process-eventSourcedProjection-passivation-race-entity-passivation-race-view: Shard [0] deallocation completed successfully.
08:05:20.366 DEBUG akka.actor.CoordinatedShutdown - Performing phase [cluster-leave] with [1] tasks.
08:05:20.366 DEBUG akka.actor.CoordinatedShutdown - Performing task [leave] in CoordinatedShutdown phase [cluster-leave]
08:05:20.367 DEBUG a.c.sharding.DDataShardCoordinator - sharded-daemon-process-eventSourcedProjection-passivation-race-entity-passivation-race-view: The coordinator state was successfully updated with ShardHomeDeallocated(0)
08:05:20.367 DEBUG a.c.sharding.DDataShardCoordinator - sharded-daemon-process-eventSourcedProjection-passivation-race-entity-passivation-race-view: Shard [0] deallocated after
08:05:20.367 DEBUG a.c.sharding.DDataShardCoordinator - sharded-daemon-process-eventSourcedProjection-passivation-race-entity-passivation-race-view: ShardRegion terminated (gracefully): [Actor[akka://akka-runtime/system/sharding/sharded-daemon-process-eventSourcedProjection-passivation-race-entity-passivation-race-view#633874699]] {}
08:05:20.367 DEBUG a.c.sharding.DDataShardCoordinator - sharded-daemon-process-eventSourcedProjection-passivation-race-entity-passivation-race-view: GetShardHome [0] request from [Actor[akka://local/ignore]] stashed, because waiting for initial state or update of state. It will be handled afterwards.
08:05:20.367 DEBUG a.c.sharding.DDataShardCoordinator - sharded-daemon-process-eventSourcedProjection-passivation-race-entity-passivation-race-view: The coordinator state was successfully updated with ShardRegionTerminated(Actor[akka://akka-runtime/system/sharding/sharded-daemon-process-eventSourcedProjection-passivation-race-entity-passivation-race-view#633874699])
08:05:20.367 DEBUG a.c.sharding.DDataShardCoordinator - sharded-daemon-process-eventSourcedProjection-passivation-race-entity-passivation-race-view: ShardRegion stopped: [Actor[akka://akka-runtime/system/sharding/sharded-daemon-process-eventSourcedProjection-passivation-race-entity-passivation-race-view#633874699]]
08:05:20.367 DEBUG akka.actor.CoordinatedShutdown - Performing phase [cluster-exiting] with [28] tasks.
08:05:20.367 DEBUG akka.actor.CoordinatedShutdown - Performing task [singleton-exiting-2] in CoordinatedShutdown phase [cluster-exiting]
08:05:20.367 DEBUG akka.actor.CoordinatedShutdown - Performing task [singleton-exiting-1] in CoordinatedShutdown phase [cluster-exiting]
08:05:20.367 DEBUG akka.actor.CoordinatedShutdown - Performing task [wait-singleton-exiting] in CoordinatedShutdown phase [cluster-exiting]
08:05:20.367 DEBUG akka.actor.CoordinatedShutdown - Performing task [singleton-exiting-1] in CoordinatedShutdown phase [cluster-exiting]
08:05:20.367 DEBUG akka.actor.CoordinatedShutdown - Performing task [singleton-exiting-2] in CoordinatedShutdown phase [cluster-exiting]
08:05:20.367 DEBUG akka.actor.CoordinatedShutdown - Performing task [singleton-exiting-1] in CoordinatedShutdown phase [cluster-exiting]
08:05:20.367 DEBUG akka.actor.CoordinatedShutdown - Performing task [wait-exiting] in CoordinatedShutdown phase [cluster-exiting]
08:05:20.367 DEBUG akka.actor.CoordinatedShutdown - Performing task [wait-singleton-exiting] in CoordinatedShutdown phase [cluster-exiting]
08:05:20.367 DEBUG akka.actor.CoordinatedShutdown - Performing task [wait-singleton-exiting] in CoordinatedShutdown phase [cluster-exiting]
08:05:20.367 DEBUG akka.actor.CoordinatedShutdown - Performing task [wait-singleton-exiting] in CoordinatedShutdown phase [cluster-exiting]
08:05:20.367 DEBUG akka.actor.CoordinatedShutdown - Performing task [wait-singleton-exiting] in CoordinatedShutdown phase [cluster-exiting]
08:05:20.367 DEBUG akka.actor.CoordinatedShutdown - Performing task [singleton-exiting-1] in CoordinatedShutdown phase [cluster-exiting]
08:05:20.367 DEBUG akka.actor.CoordinatedShutdown - Performing task [singleton-exiting-2] in CoordinatedShutdown phase [cluster-exiting]
08:05:20.367 DEBUG akka.actor.CoordinatedShutdown - Performing task [wait-singleton-exiting] in CoordinatedShutdown phase [cluster-exiting]
08:05:20.367 INFO  a.c.s.ClusterSingletonManager - Exited [akka://akka-runtime@127.0.0.1:62975].
08:05:20.367 DEBUG akka.actor.CoordinatedShutdown - Performing task [singleton-exiting-1] in CoordinatedShutdown phase [cluster-exiting]
08:05:20.367 DEBUG akka.actor.CoordinatedShutdown - Performing task [singleton-exiting-2] in CoordinatedShutdown phase [cluster-exiting]
08:05:20.367 DEBUG akka.actor.CoordinatedShutdown - Performing task [wait-singleton-exiting] in CoordinatedShutdown phase [cluster-exiting]
08:05:20.367 DEBUG akka.actor.CoordinatedShutdown - Performing task [singleton-exiting-1] in CoordinatedShutdown phase [cluster-exiting]
08:05:20.367 DEBUG akka.actor.CoordinatedShutdown - Performing task [wait-singleton-exiting] in CoordinatedShutdown phase [cluster-exiting]
08:05:20.367 DEBUG akka.actor.CoordinatedShutdown - Performing task [singleton-exiting-1] in CoordinatedShutdown phase [cluster-exiting]
08:05:20.367 DEBUG akka.actor.CoordinatedShutdown - Performing task [singleton-exiting-2] in CoordinatedShutdown phase [cluster-exiting]
08:05:20.367 DEBUG akka.actor.CoordinatedShutdown - Performing task [wait-singleton-exiting] in CoordinatedShutdown phase [cluster-exiting]
08:05:20.367 DEBUG akka.actor.CoordinatedShutdown - Performing task [singleton-exiting-2] in CoordinatedShutdown phase [cluster-exiting]
08:05:20.367 DEBUG akka.actor.CoordinatedShutdown - Performing task [singleton-exiting-2] in CoordinatedShutdown phase [cluster-exiting]
08:05:20.367 INFO  a.c.s.ClusterSingletonManager - Oldest observed OldestChanged: [akka://akka-runtime@127.0.0.1:62975 -> None]
08:05:20.367 DEBUG akka.actor.CoordinatedShutdown - Performing task [singleton-exiting-2] in CoordinatedShutdown phase [cluster-exiting]
08:05:20.367 DEBUG akka.actor.CoordinatedShutdown - Performing task [singleton-exiting-2] in CoordinatedShutdown phase [cluster-exiting]
08:05:20.367 DEBUG akka.actor.CoordinatedShutdown - Performing task [singleton-exiting-1] in CoordinatedShutdown phase [cluster-exiting]
08:05:20.367 DEBUG akka.actor.CoordinatedShutdown - Performing task [singleton-exiting-1] in CoordinatedShutdown phase [cluster-exiting]
08:05:20.367 INFO  a.c.s.ClusterSingletonManager - ClusterSingletonManager state change [Oldest -> WasOldest]
08:05:20.367 INFO  a.c.s.ClusterSingletonManager - Exited [akka://akka-runtime@127.0.0.1:62975].
08:05:20.367 INFO  a.c.s.ClusterSingletonManager - Exited [akka://akka-runtime@127.0.0.1:62975].
08:05:20.367 INFO  a.c.s.ClusterSingletonManager - Oldest observed OldestChanged: [akka://akka-runtime@127.0.0.1:62975 -> None]
08:05:20.367 INFO  a.c.s.ClusterSingletonManager - Exited [akka://akka-runtime@127.0.0.1:62975].
08:05:20.367 INFO  a.c.s.ClusterSingletonManager - ClusterSingletonManager state change [Oldest -> WasOldest]
08:05:20.367 INFO  a.c.s.ClusterSingletonManager - Exited [akka://akka-runtime@127.0.0.1:62975].
08:05:20.367 INFO  a.c.s.ClusterSingletonManager - Exited [akka://akka-runtime@127.0.0.1:62975].
08:05:20.367 INFO  a.c.s.ClusterSingletonManager - Exited [akka://akka-runtime@127.0.0.1:62975].
08:05:20.367 INFO  a.c.s.ClusterSingletonManager - Oldest observed OldestChanged: [akka://akka-runtime@127.0.0.1:62975 -> None]
08:05:20.367 INFO  a.c.s.ClusterSingletonManager - Oldest observed OldestChanged: [akka://akka-runtime@127.0.0.1:62975 -> None]
08:05:20.367 INFO  a.c.s.ClusterSingletonManager - Exited [akka://akka-runtime@127.0.0.1:62975].
08:05:20.367 INFO  a.c.s.ClusterSingletonManager - ClusterSingletonManager state change [Oldest -> WasOldest]
08:05:20.367 INFO  a.c.s.ClusterSingletonManager - ClusterSingletonManager state change [Oldest -> WasOldest]
08:05:20.367 INFO  a.c.s.ClusterSingletonManager - Oldest observed OldestChanged: [akka://akka-runtime@127.0.0.1:62975 -> None]
08:05:20.367 INFO  a.c.s.ClusterSingletonManager - Exited [akka://akka-runtime@127.0.0.1:62975].
08:05:20.367 INFO  a.c.s.ClusterSingletonManager - ClusterSingletonManager state change [Oldest -> WasOldest]
08:05:20.367 INFO  a.c.s.ClusterSingletonManager - Oldest observed OldestChanged: [akka://akka-runtime@127.0.0.1:62975 -> None]
08:05:20.367 INFO  a.c.s.ClusterSingletonManager - Oldest observed OldestChanged: [akka://akka-runtime@127.0.0.1:62975 -> None]
08:05:20.367 INFO  a.c.s.ClusterSingletonManager - ClusterSingletonManager state change [Oldest -> WasOldest]
08:05:20.367 INFO  a.c.s.ClusterSingletonManager - ClusterSingletonManager state change [Oldest -> WasOldest]
08:05:20.367 INFO  a.c.s.ClusterSingletonManager - Oldest observed OldestChanged: [akka://akka-runtime@127.0.0.1:62975 -> None]
08:05:20.367 INFO  a.c.s.ClusterSingletonManager - Oldest observed OldestChanged: [akka://akka-runtime@127.0.0.1:62975 -> None]
08:05:20.367 INFO  a.c.s.ClusterSingletonManager - ClusterSingletonManager state change [Oldest -> WasOldest]
08:05:20.367 INFO  a.c.s.ClusterSingletonManager - ClusterSingletonManager state change [Oldest -> WasOldest]
08:05:21.006 DEBUG a.c.singleton.ClusterSingletonProxy - Creating singleton identification timer...
08:05:21.006 DEBUG a.c.singleton.ClusterSingletonProxy - Creating singleton identification timer...
08:05:21.006 DEBUG a.c.singleton.ClusterSingletonProxy - Creating singleton identification timer...
08:05:21.006 DEBUG a.c.singleton.ClusterSingletonProxy - Creating singleton identification timer...
08:05:21.383 INFO  a.c.s.ClusterSingletonManager - Singleton manager stopping singleton actor [akka://akka-runtime/system/sharding/_timerCoordinator/singleton]
08:05:21.383 INFO  a.c.s.ClusterSingletonManager - Singleton manager stopping singleton actor [akka://akka-runtime/system/sharding/sharded-daemon-process-eventSourcedProjection-passivation-race-entity-passivation-race-consumer-bCoordinator/singleton]
08:05:21.383 INFO  a.c.s.ClusterSingletonManager - Singleton manager stopping singleton actor [akka://akka-runtime/system/sharding/sharded-daemon-process-eventSourcedProjection-passivation-race-entity-passivation-race-viewCoordinator/singleton]
08:05:21.383 INFO  a.c.s.ClusterSingletonManager - Singleton manager stopping singleton actor [akka://akka-runtime/system/sharding/sharded-daemon-process-eventSourcedProjection-passivation-race-entity-passivation-race-consumer-aCoordinator/singleton]
08:05:21.383 INFO  a.c.s.ClusterSingletonManager - Singleton manager stopping singleton actor [akka://akka-runtime/system/singletonManagerschemaSingleton/schemaSingleton]
08:05:21.383 INFO  a.c.s.ClusterSingletonManager - ClusterSingletonManager state change [WasOldest -> Stopping]
08:05:21.383 INFO  a.c.s.ClusterSingletonManager - ClusterSingletonManager state change [WasOldest -> Stopping]
08:05:21.383 INFO  a.c.s.ClusterSingletonManager - ClusterSingletonManager state change [WasOldest -> Stopping]
08:05:21.383 DEBUG a.c.sharding.DDataShardCoordinator - sharded-daemon-process-eventSourcedProjection-passivation-race-entity-passivation-race-view: Received termination message.
08:05:21.383 DEBUG a.c.sharding.DDataShardCoordinator - sharded-daemon-process-eventSourcedProjection-passivation-race-entity-passivation-race-consumer-b: Received termination message.
08:05:21.383 DEBUG a.c.sharding.DDataShardCoordinator - sharded-daemon-process-eventSourcedProjection-passivation-race-entity-passivation-race-consumer-a: Received termination message.
08:05:21.383 DEBUG a.c.sharding.DDataShardCoordinator - _timer: Received termination message.
08:05:21.383 INFO  a.c.s.ClusterSingletonManager - Singleton actor [akka://akka-runtime/system/sharding/sharded-daemon-process-eventSourcedProjection-passivation-race-entity-passivation-race-consumer-aCoordinator/singleton] was terminated
08:05:21.383 INFO  a.c.s.ClusterSingletonManager - Singleton manager stopping singleton actor [akka://akka-runtime/system/sharding/passivation-race-entityCoordinator/singleton]
08:05:21.383 INFO  a.c.s.ClusterSingletonManager - Singleton manager stopping singleton actor [akka://akka-runtime/system/singletonManagerShardedDaemonProcessCoordinator-eventSourcedProjection-passivation-race-entity-passivation-race-consumer-a/ShardedDaemonProcessCoordinator-eventSourcedProjection-passivation-race-entity-passivation-race-consumer-a]
08:05:21.383 INFO  a.c.s.ClusterSingletonManager - Singleton actor [akka://akka-runtime/system/sharding/_timerCoordinator/singleton] was terminated
08:05:21.383 INFO  a.c.s.ClusterSingletonManager - Singleton manager stopping singleton actor [akka://akka-runtime/system/singletonManagerShardedDaemonProcessCoordinator-eventSourcedProjection-passivation-race-entity-passivation-race-consumer-b/ShardedDaemonProcessCoordinator-eventSourcedProjection-passivation-race-entity-passivation-race-consumer-b]
08:05:21.383 INFO  a.c.s.ClusterSingletonManager - ClusterSingletonManager state change [WasOldest -> Stopping]
08:05:21.383 INFO  a.c.s.ClusterSingletonManager - ClusterSingletonManager state change [WasOldest -> Stopping]
08:05:21.383 DEBUG a.c.sharding.DDataShardCoordinator - passivation-race-entity: Received termination message.
08:05:21.383 INFO  a.c.s.ClusterSingletonManager - Singleton actor [akka://akka-runtime/system/singletonManagerShardedDaemonProcessCoordinator-eventSourcedProjection-passivation-race-entity-passivation-race-consumer-b/ShardedDaemonProcessCoordinator-eventSourcedProjection-passivation-race-entity-passivation-race-consumer-b] was terminated
08:05:21.384 INFO  a.c.s.ClusterSingletonManager - Singleton actor [akka://akka-runtime/system/sharding/passivation-race-entityCoordinator/singleton] was terminated
08:05:21.384 INFO  a.c.s.ClusterSingletonManager - Singleton manager stopping singleton actor [akka://akka-runtime/system/singletonManagerShardedDaemonProcessCoordinator-eventSourcedProjection-passivation-race-entity-passivation-race-view/ShardedDaemonProcessCoordinator-eventSourcedProjection-passivation-race-entity-passivation-race-view]
08:05:21.384 INFO  a.c.s.ClusterSingletonManager - ClusterSingletonManager state change [WasOldest -> Stopping]
08:05:21.384 INFO  a.c.s.ClusterSingletonManager - Singleton actor [akka://akka-runtime/system/singletonManagerShardedDaemonProcessCoordinator-eventSourcedProjection-passivation-race-entity-passivation-race-view/ShardedDaemonProcessCoordinator-eventSourcedProjection-passivation-race-entity-passivation-race-view] was terminated
08:05:21.384 INFO  a.c.s.ClusterSingletonManager - Singleton actor [akka://akka-runtime/system/sharding/sharded-daemon-process-eventSourcedProjection-passivation-race-entity-passivation-race-consumer-bCoordinator/singleton] was terminated
08:05:21.384 INFO  a.c.s.ClusterSingletonManager - ClusterSingletonManager state change [WasOldest -> Stopping]
08:05:21.384 INFO  a.c.s.ClusterSingletonManager - ClusterSingletonManager state change [WasOldest -> Stopping]
08:05:21.384 INFO  a.c.s.ClusterSingletonManager - Singleton actor [akka://akka-runtime/system/singletonManagerShardedDaemonProcessCoordinator-eventSourcedProjection-passivation-race-entity-passivation-race-consumer-a/ShardedDaemonProcessCoordinator-eventSourcedProjection-passivation-race-entity-passivation-race-consumer-a] was terminated
08:05:21.384 INFO  a.c.s.ClusterSingletonManager - Singleton actor [akka://akka-runtime/system/sharding/sharded-daemon-process-eventSourcedProjection-passivation-race-entity-passivation-race-viewCoordinator/singleton] was terminated
08:05:21.384 INFO  a.c.s.ClusterSingletonManager - ClusterSingletonManager state change [WasOldest -> Stopping]
08:05:21.384 INFO  a.c.s.ClusterSingletonManager - Singleton actor [akka://akka-runtime/system/singletonManagerschemaSingleton/schemaSingleton] was terminated
08:05:21.384 DEBUG akka.actor.CoordinatedShutdown - Performing phase [cluster-exiting-done] with [1] tasks.
08:05:21.384 DEBUG akka.actor.CoordinatedShutdown - Performing task [exiting-completed] in CoordinatedShutdown phase [cluster-exiting-done]
08:05:21.384 DEBUG akka.actor.CoordinatedShutdown - Performing phase [cluster-shutdown] with [1] tasks.
08:05:21.384 DEBUG akka.actor.CoordinatedShutdown - Performing task [wait-shutdown] in CoordinatedShutdown phase [cluster-shutdown]
08:05:21.385 DEBUG akka.actor.CoordinatedShutdown - Performing phase [before-actor-system-terminate] with [2] tasks.
08:05:21.385 DEBUG akka.actor.CoordinatedShutdown - Performing task [close connection pools] in CoordinatedShutdown phase [before-actor-system-terminate]
08:05:21.385 DEBUG akka.actor.CoordinatedShutdown - Performing task [close-grpc-channels] in CoordinatedShutdown phase [before-actor-system-terminate]
08:05:21.385 DEBUG akka.actor.CoordinatedShutdown - Performing phase [actor-system-terminate] with [1] tasks.
08:05:21.385 DEBUG akka.actor.CoordinatedShutdown - Performing task [terminate-system] in CoordinatedShutdown phase [actor-system-terminate]
08:05:21.456 INFO  akka.runtime.AkkaRuntimeMain - Starting Akka Runtime version [1.6.15]
08:05:21.464 INFO  akka.javasdk.impl.ComponentLocator$ - Looking for component descriptors matching pattern [META-INF/akka-javasdk-components_*.conf]
08:05:21.470 INFO  akka.javasdk.testkit.TestKit - Eventing TestKit booting up on port: 62979
08:05:21.472 DEBUG a.c.singleton.ClusterSingletonProxy - Creating singleton identification timer...
08:05:21.472 DEBUG a.c.singleton.ClusterSingletonProxy - Singleton not available, buffering message type [kalix.runtime.SchemaSingleton$ExecDdl]
08:05:21.472 DEBUG a.c.singleton.ClusterSingletonProxy - Trying to identify singleton at [akka://akka-runtime@127.0.0.1:62980/system/singletonManagerschemaSingleton/schemaSingleton]
08:05:21.472 INFO  a.c.s.ClusterSingletonManager - Singleton manager starting singleton actor [akka://akka-runtime/system/singletonManagerschemaSingleton/schemaSingleton]
08:05:21.472 INFO  a.c.s.ClusterSingletonManager - ClusterSingletonManager state change [Start -> Oldest]
08:05:21.472 INFO  akka.javasdk.testkit.TestKit - Checking runtime status
08:05:21.535 DEBUG a.c.singleton.ClusterSingletonProxy - Trying to identify singleton at [akka://akka-runtime@127.0.0.1:62980/system/singletonManagerschemaSingleton/schemaSingleton]
08:05:21.536 INFO  a.c.singleton.ClusterSingletonProxy - Singleton identified at [akka://akka-runtime/system/singletonManagerschemaSingleton/schemaSingleton]
08:05:21.536 DEBUG a.c.singleton.ClusterSingletonProxy - Sending buffered messages to current singleton instance
08:05:21.537 INFO  a.c.s.typed.scaladsl.ClusterSharding - Starting Shard Region [passivation-race-entity]...
08:05:21.538 INFO  akka.cluster.sharding.ShardRegion - passivation-race-entity: Automatic entity passivation: composite strategy with limit of [10000] active entities, admission window (least recently used entities) with proportions [initial = 0.01, min = 0.01, max = 1.0] adapting with hill-climbing optimizer [adjust multiplier = 10.0, initial step = 0.0625, restart threshold = 0.05, step decay = 0.98], admit using frequency sketch [width multiplier = 4, reset multiplier = 10.0, depth = 4, counter bits = 4], main (least recently used entities (segmented with [2] levels with proportions of [0.20, 0.80]))
08:05:21.538 INFO  a.c.s.ClusterSingletonManager - Singleton manager starting singleton actor [akka://akka-runtime/system/sharding/passivation-race-entityCoordinator/singleton]
08:05:21.538 INFO  a.c.s.ClusterSingletonManager - ClusterSingletonManager state change [Start -> Oldest]
08:05:21.538 DEBUG a.c.sharding.DDataShardCoordinator - passivation-race-entity: Initial coordinator is empty.
08:05:21.538 INFO  a.c.sharding.DDataShardCoordinator - passivation-race-entity: ShardCoordinator was moved to the active state with [0] shards
08:05:21.540 DEBUG a.c.singleton.ClusterSingletonProxy - Forwarding message of type [SchemaSingleton$ExecDdl] to current singleton instance at [akka://akka-runtime/system/singletonManagerschemaSingleton/schemaSingleton]
08:05:21.540 INFO  akka.runtime.DiscoveryManager - Service components: EventSourcedEntity: [1], Consumer: [2], View: [1]
08:05:21.541 INFO  a.c.s.typed.scaladsl.ClusterSharding - Starting Shard Region [_timer]...
08:05:21.542 INFO  a.c.s.typed.scaladsl.ClusterSharding - Starting Shard Region [sharded-daemon-process-eventSourcedProjection-passivation-race-entity-passivation-race-consumer-a]...
08:05:21.542 INFO  a.c.s.ClusterSingletonManager - Singleton manager starting singleton actor [akka://akka-runtime/system/sharding/_timerCoordinator/singleton]
08:05:21.542 INFO  a.c.s.ClusterSingletonManager - ClusterSingletonManager state change [Start -> Oldest]
08:05:21.542 INFO  akka.cluster.sharding.ShardRegion - sharded-daemon-process-eventSourcedProjection-passivation-race-entity-passivation-race-consumer-a: Automatic entity passivation: disabled
08:05:21.542 DEBUG a.c.sharding.DDataShardCoordinator - _timer: Starting remember entities store from provider akka.cluster.sharding.internal.DDataRememberEntitiesProvider@19f00baa
08:05:21.542 DEBUG a.c.singleton.ClusterSingletonProxy - Creating singleton identification timer...
08:05:21.542 DEBUG a.c.singleton.ClusterSingletonProxy - Trying to identify singleton at [akka://akka-runtime@127.0.0.1:62980/system/singletonManagerShardedDaemonProcessCoordinator-eventSourcedProjection-passivation-race-entity-passivation-race-consumer-a/ShardedDaemonProcessCoordinator-eventSourcedProjection-passivation-race-entity-passivation-race-consumer-a]
08:05:21.542 DEBUG a.c.sharding.DDataShardCoordinator - _timer: Initial coordinator is empty.
08:05:21.542 INFO  a.c.sharding.DDataShardCoordinator - _timer: ShardCoordinator was moved to the active state with [0] shards
08:05:21.542 INFO  a.c.s.typed.scaladsl.ClusterSharding - Starting Shard Region [sharded-daemon-process-eventSourcedProjection-passivation-race-entity-passivation-race-consumer-b]...
08:05:21.542 DEBUG a.c.sharding.DDataShardCoordinator - _timer: Received [0] remembered shard ids (after state initialized)
08:05:21.542 INFO  a.c.s.ClusterSingletonManager - Singleton manager starting singleton actor [akka://akka-runtime/system/sharding/sharded-daemon-process-eventSourcedProjection-passivation-race-entity-passivation-race-consumer-aCoordinator/singleton]
08:05:21.542 INFO  a.c.s.ClusterSingletonManager - ClusterSingletonManager state change [Start -> Oldest]
08:05:21.543 INFO  akka.cluster.sharding.ShardRegion - sharded-daemon-process-eventSourcedProjection-passivation-race-entity-passivation-race-consumer-b: Automatic entity passivation: disabled
08:05:21.543 INFO  a.c.s.ClusterSingletonManager - Singleton manager starting singleton actor [akka://akka-runtime/system/singletonManagerShardedDaemonProcessCoordinator-eventSourcedProjection-passivation-race-entity-passivation-race-consumer-a/ShardedDaemonProcessCoordinator-eventSourcedProjection-passivation-race-entity-passivation-race-consumer-a]
08:05:21.543 INFO  a.c.s.ClusterSingletonManager - ClusterSingletonManager state change [Start -> Oldest]
08:05:21.543 DEBUG a.c.sharding.DDataShardCoordinator - sharded-daemon-process-eventSourcedProjection-passivation-race-entity-passivation-race-consumer-a: Initial coordinator is empty.
08:05:21.543 INFO  a.c.sharding.DDataShardCoordinator - sharded-daemon-process-eventSourcedProjection-passivation-race-entity-passivation-race-consumer-a: ShardCoordinator was moved to the active state with [0] shards
08:05:21.543 DEBUG a.c.s.t.i.ShardedDaemonProcessCoordinator$ - ShardedDaemonProcessCoordinator for [eventSourcedProjection-passivation-race-entity-passivation-race-consumer-a] starting
08:05:21.543 DEBUG a.c.s.t.i.ShardedDaemonProcessCoordinator$ - eventSourcedProjection-passivation-race-entity-passivation-race-consumer-a: No previous state stored for Sharded Daemon Process
08:05:21.543 DEBUG a.c.s.t.i.ShardedDaemonProcessCoordinator$ - Sending periodic keep alive for Sharded Daemon Process [eventSourcedProjection-passivation-race-entity-passivation-race-consumer-a] to [1] processes (revision [0]).
08:05:21.543 INFO  a.c.s.ClusterSingletonManager - Singleton manager starting singleton actor [akka://akka-runtime/system/sharding/sharded-daemon-process-eventSourcedProjection-passivation-race-entity-passivation-race-consumer-bCoordinator/singleton]
08:05:21.543 INFO  a.c.s.typed.scaladsl.ClusterSharding - Starting Shard Region [sharded-daemon-process-eventSourcedProjection-passivation-race-entity-passivation-race-view]...
08:05:21.543 INFO  a.c.s.ClusterSingletonManager - ClusterSingletonManager state change [Start -> Oldest]
08:05:21.543 DEBUG a.c.singleton.ClusterSingletonProxy - Creating singleton identification timer...
08:05:21.543 DEBUG a.c.singleton.ClusterSingletonProxy - Trying to identify singleton at [akka://akka-runtime@127.0.0.1:62980/system/singletonManagerShardedDaemonProcessCoordinator-eventSourcedProjection-passivation-race-entity-passivation-race-consumer-b/ShardedDaemonProcessCoordinator-eventSourcedProjection-passivation-race-entity-passivation-race-consumer-b]
08:05:21.543 INFO  a.c.s.ClusterSingletonManager - Singleton manager starting singleton actor [akka://akka-runtime/system/singletonManagerShardedDaemonProcessCoordinator-eventSourcedProjection-passivation-race-entity-passivation-race-consumer-b/ShardedDaemonProcessCoordinator-eventSourcedProjection-passivation-race-entity-passivation-race-consumer-b]
08:05:21.543 INFO  a.c.s.ClusterSingletonManager - ClusterSingletonManager state change [Start -> Oldest]
08:05:21.543 DEBUG a.c.sharding.DDataShardCoordinator - sharded-daemon-process-eventSourcedProjection-passivation-race-entity-passivation-race-consumer-b: Initial coordinator is empty.
08:05:21.543 INFO  a.c.sharding.DDataShardCoordinator - sharded-daemon-process-eventSourcedProjection-passivation-race-entity-passivation-race-consumer-b: ShardCoordinator was moved to the active state with [0] shards
08:05:21.543 DEBUG a.c.s.t.i.ShardedDaemonProcessCoordinator$ - ShardedDaemonProcessCoordinator for [eventSourcedProjection-passivation-race-entity-passivation-race-consumer-b] starting
08:05:21.543 INFO  akka.cluster.sharding.ShardRegion - sharded-daemon-process-eventSourcedProjection-passivation-race-entity-passivation-race-view: Automatic entity passivation: disabled
08:05:21.544 DEBUG a.c.singleton.ClusterSingletonProxy - Creating singleton identification timer...
08:05:21.544 DEBUG a.c.singleton.ClusterSingletonProxy - Trying to identify singleton at [akka://akka-runtime@127.0.0.1:62980/system/singletonManagerShardedDaemonProcessCoordinator-eventSourcedProjection-passivation-race-entity-passivation-race-view/ShardedDaemonProcessCoordinator-eventSourcedProjection-passivation-race-entity-passivation-race-view]
08:05:21.544 DEBUG a.c.s.t.i.ShardedDaemonProcessCoordinator$ - eventSourcedProjection-passivation-race-entity-passivation-race-consumer-b: No previous state stored for Sharded Daemon Process
08:05:21.544 DEBUG a.c.s.t.i.ShardedDaemonProcessCoordinator$ - Sending periodic keep alive for Sharded Daemon Process [eventSourcedProjection-passivation-race-entity-passivation-race-consumer-b] to [1] processes (revision [0]).
08:05:21.544 INFO  a.c.s.ClusterSingletonManager - Singleton manager starting singleton actor [akka://akka-runtime/system/sharding/sharded-daemon-process-eventSourcedProjection-passivation-race-entity-passivation-race-viewCoordinator/singleton]
08:05:21.544 INFO  a.c.s.ClusterSingletonManager - ClusterSingletonManager state change [Start -> Oldest]
08:05:21.544 INFO  a.c.s.ClusterSingletonManager - Singleton manager starting singleton actor [akka://akka-runtime/system/singletonManagerShardedDaemonProcessCoordinator-eventSourcedProjection-passivation-race-entity-passivation-race-view/ShardedDaemonProcessCoordinator-eventSourcedProjection-passivation-race-entity-passivation-race-view]
08:05:21.544 INFO  a.c.s.ClusterSingletonManager - ClusterSingletonManager state change [Start -> Oldest]
08:05:21.544 DEBUG a.c.s.t.i.ShardedDaemonProcessCoordinator$ - ShardedDaemonProcessCoordinator for [eventSourcedProjection-passivation-race-entity-passivation-race-view] starting
08:05:21.544 DEBUG a.c.sharding.DDataShardCoordinator - sharded-daemon-process-eventSourcedProjection-passivation-race-entity-passivation-race-view: Initial coordinator is empty.
08:05:21.544 INFO  a.c.sharding.DDataShardCoordinator - sharded-daemon-process-eventSourcedProjection-passivation-race-entity-passivation-race-view: ShardCoordinator was moved to the active state with [0] shards
08:05:21.544 DEBUG a.c.s.t.i.ShardedDaemonProcessCoordinator$ - eventSourcedProjection-passivation-race-entity-passivation-race-view: No previous state stored for Sharded Daemon Process
08:05:21.544 DEBUG a.c.s.t.i.ShardedDaemonProcessCoordinator$ - Sending periodic keep alive for Sharded Daemon Process [eventSourcedProjection-passivation-race-entity-passivation-race-view] to [1] processes (revision [0]).
08:05:21.544 INFO  akka.runtime.DiscoveryManager - Akka Runtime started at 127.0.0.1:62978
08:05:21.544 INFO  repro.Bootstrap - onStartup burst of 8 starting
08:05:21.589 INFO  akka.javasdk.testkit.TestKit - Runtime started
08:05:21.589 INFO  akka.actor.CoordinatedShutdown - Running CoordinatedShutdown with reason [ActorSystemTerminateReason]
08:05:21.589 DEBUG akka.actor.CoordinatedShutdown - Performing phase [before-service-unbind] with [0] tasks
08:05:21.589 DEBUG akka.actor.CoordinatedShutdown - Performing phase [service-unbind] with [1] tasks.
08:05:21.589 DEBUG akka.actor.CoordinatedShutdown - Performing task [http-unbind-/127.0.0.1:62978] in CoordinatedShutdown phase [service-unbind]
08:05:21.589 DEBUG akka.actor.CoordinatedShutdown - Performing phase [service-requests-done] with [1] tasks.
08:05:21.589 DEBUG akka.actor.CoordinatedShutdown - Performing task [http-terminate-/127.0.0.1:62978] in CoordinatedShutdown phase [service-requests-done]
08:05:21.589 DEBUG akka.actor.CoordinatedShutdown - Performing phase [service-stop] with [1] tasks.
08:05:21.589 DEBUG akka.actor.CoordinatedShutdown - Performing task [stop-grpc-clients] in CoordinatedShutdown phase [service-stop]
08:05:21.589 DEBUG akka.actor.CoordinatedShutdown - Performing phase [before-cluster-shutdown] with [0] tasks
08:05:21.589 DEBUG akka.actor.CoordinatedShutdown - Performing phase [cluster-sharding-shutdown-region] with [5] tasks.
08:05:21.589 DEBUG akka.actor.CoordinatedShutdown - Performing task [region-shutdown] in CoordinatedShutdown phase [cluster-sharding-shutdown-region]
08:05:21.589 DEBUG akka.actor.CoordinatedShutdown - Performing task [region-shutdown] in CoordinatedShutdown phase [cluster-sharding-shutdown-region]
08:05:21.589 DEBUG akka.actor.CoordinatedShutdown - Performing task [region-shutdown] in CoordinatedShutdown phase [cluster-sharding-shutdown-region]
08:05:21.589 DEBUG akka.actor.CoordinatedShutdown - Performing task [region-shutdown] in CoordinatedShutdown phase [cluster-sharding-shutdown-region]
08:05:21.589 DEBUG akka.actor.CoordinatedShutdown - Performing task [region-shutdown] in CoordinatedShutdown phase [cluster-sharding-shutdown-region]
08:05:21.589 DEBUG a.c.sharding.DDataShardCoordinator - sharded-daemon-process-eventSourcedProjection-passivation-race-entity-passivation-race-consumer-a: Unknown region requested graceful shutdown [Actor[akka://akka-runtime/system/sharding/sharded-daemon-process-eventSourcedProjection-passivation-race-entity-passivation-race-consumer-a#-1490183977]]
08:05:21.589 DEBUG a.c.sharding.DDataShardCoordinator - sharded-daemon-process-eventSourcedProjection-passivation-race-entity-passivation-race-consumer-b: Unknown region requested graceful shutdown [Actor[akka://akka-runtime/system/sharding/sharded-daemon-process-eventSourcedProjection-passivation-race-entity-passivation-race-consumer-b#-1420697064]]
08:05:21.589 DEBUG a.c.sharding.DDataShardCoordinator - passivation-race-entity: Unknown region requested graceful shutdown [Actor[akka://akka-runtime/system/sharding/passivation-race-entity#-980439523]]
08:05:21.589 DEBUG a.c.sharding.DDataShardCoordinator - _timer: Unknown region requested graceful shutdown [Actor[akka://akka-runtime/system/sharding/_timer#-2125694938]]
08:05:21.590 DEBUG a.c.sharding.DDataShardCoordinator - sharded-daemon-process-eventSourcedProjection-passivation-race-entity-passivation-race-view: Unknown region requested graceful shutdown [Actor[akka://akka-runtime/system/sharding/sharded-daemon-process-eventSourcedProjection-passivation-race-entity-passivation-race-view#-751202116]]
08:05:21.607 DEBUG a.c.singleton.ClusterSingletonProxy - Trying to identify singleton at [akka://akka-runtime@127.0.0.1:62980/system/singletonManagerShardedDaemonProcessCoordinator-eventSourcedProjection-passivation-race-entity-passivation-race-consumer-a/ShardedDaemonProcessCoordinator-eventSourcedProjection-passivation-race-entity-passivation-race-consumer-a]
08:05:21.607 DEBUG a.c.singleton.ClusterSingletonProxy - Trying to identify singleton at [akka://akka-runtime@127.0.0.1:62980/system/singletonManagerShardedDaemonProcessCoordinator-eventSourcedProjection-passivation-race-entity-passivation-race-consumer-b/ShardedDaemonProcessCoordinator-eventSourcedProjection-passivation-race-entity-passivation-race-consumer-b]
08:05:21.607 DEBUG a.c.singleton.ClusterSingletonProxy - Trying to identify singleton at [akka://akka-runtime@127.0.0.1:62980/system/singletonManagerShardedDaemonProcessCoordinator-eventSourcedProjection-passivation-race-entity-passivation-race-view/ShardedDaemonProcessCoordinator-eventSourcedProjection-passivation-race-entity-passivation-race-view]
08:05:21.607 INFO  a.c.singleton.ClusterSingletonProxy - Singleton identified at [akka://akka-runtime/system/singletonManagerShardedDaemonProcessCoordinator-eventSourcedProjection-passivation-race-entity-passivation-race-consumer-a/ShardedDaemonProcessCoordinator-eventSourcedProjection-passivation-race-entity-passivation-race-consumer-a]
08:05:21.607 INFO  a.c.singleton.ClusterSingletonProxy - Singleton identified at [akka://akka-runtime/system/singletonManagerShardedDaemonProcessCoordinator-eventSourcedProjection-passivation-race-entity-passivation-race-consumer-b/ShardedDaemonProcessCoordinator-eventSourcedProjection-passivation-race-entity-passivation-race-consumer-b]
08:05:21.607 DEBUG a.c.singleton.ClusterSingletonProxy - Sending buffered messages to current singleton instance
08:05:21.607 DEBUG a.c.singleton.ClusterSingletonProxy - Sending buffered messages to current singleton instance
08:05:21.607 INFO  a.c.singleton.ClusterSingletonProxy - Singleton identified at [akka://akka-runtime/system/singletonManagerShardedDaemonProcessCoordinator-eventSourcedProjection-passivation-race-entity-passivation-race-view/ShardedDaemonProcessCoordinator-eventSourcedProjection-passivation-race-entity-passivation-race-view]
08:05:21.607 DEBUG a.c.singleton.ClusterSingletonProxy - Sending buffered messages to current singleton instance
08:05:21.806 DEBUG a.c.sharding.DDataShardCoordinator - sharded-daemon-process-eventSourcedProjection-passivation-race-entity-passivation-race-view: ShardRegion registered: [Actor[akka://akka-runtime/system/sharding/sharded-daemon-process-eventSourcedProjection-passivation-race-entity-passivation-race-view#-751202116]]
08:05:21.806 DEBUG a.c.sharding.DDataShardCoordinator - sharded-daemon-process-eventSourcedProjection-passivation-race-entity-passivation-race-consumer-a: ShardRegion registered: [Actor[akka://akka-runtime/system/sharding/sharded-daemon-process-eventSourcedProjection-passivation-race-entity-passivation-race-consumer-a#-1490183977]]
08:05:21.806 DEBUG a.c.sharding.DDataShardCoordinator - passivation-race-entity: ShardRegion registered: [Actor[akka://akka-runtime/system/sharding/passivation-race-entity#-980439523]]
08:05:21.806 DEBUG a.c.sharding.DDataShardCoordinator - sharded-daemon-process-eventSourcedProjection-passivation-race-entity-passivation-race-consumer-b: ShardRegion registered: [Actor[akka://akka-runtime/system/sharding/sharded-daemon-process-eventSourcedProjection-passivation-race-entity-passivation-race-consumer-b#-1420697064]]
08:05:21.806 DEBUG a.c.sharding.DDataShardCoordinator - sharded-daemon-process-eventSourcedProjection-passivation-race-entity-passivation-race-consumer-a: The coordinator state was successfully updated with ShardRegionRegistered(Actor[akka://akka-runtime/system/sharding/sharded-daemon-process-eventSourcedProjection-passivation-race-entity-passivation-race-consumer-a#-1490183977])
08:05:21.806 DEBUG a.c.sharding.DDataShardCoordinator - passivation-race-entity: The coordinator state was successfully updated with ShardRegionRegistered(Actor[akka://akka-runtime/system/sharding/passivation-race-entity#-980439523])
08:05:21.806 DEBUG a.c.sharding.DDataShardCoordinator - sharded-daemon-process-eventSourcedProjection-passivation-race-entity-passivation-race-consumer-b: The coordinator state was successfully updated with ShardRegionRegistered(Actor[akka://akka-runtime/system/sharding/sharded-daemon-process-eventSourcedProjection-passivation-race-entity-passivation-race-consumer-b#-1420697064])
08:05:21.806 DEBUG a.c.sharding.DDataShardCoordinator - sharded-daemon-process-eventSourcedProjection-passivation-race-entity-passivation-race-view: The coordinator state was successfully updated with ShardRegionRegistered(Actor[akka://akka-runtime/system/sharding/sharded-daemon-process-eventSourcedProjection-passivation-race-entity-passivation-race-view#-751202116])
08:05:21.806 DEBUG a.c.sharding.DDataShardCoordinator - passivation-race-entity: The coordinator state was successfully updated with ShardHomeAllocated(667,Actor[akka://akka-runtime/system/sharding/passivation-race-entity#-980439523])
08:05:21.806 DEBUG a.c.sharding.DDataShardCoordinator - sharded-daemon-process-eventSourcedProjection-passivation-race-entity-passivation-race-consumer-b: The coordinator state was successfully updated with ShardHomeAllocated(0,Actor[akka://akka-runtime/system/sharding/sharded-daemon-process-eventSourcedProjection-passivation-race-entity-passivation-race-consumer-b#-1420697064])
08:05:21.806 DEBUG a.c.sharding.DDataShardCoordinator - sharded-daemon-process-eventSourcedProjection-passivation-race-entity-passivation-race-consumer-a: The coordinator state was successfully updated with ShardHomeAllocated(0,Actor[akka://akka-runtime/system/sharding/sharded-daemon-process-eventSourcedProjection-passivation-race-entity-passivation-race-consumer-a#-1490183977])
08:05:21.806 DEBUG a.c.sharding.DDataShardCoordinator - sharded-daemon-process-eventSourcedProjection-passivation-race-entity-passivation-race-consumer-b: Shard [0] allocated at [Actor[akka://akka-runtime/system/sharding/sharded-daemon-process-eventSourcedProjection-passivation-race-entity-passivation-race-consumer-b#-1420697064]]
08:05:21.806 DEBUG a.c.sharding.DDataShardCoordinator - sharded-daemon-process-eventSourcedProjection-passivation-race-entity-passivation-race-view: The coordinator state was successfully updated with ShardHomeAllocated(0,Actor[akka://akka-runtime/system/sharding/sharded-daemon-process-eventSourcedProjection-passivation-race-entity-passivation-race-view#-751202116])
08:05:21.806 DEBUG a.c.sharding.DDataShardCoordinator - passivation-race-entity: Shard [667] allocated at [Actor[akka://akka-runtime/system/sharding/passivation-race-entity#-980439523]]
08:05:21.806 DEBUG a.c.sharding.DDataShardCoordinator - sharded-daemon-process-eventSourcedProjection-passivation-race-entity-passivation-race-view: Shard [0] allocated at [Actor[akka://akka-runtime/system/sharding/sharded-daemon-process-eventSourcedProjection-passivation-race-entity-passivation-race-view#-751202116]]
08:05:21.806 DEBUG a.c.sharding.DDataShardCoordinator - sharded-daemon-process-eventSourcedProjection-passivation-race-entity-passivation-race-consumer-a: Shard [0] allocated at [Actor[akka://akka-runtime/system/sharding/sharded-daemon-process-eventSourcedProjection-passivation-race-entity-passivation-race-consumer-a#-1490183977]]
08:05:21.807 DEBUG a.c.sharding.DDataShardCoordinator - sharded-daemon-process-eventSourcedProjection-passivation-race-entity-passivation-race-view: Graceful shutdown of region [Actor[akka://akka-runtime/system/sharding/sharded-daemon-process-eventSourcedProjection-passivation-race-entity-passivation-race-view#-751202116]] with [1] shards
08:05:21.807 INFO  a.c.sharding.DDataShardCoordinator - sharded-daemon-process-eventSourcedProjection-passivation-race-entity-passivation-race-view: Starting shutting down shards [0] due to region shutting down or explicit stopping of shards.
08:05:21.807 DEBUG a.c.sharding.DDataShardCoordinator - sharded-daemon-process-eventSourcedProjection-passivation-race-entity-passivation-race-consumer-a: Graceful shutdown of region [Actor[akka://akka-runtime/system/sharding/sharded-daemon-process-eventSourcedProjection-passivation-race-entity-passivation-race-consumer-a#-1490183977]] with [1] shards
08:05:21.807 INFO  a.c.sharding.DDataShardCoordinator - sharded-daemon-process-eventSourcedProjection-passivation-race-entity-passivation-race-consumer-a: Starting shutting down shards [0] due to region shutting down or explicit stopping of shards.
08:05:21.807 DEBUG a.c.sharding.DDataShardCoordinator - sharded-daemon-process-eventSourcedProjection-passivation-race-entity-passivation-race-consumer-b: Graceful shutdown of region [Actor[akka://akka-runtime/system/sharding/sharded-daemon-process-eventSourcedProjection-passivation-race-entity-passivation-race-consumer-b#-1420697064]] with [1] shards
08:05:21.807 INFO  a.c.sharding.DDataShardCoordinator - sharded-daemon-process-eventSourcedProjection-passivation-race-entity-passivation-race-consumer-b: Starting shutting down shards [0] due to region shutting down or explicit stopping of shards.
08:05:21.807 DEBUG a.c.s.ShardCoordinator$RebalanceWorker - sharded-daemon-process-eventSourcedProjection-passivation-race-entity-passivation-race-consumer-a: Shutting down shard [0] from region [Actor[akka://akka-runtime/system/sharding/sharded-daemon-process-eventSourcedProjection-passivation-race-entity-passivation-race-consumer-a#-1490183977]]. Asking [1] region(s) to hand-off shard
08:05:21.807 DEBUG a.c.s.ShardCoordinator$RebalanceWorker - sharded-daemon-process-eventSourcedProjection-passivation-race-entity-passivation-race-consumer-a: BeginHandOffAck for shard [0] received from [Actor[akka://akka-runtime/system/sharding/sharded-daemon-process-eventSourcedProjection-passivation-race-entity-passivation-race-consumer-a#-1490183977]].
08:05:21.807 DEBUG a.c.s.ShardCoordinator$RebalanceWorker - sharded-daemon-process-eventSourcedProjection-passivation-race-entity-passivation-race-consumer-a: All shard regions acked, handing off shard [0].
08:05:21.807 DEBUG a.c.s.ShardCoordinator$RebalanceWorker - sharded-daemon-process-eventSourcedProjection-passivation-race-entity-passivation-race-view: Shutting down shard [0] from region [Actor[akka://akka-runtime/system/sharding/sharded-daemon-process-eventSourcedProjection-passivation-race-entity-passivation-race-view#-751202116]]. Asking [1] region(s) to hand-off shard
08:05:21.807 DEBUG akka.cluster.sharding.Shard - sharded-daemon-process-eventSourcedProjection-passivation-race-entity-passivation-race-view: Shard initialized
08:05:21.807 DEBUG akka.cluster.sharding.Shard - sharded-daemon-process-eventSourcedProjection-passivation-race-entity-passivation-race-consumer-b: Shard initialized
08:05:21.807 DEBUG akka.cluster.sharding.Shard - sharded-daemon-process-eventSourcedProjection-passivation-race-entity-passivation-race-consumer-a: Shard initialized
08:05:21.807 DEBUG a.c.s.ShardCoordinator$RebalanceWorker - sharded-daemon-process-eventSourcedProjection-passivation-race-entity-passivation-race-consumer-b: Shutting down shard [0] from region [Actor[akka://akka-runtime/system/sharding/sharded-daemon-process-eventSourcedProjection-passivation-race-entity-passivation-race-consumer-b#-1420697064]]. Asking [1] region(s) to hand-off shard
08:05:21.807 WARN  akka.cluster.sharding.ShardRegion - sharded-daemon-process-eventSourcedProjection-passivation-race-entity-passivation-race-consumer-a: Dropping [1] buffered messages to shard [0] during hand off to avoid re-ordering
08:05:21.807 DEBUG akka.cluster.sharding.Shard - sharded-daemon-process-eventSourcedProjection-passivation-race-entity-passivation-race-consumer-a: HandOff shard [0]
08:05:21.807 DEBUG a.c.s.ShardCoordinator$RebalanceWorker - sharded-daemon-process-eventSourcedProjection-passivation-race-entity-passivation-race-consumer-b: BeginHandOffAck for shard [0] received from [Actor[akka://akka-runtime/system/sharding/sharded-daemon-process-eventSourcedProjection-passivation-race-entity-passivation-race-consumer-b#-1420697064]].
08:05:21.807 DEBUG a.c.s.ShardCoordinator$RebalanceWorker - sharded-daemon-process-eventSourcedProjection-passivation-race-entity-passivation-race-consumer-b: All shard regions acked, handing off shard [0].
08:05:21.807 DEBUG a.c.s.ShardCoordinator$RebalanceWorker - sharded-daemon-process-eventSourcedProjection-passivation-race-entity-passivation-race-view: BeginHandOffAck for shard [0] received from [Actor[akka://akka-runtime/system/sharding/sharded-daemon-process-eventSourcedProjection-passivation-race-entity-passivation-race-view#-751202116]].
08:05:21.807 DEBUG a.c.s.ShardCoordinator$RebalanceWorker - sharded-daemon-process-eventSourcedProjection-passivation-race-entity-passivation-race-view: All shard regions acked, handing off shard [0].
08:05:21.807 DEBUG akka.cluster.sharding.Shard - sharded-daemon-process-eventSourcedProjection-passivation-race-entity-passivation-race-consumer-b: Request to start entity [0] and ack to [Some(Actor[akka://akka-runtime/deadLetters])]
08:05:21.807 DEBUG akka.cluster.sharding.Shard - sharded-daemon-process-eventSourcedProjection-passivation-race-entity-passivation-race-consumer-a: Shard [0] shutting down
08:05:21.807 DEBUG akka.cluster.sharding.Shard - sharded-daemon-process-eventSourcedProjection-passivation-race-entity-passivation-race-view: Request to start entity [0] and ack to [Some(Actor[akka://akka-runtime/deadLetters])]
08:05:21.807 DEBUG akka.cluster.sharding.Shard - sharded-daemon-process-eventSourcedProjection-passivation-race-entity-passivation-race-view: Started entity [Actor[akka://akka-runtime/system/sharding/sharded-daemon-process-eventSourcedProjection-passivation-race-entity-passivation-race-view/0/0#1317952383]] with entity id [0] in shard [0]
08:05:21.807 DEBUG akka.cluster.sharding.Shard - sharded-daemon-process-eventSourcedProjection-passivation-race-entity-passivation-race-consumer-b: Started entity [Actor[akka://akka-runtime/system/sharding/sharded-daemon-process-eventSourcedProjection-passivation-race-entity-passivation-race-consumer-b/0/0#-787119290]] with entity id [0] in shard [0]
08:05:21.807 DEBUG akka.cluster.sharding.Shard - sharded-daemon-process-eventSourcedProjection-passivation-race-entity-passivation-race-view: HandOff shard [0]
08:05:21.807 DEBUG akka.cluster.sharding.Shard - sharded-daemon-process-eventSourcedProjection-passivation-race-entity-passivation-race-consumer-b: HandOff shard [0]
08:05:21.807 DEBUG akka.cluster.sharding.Shard - sharded-daemon-process-eventSourcedProjection-passivation-race-entity-passivation-race-view: Starting HandOffStopper for shard [0] to terminate [1] entities.
08:05:21.807 DEBUG a.c.s.t.i.ShardedDaemonProcessState$ - eventSourcedProjection-passivation-race-entity-passivation-race-view: Deferred start of worker to verify its revision [0] is the latest
08:05:21.807 DEBUG a.c.s.t.i.ShardedDaemonProcessState$ - eventSourcedProjection-passivation-race-entity-passivation-race-consumer-b: Deferred start of worker to verify its revision [0] is the latest
08:05:21.807 DEBUG akka.cluster.sharding.Shard - sharded-daemon-process-eventSourcedProjection-passivation-race-entity-passivation-race-consumer-b: Starting HandOffStopper for shard [0] to terminate [1] entities.
08:05:21.807 DEBUG a.c.sharding.DDataShardCoordinator - sharded-daemon-process-eventSourcedProjection-passivation-race-entity-passivation-race-consumer-a: Shard [0] deallocation completed successfully.
08:05:21.807 INFO  a.c.s.t.i.ShardedDaemonProcessState$ - eventSourcedProjection-passivation-race-entity-passivation-race-view: Starting Sharded Daemon Process [0] out of a total [1] (revision [0] and no state found)
08:05:21.807 DEBUG a.c.sharding.DDataShardCoordinator - sharded-daemon-process-eventSourcedProjection-passivation-race-entity-passivation-race-consumer-a: The coordinator state was successfully updated with ShardHomeDeallocated(0)
08:05:21.807 DEBUG a.c.sharding.DDataShardCoordinator - passivation-race-entity: Graceful shutdown of region [Actor[akka://akka-runtime/system/sharding/passivation-race-entity#-980439523]] with [1] shards
08:05:21.807 DEBUG a.c.sharding.DDataShardCoordinator - sharded-daemon-process-eventSourcedProjection-passivation-race-entity-passivation-race-consumer-a: Shard [0] deallocated after
08:05:21.807 INFO  a.c.sharding.DDataShardCoordinator - passivation-race-entity: Starting shutting down shards [667] due to region shutting down or explicit stopping of shards.
08:05:21.807 DEBUG a.c.s.ShardCoordinator$RebalanceWorker - passivation-race-entity: Shutting down shard [667] from region [Actor[akka://akka-runtime/system/sharding/passivation-race-entity#-980439523]]. Asking [1] region(s) to hand-off shard
08:05:21.807 DEBUG a.c.sharding.DDataShardCoordinator - sharded-daemon-process-eventSourcedProjection-passivation-race-entity-passivation-race-consumer-a: ShardRegion terminated (gracefully): [Actor[akka://akka-runtime/system/sharding/sharded-daemon-process-eventSourcedProjection-passivation-race-entity-passivation-race-consumer-a#-1490183977]] {}
08:05:21.807 DEBUG a.c.sharding.DDataShardCoordinator - sharded-daemon-process-eventSourcedProjection-passivation-race-entity-passivation-race-consumer-a: GetShardHome [0] request from [Actor[akka://local/ignore]] stashed, because waiting for initial state or update of state. It will be handled afterwards.
08:05:21.807 DEBUG a.c.sharding.DDataShardCoordinator - sharded-daemon-process-eventSourcedProjection-passivation-race-entity-passivation-race-consumer-a: The coordinator state was successfully updated with ShardRegionTerminated(Actor[akka://akka-runtime/system/sharding/sharded-daemon-process-eventSourcedProjection-passivation-race-entity-passivation-race-consumer-a#-1490183977])
08:05:21.807 DEBUG a.c.s.ShardCoordinator$RebalanceWorker - passivation-race-entity: BeginHandOffAck for shard [667] received from [Actor[akka://akka-runtime/system/sharding/passivation-race-entity#-980439523]].
08:05:21.807 DEBUG a.c.s.ShardCoordinator$RebalanceWorker - passivation-race-entity: All shard regions acked, handing off shard [667].
08:05:21.807 DEBUG a.c.sharding.DDataShardCoordinator - sharded-daemon-process-eventSourcedProjection-passivation-race-entity-passivation-race-consumer-a: ShardRegion stopped: [Actor[akka://akka-runtime/system/sharding/sharded-daemon-process-eventSourcedProjection-passivation-race-entity-passivation-race-consumer-a#-1490183977]]
08:05:21.808 WARN  akka.cluster.sharding.ShardRegion - passivation-race-entity: Dropping [1] buffered messages to shard [667] during hand off to avoid re-ordering
08:05:21.808 DEBUG akka.cluster.sharding.Shard - passivation-race-entity: Shard initialized
08:05:21.808 DEBUG akka.cluster.sharding.Shard - passivation-race-entity: HandOff shard [667]
08:05:21.808 DEBUG akka.cluster.sharding.Shard - passivation-race-entity: Shard [667] shutting down
08:05:21.808 DEBUG a.c.sharding.DDataShardCoordinator - passivation-race-entity: Shard [667] deallocation completed successfully.
08:05:21.807 INFO  a.c.s.t.i.ShardedDaemonProcessState$ - eventSourcedProjection-passivation-race-entity-passivation-race-consumer-b: Starting Sharded Daemon Process [0] out of a total [1] (revision [0] and no state found)
08:05:21.808 DEBUG a.c.sharding.DDataShardCoordinator - passivation-race-entity: The coordinator state was successfully updated with ShardHomeDeallocated(667)
08:05:21.808 DEBUG a.c.sharding.DDataShardCoordinator - passivation-race-entity: Shard [667] deallocated after
08:05:21.808 DEBUG a.c.sharding.DDataShardCoordinator - passivation-race-entity: ShardRegion terminated (gracefully): [Actor[akka://akka-runtime/system/sharding/passivation-race-entity#-980439523]] {}
08:05:21.808 DEBUG a.c.sharding.DDataShardCoordinator - passivation-race-entity: GetShardHome [667] request from [Actor[akka://local/ignore]] stashed, because waiting for initial state or update of state. It will be handled afterwards.
08:05:21.808 DEBUG a.c.sharding.DDataShardCoordinator - passivation-race-entity: The coordinator state was successfully updated with ShardRegionTerminated(Actor[akka://akka-runtime/system/sharding/passivation-race-entity#-980439523])
08:05:21.808 DEBUG a.c.sharding.DDataShardCoordinator - passivation-race-entity: ShardRegion stopped: [Actor[akka://akka-runtime/system/sharding/passivation-race-entity#-980439523]]
08:05:22.577 WARN  a.c.s.ShardRegion$HandOffStopper - sharded-daemon-process-eventSourcedProjection-passivation-race-entity-passivation-race-view: [1] of the entities in shard [0] not stopped after [750 milliseconds]. Maybe the handOffStopMessage [akka.projection.ProjectionBehavior$Stop$] is not handled? Waiting additional [250 milliseconds] before stopping the remaining entities.
08:05:22.577 WARN  a.c.s.ShardRegion$HandOffStopper - sharded-daemon-process-eventSourcedProjection-passivation-race-entity-passivation-race-consumer-b: [1] of the entities in shard [0] not stopped after [750 milliseconds]. Maybe the handOffStopMessage [akka.projection.ProjectionBehavior$Stop$] is not handled? Waiting additional [250 milliseconds] before stopping the remaining entities.
08:05:22.827 WARN  a.c.s.ShardRegion$HandOffStopper - sharded-daemon-process-eventSourcedProjection-passivation-race-entity-passivation-race-consumer-b: HandOffStopMessage [akka.projection.ProjectionBehavior$Stop$] is not handled by some of the entities in shard [0] after [1 second], stopping the remaining [1] entities.
08:05:22.827 WARN  a.c.s.ShardRegion$HandOffStopper - sharded-daemon-process-eventSourcedProjection-passivation-race-entity-passivation-race-view: HandOffStopMessage [akka.projection.ProjectionBehavior$Stop$] is not handled by some of the entities in shard [0] after [1 second], stopping the remaining [1] entities.
08:05:22.827 DEBUG a.c.sharding.DDataShardCoordinator - sharded-daemon-process-eventSourcedProjection-passivation-race-entity-passivation-race-view: Shard [0] deallocation completed successfully.
08:05:22.827 DEBUG akka.cluster.sharding.Shard - sharded-daemon-process-eventSourcedProjection-passivation-race-entity-passivation-race-view: Shard [0] shutting down
08:05:22.827 DEBUG akka.cluster.sharding.Shard - sharded-daemon-process-eventSourcedProjection-passivation-race-entity-passivation-race-consumer-b: Shard [0] shutting down
08:05:22.827 DEBUG a.c.sharding.DDataShardCoordinator - sharded-daemon-process-eventSourcedProjection-passivation-race-entity-passivation-race-consumer-b: Shard [0] deallocation completed successfully.
08:05:22.828 DEBUG akka.actor.CoordinatedShutdown - Performing phase [cluster-leave] with [1] tasks.
08:05:22.828 DEBUG akka.actor.CoordinatedShutdown - Performing task [leave] in CoordinatedShutdown phase [cluster-leave]
08:05:22.828 DEBUG a.c.sharding.DDataShardCoordinator - sharded-daemon-process-eventSourcedProjection-passivation-race-entity-passivation-race-view: The coordinator state was successfully updated with ShardHomeDeallocated(0)
08:05:22.828 DEBUG a.c.sharding.DDataShardCoordinator - sharded-daemon-process-eventSourcedProjection-passivation-race-entity-passivation-race-view: Shard [0] deallocated after
08:05:22.828 DEBUG a.c.sharding.DDataShardCoordinator - sharded-daemon-process-eventSourcedProjection-passivation-race-entity-passivation-race-consumer-b: The coordinator state was successfully updated with ShardHomeDeallocated(0)
08:05:22.828 DEBUG a.c.sharding.DDataShardCoordinator - sharded-daemon-process-eventSourcedProjection-passivation-race-entity-passivation-race-consumer-b: Shard [0] deallocated after
08:05:22.828 DEBUG a.c.sharding.DDataShardCoordinator - sharded-daemon-process-eventSourcedProjection-passivation-race-entity-passivation-race-consumer-b: ShardRegion terminated (gracefully): [Actor[akka://akka-runtime/system/sharding/sharded-daemon-process-eventSourcedProjection-passivation-race-entity-passivation-race-consumer-b#-1420697064]] {}
08:05:22.828 DEBUG a.c.sharding.DDataShardCoordinator - sharded-daemon-process-eventSourcedProjection-passivation-race-entity-passivation-race-view: ShardRegion terminated (gracefully): [Actor[akka://akka-runtime/system/sharding/sharded-daemon-process-eventSourcedProjection-passivation-race-entity-passivation-race-view#-751202116]] {}
08:05:22.828 DEBUG a.c.sharding.DDataShardCoordinator - sharded-daemon-process-eventSourcedProjection-passivation-race-entity-passivation-race-view: GetShardHome [0] request from [Actor[akka://local/ignore]] stashed, because waiting for initial state or update of state. It will be handled afterwards.
08:05:22.828 DEBUG a.c.sharding.DDataShardCoordinator - sharded-daemon-process-eventSourcedProjection-passivation-race-entity-passivation-race-consumer-b: GetShardHome [0] request from [Actor[akka://local/ignore]] stashed, because waiting for initial state or update of state. It will be handled afterwards.
08:05:22.828 DEBUG a.c.sharding.DDataShardCoordinator - sharded-daemon-process-eventSourcedProjection-passivation-race-entity-passivation-race-consumer-b: The coordinator state was successfully updated with ShardRegionTerminated(Actor[akka://akka-runtime/system/sharding/sharded-daemon-process-eventSourcedProjection-passivation-race-entity-passivation-race-consumer-b#-1420697064])
08:05:22.828 DEBUG a.c.sharding.DDataShardCoordinator - sharded-daemon-process-eventSourcedProjection-passivation-race-entity-passivation-race-view: The coordinator state was successfully updated with ShardRegionTerminated(Actor[akka://akka-runtime/system/sharding/sharded-daemon-process-eventSourcedProjection-passivation-race-entity-passivation-race-view#-751202116])
08:05:22.828 DEBUG a.c.sharding.DDataShardCoordinator - sharded-daemon-process-eventSourcedProjection-passivation-race-entity-passivation-race-consumer-b: ShardRegion stopped: [Actor[akka://akka-runtime/system/sharding/sharded-daemon-process-eventSourcedProjection-passivation-race-entity-passivation-race-consumer-b#-1420697064]]
08:05:22.828 DEBUG a.c.sharding.DDataShardCoordinator - sharded-daemon-process-eventSourcedProjection-passivation-race-entity-passivation-race-view: ShardRegion stopped: [Actor[akka://akka-runtime/system/sharding/sharded-daemon-process-eventSourcedProjection-passivation-race-entity-passivation-race-view#-751202116]]
08:05:22.828 DEBUG akka.actor.CoordinatedShutdown - Performing phase [cluster-exiting] with [28] tasks.
08:05:22.828 DEBUG akka.actor.CoordinatedShutdown - Performing task [singleton-exiting-1] in CoordinatedShutdown phase [cluster-exiting]
08:05:22.828 DEBUG akka.actor.CoordinatedShutdown - Performing task [singleton-exiting-1] in CoordinatedShutdown phase [cluster-exiting]
08:05:22.829 DEBUG akka.actor.CoordinatedShutdown - Performing task [wait-singleton-exiting] in CoordinatedShutdown phase [cluster-exiting]
08:05:22.829 INFO  a.c.s.ClusterSingletonManager - Oldest observed OldestChanged: [akka://akka-runtime@127.0.0.1:62980 -> None]
08:05:22.829 DEBUG akka.actor.CoordinatedShutdown - Performing task [singleton-exiting-1] in CoordinatedShutdown phase [cluster-exiting]
08:05:22.829 DEBUG akka.actor.CoordinatedShutdown - Performing task [wait-singleton-exiting] in CoordinatedShutdown phase [cluster-exiting]
08:05:22.829 DEBUG akka.actor.CoordinatedShutdown - Performing task [wait-singleton-exiting] in CoordinatedShutdown phase [cluster-exiting]
08:05:22.829 DEBUG akka.actor.CoordinatedShutdown - Performing task [singleton-exiting-1] in CoordinatedShutdown phase [cluster-exiting]
08:05:22.829 DEBUG akka.actor.CoordinatedShutdown - Performing task [singleton-exiting-2] in CoordinatedShutdown phase [cluster-exiting]
08:05:22.829 DEBUG akka.actor.CoordinatedShutdown - Performing task [singleton-exiting-2] in CoordinatedShutdown phase [cluster-exiting]
08:05:22.829 INFO  a.c.s.ClusterSingletonManager - ClusterSingletonManager state change [Oldest -> WasOldest]
08:05:22.829 INFO  a.c.s.ClusterSingletonManager - Oldest observed OldestChanged: [akka://akka-runtime@127.0.0.1:62980 -> None]
08:05:22.829 DEBUG akka.actor.CoordinatedShutdown - Performing task [singleton-exiting-2] in CoordinatedShutdown phase [cluster-exiting]
08:05:22.829 DEBUG akka.actor.CoordinatedShutdown - Performing task [singleton-exiting-1] in CoordinatedShutdown phase [cluster-exiting]
08:05:22.829 INFO  a.c.s.ClusterSingletonManager - ClusterSingletonManager state change [Oldest -> WasOldest]
08:05:22.829 DEBUG akka.actor.CoordinatedShutdown - Performing task [singleton-exiting-1] in CoordinatedShutdown phase [cluster-exiting]
08:05:22.829 DEBUG akka.actor.CoordinatedShutdown - Performing task [wait-singleton-exiting] in CoordinatedShutdown phase [cluster-exiting]
08:05:22.829 INFO  a.c.s.ClusterSingletonManager - Exited [akka://akka-runtime@127.0.0.1:62980].
08:05:22.829 DEBUG akka.actor.CoordinatedShutdown - Performing task [singleton-exiting-2] in CoordinatedShutdown phase [cluster-exiting]
08:05:22.829 DEBUG akka.actor.CoordinatedShutdown - Performing task [singleton-exiting-2] in CoordinatedShutdown phase [cluster-exiting]
08:05:22.829 INFO  a.c.s.ClusterSingletonManager - Exited [akka://akka-runtime@127.0.0.1:62980].
08:05:22.829 INFO  a.c.s.ClusterSingletonManager - Exited [akka://akka-runtime@127.0.0.1:62980].
08:05:22.829 DEBUG akka.actor.CoordinatedShutdown - Performing task [singleton-exiting-2] in CoordinatedShutdown phase [cluster-exiting]
08:05:22.829 DEBUG akka.actor.CoordinatedShutdown - Performing task [wait-singleton-exiting] in CoordinatedShutdown phase [cluster-exiting]
08:05:22.829 INFO  a.c.s.ClusterSingletonManager - Oldest observed OldestChanged: [akka://akka-runtime@127.0.0.1:62980 -> None]
08:05:22.829 INFO  a.c.s.ClusterSingletonManager - Oldest observed OldestChanged: [akka://akka-runtime@127.0.0.1:62980 -> None]
08:05:22.829 DEBUG akka.actor.CoordinatedShutdown - Performing task [singleton-exiting-2] in CoordinatedShutdown phase [cluster-exiting]
08:05:22.829 INFO  a.c.s.ClusterSingletonManager - ClusterSingletonManager state change [Oldest -> WasOldest]
08:05:22.829 INFO  a.c.s.ClusterSingletonManager - ClusterSingletonManager state change [Oldest -> WasOldest]
08:05:22.829 DEBUG akka.actor.CoordinatedShutdown - Performing task [singleton-exiting-1] in CoordinatedShutdown phase [cluster-exiting]
08:05:22.829 DEBUG akka.actor.CoordinatedShutdown - Performing task [wait-singleton-exiting] in CoordinatedShutdown phase [cluster-exiting]
08:05:22.829 DEBUG akka.actor.CoordinatedShutdown - Performing task [singleton-exiting-1] in CoordinatedShutdown phase [cluster-exiting]
08:05:22.829 INFO  a.c.s.ClusterSingletonManager - Exited [akka://akka-runtime@127.0.0.1:62980].
08:05:22.829 DEBUG akka.actor.CoordinatedShutdown - Performing task [singleton-exiting-1] in CoordinatedShutdown phase [cluster-exiting]
08:05:22.829 INFO  a.c.s.ClusterSingletonManager - Oldest observed OldestChanged: [akka://akka-runtime@127.0.0.1:62980 -> None]
08:05:22.829 INFO  a.c.s.ClusterSingletonManager - Exited [akka://akka-runtime@127.0.0.1:62980].
08:05:22.829 DEBUG akka.actor.CoordinatedShutdown - Performing task [wait-singleton-exiting] in CoordinatedShutdown phase [cluster-exiting]
08:05:22.829 INFO  a.c.s.ClusterSingletonManager - ClusterSingletonManager state change [Oldest -> WasOldest]
08:05:22.829 DEBUG akka.actor.CoordinatedShutdown - Performing task [singleton-exiting-2] in CoordinatedShutdown phase [cluster-exiting]
08:05:22.829 INFO  a.c.s.ClusterSingletonManager - Exited [akka://akka-runtime@127.0.0.1:62980].
08:05:22.829 INFO  a.c.s.ClusterSingletonManager - Exited [akka://akka-runtime@127.0.0.1:62980].
08:05:22.829 DEBUG akka.actor.CoordinatedShutdown - Performing task [wait-singleton-exiting] in CoordinatedShutdown phase [cluster-exiting]
08:05:22.829 DEBUG akka.actor.CoordinatedShutdown - Performing task [wait-exiting] in CoordinatedShutdown phase [cluster-exiting]
08:05:22.829 DEBUG akka.actor.CoordinatedShutdown - Performing task [singleton-exiting-2] in CoordinatedShutdown phase [cluster-exiting]
08:05:22.829 INFO  a.c.s.ClusterSingletonManager - Oldest observed OldestChanged: [akka://akka-runtime@127.0.0.1:62980 -> None]
08:05:22.829 INFO  a.c.s.ClusterSingletonManager - ClusterSingletonManager state change [Oldest -> WasOldest]
08:05:22.829 DEBUG akka.actor.CoordinatedShutdown - Performing task [wait-singleton-exiting] in CoordinatedShutdown phase [cluster-exiting]
08:05:22.829 INFO  a.c.s.ClusterSingletonManager - Oldest observed OldestChanged: [akka://akka-runtime@127.0.0.1:62980 -> None]
08:05:22.829 INFO  a.c.s.ClusterSingletonManager - ClusterSingletonManager state change [Oldest -> WasOldest]
08:05:22.829 INFO  a.c.s.ClusterSingletonManager - Oldest observed OldestChanged: [akka://akka-runtime@127.0.0.1:62980 -> None]
08:05:22.829 INFO  a.c.s.ClusterSingletonManager - Exited [akka://akka-runtime@127.0.0.1:62980].
08:05:22.829 INFO  a.c.s.ClusterSingletonManager - ClusterSingletonManager state change [Oldest -> WasOldest]
08:05:22.829 INFO  a.c.s.ClusterSingletonManager - Oldest observed OldestChanged: [akka://akka-runtime@127.0.0.1:62980 -> None]
08:05:22.829 INFO  a.c.s.ClusterSingletonManager - Exited [akka://akka-runtime@127.0.0.1:62980].
08:05:22.829 INFO  a.c.s.ClusterSingletonManager - ClusterSingletonManager state change [Oldest -> WasOldest]
08:05:23.456 DEBUG a.c.singleton.ClusterSingletonProxy - Creating singleton identification timer...
08:05:23.456 DEBUG a.c.singleton.ClusterSingletonProxy - Creating singleton identification timer...
08:05:23.456 DEBUG a.c.singleton.ClusterSingletonProxy - Creating singleton identification timer...
08:05:23.456 DEBUG a.c.singleton.ClusterSingletonProxy - Creating singleton identification timer...
08:05:23.847 INFO  a.c.s.ClusterSingletonManager - Singleton manager stopping singleton actor [akka://akka-runtime/system/sharding/passivation-race-entityCoordinator/singleton]
08:05:23.847 INFO  a.c.s.ClusterSingletonManager - Singleton manager stopping singleton actor [akka://akka-runtime/system/singletonManagerShardedDaemonProcessCoordinator-eventSourcedProjection-passivation-race-entity-passivation-race-consumer-a/ShardedDaemonProcessCoordinator-eventSourcedProjection-passivation-race-entity-passivation-race-consumer-a]
08:05:23.847 INFO  a.c.s.ClusterSingletonManager - Singleton manager stopping singleton actor [akka://akka-runtime/system/singletonManagerShardedDaemonProcessCoordinator-eventSourcedProjection-passivation-race-entity-passivation-race-view/ShardedDaemonProcessCoordinator-eventSourcedProjection-passivation-race-entity-passivation-race-view]
08:05:23.847 INFO  a.c.s.ClusterSingletonManager - Singleton manager stopping singleton actor [akka://akka-runtime/system/singletonManagerschemaSingleton/schemaSingleton]
08:05:23.847 INFO  a.c.s.ClusterSingletonManager - Singleton manager stopping singleton actor [akka://akka-runtime/system/sharding/sharded-daemon-process-eventSourcedProjection-passivation-race-entity-passivation-race-consumer-aCoordinator/singleton]
08:05:23.847 INFO  a.c.s.ClusterSingletonManager - ClusterSingletonManager state change [WasOldest -> Stopping]
08:05:23.847 INFO  a.c.s.ClusterSingletonManager - ClusterSingletonManager state change [WasOldest -> Stopping]
08:05:23.847 INFO  a.c.s.ClusterSingletonManager - ClusterSingletonManager state change [WasOldest -> Stopping]
08:05:23.847 INFO  a.c.s.ClusterSingletonManager - ClusterSingletonManager state change [WasOldest -> Stopping]
08:05:23.847 INFO  a.c.s.ClusterSingletonManager - ClusterSingletonManager state change [WasOldest -> Stopping]
08:05:23.847 DEBUG a.c.sharding.DDataShardCoordinator - sharded-daemon-process-eventSourcedProjection-passivation-race-entity-passivation-race-consumer-a: Received termination message.
08:05:23.847 INFO  a.c.s.ClusterSingletonManager - Singleton actor [akka://akka-runtime/system/singletonManagerShardedDaemonProcessCoordinator-eventSourcedProjection-passivation-race-entity-passivation-race-consumer-a/ShardedDaemonProcessCoordinator-eventSourcedProjection-passivation-race-entity-passivation-race-consumer-a] was terminated
08:05:23.847 INFO  a.c.s.ClusterSingletonManager - Singleton actor [akka://akka-runtime/system/singletonManagerShardedDaemonProcessCoordinator-eventSourcedProjection-passivation-race-entity-passivation-race-view/ShardedDaemonProcessCoordinator-eventSourcedProjection-passivation-race-entity-passivation-race-view] was terminated
08:05:23.847 INFO  a.c.s.ClusterSingletonManager - Singleton actor [akka://akka-runtime/system/singletonManagerschemaSingleton/schemaSingleton] was terminated
08:05:23.847 DEBUG a.c.sharding.DDataShardCoordinator - passivation-race-entity: Received termination message.
08:05:23.847 INFO  a.c.s.ClusterSingletonManager - Singleton actor [akka://akka-runtime/system/sharding/sharded-daemon-process-eventSourcedProjection-passivation-race-entity-passivation-race-consumer-aCoordinator/singleton] was terminated
08:05:23.847 INFO  a.c.s.ClusterSingletonManager - Singleton actor [akka://akka-runtime/system/sharding/passivation-race-entityCoordinator/singleton] was terminated
08:05:23.847 INFO  a.c.s.ClusterSingletonManager - Singleton manager stopping singleton actor [akka://akka-runtime/system/sharding/sharded-daemon-process-eventSourcedProjection-passivation-race-entity-passivation-race-consumer-bCoordinator/singleton]
08:05:23.847 INFO  a.c.s.ClusterSingletonManager - ClusterSingletonManager state change [WasOldest -> Stopping]
08:05:23.847 DEBUG a.c.sharding.DDataShardCoordinator - sharded-daemon-process-eventSourcedProjection-passivation-race-entity-passivation-race-consumer-b: Received termination message.
08:05:23.847 INFO  a.c.s.ClusterSingletonManager - Singleton manager stopping singleton actor [akka://akka-runtime/system/singletonManagerShardedDaemonProcessCoordinator-eventSourcedProjection-passivation-race-entity-passivation-race-consumer-b/ShardedDaemonProcessCoordinator-eventSourcedProjection-passivation-race-entity-passivation-race-consumer-b]
08:05:23.847 INFO  a.c.s.ClusterSingletonManager - Singleton manager stopping singleton actor [akka://akka-runtime/system/sharding/sharded-daemon-process-eventSourcedProjection-passivation-race-entity-passivation-race-viewCoordinator/singleton]
08:05:23.847 INFO  a.c.s.ClusterSingletonManager - Singleton manager stopping singleton actor [akka://akka-runtime/system/sharding/_timerCoordinator/singleton]
08:05:23.847 INFO  a.c.s.ClusterSingletonManager - ClusterSingletonManager state change [WasOldest -> Stopping]
08:05:23.847 INFO  a.c.s.ClusterSingletonManager - ClusterSingletonManager state change [WasOldest -> Stopping]
08:05:23.847 INFO  a.c.s.ClusterSingletonManager - ClusterSingletonManager state change [WasOldest -> Stopping]
08:05:23.848 DEBUG a.c.sharding.DDataShardCoordinator - sharded-daemon-process-eventSourcedProjection-passivation-race-entity-passivation-race-view: Received termination message.
08:05:23.848 DEBUG a.c.sharding.DDataShardCoordinator - _timer: Received termination message.
08:05:23.848 INFO  a.c.s.ClusterSingletonManager - Singleton actor [akka://akka-runtime/system/sharding/sharded-daemon-process-eventSourcedProjection-passivation-race-entity-passivation-race-consumer-bCoordinator/singleton] was terminated
08:05:23.848 INFO  a.c.s.ClusterSingletonManager - Singleton actor [akka://akka-runtime/system/sharding/sharded-daemon-process-eventSourcedProjection-passivation-race-entity-passivation-race-viewCoordinator/singleton] was terminated
08:05:23.848 INFO  a.c.s.ClusterSingletonManager - Singleton actor [akka://akka-runtime/system/singletonManagerShardedDaemonProcessCoordinator-eventSourcedProjection-passivation-race-entity-passivation-race-consumer-b/ShardedDaemonProcessCoordinator-eventSourcedProjection-passivation-race-entity-passivation-race-consumer-b] was terminated
08:05:23.848 INFO  a.c.s.ClusterSingletonManager - Singleton actor [akka://akka-runtime/system/sharding/_timerCoordinator/singleton] was terminated
08:05:23.848 DEBUG akka.actor.CoordinatedShutdown - Performing phase [cluster-exiting-done] with [1] tasks.
08:05:23.848 DEBUG akka.actor.CoordinatedShutdown - Performing task [exiting-completed] in CoordinatedShutdown phase [cluster-exiting-done]
08:05:23.848 DEBUG akka.actor.CoordinatedShutdown - Performing phase [cluster-shutdown] with [1] tasks.
08:05:23.848 DEBUG akka.actor.CoordinatedShutdown - Performing task [wait-shutdown] in CoordinatedShutdown phase [cluster-shutdown]
08:05:23.848 DEBUG akka.actor.CoordinatedShutdown - Performing phase [before-actor-system-terminate] with [2] tasks.
08:05:23.849 DEBUG akka.actor.CoordinatedShutdown - Performing task [close connection pools] in CoordinatedShutdown phase [before-actor-system-terminate]
08:05:23.849 DEBUG akka.actor.CoordinatedShutdown - Performing task [close-grpc-channels] in CoordinatedShutdown phase [before-actor-system-terminate]
08:05:23.849 DEBUG akka.actor.CoordinatedShutdown - Performing phase [actor-system-terminate] with [1] tasks.
08:05:23.849 DEBUG akka.actor.CoordinatedShutdown - Performing task [terminate-system] in CoordinatedShutdown phase [actor-system-terminate]
08:05:23.900 INFO  akka.runtime.AkkaRuntimeMain - Starting Akka Runtime version [1.6.15]
08:05:23.905 INFO  akka.javasdk.impl.ComponentLocator$ - Looking for component descriptors matching pattern [META-INF/akka-javasdk-components_*.conf]
08:05:23.909 INFO  akka.javasdk.testkit.TestKit - Eventing TestKit booting up on port: 62984
08:05:23.911 DEBUG a.c.singleton.ClusterSingletonProxy - Creating singleton identification timer...
08:05:23.911 DEBUG a.c.singleton.ClusterSingletonProxy - Trying to identify singleton at [akka://akka-runtime@127.0.0.1:62985/system/singletonManagerschemaSingleton/schemaSingleton]
08:05:23.911 DEBUG a.c.singleton.ClusterSingletonProxy - Singleton not available, buffering message type [kalix.runtime.SchemaSingleton$ExecDdl]
08:05:23.911 INFO  a.c.s.ClusterSingletonManager - Singleton manager starting singleton actor [akka://akka-runtime/system/singletonManagerschemaSingleton/schemaSingleton]
08:05:23.911 INFO  a.c.s.ClusterSingletonManager - ClusterSingletonManager state change [Start -> Oldest]
08:05:23.911 INFO  akka.javasdk.testkit.TestKit - Checking runtime status
08:05:23.977 DEBUG a.c.singleton.ClusterSingletonProxy - Trying to identify singleton at [akka://akka-runtime@127.0.0.1:62985/system/singletonManagerschemaSingleton/schemaSingleton]
08:05:23.977 INFO  a.c.singleton.ClusterSingletonProxy - Singleton identified at [akka://akka-runtime/system/singletonManagerschemaSingleton/schemaSingleton]
08:05:23.977 DEBUG a.c.singleton.ClusterSingletonProxy - Sending buffered messages to current singleton instance
08:05:23.978 INFO  a.c.s.typed.scaladsl.ClusterSharding - Starting Shard Region [passivation-race-entity]...
08:05:23.979 INFO  akka.cluster.sharding.ShardRegion - passivation-race-entity: Automatic entity passivation: composite strategy with limit of [10000] active entities, admission window (least recently used entities) with proportions [initial = 0.01, min = 0.01, max = 1.0] adapting with hill-climbing optimizer [adjust multiplier = 10.0, initial step = 0.0625, restart threshold = 0.05, step decay = 0.98], admit using frequency sketch [width multiplier = 4, reset multiplier = 10.0, depth = 4, counter bits = 4], main (least recently used entities (segmented with [2] levels with proportions of [0.20, 0.80]))
08:05:23.979 INFO  a.c.s.ClusterSingletonManager - Singleton manager starting singleton actor [akka://akka-runtime/system/sharding/passivation-race-entityCoordinator/singleton]
08:05:23.979 INFO  a.c.s.ClusterSingletonManager - ClusterSingletonManager state change [Start -> Oldest]
08:05:23.979 DEBUG a.c.sharding.DDataShardCoordinator - passivation-race-entity: Initial coordinator is empty.
08:05:23.979 INFO  a.c.sharding.DDataShardCoordinator - passivation-race-entity: ShardCoordinator was moved to the active state with [0] shards
08:05:23.980 DEBUG a.c.singleton.ClusterSingletonProxy - Forwarding message of type [SchemaSingleton$ExecDdl] to current singleton instance at [akka://akka-runtime/system/singletonManagerschemaSingleton/schemaSingleton]
08:05:23.980 INFO  akka.runtime.DiscoveryManager - Service components: EventSourcedEntity: [1], Consumer: [2], View: [1]
08:05:23.981 INFO  a.c.s.typed.scaladsl.ClusterSharding - Starting Shard Region [_timer]...
08:05:23.982 INFO  a.c.s.ClusterSingletonManager - Singleton manager starting singleton actor [akka://akka-runtime/system/sharding/_timerCoordinator/singleton]
08:05:23.982 INFO  a.c.s.ClusterSingletonManager - ClusterSingletonManager state change [Start -> Oldest]
08:05:23.982 INFO  a.c.s.typed.scaladsl.ClusterSharding - Starting Shard Region [sharded-daemon-process-eventSourcedProjection-passivation-race-entity-passivation-race-consumer-a]...
08:05:23.982 DEBUG a.c.sharding.DDataShardCoordinator - _timer: Starting remember entities store from provider akka.cluster.sharding.internal.DDataRememberEntitiesProvider@1431666b
08:05:23.982 INFO  akka.cluster.sharding.ShardRegion - sharded-daemon-process-eventSourcedProjection-passivation-race-entity-passivation-race-consumer-a: Automatic entity passivation: disabled
08:05:23.982 DEBUG a.c.sharding.DDataShardCoordinator - _timer: Initial coordinator is empty.
08:05:23.982 INFO  a.c.sharding.DDataShardCoordinator - _timer: ShardCoordinator was moved to the active state with [0] shards
08:05:23.982 DEBUG a.c.sharding.DDataShardCoordinator - _timer: Received [0] remembered shard ids (after state initialized)
08:05:23.982 INFO  a.c.s.typed.scaladsl.ClusterSharding - Starting Shard Region [sharded-daemon-process-eventSourcedProjection-passivation-race-entity-passivation-race-consumer-b]...
08:05:23.982 DEBUG a.c.singleton.ClusterSingletonProxy - Creating singleton identification timer...
08:05:23.982 DEBUG a.c.singleton.ClusterSingletonProxy - Trying to identify singleton at [akka://akka-runtime@127.0.0.1:62985/system/singletonManagerShardedDaemonProcessCoordinator-eventSourcedProjection-passivation-race-entity-passivation-race-consumer-a/ShardedDaemonProcessCoordinator-eventSourcedProjection-passivation-race-entity-passivation-race-consumer-a]
08:05:23.982 INFO  a.c.s.ClusterSingletonManager - Singleton manager starting singleton actor [akka://akka-runtime/system/sharding/sharded-daemon-process-eventSourcedProjection-passivation-race-entity-passivation-race-consumer-aCoordinator/singleton]
08:05:23.982 INFO  a.c.s.ClusterSingletonManager - Singleton manager starting singleton actor [akka://akka-runtime/system/singletonManagerShardedDaemonProcessCoordinator-eventSourcedProjection-passivation-race-entity-passivation-race-consumer-a/ShardedDaemonProcessCoordinator-eventSourcedProjection-passivation-race-entity-passivation-race-consumer-a]
08:05:23.982 INFO  a.c.s.ClusterSingletonManager - ClusterSingletonManager state change [Start -> Oldest]
08:05:23.982 INFO  a.c.s.ClusterSingletonManager - ClusterSingletonManager state change [Start -> Oldest]
08:05:23.982 INFO  akka.cluster.sharding.ShardRegion - sharded-daemon-process-eventSourcedProjection-passivation-race-entity-passivation-race-consumer-b: Automatic entity passivation: disabled
08:05:23.983 DEBUG a.c.s.t.i.ShardedDaemonProcessCoordinator$ - ShardedDaemonProcessCoordinator for [eventSourcedProjection-passivation-race-entity-passivation-race-consumer-a] starting
08:05:23.983 DEBUG a.c.sharding.DDataShardCoordinator - sharded-daemon-process-eventSourcedProjection-passivation-race-entity-passivation-race-consumer-a: Initial coordinator is empty.
08:05:23.983 INFO  a.c.sharding.DDataShardCoordinator - sharded-daemon-process-eventSourcedProjection-passivation-race-entity-passivation-race-consumer-a: ShardCoordinator was moved to the active state with [0] shards
08:05:23.983 INFO  a.c.s.typed.scaladsl.ClusterSharding - Starting Shard Region [sharded-daemon-process-eventSourcedProjection-passivation-race-entity-passivation-race-view]...
08:05:23.983 DEBUG a.c.s.t.i.ShardedDaemonProcessCoordinator$ - eventSourcedProjection-passivation-race-entity-passivation-race-consumer-a: No previous state stored for Sharded Daemon Process
08:05:23.983 DEBUG a.c.s.t.i.ShardedDaemonProcessCoordinator$ - Sending periodic keep alive for Sharded Daemon Process [eventSourcedProjection-passivation-race-entity-passivation-race-consumer-a] to [1] processes (revision [0]).
08:05:23.983 INFO  akka.cluster.sharding.ShardRegion - sharded-daemon-process-eventSourcedProjection-passivation-race-entity-passivation-race-view: Automatic entity passivation: disabled
08:05:23.983 DEBUG a.c.singleton.ClusterSingletonProxy - Creating singleton identification timer...
08:05:23.983 DEBUG a.c.singleton.ClusterSingletonProxy - Trying to identify singleton at [akka://akka-runtime@127.0.0.1:62985/system/singletonManagerShardedDaemonProcessCoordinator-eventSourcedProjection-passivation-race-entity-passivation-race-consumer-b/ShardedDaemonProcessCoordinator-eventSourcedProjection-passivation-race-entity-passivation-race-consumer-b]
08:05:23.983 INFO  a.c.s.ClusterSingletonManager - Singleton manager starting singleton actor [akka://akka-runtime/system/sharding/sharded-daemon-process-eventSourcedProjection-passivation-race-entity-passivation-race-consumer-bCoordinator/singleton]
08:05:23.983 DEBUG a.c.singleton.ClusterSingletonProxy - Creating singleton identification timer...
08:05:23.983 INFO  a.c.s.ClusterSingletonManager - ClusterSingletonManager state change [Start -> Oldest]
08:05:23.983 DEBUG a.c.singleton.ClusterSingletonProxy - Trying to identify singleton at [akka://akka-runtime@127.0.0.1:62985/system/singletonManagerShardedDaemonProcessCoordinator-eventSourcedProjection-passivation-race-entity-passivation-race-view/ShardedDaemonProcessCoordinator-eventSourcedProjection-passivation-race-entity-passivation-race-view]
08:05:23.983 INFO  a.c.s.ClusterSingletonManager - Singleton manager starting singleton actor [akka://akka-runtime/system/singletonManagerShardedDaemonProcessCoordinator-eventSourcedProjection-passivation-race-entity-passivation-race-consumer-b/ShardedDaemonProcessCoordinator-eventSourcedProjection-passivation-race-entity-passivation-race-consumer-b]
08:05:23.983 INFO  a.c.s.ClusterSingletonManager - Singleton manager starting singleton actor [akka://akka-runtime/system/sharding/sharded-daemon-process-eventSourcedProjection-passivation-race-entity-passivation-race-viewCoordinator/singleton]
08:05:23.983 INFO  a.c.s.ClusterSingletonManager - Singleton manager starting singleton actor [akka://akka-runtime/system/singletonManagerShardedDaemonProcessCoordinator-eventSourcedProjection-passivation-race-entity-passivation-race-view/ShardedDaemonProcessCoordinator-eventSourcedProjection-passivation-race-entity-passivation-race-view]
08:05:23.983 INFO  a.c.s.ClusterSingletonManager - ClusterSingletonManager state change [Start -> Oldest]
08:05:23.983 INFO  a.c.s.ClusterSingletonManager - ClusterSingletonManager state change [Start -> Oldest]
08:05:23.983 INFO  a.c.s.ClusterSingletonManager - ClusterSingletonManager state change [Start -> Oldest]
08:05:23.983 DEBUG a.c.sharding.DDataShardCoordinator - sharded-daemon-process-eventSourcedProjection-passivation-race-entity-passivation-race-consumer-b: Initial coordinator is empty.
08:05:23.983 INFO  a.c.sharding.DDataShardCoordinator - sharded-daemon-process-eventSourcedProjection-passivation-race-entity-passivation-race-consumer-b: ShardCoordinator was moved to the active state with [0] shards
08:05:23.983 DEBUG a.c.s.t.i.ShardedDaemonProcessCoordinator$ - ShardedDaemonProcessCoordinator for [eventSourcedProjection-passivation-race-entity-passivation-race-view] starting
08:05:23.983 DEBUG a.c.sharding.DDataShardCoordinator - sharded-daemon-process-eventSourcedProjection-passivation-race-entity-passivation-race-view: Initial coordinator is empty.
08:05:23.983 INFO  a.c.sharding.DDataShardCoordinator - sharded-daemon-process-eventSourcedProjection-passivation-race-entity-passivation-race-view: ShardCoordinator was moved to the active state with [0] shards
08:05:23.983 INFO  akka.runtime.DiscoveryManager - Akka Runtime started at 127.0.0.1:62983
08:05:23.983 DEBUG a.c.s.t.i.ShardedDaemonProcessCoordinator$ - ShardedDaemonProcessCoordinator for [eventSourcedProjection-passivation-race-entity-passivation-race-consumer-b] starting
08:05:23.983 DEBUG a.c.s.t.i.ShardedDaemonProcessCoordinator$ - eventSourcedProjection-passivation-race-entity-passivation-race-view: No previous state stored for Sharded Daemon Process
08:05:23.984 DEBUG a.c.s.t.i.ShardedDaemonProcessCoordinator$ - Sending periodic keep alive for Sharded Daemon Process [eventSourcedProjection-passivation-race-entity-passivation-race-view] to [1] processes (revision [0]).
08:05:23.984 INFO  repro.Bootstrap - onStartup burst of 8 starting
08:05:23.984 DEBUG a.c.s.t.i.ShardedDaemonProcessCoordinator$ - eventSourcedProjection-passivation-race-entity-passivation-race-consumer-b: No previous state stored for Sharded Daemon Process
08:05:23.984 DEBUG a.c.s.t.i.ShardedDaemonProcessCoordinator$ - Sending periodic keep alive for Sharded Daemon Process [eventSourcedProjection-passivation-race-entity-passivation-race-consumer-b] to [1] processes (revision [0]).
08:05:24.029 INFO  akka.javasdk.testkit.TestKit - Runtime started
08:05:24.029 INFO  akka.actor.CoordinatedShutdown - Running CoordinatedShutdown with reason [ActorSystemTerminateReason]
08:05:24.029 DEBUG akka.actor.CoordinatedShutdown - Performing phase [before-service-unbind] with [0] tasks
08:05:24.029 DEBUG akka.actor.CoordinatedShutdown - Performing phase [service-unbind] with [1] tasks.
08:05:24.029 DEBUG akka.actor.CoordinatedShutdown - Performing task [http-unbind-/127.0.0.1:62983] in CoordinatedShutdown phase [service-unbind]
08:05:24.029 DEBUG akka.actor.CoordinatedShutdown - Performing phase [service-requests-done] with [1] tasks.
08:05:24.029 DEBUG akka.actor.CoordinatedShutdown - Performing task [http-terminate-/127.0.0.1:62983] in CoordinatedShutdown phase [service-requests-done]
08:05:24.029 DEBUG akka.actor.CoordinatedShutdown - Performing phase [service-stop] with [1] tasks.
08:05:24.029 DEBUG akka.actor.CoordinatedShutdown - Performing task [stop-grpc-clients] in CoordinatedShutdown phase [service-stop]
08:05:24.029 DEBUG akka.actor.CoordinatedShutdown - Performing phase [before-cluster-shutdown] with [0] tasks
08:05:24.029 DEBUG akka.actor.CoordinatedShutdown - Performing phase [cluster-sharding-shutdown-region] with [5] tasks.
08:05:24.029 DEBUG akka.actor.CoordinatedShutdown - Performing task [region-shutdown] in CoordinatedShutdown phase [cluster-sharding-shutdown-region]
08:05:24.029 DEBUG akka.actor.CoordinatedShutdown - Performing task [region-shutdown] in CoordinatedShutdown phase [cluster-sharding-shutdown-region]
08:05:24.029 DEBUG akka.actor.CoordinatedShutdown - Performing task [region-shutdown] in CoordinatedShutdown phase [cluster-sharding-shutdown-region]
08:05:24.029 DEBUG akka.actor.CoordinatedShutdown - Performing task [region-shutdown] in CoordinatedShutdown phase [cluster-sharding-shutdown-region]
08:05:24.029 DEBUG akka.actor.CoordinatedShutdown - Performing task [region-shutdown] in CoordinatedShutdown phase [cluster-sharding-shutdown-region]
08:05:24.030 DEBUG a.c.sharding.DDataShardCoordinator - sharded-daemon-process-eventSourcedProjection-passivation-race-entity-passivation-race-consumer-a: Unknown region requested graceful shutdown [Actor[akka://akka-runtime/system/sharding/sharded-daemon-process-eventSourcedProjection-passivation-race-entity-passivation-race-consumer-a#103060238]]
08:05:24.030 DEBUG a.c.sharding.DDataShardCoordinator - sharded-daemon-process-eventSourcedProjection-passivation-race-entity-passivation-race-consumer-b: Unknown region requested graceful shutdown [Actor[akka://akka-runtime/system/sharding/sharded-daemon-process-eventSourcedProjection-passivation-race-entity-passivation-race-consumer-b#-716174290]]
08:05:24.030 DEBUG a.c.sharding.DDataShardCoordinator - _timer: Unknown region requested graceful shutdown [Actor[akka://akka-runtime/system/sharding/_timer#-98719831]]
08:05:24.030 DEBUG a.c.sharding.DDataShardCoordinator - sharded-daemon-process-eventSourcedProjection-passivation-race-entity-passivation-race-view: Unknown region requested graceful shutdown [Actor[akka://akka-runtime/system/sharding/sharded-daemon-process-eventSourcedProjection-passivation-race-entity-passivation-race-view#-1956425043]]
08:05:24.030 DEBUG a.c.sharding.DDataShardCoordinator - passivation-race-entity: Unknown region requested graceful shutdown [Actor[akka://akka-runtime/system/sharding/passivation-race-entity#-1268863267]]
08:05:24.047 DEBUG a.c.singleton.ClusterSingletonProxy - Trying to identify singleton at [akka://akka-runtime@127.0.0.1:62985/system/singletonManagerShardedDaemonProcessCoordinator-eventSourcedProjection-passivation-race-entity-passivation-race-consumer-a/ShardedDaemonProcessCoordinator-eventSourcedProjection-passivation-race-entity-passivation-race-consumer-a]
08:05:24.047 DEBUG a.c.singleton.ClusterSingletonProxy - Trying to identify singleton at [akka://akka-runtime@127.0.0.1:62985/system/singletonManagerShardedDaemonProcessCoordinator-eventSourcedProjection-passivation-race-entity-passivation-race-view/ShardedDaemonProcessCoordinator-eventSourcedProjection-passivation-race-entity-passivation-race-view]
08:05:24.047 DEBUG a.c.singleton.ClusterSingletonProxy - Trying to identify singleton at [akka://akka-runtime@127.0.0.1:62985/system/singletonManagerShardedDaemonProcessCoordinator-eventSourcedProjection-passivation-race-entity-passivation-race-consumer-b/ShardedDaemonProcessCoordinator-eventSourcedProjection-passivation-race-entity-passivation-race-consumer-b]
08:05:24.047 INFO  a.c.singleton.ClusterSingletonProxy - Singleton identified at [akka://akka-runtime/system/singletonManagerShardedDaemonProcessCoordinator-eventSourcedProjection-passivation-race-entity-passivation-race-consumer-a/ShardedDaemonProcessCoordinator-eventSourcedProjection-passivation-race-entity-passivation-race-consumer-a]
08:05:24.047 INFO  a.c.singleton.ClusterSingletonProxy - Singleton identified at [akka://akka-runtime/system/singletonManagerShardedDaemonProcessCoordinator-eventSourcedProjection-passivation-race-entity-passivation-race-consumer-b/ShardedDaemonProcessCoordinator-eventSourcedProjection-passivation-race-entity-passivation-race-consumer-b]
08:05:24.047 INFO  a.c.singleton.ClusterSingletonProxy - Singleton identified at [akka://akka-runtime/system/singletonManagerShardedDaemonProcessCoordinator-eventSourcedProjection-passivation-race-entity-passivation-race-view/ShardedDaemonProcessCoordinator-eventSourcedProjection-passivation-race-entity-passivation-race-view]
08:05:24.047 DEBUG a.c.singleton.ClusterSingletonProxy - Sending buffered messages to current singleton instance
08:05:24.047 DEBUG a.c.singleton.ClusterSingletonProxy - Sending buffered messages to current singleton instance
08:05:24.047 DEBUG a.c.singleton.ClusterSingletonProxy - Sending buffered messages to current singleton instance
08:05:24.248 DEBUG a.c.sharding.DDataShardCoordinator - passivation-race-entity: ShardRegion registered: [Actor[akka://akka-runtime/system/sharding/passivation-race-entity#-1268863267]]
08:05:24.248 DEBUG a.c.sharding.DDataShardCoordinator - sharded-daemon-process-eventSourcedProjection-passivation-race-entity-passivation-race-view: ShardRegion registered: [Actor[akka://akka-runtime/system/sharding/sharded-daemon-process-eventSourcedProjection-passivation-race-entity-passivation-race-view#-1956425043]]
08:05:24.248 DEBUG a.c.sharding.DDataShardCoordinator - sharded-daemon-process-eventSourcedProjection-passivation-race-entity-passivation-race-consumer-b: ShardRegion registered: [Actor[akka://akka-runtime/system/sharding/sharded-daemon-process-eventSourcedProjection-passivation-race-entity-passivation-race-consumer-b#-716174290]]
08:05:24.248 DEBUG a.c.sharding.DDataShardCoordinator - sharded-daemon-process-eventSourcedProjection-passivation-race-entity-passivation-race-consumer-a: ShardRegion registered: [Actor[akka://akka-runtime/system/sharding/sharded-daemon-process-eventSourcedProjection-passivation-race-entity-passivation-race-consumer-a#103060238]]
08:05:24.248 DEBUG a.c.sharding.DDataShardCoordinator - sharded-daemon-process-eventSourcedProjection-passivation-race-entity-passivation-race-view: The coordinator state was successfully updated with ShardRegionRegistered(Actor[akka://akka-runtime/system/sharding/sharded-daemon-process-eventSourcedProjection-passivation-race-entity-passivation-race-view#-1956425043])
08:05:24.248 DEBUG a.c.sharding.DDataShardCoordinator - sharded-daemon-process-eventSourcedProjection-passivation-race-entity-passivation-race-consumer-a: The coordinator state was successfully updated with ShardRegionRegistered(Actor[akka://akka-runtime/system/sharding/sharded-daemon-process-eventSourcedProjection-passivation-race-entity-passivation-race-consumer-a#103060238])
08:05:24.248 DEBUG a.c.sharding.DDataShardCoordinator - sharded-daemon-process-eventSourcedProjection-passivation-race-entity-passivation-race-consumer-b: The coordinator state was successfully updated with ShardRegionRegistered(Actor[akka://akka-runtime/system/sharding/sharded-daemon-process-eventSourcedProjection-passivation-race-entity-passivation-race-consumer-b#-716174290])
08:05:24.248 DEBUG a.c.sharding.DDataShardCoordinator - passivation-race-entity: The coordinator state was successfully updated with ShardRegionRegistered(Actor[akka://akka-runtime/system/sharding/passivation-race-entity#-1268863267])
08:05:24.249 DEBUG a.c.sharding.DDataShardCoordinator - passivation-race-entity: The coordinator state was successfully updated with ShardHomeAllocated(959,Actor[akka://akka-runtime/system/sharding/passivation-race-entity#-1268863267])
08:05:24.250 DEBUG a.c.sharding.DDataShardCoordinator - sharded-daemon-process-eventSourcedProjection-passivation-race-entity-passivation-race-consumer-a: The coordinator state was successfully updated with ShardHomeAllocated(0,Actor[akka://akka-runtime/system/sharding/sharded-daemon-process-eventSourcedProjection-passivation-race-entity-passivation-race-consumer-a#103060238])
08:05:24.250 DEBUG a.c.sharding.DDataShardCoordinator - passivation-race-entity: Shard [959] allocated at [Actor[akka://akka-runtime/system/sharding/passivation-race-entity#-1268863267]]
08:05:24.250 DEBUG a.c.sharding.DDataShardCoordinator - sharded-daemon-process-eventSourcedProjection-passivation-race-entity-passivation-race-view: The coordinator state was successfully updated with ShardHomeAllocated(0,Actor[akka://akka-runtime/system/sharding/sharded-daemon-process-eventSourcedProjection-passivation-race-entity-passivation-race-view#-1956425043])
08:05:24.250 DEBUG a.c.sharding.DDataShardCoordinator - sharded-daemon-process-eventSourcedProjection-passivation-race-entity-passivation-race-view: Shard [0] allocated at [Actor[akka://akka-runtime/system/sharding/sharded-daemon-process-eventSourcedProjection-passivation-race-entity-passivation-race-view#-1956425043]]
08:05:24.250 DEBUG a.c.sharding.DDataShardCoordinator - sharded-daemon-process-eventSourcedProjection-passivation-race-entity-passivation-race-consumer-b: The coordinator state was successfully updated with ShardHomeAllocated(0,Actor[akka://akka-runtime/system/sharding/sharded-daemon-process-eventSourcedProjection-passivation-race-entity-passivation-race-consumer-b#-716174290])
08:05:24.250 DEBUG a.c.sharding.DDataShardCoordinator - sharded-daemon-process-eventSourcedProjection-passivation-race-entity-passivation-race-consumer-b: Shard [0] allocated at [Actor[akka://akka-runtime/system/sharding/sharded-daemon-process-eventSourcedProjection-passivation-race-entity-passivation-race-consumer-b#-716174290]]
08:05:24.250 DEBUG a.c.sharding.DDataShardCoordinator - passivation-race-entity: Graceful shutdown of region [Actor[akka://akka-runtime/system/sharding/passivation-race-entity#-1268863267]] with [1] shards
08:05:24.250 INFO  a.c.sharding.DDataShardCoordinator - passivation-race-entity: Starting shutting down shards [959] due to region shutting down or explicit stopping of shards.
08:05:24.250 DEBUG a.c.sharding.DDataShardCoordinator - sharded-daemon-process-eventSourcedProjection-passivation-race-entity-passivation-race-view: Graceful shutdown of region [Actor[akka://akka-runtime/system/sharding/sharded-daemon-process-eventSourcedProjection-passivation-race-entity-passivation-race-view#-1956425043]] with [1] shards
08:05:24.250 DEBUG a.c.sharding.DDataShardCoordinator - sharded-daemon-process-eventSourcedProjection-passivation-race-entity-passivation-race-consumer-b: Graceful shutdown of region [Actor[akka://akka-runtime/system/sharding/sharded-daemon-process-eventSourcedProjection-passivation-race-entity-passivation-race-consumer-b#-716174290]] with [1] shards
08:05:24.250 INFO  a.c.sharding.DDataShardCoordinator - sharded-daemon-process-eventSourcedProjection-passivation-race-entity-passivation-race-view: Starting shutting down shards [0] due to region shutting down or explicit stopping of shards.
08:05:24.250 INFO  a.c.sharding.DDataShardCoordinator - sharded-daemon-process-eventSourcedProjection-passivation-race-entity-passivation-race-consumer-b: Starting shutting down shards [0] due to region shutting down or explicit stopping of shards.
08:05:24.250 DEBUG a.c.s.ShardCoordinator$RebalanceWorker - passivation-race-entity: Shutting down shard [959] from region [Actor[akka://akka-runtime/system/sharding/passivation-race-entity#-1268863267]]. Asking [1] region(s) to hand-off shard
08:05:24.250 DEBUG a.c.s.ShardCoordinator$RebalanceWorker - passivation-race-entity: BeginHandOffAck for shard [959] received from [Actor[akka://akka-runtime/system/sharding/passivation-race-entity#-1268863267]].
08:05:24.250 DEBUG a.c.s.ShardCoordinator$RebalanceWorker - passivation-race-entity: All shard regions acked, handing off shard [959].
08:05:24.250 DEBUG akka.cluster.sharding.Shard - sharded-daemon-process-eventSourcedProjection-passivation-race-entity-passivation-race-view: Shard initialized
08:05:24.250 DEBUG akka.cluster.sharding.Shard - sharded-daemon-process-eventSourcedProjection-passivation-race-entity-passivation-race-consumer-b: Shard initialized
08:05:24.250 WARN  akka.cluster.sharding.ShardRegion - passivation-race-entity: Dropping [1] buffered messages to shard [959] during hand off to avoid re-ordering
08:05:24.250 DEBUG a.c.s.ShardCoordinator$RebalanceWorker - sharded-daemon-process-eventSourcedProjection-passivation-race-entity-passivation-race-consumer-b: Shutting down shard [0] from region [Actor[akka://akka-runtime/system/sharding/sharded-daemon-process-eventSourcedProjection-passivation-race-entity-passivation-race-consumer-b#-716174290]]. Asking [1] region(s) to hand-off shard
08:05:24.250 DEBUG a.c.s.ShardCoordinator$RebalanceWorker - sharded-daemon-process-eventSourcedProjection-passivation-race-entity-passivation-race-consumer-b: BeginHandOffAck for shard [0] received from [Actor[akka://akka-runtime/system/sharding/sharded-daemon-process-eventSourcedProjection-passivation-race-entity-passivation-race-consumer-b#-716174290]].
08:05:24.250 DEBUG a.c.s.ShardCoordinator$RebalanceWorker - sharded-daemon-process-eventSourcedProjection-passivation-race-entity-passivation-race-consumer-b: All shard regions acked, handing off shard [0].
08:05:24.250 DEBUG akka.cluster.sharding.Shard - sharded-daemon-process-eventSourcedProjection-passivation-race-entity-passivation-race-consumer-b: Request to start entity [0] and ack to [Some(Actor[akka://akka-runtime/deadLetters])]
08:05:24.250 DEBUG a.c.s.t.i.ShardedDaemonProcessState$ - eventSourcedProjection-passivation-race-entity-passivation-race-view: Deferred start of worker to verify its revision [0] is the latest
08:05:24.250 DEBUG a.c.s.ShardCoordinator$RebalanceWorker - sharded-daemon-process-eventSourcedProjection-passivation-race-entity-passivation-race-view: Shutting down shard [0] from region [Actor[akka://akka-runtime/system/sharding/sharded-daemon-process-eventSourcedProjection-passivation-race-entity-passivation-race-view#-1956425043]]. Asking [1] region(s) to hand-off shard
08:05:24.250 DEBUG akka.cluster.sharding.Shard - passivation-race-entity: Shard initialized
08:05:24.250 DEBUG akka.cluster.sharding.Shard - sharded-daemon-process-eventSourcedProjection-passivation-race-entity-passivation-race-consumer-b: Started entity [Actor[akka://akka-runtime/system/sharding/sharded-daemon-process-eventSourcedProjection-passivation-race-entity-passivation-race-consumer-b/0/0#82812689]] with entity id [0] in shard [0]
08:05:24.250 DEBUG akka.cluster.sharding.Shard - sharded-daemon-process-eventSourcedProjection-passivation-race-entity-passivation-race-view: Request to start entity [0] and ack to [Some(Actor[akka://akka-runtime/deadLetters])]
08:05:24.250 DEBUG akka.cluster.sharding.Shard - sharded-daemon-process-eventSourcedProjection-passivation-race-entity-passivation-race-consumer-b: HandOff shard [0]
08:05:24.251 DEBUG akka.cluster.sharding.Shard - sharded-daemon-process-eventSourcedProjection-passivation-race-entity-passivation-race-consumer-b: Starting HandOffStopper for shard [0] to terminate [1] entities.
08:05:24.251 DEBUG akka.cluster.sharding.Shard - sharded-daemon-process-eventSourcedProjection-passivation-race-entity-passivation-race-view: Started entity [Actor[akka://akka-runtime/system/sharding/sharded-daemon-process-eventSourcedProjection-passivation-race-entity-passivation-race-view/0/0#-1772437392]] with entity id [0] in shard [0]
08:05:24.251 DEBUG a.c.s.ShardCoordinator$RebalanceWorker - sharded-daemon-process-eventSourcedProjection-passivation-race-entity-passivation-race-view: BeginHandOffAck for shard [0] received from [Actor[akka://akka-runtime/system/sharding/sharded-daemon-process-eventSourcedProjection-passivation-race-entity-passivation-race-view#-1956425043]].
08:05:24.251 DEBUG a.c.s.ShardCoordinator$RebalanceWorker - sharded-daemon-process-eventSourcedProjection-passivation-race-entity-passivation-race-view: All shard regions acked, handing off shard [0].
08:05:24.251 DEBUG akka.cluster.sharding.Shard - passivation-race-entity: HandOff shard [959]
08:05:24.251 INFO  a.c.s.t.i.ShardedDaemonProcessState$ - eventSourcedProjection-passivation-race-entity-passivation-race-view: Starting Sharded Daemon Process [0] out of a total [1] (revision [0] and no state found)
08:05:24.251 DEBUG akka.cluster.sharding.Shard - passivation-race-entity: Shard [959] shutting down
08:05:24.251 DEBUG a.c.sharding.DDataShardCoordinator - passivation-race-entity: ShardRegion stopped: [Actor[akka://akka-runtime/system/sharding/passivation-race-entity#-1268863267]]
08:05:24.251 DEBUG a.c.sharding.DDataShardCoordinator - passivation-race-entity: ShardRegion terminated (gracefully): [Actor[akka://akka-runtime/system/sharding/passivation-race-entity#-1268863267]] {}
08:05:24.251 DEBUG akka.cluster.sharding.Shard - sharded-daemon-process-eventSourcedProjection-passivation-race-entity-passivation-race-view: HandOff shard [0]
08:05:24.251 DEBUG akka.cluster.sharding.Shard - sharded-daemon-process-eventSourcedProjection-passivation-race-entity-passivation-race-view: Starting HandOffStopper for shard [0] to terminate [1] entities.
08:05:24.251 DEBUG a.c.sharding.DDataShardCoordinator - passivation-race-entity: GetShardHome [959] request from [Actor[akka://local/ignore]] deferred, because rebalance is in progress for this shard. It will be handled when rebalance is done.
08:05:24.250 DEBUG a.c.s.t.i.ShardedDaemonProcessState$ - eventSourcedProjection-passivation-race-entity-passivation-race-consumer-b: Deferred start of worker to verify its revision [0] is the latest
08:05:24.251 DEBUG a.c.sharding.DDataShardCoordinator - sharded-daemon-process-eventSourcedProjection-passivation-race-entity-passivation-race-consumer-a: Shard [0] allocated at [Actor[akka://akka-runtime/system/sharding/sharded-daemon-process-eventSourcedProjection-passivation-race-entity-passivation-race-consumer-a#103060238]]
08:05:24.251 DEBUG a.c.sharding.DDataShardCoordinator - sharded-daemon-process-eventSourcedProjection-passivation-race-entity-passivation-race-consumer-a: Graceful shutdown of region [Actor[akka://akka-runtime/system/sharding/sharded-daemon-process-eventSourcedProjection-passivation-race-entity-passivation-race-consumer-a#103060238]] with [1] shards
08:05:24.251 INFO  a.c.sharding.DDataShardCoordinator - sharded-daemon-process-eventSourcedProjection-passivation-race-entity-passivation-race-consumer-a: Starting shutting down shards [0] due to region shutting down or explicit stopping of shards.
08:05:24.251 INFO  a.c.s.t.i.ShardedDaemonProcessState$ - eventSourcedProjection-passivation-race-entity-passivation-race-consumer-b: Starting Sharded Daemon Process [0] out of a total [1] (revision [0] and no state found)
08:05:24.251 DEBUG a.c.s.ShardCoordinator$RebalanceWorker - sharded-daemon-process-eventSourcedProjection-passivation-race-entity-passivation-race-consumer-a: Shutting down shard [0] from region [Actor[akka://akka-runtime/system/sharding/sharded-daemon-process-eventSourcedProjection-passivation-race-entity-passivation-race-consumer-a#103060238]]. Asking [1] region(s) to hand-off shard
08:05:24.251 DEBUG akka.cluster.sharding.Shard - sharded-daemon-process-eventSourcedProjection-passivation-race-entity-passivation-race-consumer-a: Shard initialized
08:05:24.251 DEBUG a.c.s.ShardCoordinator$RebalanceWorker - sharded-daemon-process-eventSourcedProjection-passivation-race-entity-passivation-race-consumer-a: BeginHandOffAck for shard [0] received from [Actor[akka://akka-runtime/system/sharding/sharded-daemon-process-eventSourcedProjection-passivation-race-entity-passivation-race-consumer-a#103060238]].
08:05:24.251 DEBUG a.c.s.ShardCoordinator$RebalanceWorker - sharded-daemon-process-eventSourcedProjection-passivation-race-entity-passivation-race-consumer-a: All shard regions acked, handing off shard [0].
08:05:24.251 DEBUG akka.cluster.sharding.Shard - sharded-daemon-process-eventSourcedProjection-passivation-race-entity-passivation-race-consumer-a: Request to start entity [0] and ack to [Some(Actor[akka://akka-runtime/deadLetters])]
08:05:24.251 DEBUG akka.cluster.sharding.Shard - sharded-daemon-process-eventSourcedProjection-passivation-race-entity-passivation-race-view: Shard [0] shutting down
08:05:24.251 DEBUG a.c.sharding.DDataShardCoordinator - sharded-daemon-process-eventSourcedProjection-passivation-race-entity-passivation-race-view: Shard [0] deallocation completed successfully.
08:05:24.251 DEBUG akka.cluster.sharding.Shard - sharded-daemon-process-eventSourcedProjection-passivation-race-entity-passivation-race-consumer-a: Started entity [Actor[akka://akka-runtime/system/sharding/sharded-daemon-process-eventSourcedProjection-passivation-race-entity-passivation-race-consumer-a/0/0#1723803952]] with entity id [0] in shard [0]
08:05:24.251 DEBUG akka.cluster.sharding.Shard - sharded-daemon-process-eventSourcedProjection-passivation-race-entity-passivation-race-consumer-a: HandOff shard [0]
08:05:24.252 DEBUG a.c.s.t.i.ShardedDaemonProcessState$ - eventSourcedProjection-passivation-race-entity-passivation-race-consumer-a: Deferred start of worker to verify its revision [0] is the latest
08:05:24.252 DEBUG akka.cluster.sharding.Shard - sharded-daemon-process-eventSourcedProjection-passivation-race-entity-passivation-race-consumer-a: Starting HandOffStopper for shard [0] to terminate [1] entities.
08:05:24.252 DEBUG a.c.sharding.DDataShardCoordinator - sharded-daemon-process-eventSourcedProjection-passivation-race-entity-passivation-race-view: The coordinator state was successfully updated with ShardHomeDeallocated(0)
08:05:24.252 DEBUG a.c.sharding.DDataShardCoordinator - sharded-daemon-process-eventSourcedProjection-passivation-race-entity-passivation-race-view: Shard [0] deallocated after
08:05:24.252 DEBUG a.c.sharding.DDataShardCoordinator - sharded-daemon-process-eventSourcedProjection-passivation-race-entity-passivation-race-view: ShardRegion terminated (gracefully): [Actor[akka://akka-runtime/system/sharding/sharded-daemon-process-eventSourcedProjection-passivation-race-entity-passivation-race-view#-1956425043]] {}
08:05:24.252 DEBUG a.c.sharding.DDataShardCoordinator - passivation-race-entity: The coordinator state was successfully updated with ShardRegionTerminated(Actor[akka://akka-runtime/system/sharding/passivation-race-entity#-1268863267])
08:05:24.252 INFO  a.c.s.t.i.ShardedDaemonProcessState$ - eventSourcedProjection-passivation-race-entity-passivation-race-consumer-a: Starting Sharded Daemon Process [0] out of a total [1] (revision [0] and no state found)
08:05:24.252 DEBUG a.c.sharding.DDataShardCoordinator - passivation-race-entity: Shard [959] deallocation completed successfully.
08:05:24.252 DEBUG a.c.sharding.DDataShardCoordinator - sharded-daemon-process-eventSourcedProjection-passivation-race-entity-passivation-race-view: GetShardHome [0] request from [Actor[akka://local/ignore]] stashed, because waiting for initial state or update of state. It will be handled afterwards.
08:05:24.252 DEBUG a.c.sharding.DDataShardCoordinator - sharded-daemon-process-eventSourcedProjection-passivation-race-entity-passivation-race-view: The coordinator state was successfully updated with ShardRegionTerminated(Actor[akka://akka-runtime/system/sharding/sharded-daemon-process-eventSourcedProjection-passivation-race-entity-passivation-race-view#-1956425043])
08:05:24.252 DEBUG a.c.sharding.DDataShardCoordinator - sharded-daemon-process-eventSourcedProjection-passivation-race-entity-passivation-race-view: ShardRegion stopped: [Actor[akka://akka-runtime/system/sharding/sharded-daemon-process-eventSourcedProjection-passivation-race-entity-passivation-race-view#-1956425043]]
08:05:25.017 WARN  a.c.s.ShardRegion$HandOffStopper - sharded-daemon-process-eventSourcedProjection-passivation-race-entity-passivation-race-consumer-a: [1] of the entities in shard [0] not stopped after [750 milliseconds]. Maybe the handOffStopMessage [akka.projection.ProjectionBehavior$Stop$] is not handled? Waiting additional [250 milliseconds] before stopping the remaining entities.
08:05:25.017 WARN  a.c.s.ShardRegion$HandOffStopper - sharded-daemon-process-eventSourcedProjection-passivation-race-entity-passivation-race-consumer-b: [1] of the entities in shard [0] not stopped after [750 milliseconds]. Maybe the handOffStopMessage [akka.projection.ProjectionBehavior$Stop$] is not handled? Waiting additional [250 milliseconds] before stopping the remaining entities.
08:05:25.267 WARN  a.c.s.ShardRegion$HandOffStopper - sharded-daemon-process-eventSourcedProjection-passivation-race-entity-passivation-race-consumer-a: HandOffStopMessage [akka.projection.ProjectionBehavior$Stop$] is not handled by some of the entities in shard [0] after [1 second], stopping the remaining [1] entities.
08:05:25.268 WARN  a.c.s.ShardRegion$HandOffStopper - sharded-daemon-process-eventSourcedProjection-passivation-race-entity-passivation-race-consumer-b: HandOffStopMessage [akka.projection.ProjectionBehavior$Stop$] is not handled by some of the entities in shard [0] after [1 second], stopping the remaining [1] entities.
08:05:25.268 DEBUG akka.cluster.sharding.Shard - sharded-daemon-process-eventSourcedProjection-passivation-race-entity-passivation-race-consumer-a: Shard [0] shutting down
08:05:25.268 DEBUG akka.cluster.sharding.Shard - sharded-daemon-process-eventSourcedProjection-passivation-race-entity-passivation-race-consumer-b: Shard [0] shutting down
08:05:25.268 DEBUG a.c.sharding.DDataShardCoordinator - sharded-daemon-process-eventSourcedProjection-passivation-race-entity-passivation-race-consumer-b: Shard [0] deallocation completed successfully.
08:05:25.268 DEBUG a.c.sharding.DDataShardCoordinator - sharded-daemon-process-eventSourcedProjection-passivation-race-entity-passivation-race-consumer-a: Shard [0] deallocation completed successfully.
08:05:25.268 DEBUG akka.actor.CoordinatedShutdown - Performing phase [cluster-leave] with [1] tasks.
08:05:25.268 DEBUG akka.actor.CoordinatedShutdown - Performing task [leave] in CoordinatedShutdown phase [cluster-leave]
08:05:25.268 DEBUG a.c.sharding.DDataShardCoordinator - sharded-daemon-process-eventSourcedProjection-passivation-race-entity-passivation-race-consumer-b: The coordinator state was successfully updated with ShardHomeDeallocated(0)
08:05:25.268 DEBUG a.c.sharding.DDataShardCoordinator - sharded-daemon-process-eventSourcedProjection-passivation-race-entity-passivation-race-consumer-b: Shard [0] deallocated after
08:05:25.268 DEBUG a.c.sharding.DDataShardCoordinator - sharded-daemon-process-eventSourcedProjection-passivation-race-entity-passivation-race-consumer-a: The coordinator state was successfully updated with ShardHomeDeallocated(0)
08:05:25.268 DEBUG a.c.sharding.DDataShardCoordinator - sharded-daemon-process-eventSourcedProjection-passivation-race-entity-passivation-race-consumer-a: Shard [0] deallocated after
08:05:25.268 DEBUG a.c.sharding.DDataShardCoordinator - sharded-daemon-process-eventSourcedProjection-passivation-race-entity-passivation-race-consumer-b: ShardRegion terminated (gracefully): [Actor[akka://akka-runtime/system/sharding/sharded-daemon-process-eventSourcedProjection-passivation-race-entity-passivation-race-consumer-b#-716174290]] {}
08:05:25.268 DEBUG a.c.sharding.DDataShardCoordinator - sharded-daemon-process-eventSourcedProjection-passivation-race-entity-passivation-race-consumer-a: ShardRegion terminated (gracefully): [Actor[akka://akka-runtime/system/sharding/sharded-daemon-process-eventSourcedProjection-passivation-race-entity-passivation-race-consumer-a#103060238]] {}
08:05:25.268 DEBUG a.c.sharding.DDataShardCoordinator - sharded-daemon-process-eventSourcedProjection-passivation-race-entity-passivation-race-consumer-b: GetShardHome [0] request from [Actor[akka://local/ignore]] stashed, because waiting for initial state or update of state. It will be handled afterwards.
08:05:25.268 DEBUG a.c.sharding.DDataShardCoordinator - sharded-daemon-process-eventSourcedProjection-passivation-race-entity-passivation-race-consumer-a: GetShardHome [0] request from [Actor[akka://local/ignore]] stashed, because waiting for initial state or update of state. It will be handled afterwards.
08:05:25.268 DEBUG a.c.sharding.DDataShardCoordinator - sharded-daemon-process-eventSourcedProjection-passivation-race-entity-passivation-race-consumer-a: The coordinator state was successfully updated with ShardRegionTerminated(Actor[akka://akka-runtime/system/sharding/sharded-daemon-process-eventSourcedProjection-passivation-race-entity-passivation-race-consumer-a#103060238])
08:05:25.269 DEBUG a.c.sharding.DDataShardCoordinator - sharded-daemon-process-eventSourcedProjection-passivation-race-entity-passivation-race-consumer-b: The coordinator state was successfully updated with ShardRegionTerminated(Actor[akka://akka-runtime/system/sharding/sharded-daemon-process-eventSourcedProjection-passivation-race-entity-passivation-race-consumer-b#-716174290])
08:05:25.269 DEBUG a.c.sharding.DDataShardCoordinator - sharded-daemon-process-eventSourcedProjection-passivation-race-entity-passivation-race-consumer-a: ShardRegion stopped: [Actor[akka://akka-runtime/system/sharding/sharded-daemon-process-eventSourcedProjection-passivation-race-entity-passivation-race-consumer-a#103060238]]
08:05:25.269 DEBUG a.c.sharding.DDataShardCoordinator - sharded-daemon-process-eventSourcedProjection-passivation-race-entity-passivation-race-consumer-b: ShardRegion stopped: [Actor[akka://akka-runtime/system/sharding/sharded-daemon-process-eventSourcedProjection-passivation-race-entity-passivation-race-consumer-b#-716174290]]
08:05:25.269 DEBUG akka.actor.CoordinatedShutdown - Performing phase [cluster-exiting] with [28] tasks.
08:05:25.269 DEBUG akka.actor.CoordinatedShutdown - Performing task [wait-exiting] in CoordinatedShutdown phase [cluster-exiting]
08:05:25.269 DEBUG akka.actor.CoordinatedShutdown - Performing task [wait-singleton-exiting] in CoordinatedShutdown phase [cluster-exiting]
08:05:25.269 DEBUG akka.actor.CoordinatedShutdown - Performing task [wait-singleton-exiting] in CoordinatedShutdown phase [cluster-exiting]
08:05:25.269 DEBUG akka.actor.CoordinatedShutdown - Performing task [wait-singleton-exiting] in CoordinatedShutdown phase [cluster-exiting]
08:05:25.269 DEBUG akka.actor.CoordinatedShutdown - Performing task [singleton-exiting-1] in CoordinatedShutdown phase [cluster-exiting]
08:05:25.269 DEBUG akka.actor.CoordinatedShutdown - Performing task [wait-singleton-exiting] in CoordinatedShutdown phase [cluster-exiting]
08:05:25.269 DEBUG akka.actor.CoordinatedShutdown - Performing task [singleton-exiting-2] in CoordinatedShutdown phase [cluster-exiting]
08:05:25.269 DEBUG akka.actor.CoordinatedShutdown - Performing task [wait-singleton-exiting] in CoordinatedShutdown phase [cluster-exiting]
08:05:25.269 DEBUG akka.actor.CoordinatedShutdown - Performing task [singleton-exiting-2] in CoordinatedShutdown phase [cluster-exiting]
08:05:25.269 DEBUG akka.actor.CoordinatedShutdown - Performing task [wait-singleton-exiting] in CoordinatedShutdown phase [cluster-exiting]
08:05:25.269 DEBUG akka.actor.CoordinatedShutdown - Performing task [wait-singleton-exiting] in CoordinatedShutdown phase [cluster-exiting]
08:05:25.269 DEBUG akka.actor.CoordinatedShutdown - Performing task [singleton-exiting-1] in CoordinatedShutdown phase [cluster-exiting]
08:05:25.269 DEBUG akka.actor.CoordinatedShutdown - Performing task [singleton-exiting-2] in CoordinatedShutdown phase [cluster-exiting]
08:05:25.269 DEBUG akka.actor.CoordinatedShutdown - Performing task [singleton-exiting-1] in CoordinatedShutdown phase [cluster-exiting]
08:05:25.269 DEBUG akka.actor.CoordinatedShutdown - Performing task [singleton-exiting-1] in CoordinatedShutdown phase [cluster-exiting]
08:05:25.269 DEBUG akka.actor.CoordinatedShutdown - Performing task [singleton-exiting-2] in CoordinatedShutdown phase [cluster-exiting]
08:05:25.269 DEBUG akka.actor.CoordinatedShutdown - Performing task [wait-singleton-exiting] in CoordinatedShutdown phase [cluster-exiting]
08:05:25.269 DEBUG akka.actor.CoordinatedShutdown - Performing task [wait-singleton-exiting] in CoordinatedShutdown phase [cluster-exiting]
08:05:25.269 DEBUG akka.actor.CoordinatedShutdown - Performing task [singleton-exiting-1] in CoordinatedShutdown phase [cluster-exiting]
08:05:25.269 DEBUG akka.actor.CoordinatedShutdown - Performing task [singleton-exiting-2] in CoordinatedShutdown phase [cluster-exiting]
08:05:25.269 DEBUG akka.actor.CoordinatedShutdown - Performing task [singleton-exiting-1] in CoordinatedShutdown phase [cluster-exiting]
08:05:25.269 DEBUG akka.actor.CoordinatedShutdown - Performing task [singleton-exiting-2] in CoordinatedShutdown phase [cluster-exiting]
08:05:25.269 DEBUG akka.actor.CoordinatedShutdown - Performing task [singleton-exiting-2] in CoordinatedShutdown phase [cluster-exiting]
08:05:25.269 INFO  a.c.s.ClusterSingletonManager - Oldest observed OldestChanged: [akka://akka-runtime@127.0.0.1:62985 -> None]
08:05:25.269 DEBUG akka.actor.CoordinatedShutdown - Performing task [singleton-exiting-1] in CoordinatedShutdown phase [cluster-exiting]
08:05:25.269 DEBUG akka.actor.CoordinatedShutdown - Performing task [singleton-exiting-1] in CoordinatedShutdown phase [cluster-exiting]
08:05:25.269 DEBUG akka.actor.CoordinatedShutdown - Performing task [singleton-exiting-2] in CoordinatedShutdown phase [cluster-exiting]
08:05:25.269 DEBUG akka.actor.CoordinatedShutdown - Performing task [singleton-exiting-2] in CoordinatedShutdown phase [cluster-exiting]
08:05:25.269 INFO  a.c.s.ClusterSingletonManager - ClusterSingletonManager state change [Oldest -> WasOldest]
08:05:25.270 DEBUG akka.actor.CoordinatedShutdown - Performing task [singleton-exiting-1] in CoordinatedShutdown phase [cluster-exiting]
08:05:25.270 INFO  a.c.s.ClusterSingletonManager - Exited [akka://akka-runtime@127.0.0.1:62985].
08:05:25.270 INFO  a.c.s.ClusterSingletonManager - Exited [akka://akka-runtime@127.0.0.1:62985].
08:05:25.270 INFO  a.c.s.ClusterSingletonManager - Exited [akka://akka-runtime@127.0.0.1:62985].
08:05:25.270 INFO  a.c.s.ClusterSingletonManager - Exited [akka://akka-runtime@127.0.0.1:62985].
08:05:25.270 INFO  a.c.s.ClusterSingletonManager - Exited [akka://akka-runtime@127.0.0.1:62985].
08:05:25.270 INFO  a.c.s.ClusterSingletonManager - Exited [akka://akka-runtime@127.0.0.1:62985].
08:05:25.270 INFO  a.c.s.ClusterSingletonManager - Oldest observed OldestChanged: [akka://akka-runtime@127.0.0.1:62985 -> None]
08:05:25.270 INFO  a.c.s.ClusterSingletonManager - Oldest observed OldestChanged: [akka://akka-runtime@127.0.0.1:62985 -> None]
08:05:25.270 INFO  a.c.s.ClusterSingletonManager - Oldest observed OldestChanged: [akka://akka-runtime@127.0.0.1:62985 -> None]
08:05:25.270 INFO  a.c.s.ClusterSingletonManager - Oldest observed OldestChanged: [akka://akka-runtime@127.0.0.1:62985 -> None]
08:05:25.270 INFO  a.c.s.ClusterSingletonManager - ClusterSingletonManager state change [Oldest -> WasOldest]
08:05:25.270 INFO  a.c.s.ClusterSingletonManager - ClusterSingletonManager state change [Oldest -> WasOldest]
08:05:25.270 INFO  a.c.s.ClusterSingletonManager - ClusterSingletonManager state change [Oldest -> WasOldest]
08:05:25.270 INFO  a.c.s.ClusterSingletonManager - ClusterSingletonManager state change [Oldest -> WasOldest]
08:05:25.270 INFO  a.c.s.ClusterSingletonManager - Exited [akka://akka-runtime@127.0.0.1:62985].
08:05:25.270 INFO  a.c.s.ClusterSingletonManager - Exited [akka://akka-runtime@127.0.0.1:62985].
08:05:25.270 INFO  a.c.s.ClusterSingletonManager - Oldest observed OldestChanged: [akka://akka-runtime@127.0.0.1:62985 -> None]
08:05:25.270 INFO  a.c.s.ClusterSingletonManager - Oldest observed OldestChanged: [akka://akka-runtime@127.0.0.1:62985 -> None]
08:05:25.270 INFO  a.c.s.ClusterSingletonManager - Oldest observed OldestChanged: [akka://akka-runtime@127.0.0.1:62985 -> None]
08:05:25.270 INFO  a.c.s.ClusterSingletonManager - ClusterSingletonManager state change [Oldest -> WasOldest]
08:05:25.270 INFO  a.c.s.ClusterSingletonManager - ClusterSingletonManager state change [Oldest -> WasOldest]
08:05:25.270 INFO  a.c.s.ClusterSingletonManager - ClusterSingletonManager state change [Oldest -> WasOldest]
08:05:25.270 INFO  a.c.s.ClusterSingletonManager - Exited [akka://akka-runtime@127.0.0.1:62985].
08:05:25.270 INFO  a.c.s.ClusterSingletonManager - Oldest observed OldestChanged: [akka://akka-runtime@127.0.0.1:62985 -> None]
08:05:25.270 INFO  a.c.s.ClusterSingletonManager - ClusterSingletonManager state change [Oldest -> WasOldest]
08:05:25.917 DEBUG a.c.singleton.ClusterSingletonProxy - Creating singleton identification timer...
08:05:25.917 DEBUG a.c.singleton.ClusterSingletonProxy - Creating singleton identification timer...
08:05:25.917 DEBUG a.c.singleton.ClusterSingletonProxy - Creating singleton identification timer...
08:05:25.917 DEBUG a.c.singleton.ClusterSingletonProxy - Creating singleton identification timer...
08:05:26.286 INFO  a.c.s.ClusterSingletonManager - Singleton manager stopping singleton actor [akka://akka-runtime/system/singletonManagerShardedDaemonProcessCoordinator-eventSourcedProjection-passivation-race-entity-passivation-race-view/ShardedDaemonProcessCoordinator-eventSourcedProjection-passivation-race-entity-passivation-race-view]
08:05:26.286 INFO  a.c.s.ClusterSingletonManager - Singleton manager stopping singleton actor [akka://akka-runtime/system/sharding/sharded-daemon-process-eventSourcedProjection-passivation-race-entity-passivation-race-consumer-aCoordinator/singleton]
08:05:26.286 INFO  a.c.s.ClusterSingletonManager - Singleton manager stopping singleton actor [akka://akka-runtime/system/sharding/sharded-daemon-process-eventSourcedProjection-passivation-race-entity-passivation-race-consumer-bCoordinator/singleton]
08:05:26.286 INFO  a.c.s.ClusterSingletonManager - Singleton manager stopping singleton actor [akka://akka-runtime/system/singletonManagerShardedDaemonProcessCoordinator-eventSourcedProjection-passivation-race-entity-passivation-race-consumer-b/ShardedDaemonProcessCoordinator-eventSourcedProjection-passivation-race-entity-passivation-race-consumer-b]
08:05:26.286 INFO  a.c.s.ClusterSingletonManager - Singleton manager stopping singleton actor [akka://akka-runtime/system/singletonManagerschemaSingleton/schemaSingleton]
08:05:26.286 INFO  a.c.s.ClusterSingletonManager - ClusterSingletonManager state change [WasOldest -> Stopping]
08:05:26.286 INFO  a.c.s.ClusterSingletonManager - ClusterSingletonManager state change [WasOldest -> Stopping]
08:05:26.286 INFO  a.c.s.ClusterSingletonManager - ClusterSingletonManager state change [WasOldest -> Stopping]
08:05:26.286 INFO  a.c.s.ClusterSingletonManager - ClusterSingletonManager state change [WasOldest -> Stopping]
08:05:26.286 INFO  a.c.s.ClusterSingletonManager - ClusterSingletonManager state change [WasOldest -> Stopping]
08:05:26.286 DEBUG a.c.sharding.DDataShardCoordinator - sharded-daemon-process-eventSourcedProjection-passivation-race-entity-passivation-race-consumer-a: Received termination message.
08:05:26.286 DEBUG a.c.sharding.DDataShardCoordinator - sharded-daemon-process-eventSourcedProjection-passivation-race-entity-passivation-race-consumer-b: Received termination message.
08:05:26.286 INFO  a.c.s.ClusterSingletonManager - Singleton actor [akka://akka-runtime/system/sharding/sharded-daemon-process-eventSourcedProjection-passivation-race-entity-passivation-race-consumer-aCoordinator/singleton] was terminated
08:05:26.286 INFO  a.c.s.ClusterSingletonManager - Singleton actor [akka://akka-runtime/system/singletonManagerschemaSingleton/schemaSingleton] was terminated
08:05:26.286 INFO  a.c.s.ClusterSingletonManager - Singleton actor [akka://akka-runtime/system/singletonManagerShardedDaemonProcessCoordinator-eventSourcedProjection-passivation-race-entity-passivation-race-consumer-b/ShardedDaemonProcessCoordinator-eventSourcedProjection-passivation-race-entity-passivation-race-consumer-b] was terminated
08:05:26.286 INFO  a.c.s.ClusterSingletonManager - Singleton actor [akka://akka-runtime/system/singletonManagerShardedDaemonProcessCoordinator-eventSourcedProjection-passivation-race-entity-passivation-race-view/ShardedDaemonProcessCoordinator-eventSourcedProjection-passivation-race-entity-passivation-race-view] was terminated
08:05:26.286 INFO  a.c.s.ClusterSingletonManager - Singleton actor [akka://akka-runtime/system/sharding/sharded-daemon-process-eventSourcedProjection-passivation-race-entity-passivation-race-consumer-bCoordinator/singleton] was terminated
08:05:26.286 INFO  a.c.s.ClusterSingletonManager - Singleton manager stopping singleton actor [akka://akka-runtime/system/singletonManagerShardedDaemonProcessCoordinator-eventSourcedProjection-passivation-race-entity-passivation-race-consumer-a/ShardedDaemonProcessCoordinator-eventSourcedProjection-passivation-race-entity-passivation-race-consumer-a]
08:05:26.286 INFO  a.c.s.ClusterSingletonManager - Singleton manager stopping singleton actor [akka://akka-runtime/system/sharding/_timerCoordinator/singleton]
08:05:26.286 INFO  a.c.s.ClusterSingletonManager - Singleton manager stopping singleton actor [akka://akka-runtime/system/sharding/sharded-daemon-process-eventSourcedProjection-passivation-race-entity-passivation-race-viewCoordinator/singleton]
08:05:26.286 INFO  a.c.s.ClusterSingletonManager - ClusterSingletonManager state change [WasOldest -> Stopping]
08:05:26.286 INFO  a.c.s.ClusterSingletonManager - ClusterSingletonManager state change [WasOldest -> Stopping]
08:05:26.286 INFO  a.c.s.ClusterSingletonManager - ClusterSingletonManager state change [WasOldest -> Stopping]
08:05:26.286 DEBUG a.c.sharding.DDataShardCoordinator - sharded-daemon-process-eventSourcedProjection-passivation-race-entity-passivation-race-view: Received termination message.
08:05:26.286 DEBUG a.c.sharding.DDataShardCoordinator - _timer: Received termination message.
08:05:26.286 INFO  a.c.s.ClusterSingletonManager - Singleton actor [akka://akka-runtime/system/singletonManagerShardedDaemonProcessCoordinator-eventSourcedProjection-passivation-race-entity-passivation-race-consumer-a/ShardedDaemonProcessCoordinator-eventSourcedProjection-passivation-race-entity-passivation-race-consumer-a] was terminated
08:05:26.286 INFO  a.c.s.ClusterSingletonManager - Singleton manager stopping singleton actor [akka://akka-runtime/system/sharding/passivation-race-entityCoordinator/singleton]
08:05:26.286 INFO  a.c.s.ClusterSingletonManager - Singleton actor [akka://akka-runtime/system/sharding/sharded-daemon-process-eventSourcedProjection-passivation-race-entity-passivation-race-viewCoordinator/singleton] was terminated
08:05:26.286 INFO  a.c.s.ClusterSingletonManager - ClusterSingletonManager state change [WasOldest -> Stopping]
08:05:26.286 DEBUG a.c.sharding.DDataShardCoordinator - passivation-race-entity: Received termination message.
08:05:26.286 INFO  a.c.s.ClusterSingletonManager - Singleton actor [akka://akka-runtime/system/sharding/_timerCoordinator/singleton] was terminated
08:05:26.286 INFO  a.c.s.ClusterSingletonManager - Singleton actor [akka://akka-runtime/system/sharding/passivation-race-entityCoordinator/singleton] was terminated
08:05:26.286 DEBUG akka.actor.CoordinatedShutdown - Performing phase [cluster-exiting-done] with [1] tasks.
08:05:26.286 DEBUG akka.actor.CoordinatedShutdown - Performing task [exiting-completed] in CoordinatedShutdown phase [cluster-exiting-done]
08:05:26.287 DEBUG akka.actor.CoordinatedShutdown - Performing phase [cluster-shutdown] with [1] tasks.
08:05:26.287 DEBUG akka.actor.CoordinatedShutdown - Performing task [wait-shutdown] in CoordinatedShutdown phase [cluster-shutdown]
08:05:26.288 DEBUG akka.actor.CoordinatedShutdown - Performing phase [before-actor-system-terminate] with [2] tasks.
08:05:26.288 DEBUG akka.actor.CoordinatedShutdown - Performing task [close connection pools] in CoordinatedShutdown phase [before-actor-system-terminate]
08:05:26.288 DEBUG akka.actor.CoordinatedShutdown - Performing task [close-grpc-channels] in CoordinatedShutdown phase [before-actor-system-terminate]
08:05:26.289 DEBUG akka.actor.CoordinatedShutdown - Performing phase [actor-system-terminate] with [1] tasks.
08:05:26.289 DEBUG akka.actor.CoordinatedShutdown - Performing task [terminate-system] in CoordinatedShutdown phase [actor-system-terminate]
08:05:26.353 INFO  akka.runtime.AkkaRuntimeMain - Starting Akka Runtime version [1.6.15]
08:05:26.357 INFO  akka.javasdk.impl.ComponentLocator$ - Looking for component descriptors matching pattern [META-INF/akka-javasdk-components_*.conf]
08:05:26.362 INFO  akka.javasdk.testkit.TestKit - Eventing TestKit booting up on port: 62989
08:05:26.364 DEBUG a.c.singleton.ClusterSingletonProxy - Creating singleton identification timer...
08:05:26.364 DEBUG a.c.singleton.ClusterSingletonProxy - Trying to identify singleton at [akka://akka-runtime@127.0.0.1:62990/system/singletonManagerschemaSingleton/schemaSingleton]
08:05:26.364 DEBUG a.c.singleton.ClusterSingletonProxy - Singleton not available, buffering message type [kalix.runtime.SchemaSingleton$ExecDdl]
08:05:26.364 INFO  a.c.s.ClusterSingletonManager - Singleton manager starting singleton actor [akka://akka-runtime/system/singletonManagerschemaSingleton/schemaSingleton]
08:05:26.364 INFO  a.c.s.ClusterSingletonManager - ClusterSingletonManager state change [Start -> Oldest]
08:05:26.364 INFO  akka.javasdk.testkit.TestKit - Checking runtime status
08:05:26.431 DEBUG a.c.singleton.ClusterSingletonProxy - Trying to identify singleton at [akka://akka-runtime@127.0.0.1:62990/system/singletonManagerschemaSingleton/schemaSingleton]
08:05:26.431 INFO  a.c.singleton.ClusterSingletonProxy - Singleton identified at [akka://akka-runtime/system/singletonManagerschemaSingleton/schemaSingleton]
08:05:26.431 DEBUG a.c.singleton.ClusterSingletonProxy - Sending buffered messages to current singleton instance
08:05:26.432 INFO  a.c.s.typed.scaladsl.ClusterSharding - Starting Shard Region [passivation-race-entity]...
08:05:26.432 INFO  akka.cluster.sharding.ShardRegion - passivation-race-entity: Automatic entity passivation: composite strategy with limit of [10000] active entities, admission window (least recently used entities) with proportions [initial = 0.01, min = 0.01, max = 1.0] adapting with hill-climbing optimizer [adjust multiplier = 10.0, initial step = 0.0625, restart threshold = 0.05, step decay = 0.98], admit using frequency sketch [width multiplier = 4, reset multiplier = 10.0, depth = 4, counter bits = 4], main (least recently used entities (segmented with [2] levels with proportions of [0.20, 0.80]))
08:05:26.433 INFO  a.c.s.ClusterSingletonManager - Singleton manager starting singleton actor [akka://akka-runtime/system/sharding/passivation-race-entityCoordinator/singleton]
08:05:26.433 INFO  a.c.s.ClusterSingletonManager - ClusterSingletonManager state change [Start -> Oldest]
08:05:26.433 DEBUG a.c.sharding.DDataShardCoordinator - passivation-race-entity: Initial coordinator is empty.
08:05:26.433 INFO  a.c.sharding.DDataShardCoordinator - passivation-race-entity: ShardCoordinator was moved to the active state with [0] shards
08:05:26.434 DEBUG a.c.singleton.ClusterSingletonProxy - Forwarding message of type [SchemaSingleton$ExecDdl] to current singleton instance at [akka://akka-runtime/system/singletonManagerschemaSingleton/schemaSingleton]
08:05:26.435 INFO  akka.runtime.DiscoveryManager - Service components: EventSourcedEntity: [1], Consumer: [2], View: [1]
08:05:26.436 INFO  a.c.s.typed.scaladsl.ClusterSharding - Starting Shard Region [_timer]...
08:05:26.436 INFO  a.c.s.typed.scaladsl.ClusterSharding - Starting Shard Region [sharded-daemon-process-eventSourcedProjection-passivation-race-entity-passivation-race-consumer-a]...
08:05:26.436 INFO  akka.cluster.sharding.ShardRegion - sharded-daemon-process-eventSourcedProjection-passivation-race-entity-passivation-race-consumer-a: Automatic entity passivation: disabled
08:05:26.436 INFO  a.c.s.ClusterSingletonManager - Singleton manager starting singleton actor [akka://akka-runtime/system/sharding/_timerCoordinator/singleton]
08:05:26.436 INFO  a.c.s.ClusterSingletonManager - ClusterSingletonManager state change [Start -> Oldest]
08:05:26.437 DEBUG a.c.sharding.DDataShardCoordinator - _timer: Starting remember entities store from provider akka.cluster.sharding.internal.DDataRememberEntitiesProvider@32d61324
08:05:26.437 DEBUG a.c.singleton.ClusterSingletonProxy - Creating singleton identification timer...
08:05:26.437 DEBUG a.c.singleton.ClusterSingletonProxy - Trying to identify singleton at [akka://akka-runtime@127.0.0.1:62990/system/singletonManagerShardedDaemonProcessCoordinator-eventSourcedProjection-passivation-race-entity-passivation-race-consumer-a/ShardedDaemonProcessCoordinator-eventSourcedProjection-passivation-race-entity-passivation-race-consumer-a]
08:05:26.437 INFO  a.c.s.typed.scaladsl.ClusterSharding - Starting Shard Region [sharded-daemon-process-eventSourcedProjection-passivation-race-entity-passivation-race-consumer-b]...
08:05:26.437 DEBUG a.c.sharding.DDataShardCoordinator - _timer: Initial coordinator is empty.
08:05:26.437 INFO  a.c.sharding.DDataShardCoordinator - _timer: ShardCoordinator was moved to the active state with [0] shards
08:05:26.437 DEBUG a.c.sharding.DDataShardCoordinator - _timer: Received [0] remembered shard ids (after state initialized)
08:05:26.437 INFO  a.c.s.ClusterSingletonManager - Singleton manager starting singleton actor [akka://akka-runtime/system/sharding/sharded-daemon-process-eventSourcedProjection-passivation-race-entity-passivation-race-consumer-aCoordinator/singleton]
08:05:26.437 INFO  a.c.s.ClusterSingletonManager - Singleton manager starting singleton actor [akka://akka-runtime/system/singletonManagerShardedDaemonProcessCoordinator-eventSourcedProjection-passivation-race-entity-passivation-race-consumer-a/ShardedDaemonProcessCoordinator-eventSourcedProjection-passivation-race-entity-passivation-race-consumer-a]
08:05:26.437 INFO  a.c.s.ClusterSingletonManager - ClusterSingletonManager state change [Start -> Oldest]
08:05:26.437 INFO  a.c.s.ClusterSingletonManager - ClusterSingletonManager state change [Start -> Oldest]
08:05:26.437 INFO  akka.cluster.sharding.ShardRegion - sharded-daemon-process-eventSourcedProjection-passivation-race-entity-passivation-race-consumer-b: Automatic entity passivation: disabled
08:05:26.437 DEBUG a.c.s.t.i.ShardedDaemonProcessCoordinator$ - ShardedDaemonProcessCoordinator for [eventSourcedProjection-passivation-race-entity-passivation-race-consumer-a] starting
08:05:26.437 DEBUG a.c.sharding.DDataShardCoordinator - sharded-daemon-process-eventSourcedProjection-passivation-race-entity-passivation-race-consumer-a: Initial coordinator is empty.
08:05:26.437 INFO  a.c.sharding.DDataShardCoordinator - sharded-daemon-process-eventSourcedProjection-passivation-race-entity-passivation-race-consumer-a: ShardCoordinator was moved to the active state with [0] shards
08:05:26.437 DEBUG a.c.singleton.ClusterSingletonProxy - Creating singleton identification timer...
08:05:26.437 DEBUG a.c.singleton.ClusterSingletonProxy - Trying to identify singleton at [akka://akka-runtime@127.0.0.1:62990/system/singletonManagerShardedDaemonProcessCoordinator-eventSourcedProjection-passivation-race-entity-passivation-race-consumer-b/ShardedDaemonProcessCoordinator-eventSourcedProjection-passivation-race-entity-passivation-race-consumer-b]
08:05:26.437 DEBUG a.c.s.t.i.ShardedDaemonProcessCoordinator$ - eventSourcedProjection-passivation-race-entity-passivation-race-consumer-a: No previous state stored for Sharded Daemon Process
08:05:26.437 DEBUG a.c.s.t.i.ShardedDaemonProcessCoordinator$ - Sending periodic keep alive for Sharded Daemon Process [eventSourcedProjection-passivation-race-entity-passivation-race-consumer-a] to [1] processes (revision [0]).
08:05:26.437 INFO  a.c.s.ClusterSingletonManager - Singleton manager starting singleton actor [akka://akka-runtime/system/sharding/sharded-daemon-process-eventSourcedProjection-passivation-race-entity-passivation-race-consumer-bCoordinator/singleton]
08:05:26.437 INFO  a.c.s.typed.scaladsl.ClusterSharding - Starting Shard Region [sharded-daemon-process-eventSourcedProjection-passivation-race-entity-passivation-race-view]...
08:05:26.437 INFO  a.c.s.ClusterSingletonManager - ClusterSingletonManager state change [Start -> Oldest]
08:05:26.437 INFO  a.c.s.ClusterSingletonManager - Singleton manager starting singleton actor [akka://akka-runtime/system/singletonManagerShardedDaemonProcessCoordinator-eventSourcedProjection-passivation-race-entity-passivation-race-consumer-b/ShardedDaemonProcessCoordinator-eventSourcedProjection-passivation-race-entity-passivation-race-consumer-b]
08:05:26.437 INFO  a.c.s.ClusterSingletonManager - ClusterSingletonManager state change [Start -> Oldest]
08:05:26.437 DEBUG a.c.s.t.i.ShardedDaemonProcessCoordinator$ - ShardedDaemonProcessCoordinator for [eventSourcedProjection-passivation-race-entity-passivation-race-consumer-b] starting
08:05:26.437 INFO  akka.cluster.sharding.ShardRegion - sharded-daemon-process-eventSourcedProjection-passivation-race-entity-passivation-race-view: Automatic entity passivation: disabled
08:05:26.437 DEBUG a.c.sharding.DDataShardCoordinator - sharded-daemon-process-eventSourcedProjection-passivation-race-entity-passivation-race-consumer-b: Initial coordinator is empty.
08:05:26.437 INFO  a.c.sharding.DDataShardCoordinator - sharded-daemon-process-eventSourcedProjection-passivation-race-entity-passivation-race-consumer-b: ShardCoordinator was moved to the active state with [0] shards
08:05:26.438 DEBUG a.c.s.t.i.ShardedDaemonProcessCoordinator$ - eventSourcedProjection-passivation-race-entity-passivation-race-consumer-b: No previous state stored for Sharded Daemon Process
08:05:26.438 DEBUG a.c.s.t.i.ShardedDaemonProcessCoordinator$ - Sending periodic keep alive for Sharded Daemon Process [eventSourcedProjection-passivation-race-entity-passivation-race-consumer-b] to [1] processes (revision [0]).
08:05:26.438 DEBUG a.c.singleton.ClusterSingletonProxy - Creating singleton identification timer...
08:05:26.438 DEBUG a.c.singleton.ClusterSingletonProxy - Trying to identify singleton at [akka://akka-runtime@127.0.0.1:62990/system/singletonManagerShardedDaemonProcessCoordinator-eventSourcedProjection-passivation-race-entity-passivation-race-view/ShardedDaemonProcessCoordinator-eventSourcedProjection-passivation-race-entity-passivation-race-view]
08:05:26.438 INFO  a.c.s.ClusterSingletonManager - Singleton manager starting singleton actor [akka://akka-runtime/system/sharding/sharded-daemon-process-eventSourcedProjection-passivation-race-entity-passivation-race-viewCoordinator/singleton]
08:05:26.438 INFO  a.c.s.ClusterSingletonManager - ClusterSingletonManager state change [Start -> Oldest]
08:05:26.438 INFO  a.c.s.ClusterSingletonManager - Singleton manager starting singleton actor [akka://akka-runtime/system/singletonManagerShardedDaemonProcessCoordinator-eventSourcedProjection-passivation-race-entity-passivation-race-view/ShardedDaemonProcessCoordinator-eventSourcedProjection-passivation-race-entity-passivation-race-view]
08:05:26.438 INFO  a.c.s.ClusterSingletonManager - ClusterSingletonManager state change [Start -> Oldest]
08:05:26.438 DEBUG a.c.sharding.DDataShardCoordinator - sharded-daemon-process-eventSourcedProjection-passivation-race-entity-passivation-race-view: Initial coordinator is empty.
08:05:26.438 INFO  a.c.sharding.DDataShardCoordinator - sharded-daemon-process-eventSourcedProjection-passivation-race-entity-passivation-race-view: ShardCoordinator was moved to the active state with [0] shards
08:05:26.438 DEBUG a.c.s.t.i.ShardedDaemonProcessCoordinator$ - ShardedDaemonProcessCoordinator for [eventSourcedProjection-passivation-race-entity-passivation-race-view] starting
08:05:26.438 DEBUG a.c.s.t.i.ShardedDaemonProcessCoordinator$ - eventSourcedProjection-passivation-race-entity-passivation-race-view: No previous state stored for Sharded Daemon Process
08:05:26.438 INFO  akka.runtime.DiscoveryManager - Akka Runtime started at 127.0.0.1:62988
08:05:26.438 DEBUG a.c.s.t.i.ShardedDaemonProcessCoordinator$ - Sending periodic keep alive for Sharded Daemon Process [eventSourcedProjection-passivation-race-entity-passivation-race-view] to [1] processes (revision [0]).
08:05:26.438 INFO  repro.Bootstrap - onStartup burst of 8 starting
08:05:26.483 INFO  akka.javasdk.testkit.TestKit - Runtime started
08:05:26.484 INFO  akka.actor.CoordinatedShutdown - Running CoordinatedShutdown with reason [ActorSystemTerminateReason]
08:05:26.484 DEBUG akka.actor.CoordinatedShutdown - Performing phase [before-service-unbind] with [0] tasks
08:05:26.484 DEBUG akka.actor.CoordinatedShutdown - Performing phase [service-unbind] with [1] tasks.
08:05:26.484 DEBUG akka.actor.CoordinatedShutdown - Performing task [http-unbind-/127.0.0.1:62988] in CoordinatedShutdown phase [service-unbind]
08:05:26.484 DEBUG akka.actor.CoordinatedShutdown - Performing phase [service-requests-done] with [1] tasks.
08:05:26.484 DEBUG akka.actor.CoordinatedShutdown - Performing task [http-terminate-/127.0.0.1:62988] in CoordinatedShutdown phase [service-requests-done]
08:05:26.484 DEBUG akka.actor.CoordinatedShutdown - Performing phase [service-stop] with [1] tasks.
08:05:26.484 DEBUG akka.actor.CoordinatedShutdown - Performing task [stop-grpc-clients] in CoordinatedShutdown phase [service-stop]
08:05:26.484 DEBUG akka.actor.CoordinatedShutdown - Performing phase [before-cluster-shutdown] with [0] tasks
08:05:26.484 DEBUG akka.actor.CoordinatedShutdown - Performing phase [cluster-sharding-shutdown-region] with [5] tasks.
08:05:26.484 DEBUG akka.actor.CoordinatedShutdown - Performing task [region-shutdown] in CoordinatedShutdown phase [cluster-sharding-shutdown-region]
08:05:26.484 DEBUG akka.actor.CoordinatedShutdown - Performing task [region-shutdown] in CoordinatedShutdown phase [cluster-sharding-shutdown-region]
08:05:26.484 DEBUG akka.actor.CoordinatedShutdown - Performing task [region-shutdown] in CoordinatedShutdown phase [cluster-sharding-shutdown-region]
08:05:26.484 DEBUG akka.actor.CoordinatedShutdown - Performing task [region-shutdown] in CoordinatedShutdown phase [cluster-sharding-shutdown-region]
08:05:26.484 DEBUG akka.actor.CoordinatedShutdown - Performing task [region-shutdown] in CoordinatedShutdown phase [cluster-sharding-shutdown-region]
08:05:26.484 DEBUG a.c.sharding.DDataShardCoordinator - sharded-daemon-process-eventSourcedProjection-passivation-race-entity-passivation-race-consumer-a: Unknown region requested graceful shutdown [Actor[akka://akka-runtime/system/sharding/sharded-daemon-process-eventSourcedProjection-passivation-race-entity-passivation-race-consumer-a#-674584668]]
08:05:26.484 DEBUG a.c.sharding.DDataShardCoordinator - passivation-race-entity: Unknown region requested graceful shutdown [Actor[akka://akka-runtime/system/sharding/passivation-race-entity#59535500]]
08:05:26.484 DEBUG a.c.sharding.DDataShardCoordinator - _timer: Unknown region requested graceful shutdown [Actor[akka://akka-runtime/system/sharding/_timer#-805316876]]
08:05:26.484 DEBUG a.c.sharding.DDataShardCoordinator - sharded-daemon-process-eventSourcedProjection-passivation-race-entity-passivation-race-consumer-b: Unknown region requested graceful shutdown [Actor[akka://akka-runtime/system/sharding/sharded-daemon-process-eventSourcedProjection-passivation-race-entity-passivation-race-consumer-b#-1698714323]]
08:05:26.484 DEBUG a.c.sharding.DDataShardCoordinator - sharded-daemon-process-eventSourcedProjection-passivation-race-entity-passivation-race-view: Unknown region requested graceful shutdown [Actor[akka://akka-runtime/system/sharding/sharded-daemon-process-eventSourcedProjection-passivation-race-entity-passivation-race-view#198404440]]
08:05:26.501 DEBUG a.c.singleton.ClusterSingletonProxy - Trying to identify singleton at [akka://akka-runtime@127.0.0.1:62990/system/singletonManagerShardedDaemonProcessCoordinator-eventSourcedProjection-passivation-race-entity-passivation-race-consumer-a/ShardedDaemonProcessCoordinator-eventSourcedProjection-passivation-race-entity-passivation-race-consumer-a]
08:05:26.501 DEBUG a.c.singleton.ClusterSingletonProxy - Trying to identify singleton at [akka://akka-runtime@127.0.0.1:62990/system/singletonManagerShardedDaemonProcessCoordinator-eventSourcedProjection-passivation-race-entity-passivation-race-consumer-b/ShardedDaemonProcessCoordinator-eventSourcedProjection-passivation-race-entity-passivation-race-consumer-b]
08:05:26.501 DEBUG a.c.singleton.ClusterSingletonProxy - Trying to identify singleton at [akka://akka-runtime@127.0.0.1:62990/system/singletonManagerShardedDaemonProcessCoordinator-eventSourcedProjection-passivation-race-entity-passivation-race-view/ShardedDaemonProcessCoordinator-eventSourcedProjection-passivation-race-entity-passivation-race-view]
08:05:26.501 INFO  a.c.singleton.ClusterSingletonProxy - Singleton identified at [akka://akka-runtime/system/singletonManagerShardedDaemonProcessCoordinator-eventSourcedProjection-passivation-race-entity-passivation-race-view/ShardedDaemonProcessCoordinator-eventSourcedProjection-passivation-race-entity-passivation-race-view]
08:05:26.501 INFO  a.c.singleton.ClusterSingletonProxy - Singleton identified at [akka://akka-runtime/system/singletonManagerShardedDaemonProcessCoordinator-eventSourcedProjection-passivation-race-entity-passivation-race-consumer-a/ShardedDaemonProcessCoordinator-eventSourcedProjection-passivation-race-entity-passivation-race-consumer-a]
08:05:26.501 DEBUG a.c.singleton.ClusterSingletonProxy - Sending buffered messages to current singleton instance
08:05:26.501 DEBUG a.c.singleton.ClusterSingletonProxy - Sending buffered messages to current singleton instance
08:05:26.501 INFO  a.c.singleton.ClusterSingletonProxy - Singleton identified at [akka://akka-runtime/system/singletonManagerShardedDaemonProcessCoordinator-eventSourcedProjection-passivation-race-entity-passivation-race-consumer-b/ShardedDaemonProcessCoordinator-eventSourcedProjection-passivation-race-entity-passivation-race-consumer-b]
08:05:26.501 DEBUG a.c.singleton.ClusterSingletonProxy - Sending buffered messages to current singleton instance
08:05:26.702 DEBUG a.c.sharding.DDataShardCoordinator - sharded-daemon-process-eventSourcedProjection-passivation-race-entity-passivation-race-consumer-b: ShardRegion registered: [Actor[akka://akka-runtime/system/sharding/sharded-daemon-process-eventSourcedProjection-passivation-race-entity-passivation-race-consumer-b#-1698714323]]
08:05:26.702 DEBUG a.c.sharding.DDataShardCoordinator - passivation-race-entity: ShardRegion registered: [Actor[akka://akka-runtime/system/sharding/passivation-race-entity#59535500]]
08:05:26.702 DEBUG a.c.sharding.DDataShardCoordinator - sharded-daemon-process-eventSourcedProjection-passivation-race-entity-passivation-race-view: ShardRegion registered: [Actor[akka://akka-runtime/system/sharding/sharded-daemon-process-eventSourcedProjection-passivation-race-entity-passivation-race-view#198404440]]
08:05:26.702 DEBUG a.c.sharding.DDataShardCoordinator - sharded-daemon-process-eventSourcedProjection-passivation-race-entity-passivation-race-consumer-a: ShardRegion registered: [Actor[akka://akka-runtime/system/sharding/sharded-daemon-process-eventSourcedProjection-passivation-race-entity-passivation-race-consumer-a#-674584668]]
08:05:26.703 DEBUG a.c.sharding.DDataShardCoordinator - sharded-daemon-process-eventSourcedProjection-passivation-race-entity-passivation-race-consumer-a: The coordinator state was successfully updated with ShardRegionRegistered(Actor[akka://akka-runtime/system/sharding/sharded-daemon-process-eventSourcedProjection-passivation-race-entity-passivation-race-consumer-a#-674584668])
08:05:26.703 DEBUG a.c.sharding.DDataShardCoordinator - sharded-daemon-process-eventSourcedProjection-passivation-race-entity-passivation-race-view: The coordinator state was successfully updated with ShardRegionRegistered(Actor[akka://akka-runtime/system/sharding/sharded-daemon-process-eventSourcedProjection-passivation-race-entity-passivation-race-view#198404440])
08:05:26.703 DEBUG a.c.sharding.DDataShardCoordinator - sharded-daemon-process-eventSourcedProjection-passivation-race-entity-passivation-race-consumer-b: The coordinator state was successfully updated with ShardRegionRegistered(Actor[akka://akka-runtime/system/sharding/sharded-daemon-process-eventSourcedProjection-passivation-race-entity-passivation-race-consumer-b#-1698714323])
08:05:26.703 DEBUG a.c.sharding.DDataShardCoordinator - passivation-race-entity: The coordinator state was successfully updated with ShardRegionRegistered(Actor[akka://akka-runtime/system/sharding/passivation-race-entity#59535500])
08:05:26.703 DEBUG a.c.sharding.DDataShardCoordinator - sharded-daemon-process-eventSourcedProjection-passivation-race-entity-passivation-race-view: The coordinator state was successfully updated with ShardHomeAllocated(0,Actor[akka://akka-runtime/system/sharding/sharded-daemon-process-eventSourcedProjection-passivation-race-entity-passivation-race-view#198404440])
08:05:26.703 DEBUG a.c.sharding.DDataShardCoordinator - sharded-daemon-process-eventSourcedProjection-passivation-race-entity-passivation-race-consumer-a: The coordinator state was successfully updated with ShardHomeAllocated(0,Actor[akka://akka-runtime/system/sharding/sharded-daemon-process-eventSourcedProjection-passivation-race-entity-passivation-race-consumer-a#-674584668])
08:05:26.703 DEBUG a.c.sharding.DDataShardCoordinator - sharded-daemon-process-eventSourcedProjection-passivation-race-entity-passivation-race-consumer-b: The coordinator state was successfully updated with ShardHomeAllocated(0,Actor[akka://akka-runtime/system/sharding/sharded-daemon-process-eventSourcedProjection-passivation-race-entity-passivation-race-consumer-b#-1698714323])
08:05:26.703 DEBUG a.c.sharding.DDataShardCoordinator - passivation-race-entity: The coordinator state was successfully updated with ShardHomeAllocated(555,Actor[akka://akka-runtime/system/sharding/passivation-race-entity#59535500])
08:05:26.703 DEBUG a.c.sharding.DDataShardCoordinator - sharded-daemon-process-eventSourcedProjection-passivation-race-entity-passivation-race-view: Shard [0] allocated at [Actor[akka://akka-runtime/system/sharding/sharded-daemon-process-eventSourcedProjection-passivation-race-entity-passivation-race-view#198404440]]
08:05:26.703 DEBUG a.c.sharding.DDataShardCoordinator - sharded-daemon-process-eventSourcedProjection-passivation-race-entity-passivation-race-consumer-a: Shard [0] allocated at [Actor[akka://akka-runtime/system/sharding/sharded-daemon-process-eventSourcedProjection-passivation-race-entity-passivation-race-consumer-a#-674584668]]
08:05:26.703 DEBUG a.c.sharding.DDataShardCoordinator - sharded-daemon-process-eventSourcedProjection-passivation-race-entity-passivation-race-consumer-b: Shard [0] allocated at [Actor[akka://akka-runtime/system/sharding/sharded-daemon-process-eventSourcedProjection-passivation-race-entity-passivation-race-consumer-b#-1698714323]]
08:05:26.704 DEBUG a.c.sharding.DDataShardCoordinator - passivation-race-entity: Shard [555] allocated at [Actor[akka://akka-runtime/system/sharding/passivation-race-entity#59535500]]
08:05:26.704 DEBUG a.c.sharding.DDataShardCoordinator - sharded-daemon-process-eventSourcedProjection-passivation-race-entity-passivation-race-consumer-a: Graceful shutdown of region [Actor[akka://akka-runtime/system/sharding/sharded-daemon-process-eventSourcedProjection-passivation-race-entity-passivation-race-consumer-a#-674584668]] with [1] shards
08:05:26.704 INFO  a.c.sharding.DDataShardCoordinator - sharded-daemon-process-eventSourcedProjection-passivation-race-entity-passivation-race-consumer-a: Starting shutting down shards [0] due to region shutting down or explicit stopping of shards.
08:05:26.704 DEBUG a.c.sharding.DDataShardCoordinator - passivation-race-entity: Graceful shutdown of region [Actor[akka://akka-runtime/system/sharding/passivation-race-entity#59535500]] with [1] shards
08:05:26.704 INFO  a.c.sharding.DDataShardCoordinator - passivation-race-entity: Starting shutting down shards [555] due to region shutting down or explicit stopping of shards.
08:05:26.704 DEBUG a.c.s.ShardCoordinator$RebalanceWorker - sharded-daemon-process-eventSourcedProjection-passivation-race-entity-passivation-race-consumer-a: Shutting down shard [0] from region [Actor[akka://akka-runtime/system/sharding/sharded-daemon-process-eventSourcedProjection-passivation-race-entity-passivation-race-consumer-a#-674584668]]. Asking [1] region(s) to hand-off shard
08:05:26.704 DEBUG akka.cluster.sharding.Shard - sharded-daemon-process-eventSourcedProjection-passivation-race-entity-passivation-race-consumer-b: Shard initialized
08:05:26.704 DEBUG a.c.s.ShardCoordinator$RebalanceWorker - passivation-race-entity: Shutting down shard [555] from region [Actor[akka://akka-runtime/system/sharding/passivation-race-entity#59535500]]. Asking [1] region(s) to hand-off shard
08:05:26.704 DEBUG akka.cluster.sharding.Shard - sharded-daemon-process-eventSourcedProjection-passivation-race-entity-passivation-race-consumer-a: Shard initialized
08:05:26.704 DEBUG a.c.s.ShardCoordinator$RebalanceWorker - passivation-race-entity: BeginHandOffAck for shard [555] received from [Actor[akka://akka-runtime/system/sharding/passivation-race-entity#59535500]].
08:05:26.704 DEBUG a.c.s.ShardCoordinator$RebalanceWorker - passivation-race-entity: All shard regions acked, handing off shard [555].
08:05:26.704 DEBUG akka.cluster.sharding.Shard - sharded-daemon-process-eventSourcedProjection-passivation-race-entity-passivation-race-consumer-b: Request to start entity [0] and ack to [Some(Actor[akka://akka-runtime/deadLetters])]
08:05:26.704 DEBUG a.c.s.ShardCoordinator$RebalanceWorker - sharded-daemon-process-eventSourcedProjection-passivation-race-entity-passivation-race-consumer-a: BeginHandOffAck for shard [0] received from [Actor[akka://akka-runtime/system/sharding/sharded-daemon-process-eventSourcedProjection-passivation-race-entity-passivation-race-consumer-a#-674584668]].
08:05:26.704 DEBUG a.c.s.ShardCoordinator$RebalanceWorker - sharded-daemon-process-eventSourcedProjection-passivation-race-entity-passivation-race-consumer-a: All shard regions acked, handing off shard [0].
08:05:26.704 DEBUG akka.cluster.sharding.Shard - sharded-daemon-process-eventSourcedProjection-passivation-race-entity-passivation-race-consumer-a: Request to start entity [0] and ack to [Some(Actor[akka://akka-runtime/deadLetters])]
08:05:26.705 DEBUG a.c.s.t.i.ShardedDaemonProcessState$ - eventSourcedProjection-passivation-race-entity-passivation-race-consumer-a: Deferred start of worker to verify its revision [0] is the latest
08:05:26.705 DEBUG a.c.s.t.i.ShardedDaemonProcessState$ - eventSourcedProjection-passivation-race-entity-passivation-race-consumer-b: Deferred start of worker to verify its revision [0] is the latest
08:05:26.705 WARN  akka.cluster.sharding.ShardRegion - passivation-race-entity: Dropping [1] buffered messages to shard [555] during hand off to avoid re-ordering
08:05:26.705 DEBUG akka.cluster.sharding.Shard - sharded-daemon-process-eventSourcedProjection-passivation-race-entity-passivation-race-consumer-b: Started entity [Actor[akka://akka-runtime/system/sharding/sharded-daemon-process-eventSourcedProjection-passivation-race-entity-passivation-race-consumer-b/0/0#-1511719911]] with entity id [0] in shard [0]
08:05:26.705 DEBUG akka.cluster.sharding.Shard - sharded-daemon-process-eventSourcedProjection-passivation-race-entity-passivation-race-consumer-a: Started entity [Actor[akka://akka-runtime/system/sharding/sharded-daemon-process-eventSourcedProjection-passivation-race-entity-passivation-race-consumer-a/0/0#-1343973348]] with entity id [0] in shard [0]
08:05:26.705 DEBUG akka.cluster.sharding.Shard - passivation-race-entity: Shard initialized
08:05:26.705 DEBUG akka.cluster.sharding.Shard - sharded-daemon-process-eventSourcedProjection-passivation-race-entity-passivation-race-view: Shard initialized
08:05:26.705 DEBUG akka.cluster.sharding.Shard - passivation-race-entity: HandOff shard [555]
08:05:26.705 DEBUG akka.cluster.sharding.Shard - sharded-daemon-process-eventSourcedProjection-passivation-race-entity-passivation-race-view: Request to start entity [0] and ack to [Some(Actor[akka://akka-runtime/deadLetters])]
08:05:26.705 DEBUG akka.cluster.sharding.Shard - passivation-race-entity: Shard [555] shutting down
08:05:26.705 DEBUG akka.cluster.sharding.Shard - sharded-daemon-process-eventSourcedProjection-passivation-race-entity-passivation-race-view: Started entity [Actor[akka://akka-runtime/system/sharding/sharded-daemon-process-eventSourcedProjection-passivation-race-entity-passivation-race-view/0/0#38969655]] with entity id [0] in shard [0]
08:05:26.705 DEBUG a.c.sharding.DDataShardCoordinator - passivation-race-entity: ShardRegion stopped: [Actor[akka://akka-runtime/system/sharding/passivation-race-entity#59535500]]
08:05:26.705 DEBUG a.c.sharding.DDataShardCoordinator - passivation-race-entity: ShardRegion terminated (gracefully): [Actor[akka://akka-runtime/system/sharding/passivation-race-entity#59535500]] {}
08:05:26.705 DEBUG akka.cluster.sharding.Shard - sharded-daemon-process-eventSourcedProjection-passivation-race-entity-passivation-race-consumer-a: HandOff shard [0]
08:05:26.705 DEBUG akka.cluster.sharding.Shard - sharded-daemon-process-eventSourcedProjection-passivation-race-entity-passivation-race-consumer-a: Starting HandOffStopper for shard [0] to terminate [1] entities.
08:05:26.705 DEBUG a.c.sharding.DDataShardCoordinator - passivation-race-entity: GetShardHome [555] request from [Actor[akka://local/ignore]] deferred, because rebalance is in progress for this shard. It will be handled when rebalance is done.
08:05:26.705 INFO  a.c.s.t.i.ShardedDaemonProcessState$ - eventSourcedProjection-passivation-race-entity-passivation-race-consumer-b: Starting Sharded Daemon Process [0] out of a total [1] (revision [0] and no state found)
08:05:26.705 INFO  a.c.s.t.i.ShardedDaemonProcessState$ - eventSourcedProjection-passivation-race-entity-passivation-race-consumer-a: Starting Sharded Daemon Process [0] out of a total [1] (revision [0] and no state found)
08:05:26.705 DEBUG a.c.s.t.i.ShardedDaemonProcessState$ - eventSourcedProjection-passivation-race-entity-passivation-race-view: Deferred start of worker to verify its revision [0] is the latest
08:05:26.706 INFO  a.c.s.t.i.ShardedDaemonProcessState$ - eventSourcedProjection-passivation-race-entity-passivation-race-view: Starting Sharded Daemon Process [0] out of a total [1] (revision [0] and no state found)
08:05:26.705 DEBUG a.c.sharding.DDataShardCoordinator - passivation-race-entity: The coordinator state was successfully updated with ShardRegionTerminated(Actor[akka://akka-runtime/system/sharding/passivation-race-entity#59535500])
08:05:26.706 DEBUG a.c.sharding.DDataShardCoordinator - passivation-race-entity: Shard [555] deallocation completed successfully.
08:05:26.706 DEBUG a.c.sharding.DDataShardCoordinator - sharded-daemon-process-eventSourcedProjection-passivation-race-entity-passivation-race-consumer-b: Graceful shutdown of region [Actor[akka://akka-runtime/system/sharding/sharded-daemon-process-eventSourcedProjection-passivation-race-entity-passivation-race-consumer-b#-1698714323]] with [1] shards
08:05:26.706 INFO  a.c.sharding.DDataShardCoordinator - sharded-daemon-process-eventSourcedProjection-passivation-race-entity-passivation-race-consumer-b: Starting shutting down shards [0] due to region shutting down or explicit stopping of shards.
08:05:26.706 DEBUG a.c.s.ShardCoordinator$RebalanceWorker - sharded-daemon-process-eventSourcedProjection-passivation-race-entity-passivation-race-consumer-b: Shutting down shard [0] from region [Actor[akka://akka-runtime/system/sharding/sharded-daemon-process-eventSourcedProjection-passivation-race-entity-passivation-race-consumer-b#-1698714323]]. Asking [1] region(s) to hand-off shard
08:05:26.706 DEBUG a.c.s.ShardCoordinator$RebalanceWorker - sharded-daemon-process-eventSourcedProjection-passivation-race-entity-passivation-race-consumer-b: BeginHandOffAck for shard [0] received from [Actor[akka://akka-runtime/system/sharding/sharded-daemon-process-eventSourcedProjection-passivation-race-entity-passivation-race-consumer-b#-1698714323]].
08:05:26.706 DEBUG a.c.s.ShardCoordinator$RebalanceWorker - sharded-daemon-process-eventSourcedProjection-passivation-race-entity-passivation-race-consumer-b: All shard regions acked, handing off shard [0].
08:05:26.706 DEBUG akka.cluster.sharding.Shard - sharded-daemon-process-eventSourcedProjection-passivation-race-entity-passivation-race-consumer-b: HandOff shard [0]
08:05:26.706 DEBUG akka.cluster.sharding.Shard - sharded-daemon-process-eventSourcedProjection-passivation-race-entity-passivation-race-consumer-b: Starting HandOffStopper for shard [0] to terminate [1] entities.
08:05:26.706 DEBUG a.c.sharding.DDataShardCoordinator - sharded-daemon-process-eventSourcedProjection-passivation-race-entity-passivation-race-view: Graceful shutdown of region [Actor[akka://akka-runtime/system/sharding/sharded-daemon-process-eventSourcedProjection-passivation-race-entity-passivation-race-view#198404440]] with [1] shards
08:05:26.706 INFO  a.c.sharding.DDataShardCoordinator - sharded-daemon-process-eventSourcedProjection-passivation-race-entity-passivation-race-view: Starting shutting down shards [0] due to region shutting down or explicit stopping of shards.
08:05:26.706 DEBUG a.c.s.ShardCoordinator$RebalanceWorker - sharded-daemon-process-eventSourcedProjection-passivation-race-entity-passivation-race-view: Shutting down shard [0] from region [Actor[akka://akka-runtime/system/sharding/sharded-daemon-process-eventSourcedProjection-passivation-race-entity-passivation-race-view#198404440]]. Asking [1] region(s) to hand-off shard
08:05:26.706 DEBUG a.c.s.ShardCoordinator$RebalanceWorker - sharded-daemon-process-eventSourcedProjection-passivation-race-entity-passivation-race-view: BeginHandOffAck for shard [0] received from [Actor[akka://akka-runtime/system/sharding/sharded-daemon-process-eventSourcedProjection-passivation-race-entity-passivation-race-view#198404440]].
08:05:26.706 DEBUG a.c.s.ShardCoordinator$RebalanceWorker - sharded-daemon-process-eventSourcedProjection-passivation-race-entity-passivation-race-view: All shard regions acked, handing off shard [0].
08:05:26.706 DEBUG akka.cluster.sharding.Shard - sharded-daemon-process-eventSourcedProjection-passivation-race-entity-passivation-race-view: HandOff shard [0]
08:05:26.706 DEBUG akka.cluster.sharding.Shard - sharded-daemon-process-eventSourcedProjection-passivation-race-entity-passivation-race-view: Starting HandOffStopper for shard [0] to terminate [1] entities.
08:05:26.709 DEBUG a.c.sharding.DDataShardCoordinator - sharded-daemon-process-eventSourcedProjection-passivation-race-entity-passivation-race-consumer-b: Shard [0] deallocation completed successfully.
08:05:26.709 DEBUG akka.cluster.sharding.Shard - sharded-daemon-process-eventSourcedProjection-passivation-race-entity-passivation-race-consumer-b: Shard [0] shutting down
08:05:26.709 DEBUG a.c.sharding.DDataShardCoordinator - sharded-daemon-process-eventSourcedProjection-passivation-race-entity-passivation-race-consumer-b: The coordinator state was successfully updated with ShardHomeDeallocated(0)
08:05:26.709 DEBUG a.c.sharding.DDataShardCoordinator - sharded-daemon-process-eventSourcedProjection-passivation-race-entity-passivation-race-consumer-b: Shard [0] deallocated after
08:05:26.709 DEBUG a.c.sharding.DDataShardCoordinator - sharded-daemon-process-eventSourcedProjection-passivation-race-entity-passivation-race-consumer-b: ShardRegion terminated (gracefully): [Actor[akka://akka-runtime/system/sharding/sharded-daemon-process-eventSourcedProjection-passivation-race-entity-passivation-race-consumer-b#-1698714323]] {}
08:05:26.710 DEBUG a.c.sharding.DDataShardCoordinator - sharded-daemon-process-eventSourcedProjection-passivation-race-entity-passivation-race-consumer-b: GetShardHome [0] request from [Actor[akka://local/ignore]] stashed, because waiting for initial state or update of state. It will be handled afterwards.
08:05:26.710 DEBUG a.c.sharding.DDataShardCoordinator - sharded-daemon-process-eventSourcedProjection-passivation-race-entity-passivation-race-consumer-b: The coordinator state was successfully updated with ShardRegionTerminated(Actor[akka://akka-runtime/system/sharding/sharded-daemon-process-eventSourcedProjection-passivation-race-entity-passivation-race-consumer-b#-1698714323])
08:05:26.710 DEBUG a.c.sharding.DDataShardCoordinator - sharded-daemon-process-eventSourcedProjection-passivation-race-entity-passivation-race-consumer-b: ShardRegion stopped: [Actor[akka://akka-runtime/system/sharding/sharded-daemon-process-eventSourcedProjection-passivation-race-entity-passivation-race-consumer-b#-1698714323]]
08:05:27.470 WARN  a.c.s.ShardRegion$HandOffStopper - sharded-daemon-process-eventSourcedProjection-passivation-race-entity-passivation-race-view: [1] of the entities in shard [0] not stopped after [750 milliseconds]. Maybe the handOffStopMessage [akka.projection.ProjectionBehavior$Stop$] is not handled? Waiting additional [250 milliseconds] before stopping the remaining entities.
08:05:27.470 WARN  a.c.s.ShardRegion$HandOffStopper - sharded-daemon-process-eventSourcedProjection-passivation-race-entity-passivation-race-consumer-a: [1] of the entities in shard [0] not stopped after [750 milliseconds]. Maybe the handOffStopMessage [akka.projection.ProjectionBehavior$Stop$] is not handled? Waiting additional [250 milliseconds] before stopping the remaining entities.
08:05:27.721 WARN  a.c.s.ShardRegion$HandOffStopper - sharded-daemon-process-eventSourcedProjection-passivation-race-entity-passivation-race-view: HandOffStopMessage [akka.projection.ProjectionBehavior$Stop$] is not handled by some of the entities in shard [0] after [1 second], stopping the remaining [1] entities.
08:05:27.721 WARN  a.c.s.ShardRegion$HandOffStopper - sharded-daemon-process-eventSourcedProjection-passivation-race-entity-passivation-race-consumer-a: HandOffStopMessage [akka.projection.ProjectionBehavior$Stop$] is not handled by some of the entities in shard [0] after [1 second], stopping the remaining [1] entities.
08:05:27.721 DEBUG akka.cluster.sharding.Shard - sharded-daemon-process-eventSourcedProjection-passivation-race-entity-passivation-race-view: Shard [0] shutting down
08:05:27.721 DEBUG akka.cluster.sharding.Shard - sharded-daemon-process-eventSourcedProjection-passivation-race-entity-passivation-race-consumer-a: Shard [0] shutting down
08:05:27.721 DEBUG a.c.sharding.DDataShardCoordinator - sharded-daemon-process-eventSourcedProjection-passivation-race-entity-passivation-race-view: Shard [0] deallocation completed successfully.
08:05:27.721 DEBUG a.c.sharding.DDataShardCoordinator - sharded-daemon-process-eventSourcedProjection-passivation-race-entity-passivation-race-consumer-a: Shard [0] deallocation completed successfully.
08:05:27.721 DEBUG akka.actor.CoordinatedShutdown - Performing phase [cluster-leave] with [1] tasks.
08:05:27.721 DEBUG akka.actor.CoordinatedShutdown - Performing task [leave] in CoordinatedShutdown phase [cluster-leave]
08:05:27.722 DEBUG a.c.sharding.DDataShardCoordinator - sharded-daemon-process-eventSourcedProjection-passivation-race-entity-passivation-race-view: The coordinator state was successfully updated with ShardHomeDeallocated(0)
08:05:27.722 DEBUG a.c.sharding.DDataShardCoordinator - sharded-daemon-process-eventSourcedProjection-passivation-race-entity-passivation-race-view: Shard [0] deallocated after
08:05:27.722 DEBUG a.c.sharding.DDataShardCoordinator - sharded-daemon-process-eventSourcedProjection-passivation-race-entity-passivation-race-consumer-a: The coordinator state was successfully updated with ShardHomeDeallocated(0)
08:05:27.722 DEBUG a.c.sharding.DDataShardCoordinator - sharded-daemon-process-eventSourcedProjection-passivation-race-entity-passivation-race-consumer-a: Shard [0] deallocated after
08:05:27.722 DEBUG a.c.sharding.DDataShardCoordinator - sharded-daemon-process-eventSourcedProjection-passivation-race-entity-passivation-race-view: ShardRegion terminated (gracefully): [Actor[akka://akka-runtime/system/sharding/sharded-daemon-process-eventSourcedProjection-passivation-race-entity-passivation-race-view#198404440]] {}
08:05:27.722 DEBUG a.c.sharding.DDataShardCoordinator - sharded-daemon-process-eventSourcedProjection-passivation-race-entity-passivation-race-consumer-a: ShardRegion terminated (gracefully): [Actor[akka://akka-runtime/system/sharding/sharded-daemon-process-eventSourcedProjection-passivation-race-entity-passivation-race-consumer-a#-674584668]] {}
08:05:27.722 DEBUG a.c.sharding.DDataShardCoordinator - sharded-daemon-process-eventSourcedProjection-passivation-race-entity-passivation-race-view: GetShardHome [0] request from [Actor[akka://local/ignore]] stashed, because waiting for initial state or update of state. It will be handled afterwards.
08:05:27.722 DEBUG a.c.sharding.DDataShardCoordinator - sharded-daemon-process-eventSourcedProjection-passivation-race-entity-passivation-race-consumer-a: GetShardHome [0] request from [Actor[akka://local/ignore]] stashed, because waiting for initial state or update of state. It will be handled afterwards.
08:05:27.722 DEBUG akka.actor.CoordinatedShutdown - Performing phase [cluster-exiting] with [28] tasks.
08:05:27.722 DEBUG akka.actor.CoordinatedShutdown - Performing task [wait-singleton-exiting] in CoordinatedShutdown phase [cluster-exiting]
08:05:27.722 DEBUG akka.actor.CoordinatedShutdown - Performing task [singleton-exiting-1] in CoordinatedShutdown phase [cluster-exiting]
08:05:27.722 DEBUG akka.actor.CoordinatedShutdown - Performing task [wait-singleton-exiting] in CoordinatedShutdown phase [cluster-exiting]
08:05:27.722 DEBUG akka.actor.CoordinatedShutdown - Performing task [singleton-exiting-1] in CoordinatedShutdown phase [cluster-exiting]
08:05:27.722 DEBUG akka.actor.CoordinatedShutdown - Performing task [singleton-exiting-2] in CoordinatedShutdown phase [cluster-exiting]
08:05:27.722 DEBUG akka.actor.CoordinatedShutdown - Performing task [wait-singleton-exiting] in CoordinatedShutdown phase [cluster-exiting]
08:05:27.722 DEBUG akka.actor.CoordinatedShutdown - Performing task [singleton-exiting-2] in CoordinatedShutdown phase [cluster-exiting]
08:05:27.722 DEBUG akka.actor.CoordinatedShutdown - Performing task [wait-singleton-exiting] in CoordinatedShutdown phase [cluster-exiting]
08:05:27.722 DEBUG akka.actor.CoordinatedShutdown - Performing task [singleton-exiting-1] in CoordinatedShutdown phase [cluster-exiting]
08:05:27.722 DEBUG akka.actor.CoordinatedShutdown - Performing task [wait-singleton-exiting] in CoordinatedShutdown phase [cluster-exiting]
08:05:27.722 DEBUG akka.actor.CoordinatedShutdown - Performing task [singleton-exiting-1] in CoordinatedShutdown phase [cluster-exiting]
08:05:27.722 DEBUG akka.actor.CoordinatedShutdown - Performing task [singleton-exiting-2] in CoordinatedShutdown phase [cluster-exiting]
08:05:27.722 DEBUG akka.actor.CoordinatedShutdown - Performing task [singleton-exiting-1] in CoordinatedShutdown phase [cluster-exiting]
08:05:27.722 DEBUG akka.actor.CoordinatedShutdown - Performing task [wait-exiting] in CoordinatedShutdown phase [cluster-exiting]
08:05:27.722 DEBUG akka.actor.CoordinatedShutdown - Performing task [singleton-exiting-2] in CoordinatedShutdown phase [cluster-exiting]
08:05:27.722 DEBUG akka.actor.CoordinatedShutdown - Performing task [singleton-exiting-1] in CoordinatedShutdown phase [cluster-exiting]
08:05:27.722 DEBUG akka.actor.CoordinatedShutdown - Performing task [wait-singleton-exiting] in CoordinatedShutdown phase [cluster-exiting]
08:05:27.722 DEBUG akka.actor.CoordinatedShutdown - Performing task [singleton-exiting-2] in CoordinatedShutdown phase [cluster-exiting]
08:05:27.722 DEBUG a.c.sharding.DDataShardCoordinator - sharded-daemon-process-eventSourcedProjection-passivation-race-entity-passivation-race-consumer-a: The coordinator state was successfully updated with ShardRegionTerminated(Actor[akka://akka-runtime/system/sharding/sharded-daemon-process-eventSourcedProjection-passivation-race-entity-passivation-race-consumer-a#-674584668])
08:05:27.722 DEBUG akka.actor.CoordinatedShutdown - Performing task [wait-singleton-exiting] in CoordinatedShutdown phase [cluster-exiting]
08:05:27.722 DEBUG akka.actor.CoordinatedShutdown - Performing task [singleton-exiting-1] in CoordinatedShutdown phase [cluster-exiting]
08:05:27.722 DEBUG akka.actor.CoordinatedShutdown - Performing task [singleton-exiting-1] in CoordinatedShutdown phase [cluster-exiting]
08:05:27.722 DEBUG akka.actor.CoordinatedShutdown - Performing task [singleton-exiting-2] in CoordinatedShutdown phase [cluster-exiting]
08:05:27.723 INFO  a.c.s.ClusterSingletonManager - Oldest observed OldestChanged: [akka://akka-runtime@127.0.0.1:62990 -> None]
08:05:27.723 DEBUG akka.actor.CoordinatedShutdown - Performing task [singleton-exiting-2] in CoordinatedShutdown phase [cluster-exiting]
08:05:27.723 DEBUG a.c.sharding.DDataShardCoordinator - sharded-daemon-process-eventSourcedProjection-passivation-race-entity-passivation-race-consumer-a: ShardRegion stopped: [Actor[akka://akka-runtime/system/sharding/sharded-daemon-process-eventSourcedProjection-passivation-race-entity-passivation-race-consumer-a#-674584668]]
08:05:27.723 DEBUG akka.actor.CoordinatedShutdown - Performing task [wait-singleton-exiting] in CoordinatedShutdown phase [cluster-exiting]
08:05:27.723 DEBUG akka.actor.CoordinatedShutdown - Performing task [singleton-exiting-2] in CoordinatedShutdown phase [cluster-exiting]
08:05:27.723 DEBUG a.c.sharding.DDataShardCoordinator - sharded-daemon-process-eventSourcedProjection-passivation-race-entity-passivation-race-view: The coordinator state was successfully updated with ShardRegionTerminated(Actor[akka://akka-runtime/system/sharding/sharded-daemon-process-eventSourcedProjection-passivation-race-entity-passivation-race-view#198404440])
08:05:27.723 DEBUG akka.actor.CoordinatedShutdown - Performing task [wait-singleton-exiting] in CoordinatedShutdown phase [cluster-exiting]
08:05:27.723 DEBUG akka.actor.CoordinatedShutdown - Performing task [singleton-exiting-2] in CoordinatedShutdown phase [cluster-exiting]
08:05:27.723 INFO  a.c.s.ClusterSingletonManager - ClusterSingletonManager state change [Oldest -> WasOldest]
08:05:27.723 DEBUG akka.actor.CoordinatedShutdown - Performing task [singleton-exiting-1] in CoordinatedShutdown phase [cluster-exiting]
08:05:27.723 DEBUG a.c.sharding.DDataShardCoordinator - sharded-daemon-process-eventSourcedProjection-passivation-race-entity-passivation-race-view: ShardRegion stopped: [Actor[akka://akka-runtime/system/sharding/sharded-daemon-process-eventSourcedProjection-passivation-race-entity-passivation-race-view#198404440]]
08:05:27.723 INFO  a.c.s.ClusterSingletonManager - Exited [akka://akka-runtime@127.0.0.1:62990].
08:05:27.723 INFO  a.c.s.ClusterSingletonManager - Exited [akka://akka-runtime@127.0.0.1:62990].
08:05:27.723 INFO  a.c.s.ClusterSingletonManager - Exited [akka://akka-runtime@127.0.0.1:62990].
08:05:27.723 INFO  a.c.s.ClusterSingletonManager - Exited [akka://akka-runtime@127.0.0.1:62990].
08:05:27.723 INFO  a.c.s.ClusterSingletonManager - Exited [akka://akka-runtime@127.0.0.1:62990].
08:05:27.723 INFO  a.c.s.ClusterSingletonManager - Oldest observed OldestChanged: [akka://akka-runtime@127.0.0.1:62990 -> None]
08:05:27.723 INFO  a.c.s.ClusterSingletonManager - Oldest observed OldestChanged: [akka://akka-runtime@127.0.0.1:62990 -> None]
08:05:27.723 INFO  a.c.s.ClusterSingletonManager - Oldest observed OldestChanged: [akka://akka-runtime@127.0.0.1:62990 -> None]
08:05:27.723 INFO  a.c.s.ClusterSingletonManager - ClusterSingletonManager state change [Oldest -> WasOldest]
08:05:27.723 INFO  a.c.s.ClusterSingletonManager - ClusterSingletonManager state change [Oldest -> WasOldest]
08:05:27.723 INFO  a.c.s.ClusterSingletonManager - ClusterSingletonManager state change [Oldest -> WasOldest]
08:05:27.723 INFO  a.c.s.ClusterSingletonManager - Exited [akka://akka-runtime@127.0.0.1:62990].
08:05:27.723 INFO  a.c.s.ClusterSingletonManager - Exited [akka://akka-runtime@127.0.0.1:62990].
08:05:27.723 INFO  a.c.s.ClusterSingletonManager - Exited [akka://akka-runtime@127.0.0.1:62990].
08:05:27.723 INFO  a.c.s.ClusterSingletonManager - Oldest observed OldestChanged: [akka://akka-runtime@127.0.0.1:62990 -> None]
08:05:27.723 INFO  a.c.s.ClusterSingletonManager - Exited [akka://akka-runtime@127.0.0.1:62990].
08:05:27.723 INFO  a.c.s.ClusterSingletonManager - Oldest observed OldestChanged: [akka://akka-runtime@127.0.0.1:62990 -> None]
08:05:27.723 INFO  a.c.s.ClusterSingletonManager - ClusterSingletonManager state change [Oldest -> WasOldest]
08:05:27.723 INFO  a.c.s.ClusterSingletonManager - Oldest observed OldestChanged: [akka://akka-runtime@127.0.0.1:62990 -> None]
08:05:27.723 INFO  a.c.s.ClusterSingletonManager - ClusterSingletonManager state change [Oldest -> WasOldest]
08:05:27.723 INFO  a.c.s.ClusterSingletonManager - ClusterSingletonManager state change [Oldest -> WasOldest]
08:05:27.723 INFO  a.c.s.ClusterSingletonManager - Oldest observed OldestChanged: [akka://akka-runtime@127.0.0.1:62990 -> None]
08:05:27.723 INFO  a.c.s.ClusterSingletonManager - Oldest observed OldestChanged: [akka://akka-runtime@127.0.0.1:62990 -> None]
08:05:27.723 INFO  a.c.s.ClusterSingletonManager - ClusterSingletonManager state change [Oldest -> WasOldest]
08:05:27.723 INFO  a.c.s.ClusterSingletonManager - ClusterSingletonManager state change [Oldest -> WasOldest]
08:05:28.361 DEBUG a.c.singleton.ClusterSingletonProxy - Creating singleton identification timer...
08:05:28.361 DEBUG a.c.singleton.ClusterSingletonProxy - Creating singleton identification timer...
08:05:28.361 DEBUG a.c.singleton.ClusterSingletonProxy - Creating singleton identification timer...
08:05:28.361 DEBUG a.c.singleton.ClusterSingletonProxy - Creating singleton identification timer...
08:05:28.742 INFO  a.c.s.ClusterSingletonManager - Singleton manager stopping singleton actor [akka://akka-runtime/system/singletonManagerShardedDaemonProcessCoordinator-eventSourcedProjection-passivation-race-entity-passivation-race-view/ShardedDaemonProcessCoordinator-eventSourcedProjection-passivation-race-entity-passivation-race-view]
08:05:28.742 INFO  a.c.s.ClusterSingletonManager - Singleton manager stopping singleton actor [akka://akka-runtime/system/sharding/sharded-daemon-process-eventSourcedProjection-passivation-race-entity-passivation-race-consumer-aCoordinator/singleton]
08:05:28.742 INFO  a.c.s.ClusterSingletonManager - Singleton manager stopping singleton actor [akka://akka-runtime/system/sharding/sharded-daemon-process-eventSourcedProjection-passivation-race-entity-passivation-race-viewCoordinator/singleton]
08:05:28.742 INFO  a.c.s.ClusterSingletonManager - Singleton manager stopping singleton actor [akka://akka-runtime/system/sharding/_timerCoordinator/singleton]
08:05:28.742 INFO  a.c.s.ClusterSingletonManager - Singleton manager stopping singleton actor [akka://akka-runtime/system/singletonManagerShardedDaemonProcessCoordinator-eventSourcedProjection-passivation-race-entity-passivation-race-consumer-a/ShardedDaemonProcessCoordinator-eventSourcedProjection-passivation-race-entity-passivation-race-consumer-a]
08:05:28.742 INFO  a.c.s.ClusterSingletonManager - Singleton manager stopping singleton actor [akka://akka-runtime/system/singletonManagerschemaSingleton/schemaSingleton]
08:05:28.742 INFO  a.c.s.ClusterSingletonManager - ClusterSingletonManager state change [WasOldest -> Stopping]
08:05:28.742 INFO  a.c.s.ClusterSingletonManager - ClusterSingletonManager state change [WasOldest -> Stopping]
08:05:28.742 INFO  a.c.s.ClusterSingletonManager - ClusterSingletonManager state change [WasOldest -> Stopping]
08:05:28.742 INFO  a.c.s.ClusterSingletonManager - ClusterSingletonManager state change [WasOldest -> Stopping]
08:05:28.742 INFO  a.c.s.ClusterSingletonManager - ClusterSingletonManager state change [WasOldest -> Stopping]
08:05:28.742 INFO  a.c.s.ClusterSingletonManager - ClusterSingletonManager state change [WasOldest -> Stopping]
08:05:28.742 DEBUG a.c.sharding.DDataShardCoordinator - sharded-daemon-process-eventSourcedProjection-passivation-race-entity-passivation-race-consumer-a: Received termination message.
08:05:28.742 DEBUG a.c.sharding.DDataShardCoordinator - _timer: Received termination message.
08:05:28.742 INFO  a.c.s.ClusterSingletonManager - Singleton actor [akka://akka-runtime/system/singletonManagerschemaSingleton/schemaSingleton] was terminated
08:05:28.742 INFO  a.c.s.ClusterSingletonManager - Singleton actor [akka://akka-runtime/system/singletonManagerShardedDaemonProcessCoordinator-eventSourcedProjection-passivation-race-entity-passivation-race-consumer-a/ShardedDaemonProcessCoordinator-eventSourcedProjection-passivation-race-entity-passivation-race-consumer-a] was terminated
08:05:28.742 INFO  a.c.s.ClusterSingletonManager - Singleton actor [akka://akka-runtime/system/singletonManagerShardedDaemonProcessCoordinator-eventSourcedProjection-passivation-race-entity-passivation-race-view/ShardedDaemonProcessCoordinator-eventSourcedProjection-passivation-race-entity-passivation-race-view] was terminated
08:05:28.742 INFO  a.c.s.ClusterSingletonManager - Singleton manager stopping singleton actor [akka://akka-runtime/system/sharding/passivation-race-entityCoordinator/singleton]
08:05:28.742 INFO  a.c.s.ClusterSingletonManager - Singleton manager stopping singleton actor [akka://akka-runtime/system/singletonManagerShardedDaemonProcessCoordinator-eventSourcedProjection-passivation-race-entity-passivation-race-consumer-b/ShardedDaemonProcessCoordinator-eventSourcedProjection-passivation-race-entity-passivation-race-consumer-b]
08:05:28.742 INFO  a.c.s.ClusterSingletonManager - ClusterSingletonManager state change [WasOldest -> Stopping]
08:05:28.742 INFO  a.c.s.ClusterSingletonManager - ClusterSingletonManager state change [WasOldest -> Stopping]
08:05:28.742 DEBUG a.c.sharding.DDataShardCoordinator - passivation-race-entity: Received termination message.
08:05:28.742 INFO  a.c.s.ClusterSingletonManager - Singleton actor [akka://akka-runtime/system/sharding/sharded-daemon-process-eventSourcedProjection-passivation-race-entity-passivation-race-consumer-aCoordinator/singleton] was terminated
08:05:28.742 DEBUG a.c.sharding.DDataShardCoordinator - sharded-daemon-process-eventSourcedProjection-passivation-race-entity-passivation-race-view: Received termination message.
08:05:28.743 INFO  a.c.s.ClusterSingletonManager - Singleton actor [akka://akka-runtime/system/singletonManagerShardedDaemonProcessCoordinator-eventSourcedProjection-passivation-race-entity-passivation-race-consumer-b/ShardedDaemonProcessCoordinator-eventSourcedProjection-passivation-race-entity-passivation-race-consumer-b] was terminated
08:05:28.743 INFO  a.c.s.ClusterSingletonManager - Singleton actor [akka://akka-runtime/system/sharding/sharded-daemon-process-eventSourcedProjection-passivation-race-entity-passivation-race-viewCoordinator/singleton] was terminated
08:05:28.743 INFO  a.c.s.ClusterSingletonManager - Singleton manager stopping singleton actor [akka://akka-runtime/system/sharding/sharded-daemon-process-eventSourcedProjection-passivation-race-entity-passivation-race-consumer-bCoordinator/singleton]
08:05:28.743 INFO  a.c.s.ClusterSingletonManager - ClusterSingletonManager state change [WasOldest -> Stopping]
08:05:28.743 INFO  a.c.s.ClusterSingletonManager - Singleton actor [akka://akka-runtime/system/sharding/_timerCoordinator/singleton] was terminated
08:05:28.743 INFO  a.c.s.ClusterSingletonManager - Singleton actor [akka://akka-runtime/system/sharding/passivation-race-entityCoordinator/singleton] was terminated
08:05:28.743 DEBUG a.c.sharding.DDataShardCoordinator - sharded-daemon-process-eventSourcedProjection-passivation-race-entity-passivation-race-consumer-b: Received termination message.
08:05:28.743 INFO  a.c.s.ClusterSingletonManager - Singleton actor [akka://akka-runtime/system/sharding/sharded-daemon-process-eventSourcedProjection-passivation-race-entity-passivation-race-consumer-bCoordinator/singleton] was terminated
08:05:28.743 DEBUG akka.actor.CoordinatedShutdown - Performing phase [cluster-exiting-done] with [1] tasks.
08:05:28.743 DEBUG akka.actor.CoordinatedShutdown - Performing task [exiting-completed] in CoordinatedShutdown phase [cluster-exiting-done]
08:05:28.743 DEBUG akka.actor.CoordinatedShutdown - Performing phase [cluster-shutdown] with [1] tasks.
08:05:28.743 DEBUG akka.actor.CoordinatedShutdown - Performing task [wait-shutdown] in CoordinatedShutdown phase [cluster-shutdown]
08:05:28.744 DEBUG akka.actor.CoordinatedShutdown - Performing phase [before-actor-system-terminate] with [2] tasks.
08:05:28.744 DEBUG akka.actor.CoordinatedShutdown - Performing task [close connection pools] in CoordinatedShutdown phase [before-actor-system-terminate]
08:05:28.744 DEBUG akka.actor.CoordinatedShutdown - Performing task [close-grpc-channels] in CoordinatedShutdown phase [before-actor-system-terminate]
08:05:28.744 DEBUG akka.actor.CoordinatedShutdown - Performing phase [actor-system-terminate] with [1] tasks.
08:05:28.744 DEBUG akka.actor.CoordinatedShutdown - Performing task [terminate-system] in CoordinatedShutdown phase [actor-system-terminate]
=== BootstrapWorkTimingTest [burst from onStartup()]: 15 cycles ===
start() ms per cycle: [1819, 253, 231, 213, 216, 214, 209, 191, 187, 197, 194, 187, 192, 171, 186]  sum=4660 min=171 max=1819 mean=310
stop() ms per cycle: [10017, 2276, 2257, 1275, 2276, 2266, 2267, 2266, 2257, 2257, 2258, 2267, 2268, 2267, 2266]  sum=40740 min=1275 max=10017 mean=2716
[INFO] Tests run: 1, Failures: 0, Errors: 0, Skipped: 0, Time elapsed: 45.542 s - in repro.BootstrapWorkTimingTest
[INFO] 
[INFO] Results:
[INFO] 
[INFO] Tests run: 1, Failures: 0, Errors: 0, Skipped: 0
[INFO] 
[INFO] ------------------------------------------------------------------------
[INFO] BUILD SUCCESS
[INFO] ------------------------------------------------------------------------
[INFO] Total time:  47.935 s
[INFO] Finished at: 2026-09-23T08:05:29+10:00
[INFO] ------------------------------------------------------------------------
